dataset,model,eval_unit,fold,fold_subject,test_subject,validation_subject,row_in_fold,source_window_index,original_window_index,y_true_id,y_pred_id,y_true_raw,y_pred_raw,y_true_label,y_pred_label,correct,proba_0,proba_1,proba_2,proba_3,proba_4,proba_5,proba_6,proba_7,proba_8,proba_9,proba_10,proba_11,confidence
pamap2,gnn_lstm,sequence,1,101,101,102,0,9,9,0,10,1,17,lying,ironing,False,0.000707647,0.012200325,0.0127188815,0.00026225863,0.0016864272,0.004156182,0.00037990106,0.0031295158,0.0029783042,0.021358553,0.9397878,0.00063417404,0.9397878
pamap2,gnn_lstm,sequence,1,101,101,102,1,10,10,0,10,1,17,lying,ironing,False,0.00038511748,0.0049674134,0.004317659,0.00021496246,0.0013036958,0.0029029567,0.00024506656,0.0027191131,0.0019730441,0.01610307,0.964517,0.00035088093,0.964517
pamap2,gnn_lstm,sequence,1,101,101,102,2,11,11,0,10,1,17,lying,ironing,False,0.00037158935,0.0035312974,0.002331132,0.00026862553,0.0014959201,0.003535398,0.00020725233,0.0031899845,0.002039432,0.018073944,0.96462405,0.0003314158,0.96462405
pamap2,gnn_lstm,sequence,1,101,101,102,3,12,12,0,10,1,17,lying,ironing,False,0.0004254448,0.0027054655,0.0014191003,0.00035898466,0.0017924763,0.005168852,0.0001783621,0.0040088347,0.002100426,0.025039095,0.95649165,0.0003111969,0.95649165
pamap2,gnn_lstm,sequence,1,101,101,102,4,13,13,0,10,1,17,lying,ironing,False,0.0029708555,0.0079929,0.0015593509,0.0018851849,0.005457375,0.036221754,0.00018827908,0.01267386,0.003941643,0.20090558,0.7253734,0.0008298474,0.7253734
pamap2,gnn_lstm,sequence,1,101,101,102,5,14,14,0,9,1,16,lying,vacuum_cleaning,False,0.032178357,0.026806775,0.001374742,0.0024187616,0.005779165,0.037139893,0.00018087772,0.015309182,0.0014511504,0.7156054,0.16071421,0.0010415148,0.7156054
pamap2,gnn_lstm,sequence,1,101,101,102,6,15,15,0,9,1,16,lying,vacuum_cleaning,False,0.22061266,0.058424994,0.00091394805,0.0020666416,0.0056363465,0.024950976,0.00020781493,0.015361797,0.0006387127,0.6468207,0.02305722,0.0013081142,0.6468207
pamap2,gnn_lstm,sequence,1,101,101,102,7,16,16,0,0,1,1,lying,lying,True,0.69747573,0.059860386,0.00037440212,0.0009217085,0.006142078,0.011901586,0.00023785254,0.015237806,0.00026643302,0.20282796,0.0036657315,0.0010883673,0.69747573
pamap2,gnn_lstm,sequence,1,101,101,102,8,17,17,0,0,1,1,lying,lying,True,0.94088614,0.024192022,8.633792e-05,0.00012138221,0.0027251819,0.0020334586,0.00013471067,0.0058795093,4.6746114e-05,0.023199875,0.00034872946,0.00034580354,0.94088614
pamap2,gnn_lstm,sequence,1,101,101,102,9,18,18,0,0,1,1,lying,lying,True,0.9870854,0.008961713,2.374741e-05,7.822392e-06,0.00055108115,0.00020116652,5.174382e-05,0.0009685538,4.8542734e-06,0.0020502214,2.6801774e-05,6.703815e-05,0.9870854
pamap2,gnn_lstm,sequence,1,101,101,102,10,19,19,0,0,1,1,lying,lying,True,0.9951383,0.004352349,1.1730083e-05,4.4567383e-07,8.020263e-05,2.4246287e-05,2.3104152e-05,9.809309e-05,5.308451e-07,0.00025515436,3.3083759e-06,1.2475147e-05,0.9951383
pamap2,gnn_lstm,sequence,1,101,101,102,11,20,20,0,0,1,1,lying,lying,True,0.99729615,0.0025959737,9.137327e-06,4.2112845e-08,1.544425e-05,4.8131046e-06,1.4086793e-05,1.2403e-05,9.8597276e-08,4.7429174e-05,7.786372e-07,3.6340714e-06,0.99729615
pamap2,gnn_lstm,sequence,1,101,101,102,12,21,21,0,0,1,1,lying,lying,True,0.9989085,0.001042645,7.174801e-06,7.2371473e-09,4.5505976e-06,1.6482948e-06,1.1750854e-05,4.097493e-06,3.670395e-08,1.7794455e-05,3.2031483e-07,1.4658433e-06,0.9989085
pamap2,gnn_lstm,sequence,1,101,101,102,13,22,22,0,0,1,1,lying,lying,True,0.99940073,0.00056349376,6.896331e-06,3.2178433e-09,2.718148e-06,8.6264123e-07,1.1601517e-05,2.6293335e-06,2.6791959e-08,9.733949e-06,2.9131488e-07,1.0096096e-06,0.99940073
pamap2,gnn_lstm,sequence,1,101,101,102,14,23,23,0,0,1,1,lying,lying,True,0.99960583,0.00036505557,5.560702e-06,1.7043598e-09,1.9824042e-06,5.33569e-07,1.2165606e-05,1.8284861e-06,1.8406613e-08,6.0535117e-06,2.507221e-07,7.3466913e-07,0.99960583
pamap2,gnn_lstm,sequence,1,101,101,102,15,24,24,0,0,1,1,lying,lying,True,0.9996915,0.00027973394,4.798747e-06,1.4025697e-09,1.8945098e-06,4.5445037e-07,1.4108042e-05,1.6991105e-06,1.6623279e-08,4.9017585e-06,2.4364957e-07,6.740378e-07,0.9996915
pamap2,gnn_lstm,sequence,1,101,101,102,16,25,25,0,0,1,1,lying,lying,True,0.9996729,0.00029647787,5.7044954e-06,1.5080599e-09,1.9657025e-06,4.4932705e-07,1.4923838e-05,1.614479e-06,1.7751987e-08,4.9662717e-06,3.0442914e-07,7.281573e-07,0.9996729
pamap2,gnn_lstm,sequence,1,101,101,102,17,26,26,0,0,1,1,lying,lying,True,0.9996247,0.00034222734,7.034616e-06,1.7424492e-09,2.1194348e-06,4.6548968e-07,1.5341777e-05,1.5691561e-06,1.9869368e-08,5.308903e-06,3.9104853e-07,8.076552e-07,0.9996247
pamap2,gnn_lstm,sequence,1,101,101,102,18,27,27,0,0,1,1,lying,lying,True,0.9995845,0.00038170177,7.681659e-06,1.9151045e-09,2.217694e-06,4.7758346e-07,1.5079066e-05,1.5400769e-06,2.0510997e-08,5.49642e-06,4.3309024e-07,8.456399e-07,0.9995845
pamap2,gnn_lstm,sequence,1,101,101,102,19,28,28,0,0,1,1,lying,lying,True,0.9995509,0.0004149662,8.160255e-06,2.0289912e-09,2.267692e-06,4.860219e-07,1.4731792e-05,1.5016e-06,2.0614555e-08,5.6225726e-06,4.5392434e-07,8.6498216e-07,0.9995509
pamap2,gnn_lstm,sequence,1,101,101,102,20,29,29,0,0,1,1,lying,lying,True,0.99954456,0.00042275735,8.038197e-06,1.956131e-09,2.1945305e-06,4.6610307e-07,1.3863828e-05,1.4068453e-06,1.9252909e-08,5.4564507e-06,4.4220837e-07,8.31001e-07,0.99954456
pamap2,gnn_lstm,sequence,1,101,101,102,21,30,30,0,0,1,1,lying,lying,True,0.99948394,0.0004810958,8.485701e-06,2.356177e-09,2.475686e-06,5.0872654e-07,1.4492554e-05,1.5349091e-06,2.1279963e-08,5.975272e-06,4.95475e-07,9.143805e-07,0.99948394
pamap2,gnn_lstm,sequence,1,101,101,102,22,31,31,0,0,1,1,lying,lying,True,0.99902105,0.00093396165,1.2569386e-05,4.5033777e-09,3.4533189e-06,7.076185e-07,1.5398631e-05,1.8443399e-06,2.9483568e-08,9.013614e-06,7.5780105e-07,1.3074798e-06,0.99902105
pamap2,gnn_lstm,sequence,1,101,101,102,23,32,32,0,0,1,1,lying,lying,True,0.9980014,0.0019389214,1.8923382e-05,7.519196e-09,4.206088e-06,9.40949e-07,1.764792e-05,1.9351573e-06,3.7313303e-08,1.3311774e-05,1.0772056e-06,1.7728001e-06,0.9980014
pamap2,gnn_lstm,sequence,1,101,101,102,24,33,33,0,0,1,1,lying,lying,True,0.9974408,0.00249536,2.0661095e-05,8.351988e-09,4.2683896e-06,9.839013e-07,1.8397206e-05,1.8428279e-06,3.74201e-08,1.4675899e-05,1.1767393e-06,1.8738504e-06,0.9974408
pamap2,gnn_lstm,sequence,1,101,101,102,25,34,34,0,0,1,1,lying,lying,True,0.9956418,0.004273451,2.693379e-05,1.377403e-08,5.223834e-06,1.308649e-06,2.384914e-05,2.2098989e-06,5.0823623e-08,2.09799e-05,1.6381498e-06,2.5782454e-06,0.9956418
pamap2,gnn_lstm,sequence,1,101,101,102,26,35,35,0,0,1,1,lying,lying,True,0.99128,0.008592519,3.9601066e-05,2.7867967e-08,7.092547e-06,1.9659974e-06,3.43856e-05,2.9959308e-06,8.1427814e-08,3.454913e-05,2.6423315e-06,4.090369e-06,0.99128
pamap2,gnn_lstm,sequence,1,101,101,102,27,36,36,0,0,1,1,lying,lying,True,0.98190063,0.017901165,6.12939e-05,5.931429e-08,9.817296e-06,3.03081e-06,4.9787497e-05,4.1855938e-06,1.3618181e-07,5.870878e-05,4.455448e-06,6.7033366e-06,0.98190063
pamap2,gnn_lstm,sequence,1,101,101,102,28,37,37,0,0,1,1,lying,lying,True,0.948173,0.051446315,0.0001235354,1.7972792e-07,1.5632393e-05,5.6443932e-06,7.884204e-05,6.77406e-06,2.9061647e-07,0.00012610738,9.886183e-06,1.3748806e-05,0.948173
pamap2,gnn_lstm,sequence,1,101,101,102,29,38,38,0,0,1,1,lying,lying,True,0.7570922,0.24191101,0.00036966105,8.75936e-07,2.9762972e-05,1.3495744e-05,0.00012794725,1.3259601e-05,8.897572e-07,0.00036828572,3.4119283e-05,3.8412778e-05,0.7570922
pamap2,gnn_lstm,sequence,1,101,101,102,30,39,39,0,1,1,2,lying,sitting,False,0.26185352,0.73639387,0.0007538429,2.7119092e-06,3.388282e-05,1.877282e-05,0.00012384297,1.7175007e-05,1.9645652e-06,0.0006514454,7.8784426e-05,7.021815e-05,0.73639387
pamap2,gnn_lstm,sequence,1,101,101,102,31,40,40,0,1,1,2,lying,sitting,False,0.109914996,0.8884969,0.0006966294,3.3321724e-06,2.6053962e-05,1.550971e-05,8.923877e-05,1.381292e-05,2.020982e-06,0.000594092,8.072453e-05,6.6700864e-05,0.8884969
pamap2,gnn_lstm,sequence,1,101,101,102,32,41,41,0,1,1,2,lying,sitting,False,0.057056885,0.9415907,0.00058818585,3.590575e-06,2.0583722e-05,1.2683512e-05,6.7559944e-05,1.0994528e-05,1.8851135e-06,0.00051224773,7.467813e-05,5.9964033e-05,0.9415907
pamap2,gnn_lstm,sequence,1,101,101,102,33,42,42,0,1,1,2,lying,sitting,False,0.05480309,0.94387037,0.0005711935,3.622654e-06,2.0281801e-05,1.25511715e-05,6.609857e-05,1.0791736e-05,1.8606788e-06,0.0005068434,7.3842086e-05,5.9352118e-05,0.94387037
pamap2,gnn_lstm,sequence,1,101,101,102,34,43,43,0,1,1,2,lying,sitting,False,0.04792217,0.9507864,0.00055950455,3.6687745e-06,1.930494e-05,1.201844e-05,6.1979634e-05,1.0344963e-05,1.8449833e-06,0.0004915397,7.317473e-05,5.7995214e-05,0.9507864
pamap2,gnn_lstm,sequence,1,101,101,102,35,44,44,0,1,1,2,lying,sitting,False,0.042190015,0.9565508,0.00054845156,3.7176187e-06,1.8442437e-05,1.1547224e-05,5.8404446e-05,9.949858e-06,1.8328144e-06,0.00047753385,7.254603e-05,5.679403e-05,0.9565508
pamap2,gnn_lstm,sequence,1,101,101,102,36,45,45,0,1,1,2,lying,sitting,False,0.03817062,0.9605954,0.0005394357,3.755456e-06,1.7790966e-05,1.1187519e-05,5.576821e-05,9.64762e-06,1.8226132e-06,0.0004665903,7.199331e-05,5.5859335e-05,0.9605954
pamap2,gnn_lstm,sequence,1,101,101,102,37,46,46,0,1,1,2,lying,sitting,False,0.033578385,0.9652165,0.000529767,3.810401e-06,1.7003871e-05,1.0760596e-05,5.266381e-05,9.296725e-06,1.8158264e-06,0.00045365738,7.1403985e-05,5.4789485e-05,0.9652165
pamap2,gnn_lstm,sequence,1,101,101,102,38,47,47,0,1,1,2,lying,sitting,False,0.028986419,0.9698467,0.00051532564,3.855766e-06,1.6097962e-05,1.0248962e-05,4.9297305e-05,8.862863e-06,1.7959266e-06,0.00043761925,7.03069e-05,5.337599e-05,0.9698467
pamap2,gnn_lstm,sequence,1,101,101,102,39,48,48,0,1,1,2,lying,sitting,False,0.025217304,0.97365147,0.00050169823,3.894367e-06,1.5280268e-05,9.779026e-06,4.631466e-05,8.469477e-06,1.7766334e-06,0.0004226889,6.926176e-05,5.203813e-05,0.97365147
pamap2,gnn_lstm,sequence,1,101,101,102,40,49,49,0,1,1,2,lying,sitting,False,0.023713203,0.97517073,0.0004953739,3.916816e-06,1.49265e-05,9.585612e-06,4.511257e-05,8.335792e-06,1.7755696e-06,0.00041685303,6.869117e-05,5.1445255e-05,0.97517073
pamap2,gnn_lstm,sequence,1,101,101,102,41,50,50,0,1,1,2,lying,sitting,False,0.021897241,0.97700614,0.00048787775,3.93804e-06,1.4456498e-05,9.327917e-06,4.351933e-05,8.153717e-06,1.7721214e-06,0.00040908682,6.7924426e-05,5.0625244e-05,0.97700614
pamap2,gnn_lstm,sequence,1,101,101,102,42,51,51,0,1,1,2,lying,sitting,False,0.020607393,0.97831035,0.0004821367,3.9592933e-06,1.4120452e-05,9.142239e-06,4.236275e-05,8.025329e-06,1.7710988e-06,0.00040337924,6.7367866e-05,5.0039107e-05,0.97831035
pamap2,gnn_lstm,sequence,1,101,101,102,43,52,52,0,1,1,2,lying,sitting,False,0.019052116,0.97987944,0.00047772296,3.9926704e-06,1.3711023e-05,8.926308e-06,4.100861e-05,7.885324e-06,1.7782979e-06,0.00039705104,6.690537e-05,4.943376e-05,0.97987944
pamap2,gnn_lstm,sequence,1,101,101,102,44,53,53,0,1,1,2,lying,sitting,False,0.018323774,0.9806153,0.00047574344,3.994015e-06,1.3475136e-05,8.799567e-06,4.0330124e-05,7.794588e-06,1.7773639e-06,0.0003935277,6.659219e-05,4.905225e-05,0.9806153
pamap2,gnn_lstm,sequence,1,101,101,102,45,54,54,0,1,1,2,lying,sitting,False,0.017378528,0.9815709,0.00047205304,4.00622e-06,1.3189401e-05,8.646852e-06,3.954393e-05,7.682561e-06,1.7783427e-06,0.0003889694,6.613173e-05,4.8608246e-05,0.9815709
pamap2,gnn_lstm,sequence,1,101,101,102,46,55,55,0,1,1,2,lying,sitting,False,0.016380027,0.9825805,0.00046704002,4.048267e-06,1.2942945e-05,8.5179345e-06,3.8773313e-05,7.595736e-06,1.7870473e-06,0.00038465398,6.570431e-05,4.8273592e-05,0.9825805
pamap2,gnn_lstm,sequence,1,101,101,102,47,56,56,0,1,1,2,lying,sitting,False,0.015532784,0.98343617,0.00046470715,4.0695213e-06,1.268879e-05,8.384946e-06,3.7969545e-05,7.5073985e-06,1.7932456e-06,0.00038067644,6.5419306e-05,4.79081e-05,0.98343617
pamap2,gnn_lstm,sequence,1,101,101,102,48,57,57,0,1,1,2,lying,sitting,False,0.016260242,0.9826979,0.00046917915,4.049106e-06,1.2903866e-05,8.507034e-06,3.875288e-05,7.596462e-06,1.7937409e-06,0.00038486542,6.5856395e-05,4.832137e-05,0.9826979
pamap2,gnn_lstm,sequence,1,101,101,102,49,58,58,0,1,1,2,lying,sitting,False,0.016789012,0.9821676,0.0004678564,4.03656e-06,1.3062923e-05,8.583017e-06,3.928016e-05,7.639151e-06,1.7850923e-06,0.00038684474,6.582801e-05,4.848903e-05,0.9821676
pamap2,gnn_lstm,sequence,1,101,101,102,50,59,59,0,1,1,2,lying,sitting,False,0.016452089,0.98251295,0.00046325696,4.0382724e-06,1.2949512e-05,8.510464e-06,3.885522e-05,7.5781963e-06,1.7766914e-06,0.0003842299,6.541184e-05,4.81793e-05,0.98251295
pamap2,gnn_lstm,sequence,1,101,101,102,51,60,60,0,1,1,2,lying,sitting,False,0.01649115,0.9824775,0.00046109688,4.0243244e-06,1.29275e-05,8.490231e-06,3.8785813e-05,7.5538533e-06,1.7667702e-06,0.00038354992,6.5191016e-05,4.8032594e-05,0.9824775
pamap2,gnn_lstm,sequence,1,101,101,102,52,61,61,0,1,1,2,lying,sitting,False,0.016227998,0.9827471,0.00045767034,4.0290774e-06,1.2836501e-05,8.435042e-06,3.8437756e-05,7.5092175e-06,1.7610349e-06,0.00038164825,6.48763e-05,4.7795333e-05,0.9827471
pamap2,gnn_lstm,sequence,1,101,101,102,53,62,62,0,1,1,2,lying,sitting,False,0.015021667,0.9839723,0.0004496849,4.051667e-06,1.2443361e-05,8.212662e-06,3.7124682e-05,7.3430606e-06,1.7552746e-06,0.0003743897,6.402628e-05,4.7025285e-05,0.9839723
pamap2,gnn_lstm,sequence,1,101,101,102,54,63,63,0,1,1,2,lying,sitting,False,0.013859043,0.98515654,0.00044025175,4.0651876e-06,1.203117e-05,7.971039e-06,3.57795e-05,7.1555855e-06,1.7436794e-06,0.0003663209,6.3007996e-05,4.6145004e-05,0.98515654
pamap2,gnn_lstm,sequence,1,101,101,102,55,64,64,0,1,1,2,lying,sitting,False,0.013023163,0.9860065,0.000434473,4.079519e-06,1.1734685e-05,7.801719e-06,3.4837933e-05,7.028974e-06,1.740223e-06,0.00036071104,6.2373496e-05,4.556611e-05,0.9860065
pamap2,gnn_lstm,sequence,1,101,101,102,56,65,65,0,1,1,2,lying,sitting,False,0.012291502,0.986749,0.00043055238,4.1014787e-06,1.1478685e-05,7.659532e-06,3.3938326e-05,6.9281105e-06,1.7416779e-06,0.00035603152,6.194499e-05,4.5091947e-05,0.986749
pamap2,gnn_lstm,sequence,1,101,101,102,57,66,66,0,1,1,2,lying,sitting,False,0.010915706,0.988144,0.00042460056,4.154179e-06,1.0978831e-05,7.3965894e-06,3.2217933e-05,6.7275464e-06,1.7497479e-06,0.0003468508,6.1281564e-05,4.4201464e-05,0.988144
pamap2,gnn_lstm,sequence,1,101,101,102,58,67,67,0,1,1,2,lying,sitting,False,0.009858936,0.98921496,0.00042129267,4.202858e-06,1.05670315e-05,7.1902314e-06,3.082015e-05,6.5619947e-06,1.7603222e-06,0.00033933885,6.0897684e-05,4.348365e-05,0.98921496
pamap2,gnn_lstm,sequence,1,101,101,102,59,68,68,0,1,1,2,lying,sitting,False,0.009874438,0.98919886,0.00042134768,4.204048e-06,1.057554e-05,7.1979634e-06,3.091771e-05,6.567642e-06,1.7617244e-06,0.00033966874,6.0908136e-05,4.3531407e-05,0.98919886
pamap2,gnn_lstm,sequence,1,101,101,102,60,69,69,0,1,1,2,lying,sitting,False,0.009563188,0.98951775,0.00041793997,4.2113875e-06,1.0439888e-05,7.1284344e-06,3.0590625e-05,6.496136e-06,1.7587247e-06,0.00033681848,6.0528335e-05,4.3256e-05,0.98951775
pamap2,gnn_lstm,sequence,1,101,101,102,61,70,70,0,1,1,2,lying,sitting,False,0.009142124,0.98994654,0.00041496853,4.231502e-06,1.02639115e-05,7.0387723e-06,3.004122e-05,6.416238e-06,1.7599516e-06,0.0003333571,6.0230366e-05,4.2917793e-05,0.98994654
pamap2,gnn_lstm,sequence,1,101,101,102,62,71,71,0,1,1,2,lying,sitting,False,0.008812801,0.990285,0.0004109007,4.2460606e-06,1.0117497e-05,6.9592456e-06,2.9511977e-05,6.339186e-06,1.7551251e-06,0.00033004116,5.9833816e-05,4.2557032e-05,0.990285
pamap2,gnn_lstm,sequence,1,101,101,102,63,72,72,0,1,1,2,lying,sitting,False,0.008710869,0.9903898,0.00040932494,4.2560255e-06,1.0076698e-05,6.9414164e-06,2.9328065e-05,6.3185316e-06,1.754203e-06,0.00032912492,5.970471e-05,4.2458803e-05,0.9903898
pamap2,gnn_lstm,sequence,1,101,101,102,64,73,73,0,1,1,2,lying,sitting,False,0.008884224,0.9902159,0.00040822822,4.2517936e-06,1.0153443e-05,6.982759e-06,2.9570321e-05,6.3454872e-06,1.7493663e-06,0.00033041995,5.9650287e-05,4.2568106e-05,0.9902159
pamap2,gnn_lstm,sequence,1,101,101,102,65,74,74,0,1,1,2,lying,sitting,False,0.008640136,0.99046516,0.00040617972,4.26561e-06,1.0042083e-05,6.9251223e-06,2.9191606e-05,6.297018e-06,1.7490976e-06,0.00032827503,5.9437167e-05,4.233491e-05,0.99046516
pamap2,gnn_lstm,sequence,1,101,101,102,66,75,75,0,1,1,2,lying,sitting,False,0.008324257,0.99078536,0.00040514866,4.2883285e-06,9.905297e-06,6.8608842e-06,2.8746512e-05,6.2455956e-06,1.7548132e-06,0.00032594998,5.930733e-05,4.2119893e-05,0.99078536
pamap2,gnn_lstm,sequence,1,101,101,102,67,76,76,0,1,1,2,lying,sitting,False,0.008100302,0.9910114,0.00040523164,4.303521e-06,9.802295e-06,6.814236e-06,2.8429988e-05,6.2098966e-06,1.7605379e-06,0.00032447095,5.9285343e-05,4.1981428e-05,0.9910114
pamap2,gnn_lstm,sequence,1,101,101,102,68,77,77,0,1,1,2,lying,sitting,False,0.00786369,0.99125063,0.0004050798,4.3237405e-06,9.697904e-06,6.764852e-06,2.806963e-05,6.1713677e-06,1.7666551e-06,0.0003227692,5.9268445e-05,4.1825144e-05,0.99125063
pamap2,gnn_lstm,sequence,1,101,101,102,69,78,78,0,1,1,2,lying,sitting,False,0.0077205636,0.9913953,0.0004049074,4.3447553e-06,9.646958e-06,6.739879e-06,2.7833588e-05,6.1546407e-06,1.7722086e-06,0.0003217464,5.9297225e-05,4.1745843e-05,0.9913953
pamap2,gnn_lstm,sequence,1,101,101,102,70,79,79,0,1,1,2,lying,sitting,False,0.007880752,0.99123186,0.0004064257,4.3222076e-06,9.705215e-06,6.763879e-06,2.8031702e-05,6.1772926e-06,1.7681624e-06,0.0003228893,5.9422626e-05,4.1828982e-05,0.99123186
pamap2,gnn_lstm,sequence,1,101,101,102,71,80,80,0,1,1,2,lying,sitting,False,0.007980196,0.9911308,0.00040649457,4.3319883e-06,9.776849e-06,6.8023887e-06,2.8214916e-05,6.2088675e-06,1.7705974e-06,0.0003239408,5.951354e-05,4.1976396e-05,0.9911308
pamap2,gnn_lstm,sequence,1,101,101,102,72,81,81,0,1,1,2,lying,sitting,False,0.00831904,0.99078685,0.00040778675,4.3050536e-06,9.9224435e-06,6.8744394e-06,2.8712035e-05,6.26724e-06,1.764428e-06,0.00032662478,5.9636604e-05,4.2223804e-05,0.99078685
pamap2,gnn_lstm,sequence,1,101,101,102,73,82,82,0,1,1,2,lying,sitting,False,0.008343122,0.99076325,0.00040738718,4.2988913e-06,9.929372e-06,6.876321e-06,2.8762433e-05,6.265961e-06,1.7622101e-06,0.0003266061,5.9578506e-05,4.222046e-05,0.99076325
pamap2,gnn_lstm,sequence,1,101,101,102,74,83,83,0,1,1,2,lying,sitting,False,0.008547701,0.9905579,0.00040733538,4.2550187e-06,9.971978e-06,6.8874365e-06,2.89816e-05,6.2671184e-06,1.748174e-06,0.00032731378,5.9466325e-05,4.2196094e-05,0.9905579
pamap2,gnn_lstm,sequence,1,101,101,102,75,84,84,0,1,1,2,lying,sitting,False,0.008741338,0.990361,0.00040812843,4.2436172e-06,1.00586985e-05,6.933652e-06,2.9299757e-05,6.3021894e-06,1.7466001e-06,0.0003289898,5.9569145e-05,4.236797e-05,0.990361
pamap2,gnn_lstm,sequence,1,101,101,102,76,85,85,0,1,1,2,lying,sitting,False,0.008628544,0.99047256,0.00040921877,4.2683273e-06,1.0040519e-05,6.9348557e-06,2.9220177e-05,6.309695e-06,1.7577961e-06,0.00032898103,5.9730824e-05,4.2436764e-05,0.99047256
pamap2,gnn_lstm,sequence,1,101,101,102,77,86,86,0,1,1,2,lying,sitting,False,0.008334903,0.9907699,0.0004083098,4.303326e-06,9.937045e-06,6.8860404e-06,2.8797018e-05,6.2745125e-06,1.766654e-06,0.0003269567,5.9672395e-05,4.228312e-05,0.9907699
pamap2,gnn_lstm,sequence,1,101,101,102,78,87,87,0,1,1,2,lying,sitting,False,0.008159501,0.9909474,0.0004085049,4.30592e-06,9.846672e-06,6.83811e-06,2.8498622e-05,6.237795e-06,1.7683801e-06,0.00032536066,5.9615788e-05,4.211795e-05,0.9909474
pamap2,gnn_lstm,sequence,1,101,101,102,79,88,88,0,1,1,2,lying,sitting,False,0.008131798,0.9909767,0.00040779507,4.3039367e-06,9.831686e-06,6.8267395e-06,2.846285e-05,6.225196e-06,1.7662984e-06,0.00032479054,5.9514387e-05,4.206388e-05,0.9909767
pamap2,gnn_lstm,sequence,1,101,101,102,80,89,89,0,1,1,2,lying,sitting,False,0.008059155,0.9910511,0.00040662312,4.321357e-06,9.820766e-06,6.8227214e-06,2.8374325e-05,6.2203576e-06,1.7689748e-06,0.00032424324,5.945798e-05,4.2044736e-05,0.9910511
pamap2,gnn_lstm,sequence,1,101,101,102,81,90,90,0,1,1,2,lying,sitting,False,0.008193206,0.99091583,0.00040690706,4.302847e-06,9.865721e-06,6.843072e-06,2.8503828e-05,6.234456e-06,1.7629992e-06,0.00032506682,5.9463247e-05,4.208529e-05,0.99091583
pamap2,gnn_lstm,sequence,1,101,101,102,82,91,91,0,1,1,2,lying,sitting,False,0.008209798,0.9909019,0.00040527302,4.285877e-06,9.848548e-06,6.8273375e-06,2.8464148e-05,6.210827e-06,1.7534103e-06,0.0003243952,5.9260936e-05,4.1962383e-05,0.9909019
pamap2,gnn_lstm,sequence,1,101,101,102,83,92,92,0,1,1,2,lying,sitting,False,0.0082282135,0.9908853,0.00040350208,4.293537e-06,9.87014e-06,6.837173e-06,2.8525194e-05,6.2136673e-06,1.7513889e-06,0.0003243545,5.9147354e-05,4.1971205e-05,0.9908853
pamap2,gnn_lstm,sequence,1,101,101,102,84,93,93,0,1,1,2,lying,sitting,False,0.008293851,0.9908202,0.00040258962,4.283064e-06,9.885846e-06,6.844363e-06,2.862016e-05,6.2147883e-06,1.746114e-06,0.0003246696,5.905881e-05,4.1966763e-05,0.9908202
pamap2,gnn_lstm,sequence,1,101,101,102,85,94,94,0,1,1,2,lying,sitting,False,0.008050421,0.99107003,0.00039999888,4.2852716e-06,9.751238e-06,6.7723586e-06,2.8256429e-05,6.149683e-06,1.7418618e-06,0.0003221698,5.874449e-05,4.1670224e-05,0.99107003
pamap2,gnn_lstm,sequence,1,101,101,102,86,95,95,0,1,1,2,lying,sitting,False,0.007573498,0.99155796,0.00039548284,4.323485e-06,9.533213e-06,6.659865e-06,2.7524617e-05,6.052252e-06,1.7435505e-06,0.00031776514,5.830441e-05,4.1220002e-05,0.99155796
pamap2,gnn_lstm,sequence,1,101,101,102,87,96,96,0,1,1,2,lying,sitting,False,0.007378662,0.9917568,0.00039398542,4.339762e-06,9.436916e-06,6.6125904e-06,2.7158276e-05,6.012598e-06,1.7443958e-06,0.00031603227,5.8158428e-05,4.102279e-05,0.9917568
pamap2,gnn_lstm,sequence,1,101,101,102,88,97,97,0,1,1,2,lying,sitting,False,0.0070719193,0.9920676,0.00039364237,4.3646055e-06,9.287622e-06,6.5406616e-06,2.661683e-05,5.955726e-06,1.7514915e-06,0.00031349986,5.8107344e-05,4.0772964e-05,0.9920676
pamap2,gnn_lstm,sequence,1,101,101,102,89,98,98,0,1,1,2,lying,sitting,False,0.00701251,0.99212766,0.000393844,4.3691844e-06,9.258283e-06,6.524224e-06,2.6479944e-05,5.9434788e-06,1.7529693e-06,0.00031289455,5.811956e-05,4.071202e-05,0.99212766
pamap2,gnn_lstm,sequence,1,101,101,102,90,99,99,0,1,1,2,lying,sitting,False,0.006922823,0.99221957,0.0003936103,4.359175e-06,9.194746e-06,6.4828314e-06,2.6284477e-05,5.9083445e-06,1.749601e-06,0.00031143284,5.8008707e-05,4.0543942e-05,0.99221957
pamap2,gnn_lstm,sequence,1,101,101,102,91,100,100,0,1,1,2,lying,sitting,False,0.0066725244,0.99247545,0.0003919413,4.3725504e-06,9.068303e-06,6.4136216e-06,2.5930247e-05,5.8468127e-06,1.7516818e-06,0.00030864152,5.7787645e-05,4.029506e-05,0.99247545
pamap2,gnn_lstm,sequence,1,101,101,102,92,101,101,0,1,1,2,lying,sitting,False,0.0067271087,0.99241567,0.00039434645,4.3895593e-06,9.130679e-06,6.4574106e-06,2.6164964e-05,5.892231e-06,1.7643227e-06,0.0003102945,5.8109217e-05,4.0553812e-05,0.99241567
pamap2,gnn_lstm,sequence,1,101,101,102,93,102,102,0,1,1,2,lying,sitting,False,0.006924074,0.99221206,0.00039694572,4.396957e-06,9.26172e-06,6.5352915e-06,2.6574513e-05,5.9659856e-06,1.7726506e-06,0.0003132269,5.8458772e-05,4.0909894e-05,0.99221206
pamap2,gnn_lstm,sequence,1,101,101,102,94,103,103,0,1,1,2,lying,sitting,False,0.0069764014,0.99215955,0.00039641326,4.397924e-06,9.2957835e-06,6.5526438e-06,2.6652217e-05,5.9783592e-06,1.7711814e-06,0.00031365242,5.8436788e-05,4.09561e-05,0.99215955
pamap2,gnn_lstm,sequence,1,101,101,102,95,104,104,0,1,1,2,lying,sitting,False,0.0071958476,0.99193573,0.000397644,4.385562e-06,9.411644e-06,6.6144084e-06,2.6994854e-05,6.030499e-06,1.769688e-06,0.00031587025,5.8610836e-05,4.118238e-05,0.99193573
pamap2,gnn_lstm,sequence,1,101,101,102,96,105,105,0,1,1,2,lying,sitting,False,0.007629392,0.99149394,0.00040014938,4.3503333e-06,9.612871e-06,6.7181527e-06,2.764063e-05,6.1165565e-06,1.7632776e-06,0.000319847,5.887744e-05,4.1554125e-05,0.99149394
pamap2,gnn_lstm,sequence,1,101,101,102,97,106,106,0,1,1,2,lying,sitting,False,0.0076239263,0.99150205,0.00039866637,4.3372866e-06,9.589674e-06,6.702062e-06,2.7621225e-05,6.0934226e-06,1.7559017e-06,0.0003191783,5.867109e-05,4.1451633e-05,0.99150205
pamap2,gnn_lstm,sequence,1,101,101,102,98,107,107,0,1,1,2,lying,sitting,False,0.007529342,0.99158597,0.00040263264,4.476882e-06,9.731133e-06,6.8229283e-06,2.8054395e-05,6.237542e-06,1.8119214e-06,0.00032314178,5.952662e-05,4.224561e-05,0.99158597
pamap2,gnn_lstm,sequence,1,101,101,102,99,108,108,0,1,1,2,lying,sitting,False,0.008965005,0.9899886,0.00046372885,5.996157e-06,1.2523313e-05,8.797547e-06,3.3061686e-05,8.474198e-06,2.4049136e-06,0.00038800685,7.087933e-05,5.2432682e-05,0.9899886
pamap2,gnn_lstm,sequence,1,101,101,102,100,109,109,0,1,1,2,lying,sitting,False,0.0118683465,0.9868797,0.0005315877,8.114843e-06,1.6696626e-05,1.1591663e-05,3.731361e-05,1.2012374e-05,3.1459094e-06,0.00048138388,8.445536e-05,6.5508546e-05,0.9868797
pamap2,gnn_lstm,sequence,1,101,101,102,101,110,110,0,1,1,2,lying,sitting,False,0.016736042,0.98195547,0.00062508055,5.6874997e-06,1.5988391e-05,1.0465353e-05,3.5547993e-05,1.0835923e-05,2.5953839e-06,0.00045627187,8.718239e-05,5.8837897e-05,0.98195547
pamap2,gnn_lstm,sequence,1,101,101,102,102,111,111,0,1,1,2,lying,sitting,False,0.029642047,0.96885544,0.0007689931,4.576956e-06,1.8329489e-05,1.1518983e-05,4.2532316e-05,1.1489339e-05,2.4420283e-06,0.00048755523,9.426367e-05,6.0871123e-05,0.96885544
pamap2,gnn_lstm,sequence,1,101,101,102,103,112,112,0,1,1,2,lying,sitting,False,0.07897497,0.919118,0.0009781972,4.218678e-06,2.6548309e-05,1.614933e-05,6.907431e-05,1.5914187e-05,2.7175329e-06,0.00061704713,0.0001036262,7.357734e-05,0.919118
pamap2,gnn_lstm,sequence,1,101,101,102,104,113,113,0,1,1,2,lying,sitting,False,0.29515564,0.7026225,0.0010835087,3.2855942e-06,4.020164e-05,2.2882448e-05,0.00012316785,2.263867e-05,2.6959374e-06,0.00074334146,9.7014134e-05,8.31414e-05,0.7026225
pamap2,gnn_lstm,sequence,1,101,101,102,105,114,114,0,0,1,1,lying,lying,True,0.72975767,0.26882896,0.000622372,1.3340901e-06,3.7070167e-05,1.8104001e-05,0.00013657351,1.9009141e-05,1.4844027e-06,0.00047702578,4.793806e-05,5.2538162e-05,0.72975767
pamap2,gnn_lstm,sequence,1,101,101,102,106,115,115,0,0,1,1,lying,lying,True,0.9374215,0.06202748,0.00020945055,3.1451438e-07,2.0794081e-05,8.361362e-06,9.1054375e-05,1.0003653e-05,5.189928e-07,0.00017561806,1.4743285e-05,2.0139232e-05,0.9374215
pamap2,gnn_lstm,sequence,1,101,101,102,107,116,116,0,0,1,1,lying,lying,True,0.98048925,0.019244522,8.876162e-05,9.221692e-08,1.2566284e-05,4.2670795e-06,6.297324e-05,6.015137e-06,2.2686064e-07,7.6196455e-05,5.8853866e-06,9.185251e-06,0.98048925
pamap2,gnn_lstm,sequence,1,101,101,102,108,117,117,0,0,1,1,lying,lying,True,0.99038166,0.009446512,5.2541214e-05,4.3298037e-08,9.121808e-06,2.7723459e-06,4.8646463e-05,4.339837e-06,1.341035e-07,4.5170804e-05,3.3891772e-06,5.632026e-06,0.99038166
pamap2,gnn_lstm,sequence,1,101,101,102,109,118,118,0,0,1,1,lying,lying,True,0.9922117,0.007638141,4.2866275e-05,3.421715e-08,8.288336e-06,2.4313e-06,4.638315e-05,3.9253505e-06,1.122242e-07,3.850931e-05,2.782601e-06,4.842998e-06,0.9922117
pamap2,gnn_lstm,sequence,1,101,101,102,110,119,119,0,0,1,1,lying,lying,True,0.99348974,0.006373046,3.628879e-05,2.854726e-08,7.831642e-06,2.2071988e-06,4.647067e-05,3.7034933e-06,9.900321e-08,3.3901633e-05,2.367843e-06,4.330553e-06,0.99348974
pamap2,gnn_lstm,sequence,1,101,101,102,111,120,120,0,0,1,1,lying,lying,True,0.9941076,0.005763497,3.3591994e-05,2.5567884e-08,7.490743e-06,2.0663863e-06,4.4568507e-05,3.5248975e-06,9.127477e-08,3.1380416e-05,2.1896503e-06,4.029877e-06,0.9941076
pamap2,gnn_lstm,sequence,1,101,101,102,112,121,121,0,0,1,1,lying,lying,True,0.9939084,0.0059603313,3.4150486e-05,2.6466886e-08,7.59935e-06,2.1061937e-06,4.5270488e-05,3.5752066e-06,9.3247706e-08,3.2108437e-05,2.236846e-06,4.1161834e-06,0.9939084
pamap2,gnn_lstm,sequence,1,101,101,102,113,122,122,0,0,1,1,lying,lying,True,0.9935773,0.0062877997,3.487814e-05,2.7926532e-08,7.777164e-06,2.1677497e-06,4.6436533e-05,3.6553454e-06,9.620501e-08,3.325465e-05,2.309759e-06,4.252302e-06,0.9935773
pamap2,gnn_lstm,sequence,1,101,101,102,114,123,123,0,0,1,1,lying,lying,True,0.99351406,0.0063506714,3.492198e-05,2.807172e-08,7.784802e-06,2.1718267e-06,4.6491718e-05,3.6553117e-06,9.626313e-08,3.339962e-05,2.318577e-06,4.264971e-06,0.99351406
pamap2,gnn_lstm,sequence,1,101,101,102,115,124,124,0,0,1,1,lying,lying,True,0.99326503,0.006596844,3.581238e-05,2.9191893e-08,7.8989915e-06,2.221567e-06,4.7129466e-05,3.7124644e-06,9.882858e-08,3.4347242e-05,2.3827117e-06,4.372725e-06,0.99326503
pamap2,gnn_lstm,sequence,1,101,101,102,116,125,125,0,0,1,1,lying,lying,True,0.9930188,0.0068402695,3.6736998e-05,3.0314386e-08,8.011188e-06,2.2709598e-06,4.7754602e-05,3.7682237e-06,1.0142052e-07,3.527761e-05,2.4458598e-06,4.4792314e-06,0.9930188
pamap2,gnn_lstm,sequence,1,101,101,102,117,126,126,0,0,1,1,lying,lying,True,0.99289674,0.006960746,3.729848e-05,3.095249e-08,8.07885e-06,2.3007315e-06,4.8169924e-05,3.8045466e-06,1.03074555e-07,3.580497e-05,2.4827018e-06,4.5420657e-06,0.99289674
pamap2,gnn_lstm,sequence,1,101,101,102,118,127,127,0,0,1,1,lying,lying,True,0.9928173,0.0070389234,3.7644582e-05,3.141343e-08,8.132878e-06,2.3216219e-06,4.850987e-05,3.8337353e-06,1.0426988e-07,3.6158654e-05,2.5072286e-06,4.5861407e-06,0.9928173
pamap2,gnn_lstm,sequence,1,101,101,102,119,128,128,0,0,1,1,lying,lying,True,0.99262613,0.007227388,3.8360675e-05,3.242049e-08,8.246564e-06,2.3665182e-06,4.9216495e-05,3.892378e-06,1.0670737e-07,3.6931724e-05,2.5591826e-06,4.680856e-06,0.99262613
pamap2,gnn_lstm,sequence,1,101,101,102,120,129,129,0,0,1,1,lying,lying,True,0.9924455,0.0074056904,3.906505e-05,3.3344183e-08,8.343622e-06,2.407211e-06,4.9782648e-05,3.941891e-06,1.088993e-07,3.7645565e-05,2.6075957e-06,4.766491e-06,0.9924455
pamap2,gnn_lstm,sequence,1,101,101,102,121,130,130,0,0,1,1,lying,lying,True,0.99228936,0.0075600594,3.952531e-05,3.4115295e-08,8.426025e-06,2.438466e-06,5.0275838e-05,3.981417e-06,1.10540505e-07,3.820865e-05,2.6451028e-06,4.8341203e-06,0.99228936
pamap2,gnn_lstm,sequence,1,101,101,102,122,131,131,0,0,1,1,lying,lying,True,0.9925789,0.007274415,3.8386075e-05,3.261811e-08,8.268961e-06,2.3726675e-06,4.9327493e-05,3.898962e-06,1.06924155e-07,3.7038775e-05,2.5647482e-06,4.693887e-06,0.9925789
pamap2,gnn_lstm,sequence,1,101,101,102,123,132,132,0,0,1,1,lying,lying,True,0.9932226,0.0066385074,3.621232e-05,2.9493977e-08,7.92764e-06,2.2359825e-06,4.7193436e-05,3.7289858e-06,9.9744504e-08,3.4579418e-05,2.401723e-06,4.400844e-06,0.9932226
pamap2,gnn_lstm,sequence,1,101,101,102,124,133,133,0,0,1,1,lying,lying,True,0.9931971,0.0066638035,3.633149e-05,2.9665465e-08,7.948254e-06,2.2433603e-06,4.7271184e-05,3.7411826e-06,1.00194406e-07,3.4706256e-05,2.4114518e-06,4.4164212e-06,0.9931971
pamap2,gnn_lstm,sequence,1,101,101,102,125,134,134,0,0,1,1,lying,lying,True,0.99307185,0.006787343,3.6793306e-05,3.024427e-08,8.0088885e-06,2.2694574e-06,4.7619167e-05,3.7714378e-06,1.0154962e-07,3.518085e-05,2.4427873e-06,4.4717963e-06,0.99307185
pamap2,gnn_lstm,sequence,1,101,101,102,126,135,135,0,0,1,1,lying,lying,True,0.99292034,0.0069372985,3.7159658e-05,3.094024e-08,8.087499e-06,2.298685e-06,4.8150305e-05,3.8083108e-06,1.0298857e-07,3.572151e-05,2.4769834e-06,4.535728e-06,0.99292034
pamap2,gnn_lstm,sequence,1,101,101,102,127,136,136,0,0,1,1,lying,lying,True,0.9926529,0.007201806,3.7917274e-05,3.2152137e-08,8.215121e-06,2.349635e-06,4.8994254e-05,3.8699786e-06,1.05579545e-07,3.6679186e-05,2.539185e-06,4.647479e-06,0.9926529
pamap2,gnn_lstm,sequence,1,101,101,102,128,137,137,0,0,1,1,lying,lying,True,0.99256974,0.007283945,3.8135193e-05,3.247943e-08,8.244664e-06,2.3633302e-06,4.923704e-05,3.8839107e-06,1.06243974e-07,3.695813e-05,2.5565002e-06,4.6783725e-06,0.99256974
pamap2,gnn_lstm,sequence,1,101,101,102,129,138,138,0,0,1,1,lying,lying,True,0.9924664,0.0073863184,3.845658e-05,3.294208e-08,8.289579e-06,2.3817474e-06,4.9489165e-05,3.905427e-06,1.07215484e-07,3.7313122e-05,2.580601e-06,4.7192075e-06,0.9924664
pamap2,gnn_lstm,sequence,1,101,101,102,130,139,139,0,0,1,1,lying,lying,True,0.9922889,0.007561916,3.8998434e-05,3.3732487e-08,8.368337e-06,2.4142012e-06,4.9973085e-05,3.942656e-06,1.0889105e-07,3.7927453e-05,2.6214154e-06,4.790638e-06,0.9922889
pamap2,gnn_lstm,sequence,1,101,101,102,131,140,140,0,0,1,1,lying,lying,True,0.9923383,0.0075129727,3.8815928e-05,3.3535038e-08,8.352259e-06,2.405955e-06,4.9880055e-05,3.935714e-06,1.0847275e-07,3.776796e-05,2.611251e-06,4.7728536e-06,0.9923383
pamap2,gnn_lstm,sequence,1,101,101,102,132,141,141,0,0,1,1,lying,lying,True,0.99234384,0.007507678,3.8764723e-05,3.3462385e-08,8.339012e-06,2.4022745e-06,4.979355e-05,3.9290153e-06,1.0822909e-07,3.7730046e-05,2.607841e-06,4.7657304e-06,0.99234384
pamap2,gnn_lstm,sequence,1,101,101,102,133,142,142,0,0,1,1,lying,lying,True,0.99203146,0.007816389,3.9782783e-05,3.494395e-08,8.484771e-06,2.4640199e-06,5.0673225e-05,4.0015902e-06,1.1145589e-07,3.888394e-05,2.6845325e-06,4.899672e-06,0.99203146
pamap2,gnn_lstm,sequence,1,101,101,102,134,143,143,0,0,1,1,lying,lying,True,0.99192667,0.007919764,4.024349e-05,3.558213e-08,8.5555375e-06,2.4920412e-06,5.10529e-05,4.0398004e-06,1.1304656e-07,3.9354796e-05,2.7179294e-06,4.9582563e-06,0.99192667
pamap2,gnn_lstm,sequence,1,101,101,102,135,144,144,0,0,1,1,lying,lying,True,0.99185514,0.0079903845,4.056362e-05,3.5969105e-08,8.591966e-06,2.508138e-06,5.119992e-05,4.0592354e-06,1.1395866e-07,3.9645172e-05,2.7384244e-06,4.992278e-06,0.99185514
pamap2,gnn_lstm,sequence,1,101,101,102,136,145,145,0,0,1,1,lying,lying,True,0.99201876,0.007828995,3.990516e-05,3.5079132e-08,8.498721e-06,2.4687727e-06,5.05943e-05,4.0082305e-06,1.1174991e-07,3.895218e-05,2.6903879e-06,4.908257e-06,0.99201876
pamap2,gnn_lstm,sequence,1,101,101,102,137,146,146,0,0,1,1,lying,lying,True,0.99203354,0.00781477,3.963809e-05,3.4899262e-08,8.480793e-06,2.458073e-06,5.0496663e-05,3.9935926e-06,1.11031554e-07,3.8787282e-05,2.678038e-06,4.8876514e-06,0.99203354
pamap2,gnn_lstm,sequence,1,101,101,102,138,147,147,0,0,1,1,lying,lying,True,0.991856,0.007990933,4.0002164e-05,3.5647926e-08,8.553394e-06,2.4858325e-06,5.0953633e-05,4.0258296e-06,1.1236824e-07,3.9345985e-05,2.7147435e-06,4.9510986e-06,0.991856
pamap2,gnn_lstm,sequence,1,101,101,102,139,148,148,0,0,1,1,lying,lying,True,0.9917128,0.008132734,4.0285067e-05,3.62725e-08,8.61626e-06,2.509369e-06,5.1340372e-05,4.054374e-06,1.13498736e-07,3.981004e-05,2.744884e-06,5.004522e-06,0.9917128
pamap2,gnn_lstm,sequence,1,101,101,102,140,149,149,0,0,1,1,lying,lying,True,0.99162513,0.008219524,4.0537976e-05,3.662501e-08,8.645012e-06,2.5228674e-06,5.1472358e-05,4.067803e-06,1.1417654e-07,4.0094932e-05,2.7646145e-06,5.03545e-06,0.99162513
pamap2,gnn_lstm,sequence,1,101,101,102,141,150,150,0,0,1,1,lying,lying,True,0.9914641,0.008379016,4.1068844e-05,3.7302655e-08,8.700126e-06,2.5498414e-06,5.1771418e-05,4.0941345e-06,1.15565136e-07,4.0636976e-05,2.8014438e-06,5.0951885e-06,0.9914641
pamap2,gnn_lstm,sequence,1,101,101,102,142,151,151,0,0,1,1,lying,lying,True,0.99133545,0.008506012,4.1643085e-05,3.7988283e-08,8.765168e-06,2.5797012e-06,5.212698e-05,4.129221e-06,1.1723912e-07,4.1169704e-05,2.8396232e-06,5.158435e-06,0.99133545
pamap2,gnn_lstm,sequence,1,101,101,102,143,152,152,0,0,1,1,lying,lying,True,0.9912013,0.008638196,4.2256495e-05,3.8765403e-08,8.841348e-06,2.6137618e-06,5.2570806e-05,4.1717954e-06,1.19174906e-07,4.176001e-05,2.8808718e-06,5.22972e-06,0.9912013
pamap2,gnn_lstm,sequence,1,101,101,102,144,153,153,0,0,1,1,lying,lying,True,0.9908208,0.009014749,4.3362936e-05,4.0515424e-08,8.999702e-06,2.681384e-06,5.3587915e-05,4.2477136e-06,1.2270519e-07,4.3045053e-05,2.9647458e-06,5.378777e-06,0.9908208
pamap2,gnn_lstm,sequence,1,101,101,102,145,154,154,0,0,1,1,lying,lying,True,0.9905518,0.009280876,4.4077577e-05,4.178332e-08,9.120636e-06,2.7296253e-06,5.4420914e-05,4.304997e-06,1.2524548e-07,4.394993e-05,3.0249748e-06,5.4865814e-06,0.9905518
pamap2,gnn_lstm,sequence,1,101,101,102,146,155,155,0,0,1,1,lying,lying,True,0.99061567,0.009217821,4.3628486e-05,4.146273e-08,9.102713e-06,2.7156034e-06,5.4493394e-05,4.2945103e-06,1.2442443e-07,4.3692817e-05,3.0048495e-06,5.4588445e-06,0.99061567
pamap2,gnn_lstm,sequence,1,101,101,102,147,156,156,0,0,1,1,lying,lying,True,0.990833,0.009003114,4.286505e-05,4.0249727e-08,8.9824325e-06,2.667135e-06,5.3832235e-05,4.2325246e-06,1.217433e-07,4.2847147e-05,2.9464381e-06,5.3557633e-06,0.990833
pamap2,gnn_lstm,sequence,1,101,101,102,148,157,157,0,0,1,1,lying,lying,True,0.99099743,0.008840256,4.241089e-05,3.9566505e-08,8.923893e-06,2.6400494e-06,5.3389223e-05,4.2061847e-06,1.204014e-07,4.232269e-05,2.913739e-06,5.2959117e-06,0.99099743
pamap2,gnn_lstm,sequence,1,101,101,102,149,158,158,0,0,1,1,lying,lying,True,0.99094945,0.008887893,4.2425625e-05,3.9808405e-08,8.948516e-06,2.6471346e-06,5.3492487e-05,4.2185065e-06,1.2073892e-07,4.2467484e-05,2.921734e-06,5.3122562e-06,0.99094945
pamap2,gnn_lstm,sequence,1,101,101,102,150,159,159,0,0,1,1,lying,lying,True,0.9906398,0.009194954,4.313577e-05,4.1031353e-08,9.045353e-06,2.6910611e-06,5.4090808e-05,4.2604015e-06,1.2282288e-07,4.338665e-05,2.9794749e-06,5.41237e-06,0.9906398
pamap2,gnn_lstm,sequence,1,101,101,102,151,160,160,0,0,1,1,lying,lying,True,0.99047065,0.009362324,4.3758097e-05,4.184034e-08,9.113349e-06,2.7235928e-06,5.4486925e-05,4.2959664e-06,1.2460714e-07,4.4009914e-05,3.02355e-06,5.4837624e-06,0.99047065
pamap2,gnn_lstm,sequence,1,101,101,102,152,161,161,0,0,1,1,lying,lying,True,0.9900961,0.00973225,4.5099467e-05,4.390703e-08,9.306445e-06,2.8056768e-06,5.5630106e-05,4.399719e-06,1.2922852e-07,4.5481414e-05,3.124847e-06,5.660466e-06,0.9900961
pamap2,gnn_lstm,sequence,1,101,101,102,153,162,162,0,0,1,1,lying,lying,True,0.98979235,0.0100328075,4.604766e-05,4.5375515e-08,9.431265e-06,2.8615877e-06,5.639892e-05,4.462686e-06,1.3224466e-07,4.652798e-05,3.193218e-06,5.782507e-06,0.98979235
pamap2,gnn_lstm,sequence,1,101,101,102,154,163,163,0,0,1,1,lying,lying,True,0.99008304,0.009744943,4.5223594e-05,4.400269e-08,9.316569e-06,2.8124066e-06,5.5807588e-05,4.407657e-06,1.2964922e-07,4.5572982e-05,3.1276707e-06,5.6731237e-06,0.99008304
pamap2,gnn_lstm,sequence,1,101,101,102,155,164,164,0,0,1,1,lying,lying,True,0.99032646,0.009503335,4.468393e-05,4.303275e-08,9.241263e-06,2.779418e-06,5.5371118e-05,4.3766977e-06,1.2807435e-07,4.48788e-05,3.0824617e-06,5.596958e-06,0.99032646
pamap2,gnn_lstm,sequence,1,101,101,102,156,165,165,0,0,1,1,lying,lying,True,0.9907747,0.00905951,4.3533033e-05,4.0870404e-08,9.041815e-06,2.6992807e-06,5.4177115e-05,4.280017e-06,1.2388905e-07,4.3354794e-05,2.9806904e-06,5.418752e-06,0.9907747
pamap2,gnn_lstm,sequence,1,101,101,102,157,166,166,0,0,1,1,lying,lying,True,0.9908991,0.008936435,4.3239907e-05,4.0274912e-08,8.985517e-06,2.6773953e-06,5.3867563e-05,4.2516726e-06,1.2274847e-07,4.2937383e-05,2.9532318e-06,5.370114e-06,0.9908991
pamap2,gnn_lstm,sequence,1,101,101,102,158,167,167,0,0,1,1,lying,lying,True,0.9909055,0.008929881,4.313294e-05,4.0369315e-08,9.008355e-06,2.6809257e-06,5.4043434e-05,4.2626134e-06,1.2292371e-07,4.2951466e-05,2.9531413e-06,5.3762265e-06,0.9909055
pamap2,gnn_lstm,sequence,1,101,101,102,159,168,168,0,0,1,1,lying,lying,True,0.9913085,0.008531394,4.181582e-05,3.8401907e-08,8.8282995e-06,2.6028702e-06,5.2950414e-05,4.1709377e-06,1.1870229e-07,4.148071e-05,2.8532681e-06,5.204934e-06,0.9913085
pamap2,gnn_lstm,sequence,1,101,101,102,160,169,169,0,0,1,1,lying,lying,True,0.9917408,0.008103922,4.0447238e-05,3.634063e-08,8.634122e-06,2.5198865e-06,5.1737345e-05,4.0738914e-06,1.14306005e-07,3.991993e-05,2.7492815e-06,5.0234603e-06,0.9917408
pamap2,gnn_lstm,sequence,1,101,101,102,161,170,170,0,0,1,1,lying,lying,True,0.9916505,0.00819259,4.0820472e-05,3.704723e-08,8.7267945e-06,2.5503819e-06,5.2232142e-05,4.1252265e-06,1.16131595e-07,4.0373146e-05,2.7827205e-06,5.0861786e-06,0.9916505
pamap2,gnn_lstm,sequence,1,101,101,102,162,171,171,0,0,1,1,lying,lying,True,0.9914848,0.008355921,4.1205563e-05,3.8237477e-08,8.884844e-06,2.5974136e-06,5.3093234e-05,4.2100883e-06,1.18837136e-07,4.109313e-05,2.8317563e-06,5.1855686e-06,0.9914848
pamap2,gnn_lstm,sequence,1,101,101,102,163,172,172,0,0,1,1,lying,lying,True,0.99080616,0.0090282345,4.1789248e-05,4.1790543e-08,9.290366e-06,2.7183853e-06,5.5510638e-05,4.403941e-06,1.2475519e-07,4.329155e-05,2.9646285e-06,5.4585353e-06,0.99080616
pamap2,gnn_lstm,sequence,1,101,101,102,164,173,173,0,0,1,1,lying,lying,True,0.98878396,0.011036112,4.4691325e-05,4.9860127e-08,9.939758e-06,2.9733487e-06,5.9407284e-05,4.675486e-06,1.3612872e-07,4.878487e-05,3.3001106e-06,6.0598027e-06,0.98878396
pamap2,gnn_lstm,sequence,1,101,101,102,165,174,174,0,0,1,1,lying,lying,True,0.9838734,0.015914127,5.21833e-05,6.909265e-08,1.1255699e-05,3.529311e-06,6.738854e-05,5.2230266e-06,1.6224027e-07,6.120327e-05,4.0963887e-06,7.4008194e-06,0.9838734
pamap2,gnn_lstm,sequence,1,101,101,102,166,175,175,0,0,1,1,lying,lying,True,0.9751179,0.024607621,6.716571e-05,1.0911207e-07,1.3805311e-05,4.574303e-06,8.253892e-05,6.41976e-06,2.1991903e-07,8.393264e-05,5.674259e-06,9.9746885e-06,0.9751179
pamap2,gnn_lstm,sequence,1,101,101,102,167,176,176,0,0,1,1,lying,lying,True,0.934683,0.06477724,0.00011266839,4.111277e-07,2.8090619e-05,1.0100468e-05,0.00015279226,1.3499122e-05,5.686612e-07,0.00018514966,1.2778494e-05,2.373222e-05,0.934683
pamap2,gnn_lstm,sequence,1,101,101,102,168,177,177,0,0,1,1,lying,lying,True,0.8419213,0.15680239,0.00018092536,2.59752e-06,7.493861e-05,3.080717e-05,0.00033426186,4.6378656e-05,2.2802462e-06,0.0005001496,2.8390694e-05,7.551772e-05,0.8419213
pamap2,gnn_lstm,sequence,1,101,101,102,169,178,178,0,0,1,1,lying,lying,True,0.78161734,0.21629086,0.00019532896,8.019262e-06,0.00014907592,6.5887354e-05,0.0004947578,0.000119008844,5.6955178e-06,0.0008793019,3.47759e-05,0.00014002304,0.78161734
pamap2,gnn_lstm,sequence,1,101,101,102,170,179,179,0,0,1,1,lying,lying,True,0.8141274,0.18282028,0.00017915627,1.46553875e-05,0.00024086186,0.00010800966,0.0008651357,0.000279121,1.1557223e-05,0.001130355,3.1499643e-05,0.0001919401,0.8141274
pamap2,gnn_lstm,sequence,1,101,101,102,171,180,180,0,0,1,1,lying,lying,True,0.9150339,0.081909366,0.00014437987,1.4206143e-05,0.00026917586,0.00012407427,0.0008071207,0.0005121455,1.6390046e-05,0.0010017649,2.1202446e-05,0.00014625197,0.9150339
pamap2,gnn_lstm,sequence,1,101,101,102,172,181,181,0,0,1,1,lying,lying,True,0.9727912,0.026095482,8.891462e-05,2.85262e-06,0.00010008902,3.8939055e-05,0.00023354034,0.00021285536,4.7976205e-06,0.00038135413,7.729292e-06,4.2354946e-05,0.9727912
pamap2,gnn_lstm,sequence,1,101,101,102,173,182,182,0,0,1,1,lying,lying,True,0.9907939,0.008728162,4.7645284e-05,7.770372e-07,4.018802e-05,1.5287947e-05,6.6575485e-05,9.506987e-05,1.5881458e-06,0.00019330507,3.0184021e-06,1.44811875e-05,0.9907939
pamap2,gnn_lstm,sequence,1,101,101,102,174,183,183,0,0,1,1,lying,lying,True,0.99624926,0.003557216,3.1425592e-05,1.624182e-07,1.6912758e-05,6.237457e-06,1.6425442e-05,3.1723066e-05,4.4174695e-07,8.317609e-05,1.5444665e-06,5.447467e-06,0.99624926
pamap2,gnn_lstm,sequence,1,101,101,102,175,184,184,0,0,1,1,lying,lying,True,0.99736917,0.0024731462,4.144834e-05,8.716617e-08,1.2647409e-05,4.9806854e-06,9.532509e-06,2.1502008e-05,3.2355197e-07,6.167898e-05,1.5094821e-06,3.9690403e-06,0.99736917
pamap2,gnn_lstm,sequence,1,101,101,102,176,185,185,0,0,1,1,lying,lying,True,0.99677,0.002952525,0.00010385149,1.4342147e-07,1.8627416e-05,8.954449e-06,1.0992019e-05,3.264331e-05,6.4434596e-07,9.299693e-05,2.8514269e-06,5.8496994e-06,0.99677
pamap2,gnn_lstm,sequence,1,101,101,102,177,186,186,0,0,1,1,lying,lying,True,0.9945163,0.0047662384,0.00035141938,4.3934563e-07,3.9085346e-05,2.2361757e-05,1.6588332e-05,7.046609e-05,2.026672e-06,0.00019486228,7.811755e-06,1.2373619e-05,0.9945163
pamap2,gnn_lstm,sequence,1,101,101,102,178,187,187,0,0,1,1,lying,lying,True,0.96913874,0.025596958,0.003647179,5.0094054e-06,0.0001743405,0.000102127226,3.4230234e-05,0.00028609583,1.7102855e-05,0.0008624388,7.076838e-05,6.504913e-05,0.96913874
pamap2,gnn_lstm,sequence,1,101,101,102,179,188,188,0,1,1,2,lying,sitting,False,0.25474596,0.48100126,0.24669427,0.0002265142,0.0013127187,0.0007510181,7.358003e-05,0.0019110914,0.0005234511,0.008386562,0.0034453094,0.0009282949,0.48100126
pamap2,gnn_lstm,sequence,1,101,101,102,180,189,189,0,2,1,3,lying,standing,False,0.019735184,0.3760798,0.58719665,0.00029733038,0.0006639135,0.00032426204,3.8338312e-05,0.000985678,0.00070109504,0.0054303315,0.0076065385,0.00094081735,0.58719665
pamap2,gnn_lstm,sequence,1,101,101,102,181,190,190,0,2,1,3,lying,standing,False,0.007365865,0.32287958,0.65001243,0.00047702753,0.00058749015,0.00026222705,5.027661e-05,0.0009906747,0.0009938125,0.0050266394,0.0102000125,0.0011539251,0.65001243
pamap2,gnn_lstm,sequence,1,101,101,102,182,191,191,0,1,1,2,lying,sitting,False,0.009000843,0.5460803,0.4219249,0.000951414,0.0007394552,0.00044874143,8.1877195e-05,0.0012662627,0.001314486,0.0074640857,0.008971063,0.001756588,0.5460803
pamap2,gnn_lstm,sequence,1,101,101,102,183,192,192,0,2,1,3,lying,standing,False,0.004561752,0.4669134,0.5066951,0.0008475205,0.0005453031,0.00030246246,8.4858526e-05,0.0010349964,0.0012961209,0.0057206578,0.0104124565,0.0015853819,0.5066951
pamap2,gnn_lstm,sequence,1,101,101,102,184,193,193,0,2,1,3,lying,standing,False,0.0032002872,0.34750405,0.6282672,0.0007055315,0.00047396743,0.00023384701,7.4418414e-05,0.00093826134,0.0012605749,0.0046912488,0.0113148615,0.0013356708,0.6282672
pamap2,gnn_lstm,sequence,1,101,101,102,185,194,194,0,2,1,3,lying,standing,False,0.0024430205,0.30141458,0.672943,0.00087416416,0.0005140862,0.00023599945,8.686216e-05,0.001052541,0.0015476122,0.0046277605,0.012847133,0.0014131961,0.672943
pamap2,gnn_lstm,sequence,1,101,101,102,186,195,195,0,2,1,3,lying,standing,False,0.0022007907,0.3033802,0.6687042,0.0011193247,0.0005706433,0.00025805525,0.00010412681,0.0011870536,0.0018447532,0.0049395585,0.014102083,0.0015892239,0.6687042
pamap2,gnn_lstm,sequence,1,101,101,102,187,196,196,0,2,1,3,lying,standing,False,0.0020959002,0.27762398,0.6945161,0.0011316572,0.0005837426,0.00025658292,0.0001051859,0.001212734,0.0019065525,0.004815592,0.014180509,0.0015714522,0.6945161
pamap2,gnn_lstm,sequence,1,101,101,102,188,197,197,0,2,1,3,lying,standing,False,0.002024015,0.24945274,0.72311956,0.0011098374,0.0005936684,0.00025241505,0.00010430045,0.0012273628,0.0019379004,0.0046369354,0.014012291,0.0015288912,0.72311956
pamap2,gnn_lstm,sequence,1,101,101,102,189,198,198,0,2,1,3,lying,standing,False,0.0020252226,0.24655531,0.72613704,0.0011339807,0.0005998849,0.0002554489,0.00010593864,0.0012413028,0.0019664785,0.0046051103,0.013841591,0.0015327006,0.72613704
pamap2,gnn_lstm,sequence,1,101,101,102,190,199,199,0,2,1,3,lying,standing,False,0.0019913567,0.20828709,0.76554346,0.0010509426,0.00060760876,0.0002457048,9.917238e-05,0.0012396022,0.0019385489,0.0042783855,0.013283202,0.0014348452,0.76554346
pamap2,gnn_lstm,sequence,1,101,101,102,191,200,200,0,2,1,3,lying,standing,False,0.0019723577,0.18267871,0.79170847,0.001027814,0.00062548503,0.0002443508,9.7002696e-05,0.0012659556,0.0019642315,0.004106354,0.012919368,0.0013899256,0.79170847
pamap2,gnn_lstm,sequence,1,101,101,102,192,201,201,0,2,1,3,lying,standing,False,0.0020205881,0.2168614,0.7553812,0.0012731216,0.00066674803,0.00027428902,0.00011537382,0.0013684435,0.0021926942,0.004598419,0.013657949,0.0015899077,0.7553812
pamap2,gnn_lstm,sequence,1,101,101,102,193,202,202,0,2,1,3,lying,standing,False,0.0020451508,0.2631441,0.7070607,0.0015241476,0.00068794825,0.0003010663,0.00013410182,0.0014323907,0.0023726497,0.005093503,0.014409576,0.0017945996,0.7070607
pamap2,gnn_lstm,sequence,1,101,101,102,194,203,203,0,2,1,3,lying,standing,False,0.0020551484,0.2856189,0.6839723,0.0016085248,0.00068808126,0.0003101168,0.00014065903,0.0014392717,0.0024116854,0.005263623,0.014623337,0.0018682842,0.6839723
pamap2,gnn_lstm,sequence,1,101,101,102,195,204,204,0,2,1,3,lying,standing,False,0.0020662972,0.3013557,0.6677463,0.0016881838,0.0006927467,0.00031936957,0.00014687679,0.0014538555,0.0024578464,0.0053976714,0.014744396,0.0019307889,0.6677463
pamap2,gnn_lstm,sequence,1,101,101,102,196,205,205,0,2,1,3,lying,standing,False,0.002065384,0.2979837,0.67113477,0.0017067197,0.00069784274,0.0003216674,0.00014841373,0.0014641695,0.0024805192,0.005384838,0.014678743,0.0019332607,0.67113477
pamap2,gnn_lstm,sequence,1,101,101,102,197,206,206,0,2,1,3,lying,standing,False,0.002042573,0.29716012,0.6721885,0.0016996477,0.00069232204,0.00031910656,0.00014813588,0.0014521936,0.0024713557,0.00532054,0.014586909,0.0019185323,0.6721885
pamap2,gnn_lstm,sequence,1,101,101,102,198,207,207,0,2,1,3,lying,standing,False,0.0020593894,0.29821083,0.67085487,0.001749986,0.00070379575,0.0003254365,0.00015124463,0.0014771859,0.002518435,0.0053778696,0.014621958,0.0019491056,0.67085487
pamap2,gnn_lstm,sequence,1,101,101,102,199,208,208,0,2,1,3,lying,standing,False,0.002064135,0.29348537,0.67561436,0.0017434162,0.0007066582,0.00032517748,0.00015038527,0.0014818846,0.0025203042,0.0053662197,0.014600517,0.0019415697,0.67561436
pamap2,gnn_lstm,sequence,1,101,101,102,200,209,209,0,2,1,3,lying,standing,False,0.0020666088,0.2916634,0.6774899,0.0017282144,0.00070545083,0.00032371652,0.00014902382,0.001478414,0.002507725,0.0053587696,0.014596058,0.0019326863,0.6774899
pamap2,gnn_lstm,sequence,1,101,101,102,201,210,210,0,2,1,3,lying,standing,False,0.0020675722,0.2917379,0.67738354,0.0017289133,0.0007059995,0.00032399045,0.00014911998,0.0014792001,0.0025083348,0.0053668036,0.014614157,0.001934461,0.67738354
pamap2,gnn_lstm,sequence,1,101,101,102,202,211,211,0,2,1,3,lying,standing,False,0.0020691343,0.29312098,0.67598104,0.0017366224,0.00070621585,0.00032513097,0.00014994777,0.0014797613,0.0025119525,0.0053748623,0.014605099,0.0019392113,0.67598104
pamap2,gnn_lstm,sequence,1,101,101,102,203,212,212,0,2,1,3,lying,standing,False,0.0020602257,0.29214713,0.67715454,0.0017165494,0.00070120086,0.000322878,0.00014899964,0.0014679603,0.002493282,0.005328809,0.014534088,0.0019243123,0.67715454
pamap2,gnn_lstm,sequence,1,101,101,102,204,213,213,0,2,1,3,lying,standing,False,0.0020476042,0.29257315,0.67691267,0.0016999204,0.0006952976,0.00032068702,0.00014823802,0.0014547888,0.002475353,0.005284138,0.014475584,0.001912571,0.67691267
pamap2,gnn_lstm,sequence,1,101,101,102,205,214,214,0,2,1,3,lying,standing,False,0.0020627703,0.29292637,0.67634606,0.001733535,0.00070380425,0.00032547672,0.00015034054,0.0014734505,0.002507698,0.0053314962,0.01450463,0.0019342549,0.67634606
pamap2,gnn_lstm,sequence,1,101,101,102,206,215,215,0,2,1,3,lying,standing,False,0.0020659498,0.28182405,0.68753636,0.0017089644,0.0007094331,0.00032425002,0.0001484822,0.0014832115,0.0025098107,0.0053017563,0.014473337,0.0019143326,0.68753636
pamap2,gnn_lstm,sequence,1,101,101,102,207,216,216,0,2,1,3,lying,standing,False,0.0020696803,0.2784971,0.69095093,0.0016789082,0.00070762273,0.000321923,0.00014654992,0.0014779085,0.0024893975,0.005289009,0.014471434,0.0018995825,0.69095093
pamap2,gnn_lstm,sequence,1,101,101,102,208,217,217,0,2,1,3,lying,standing,False,0.0020576154,0.27797663,0.6915658,0.001655758,0.0007026804,0.00031920942,0.0001455136,0.0014663371,0.0024693802,0.00526949,0.014483141,0.0018884785,0.6915658
pamap2,gnn_lstm,sequence,1,101,101,102,209,218,218,0,2,1,3,lying,standing,False,0.002047353,0.28068733,0.6889531,0.0016471784,0.00069736707,0.000317737,0.0001455261,0.0014546941,0.0024556194,0.0052475,0.014462087,0.0018844199,0.6889531
pamap2,gnn_lstm,sequence,1,101,101,102,210,219,219,0,2,1,3,lying,standing,False,0.0020416519,0.27902073,0.6908062,0.0016390678,0.00069539173,0.00031650296,0.00014511484,0.0014498434,0.002449527,0.005198949,0.014364564,0.0018724543,0.6908062
pamap2,gnn_lstm,sequence,1,101,101,102,211,220,220,0,2,1,3,lying,standing,False,0.0020542515,0.2766135,0.6931625,0.0016605979,0.0007025636,0.00031924128,0.00014602451,0.0014653195,0.0024739616,0.005204932,0.014318294,0.001878843,0.6931625
pamap2,gnn_lstm,sequence,1,101,101,102,212,221,221,0,2,1,3,lying,standing,False,0.002057779,0.2698712,0.6999522,0.0016578439,0.00070809555,0.0003190278,0.00014525521,0.0014753581,0.0024843956,0.005183424,0.01427618,0.0018692191,0.6999522
pamap2,gnn_lstm,sequence,1,101,101,102,213,222,222,0,2,1,3,lying,standing,False,0.0020512291,0.2655832,0.7043819,0.0016301179,0.0007055971,0.00031605648,0.00014328444,0.0014685402,0.0024660085,0.00515139,0.0142512685,0.0018513718,0.7043819
pamap2,gnn_lstm,sequence,1,101,101,102,214,223,223,0,2,1,3,lying,standing,False,0.002066865,0.2731284,0.696631,0.0016469106,0.00070491584,0.00031860967,0.00014451155,0.0014686428,0.0024667853,0.0052178632,0.014332034,0.0018734786,0.696631
pamap2,gnn_lstm,sequence,1,101,101,102,215,224,224,0,2,1,3,lying,standing,False,0.002075524,0.2828179,0.6867475,0.0016755066,0.00070290844,0.00032126147,0.0001465388,0.001466768,0.0024723404,0.0052781748,0.014397353,0.0018982665,0.6867475
pamap2,gnn_lstm,sequence,1,101,101,102,216,225,225,0,2,1,3,lying,standing,False,0.0020616944,0.2864562,0.68327,0.0016676522,0.00069508405,0.0003190606,0.00014631257,0.0014505985,0.0024537502,0.005243621,0.014345526,0.0018905977,0.68327
pamap2,gnn_lstm,sequence,1,101,101,102,217,226,226,0,2,1,3,lying,standing,False,0.002059925,0.28565627,0.68406296,0.0016851266,0.00069855043,0.0003206183,0.00014745463,0.001457957,0.002472378,0.00523117,0.0143125,0.0018950326,0.68406296
pamap2,gnn_lstm,sequence,1,101,101,102,218,227,227,0,2,1,3,lying,standing,False,0.0020639673,0.28979743,0.6798733,0.0017013245,0.000697355,0.00032241063,0.00014837537,0.0014576992,0.0024762682,0.005253558,0.014302402,0.00190586,0.6798733
pamap2,gnn_lstm,sequence,1,101,101,102,219,228,228,0,2,1,3,lying,standing,False,0.002069125,0.28629735,0.683396,0.0016892296,0.0006990104,0.0003226869,0.00014770406,0.0014606013,0.0024738126,0.00525306,0.014289971,0.0019014449,0.683396
pamap2,gnn_lstm,sequence,1,101,101,102,220,229,229,0,2,1,3,lying,standing,False,0.0020668071,0.27830064,0.6915864,0.0016462293,0.0006980412,0.0003197652,0.00014524315,0.0014557311,0.0024519204,0.005210112,0.014242398,0.0018767496,0.6915864
pamap2,gnn_lstm,sequence,1,101,101,102,221,230,230,0,2,1,3,lying,standing,False,0.0020522787,0.27266413,0.6974617,0.0016088546,0.00069410517,0.00031622226,0.00014344325,0.0014450742,0.002430014,0.0051487787,0.014183151,0.0018521918,0.6974617
pamap2,gnn_lstm,sequence,1,101,101,102,222,231,231,0,2,1,3,lying,standing,False,0.0020518457,0.27336377,0.69667846,0.0016256439,0.0006976528,0.00031854206,0.0001451432,0.0014525577,0.0024486098,0.005160795,0.014193384,0.0018635229,0.69667846
pamap2,gnn_lstm,sequence,1,101,101,102,223,232,232,0,2,1,3,lying,standing,False,0.0020841213,0.2836458,0.68594074,0.0017010847,0.0007075693,0.00032746003,0.00014999049,0.0014766495,0.0024978635,0.005281047,0.014272419,0.0019153265,0.68594074
pamap2,gnn_lstm,sequence,1,101,101,102,224,233,233,0,2,1,3,lying,standing,False,0.0020907533,0.28706035,0.6824993,0.001717454,0.0007066303,0.000328052,0.00015041592,0.0014756704,0.0024986234,0.0052979207,0.014254092,0.0019207773,0.6824993
pamap2,gnn_lstm,sequence,1,101,101,102,225,234,234,0,2,1,3,lying,standing,False,0.0020728747,0.28312033,0.6867322,0.0016846486,0.0006995701,0.00032251826,0.00014765088,0.0014594846,0.0024703266,0.005222036,0.01417765,0.0018906815,0.6867322
pamap2,gnn_lstm,sequence,1,101,101,102,226,235,235,0,2,1,3,lying,standing,False,0.0020683988,0.27919725,0.69075656,0.0016666692,0.00069891923,0.00032041516,0.00014605727,0.001457166,0.0024619843,0.005189122,0.01416048,0.0018769734,0.69075656
pamap2,gnn_lstm,sequence,1,101,101,102,227,236,236,0,2,1,3,lying,standing,False,0.0020477746,0.2677373,0.70251995,0.0016120201,0.00069630035,0.00031481663,0.00014253317,0.0014482656,0.0024362772,0.0051025613,0.014103597,0.001838681,0.70251995
pamap2,gnn_lstm,sequence,1,101,101,102,228,237,237,0,2,1,3,lying,standing,False,0.00206135,0.27456275,0.6953959,0.0016464147,0.0006999531,0.00031931637,0.00014508892,0.0014582323,0.002457511,0.0051819314,0.01420257,0.0018689267,0.6953959
pamap2,gnn_lstm,sequence,1,101,101,102,229,238,238,0,2,1,3,lying,standing,False,0.0020670549,0.28126606,0.6884856,0.0016746257,0.00070075167,0.00032253025,0.00014734101,0.001461967,0.002470885,0.0052407724,0.014269606,0.0018928245,0.6884856
pamap2,gnn_lstm,sequence,1,101,101,102,230,239,239,0,2,1,3,lying,standing,False,0.002077372,0.2846997,0.6849202,0.0016976648,0.0007033656,0.00032549468,0.00014895269,0.0014689122,0.0024851295,0.005278355,0.014286271,0.0019086604,0.6849202
pamap2,gnn_lstm,sequence,1,101,101,102,231,240,240,0,2,1,3,lying,standing,False,0.0020797087,0.28318626,0.6865331,0.0016867755,0.000702329,0.00032408518,0.00014796086,0.0014658215,0.0024759271,0.0052551143,0.014244319,0.0018986027,0.6865331
pamap2,gnn_lstm,sequence,1,101,101,102,232,241,241,0,2,1,3,lying,standing,False,0.0020617056,0.28040755,0.6895942,0.0016538993,0.0006953912,0.00031890083,0.00014562026,0.0014491172,0.0024484415,0.005177997,0.014175144,0.0018720858,0.6895942
pamap2,gnn_lstm,sequence,1,101,101,102,233,242,242,0,2,1,3,lying,standing,False,0.002068395,0.27694342,0.6928934,0.0016802388,0.0007053937,0.00032191694,0.00014693852,0.0014702956,0.0024848487,0.0051955977,0.014206019,0.0018835852,0.6928934
pamap2,gnn_lstm,sequence,1,101,101,102,234,243,243,0,2,1,3,lying,standing,False,0.0020599437,0.27710927,0.6927631,0.0016735815,0.0007022247,0.0003201369,0.00014623978,0.0014644591,0.0024765055,0.0051875287,0.014219129,0.0018778625,0.6927631
pamap2,gnn_lstm,sequence,1,101,101,102,235,244,244,0,2,1,3,lying,standing,False,0.0020577312,0.27813587,0.6916818,0.0016677972,0.00070048904,0.00031981833,0.00014590015,0.0014616011,0.0024699578,0.0052071842,0.014271549,0.0018803265,0.6916818
pamap2,gnn_lstm,sequence,1,101,101,102,236,245,245,0,2,1,3,lying,standing,False,0.0020638632,0.27963904,0.6899953,0.0016794433,0.000703777,0.0003223967,0.00014712474,0.0014689417,0.0024819132,0.0052543078,0.014348217,0.0018957107,0.6899953
pamap2,gnn_lstm,sequence,1,101,101,102,237,246,246,0,2,1,3,lying,standing,False,0.0020646227,0.28630403,0.6832659,0.0016857156,0.00069947133,0.00032350924,0.0001481988,0.0014611334,0.0024748978,0.005281025,0.014383617,0.0019079176,0.6832659
pamap2,gnn_lstm,sequence,1,101,101,102,238,247,247,0,2,1,3,lying,standing,False,0.0021877554,0.29730004,0.6704122,0.0019520472,0.0007608086,0.00035561933,0.00016356874,0.0015937029,0.0027146498,0.0056448034,0.014836492,0.0020783278,0.6704122
pamap2,gnn_lstm,sequence,1,101,101,102,239,248,248,0,2,1,3,lying,standing,False,0.003923742,0.45168057,0.49477935,0.0058507784,0.0013175443,0.0007705235,0.0003329325,0.003082388,0.0049743284,0.011803275,0.017454542,0.0040300647,0.49477935
pamap2,gnn_lstm,sequence,1,101,101,102,240,249,249,0,1,1,2,lying,sitting,False,0.0050549433,0.58950573,0.3511033,0.0073113935,0.0012625909,0.0008566266,0.00035431635,0.0032041213,0.0048726588,0.01563898,0.016445182,0.0043901023,0.58950573
pamap2,gnn_lstm,sequence,1,101,101,102,241,250,250,0,1,1,2,lying,sitting,False,0.0050156736,0.67886144,0.27242962,0.005100821,0.0008821434,0.00061839924,0.00025408622,0.0022888107,0.0033020948,0.014234832,0.013617345,0.0033947004,0.67886144
pamap2,gnn_lstm,sequence,1,101,101,102,242,251,251,0,1,1,2,lying,sitting,False,0.004238395,0.76325977,0.19639528,0.004016609,0.0006292964,0.00045775494,0.000195401,0.0017313532,0.002485309,0.012389601,0.011593926,0.0026072827,0.76325977
pamap2,gnn_lstm,sequence,1,101,101,102,243,252,252,0,1,1,2,lying,sitting,False,0.0036159968,0.694378,0.27461585,0.0013408395,0.00045095076,0.0002260665,9.856158e-05,0.0009819742,0.001418473,0.006793823,0.01450931,0.0015701724,0.694378
pamap2,gnn_lstm,sequence,1,101,101,102,244,253,253,0,1,1,2,lying,sitting,False,0.0035785153,0.6070807,0.36169967,0.00089924264,0.00048444417,0.00019228141,8.420766e-05,0.0009003428,0.0013662006,0.0048053833,0.01753249,0.0013765165,0.6070807
pamap2,gnn_lstm,sequence,1,101,101,102,245,254,254,0,1,1,2,lying,sitting,False,0.005798509,0.66631556,0.29582918,0.0012682845,0.000740341,0.00029150106,0.00011081344,0.0013207234,0.0018094336,0.0050706714,0.019776111,0.0016689022,0.66631556
pamap2,gnn_lstm,sequence,1,101,101,102,246,255,255,0,1,1,2,lying,sitting,False,0.017350694,0.83522093,0.12176003,0.0011005261,0.0010338816,0.000400011,0.00010684012,0.0016952025,0.0013007192,0.0051567294,0.013493833,0.0013806039,0.83522093
pamap2,gnn_lstm,sequence,1,101,101,102,247,256,256,0,1,1,2,lying,sitting,False,0.08796161,0.8305,0.06913079,0.0001927057,0.00081311073,0.00025290667,9.787677e-05,0.0010907085,0.00038032542,0.003033637,0.005762097,0.0007841243,0.8305
pamap2,gnn_lstm,sequence,1,101,101,102,248,257,257,0,0,1,1,lying,lying,True,0.77664,0.20763026,0.013505455,5.483714e-06,0.00023433735,6.0914128e-05,7.3062445e-05,0.00024237558,2.5363332e-05,0.00082522153,0.0005830535,0.00017455725,0.77664
pamap2,gnn_lstm,sequence,1,101,101,102,249,258,258,0,0,1,1,lying,lying,True,0.9909739,0.008409287,0.00047222417,9.0986e-08,2.2734997e-05,5.3886815e-06,1.5270005e-05,1.7857297e-05,6.751779e-07,5.785958e-05,1.568581e-05,9.121284e-06,0.9909739
pamap2,gnn_lstm,sequence,1,101,101,102,250,259,259,0,0,1,1,lying,lying,True,0.9978046,0.0020613102,9.2614384e-05,1.2139543e-08,6.409252e-06,1.4924962e-06,8.086445e-06,4.1869266e-06,1.107471e-07,1.5781116e-05,2.9636292e-06,2.3694497e-06,0.9978046
pamap2,gnn_lstm,sequence,1,101,101,102,251,260,260,0,0,1,1,lying,lying,True,0.99865603,0.0012578887,5.5225177e-05,7.454491e-09,4.8409124e-06,1.0507397e-06,7.50409e-06,2.8885904e-06,7.008823e-08,1.0688984e-05,1.9950035e-06,1.7020028e-06,0.99865603
pamap2,gnn_lstm,sequence,1,101,101,102,252,261,261,0,0,1,1,lying,lying,True,0.9989792,0.00094783475,4.5394696e-05,6.0692e-09,4.399337e-06,9.0710495e-07,7.75182e-06,2.4671947e-06,5.989691e-08,8.662307e-06,1.7444199e-06,1.4960697e-06,0.9989792
pamap2,gnn_lstm,sequence,1,101,101,102,253,262,262,0,0,1,1,lying,lying,True,0.99927,0.00068851124,2.2145945e-05,3.132573e-09,2.8028505e-06,5.910893e-07,6.444948e-06,1.5327713e-06,2.8964948e-08,6.05556e-06,8.53915e-07,9.543996e-07,0.99927
pamap2,gnn_lstm,sequence,1,101,101,102,254,263,263,0,0,1,1,lying,lying,True,0.9992981,0.0006650773,1.820098e-05,2.7891816e-09,2.542224e-06,5.459953e-07,6.7251663e-06,1.3593095e-06,2.443679e-08,5.882455e-06,7.286497e-07,8.9180213e-07,0.9992981
pamap2,gnn_lstm,sequence,1,101,101,102,255,264,264,0,0,1,1,lying,lying,True,0.9993349,0.0006283269,1.7865521e-05,2.586608e-09,2.3766484e-06,5.194606e-07,7.2235366e-06,1.2615066e-06,2.3674934e-08,5.875102e-06,7.336244e-07,8.827277e-07,0.9993349
pamap2,gnn_lstm,sequence,1,101,101,102,256,265,265,0,0,1,1,lying,lying,True,0.9994677,0.0004982631,1.529897e-05,2.212172e-09,2.2173372e-06,4.7839404e-07,8.069191e-06,1.2271088e-06,2.2338096e-08,5.256424e-06,6.528783e-07,8.212704e-07,0.9994677
pamap2,gnn_lstm,sequence,1,101,101,102,257,266,266,0,0,1,1,lying,lying,True,0.99950767,0.00046001753,1.3493737e-05,2.0280446e-09,2.1186045e-06,4.5386835e-07,8.575228e-06,1.1917548e-06,2.0754783e-08,5.0587764e-06,5.9757645e-07,7.8823695e-07,0.99950767
pamap2,gnn_lstm,sequence,1,101,101,102,258,267,267,0,0,1,1,lying,lying,True,0.9994265,0.00053836784,1.4857824e-05,2.3510767e-09,2.2602076e-06,4.9458583e-07,8.980394e-06,1.2392784e-06,2.2422332e-08,5.708874e-06,6.6323037e-07,8.7058106e-07,0.9994265
pamap2,gnn_lstm,sequence,1,101,101,102,259,268,268,0,0,1,1,lying,lying,True,0.99940395,0.00055996183,1.4052735e-05,2.5328524e-09,2.3601544e-06,5.1841215e-07,1.0091196e-05,1.3155758e-06,2.3146107e-08,6.1483847e-06,6.737514e-07,9.256886e-07,0.99940395
pamap2,gnn_lstm,sequence,1,101,101,102,260,269,269,0,0,1,1,lying,lying,True,0.99928075,0.00067581446,1.6929362e-05,3.74398e-09,2.9821458e-06,6.568102e-07,1.1358499e-05,1.6774186e-06,3.140565e-08,7.731254e-06,8.795195e-07,1.1749836e-06,0.99928075
pamap2,gnn_lstm,sequence,1,101,101,102,261,270,270,0,0,1,1,lying,lying,True,0.9993162,0.0006432655,1.6360376e-05,3.3247707e-09,2.7192764e-06,6.0679656e-07,1.0139486e-05,1.5350453e-06,2.8433458e-08,7.2593184e-06,8.128256e-07,1.0783164e-06,0.9993162
pamap2,gnn_lstm,sequence,1,101,101,102,262,271,271,0,0,1,1,lying,lying,True,0.9993855,0.0005780145,1.5250198e-05,2.6800584e-09,2.3554408e-06,5.296232e-07,8.911545e-06,1.3213215e-06,2.4042327e-08,6.3904536e-06,7.127961e-07,9.3487495e-07,0.9993855
pamap2,gnn_lstm,sequence,1,101,101,102,263,272,272,0,0,1,1,lying,lying,True,0.999419,0.00054539053,1.49684465e-05,2.5815716e-09,2.3362975e-06,5.1694826e-07,8.801838e-06,1.3132151e-06,2.3778709e-08,6.1113265e-06,7.02516e-07,9.0850966e-07,0.999419
pamap2,gnn_lstm,sequence,1,101,101,102,264,273,273,0,0,1,1,lying,lying,True,0.9994547,0.0005109308,1.4322131e-05,2.3672748e-09,2.2393283e-06,4.917182e-07,8.684964e-06,1.2640206e-06,2.2572381e-08,5.754992e-06,6.65584e-07,8.6280954e-07,0.9994547
pamap2,gnn_lstm,sequence,1,101,101,102,265,274,274,0,0,1,1,lying,lying,True,0.99949026,0.0004774806,1.3372851e-05,2.0790105e-09,2.0697635e-06,4.5533974e-07,8.400917e-06,1.168811e-06,2.0427898e-08,5.343723e-06,6.055009e-07,7.974263e-07,0.99949026
pamap2,gnn_lstm,sequence,1,101,101,102,266,275,275,0,0,1,1,lying,lying,True,0.99949825,0.0004702142,1.2873789e-05,2.0046813e-09,2.0304553e-06,4.457886e-07,8.524431e-06,1.1414268e-06,1.9675964e-08,5.2392484e-06,5.839553e-07,7.820179e-07,0.99949825
pamap2,gnn_lstm,sequence,1,101,101,102,267,276,276,0,0,1,1,lying,lying,True,0.9994886,0.0004794892,1.2766687e-05,2.042988e-09,2.0586417e-06,4.5143366e-07,8.852618e-06,1.151258e-06,1.9768159e-08,5.316296e-06,5.8689744e-07,7.9536215e-07,0.9994886
pamap2,gnn_lstm,sequence,1,101,101,102,268,277,277,0,0,1,1,lying,lying,True,0.9994742,0.0004930981,1.2758603e-05,2.1273414e-09,2.1182407e-06,4.638284e-07,9.328298e-06,1.1834518e-06,2.0287207e-08,5.4698357e-06,5.985043e-07,8.218564e-07,0.9994742
pamap2,gnn_lstm,sequence,1,101,101,102,269,278,278,0,0,1,1,lying,lying,True,0.99947256,0.00049474614,1.2232666e-05,2.1332662e-09,2.1326896e-06,4.6527902e-07,9.745666e-06,1.1987894e-06,2.0165533e-08,5.5195815e-06,5.8752755e-07,8.284281e-07,0.99947256
pamap2,gnn_lstm,sequence,1,101,101,102,270,279,279,0,0,1,1,lying,lying,True,0.9995103,0.00045835754,1.0968038e-05,1.9843527e-09,2.0766302e-06,4.471322e-07,1.0074392e-05,1.1908958e-06,1.9080614e-08,5.266021e-06,5.3876295e-07,7.9534755e-07,0.9995103
pamap2,gnn_lstm,sequence,1,101,101,102,271,280,280,0,0,1,1,lying,lying,True,0.9995096,0.0004591526,1.07709675e-05,1.9856006e-09,2.0808275e-06,4.4689702e-07,1.0228975e-05,1.1945905e-06,1.8954116e-08,5.2799164e-06,5.335553e-07,7.9664204e-07,0.9995096
pamap2,gnn_lstm,sequence,1,101,101,102,272,281,281,0,0,1,1,lying,lying,True,0.9994873,0.00048069545,1.0983999e-05,2.0771496e-09,2.1277458e-06,4.5837598e-07,1.0426056e-05,1.2118791e-06,1.9353715e-08,5.4653715e-06,5.4877535e-07,8.2040987e-07,0.9994873
pamap2,gnn_lstm,sequence,1,101,101,102,273,282,282,0,0,1,1,lying,lying,True,0.99949193,0.00047619833,1.0651275e-05,2.0602637e-09,2.1264816e-06,4.5622852e-07,1.0578047e-05,1.2140733e-06,1.9107869e-08,5.438189e-06,5.379932e-07,8.1683027e-07,0.99949193
pamap2,gnn_lstm,sequence,1,101,101,102,274,283,283,0,0,1,1,lying,lying,True,0.99947864,0.0004892999,1.0719899e-05,2.1100992e-09,2.1506578e-06,4.6186133e-07,1.0669749e-05,1.2189461e-06,1.921906e-08,5.536565e-06,5.4490414e-07,8.2867336e-07,0.99947864
pamap2,gnn_lstm,sequence,1,101,101,102,275,284,284,0,0,1,1,lying,lying,True,0.99945813,0.00050919206,1.1007671e-05,2.198497e-09,2.1929827e-06,4.7258078e-07,1.07614e-05,1.2330058e-06,1.9645887e-08,5.698344e-06,5.612512e-07,8.497746e-07,0.99945813
pamap2,gnn_lstm,sequence,1,101,101,102,276,285,285,0,0,1,1,lying,lying,True,0.9994586,0.0005087496,1.1032689e-05,2.1945432e-09,2.1892704e-06,4.7218862e-07,1.0729247e-05,1.2312146e-06,1.9639788e-08,5.6940225e-06,5.614249e-07,8.488371e-07,0.9994586
pamap2,gnn_lstm,sequence,1,101,101,102,277,286,286,0,0,1,1,lying,lying,True,0.9994628,0.00050460076,1.1014789e-05,2.1716384e-09,2.1752421e-06,4.6958732e-07,1.0686076e-05,1.2253545e-06,1.9546366e-08,5.6604085e-06,5.586713e-07,8.4383e-07,0.9994628
pamap2,gnn_lstm,sequence,1,101,101,102,278,287,287,0,0,1,1,lying,lying,True,0.9994702,0.00049745786,1.0930164e-05,2.1420394e-09,2.1610695e-06,4.660173e-07,1.0658979e-05,1.2209113e-06,1.942061e-08,5.6049225e-06,5.536283e-07,8.3683034e-07,0.9994702
pamap2,gnn_lstm,sequence,1,101,101,102,279,288,288,0,0,1,1,lying,lying,True,0.9994748,0.0004928039,1.0933363e-05,2.133751e-09,2.1587994e-06,4.6588082e-07,1.0699635e-05,1.224304e-06,1.9486746e-08,5.5921028e-06,5.5344924e-07,8.362965e-07,0.9994748
pamap2,gnn_lstm,sequence,1,101,101,102,280,289,289,0,0,1,1,lying,lying,True,0.9994735,0.00049382553,1.1008996e-05,2.1543674e-09,2.1718142e-06,4.693913e-07,1.0787664e-05,1.2342637e-06,1.9704357e-08,5.6304166e-06,5.5792015e-07,8.427919e-07,0.9994735
pamap2,gnn_lstm,sequence,1,101,101,102,281,290,290,0,0,1,1,lying,lying,True,0.9994716,0.0004957061,1.1001208e-05,2.1611455e-09,2.1759522e-06,4.698844e-07,1.0786264e-05,1.2348206e-06,1.9697293e-08,5.6366534e-06,5.5782544e-07,8.437006e-07,0.9994716
pamap2,gnn_lstm,sequence,1,101,101,102,282,291,291,0,0,1,1,lying,lying,True,0.99947304,0.0004944191,1.0948348e-05,2.15244e-09,2.173077e-06,4.683894e-07,1.07553415e-05,1.2322142e-06,1.9607958e-08,5.6124222e-06,5.5521923e-07,8.407075e-07,0.99947304
pamap2,gnn_lstm,sequence,1,101,101,102,283,292,292,0,0,1,1,lying,lying,True,0.99947697,0.00049065275,1.0871958e-05,2.1302908e-09,2.1623644e-06,4.6513995e-07,1.0690346e-05,1.2260955e-06,1.9449804e-08,5.5661817e-06,5.509207e-07,8.3437766e-07,0.99947697
pamap2,gnn_lstm,sequence,1,101,101,102,284,293,293,0,0,1,1,lying,lying,True,0.99948007,0.00048771495,1.0826259e-05,2.1107383e-09,2.150911e-06,4.6235292e-07,1.0628126e-05,1.2197512e-06,1.9318538e-08,5.5303085e-06,5.476568e-07,8.290002e-07,0.99948007
pamap2,gnn_lstm,sequence,1,101,101,102,285,294,294,0,0,1,1,lying,lying,True,0.9994849,0.00048306125,1.0743445e-05,2.0895663e-09,2.1407714e-06,4.5945197e-07,1.058953e-05,1.215753e-06,1.9193427e-08,5.486195e-06,5.431773e-07,8.231987e-07,0.9994849
pamap2,gnn_lstm,sequence,1,101,101,102,286,295,295,0,0,1,1,lying,lying,True,0.9994831,0.00048491932,1.0753953e-05,2.0918636e-09,2.1401552e-06,4.5920058e-07,1.0547965e-05,1.2130823e-06,1.9154664e-08,5.488304e-06,5.4346594e-07,8.2274596e-07,0.9994831
pamap2,gnn_lstm,sequence,1,101,101,102,287,296,296,0,0,1,1,lying,lying,True,0.99947816,0.0004899561,1.0787786e-05,2.103179e-09,2.1438948e-06,4.5981093e-07,1.0512313e-05,1.2102383e-06,1.9128937e-08,5.5070514e-06,5.451825e-07,8.243275e-07,0.99947816
pamap2,gnn_lstm,sequence,1,101,101,102,288,297,297,0,0,1,1,lying,lying,True,0.9994746,0.00049347535,1.0794993e-05,2.1114432e-09,2.147882e-06,4.6014003e-07,1.0488771e-05,1.2087656e-06,1.9103565e-08,5.5173145e-06,5.4606727e-07,8.2527094e-07,0.9994746
pamap2,gnn_lstm,sequence,1,101,101,102,289,298,298,0,0,1,1,lying,lying,True,0.9994636,0.00050423946,1.0950635e-05,2.145513e-09,2.1602743e-06,4.6391727e-07,1.0474921e-05,1.2088124e-06,1.9218625e-08,5.5871787e-06,5.533291e-07,8.33084e-07,0.9994636
pamap2,gnn_lstm,sequence,1,101,101,102,290,299,299,0,0,1,1,lying,lying,True,0.99945325,0.00051422615,1.1089053e-05,2.1821056e-09,2.1756775e-06,4.6818903e-07,1.0497704e-05,1.2118818e-06,1.9368343e-08,5.6591666e-06,5.6051994e-07,8.4177077e-07,0.99945325
pamap2,gnn_lstm,sequence,1,101,101,102,291,300,300,0,0,1,1,lying,lying,True,0.99945515,0.00051235384,1.1081231e-05,2.1785582e-09,2.1744272e-06,4.6794486e-07,1.0501899e-05,1.2129153e-06,1.9382425e-08,5.653045e-06,5.603799e-07,8.4117045e-07,0.99945515
pamap2,gnn_lstm,sequence,1,101,101,102,292,301,301,0,0,1,1,lying,lying,True,0.99945563,0.0005119421,1.1089366e-05,2.1763498e-09,2.1721214e-06,4.6791783e-07,1.0511844e-05,1.2125898e-06,1.9390345e-08,5.65514e-06,5.604475e-07,8.4120137e-07,0.99945563
pamap2,gnn_lstm,sequence,1,101,101,102,293,302,302,0,0,1,1,lying,lying,True,0.9994536,0.0005137972,1.1119727e-05,2.188918e-09,2.179105e-06,4.696802e-07,1.0552311e-05,1.2166369e-06,1.9477191e-08,5.678518e-06,5.6258835e-07,8.4463056e-07,0.9994536
pamap2,gnn_lstm,sequence,1,101,101,102,294,303,303,0,0,1,1,lying,lying,True,0.99944896,0.00051836733,1.1178889e-05,2.21081e-09,2.1903645e-06,4.7237052e-07,1.0585382e-05,1.2211706e-06,1.9588159e-08,5.717033e-06,5.6622656e-07,8.498835e-07,0.99944896
pamap2,gnn_lstm,sequence,1,101,101,102,295,304,304,0,0,1,1,lying,lying,True,0.999446,0.0005212907,1.1200263e-05,2.2186522e-09,2.1935039e-06,4.729763e-07,1.0568577e-05,1.2205336e-06,1.958758e-08,5.7288653e-06,5.671436e-07,8.511106e-07,0.999446
pamap2,gnn_lstm,sequence,1,101,101,102,296,305,305,0,0,1,1,lying,lying,True,0.99944574,0.0005216304,1.1185209e-05,2.2119504e-09,2.1891506e-06,4.7182155e-07,1.05324325e-05,1.2164498e-06,1.950916e-08,5.71653e-06,5.657044e-07,8.489913e-07,0.99944574
pamap2,gnn_lstm,sequence,1,101,101,102,297,306,306,0,0,1,1,lying,lying,True,0.9994481,0.00051922555,1.1156768e-05,2.2000313e-09,2.1833657e-06,4.703195e-07,1.0510885e-05,1.2138429e-06,1.9448649e-08,5.695256e-06,5.6403525e-07,8.461368e-07,0.9994481
pamap2,gnn_lstm,sequence,1,101,101,102,298,307,307,0,0,1,1,lying,lying,True,0.9994516,0.0005159702,1.1129315e-05,2.1876823e-09,2.1770543e-06,4.689546e-07,1.0502103e-05,1.2122692e-06,1.9408954e-08,5.675231e-06,5.6246273e-07,8.4347937e-07,0.9994516
pamap2,gnn_lstm,sequence,1,101,101,102,299,308,308,0,0,1,1,lying,lying,True,0.9994499,0.0005174146,1.1158576e-05,2.198823e-09,2.1828344e-06,4.7043875e-07,1.05246645e-05,1.2156338e-06,1.9483995e-08,5.695353e-06,5.646008e-07,8.462553e-07,0.9994499
pamap2,gnn_lstm,sequence,1,101,101,102,300,309,309,0,0,1,1,lying,lying,True,0.9994499,0.00051746616,1.1159492e-05,2.1993556e-09,2.1825388e-06,4.7041812e-07,1.051401e-05,1.215446e-06,1.948091e-08,5.6953963e-06,5.6458896e-07,8.4608746e-07,0.9994499
pamap2,gnn_lstm,sequence,1,101,101,102,301,310,310,0,0,1,1,lying,lying,True,0.9994474,0.0005199075,1.1213209e-05,2.2105962e-09,2.186942e-06,4.719668e-07,1.0524638e-05,1.2172027e-06,1.9550468e-08,5.7179295e-06,5.668729e-07,8.4896516e-07,0.9994474
pamap2,gnn_lstm,sequence,1,101,101,102,302,311,311,0,0,1,1,lying,lying,True,0.9994449,0.0005222923,1.1241588e-05,2.2225295e-09,2.1937153e-06,4.736335e-07,1.0560969e-05,1.2201959e-06,1.9620277e-08,5.7395882e-06,5.6872125e-07,8.5220046e-07,0.9994449
pamap2,gnn_lstm,sequence,1,101,101,102,303,312,312,0,0,1,1,lying,lying,True,0.99944466,0.0005225224,1.1228761e-05,2.2229487e-09,2.1947442e-06,4.7383034e-07,1.0580452e-05,1.2207661e-06,1.9620195e-08,5.7419957e-06,5.684858e-07,8.5264656e-07,0.99944466
pamap2,gnn_lstm,sequence,1,101,101,102,304,313,313,0,0,1,1,lying,lying,True,0.99944645,0.00052083295,1.1185259e-05,2.2128548e-09,2.1899373e-06,4.7246843e-07,1.0568813e-05,1.218429e-06,1.9549555e-08,5.7241273e-06,5.663126e-07,8.501311e-07,0.99944645
pamap2,gnn_lstm,sequence,1,101,101,102,305,314,314,0,0,1,1,lying,lying,True,0.99944884,0.0005184864,1.1136706e-05,2.2073212e-09,2.1894286e-06,4.7164937e-07,1.0567971e-05,1.2193574e-06,1.9523368e-08,5.7079073e-06,5.647488e-07,8.4846135e-07,0.99944884
pamap2,gnn_lstm,sequence,1,101,101,102,306,315,315,0,0,1,1,lying,lying,True,0.99944896,0.0005184131,1.1119367e-05,2.2064794e-09,2.1891638e-06,4.7134992e-07,1.0555897e-05,1.2189748e-06,1.9501561e-08,5.7044467e-06,5.6424983e-07,8.478483e-07,0.99944896
pamap2,gnn_lstm,sequence,1,101,101,102,307,316,316,0,0,1,1,lying,lying,True,0.99944586,0.0005213998,1.1150458e-05,2.2139597e-09,2.1910514e-06,4.7194578e-07,1.05344325e-05,1.2177546e-06,1.9503139e-08,5.7192788e-06,5.656527e-07,8.4911125e-07,0.99944586
pamap2,gnn_lstm,sequence,1,101,101,102,308,317,317,0,0,1,1,lying,lying,True,0.9994429,0.000524443,1.1190447e-05,2.216708e-09,2.188927e-06,4.7194484e-07,1.0499398e-05,1.2137984e-06,1.9471708e-08,5.7297875e-06,5.666758e-07,8.493841e-07,0.9994429
pamap2,gnn_lstm,sequence,1,101,101,102,309,318,318,0,0,1,1,lying,lying,True,0.9994412,0.00052611553,1.1203905e-05,2.2205384e-09,2.1900719e-06,4.722056e-07,1.0494605e-05,1.212939e-06,1.9467741e-08,5.7372904e-06,5.6740544e-07,8.5006826e-07,0.9994412
pamap2,gnn_lstm,sequence,1,101,101,102,310,319,319,0,0,1,1,lying,lying,True,0.99944013,0.00052717974,1.1199577e-05,2.2296818e-09,2.197178e-06,4.7333137e-07,1.0525535e-05,1.21645e-06,1.9515417e-08,5.7480515e-06,5.6830055e-07,8.521948e-07,0.99944013
pamap2,gnn_lstm,sequence,1,101,101,102,311,320,320,0,0,1,1,lying,lying,True,0.9994355,0.0005314387,1.1258272e-05,2.2538553e-09,2.2110685e-06,4.7627648e-07,1.0553902e-05,1.222556e-06,1.9647503e-08,5.784892e-06,5.722348e-07,8.576919e-07,0.9994355
pamap2,gnn_lstm,sequence,1,101,101,102,312,321,321,0,0,1,1,lying,lying,True,0.9994332,0.00053379097,1.13005435e-05,2.2582956e-09,2.2106692e-06,4.7644306e-07,1.0505316e-05,1.2203795e-06,1.9640714e-08,5.7928396e-06,5.735021e-07,8.57919e-07,0.9994332
pamap2,gnn_lstm,sequence,1,101,101,102,313,322,322,0,0,1,1,lying,lying,True,0.99943095,0.00053603284,1.1320257e-05,2.2587812e-09,2.2081863e-06,4.7605957e-07,1.0465144e-05,1.2167011e-06,1.9597037e-08,5.7957222e-06,5.737617e-07,8.5733797e-07,0.99943095
pamap2,gnn_lstm,sequence,1,101,101,102,314,323,323,0,0,1,1,lying,lying,True,0.99942905,0.00053794583,1.1323626e-05,2.2585356e-09,2.2063043e-06,4.7576683e-07,1.0448261e-05,1.2137122e-06,1.955339e-08,5.7985085e-06,5.735763e-07,8.570036e-07,0.99942905
pamap2,gnn_lstm,sequence,1,101,101,102,315,324,324,0,0,1,1,lying,lying,True,0.9994267,0.0005402365,1.1338641e-05,2.265092e-09,2.208935e-06,4.7636453e-07,1.0447957e-05,1.2135844e-06,1.9560282e-08,5.8105015e-06,5.7451655e-07,8.582833e-07,0.9994267
pamap2,gnn_lstm,sequence,1,101,101,102,316,325,325,0,0,1,1,lying,lying,True,0.9994252,0.0005418103,1.1361484e-05,2.26664e-09,2.2078914e-06,4.763674e-07,1.04299015e-05,1.2116927e-06,1.95472e-08,5.8163137e-06,5.7519327e-07,8.5845386e-07,0.9994252
pamap2,gnn_lstm,sequence,1,101,101,102,317,326,326,0,0,1,1,lying,lying,True,0.9994229,0.0005440848,1.1376746e-05,2.269858e-09,2.2080715e-06,4.7642402e-07,1.0415913e-05,1.2096267e-06,1.9523755e-08,5.823894e-06,5.7583736e-07,8.588695e-07,0.9994229
pamap2,gnn_lstm,sequence,1,101,101,102,318,327,327,0,0,1,1,lying,lying,True,0.9994199,0.00054707105,1.14277655e-05,2.28027e-09,2.2122024e-06,4.776113e-07,1.0418564e-05,1.210072e-06,1.9567537e-08,5.844658e-06,5.783211e-07,8.613721e-07,0.9994199
pamap2,gnn_lstm,sequence,1,101,101,102,319,328,328,0,0,1,1,lying,lying,True,0.99941754,0.0005492986,1.1454438e-05,2.2923965e-09,2.2195914e-06,4.791134e-07,1.0452106e-05,1.2132433e-06,1.9637483e-08,5.864185e-06,5.803141e-07,8.643637e-07,0.99941754
pamap2,gnn_lstm,sequence,1,101,101,102,320,329,329,0,0,1,1,lying,lying,True,0.99941707,0.0005497887,1.14694185e-05,2.2934927e-09,2.2197598e-06,4.7960737e-07,1.0485997e-05,1.2138064e-06,1.9664949e-08,5.8732044e-06,5.8088636e-07,8.65594e-07,0.99941707
pamap2,gnn_lstm,sequence,1,101,101,102,321,330,330,0,0,1,1,lying,lying,True,0.9994161,0.0005505473,1.1494429e-05,2.3034028e-09,2.225956e-06,4.8129164e-07,1.0548947e-05,1.2185246e-06,1.9763783e-08,5.8937912e-06,5.826718e-07,8.689521e-07,0.9994161
pamap2,gnn_lstm,sequence,1,101,101,102,322,331,331,0,0,1,1,lying,lying,True,0.99941707,0.0005496251,1.14955565e-05,2.3041258e-09,2.226888e-06,4.8175997e-07,1.0580845e-05,1.2207846e-06,1.9803576e-08,5.8974792e-06,5.828185e-07,8.6984585e-07,0.99941707
pamap2,gnn_lstm,sequence,1,101,101,102,323,332,332,0,0,1,1,lying,lying,True,0.9994197,0.0005469999,1.1469262e-05,2.2992719e-09,2.2257325e-06,4.8135854e-07,1.0589231e-05,1.2222707e-06,1.9806572e-08,5.8859537e-06,5.8179324e-07,8.68903e-07,0.9994197
pamap2,gnn_lstm,sequence,1,101,101,102,324,333,333,0,0,1,1,lying,lying,True,0.9994215,0.0005452125,1.1452145e-05,2.2943345e-09,2.2236595e-06,4.8066397e-07,1.0568951e-05,1.2220736e-06,1.9786182e-08,5.8735213e-06,5.809454e-07,8.67401e-07,0.9994215
pamap2,gnn_lstm,sequence,1,101,101,102,325,334,334,0,0,1,1,lying,lying,True,0.9994234,0.000543462,1.1408411e-05,2.2856557e-09,2.2203665e-06,4.7940915e-07,1.0550653e-05,1.2204653e-06,1.9724235e-08,5.853849e-06,5.7877764e-07,8.649114e-07,0.9994234
pamap2,gnn_lstm,sequence,1,101,101,102,326,335,335,0,0,1,1,lying,lying,True,0.99942315,0.0005436918,1.1402556e-05,2.2879059e-09,2.2221327e-06,4.795581e-07,1.0542172e-05,1.2212438e-06,1.9727993e-08,5.854473e-06,5.7886365e-07,8.6502826e-07,0.99942315
pamap2,gnn_lstm,sequence,1,101,101,102,327,336,336,0,0,1,1,lying,lying,True,0.9994254,0.0005415452,1.1374052e-05,2.276845e-09,2.2160616e-06,4.780532e-07,1.0498773e-05,1.2184279e-06,1.9661286e-08,5.8333744e-06,5.769866e-07,8.618682e-07,0.9994254
pamap2,gnn_lstm,sequence,1,101,101,102,328,337,337,0,0,1,1,lying,lying,True,0.9994259,0.0005410519,1.1394957e-05,2.2715887e-09,2.2111778e-06,4.77473e-07,1.04631545e-05,1.2157241e-06,1.9637795e-08,5.828451e-06,5.76977e-07,8.605759e-07,0.9994259
pamap2,gnn_lstm,sequence,1,101,101,102,329,338,338,0,0,1,1,lying,lying,True,0.9994287,0.00053826714,1.1385659e-05,2.2626483e-09,2.206676e-06,4.7661496e-07,1.0451526e-05,1.2147493e-06,1.9621154e-08,5.812575e-06,5.759923e-07,8.5865014e-07,0.9994287
pamap2,gnn_lstm,sequence,1,101,101,102,330,339,339,0,0,1,1,lying,lying,True,0.99942845,0.0005384028,1.143653e-05,2.2690438e-09,2.2094403e-06,4.777512e-07,1.0457506e-05,1.217045e-06,1.9699447e-08,5.8247592e-06,5.781385e-07,8.60519e-07,0.99942845
pamap2,gnn_lstm,sequence,1,101,101,102,331,340,340,0,0,1,1,lying,lying,True,0.99942845,0.0005383666,1.14612285e-05,2.2725868e-09,2.2115316e-06,4.784356e-07,1.0469569e-05,1.2185769e-06,1.9743382e-08,5.8306787e-06,5.791241e-07,8.61672e-07,0.99942845
pamap2,gnn_lstm,sequence,1,101,101,102,332,341,341,0,0,1,1,lying,lying,True,0.99942905,0.00053776754,1.1471252e-05,2.2727702e-09,2.212577e-06,4.78596e-07,1.04762275e-05,1.2194228e-06,1.9764569e-08,5.828881e-06,5.794536e-07,8.6193216e-07,0.99942905
pamap2,gnn_lstm,sequence,1,101,101,102,333,342,342,0,0,1,1,lying,lying,True,0.9994313,0.00053552457,1.1460956e-05,2.2682587e-09,2.2120105e-06,4.783051e-07,1.0487248e-05,1.2206124e-06,1.9777586e-08,5.8181304e-06,5.789037e-07,8.612299e-07,0.9994313
pamap2,gnn_lstm,sequence,1,101,101,102,334,343,343,0,0,1,1,lying,lying,True,0.9994342,0.00053264404,1.14225795e-05,2.2589697e-09,2.2087368e-06,4.7728486e-07,1.0487067e-05,1.220404e-06,1.9746885e-08,5.7990583e-06,5.770743e-07,8.5912006e-07,0.9994342
pamap2,gnn_lstm,sequence,1,101,101,102,335,344,344,0,0,1,1,lying,lying,True,0.99943894,0.0005280516,1.13707465e-05,2.2476212e-09,2.2054428e-06,4.7607514e-07,1.0485216e-05,1.2215963e-06,1.9727892e-08,5.7732495e-06,5.7496646e-07,8.5642137e-07,0.99943894
pamap2,gnn_lstm,sequence,1,101,101,102,336,345,345,0,0,1,1,lying,lying,True,0.99944454,0.0005227242,1.1297525e-05,2.2200375e-09,2.190944e-06,4.7258925e-07,1.0431458e-05,1.2154094e-06,1.9578287e-08,5.723658e-06,5.6999926e-07,8.4956207e-07,0.99944454
pamap2,gnn_lstm,sequence,1,101,101,102,337,346,346,0,0,1,1,lying,lying,True,0.99944764,0.000519771,1.1237406e-05,2.2011886e-09,2.1811895e-06,4.6989334e-07,1.0388819e-05,1.2099498e-06,1.9446711e-08,5.6874537e-06,5.663457e-07,8.444974e-07,0.99944764
pamap2,gnn_lstm,sequence,1,101,101,102,338,347,347,0,0,1,1,lying,lying,True,0.9994468,0.0005206643,1.1206297e-05,2.196431e-09,2.1785352e-06,4.6889468e-07,1.037966e-05,1.2064036e-06,1.9365707e-08,5.6790045e-06,5.64877e-07,8.430266e-07,0.9994468
pamap2,gnn_lstm,sequence,1,101,101,102,339,348,348,0,0,1,1,lying,lying,True,0.99944645,0.00052101834,1.11885565e-05,2.1944284e-09,2.1776457e-06,4.6856374e-07,1.0392334e-05,1.2053313e-06,1.9336689e-08,5.677475e-06,5.643157e-07,8.4273853e-07,0.99944645
pamap2,gnn_lstm,sequence,1,101,101,102,340,349,349,0,0,1,1,lying,lying,True,0.9994449,0.0005225494,1.1225476e-05,2.2040814e-09,2.1824321e-06,4.6995882e-07,1.041953e-05,1.2082411e-06,1.9411823e-08,5.697302e-06,5.664462e-07,8.455065e-07,0.9994449
pamap2,gnn_lstm,sequence,1,101,101,102,341,350,350,0,0,1,1,lying,lying,True,0.99944466,0.00052281795,1.1233408e-05,2.203316e-09,2.1808837e-06,4.6984982e-07,1.0414322e-05,1.2073458e-06,1.9405896e-08,5.698431e-06,5.6646394e-07,8.4536924e-07,0.99944466
pamap2,gnn_lstm,sequence,1,101,101,102,342,351,351,0,0,1,1,lying,lying,True,0.99944454,0.0005227301,1.125947e-05,2.2043036e-09,2.1801993e-06,4.7025324e-07,1.0425291e-05,1.2078145e-06,1.9438122e-08,5.705592e-06,5.6738406e-07,8.461838e-07,0.99944454
pamap2,gnn_lstm,sequence,1,101,101,102,343,352,352,0,0,1,1,lying,lying,True,0.9994436,0.0005235703,1.1297988e-05,2.2177415e-09,2.1882315e-06,4.7229906e-07,1.0472164e-05,1.213555e-06,1.9558522e-08,5.7287148e-06,5.699585e-07,8.499608e-07,0.9994436
pamap2,gnn_lstm,sequence,1,101,101,102,344,353,353,0,0,1,1,lying,lying,True,0.99944407,0.00052320864,1.1298801e-05,2.2147921e-09,2.1863823e-06,4.7180816e-07,1.0453909e-05,1.2123514e-06,1.9536907e-08,5.7223347e-06,5.695056e-07,8.490109e-07,0.99944407
pamap2,gnn_lstm,sequence,1,101,101,102,345,354,354,0,0,1,1,lying,lying,True,0.99944216,0.0005251603,1.1325372e-05,2.2219173e-09,2.1894414e-06,4.7242455e-07,1.0440758e-05,1.2124971e-06,1.9552603e-08,5.7323846e-06,5.70711e-07,8.5017604e-07,0.99944216
pamap2,gnn_lstm,sequence,1,101,101,102,346,355,355,0,0,1,1,lying,lying,True,0.99944097,0.0005262875,1.134089e-05,2.2217157e-09,2.1875644e-06,4.722956e-07,1.0424289e-05,1.210161e-06,1.9527086e-08,5.7359325e-06,5.7105166e-07,8.5003563e-07,0.99944097
pamap2,gnn_lstm,sequence,1,101,101,102,347,356,356,0,0,1,1,lying,lying,True,0.9994438,0.00052349555,1.1314369e-05,2.2134232e-09,2.1839123e-06,4.7154444e-07,1.04305145e-05,1.209929e-06,1.9508978e-08,5.722317e-06,5.6985533e-07,8.4843845e-07,0.9994438
pamap2,gnn_lstm,sequence,1,101,101,102,348,357,357,0,0,1,1,lying,lying,True,0.9994485,0.00051888893,1.1273202e-05,2.1991091e-09,2.1775916e-06,4.700394e-07,1.042395e-05,1.2092323e-06,1.9472708e-08,5.695535e-06,5.6768397e-07,8.4527727e-07,0.9994485
pamap2,gnn_lstm,sequence,1,101,101,102,349,358,358,0,0,1,1,lying,lying,True,0.9994504,0.00051697023,1.1246336e-05,2.1956303e-09,2.177299e-06,4.6968495e-07,1.0433319e-05,1.2103927e-06,1.9471223e-08,5.6856848e-06,5.667503e-07,8.4445225e-07,0.9994504
pamap2,gnn_lstm,sequence,1,101,101,102,350,359,359,0,0,1,1,lying,lying,True,0.99945,0.0005173601,1.1235911e-05,2.200875e-09,2.181894e-06,4.7043025e-07,1.04621795e-05,1.2131891e-06,1.9504855e-08,5.691759e-06,5.669285e-07,8.458399e-07,0.99945
pamap2,gnn_lstm,sequence,1,101,101,102,351,360,360,0,0,1,1,lying,lying,True,0.99945265,0.0005147688,1.1212713e-05,2.191573e-09,2.1782714e-06,4.6958615e-07,1.0464692e-05,1.2129701e-06,1.9486647e-08,5.6758327e-06,5.654823e-07,8.441047e-07,0.99945265
pamap2,gnn_lstm,sequence,1,101,101,102,352,361,361,0,0,1,1,lying,lying,True,0.9994523,0.0005150301,1.1240932e-05,2.1954378e-09,2.1804574e-06,4.7042911e-07,1.0485917e-05,1.2150108e-06,1.9543405e-08,5.6857175e-06,5.667254e-07,8.4568694e-07,0.9994523
pamap2,gnn_lstm,sequence,1,101,101,102,353,362,362,0,0,1,1,lying,lying,True,0.9994524,0.0005150034,1.1234224e-05,2.1948057e-09,2.1804224e-06,4.7032952e-07,1.0489599e-05,1.2149659e-06,1.9536921e-08,5.6839995e-06,5.663657e-07,8.455427e-07,0.9994524
pamap2,gnn_lstm,sequence,1,101,101,102,354,363,363,0,0,1,1,lying,lying,True,0.9994548,0.00051260437,1.1189727e-05,2.1832622e-09,2.174978e-06,4.6896014e-07,1.04856035e-05,1.2129937e-06,1.947469e-08,5.663981e-06,5.639858e-07,8.429288e-07,0.9994548
pamap2,gnn_lstm,sequence,1,101,101,102,355,364,364,0,0,1,1,lying,lying,True,0.99945945,0.0005081294,1.1141924e-05,2.168895e-09,2.169279e-06,4.6739916e-07,1.0482372e-05,1.2126499e-06,1.9436929e-08,5.6352737e-06,5.6143824e-07,8.3970565e-07,0.99945945
pamap2,gnn_lstm,sequence,1,101,101,102,356,365,365,0,0,1,1,lying,lying,True,0.999461,0.0005065632,1.11263425e-05,2.1662896e-09,2.1691415e-06,4.670608e-07,1.0475353e-05,1.213656e-06,1.9439478e-08,5.6254244e-06,5.607788e-07,8.387994e-07,0.999461
pamap2,gnn_lstm,sequence,1,101,101,102,357,366,366,0,0,1,1,lying,lying,True,0.9994616,0.00050600973,1.1131974e-05,2.1562903e-09,2.161669e-06,4.656752e-07,1.0431217e-05,1.2087914e-06,1.9368875e-08,5.6110734e-06,5.5960004e-07,8.362153e-07,0.9994616
pamap2,gnn_lstm,sequence,1,101,101,102,358,367,367,0,0,1,1,lying,lying,True,0.99946076,0.00050687726,1.1117909e-05,2.155832e-09,2.161488e-06,4.6547368e-07,1.0440006e-05,1.2074689e-06,1.933752e-08,5.6110903e-06,5.590539e-07,8.361157e-07,0.99946076
pamap2,gnn_lstm,sequence,1,101,101,102,359,368,368,0,0,1,1,lying,lying,True,0.9994622,0.0005054826,1.1072721e-05,2.1511812e-09,2.1609842e-06,4.6493128e-07,1.0461678e-05,1.2079188e-06,1.9310603e-08,5.6011327e-06,5.575947e-07,8.351861e-07,0.9994622
pamap2,gnn_lstm,sequence,1,101,101,102,360,369,369,0,0,1,1,lying,lying,True,0.9994641,0.00050362025,1.1056164e-05,2.1482167e-09,2.1605927e-06,4.6479207e-07,1.0478123e-05,1.2095786e-06,1.9325931e-08,5.595489e-06,5.5716407e-07,8.3482774e-07,0.9994641
pamap2,gnn_lstm,sequence,1,101,101,102,361,370,370,0,0,1,1,lying,lying,True,0.9994617,0.0005058342,1.1095611e-05,2.1590971e-09,2.165423e-06,4.6614804e-07,1.0488997e-05,1.2116851e-06,1.9387654e-08,5.616385e-06,5.593104e-07,8.3746994e-07,0.9994617
pamap2,gnn_lstm,sequence,1,101,101,102,362,371,371,0,0,1,1,lying,lying,True,0.99946016,0.00050740363,1.1136557e-05,2.172337e-09,2.172908e-06,4.6791595e-07,1.0506359e-05,1.2160579e-06,1.948501e-08,5.6369545e-06,5.617632e-07,8.406293e-07,0.99946016
pamap2,gnn_lstm,sequence,1,101,101,102,363,372,372,0,0,1,1,lying,lying,True,0.9994624,0.0005051044,1.1101611e-05,2.1602602e-09,2.166643e-06,4.6626394e-07,1.0468018e-05,1.2131821e-06,1.9412273e-08,5.6122985e-06,5.5932355e-07,8.372342e-07,0.9994624
pamap2,gnn_lstm,sequence,1,101,101,102,364,373,373,0,0,1,1,lying,lying,True,0.99946374,0.0005039552,1.1101254e-05,2.1462994e-09,2.1567257e-06,4.6434533e-07,1.0412405e-05,1.2069786e-06,1.9318406e-08,5.5917476e-06,5.5766253e-07,8.336579e-07,0.99946374
pamap2,gnn_lstm,sequence,1,101,101,102,365,374,374,0,0,1,1,lying,lying,True,0.9994624,0.0005051736,1.1142882e-05,2.1523225e-09,2.159065e-06,4.651456e-07,1.041401e-05,1.2076644e-06,1.9361652e-08,5.6038643e-06,5.5949323e-07,8.352261e-07,0.9994624
pamap2,gnn_lstm,sequence,1,101,101,102,366,375,375,0,0,1,1,lying,lying,True,0.9994634,0.0005041746,1.1140714e-05,2.150183e-09,2.158194e-06,4.650161e-07,1.0419612e-05,1.2078924e-06,1.9365585e-08,5.5996866e-06,5.5925904e-07,8.3487333e-07,0.9994634
pamap2,gnn_lstm,sequence,1,101,101,102,367,376,376,0,0,1,1,lying,lying,True,0.9994624,0.000505154,1.1148197e-05,2.1535709e-09,2.159629e-06,4.6545978e-07,1.0429893e-05,1.2080756e-06,1.9375024e-08,5.6070608e-06,5.597526e-07,8.357823e-07,0.9994624
pamap2,gnn_lstm,sequence,1,101,101,102,368,377,377,0,0,1,1,lying,lying,True,0.9994655,0.0005020323,1.1132773e-05,2.1463442e-09,2.1572807e-06,4.64908e-07,1.0440264e-05,1.2091858e-06,1.9385581e-08,5.5932774e-06,5.590251e-07,8.3455194e-07,0.9994655
pamap2,gnn_lstm,sequence,1,101,101,102,369,378,378,0,0,1,1,lying,lying,True,0.99946874,0.0004988292,1.1120181e-05,2.1374693e-09,2.1533886e-06,4.641365e-07,1.0443375e-05,1.2095612e-06,1.9386755e-08,5.5775176e-06,5.579941e-07,8.3289285e-07,0.99946874
pamap2,gnn_lstm,sequence,1,101,101,102,370,379,379,0,0,1,1,lying,lying,True,0.999469,0.00049861096,1.1127292e-05,2.1402113e-09,2.1553737e-06,4.6456435e-07,1.0452355e-05,1.2112918e-06,1.9417845e-08,5.5807864e-06,5.584782e-07,8.3360186e-07,0.999469
pamap2,gnn_lstm,sequence,1,101,101,102,371,380,380,0,0,1,1,lying,lying,True,0.99946994,0.0004977679,1.109219e-05,2.1379123e-09,2.1557357e-06,4.6409278e-07,1.0448896e-05,1.2115297e-06,1.9389514e-08,5.571363e-06,5.573045e-07,8.326048e-07,0.99946994
pamap2,gnn_lstm,sequence,1,101,101,102,372,381,381,0,0,1,1,lying,lying,True,0.99946994,0.0004978417,1.1061977e-05,2.1324915e-09,2.1523463e-06,4.6303882e-07,1.0424224e-05,1.2084142e-06,1.931348e-08,5.561022e-06,5.558061e-07,8.307314e-07,0.99946994
pamap2,gnn_lstm,sequence,1,101,101,102,373,382,382,0,0,1,1,lying,lying,True,0.9994716,0.0004961826,1.10324645e-05,2.122355e-09,2.1467308e-06,4.6174137e-07,1.041359e-05,1.205656e-06,1.925055e-08,5.545361e-06,5.541488e-07,8.2840677e-07,0.9994716
pamap2,gnn_lstm,sequence,1,101,101,102,374,383,383,0,0,1,1,lying,lying,True,0.9994709,0.0004968473,1.1046059e-05,2.1301032e-09,2.1519704e-06,4.6286087e-07,1.0442601e-05,1.2089156e-06,1.931254e-08,5.5581486e-06,5.555687e-07,8.3056426e-07,0.9994709
pamap2,gnn_lstm,sequence,1,101,101,102,375,384,384,0,0,1,1,lying,lying,True,0.9994708,0.00049696595,1.1048238e-05,2.129246e-09,2.1510205e-06,4.626274e-07,1.0426122e-05,1.2080857e-06,1.9299613e-08,5.55606e-06,5.5543404e-07,8.300922e-07,0.9994708
pamap2,gnn_lstm,sequence,1,101,101,102,376,385,385,0,0,1,1,lying,lying,True,0.99947053,0.0004972356,1.1039409e-05,2.1300133e-09,2.1517092e-06,4.6245125e-07,1.0410162e-05,1.207832e-06,1.9285e-08,5.553124e-06,5.55184e-07,8.2967097e-07,0.99947053
pamap2,gnn_lstm,sequence,1,101,101,102,377,386,386,0,0,1,1,lying,lying,True,0.9994704,0.00049750874,1.1031327e-05,2.1286726e-09,2.1507528e-06,4.6198267e-07,1.0383885e-05,1.206394e-06,1.9252802e-08,5.5478404e-06,5.547579e-07,8.287187e-07,0.9994704
pamap2,gnn_lstm,sequence,1,101,101,102,378,387,387,0,0,1,1,lying,lying,True,0.9994677,0.0005000782,1.108527e-05,2.1326372e-09,2.1495227e-06,4.6252538e-07,1.0369656e-05,1.2040264e-06,1.9261272e-08,5.563227e-06,5.5633353e-07,8.2993444e-07,0.9994677
pamap2,gnn_lstm,sequence,1,101,101,102,379,388,388,0,0,1,1,lying,lying,True,0.9994655,0.00050206215,1.11513245e-05,2.141674e-09,2.1521334e-06,4.641146e-07,1.03986e-05,1.2055405e-06,1.9343993e-08,5.5883293e-06,5.5904644e-07,8.330761e-07,0.9994655
pamap2,gnn_lstm,sequence,1,101,101,102,380,389,389,0,0,1,1,lying,lying,True,0.9994655,0.0005021048,1.1161816e-05,2.1488673e-09,2.1573405e-06,4.653099e-07,1.0438015e-05,1.2095896e-06,1.9417554e-08,5.5994155e-06,5.6015057e-07,8.35235e-07,0.9994655
pamap2,gnn_lstm,sequence,1,101,101,102,381,390,390,0,0,1,1,lying,lying,True,0.9994685,0.0004992357,1.1101625e-05,2.134747e-09,2.150886e-06,4.635162e-07,1.0429081e-05,1.2070581e-06,1.9332763e-08,5.572168e-06,5.56859e-07,8.3176394e-07,0.9994685
pamap2,gnn_lstm,sequence,1,101,101,102,382,391,391,0,0,1,1,lying,lying,True,0.99947137,0.00049646414,1.1053978e-05,2.123942e-09,2.146843e-06,4.6211397e-07,1.0420372e-05,1.2059522e-06,1.9278763e-08,5.5485866e-06,5.5454626e-07,8.290135e-07,0.99947137
pamap2,gnn_lstm,sequence,1,101,101,102,383,392,392,0,0,1,1,lying,lying,True,0.99947137,0.00049644045,1.1078018e-05,2.1283457e-09,2.1502894e-06,4.6299135e-07,1.0441919e-05,1.2086892e-06,1.9341966e-08,5.5562646e-06,5.5585514e-07,8.306137e-07,0.99947137
pamap2,gnn_lstm,sequence,1,101,101,102,384,393,393,0,0,1,1,lying,lying,True,0.9994729,0.00049468834,1.1093662e-05,2.1263447e-09,2.1502804e-06,4.6337107e-07,1.0474729e-05,1.2111523e-06,1.9400076e-08,5.5568566e-06,5.564256e-07,8.313108e-07,0.9994729
pamap2,gnn_lstm,sequence,1,101,101,102,385,394,394,0,0,1,1,lying,lying,True,0.99947566,0.00049205247,1.1081934e-05,2.1207611e-09,2.1480769e-06,4.631183e-07,1.0493865e-05,1.2128177e-06,1.9422197e-08,5.549251e-06,5.557462e-07,8.306584e-07,0.99947566
pamap2,gnn_lstm,sequence,1,101,101,102,386,395,395,0,0,1,1,lying,lying,True,0.9994795,0.0004883725,1.1010499e-05,2.1137827e-09,2.1480935e-06,4.6240467e-07,1.0516998e-05,1.215737e-06,1.9410754e-08,5.528207e-06,5.530993e-07,8.288764e-07,0.9994795
pamap2,gnn_lstm,sequence,1,101,101,102,387,396,396,0,0,1,1,lying,lying,True,0.999483,0.00048498428,1.0936749e-05,2.0946582e-09,2.1385654e-06,4.597351e-07,1.0474426e-05,1.2110281e-06,1.9277223e-08,5.4898896e-06,5.4879393e-07,8.236157e-07,0.999483
pamap2,gnn_lstm,sequence,1,101,101,102,388,397,397,0,0,1,1,lying,lying,True,0.99948275,0.00048517474,1.0932971e-05,2.0891753e-09,2.134502e-06,4.589176e-07,1.04585615e-05,1.2076994e-06,1.922398e-08,5.4831435e-06,5.479957e-07,8.223033e-07,0.99948275
pamap2,gnn_lstm,sequence,1,101,101,102,389,398,398,0,0,1,1,lying,lying,True,0.9994824,0.00048553676,1.0954561e-05,2.091427e-09,2.1353462e-06,4.5942892e-07,1.0478306e-05,1.2085745e-06,1.9259351e-08,5.491536e-06,5.4907315e-07,8.23455e-07,0.9994824
pamap2,gnn_lstm,sequence,1,101,101,102,390,399,399,0,0,1,1,lying,lying,True,0.9994856,0.00048229148,1.0913334e-05,2.0835942e-09,2.1328924e-06,4.5891585e-07,1.0515058e-05,1.2105302e-06,1.9264668e-08,5.47914e-06,5.474801e-07,8.223558e-07,0.9994856
pamap2,gnn_lstm,sequence,1,101,101,102,391,400,400,0,0,1,1,lying,lying,True,0.99948955,0.00047843883,1.08528275e-05,2.0682238e-09,2.1255885e-06,4.571952e-07,1.051885e-05,1.2091216e-06,1.9200877e-08,5.4529455e-06,5.444063e-07,8.18992e-07,0.99948955
pamap2,gnn_lstm,sequence,1,101,101,102,392,401,401,0,0,1,1,lying,lying,True,0.99949086,0.00047707738,1.0798082e-05,2.0678634e-09,2.128403e-06,4.5719406e-07,1.0552332e-05,1.2120497e-06,1.9200975e-08,5.446815e-06,5.430153e-07,8.188705e-07,0.99949086
pamap2,gnn_lstm,sequence,1,101,101,102,393,402,402,0,0,1,1,lying,lying,True,0.99948895,0.00047897655,1.0794932e-05,2.0743343e-09,2.1320475e-06,4.5783196e-07,1.0558432e-05,1.2128119e-06,1.9204526e-08,5.45725e-06,5.433432e-07,8.2014833e-07,0.99948895
pamap2,gnn_lstm,sequence,1,101,101,102,394,403,403,0,0,1,1,lying,lying,True,0.9994836,0.00048427001,1.0827919e-05,2.0952668e-09,2.143318e-06,4.6009328e-07,1.0576567e-05,1.2157317e-06,1.926529e-08,5.491924e-06,5.460701e-07,8.246553e-07,0.9994836
pamap2,gnn_lstm,sequence,1,101,101,102,395,404,404,0,0,1,1,lying,lying,True,0.99948186,0.00048613833,1.0843194e-05,2.1004127e-09,2.145455e-06,4.6071156e-07,1.0579503e-05,1.2159904e-06,1.9279407e-08,5.50452e-06,5.469838e-07,8.259935e-07,0.99948186
pamap2,gnn_lstm,sequence,1,101,101,102,396,405,405,0,0,1,1,lying,lying,True,0.9994843,0.0004836346,1.0810387e-05,2.089342e-09,2.1396045e-06,4.594324e-07,1.0573508e-05,1.2146061e-06,1.9237067e-08,5.4880647e-06,5.452597e-07,8.236074e-07,0.9994843
pamap2,gnn_lstm,sequence,1,101,101,102,397,406,406,0,0,1,1,lying,lying,True,0.99948394,0.00048383695,1.08173335e-05,2.106443e-09,2.1528488e-06,4.6189862e-07,1.0635752e-05,1.2245101e-06,1.9391782e-08,5.5106248e-06,5.477414e-07,8.279621e-07,0.99948394
pamap2,gnn_lstm,sequence,1,101,101,102,398,407,407,0,0,1,1,lying,lying,True,0.99947983,0.0004878788,1.0862143e-05,2.137061e-09,2.1727228e-06,4.6560686e-07,1.0672367e-05,1.2352182e-06,1.957711e-08,5.551688e-06,5.5200354e-07,8.3460367e-07,0.99947983
pamap2,gnn_lstm,sequence,1,101,101,102,399,408,408,0,0,1,1,lying,lying,True,0.99947745,0.0004905311,1.0889759e-05,2.1051199e-09,2.1429714e-06,4.6022603e-07,1.0457778e-05,1.2115041e-06,1.9230807e-08,5.513995e-06,5.4792486e-07,8.251237e-07,0.99947745
pamap2,gnn_lstm,sequence,1,101,101,102,400,409,409,0,0,1,1,lying,lying,True,0.9994593,0.0005072317,1.1017662e-05,2.2889093e-09,2.2799632e-06,4.846602e-07,1.11416675e-05,1.2931852e-06,2.0562913e-08,5.7570105e-06,5.7266885e-07,8.7188346e-07,0.9994593
pamap2,gnn_lstm,sequence,1,101,101,102,401,410,410,0,0,1,1,lying,lying,True,0.99924684,0.00070615666,1.1862087e-05,5.081758e-09,4.038344e-06,7.8814094e-07,1.724364e-05,2.3316995e-06,3.6170178e-08,8.565872e-06,7.824149e-07,1.3981335e-06,0.99924684
pamap2,gnn_lstm,sequence,1,101,101,102,402,411,411,0,0,1,1,lying,lying,True,0.99881786,0.0011134285,1.1287146e-05,1.2968728e-08,7.771604e-06,1.4155519e-06,2.6036047e-05,4.646323e-06,6.3851736e-08,1.421913e-05,9.3532105e-07,2.3414325e-06,0.99881786
pamap2,gnn_lstm,sequence,1,101,101,102,403,412,412,0,0,1,1,lying,lying,True,0.9976693,0.002231865,1.1828348e-05,3.0552293e-08,1.4566165e-05,2.3949506e-06,3.4486842e-05,7.9270885e-06,1.0210014e-07,2.2314105e-05,1.2825128e-06,3.917762e-06,0.9976693
pamap2,gnn_lstm,sequence,1,101,101,102,404,413,413,0,0,1,1,lying,lying,True,0.99488646,0.0047573857,1.476019e-05,2.2982503e-07,6.956324e-05,1.0577301e-05,0.0001374253,4.557663e-05,5.938545e-07,5.9403694e-05,2.7307358e-06,1.5320487e-05,0.99488646
pamap2,gnn_lstm,sequence,1,101,101,102,405,414,414,0,0,1,1,lying,lying,True,0.992353,0.0061768563,1.5570218e-05,1.5012288e-06,0.00031499215,4.433812e-05,0.0004974187,0.00039850594,4.189464e-06,0.00014202739,5.720784e-06,4.5814413e-05,0.992353
pamap2,gnn_lstm,sequence,1,101,101,102,406,415,415,0,0,1,1,lying,lying,True,0.9840449,0.008675321,2.5659572e-05,6.2992044e-06,0.0009489522,0.00014426361,0.0021593953,0.0034353174,2.7331618e-05,0.0004107862,1.2981448e-05,0.000108911365,0.9840449
pamap2,gnn_lstm,sequence,1,101,101,102,407,416,416,0,0,1,1,lying,lying,True,0.95859045,0.03082473,8.8567394e-05,1.2749685e-05,0.0012389575,0.00028332055,0.0020776514,0.0056161624,5.9283826e-05,0.0009903812,4.4990913e-05,0.00017279558,0.95859045
pamap2,gnn_lstm,sequence,1,101,101,102,408,417,417,0,0,1,1,lying,lying,True,0.8467916,0.1409488,0.0003291418,3.0218744e-05,0.001975089,0.0006638586,0.002192645,0.004738198,0.00011087533,0.0017140874,0.00013101687,0.0003744454,0.8467916
pamap2,gnn_lstm,sequence,1,101,101,102,409,418,418,0,0,1,1,lying,lying,True,0.52525544,0.44664133,0.0016189887,0.00014587895,0.00615201,0.0029738257,0.003340674,0.0074946964,0.00045845564,0.004082733,0.0005493538,0.0012865599,0.52525544
pamap2,gnn_lstm,sequence,1,101,101,102,410,419,419,0,1,1,2,lying,sitting,False,0.35599384,0.49990728,0.005341599,0.001265748,0.04248,0.030858913,0.009498137,0.030495606,0.0033706706,0.012830851,0.0025849855,0.005372349,0.49990728
pamap2,gnn_lstm,sequence,1,101,101,102,411,420,420,0,1,1,2,lying,sitting,False,0.067009434,0.2615125,0.012858102,0.01670556,0.20012431,0.21149623,0.030855577,0.10611322,0.033612702,0.02997658,0.011557959,0.018177805,0.2615125
pamap2,gnn_lstm,sequence,1,101,101,102,412,421,421,0,4,1,5,lying,running,False,0.01215203,0.04829034,0.009880119,0.066364944,0.24292724,0.22606789,0.06995151,0.15213512,0.104473524,0.025818324,0.015933521,0.026005482,0.24292724
pamap2,gnn_lstm,sequence,1,101,101,102,413,422,422,0,4,1,5,lying,running,False,0.017439995,0.06030091,0.023134854,0.08540876,0.18089285,0.1622073,0.09226985,0.15576908,0.1189524,0.039742652,0.027666101,0.036215242,0.18089285
pamap2,gnn_lstm,sequence,1,101,101,102,414,423,423,1,1,2,2,sitting,sitting,True,0.026480008,0.17232671,0.12276298,0.05729802,0.08880454,0.06529446,0.06503801,0.117583625,0.10095556,0.059480716,0.08308499,0.04089037,0.17232671
pamap2,gnn_lstm,sequence,1,101,101,102,415,424,424,1,2,2,3,sitting,standing,False,0.020198232,0.25633767,0.33882377,0.009797502,0.025757976,0.017301537,0.019904735,0.033902705,0.03242869,0.054406654,0.17102703,0.020113423,0.33882377
pamap2,gnn_lstm,sequence,1,101,101,102,416,425,425,1,2,2,3,sitting,standing,False,0.010847195,0.2826053,0.5171966,0.0013140038,0.0050477143,0.0041773673,0.0038954988,0.0074636075,0.008457915,0.030047394,0.12145917,0.0074882465,0.5171966
pamap2,gnn_lstm,sequence,1,101,101,102,417,426,426,1,2,2,3,sitting,standing,False,0.008762468,0.29633915,0.577502,0.0007818047,0.00306388,0.0027784605,0.0023485713,0.004341722,0.005350727,0.020833826,0.07189568,0.006001638,0.577502
pamap2,gnn_lstm,sequence,1,101,101,102,418,427,427,1,2,2,3,sitting,standing,False,0.0063139773,0.33353195,0.59223557,0.0003945408,0.0014964994,0.0014879139,0.0011352089,0.0020593929,0.0028283105,0.013086328,0.04145087,0.0039794273,0.59223557
pamap2,gnn_lstm,sequence,1,101,101,102,419,428,428,1,2,2,3,sitting,standing,False,0.005884653,0.389336,0.5409139,0.00034806796,0.0011465597,0.001331572,0.000860309,0.0016282912,0.0022855315,0.013785669,0.03884179,0.0036376778,0.5409139
pamap2,gnn_lstm,sequence,1,101,101,102,420,429,429,1,2,2,3,sitting,standing,False,0.0065800836,0.37651268,0.52603304,0.0005120009,0.0015461212,0.0019707829,0.000978125,0.0022944286,0.0030184311,0.020065747,0.05607385,0.004414698,0.52603304
pamap2,gnn_lstm,sequence,1,101,101,102,421,430,430,1,2,2,3,sitting,standing,False,0.005600039,0.35862586,0.5498828,0.00040329222,0.0013230392,0.0015496466,0.0006814535,0.0018887833,0.0025488427,0.017016655,0.05685666,0.0036228932,0.5498828
pamap2,gnn_lstm,sequence,1,101,101,102,422,431,431,1,2,2,3,sitting,standing,False,0.004633104,0.29936826,0.61551875,0.0003542748,0.0013465252,0.0013622574,0.0005816218,0.0018206014,0.0025547564,0.013434645,0.055758655,0.0032665425,0.61551875
pamap2,gnn_lstm,sequence,1,101,101,102,423,432,432,1,2,2,3,sitting,standing,False,0.004717345,0.24318062,0.642579,0.0005165372,0.0020403373,0.0021120461,0.0007556361,0.0027467276,0.0038587258,0.016080217,0.07732806,0.0040847203,0.642579
pamap2,gnn_lstm,sequence,1,101,101,102,424,433,433,1,2,2,3,sitting,standing,False,0.005161449,0.20627914,0.624408,0.000737079,0.003013314,0.0034582212,0.0010449713,0.004158194,0.005762907,0.022131674,0.11889912,0.0049458556,0.624408
pamap2,gnn_lstm,sequence,1,101,101,102,425,434,434,1,2,2,3,sitting,standing,False,0.0057876282,0.16599017,0.47803953,0.0012125234,0.004714804,0.008009901,0.001405333,0.0069698063,0.009902181,0.041229375,0.27086997,0.0058686757,0.47803953
pamap2,gnn_lstm,sequence,1,101,101,102,426,435,435,1,10,2,17,sitting,ironing,False,0.0039887605,0.09694145,0.2365571,0.001110946,0.004475349,0.012557407,0.00091958157,0.0066382764,0.01046658,0.052325696,0.5702379,0.0037809983,0.5702379
pamap2,gnn_lstm,sequence,1,101,101,102,427,436,436,1,10,2,17,sitting,ironing,False,0.0030343796,0.032055426,0.038289223,0.0015221498,0.004809364,0.030357609,0.00042118423,0.008206134,0.010165527,0.0932384,0.7756722,0.0022283462,0.7756722
pamap2,gnn_lstm,sequence,1,101,101,102,428,437,437,1,10,2,17,sitting,ironing,False,0.010655969,0.02956293,0.008283489,0.0035964912,0.008233197,0.14222667,0.0002687557,0.01568392,0.009849242,0.34810787,0.4211852,0.0023462682,0.4211852
pamap2,gnn_lstm,sequence,1,101,101,102,429,438,438,1,9,2,16,sitting,vacuum_cleaning,False,0.02193591,0.027373888,0.0025456487,0.002886132,0.00870272,0.21147422,0.00014242761,0.016189672,0.005057102,0.52308226,0.17912813,0.0014819389,0.52308226
pamap2,gnn_lstm,sequence,1,101,101,102,430,439,439,1,9,2,16,sitting,vacuum_cleaning,False,0.033688366,0.024722952,0.0012756705,0.0023925109,0.013681041,0.33940998,0.0001235679,0.019062694,0.004288869,0.4454452,0.1143854,0.001523793,0.4454452
pamap2,gnn_lstm,sequence,1,101,101,102,431,440,440,1,9,2,16,sitting,vacuum_cleaning,False,0.03867748,0.024579832,0.0009093884,0.0017267473,0.012002138,0.26157442,0.00012260163,0.01798328,0.0026177699,0.5212101,0.117600836,0.0009954043,0.5212101
pamap2,gnn_lstm,sequence,1,101,101,102,432,441,441,1,9,2,16,sitting,vacuum_cleaning,False,0.012880024,0.011777242,0.00036993448,0.0006453236,0.0020878564,0.08746301,3.316667e-05,0.005986215,0.00060939905,0.7852098,0.092781305,0.00015669822,0.7852098
pamap2,gnn_lstm,sequence,1,101,101,102,433,442,442,1,9,2,16,sitting,vacuum_cleaning,False,0.0024609917,0.0040959753,0.00015476148,0.0002463712,0.00027533702,0.023222493,8.038768e-06,0.0016669619,0.00016188204,0.89898723,0.06869641,2.3644521e-05,0.89898723
pamap2,gnn_lstm,sequence,1,101,101,102,434,443,443,1,9,2,16,sitting,vacuum_cleaning,False,0.0010378265,0.0031962323,0.00019635653,0.00017187242,0.00013136458,0.009104028,7.1554864e-06,0.0009859996,0.00011571675,0.84916687,0.1358734,1.3287727e-05,0.84916687
pamap2,gnn_lstm,sequence,1,101,101,102,435,444,444,1,9,2,16,sitting,vacuum_cleaning,False,0.0009053798,0.004301479,0.00037866447,0.00019968799,0.00018412231,0.007341727,1.5227295e-05,0.0011932771,0.000190822,0.6674889,0.31778008,2.0633437e-05,0.6674889
pamap2,gnn_lstm,sequence,1,101,101,102,436,445,445,1,9,2,16,sitting,vacuum_cleaning,False,0.00094668346,0.004686686,0.0005350236,0.0002361111,0.00017959891,0.0059072236,3.0028592e-05,0.001631281,0.00028021014,0.6809471,0.30459285,2.7272437e-05,0.6809471
pamap2,gnn_lstm,sequence,1,101,101,102,437,446,446,1,9,2,16,sitting,vacuum_cleaning,False,0.0012964993,0.004825873,0.0005176922,0.0004345983,0.00031378394,0.010902646,6.814771e-05,0.0027798323,0.00048048105,0.7677048,0.21062791,4.774676e-05,0.7677048
pamap2,gnn_lstm,sequence,1,101,101,102,438,447,447,1,10,2,17,sitting,ironing,False,0.0007328872,0.0033964762,0.00055198907,0.0011266613,0.00283867,0.028990272,0.00014286919,0.006438281,0.0017378865,0.17454472,0.77936643,0.00013286198,0.77936643
pamap2,gnn_lstm,sequence,1,101,101,102,439,448,448,1,10,2,17,sitting,ironing,False,0.00036304607,0.002445314,0.00040054665,0.0011758824,0.008574219,0.020775272,0.00019423006,0.008303157,0.0027230924,0.033305325,0.9214889,0.00025114775,0.9214889
pamap2,gnn_lstm,sequence,1,101,101,102,440,449,449,1,10,2,17,sitting,ironing,False,8.369726e-05,0.0009581568,0.0002809343,0.00014403067,0.0014314346,0.0016102159,4.1432082e-05,0.0013716995,0.0005794975,0.005383814,0.9880419,7.316304e-05,0.9880419
pamap2,gnn_lstm,sequence,1,101,101,102,441,450,450,1,10,2,17,sitting,ironing,False,9.431353e-05,0.001254524,0.00029897044,0.0001810617,0.0021220162,0.0025055977,5.9094018e-05,0.0014119145,0.00082703144,0.0045600003,0.9865536,0.00013189488,0.9865536
pamap2,gnn_lstm,sequence,1,101,101,102,442,451,451,1,10,2,17,sitting,ironing,False,0.00021597205,0.0025943166,0.00038740048,0.00057484605,0.011218965,0.012012416,0.00023417064,0.0036453835,0.0027933018,0.00606635,0.9596031,0.00065371714,0.9596031
pamap2,gnn_lstm,sequence,1,101,101,102,443,452,452,1,10,2,17,sitting,ironing,False,0.00036593745,0.004465582,0.0004817987,0.0009425886,0.02585523,0.033438366,0.00050830655,0.0054640425,0.0052400026,0.007951693,0.9136671,0.0016193066,0.9136671
pamap2,gnn_lstm,sequence,1,101,101,102,444,453,453,1,10,2,17,sitting,ironing,False,0.0004785481,0.006539683,0.00058851193,0.0011953318,0.033690948,0.051927697,0.0007268539,0.0062049595,0.006832205,0.009466587,0.87995857,0.002390218,0.87995857
pamap2,gnn_lstm,sequence,1,101,101,102,445,454,454,1,10,2,17,sitting,ironing,False,0.00050118956,0.0072652455,0.00066488335,0.0011893692,0.030592814,0.052962862,0.000742644,0.006048623,0.006958756,0.01028063,0.8803516,0.0024415515,0.8803516
pamap2,gnn_lstm,sequence,1,101,101,102,446,455,455,1,10,2,17,sitting,ironing,False,0.00091370475,0.008804888,0.00080136134,0.0022628605,0.055596147,0.17562252,0.0010382755,0.010124018,0.014408012,0.017802063,0.7071483,0.00547777,0.7071483
pamap2,gnn_lstm,sequence,1,101,101,102,447,456,456,1,10,2,17,sitting,ironing,False,0.0014174089,0.008523505,0.000800326,0.0029949055,0.06939952,0.41889477,0.0009848498,0.012931925,0.021098949,0.023899455,0.4303133,0.008741131,0.4303133
pamap2,gnn_lstm,sequence,1,101,101,102,448,457,457,1,5,2,6,sitting,cycling,False,0.0013136293,0.0055932095,0.0005962407,0.0022803815,0.05689571,0.5492128,0.0005932657,0.011545517,0.018643739,0.023767697,0.32246408,0.007093717,0.5492128
pamap2,gnn_lstm,sequence,1,101,101,102,449,458,458,1,5,2,6,sitting,cycling,False,0.00096876133,0.005238775,0.00061847415,0.001591718,0.04366918,0.4569975,0.00039600994,0.008770018,0.014556761,0.022037605,0.44045612,0.004699065,0.4569975
pamap2,gnn_lstm,sequence,1,101,101,102,450,459,459,1,10,2,17,sitting,ironing,False,0.00090528314,0.0053385966,0.0005926385,0.00157889,0.04621069,0.41040555,0.0004003153,0.008687437,0.013823452,0.019834619,0.48792535,0.004297184,0.48792535
pamap2,gnn_lstm,sequence,1,101,101,102,451,460,460,1,5,2,6,sitting,cycling,False,0.0009608513,0.004737552,0.0004792261,0.0018506866,0.05778746,0.48513922,0.00042989067,0.010026653,0.015113734,0.018543692,0.40007687,0.004854136,0.48513922
pamap2,gnn_lstm,sequence,1,101,101,102,452,461,461,1,5,2,6,sitting,cycling,False,0.00091354246,0.0050689047,0.0004328516,0.0019277327,0.07283493,0.43905696,0.00047781982,0.010685947,0.014629077,0.015497982,0.43364522,0.0048290393,0.43905696
pamap2,gnn_lstm,sequence,1,101,101,102,453,462,462,1,10,2,17,sitting,ironing,False,0.000870273,0.0055763293,0.00038807193,0.0022122462,0.093835615,0.38915622,0.0005645315,0.01196609,0.014861964,0.013242777,0.46230277,0.005023051,0.46230277
pamap2,gnn_lstm,sequence,1,101,101,102,454,463,463,1,10,2,17,sitting,ironing,False,0.0007878213,0.0058201505,0.00035224642,0.0023882228,0.104406364,0.3096936,0.0006081126,0.012933566,0.014570859,0.011878044,0.5316884,0.00487268,0.5316884
pamap2,gnn_lstm,sequence,1,101,101,102,455,464,464,1,10,2,17,sitting,ironing,False,0.00057571544,0.00535521,0.00031569207,0.001983557,0.080024414,0.16651633,0.0005103838,0.01145558,0.011380586,0.010226585,0.70821303,0.0034429363,0.70821303
pamap2,gnn_lstm,sequence,1,101,101,102,456,465,465,1,10,2,17,sitting,ironing,False,0.000562486,0.005643632,0.00029192996,0.0020648222,0.089443356,0.1532851,0.00054452854,0.011938991,0.011388772,0.009413186,0.71171147,0.0037116858,0.71171147
pamap2,gnn_lstm,sequence,1,101,101,102,457,466,466,1,10,2,17,sitting,ironing,False,0.00075839413,0.00625385,0.00026143383,0.002941124,0.16971384,0.27787262,0.0007961155,0.016045408,0.015751248,0.009028715,0.49403712,0.0065401983,0.49403712
pamap2,gnn_lstm,sequence,1,101,101,102,458,467,467,1,5,2,6,sitting,cycling,False,0.0008269583,0.0057991063,0.00021484215,0.0032881023,0.23059088,0.40296432,0.00090125535,0.016889634,0.017961433,0.007678019,0.3039756,0.0089098755,0.40296432
pamap2,gnn_lstm,sequence,1,101,101,102,459,468,468,1,5,2,6,sitting,cycling,False,0.00085642247,0.0065057855,0.00022318456,0.0034337884,0.22014952,0.45899856,0.0008567774,0.016061634,0.018973134,0.007552318,0.25663817,0.009750722,0.45899856
pamap2,gnn_lstm,sequence,1,101,101,102,460,469,469,1,5,2,6,sitting,cycling,False,0.00087115675,0.0070016705,0.00023186237,0.0034793983,0.20983429,0.48574123,0.0008207638,0.015513588,0.01950878,0.0075135487,0.23934951,0.01013423,0.48574123
pamap2,gnn_lstm,sequence,1,101,101,102,461,470,470,1,5,2,6,sitting,cycling,False,0.0008759977,0.0067684893,0.00021613346,0.003410142,0.20920007,0.5621682,0.00079081825,0.014149076,0.019455584,0.0064453264,0.16568853,0.010831611,0.5621682
pamap2,gnn_lstm,sequence,1,101,101,102,462,471,471,1,5,2,6,sitting,cycling,False,0.0008712589,0.006868525,0.00021785357,0.003378252,0.20137031,0.5802375,0.00076002197,0.013660497,0.019413505,0.0063244957,0.156105,0.010792768,0.5802375
pamap2,gnn_lstm,sequence,1,101,101,102,463,472,472,1,5,2,6,sitting,cycling,False,0.00086256437,0.0067939013,0.00021677204,0.0033612275,0.1993284,0.5817653,0.00074579555,0.013602688,0.019372545,0.0063306675,0.15695277,0.010667386,0.5817653
pamap2,gnn_lstm,sequence,1,101,101,102,464,473,473,1,5,2,6,sitting,cycling,False,0.00086478476,0.0068116016,0.00021663703,0.003370809,0.19987833,0.58210707,0.00074688863,0.013611613,0.019359143,0.0063082622,0.1560423,0.010682618,0.58210707
pamap2,gnn_lstm,sequence,1,101,101,102,465,474,474,1,5,2,6,sitting,cycling,False,0.00086659676,0.006791946,0.00021472432,0.0033906398,0.20373806,0.5766191,0.00075717515,0.013781586,0.019342301,0.0062888176,0.15748928,0.010719811,0.5766191
pamap2,gnn_lstm,sequence,1,101,101,102,466,475,475,1,5,2,6,sitting,cycling,False,0.00087081076,0.0067956755,0.00021204761,0.0034234142,0.20978095,0.5685599,0.00077403703,0.014045418,0.019343667,0.006251577,0.15912497,0.010817548,0.5685599
pamap2,gnn_lstm,sequence,1,101,101,102,467,476,476,1,5,2,6,sitting,cycling,False,0.00086599676,0.006742554,0.00020890882,0.003438123,0.21433416,0.56064624,0.00078308955,0.014256042,0.01931646,0.006237098,0.16235691,0.010814404,0.56064624
pamap2,gnn_lstm,sequence,1,101,101,102,468,477,477,1,5,2,6,sitting,cycling,False,0.00085809024,0.0065325927,0.00020465386,0.0034223197,0.21486937,0.5585418,0.0007736261,0.014418917,0.019304104,0.0062765875,0.16405405,0.010743967,0.5585418
pamap2,gnn_lstm,sequence,1,101,101,102,469,478,478,1,5,2,6,sitting,cycling,False,0.00086372974,0.006295987,0.00019879789,0.0033940356,0.2173209,0.5587796,0.0007653112,0.014676755,0.019244656,0.0062665693,0.16139181,0.010801855,0.5587796
pamap2,gnn_lstm,sequence,1,101,101,102,470,479,479,1,5,2,6,sitting,cycling,False,0.00086836994,0.0063213957,0.00020090002,0.0033418613,0.21764174,0.5523387,0.00075310137,0.014818552,0.019004978,0.006336431,0.167703,0.010670948,0.5523387
pamap2,gnn_lstm,sequence,1,101,101,102,471,480,480,1,5,2,6,sitting,cycling,False,0.00075805763,0.0038456484,0.00016891373,0.0027094649,0.14202783,0.67178094,0.00045908455,0.012601257,0.018374184,0.007078716,0.13107866,0.009117241,0.67178094
pamap2,gnn_lstm,sequence,1,101,101,102,472,481,481,1,5,2,6,sitting,cycling,False,0.00070863176,0.0011806819,7.600454e-05,0.001698303,0.065807745,0.86526847,0.00012160952,0.009008735,0.010811091,0.00685933,0.033729237,0.004730192,0.86526847
pamap2,gnn_lstm,sequence,1,101,101,102,473,482,482,1,5,2,6,sitting,cycling,False,0.00095833954,0.0007316996,4.5012763e-05,0.0012439326,0.046315573,0.9166461,5.8093618e-05,0.0075044637,0.0060674143,0.0058938274,0.011652697,0.0028828506,0.9166461
pamap2,gnn_lstm,sequence,1,101,101,102,474,483,483,1,5,2,6,sitting,cycling,False,0.0014434373,0.00042698314,2.3299697e-05,0.0008450591,0.03595519,0.94267094,3.2654814e-05,0.0066168495,0.0035224198,0.00363605,0.003130901,0.0016962291,0.94267094
pamap2,gnn_lstm,sequence,1,101,101,102,475,484,484,1,5,2,6,sitting,cycling,False,0.0015408483,0.00020251576,8.658948e-06,0.00051294157,0.021921672,0.96493196,1.5972879e-05,0.0050862064,0.0018659243,0.0023674383,0.00090216956,0.00064372976,0.96493196
pamap2,gnn_lstm,sequence,1,101,101,102,476,485,485,1,5,2,6,sitting,cycling,False,0.0012881183,0.00011225903,3.2388818e-06,0.00034974134,0.011263716,0.9790941,7.221758e-06,0.0038258191,0.00089223264,0.0025332982,0.00042841933,0.00020195932,0.9790941
pamap2,gnn_lstm,sequence,1,101,101,102,477,486,486,1,5,2,6,sitting,cycling,False,0.0016907355,0.000120383,2.2987692e-06,0.00029458432,0.0063643293,0.9811209,5.4655966e-06,0.0036843207,0.00043771797,0.005804514,0.00040059912,7.41352e-05,0.9811209
pamap2,gnn_lstm,sequence,1,101,101,102,478,487,487,1,5,2,6,sitting,cycling,False,0.007974387,0.0004685408,4.3775044e-06,0.0005069628,0.011707853,0.9551066,2.1062482e-05,0.008034226,0.0004358668,0.01507054,0.000562257,0.000107370965,0.9551066
pamap2,gnn_lstm,sequence,1,101,101,102,479,488,488,1,5,2,6,sitting,cycling,False,0.08834336,0.0044805533,1.9073546e-05,0.0010979513,0.038346086,0.810603,0.00022368722,0.022356069,0.0006279558,0.03280867,0.0007166202,0.00037701824,0.810603
pamap2,gnn_lstm,sequence,1,101,101,102,480,489,489,1,0,2,1,sitting,lying,False,0.7866954,0.044353716,7.216561e-05,0.00038364393,0.021281937,0.107737504,0.0009400276,0.01091705,0.00020796615,0.026566852,0.00024743576,0.0005961894,0.7866954
pamap2,gnn_lstm,sequence,1,101,101,102,481,490,490,1,0,2,1,sitting,lying,False,0.9678267,0.027709413,4.0340707e-05,5.9815065e-06,0.0006953369,0.001129802,0.000286079,0.00044066168,7.114415e-06,0.001760461,9.709685e-06,8.841683e-05,0.9678267
pamap2,gnn_lstm,sequence,1,101,101,102,482,491,491,1,0,2,1,sitting,lying,False,0.99271727,0.006776729,2.8272692e-05,2.337921e-07,6.0442617e-05,4.7964855e-05,0.000108055225,4.7986636e-05,7.4250806e-07,0.00019330831,1.7402435e-06,1.7200207e-05,0.99271727
pamap2,gnn_lstm,sequence,1,101,101,102,483,492,492,1,0,2,1,sitting,lying,False,0.99775475,0.0020647093,2.0046038e-05,4.2540158e-08,1.8740497e-05,1.00524785e-05,5.690361e-05,1.5097394e-05,2.2493549e-07,5.1953528e-05,9.867287e-07,6.4723004e-06,0.99775475
pamap2,gnn_lstm,sequence,1,101,101,102,484,493,493,1,0,2,1,sitting,lying,False,0.9987005,0.0011983605,2.4861634e-05,1.4721371e-08,7.484876e-06,2.9937548e-06,3.082332e-05,5.824076e-06,1.06802574e-07,2.431707e-05,1.1327156e-06,3.5271619e-06,0.9987005
pamap2,gnn_lstm,sequence,1,101,101,102,485,494,494,1,0,2,1,sitting,lying,False,0.99906296,0.0008487593,3.1409454e-05,8.890069e-09,5.4414722e-06,1.6725984e-06,2.61601e-05,3.8254007e-06,8.6002665e-08,1.5564758e-05,1.4543891e-06,2.556942e-06,0.99906296
pamap2,gnn_lstm,sequence,1,101,101,102,486,495,495,1,0,2,1,sitting,lying,False,0.9994174,0.000516207,2.3584618e-05,4.7840922e-09,3.92022e-06,1.0246537e-06,2.2579627e-05,2.7599767e-06,6.102691e-08,9.538548e-06,1.0865688e-06,1.6944106e-06,0.9994174
pamap2,gnn_lstm,sequence,1,101,101,102,487,496,496,1,0,2,1,sitting,lying,False,0.9995783,0.00036560593,1.799777e-05,3.3396717e-09,3.3015237e-06,8.0273713e-07,2.206252e-05,2.48862e-06,4.9325553e-08,7.256841e-06,8.302401e-07,1.3375005e-06,0.9995783
pamap2,gnn_lstm,sequence,1,101,101,102,488,497,497,1,0,2,1,sitting,lying,False,0.99969256,0.0002646196,1.2494659e-05,2.044321e-09,2.451678e-06,5.687971e-07,1.8404673e-05,1.9565448e-06,3.3282138e-08,5.354457e-06,5.7273417e-07,9.532284e-07,0.99969256
pamap2,gnn_lstm,sequence,1,101,101,102,489,498,498,1,0,2,1,sitting,lying,False,0.99972135,0.00023988949,1.0759122e-05,1.7070197e-09,2.1772619e-06,5.0105973e-07,1.7342572e-05,1.775554e-06,2.8414187e-08,4.8784614e-06,4.9516274e-07,8.4549356e-07,0.99972135
pamap2,gnn_lstm,sequence,1,101,101,102,490,499,499,1,0,2,1,sitting,lying,False,0.9997218,0.00023865353,1.0734345e-05,1.7660476e-09,2.2392244e-06,5.1179836e-07,1.7837414e-05,1.8404276e-06,2.9268225e-08,4.9590703e-06,5.063469e-07,8.6395676e-07,0.9997218
pamap2,gnn_lstm,sequence,1,101,101,102,491,500,500,1,0,2,1,sitting,lying,False,0.9997081,0.0002499879,1.167972e-05,2.0141713e-09,2.448833e-06,5.547157e-07,1.8392802e-05,2.007451e-06,3.277122e-08,5.2881774e-06,5.6717226e-07,9.351732e-07,0.9997081
pamap2,gnn_lstm,sequence,1,101,101,102,492,501,501,1,0,2,1,sitting,lying,False,0.9997106,0.00024911796,1.164145e-05,1.8962876e-09,2.3346379e-06,5.3066583e-07,1.721061e-05,1.892096e-06,3.0944918e-08,5.1086345e-06,5.47989e-07,8.936384e-07,0.9997106
pamap2,gnn_lstm,sequence,1,101,101,102,493,502,502,1,0,2,1,sitting,lying,False,0.9997168,0.00024456638,1.1341294e-05,1.7737899e-09,2.2255558e-06,5.058882e-07,1.637023e-05,1.7891988e-06,2.904541e-08,4.903057e-06,5.227982e-07,8.512324e-07,0.9997168
pamap2,gnn_lstm,sequence,1,101,101,102,494,503,503,1,0,2,1,sitting,lying,False,0.99972004,0.00024214701,1.1190477e-05,1.7261546e-09,2.1878664e-06,4.957456e-07,1.6109983e-05,1.7489731e-06,2.8283457e-08,4.8040856e-06,5.127027e-07,8.3428694e-07,0.99972004
pamap2,gnn_lstm,sequence,1,101,101,102,495,504,504,1,0,2,1,sitting,lying,False,0.9997217,0.00024070474,1.1098043e-05,1.7009135e-09,2.1700407e-06,4.9043877e-07,1.6019421e-05,1.727962e-06,2.7873865e-08,4.7465355e-06,5.0704074e-07,8.2559774e-07,0.9997217
pamap2,gnn_lstm,sequence,1,101,101,102,496,505,505,1,0,2,1,sitting,lying,False,0.9997228,0.00023979515,1.1046704e-05,1.6904138e-09,2.1651583e-06,4.8817236e-07,1.6021639e-05,1.7199982e-06,2.7700374e-08,4.7158187e-06,5.0450654e-07,8.2207725e-07,0.9997228
pamap2,gnn_lstm,sequence,1,101,101,102,497,506,506,1,0,2,1,sitting,lying,False,0.99972326,0.00023922947,1.104849e-05,1.6881334e-09,2.1678452e-06,4.8758545e-07,1.605871e-05,1.7194037e-06,2.769468e-08,4.698313e-06,5.043774e-07,8.214428e-07,0.99972326
pamap2,gnn_lstm,sequence,1,101,101,102,498,507,507,1,0,2,1,sitting,lying,False,0.9997229,0.00023929875,1.1134981e-05,1.7037143e-09,2.18694e-06,4.908867e-07,1.620532e-05,1.7341564e-06,2.8014501e-08,4.7092844e-06,5.0856e-07,8.2713393e-07,0.9997229
pamap2,gnn_lstm,sequence,1,101,101,102,499,508,508,1,0,2,1,sitting,lying,False,0.99972075,0.00024069946,1.1366578e-05,1.7528506e-09,2.236392e-06,5.013367e-07,1.6522132e-05,1.774715e-06,2.887374e-08,4.76935e-06,5.2033613e-07,8.4396726e-07,0.99972075
pamap2,gnn_lstm,sequence,1,101,101,102,500,509,509,1,0,2,1,sitting,lying,False,0.9997218,0.00023984638,1.127833e-05,1.7352819e-09,2.2215213e-06,4.982448e-07,1.6488371e-05,1.7641668e-06,2.8613904e-08,4.7477356e-06,5.1563586e-07,8.389191e-07,0.9997218
pamap2,gnn_lstm,sequence,1,101,101,102,501,510,510,1,0,2,1,sitting,lying,False,0.99972636,0.00023644311,1.0811674e-05,1.6504583e-09,2.140429e-06,4.807102e-07,1.6119398e-05,1.703294e-06,2.7200679e-08,4.6456994e-06,4.9384e-07,8.1142167e-07,0.99972636
pamap2,gnn_lstm,sequence,1,101,101,102,502,511,511,1,0,2,1,sitting,lying,False,0.99972755,0.00023557123,1.071154e-05,1.6275523e-09,2.1181736e-06,4.7542986e-07,1.595321e-05,1.6845296e-06,2.6813655e-08,4.609622e-06,4.8869356e-07,8.0298867e-07,0.99972755
pamap2,gnn_lstm,sequence,1,101,101,102,503,512,512,1,0,2,1,sitting,lying,False,0.9997273,0.0002357845,1.0728581e-05,1.6299067e-09,2.1193107e-06,4.7585885e-07,1.5945541e-05,1.685405e-06,2.6841795e-08,4.613619e-06,4.892811e-07,8.0357376e-07,0.9997273
pamap2,gnn_lstm,sequence,1,101,101,102,504,513,513,1,0,2,1,sitting,lying,False,0.9997272,0.00023592547,1.0740833e-05,1.631082e-09,2.1197873e-06,4.7589285e-07,1.5923595e-05,1.6852473e-06,2.6849165e-08,4.6138907e-06,4.897329e-07,8.0359814e-07,0.9997272
pamap2,gnn_lstm,sequence,1,101,101,102,505,514,514,1,0,2,1,sitting,lying,False,0.9997274,0.00023570715,1.0733393e-05,1.6273317e-09,2.1168364e-06,4.7505907e-07,1.5890331e-05,1.6824567e-06,2.6797904e-08,4.605456e-06,4.8901063e-07,8.0215284e-07,0.9997274
pamap2,gnn_lstm,sequence,1,101,101,102,506,515,515,1,0,2,1,sitting,lying,False,0.9997279,0.00023536159,1.0713036e-05,1.6218942e-09,2.1125054e-06,4.740071e-07,1.5864793e-05,1.6788929e-06,2.6723399e-08,4.5955953e-06,4.877198e-07,8.003376e-07,0.9997279
pamap2,gnn_lstm,sequence,1,101,101,102,507,516,516,1,0,2,1,sitting,lying,False,0.99972826,0.00023499766,1.06802845e-05,1.6182671e-09,2.1106114e-06,4.7353603e-07,1.5896923e-05,1.6780499e-06,2.6682407e-08,4.5911243e-06,4.864718e-07,7.9968476e-07,0.99972826
pamap2,gnn_lstm,sequence,1,101,101,102,508,517,517,1,0,2,1,sitting,lying,False,0.9997284,0.00023480905,1.0663992e-05,1.6154424e-09,2.1089195e-06,4.732219e-07,1.5921838e-05,1.6771573e-06,2.6658146e-08,4.588958e-06,4.857074e-07,7.9930373e-07,0.9997284
pamap2,gnn_lstm,sequence,1,101,101,102,509,518,518,1,0,2,1,sitting,lying,False,0.9997284,0.00023485653,1.0666687e-05,1.6124411e-09,2.105174e-06,4.7260127e-07,1.5896243e-05,1.6740158e-06,2.6615975e-08,4.5866877e-06,4.852972e-07,7.983514e-07,0.9997284
pamap2,gnn_lstm,sequence,1,101,101,102,510,519,519,1,0,2,1,sitting,lying,False,0.99972826,0.00023495553,1.0676607e-05,1.6125546e-09,2.1045394e-06,4.7251334e-07,1.5885056e-05,1.6733787e-06,2.6618004e-08,4.587522e-06,4.8556836e-07,7.982874e-07,0.99972826
pamap2,gnn_lstm,sequence,1,101,101,102,511,520,520,1,0,2,1,sitting,lying,False,0.999728,0.00023519107,1.0707665e-05,1.6161446e-09,2.1070894e-06,4.7305338e-07,1.58743e-05,1.6751331e-06,2.6673902e-08,4.5917054e-06,4.868044e-07,7.9914946e-07,0.999728
pamap2,gnn_lstm,sequence,1,101,101,102,512,521,521,1,0,2,1,sitting,lying,False,0.9997279,0.0002353829,1.0731965e-05,1.619446e-09,2.1095218e-06,4.7356608e-07,1.587162e-05,1.6770174e-06,2.6725028e-08,4.5959764e-06,4.878458e-07,8.000125e-07,0.9997279
pamap2,gnn_lstm,sequence,1,101,101,102,513,522,522,1,0,2,1,sitting,lying,False,0.99972755,0.00023555236,1.074428e-05,1.6241907e-09,2.1136173e-06,4.7439e-07,1.588956e-05,1.6806543e-06,2.6789987e-08,4.6024356e-06,4.8884647e-07,8.0140353e-07,0.99972755
pamap2,gnn_lstm,sequence,1,101,101,102,514,523,523,1,0,2,1,sitting,lying,False,0.9997279,0.00023539817,1.0730562e-05,1.6178715e-09,2.1072317e-06,4.7302265e-07,1.582863e-05,1.6748214e-06,2.6684893e-08,4.592029e-06,4.875133e-07,7.990182e-07,0.9997279
pamap2,gnn_lstm,sequence,1,101,101,102,515,524,524,1,0,2,1,sitting,lying,False,0.99972767,0.00023557866,1.0743574e-05,1.6206507e-09,2.1091996e-06,4.7344764e-07,1.582547e-05,1.6760225e-06,2.671544e-08,4.595432e-06,4.882241e-07,7.996843e-07,0.99972767
pamap2,gnn_lstm,sequence,1,101,101,102,516,525,525,1,0,2,1,sitting,lying,False,0.99972755,0.00023570607,1.0753773e-05,1.6217916e-09,2.1095655e-06,4.7367024e-07,1.581717e-05,1.6760223e-06,2.6725937e-08,4.59697e-06,4.8848904e-07,7.9990696e-07,0.99972755
pamap2,gnn_lstm,sequence,1,101,101,102,517,526,526,1,0,2,1,sitting,lying,False,0.9997273,0.00023590344,1.0777476e-05,1.6258764e-09,2.113149e-06,4.7454506e-07,1.5834374e-05,1.6786261e-06,2.6790287e-08,4.602303e-06,4.894939e-07,8.01223e-07,0.9997273
pamap2,gnn_lstm,sequence,1,101,101,102,518,527,527,1,0,2,1,sitting,lying,False,0.99972683,0.0002362246,1.0805597e-05,1.6328121e-09,2.119348e-06,4.759208e-07,1.586741e-05,1.683438e-06,2.6892103e-08,4.612099e-06,4.9111804e-07,8.034538e-07,0.99972683
pamap2,gnn_lstm,sequence,1,101,101,102,519,528,528,1,0,2,1,sitting,lying,False,0.9997267,0.00023632823,1.0812287e-05,1.6350994e-09,2.1213943e-06,4.7638983e-07,1.5880836e-05,1.685256e-06,2.6926694e-08,4.6157897e-06,4.915885e-07,8.042342e-07,0.9997267
pamap2,gnn_lstm,sequence,1,101,101,102,520,529,529,1,0,2,1,sitting,lying,False,0.99972683,0.00023627642,1.08139375e-05,1.634981e-09,2.121635e-06,4.7639034e-07,1.5878415e-05,1.6854797e-06,2.6930806e-08,4.614571e-06,4.915679e-07,8.041798e-07,0.99972683
pamap2,gnn_lstm,sequence,1,101,101,102,521,530,530,1,0,2,1,sitting,lying,False,0.9997271,0.00023583545,1.0797081e-05,1.6360078e-09,2.1254775e-06,4.7705015e-07,1.596171e-05,1.691017e-06,2.7001068e-08,4.6181035e-06,4.9156426e-07,8.054979e-07,0.9997271
pamap2,gnn_lstm,sequence,1,101,101,102,522,531,531,1,0,2,1,sitting,lying,False,0.9997271,0.00023563651,1.0809826e-05,1.6516816e-09,2.1445535e-06,4.8114487e-07,1.6202604e-05,1.7122544e-06,2.7343644e-08,4.64818e-06,4.9451853e-07,8.12683e-07,0.9997271
pamap2,gnn_lstm,sequence,1,101,101,102,523,532,532,1,0,2,1,sitting,lying,False,0.9997203,0.0002405559,1.121564e-05,1.7852888e-09,2.2743209e-06,5.0739897e-07,1.7096623e-05,1.8237806e-06,2.9472876e-08,4.8494553e-06,5.255825e-07,8.5861234e-07,0.9997203
pamap2,gnn_lstm,sequence,1,101,101,102,524,533,533,1,0,2,1,sitting,lying,False,0.9997048,0.0002532684,1.23076225e-05,2.0637154e-09,2.511041e-06,5.564592e-07,1.784189e-05,2.011693e-06,3.3494356e-08,5.221355e-06,5.9431915e-07,9.397905e-07,0.9997048
pamap2,gnn_lstm,sequence,1,101,101,102,525,534,534,1,0,2,1,sitting,lying,False,0.9997061,0.00025299884,1.2194172e-05,1.9754471e-09,2.421977e-06,5.4125627e-07,1.7258608e-05,1.9315446e-06,3.2134054e-08,5.13162e-06,5.7613676e-07,9.134192e-07,0.9997061
pamap2,gnn_lstm,sequence,1,101,101,102,526,535,535,1,0,2,1,sitting,lying,False,0.99971,0.00024994143,1.1811696e-05,1.8755673e-09,2.3261048e-06,5.234457e-07,1.694686e-05,1.8544226e-06,3.0582864e-08,5.0232316e-06,5.512026e-07,8.8447325e-07,0.99971
pamap2,gnn_lstm,sequence,1,101,101,102,527,536,536,1,0,2,1,sitting,lying,False,0.9997147,0.00024628735,1.1368364e-05,1.7900046e-09,2.2491388e-06,5.084007e-07,1.684117e-05,1.794696e-06,2.9238556e-08,4.922734e-06,5.2737903e-07,8.6030747e-07,0.9997147
pamap2,gnn_lstm,sequence,1,101,101,102,528,537,537,1,0,2,1,sitting,lying,False,0.9997181,0.00024339053,1.1020441e-05,1.7335816e-09,2.2008871e-06,4.9872784e-07,1.6891121e-05,1.7592108e-06,2.8359732e-08,4.8577626e-06,5.106259e-07,8.4532314e-07,0.9997181
pamap2,gnn_lstm,sequence,1,101,101,102,529,538,538,1,0,2,1,sitting,lying,False,0.99972016,0.0002414115,1.0761552e-05,1.701151e-09,2.1752442e-06,4.9344055e-07,1.7048314e-05,1.7422594e-06,2.7849058e-08,4.8248676e-06,4.9981065e-07,8.3790223e-07,0.99972016
pamap2,gnn_lstm,sequence,1,101,101,102,530,539,539,1,0,2,1,sitting,lying,False,0.9997217,0.00024007016,1.0577301e-05,1.6798857e-09,2.1590236e-06,4.9039016e-07,1.7234042e-05,1.7331772e-06,2.753242e-08,4.8095994e-06,4.9223064e-07,8.3413084e-07,0.9997217
pamap2,gnn_lstm,sequence,1,101,101,102,531,540,540,1,0,2,1,sitting,lying,False,0.9997218,0.00023967192,1.0492927e-05,1.6739431e-09,2.1561966e-06,4.902265e-07,1.7443665e-05,1.7330519e-06,2.7455965e-08,4.812936e-06,4.8898033e-07,8.3497616e-07,0.9997218
pamap2,gnn_lstm,sequence,1,101,101,102,532,541,541,1,0,2,1,sitting,lying,False,0.99971944,0.00024141089,1.0581392e-05,1.7092221e-09,2.1902638e-06,4.9830635e-07,1.786219e-05,1.7618592e-06,2.8001956e-08,4.878341e-06,4.9549243e-07,8.496419e-07,0.99971944
pamap2,gnn_lstm,sequence,1,101,101,102,533,542,542,1,0,2,1,sitting,lying,False,0.999721,0.00023999445,1.0349982e-05,1.6863725e-09,2.1740475e-06,4.943401e-07,1.8026501e-05,1.7548625e-06,2.7655556e-08,4.8672046e-06,4.8825626e-07,8.4526914e-07,0.999721
pamap2,gnn_lstm,sequence,1,101,101,102,534,543,543,1,0,2,1,sitting,lying,False,0.99972636,0.00023557835,9.84649e-06,1.6001217e-09,2.0962686e-06,4.7737836e-07,1.7770613e-05,1.701419e-06,2.6302175e-08,4.767126e-06,4.6562266e-07,8.1844894e-07,0.99972636
pamap2,gnn_lstm,sequence,1,101,101,102,535,544,544,1,0,2,1,sitting,lying,False,0.9997291,0.00023369178,9.6758395e-06,1.5566268e-09,2.0549721e-06,4.6800034e-07,1.7447384e-05,1.6666846e-06,2.5596549e-08,4.6975524e-06,4.557244e-07,8.0255813e-07,0.9997291
pamap2,gnn_lstm,sequence,1,101,101,102,536,545,545,1,0,2,1,sitting,lying,False,0.9997305,0.0002325933,9.594378e-06,1.5334519e-09,2.0330162e-06,4.62587e-07,1.7238977e-05,1.6469144e-06,2.5211861e-08,4.6535542e-06,4.5073799e-07,7.933749e-07,0.9997305
pamap2,gnn_lstm,sequence,1,101,101,102,537,546,546,1,0,2,1,sitting,lying,False,0.9997311,0.00023212499,9.5741925e-06,1.5255354e-09,2.0260304e-06,4.6067444e-07,1.7158241e-05,1.6398831e-06,2.5080173e-08,4.6343666e-06,4.4909575e-07,7.899831e-07,0.9997311
pamap2,gnn_lstm,sequence,1,101,101,102,538,547,547,1,0,2,1,sitting,lying,False,0.9997317,0.00023167086,9.539755e-06,1.5152358e-09,2.0165553e-06,4.5832766e-07,1.7083374e-05,1.6308384e-06,2.4909895e-08,4.6146292e-06,4.4683182e-07,7.8609366e-07,0.9997317
pamap2,gnn_lstm,sequence,1,101,101,102,539,548,548,1,0,2,1,sitting,lying,False,0.99973196,0.00023150639,9.520889e-06,1.5103022e-09,2.0115176e-06,4.5714128e-07,1.7049035e-05,1.6259114e-06,2.4817757e-08,4.6058462e-06,4.4568964e-07,7.841972e-07,0.99973196
pamap2,gnn_lstm,sequence,1,101,101,102,540,549,549,1,0,2,1,sitting,lying,False,0.9997321,0.00023145587,9.504425e-06,1.5077982e-09,2.0088166e-06,4.5638427e-07,1.7029553e-05,1.622852e-06,2.4756014e-08,4.6005475e-06,4.4502542e-07,7.83086e-07,0.9997321
pamap2,gnn_lstm,sequence,1,101,101,102,541,550,550,1,0,2,1,sitting,lying,False,0.9997323,0.00023122912,9.4881525e-06,1.501969e-09,2.0032671e-06,4.5507613e-07,1.698484e-05,1.6175202e-06,2.4659789e-08,4.589497e-06,4.4375582e-07,7.808832e-07,0.9997323
pamap2,gnn_lstm,sequence,1,101,101,102,542,551,551,1,0,2,1,sitting,lying,False,0.9997328,0.00023088347,9.472416e-06,1.4960655e-09,1.997928e-06,4.5375376e-07,1.6938344e-05,1.6127843e-06,2.4571111e-08,4.5775e-06,4.4251948e-07,7.7859846e-07,0.9997328
pamap2,gnn_lstm,sequence,1,101,101,102,543,552,552,1,0,2,1,sitting,lying,False,0.9997328,0.0002309,9.482766e-06,1.4941149e-09,1.995738e-06,4.5313794e-07,1.6905873e-05,1.6102072e-06,2.4548067e-08,4.5721517e-06,4.4248824e-07,7.776923e-07,0.9997328
pamap2,gnn_lstm,sequence,1,101,101,102,544,553,553,1,0,2,1,sitting,lying,False,0.99973255,0.00023102615,9.504927e-06,1.4981612e-09,2.0001619e-06,4.539536e-07,1.6954016e-05,1.6145291e-06,2.464066e-08,4.5788524e-06,4.437322e-07,7.794207e-07,0.99973255
pamap2,gnn_lstm,sequence,1,101,101,102,545,554,554,1,0,2,1,sitting,lying,False,0.9997327,0.00023086584,9.496602e-06,1.4999797e-09,2.0035795e-06,4.5457227e-07,1.7030554e-05,1.6191628e-06,2.4701128e-08,4.58435e-06,4.4395404e-07,7.807941e-07,0.9997327
pamap2,gnn_lstm,sequence,1,101,101,102,546,555,555,1,0,2,1,sitting,lying,False,0.9997323,0.00023116979,9.506168e-06,1.5050116e-09,2.0080738e-06,4.5569806e-07,1.708889e-05,1.6238447e-06,2.4780919e-08,4.5967463e-06,4.4495167e-07,7.829525e-07,0.9997323
pamap2,gnn_lstm,sequence,1,101,101,102,547,556,556,1,0,2,1,sitting,lying,False,0.9997222,0.00023877359,9.997882e-06,1.6841663e-09,2.1706894e-06,4.917762e-07,1.8335371e-05,1.7719642e-06,2.7489302e-08,4.909531e-06,4.8417724e-07,8.462687e-07,0.9997222
pamap2,gnn_lstm,sequence,1,101,101,102,548,557,557,1,0,2,1,sitting,lying,False,0.9997025,0.00025449102,1.1170427e-05,2.0579245e-09,2.4840067e-06,5.611069e-07,1.9761845e-05,2.0489842e-06,3.287728e-08,5.4707098e-06,5.665787e-07,9.617171e-07,0.9997025
pamap2,gnn_lstm,sequence,1,101,101,102,549,558,558,1,0,2,1,sitting,lying,False,0.9997029,0.00025480072,1.129244e-05,2.019265e-09,2.4462338e-06,5.549901e-07,1.9000854e-05,2.010782e-06,3.238079e-08,5.398495e-06,5.605086e-07,9.458417e-07,0.9997029
pamap2,gnn_lstm,sequence,1,101,101,102,550,559,559,1,0,2,1,sitting,lying,False,0.9997017,0.00025582328,1.1552483e-05,2.0666e-09,2.4865124e-06,5.637115e-07,1.8867931e-05,2.0423865e-06,3.3137137e-08,5.426631e-06,5.7169547e-07,9.561279e-07,0.9997017
pamap2,gnn_lstm,sequence,1,101,101,102,551,560,560,1,0,2,1,sitting,lying,False,0.9997036,0.00025435325,1.16433e-05,2.0447102e-09,2.4708281e-06,5.6021725e-07,1.8464249e-05,2.0238658e-06,3.2927396e-08,5.3563085e-06,5.6877946e-07,9.458009e-07,0.9997036
pamap2,gnn_lstm,sequence,1,101,101,102,552,561,561,1,0,2,1,sitting,lying,False,0.9997125,0.00024793125,1.122436e-05,1.862258e-09,2.3147275e-06,5.250454e-07,1.7205013e-05,1.871235e-06,3.0097716e-08,5.045358e-06,5.310562e-07,8.833249e-07,0.9997125
pamap2,gnn_lstm,sequence,1,101,101,102,553,562,562,1,0,2,1,sitting,lying,False,0.9997178,0.00024381743,1.0918306e-05,1.7697126e-09,2.240422e-06,5.0571896e-07,1.6660151e-05,1.7900231e-06,2.8542166e-08,4.860941e-06,5.1098914e-07,8.5043484e-07,0.9997178
pamap2,gnn_lstm,sequence,1,101,101,102,554,563,563,1,0,2,1,sitting,lying,False,0.99971825,0.00024337594,1.08746035e-05,1.7685493e-09,2.247018e-06,5.042859e-07,1.668598e-05,1.7817262e-06,2.838057e-08,4.8224383e-06,5.105754e-07,8.484845e-07,0.99971825
pamap2,gnn_lstm,sequence,1,101,101,102,555,564,564,1,0,2,1,sitting,lying,False,0.999713,0.0002475642,1.1227855e-05,1.865857e-09,2.3367888e-06,5.213374e-07,1.7070626e-05,1.8442606e-06,2.9704047e-08,4.931936e-06,5.3380694e-07,8.7730587e-07,0.999713
pamap2,gnn_lstm,sequence,1,101,101,102,556,565,565,1,0,2,1,sitting,lying,False,0.999708,0.0002516465,1.1668674e-05,1.9491877e-09,2.4102853e-06,5.362908e-07,1.7277529e-05,1.8952984e-06,3.0958535e-08,5.026624e-06,5.5593165e-07,9.016573e-07,0.999708
pamap2,gnn_lstm,sequence,1,101,101,102,557,566,566,1,0,2,1,sitting,lying,False,0.9997149,0.00024646198,1.1307458e-05,1.8098342e-09,2.2872157e-06,5.0936796e-07,1.6503926e-05,1.7907062e-06,2.8979446e-08,4.8193697e-06,5.269478e-07,8.567984e-07,0.9997149
pamap2,gnn_lstm,sequence,1,101,101,102,558,567,567,1,0,2,1,sitting,lying,False,0.99972326,0.00023989842,1.0644478e-05,1.6590856e-09,2.1500991e-06,4.7915165e-07,1.5880583e-05,1.6827706e-06,2.6668538e-08,4.614132e-06,4.909355e-07,8.0868523e-07,0.99972326
pamap2,gnn_lstm,sequence,1,101,101,102,559,568,568,1,0,2,1,sitting,lying,False,0.9997265,0.00023721285,1.0394403e-05,1.6105907e-09,2.1095734e-06,4.6946178e-07,1.5793594e-05,1.6496901e-06,2.5927463e-08,4.5412557e-06,4.787723e-07,7.9381743e-07,0.9997265
pamap2,gnn_lstm,sequence,1,101,101,102,560,569,569,1,0,2,1,sitting,lying,False,0.99972886,0.00023544757,1.0160141e-05,1.5708445e-09,2.0736525e-06,4.6120175e-07,1.5729613e-05,1.6214049e-06,2.5278943e-08,4.490924e-06,4.684057e-07,7.818209e-07,0.99972886
pamap2,gnn_lstm,sequence,1,101,101,102,561,570,570,1,0,2,1,sitting,lying,False,0.99972993,0.00023469747,1.0015462e-05,1.544317e-09,2.0476239e-06,4.5503384e-07,1.5628117e-05,1.5992313e-06,2.4817659e-08,4.4561243e-06,4.620361e-07,7.7312603e-07,0.99972993
pamap2,gnn_lstm,sequence,1,101,101,102,562,571,571,1,0,2,1,sitting,lying,False,0.9997304,0.00023418917,9.953936e-06,1.5378775e-09,2.0428151e-06,4.5401063e-07,1.568708e-05,1.596952e-06,2.4723462e-08,4.451505e-06,4.5978229e-07,7.719491e-07,0.9997304
pamap2,gnn_lstm,sequence,1,101,101,102,563,572,572,1,0,2,1,sitting,lying,False,0.9997303,0.00023414535,9.94566e-06,1.5468173e-09,2.054032e-06,4.5634818e-07,1.5862124e-05,1.6084564e-06,2.4884216e-08,4.469482e-06,4.609663e-07,7.7632694e-07,0.9997303
pamap2,gnn_lstm,sequence,1,101,101,102,564,573,573,1,0,2,1,sitting,lying,False,0.9997298,0.00023437625,9.95169e-06,1.5613767e-09,2.0696991e-06,4.598197e-07,1.6050042e-05,1.6244385e-06,2.5118151e-08,4.497572e-06,4.6326082e-07,7.824049e-07,0.9997298
pamap2,gnn_lstm,sequence,1,101,101,102,565,574,574,1,0,2,1,sitting,lying,False,0.9997303,0.00023376071,9.874674e-06,1.5618332e-09,2.0718012e-06,4.6058048e-07,1.6197173e-05,1.6330804e-06,2.5160599e-08,4.512663e-06,4.6195782e-07,7.8424455e-07,0.9997303
pamap2,gnn_lstm,sequence,1,101,101,102,566,575,575,1,0,2,1,sitting,lying,False,0.99973017,0.0002338202,9.830144e-06,1.5719734e-09,2.082182e-06,4.6270068e-07,1.6323429e-05,1.6467427e-06,2.5307923e-08,4.5374327e-06,4.6305075e-07,7.8832664e-07,0.99973017
pamap2,gnn_lstm,sequence,1,101,101,102,567,576,576,1,0,2,1,sitting,lying,False,0.9997178,0.0002424064,1.0462309e-05,1.8255689e-09,2.3264358e-06,5.1426366e-07,1.816833e-05,1.8622102e-06,2.9198523e-08,4.922928e-06,5.152356e-07,8.766025e-07,0.9997178
pamap2,gnn_lstm,sequence,1,101,101,102,568,577,577,1,0,2,1,sitting,lying,False,0.99968696,0.00026459337,1.0428515e-05,2.6449378e-09,3.088363e-06,6.6976213e-07,2.4146553e-05,2.4890805e-06,3.822263e-08,5.87507e-06,6.0508654e-07,1.1310943e-06,0.99968696
pamap2,gnn_lstm,sequence,1,101,101,102,569,578,578,1,0,2,1,sitting,lying,False,0.99962056,0.00031283443,1.0565061e-05,4.247467e-09,4.414563e-06,9.585517e-07,3.7092315e-05,3.5737169e-06,5.5482452e-08,7.638827e-06,6.99606e-07,1.6093126e-06,0.99962056
pamap2,gnn_lstm,sequence,1,101,101,102,570,579,579,1,0,2,1,sitting,lying,False,0.9994822,0.0004531739,1.1399512e-05,4.0839887e-09,3.95752e-06,8.8650336e-07,3.4976678e-05,2.8681982e-06,4.694292e-08,8.276887e-06,7.054407e-07,1.5551468e-06,0.9994822
pamap2,gnn_lstm,sequence,1,101,101,102,571,580,580,1,0,2,1,sitting,lying,False,0.9987571,0.0011665656,1.5557811e-05,6.0823346e-09,4.4187373e-06,1.0368922e-06,3.7700367e-05,2.5513882e-06,4.8217412e-08,1.20744935e-05,9.875306e-07,1.949347e-06,0.9987571
pamap2,gnn_lstm,sequence,1,101,101,102,572,581,581,1,0,2,1,sitting,lying,False,0.99213505,0.007679914,4.2809486e-05,2.8818864e-08,9.221843e-06,2.7848048e-06,7.917121e-05,4.2680654e-06,1.2667441e-07,3.7924034e-05,3.224022e-06,5.4902275e-06,0.99213505
pamap2,gnn_lstm,sequence,1,101,101,102,573,582,582,1,0,2,1,sitting,lying,False,0.844592,0.15434733,0.00029944367,5.3180435e-07,3.3873603e-05,1.6490092e-05,0.00029448976,1.6343862e-05,1.0771386e-06,0.0003268046,2.9949448e-05,4.1765536e-05,0.844592
pamap2,gnn_lstm,sequence,1,101,101,102,574,583,583,1,1,2,2,sitting,sitting,True,0.06895823,0.9289676,0.0008600231,3.8746384e-06,2.860495e-05,2.1928934e-05,0.00019022821,1.8411956e-05,3.6611818e-06,0.0007506729,0.000101073005,9.569764e-05,0.9289676
pamap2,gnn_lstm,sequence,1,101,101,102,575,584,584,1,1,2,2,sitting,sitting,True,0.0016341928,0.99698824,0.00074714626,7.1312397e-06,7.795754e-06,8.728933e-06,3.832198e-05,7.783259e-06,4.6909954e-06,0.00040492817,9.22167e-05,5.8926624e-05,0.99698824
pamap2,gnn_lstm,sequence,1,101,101,102,576,585,585,1,1,2,2,sitting,sitting,True,0.00024237683,0.9982545,0.0009436053,1.2810305e-05,5.7605816e-06,7.686708e-06,2.1765518e-05,6.4147594e-06,8.168844e-06,0.00032717708,0.00011178319,5.7982623e-05,0.9982545
pamap2,gnn_lstm,sequence,1,101,101,102,577,586,586,1,1,2,2,sitting,sitting,True,0.00020403198,0.99764013,0.0013784603,2.021304e-05,8.275385e-06,1.2275904e-05,2.5523475e-05,9.221933e-06,1.3613065e-05,0.00043695138,0.00016886301,8.252313e-05,0.99764013
pamap2,gnn_lstm,sequence,1,101,101,102,578,587,587,1,1,2,2,sitting,sitting,True,0.0003707586,0.99675864,0.0016612246,3.904859e-05,1.916342e-05,2.7830918e-05,5.622493e-05,1.9654086e-05,2.5953588e-05,0.00065787573,0.00021049863,0.00015316204,0.99675864
pamap2,gnn_lstm,sequence,1,101,101,102,579,588,588,1,1,2,2,sitting,sitting,True,0.00022046002,0.99769944,0.001267988,1.9499525e-05,7.923156e-06,1.237298e-05,2.6800624e-05,9.278863e-06,1.3233796e-05,0.00047416915,0.0001639395,8.490733e-05,0.99769944
pamap2,gnn_lstm,sequence,1,101,101,102,580,589,589,1,1,2,2,sitting,sitting,True,0.0001681008,0.99821234,0.0009828516,1.6474169e-05,5.7197803e-06,8.901687e-06,1.8030894e-05,6.6014077e-06,9.639854e-06,0.00037781367,0.00012961053,6.393684e-05,0.99821234
pamap2,gnn_lstm,sequence,1,101,101,102,581,590,590,1,1,2,2,sitting,sitting,True,0.00016736075,0.9982509,0.0009550249,1.6361993e-05,5.635592e-06,8.780399e-06,1.7807892e-05,6.491849e-06,9.440902e-06,0.00037309894,0.00012613538,6.300243e-05,0.9982509
pamap2,gnn_lstm,sequence,1,101,101,102,582,591,591,1,1,2,2,sitting,sitting,True,0.00016541829,0.9982773,0.0009398428,1.6195072e-05,5.5542223e-06,8.637717e-06,1.747821e-05,6.378791e-06,9.272346e-06,0.0003676997,0.00012405621,6.204234e-05,0.9982773
pamap2,gnn_lstm,sequence,1,101,101,102,583,592,592,1,1,2,2,sitting,sitting,True,0.00016482703,0.99828416,0.00093613914,1.6192667e-05,5.5459086e-06,8.617569e-06,1.7363665e-05,6.3554085e-06,9.23922e-06,0.0003661218,0.00012361421,6.1843806e-05,0.99828416
pamap2,gnn_lstm,sequence,1,101,101,102,584,593,593,1,1,2,2,sitting,sitting,True,0.00016396336,0.9982948,0.0009292728,1.6216281e-05,5.5268806e-06,8.5832935e-06,1.7215614e-05,6.3197076e-06,9.190342e-06,0.00036437603,0.00012292263,6.157463e-05,0.9982948
pamap2,gnn_lstm,sequence,1,101,101,102,585,594,594,1,1,2,2,sitting,sitting,True,0.00016332949,0.99830097,0.00092598755,1.617323e-05,5.5022388e-06,8.541472e-06,1.712035e-05,6.287261e-06,9.145642e-06,0.00036309674,0.00012249766,6.131835e-05,0.99830097
pamap2,gnn_lstm,sequence,1,101,101,102,586,595,595,1,1,2,2,sitting,sitting,True,0.00016324676,0.998295,0.00093142723,1.6096872e-05,5.491203e-06,8.523471e-06,1.7102479e-05,6.2810386e-06,9.141943e-06,0.0003632989,0.00012303266,6.12607e-05,0.998295
pamap2,gnn_lstm,sequence,1,101,101,102,587,596,596,1,1,2,2,sitting,sitting,True,0.00016316072,0.9982894,0.00093587354,1.6076654e-05,5.4838565e-06,8.51387e-06,1.7079694e-05,6.2802847e-06,9.14674e-06,0.00036399256,0.00012358597,6.125819e-05,0.9982894
pamap2,gnn_lstm,sequence,1,101,101,102,588,597,597,1,1,2,2,sitting,sitting,True,0.00016415042,0.9982839,0.00093676,1.6232616e-05,5.52515e-06,8.589866e-06,1.721891e-05,6.333576e-06,9.215827e-06,0.00036644327,0.000123918,6.1702514e-05,0.9982839
pamap2,gnn_lstm,sequence,1,101,101,102,589,598,598,1,1,2,2,sitting,sitting,True,0.00016426296,0.9982836,0.0009370514,1.6238415e-05,5.5295545e-06,8.594582e-06,1.7208331e-05,6.3368916e-06,9.218162e-06,0.0003663654,0.00012394028,6.171044e-05,0.9982836
pamap2,gnn_lstm,sequence,1,101,101,102,590,599,599,1,1,2,2,sitting,sitting,True,0.00016356047,0.99829036,0.0009333671,1.622611e-05,5.511981e-06,8.558946e-06,1.7081877e-05,6.3071207e-06,9.179353e-06,0.00036480732,0.00012353623,6.1464474e-05,0.99829036
pamap2,gnn_lstm,sequence,1,101,101,102,591,600,600,1,1,2,2,sitting,sitting,True,0.00016323353,0.99829215,0.0009333657,1.6157548e-05,5.49779e-06,8.528008e-06,1.7039036e-05,6.288171e-06,9.154986e-06,0.00036376432,0.0001234,6.129295e-05,0.99829215
pamap2,gnn_lstm,sequence,1,101,101,102,592,601,601,1,1,2,2,sitting,sitting,True,0.00016344362,0.9982899,0.0009346899,1.6168886e-05,5.5094188e-06,8.544546e-06,1.708423e-05,6.3003663e-06,9.1733455e-06,0.00036411406,0.00012358355,6.1394785e-05,0.9982899
pamap2,gnn_lstm,sequence,1,101,101,102,593,602,602,1,1,2,2,sitting,sitting,True,0.00016350382,0.9982835,0.0009400086,1.6134216e-05,5.5101714e-06,8.546912e-06,1.709954e-05,6.3058733e-06,9.187513e-06,0.00036467455,0.00012414718,6.145145e-05,0.9982835
pamap2,gnn_lstm,sequence,1,101,101,102,594,603,603,1,1,2,2,sitting,sitting,True,0.00016314414,0.99827945,0.00094481936,1.601733e-05,5.4838542e-06,8.503122e-06,1.7043889e-05,6.281468e-06,9.159166e-06,0.00036435341,0.00012451282,6.125267e-05,0.99827945
pamap2,gnn_lstm,sequence,1,101,101,102,595,604,604,1,1,2,2,sitting,sitting,True,0.0001637548,0.99827707,0.00094393495,1.6137437e-05,5.50949e-06,8.552109e-06,1.714731e-05,6.314854e-06,9.202229e-06,0.00036612636,0.00012462109,6.155141e-05,0.99827707
pamap2,gnn_lstm,sequence,1,101,101,102,596,605,605,1,1,2,2,sitting,sitting,True,0.00016428421,0.9982728,0.00094497163,1.6267626e-05,5.537395e-06,8.605931e-06,1.7228653e-05,6.353857e-06,9.256762e-06,0.00036791762,0.00012496619,6.188817e-05,0.9982728
pamap2,gnn_lstm,sequence,1,101,101,102,597,606,606,1,1,2,2,sitting,sitting,True,0.0001647707,0.99827135,0.0009438342,1.6375832e-05,5.5581477e-06,8.648067e-06,1.730116e-05,6.3834996e-06,9.295203e-06,0.00036922283,0.00012502559,6.214199e-05,0.99827135
pamap2,gnn_lstm,sequence,1,101,101,102,598,607,607,1,1,2,2,sitting,sitting,True,0.00016464008,0.99827456,0.0009429717,1.625562e-05,5.5354935e-06,8.607046e-06,1.7264227e-05,6.3580633e-06,9.253089e-06,0.00036798808,0.0001246964,6.188693e-05,0.99827456
pamap2,gnn_lstm,sequence,1,101,101,102,599,608,608,1,1,2,2,sitting,sitting,True,0.00016407685,0.9982743,0.0009456339,1.6128193e-05,5.509333e-06,8.556124e-06,1.7174872e-05,6.3274056e-06,9.21499e-06,0.00036667503,0.0001248063,6.160814e-05,0.9982743
pamap2,gnn_lstm,sequence,1,101,101,102,600,609,609,1,1,2,2,sitting,sitting,True,0.00016440918,0.9982693,0.00094868225,1.615462e-05,5.5269875e-06,8.585023e-06,1.7230977e-05,6.346895e-06,9.245455e-06,0.00036751723,0.00012520551,6.178222e-05,0.9982693
pamap2,gnn_lstm,sequence,1,101,101,102,601,610,610,1,1,2,2,sitting,sitting,True,0.00016488323,0.9982608,0.0009545763,1.6166041e-05,5.545298e-06,8.614359e-06,1.7285192e-05,6.37187e-06,9.282677e-06,0.00036868727,0.00012589338,6.197389e-05,0.9982608
pamap2,gnn_lstm,sequence,1,101,101,102,602,611,611,1,1,2,2,sitting,sitting,True,0.00016518323,0.9982533,0.0009599723,1.6163438e-05,5.5515316e-06,8.625014e-06,1.7309707e-05,6.3859716e-06,9.304082e-06,0.00036971952,0.00012648452,6.207618e-05,0.9982533
pamap2,gnn_lstm,sequence,1,101,101,102,603,612,612,1,1,2,2,sitting,sitting,True,0.00016597054,0.9982504,0.0009583578,1.6374192e-05,5.596311e-06,8.708501e-06,1.7438551e-05,6.439176e-06,9.377081e-06,0.00037212906,0.00012669108,6.255738e-05,0.9982504
pamap2,gnn_lstm,sequence,1,101,101,102,604,613,613,1,1,2,2,sitting,sitting,True,0.0001659985,0.9982577,0.00095186394,1.6450707e-05,5.6023696e-06,8.721089e-06,1.7449756e-05,6.4414467e-06,9.375423e-06,0.0003718199,0.00012606167,6.2591374e-05,0.9982577
pamap2,gnn_lstm,sequence,1,101,101,102,605,614,614,1,1,2,2,sitting,sitting,True,0.00016506156,0.9982651,0.00095039146,1.6220794e-05,5.549421e-06,8.621226e-06,1.7296927e-05,6.374833e-06,9.280636e-06,0.0003686421,0.00012548386,6.199101e-05,0.9982651
pamap2,gnn_lstm,sequence,1,101,101,102,606,615,615,1,1,2,2,sitting,sitting,True,0.0001636216,0.99827015,0.00095150276,1.5992377e-05,5.490532e-06,8.510369e-06,1.708888e-05,6.2985414e-06,9.184771e-06,0.00036548366,0.0001252798,6.135781e-05,0.99827015
pamap2,gnn_lstm,sequence,1,101,101,102,607,616,616,1,1,2,2,sitting,sitting,True,0.0001639721,0.99826044,0.00095745106,1.6069902e-05,5.517132e-06,8.557041e-06,1.716134e-05,6.333029e-06,9.242693e-06,0.0003673661,0.00012615799,6.167924e-05,0.99826044
pamap2,gnn_lstm,sequence,1,101,101,102,608,617,617,1,1,2,2,sitting,sitting,True,0.00016463401,0.99825495,0.00095943245,1.615217e-05,5.5418186e-06,8.605432e-06,1.7261533e-05,6.366433e-06,9.287359e-06,0.00036921696,0.00012655134,6.1975545e-05,0.99825495
pamap2,gnn_lstm,sequence,1,101,101,102,609,618,618,1,1,2,2,sitting,sitting,True,0.00016522544,0.99825615,0.0009559525,1.6279368e-05,5.5663277e-06,8.6522905e-06,1.7345865e-05,6.3970474e-06,9.32205e-06,0.00037047447,0.00012633516,6.22319e-05,0.99825615
pamap2,gnn_lstm,sequence,1,101,101,102,610,619,619,1,1,2,2,sitting,sitting,True,0.0001653217,0.998254,0.0009581259,1.62236e-05,5.561142e-06,8.642244e-06,1.735061e-05,6.3960515e-06,9.318438e-06,0.00037029196,0.00012642094,6.218786e-05,0.998254
pamap2,gnn_lstm,sequence,1,101,101,102,611,620,620,1,1,2,2,sitting,sitting,True,0.00016488646,0.99825853,0.00095604867,1.6186028e-05,5.5469086e-06,8.614651e-06,1.728339e-05,6.373344e-06,9.288092e-06,0.00036915124,0.00012612117,6.20055e-05,0.99825853
pamap2,gnn_lstm,sequence,1,101,101,102,612,621,621,1,1,2,2,sitting,sitting,True,0.00016413984,0.998271,0.00094766926,1.6184624e-05,5.5247833e-06,8.575112e-06,1.7177847e-05,6.336165e-06,9.234121e-06,0.00036728694,0.00012518662,6.172049e-05,0.998271
pamap2,gnn_lstm,sequence,1,101,101,102,613,622,622,1,1,2,2,sitting,sitting,True,0.00016461787,0.9982666,0.0009494585,1.6240509e-05,5.544631e-06,8.613234e-06,1.726172e-05,6.3659118e-06,9.2747405e-06,0.00036851034,0.0001254807,6.196262e-05,0.9982666
pamap2,gnn_lstm,sequence,1,101,101,102,614,623,623,1,1,2,2,sitting,sitting,True,0.00016517773,0.9982582,0.0009550687,1.6228822e-05,5.5602104e-06,8.643764e-06,1.7359072e-05,6.3927123e-06,9.314231e-06,0.00036979097,0.0001260906,6.217999e-05,0.9982582
pamap2,gnn_lstm,sequence,1,101,101,102,615,624,624,1,1,2,2,sitting,sitting,True,0.00016570791,0.9982527,0.0009578085,1.6276394e-05,5.581751e-06,8.68403e-06,1.7437991e-05,6.4203664e-06,9.353453e-06,0.00037107785,0.00012652486,6.2417304e-05,0.9982527
pamap2,gnn_lstm,sequence,1,101,101,102,616,625,625,1,1,2,2,sitting,sitting,True,0.0001658086,0.9982508,0.0009593251,1.6259917e-05,5.5787546e-06,8.679783e-06,1.744418e-05,6.420807e-06,9.353505e-06,0.00037131328,0.00012664137,6.2413375e-05,0.9982508
pamap2,gnn_lstm,sequence,1,101,101,102,617,626,626,1,1,2,2,sitting,sitting,True,0.00016590796,0.9982481,0.00096118066,1.6269583e-05,5.5808623e-06,8.683782e-06,1.7453465e-05,6.4274186e-06,9.363707e-06,0.0003717773,0.00012683247,6.2462444e-05,0.9982481
pamap2,gnn_lstm,sequence,1,101,101,102,618,627,627,1,1,2,2,sitting,sitting,True,0.00016638337,0.99824846,0.0009586794,1.6399179e-05,5.60792e-06,8.7351e-06,1.7537715e-05,6.4593005e-06,9.406691e-06,0.00037294682,0.00012675078,6.274786e-05,0.99824846
pamap2,gnn_lstm,sequence,1,101,101,102,619,628,628,1,1,2,2,sitting,sitting,True,0.00016658113,0.998248,0.0009591591,1.6375601e-05,5.6122126e-06,8.739428e-06,1.7554139e-05,6.463001e-06,9.408526e-06,0.00037270578,0.00012673487,6.275004e-05,0.998248
pamap2,gnn_lstm,sequence,1,101,101,102,620,629,629,1,1,2,2,sitting,sitting,True,0.00016577308,0.99825865,0.0009534798,1.6277034e-05,5.5781443e-06,8.67429e-06,1.7427887e-05,6.4123756e-06,9.33556e-06,0.00037019816,0.00012591989,6.232262e-05,0.99825865
pamap2,gnn_lstm,sequence,1,101,101,102,621,630,630,1,1,2,2,sitting,sitting,True,0.00016619122,0.9982621,0.0009485003,1.6407646e-05,5.6077615e-06,8.72631e-06,1.752657e-05,6.441285e-06,9.372032e-06,0.00037096793,0.00012558968,6.258992e-05,0.9982621
pamap2,gnn_lstm,sequence,1,101,101,102,622,631,631,1,1,2,2,sitting,sitting,True,0.0001661206,0.9982672,0.0009453193,1.6340195e-05,5.597899e-06,8.706305e-06,1.752589e-05,6.4258625e-06,9.3431745e-06,0.0003698197,0.0001250877,6.24353e-05,0.9982672
pamap2,gnn_lstm,sequence,1,101,101,102,623,632,632,1,1,2,2,sitting,sitting,True,0.00016572836,0.9982749,0.0009406412,1.629384e-05,5.585517e-06,8.680133e-06,1.7474104e-05,6.401495e-06,9.305357e-06,0.0003681969,0.00012446597,6.2223866e-05,0.9982749
pamap2,gnn_lstm,sequence,1,101,101,102,624,633,633,1,1,2,2,sitting,sitting,True,0.00016522504,0.9982822,0.00093622203,1.627796e-05,5.5761057e-06,8.659905e-06,1.7405408e-05,6.3792727e-06,9.273753e-06,0.00036672826,0.00012396126,6.204406e-05,0.9982822
pamap2,gnn_lstm,sequence,1,101,101,102,625,634,634,1,1,2,2,sitting,sitting,True,0.00016437909,0.99828845,0.0009339299,1.61848e-05,5.5464297e-06,8.605951e-06,1.7283084e-05,6.336336e-06,9.217152e-06,0.0003647515,0.0001235498,6.169898e-05,0.99828845
pamap2,gnn_lstm,sequence,1,101,101,102,626,635,635,1,1,2,2,sitting,sitting,True,0.00016376116,0.9982968,0.0009282671,1.620781e-05,5.5316586e-06,8.58219e-06,1.7202126e-05,6.311854e-06,9.184307e-06,0.00036365385,0.00012296088,6.152826e-05,0.9982968
pamap2,gnn_lstm,sequence,1,101,101,102,627,636,636,1,1,2,2,sitting,sitting,True,0.00016339871,0.99830025,0.0009259644,1.6236054e-05,5.5228743e-06,8.568365e-06,1.7127133e-05,6.3012785e-06,9.169145e-06,0.00036320917,0.00012276866,6.143303e-05,0.99830025
pamap2,gnn_lstm,sequence,1,101,101,102,628,637,637,1,1,2,2,sitting,sitting,True,0.00016358703,0.9982962,0.00092893554,1.6241967e-05,5.5279424e-06,8.5775855e-06,1.7136392e-05,6.31164e-06,9.183635e-06,0.00036381994,0.00012310134,6.1502884e-05,0.9982962
pamap2,gnn_lstm,sequence,1,101,101,102,629,638,638,1,1,2,2,sitting,sitting,True,0.00016302163,0.9982987,0.00092859776,1.6181893e-05,5.5024097e-06,8.532969e-06,1.7033637e-05,6.281116e-06,9.143702e-06,0.00036279391,0.00012293484,6.125263e-05,0.9982987
pamap2,gnn_lstm,sequence,1,101,101,102,630,639,639,1,1,2,2,sitting,sitting,True,0.00016270453,0.99829525,0.0009325242,1.612604e-05,5.485473e-06,8.503516e-06,1.6967739e-05,6.2662025e-06,9.129225e-06,0.00036265756,0.0001233052,6.112853e-05,0.99829525
pamap2,gnn_lstm,sequence,1,101,101,102,631,640,640,1,1,2,2,sitting,sitting,True,0.00016279295,0.99828726,0.0009388367,1.6088983e-05,5.481533e-06,8.499954e-06,1.696932e-05,6.270121e-06,9.1412885e-06,0.0003635791,0.00012400423,6.116874e-05,0.99828726
pamap2,gnn_lstm,sequence,1,101,101,102,632,641,641,1,1,2,2,sitting,sitting,True,0.00016312892,0.99829,0.0009346878,1.6184424e-05,5.4960483e-06,8.52952e-06,1.7032824e-05,6.2855074e-06,9.158635e-06,0.00036440298,0.00012369323,6.132961e-05,0.99829
pamap2,gnn_lstm,sequence,1,101,101,102,633,642,642,1,1,2,2,sitting,sitting,True,0.00016378728,0.99829036,0.00093227916,1.6277007e-05,5.5243577e-06,8.579597e-06,1.7144499e-05,6.318264e-06,9.196764e-06,0.00036542345,0.00012354684,6.15978e-05,0.99829036
pamap2,gnn_lstm,sequence,1,101,101,102,634,643,643,1,1,2,2,sitting,sitting,True,0.00016402971,0.9982864,0.0009352876,1.6238988e-05,5.529317e-06,8.5875945e-06,1.7184142e-05,6.3281586e-06,9.209858e-06,0.00036565628,0.00012380289,6.165685e-05,0.9982864
pamap2,gnn_lstm,sequence,1,101,101,102,635,644,644,1,1,2,2,sitting,sitting,True,0.00016376576,0.9982829,0.00093938835,1.6156997e-05,5.514637e-06,8.560662e-06,1.7141558e-05,6.3157527e-06,9.19773e-06,0.00036531375,0.0001241548,6.153856e-05,0.9982829
pamap2,gnn_lstm,sequence,1,101,101,102,636,645,645,1,1,2,2,sitting,sitting,True,0.00016379762,0.9982829,0.0009394501,1.614412e-05,5.5123655e-06,8.556858e-06,1.7159711e-05,6.314584e-06,9.196186e-06,0.00036537612,0.00012412756,6.153234e-05,0.9982829
pamap2,gnn_lstm,sequence,1,101,101,102,637,646,646,1,1,2,2,sitting,sitting,True,0.00016446717,0.9982835,0.0009363943,1.6291959e-05,5.5513974e-06,8.625012e-06,1.727387e-05,6.355586e-06,9.248513e-06,0.00036659147,0.00012398543,6.188305e-05,0.9982835
pamap2,gnn_lstm,sequence,1,101,101,102,638,647,647,1,1,2,2,sitting,sitting,True,0.00016458794,0.9982784,0.0009404449,1.627945e-05,5.559014e-06,8.634382e-06,1.7261658e-05,6.36708e-06,9.265584e-06,0.00036673088,0.00012440502,6.193197e-05,0.9982784
pamap2,gnn_lstm,sequence,1,101,101,102,639,648,648,1,1,2,2,sitting,sitting,True,0.00016429902,0.998278,0.0009421264,1.62356e-05,5.5509754e-06,8.615953e-06,1.7205051e-05,6.3531875e-06,9.251541e-06,0.0003660478,0.0001245447,6.181677e-05,0.998278
pamap2,gnn_lstm,sequence,1,101,101,102,640,649,649,1,1,2,2,sitting,sitting,True,0.00016343773,0.9982844,0.00093933736,1.6175058e-05,5.5224236e-06,8.562071e-06,1.7073746e-05,6.3102348e-06,9.196902e-06,0.00036430883,0.0001241737,6.1486564e-05,0.9982844
pamap2,gnn_lstm,sequence,1,101,101,102,641,650,650,1,1,2,2,sitting,sitting,True,0.00016242992,0.99829024,0.0009374889,1.6084794e-05,5.4789366e-06,8.486363e-06,1.6921986e-05,6.259189e-06,9.130207e-06,0.00036262308,0.00012382143,6.107758e-05,0.99829024
pamap2,gnn_lstm,sequence,1,101,101,102,642,651,651,1,1,2,2,sitting,sitting,True,0.00016362751,0.9982805,0.0009408663,1.625482e-05,5.52919e-06,8.57795e-06,1.7112998e-05,6.327294e-06,9.22289e-06,0.00036577045,0.00012448755,6.165084e-05,0.9982805
pamap2,gnn_lstm,sequence,1,101,101,102,643,652,652,1,1,2,2,sitting,sitting,True,0.00016529654,0.99826956,0.0009443646,1.6453965e-05,5.5956284e-06,8.696351e-06,1.7347056e-05,6.415719e-06,9.335804e-06,0.00036939143,0.00012519457,6.234351e-05,0.99826956
pamap2,gnn_lstm,sequence,1,101,101,102,644,653,653,1,1,2,2,sitting,sitting,True,0.00016902284,0.99823594,0.0009579925,1.6996108e-05,5.7421666e-06,8.968397e-06,1.786522e-05,6.6414673e-06,9.6369295e-06,0.00037958546,0.0001275922,6.4105334e-05,0.99823594
pamap2,gnn_lstm,sequence,1,101,101,102,645,654,654,1,1,2,2,sitting,sitting,True,0.00020608428,0.9979652,0.0010313087,2.2981256e-05,7.306921e-06,1.1938787e-05,2.3973647e-05,8.976958e-06,1.2646316e-05,0.0004811013,0.00014568408,8.2809194e-05,0.9979652
pamap2,gnn_lstm,sequence,1,101,101,102,646,655,655,1,1,2,2,sitting,sitting,True,0.00025859504,0.99761754,0.0011276804,2.9652007e-05,9.255151e-06,1.5687476e-05,3.2166696e-05,1.2257109e-05,1.642944e-05,0.00060680736,0.00016822992,0.00010562425,0.99761754
pamap2,gnn_lstm,sequence,1,101,101,102,647,656,656,1,1,2,2,sitting,sitting,True,0.0002445858,0.9976978,0.0011679172,2.2380726e-05,7.825341e-06,1.2862222e-05,2.8992266e-05,1.0534416e-05,1.4064794e-05,0.0005412005,0.00016084705,9.115217e-05,0.9976978
pamap2,gnn_lstm,sequence,1,101,101,102,648,657,657,1,1,2,2,sitting,sitting,True,0.00020305294,0.9979678,0.0011093956,1.6296906e-05,6.1503088e-06,9.664137e-06,2.2223245e-05,7.876236e-06,1.0855852e-05,0.00043251147,0.00014300681,7.116112e-05,0.9979678
pamap2,gnn_lstm,sequence,1,101,101,102,649,658,658,1,1,2,2,sitting,sitting,True,0.00018660902,0.99804735,0.0010888348,1.5538648e-05,5.8447467e-06,9.069467e-06,1.997976e-05,7.197332e-06,1.0208187e-05,0.00040292868,0.0001398625,6.6549175e-05,0.99804735
pamap2,gnn_lstm,sequence,1,101,101,102,650,659,659,1,1,2,2,sitting,sitting,True,0.00017925083,0.99806374,0.0010906683,1.5718846e-05,5.820613e-06,9.011736e-06,1.8871613e-05,6.9874795e-06,1.0107742e-05,0.00039375748,0.00014071463,6.538299e-05,0.99806374
pamap2,gnn_lstm,sequence,1,101,101,102,651,660,660,1,1,2,2,sitting,sitting,True,0.00018973865,0.9978846,0.0011869711,1.7982118e-05,6.4466462e-06,1.0140103e-05,2.0169096e-05,7.878516e-06,1.14418435e-05,0.0004354976,0.00015661109,7.2483155e-05,0.9978846
pamap2,gnn_lstm,sequence,1,101,101,102,652,661,661,1,1,2,2,sitting,sitting,True,0.00025986996,0.9971944,0.0014583488,2.9281666e-05,9.55532e-06,1.631848e-05,3.1167318e-05,1.2956735e-05,1.8300107e-05,0.0006505284,0.00020910233,0.000110177636,0.9971944
pamap2,gnn_lstm,sequence,1,101,101,102,653,662,662,1,1,2,2,sitting,sitting,True,0.00030400194,0.9964785,0.0019076705,2.9935576e-05,1.0329428e-05,1.8199733e-05,3.795437e-05,1.5668307e-05,2.1932563e-05,0.00078738487,0.00026214728,0.00012645812,0.9964785
pamap2,gnn_lstm,sequence,1,101,101,102,654,663,663,1,1,2,2,sitting,sitting,True,0.0002798832,0.99636346,0.00217673,2.1246964e-05,8.721384e-06,1.4662984e-05,3.2483076e-05,1.3063562e-05,1.871565e-05,0.00069346454,0.00027078568,0.00010694883,0.99636346
pamap2,gnn_lstm,sequence,1,101,101,102,655,664,664,1,1,2,2,sitting,sitting,True,0.00021565377,0.99661833,0.0022183154,1.46814145e-05,6.633804e-06,1.0444483e-05,2.2847946e-05,9.258579e-06,1.407205e-05,0.0005351685,0.0002535288,8.103036e-05,0.99661833
pamap2,gnn_lstm,sequence,1,101,101,102,656,665,665,1,1,2,2,sitting,sitting,True,0.00019299814,0.9967529,0.0021661143,1.3846297e-05,6.2259755e-06,9.639393e-06,2.0175776e-05,8.220905e-06,1.2950357e-05,0.000493947,0.00024752397,7.545759e-05,0.9967529
pamap2,gnn_lstm,sequence,1,101,101,102,657,666,666,1,1,2,2,sitting,sitting,True,0.00018271981,0.9968651,0.0020771953,1.45042095e-05,6.2103786e-06,9.62879e-06,1.9294412e-05,7.960759e-06,1.2795501e-05,0.0004854701,0.00024394922,7.518678e-05,0.9968651
pamap2,gnn_lstm,sequence,1,101,101,102,658,667,667,1,1,2,2,sitting,sitting,True,0.00020104778,0.99657047,0.0022551538,1.6427806e-05,7.2450916e-06,1.1349513e-05,2.2553086e-05,9.178021e-06,1.4800989e-05,0.00053674745,0.0002689642,8.601425e-05,0.99657047
pamap2,gnn_lstm,sequence,1,101,101,102,659,668,668,1,1,2,2,sitting,sitting,True,0.00022492689,0.9962232,0.0024635007,1.858468e-05,8.54656e-06,1.3504934e-05,2.6909556e-05,1.0765347e-05,1.73202e-05,0.0005960322,0.00029747572,9.9131765e-05,0.9962232
pamap2,gnn_lstm,sequence,1,101,101,102,660,669,669,1,1,2,2,sitting,sitting,True,0.00026168092,0.99567753,0.0028070086,2.1432255e-05,1.058648e-05,1.6796832e-05,3.37088e-05,1.3258934e-05,2.1187028e-05,0.0006777279,0.00034081,0.00011821955,0.99567753
pamap2,gnn_lstm,sequence,1,101,101,102,661,670,670,1,1,2,2,sitting,sitting,True,0.0002849736,0.9955844,0.0028207966,2.3583127e-05,1.1968194e-05,1.894663e-05,3.7806174e-05,1.4693161e-05,2.308215e-05,0.000707133,0.00034440844,0.00012826786,0.9955844
pamap2,gnn_lstm,sequence,1,101,101,102,662,671,671,1,1,2,2,sitting,sitting,True,0.00034045242,0.9950342,0.0030218314,3.1392567e-05,1.4747663e-05,2.4589957e-05,4.6792236e-05,1.9229794e-05,2.926751e-05,0.00088338053,0.0003946136,0.0001595317,0.9950342
pamap2,gnn_lstm,sequence,1,101,101,102,663,672,672,1,1,2,2,sitting,sitting,True,0.0009439154,0.9867929,0.005565814,0.00018477415,5.8464644e-05,0.00013828931,0.00010533366,0.00011134792,0.00014202458,0.0038699973,0.0015533168,0.0005338063,0.9867929
pamap2,gnn_lstm,sequence,1,101,101,102,664,673,673,1,1,2,2,sitting,sitting,True,0.009059029,0.8879551,0.017346777,0.0023333272,0.00082661794,0.0034806365,0.00027128856,0.0022749193,0.0015488353,0.05773307,0.014438936,0.0027313512,0.8879551
pamap2,gnn_lstm,sequence,1,101,101,102,665,674,674,1,1,2,2,sitting,sitting,True,0.05823422,0.7365322,0.011083642,0.0040010624,0.0021067013,0.014128938,0.00031565278,0.0053859903,0.0017171486,0.1552903,0.0079430975,0.0032609876,0.7365322
pamap2,gnn_lstm,sequence,1,101,101,102,666,675,675,1,1,2,2,sitting,sitting,True,0.14097694,0.6205214,0.006774846,0.0017358961,0.0014824653,0.013524421,0.0001574568,0.0036152676,0.0006556485,0.20438464,0.0042637764,0.0019072172,0.6205214
pamap2,gnn_lstm,sequence,1,101,101,102,667,676,676,1,1,2,2,sitting,sitting,True,0.11823742,0.8354853,0.009689562,0.0002195221,0.0006073072,0.001895237,5.4409466e-05,0.00061625295,0.00014415968,0.029244278,0.002858335,0.00094817125,0.8354853
pamap2,gnn_lstm,sequence,1,101,101,102,668,677,677,1,1,2,2,sitting,sitting,True,0.07091378,0.9167611,0.006889157,3.143814e-05,0.00019263924,0.0002365992,4.6535723e-05,9.562006e-05,3.2660013e-05,0.0034052709,0.0009742202,0.00042097797,0.9167611
pamap2,gnn_lstm,sequence,1,101,101,102,669,678,678,1,1,2,2,sitting,sitting,True,0.03947562,0.9534847,0.004310542,1.285483e-05,8.2230006e-05,8.937218e-05,5.700188e-05,3.7253983e-05,1.4054606e-05,0.0016591272,0.000541245,0.00023600971,0.9534847
pamap2,gnn_lstm,sequence,1,101,101,102,670,679,679,1,1,2,2,sitting,sitting,True,0.018175492,0.9761391,0.0034429568,1.1276096e-05,5.236134e-05,5.737933e-05,7.4177784e-05,2.8002294e-05,1.3115864e-05,0.0013521011,0.0004571005,0.00019698402,0.9761391
pamap2,gnn_lstm,sequence,1,101,101,102,671,680,680,1,1,2,2,sitting,sitting,True,0.007852713,0.985775,0.0039634584,1.4486187e-05,4.215216e-05,5.039255e-05,9.9691846e-05,3.041807e-05,1.9326477e-05,0.0014077224,0.00053262006,0.00021193102,0.985775
pamap2,gnn_lstm,sequence,1,101,101,102,672,681,681,1,1,2,2,sitting,sitting,True,0.0063509657,0.98621935,0.0045347074,1.9209272e-05,4.373534e-05,6.039243e-05,0.00014392055,3.9161656e-05,2.698046e-05,0.0017376721,0.0005659917,0.00025794294,0.98621935
pamap2,gnn_lstm,sequence,1,101,101,102,673,682,682,1,1,2,2,sitting,sitting,True,0.005244633,0.98714,0.0045530978,2.4207682e-05,4.5212964e-05,6.779791e-05,0.00017620022,4.529695e-05,3.2426684e-05,0.0018629517,0.0005163283,0.00029192393,0.98714
pamap2,gnn_lstm,sequence,1,101,101,102,674,683,683,1,1,2,2,sitting,sitting,True,0.00123541,0.99141496,0.0051219165,2.4055338e-05,2.434191e-05,3.6421683e-05,9.708605e-05,2.9926732e-05,3.534796e-05,0.001205289,0.00056379486,0.00021145928,0.99141496
pamap2,gnn_lstm,sequence,1,101,101,102,675,684,684,1,1,2,2,sitting,sitting,True,0.00060884777,0.9846503,0.011349696,3.6745892e-05,2.897678e-05,4.456535e-05,9.3865165e-05,4.1016352e-05,6.773038e-05,0.0015076078,0.0012835666,0.00028711153,0.9846503
pamap2,gnn_lstm,sequence,1,101,101,102,676,685,685,1,1,2,2,sitting,sitting,True,0.00049928675,0.9874464,0.009193766,3.6391233e-05,2.5677133e-05,3.8444065e-05,7.14798e-05,3.4149416e-05,5.602131e-05,0.0013020794,0.0010500546,0.00024622196,0.9874464
pamap2,gnn_lstm,sequence,1,101,101,102,677,686,686,1,1,2,2,sitting,sitting,True,0.0002871488,0.99351704,0.004607966,2.3568184e-05,1.225718e-05,1.8700344e-05,3.3391374e-05,1.6092074e-05,2.657262e-05,0.0007961582,0.0005264729,0.00013472854,0.99351704
pamap2,gnn_lstm,sequence,1,101,101,102,678,687,687,1,1,2,2,sitting,sitting,True,0.0002590511,0.9943811,0.00395217,2.1872233e-05,1.06673015e-05,1.6320775e-05,2.8944263e-05,1.39255135e-05,2.2939988e-05,0.0007192241,0.00045422846,0.00011959503,0.9943811
pamap2,gnn_lstm,sequence,1,101,101,102,679,688,688,1,1,2,2,sitting,sitting,True,0.0002551439,0.99449414,0.0038689426,2.1579537e-05,1.0434495e-05,1.5968651e-05,2.8300592e-05,1.3613093e-05,2.2415426e-05,0.0007077703,0.0004442695,0.00011734756,0.99449414
pamap2,gnn_lstm,sequence,1,101,101,102,680,689,689,1,1,2,2,sitting,sitting,True,0.00025404213,0.9945321,0.0038390595,2.1550477e-05,1.0373732e-05,1.5881205e-05,2.8112938e-05,1.3531575e-05,2.227867e-05,0.0007049528,0.00044131273,0.00011677977,0.9945321
pamap2,gnn_lstm,sequence,1,101,101,102,681,690,690,1,1,2,2,sitting,sitting,True,0.00025363205,0.9945227,0.0038481208,2.1561415e-05,1.0361216e-05,1.586336e-05,2.7984463e-05,1.3523874e-05,2.2275526e-05,0.0007049165,0.0004423628,0.00011669615,0.9945227
pamap2,gnn_lstm,sequence,1,101,101,102,682,691,691,1,1,2,2,sitting,sitting,True,0.00025464865,0.99449,0.0038742344,2.1583626e-05,1.0404642e-05,1.5921658e-05,2.8110326e-05,1.3581966e-05,2.237708e-05,0.00070718874,0.0004449675,0.00011709777,0.99449
pamap2,gnn_lstm,sequence,1,101,101,102,683,692,692,1,1,2,2,sitting,sitting,True,0.00025498398,0.9944833,0.0038799022,2.1553777e-05,1.0416753e-05,1.5932912e-05,2.8187987e-05,1.35891305e-05,2.2394735e-05,0.0007072373,0.00044531154,0.00011717149,0.9944833
pamap2,gnn_lstm,sequence,1,101,101,102,684,693,693,1,1,2,2,sitting,sitting,True,0.000254637,0.9944853,0.0038815162,2.1430798e-05,1.0391987e-05,1.587926e-05,2.8159564e-05,1.354509e-05,2.2328604e-05,0.0007051095,0.00044468942,0.00011684155,0.9944853
pamap2,gnn_lstm,sequence,1,101,101,102,685,694,694,1,1,2,2,sitting,sitting,True,0.00025410386,0.9944883,0.0038800598,2.143683e-05,1.0376027e-05,1.5856822e-05,2.8090206e-05,1.3531095e-05,2.231292e-05,0.000704669,0.00044451267,0.000116747105,0.9944883
pamap2,gnn_lstm,sequence,1,101,101,102,686,695,695,1,1,2,2,sitting,sitting,True,0.0002554011,0.99444157,0.003915927,2.152621e-05,1.0440145e-05,1.5964702e-05,2.8274142e-05,1.3636099e-05,2.2489525e-05,0.0007089809,0.0004481566,0.000117491734,0.99444157
pamap2,gnn_lstm,sequence,1,101,101,102,687,696,696,1,1,2,2,sitting,sitting,True,0.00025662084,0.9943949,0.0039530536,2.1577876e-05,1.0499883e-05,1.6057245e-05,2.8430339e-05,1.3726057e-05,2.2640847e-05,0.00071258564,0.00045188126,0.00011810307,0.9943949
pamap2,gnn_lstm,sequence,1,101,101,102,688,697,697,1,1,2,2,sitting,sitting,True,0.00025729783,0.9943679,0.0039734375,2.1645532e-05,1.0548283e-05,1.6136142e-05,2.8523315e-05,1.3786161e-05,2.2747883e-05,0.0007150203,0.00045438274,0.00011856503,0.9943679
pamap2,gnn_lstm,sequence,1,101,101,102,689,698,698,1,1,2,2,sitting,sitting,True,0.0002640325,0.9942286,0.004060096,2.2416087e-05,1.0871247e-05,1.674313e-05,2.9613233e-05,1.4332825e-05,2.3618646e-05,0.0007399074,0.00046728388,0.00012259591,0.9942286
pamap2,gnn_lstm,sequence,1,101,101,102,690,699,699,1,1,2,2,sitting,sitting,True,0.0005952391,0.98372275,0.011111101,7.7784214e-05,3.4863406e-05,6.367305e-05,6.946415e-05,5.673696e-05,9.085478e-05,0.002224661,0.0015729342,0.00037989614,0.98372275
pamap2,gnn_lstm,sequence,1,101,101,102,691,700,700,1,1,2,2,sitting,sitting,True,0.0015044844,0.9140746,0.06663764,0.00021132936,0.00016516996,0.00023972942,0.00013399926,0.00027819228,0.00041968987,0.0061744596,0.008995436,0.001165235,0.9140746
pamap2,gnn_lstm,sequence,1,101,101,102,692,701,701,1,1,2,2,sitting,sitting,True,0.0024930064,0.6552135,0.30710506,0.00035023302,0.0005247512,0.0004615675,0.00017840415,0.00078382256,0.0011520731,0.007656329,0.021916496,0.0021647692,0.6552135
pamap2,gnn_lstm,sequence,1,101,101,102,693,702,702,1,2,2,3,sitting,standing,False,0.002694982,0.30957335,0.6479184,0.00046296068,0.0010014166,0.00060621806,0.00020970784,0.001327279,0.0019883362,0.00611868,0.025488399,0.0026102485,0.6479184
pamap2,gnn_lstm,sequence,1,101,101,102,694,703,703,1,2,2,3,sitting,standing,False,0.0024222154,0.13346097,0.8247617,0.0005989123,0.001552619,0.0007613107,0.000297251,0.0019267341,0.0031859984,0.0050158557,0.023221023,0.0027954914,0.8247617
pamap2,gnn_lstm,sequence,1,101,101,102,695,704,704,1,2,2,3,sitting,standing,False,0.002216696,0.062198043,0.8973468,0.0006755739,0.0020494205,0.0009809717,0.00043129077,0.0025482038,0.0046622185,0.004466924,0.019517414,0.0029064333,0.8973468
pamap2,gnn_lstm,sequence,1,101,101,102,696,705,705,1,2,2,3,sitting,standing,False,0.0021585603,0.03634511,0.9225355,0.00082335016,0.0024829989,0.0012262213,0.00059273123,0.0032478746,0.0061755734,0.004369899,0.01703948,0.0030026515,0.9225355
pamap2,gnn_lstm,sequence,1,101,101,102,697,706,706,1,2,2,3,sitting,standing,False,0.0022291562,0.027145034,0.9296136,0.0010199018,0.0028961792,0.0014910742,0.00073979,0.0040245084,0.007508031,0.0044688713,0.015783021,0.0030809063,0.9296136
pamap2,gnn_lstm,sequence,1,101,101,102,698,707,707,1,2,2,3,sitting,standing,False,0.002459426,0.023967078,0.92841053,0.001284193,0.0032968635,0.0017063768,0.000877677,0.0049867416,0.008762382,0.004906647,0.016165175,0.0031768763,0.92841053
pamap2,gnn_lstm,sequence,1,101,101,102,699,708,708,1,2,2,3,sitting,standing,False,0.0030468572,0.022718506,0.9178033,0.0020492184,0.004366601,0.0020812368,0.0012605162,0.007402829,0.011361987,0.006189133,0.018182676,0.0035372658,0.9178033
pamap2,gnn_lstm,sequence,1,101,101,102,700,709,709,1,2,2,3,sitting,standing,False,0.0031071878,0.02280157,0.91669697,0.002128649,0.0044351066,0.0021419812,0.0013114288,0.0075887884,0.011705633,0.006295195,0.018172827,0.0036145921,0.91669697
pamap2,gnn_lstm,sequence,1,101,101,102,701,710,710,1,2,2,3,sitting,standing,False,0.003192209,0.025148228,0.9159375,0.001898405,0.00426532,0.0022941388,0.0012670464,0.0067532035,0.011222744,0.006076408,0.0180509,0.0038940134,0.9159375
pamap2,gnn_lstm,sequence,1,101,101,102,702,711,711,1,2,2,3,sitting,standing,False,0.0028347978,0.02333155,0.92427,0.0016083015,0.0037241117,0.001980623,0.0010609588,0.0059025018,0.01002031,0.005346831,0.016503079,0.0034169203,0.92427
pamap2,gnn_lstm,sequence,1,101,101,102,703,712,712,1,2,2,3,sitting,standing,False,0.002749724,0.022939285,0.92595184,0.0015587722,0.0036153302,0.0019146713,0.0010270878,0.005755965,0.009810477,0.00520682,0.016151335,0.003318756,0.92595184
pamap2,gnn_lstm,sequence,1,101,101,102,704,713,713,1,2,2,3,sitting,standing,False,0.0027280778,0.022979813,0.9260156,0.0015496206,0.0035949121,0.0019151554,0.001025192,0.005729809,0.009822648,0.005201045,0.016111854,0.0033263073,0.9260156
pamap2,gnn_lstm,sequence,1,101,101,102,705,714,714,1,2,2,3,sitting,standing,False,0.0027082507,0.022845052,0.926288,0.0015445016,0.0035803486,0.0019055596,0.0010188735,0.0057200086,0.009811722,0.005189176,0.016078392,0.0033101728,0.926288
pamap2,gnn_lstm,sequence,1,101,101,102,706,715,715,1,2,2,3,sitting,standing,False,0.0026940666,0.022701941,0.9266426,0.0015368097,0.0035663808,0.0018919042,0.0010102268,0.0056990385,0.00976493,0.0051655634,0.016040329,0.003286212,0.9266426
pamap2,gnn_lstm,sequence,1,101,101,102,707,716,716,1,2,2,3,sitting,standing,False,0.0027062092,0.022760224,0.92634565,0.001542809,0.0035817374,0.0019066717,0.0010128352,0.00571535,0.009812135,0.00519186,0.016115759,0.0033086746,0.92634565
pamap2,gnn_lstm,sequence,1,101,101,102,708,717,717,1,2,2,3,sitting,standing,False,0.0026979046,0.022786833,0.92650306,0.0015321256,0.0035667045,0.0018986266,0.0010079636,0.0056792847,0.00976719,0.0051719425,0.016087063,0.0033012775,0.92650306
pamap2,gnn_lstm,sequence,1,101,101,102,709,718,718,1,2,2,3,sitting,standing,False,0.0026937,0.0228612,0.9265305,0.0015295912,0.0035596213,0.0018943021,0.0010105479,0.0056657386,0.009748937,0.005161302,0.016045013,0.003299553,0.9265305
pamap2,gnn_lstm,sequence,1,101,101,102,710,719,719,1,2,2,3,sitting,standing,False,0.0027356406,0.023116855,0.9255061,0.0015644392,0.0036141966,0.0019384164,0.0010354436,0.0057652667,0.009930859,0.005246905,0.016180243,0.0033655162,0.9255061
pamap2,gnn_lstm,sequence,1,101,101,102,711,720,720,1,2,2,3,sitting,standing,False,0.002672801,0.022831969,0.9268981,0.0015177355,0.0035321843,0.0018788276,0.0010055038,0.0056295474,0.009693727,0.0051266947,0.015934838,0.0032781635,0.9268981
pamap2,gnn_lstm,sequence,1,101,101,102,712,721,721,1,2,2,3,sitting,standing,False,0.0026647823,0.022739837,0.9270532,0.0015136874,0.0035269817,0.0018762642,0.001000919,0.0056215427,0.009681614,0.0051213047,0.015928,0.003271842,0.9270532
pamap2,gnn_lstm,sequence,1,101,101,102,713,722,722,1,2,2,3,sitting,standing,False,0.0027003489,0.022780169,0.92640877,0.0015398426,0.003574941,0.001906858,0.0010130404,0.005701476,0.00980261,0.005185278,0.01607667,0.0033100455,0.92640877
pamap2,gnn_lstm,sequence,1,101,101,102,714,723,723,1,2,2,3,sitting,standing,False,0.0026984897,0.022704208,0.926587,0.0015349329,0.003568429,0.0019002097,0.0010058779,0.0056859287,0.009773105,0.005171752,0.016072672,0.0032973695,0.926587
pamap2,gnn_lstm,sequence,1,101,101,102,715,724,724,1,2,2,3,sitting,standing,False,0.0026893641,0.022668969,0.92682564,0.0015244941,0.0035524534,0.0018908909,0.0009981799,0.0056524402,0.009727505,0.0051467973,0.016039481,0.0032838034,0.92682564
pamap2,gnn_lstm,sequence,1,101,101,102,716,725,725,1,2,2,3,sitting,standing,False,0.0027141797,0.022830997,0.92625314,0.001540098,0.0035809341,0.0019160744,0.0010095409,0.00569493,0.009819402,0.00518972,0.016127957,0.0033229734,0.92625314
pamap2,gnn_lstm,sequence,1,101,101,102,717,726,726,1,2,2,3,sitting,standing,False,0.0026956876,0.022804026,0.9266251,0.0015182315,0.0035495886,0.0019024211,0.000996631,0.0056306566,0.009743253,0.0051524946,0.016074987,0.003306975,0.9266251
pamap2,gnn_lstm,sequence,1,101,101,102,718,727,727,1,2,2,3,sitting,standing,False,0.0026196009,0.022392465,0.9283608,0.0014608167,0.0034495548,0.0018300288,0.0009569951,0.0054652127,0.0094591025,0.0050073047,0.015798924,0.0031992209,0.9283608
pamap2,gnn_lstm,sequence,1,101,101,102,719,728,728,1,2,2,3,sitting,standing,False,0.0026120585,0.022191657,0.92859995,0.0014615259,0.0034465198,0.0018244283,0.000951499,0.0054746578,0.009460614,0.0050019976,0.015792122,0.003182976,0.92859995
pamap2,gnn_lstm,sequence,1,101,101,102,720,729,729,1,2,2,3,sitting,standing,False,0.0026409572,0.022178067,0.9282133,0.0014803729,0.0034820314,0.0018422799,0.0009598916,0.0055353143,0.009530549,0.005042552,0.015893241,0.0032013676,0.9282133
pamap2,gnn_lstm,sequence,1,101,101,102,721,730,730,1,2,2,3,sitting,standing,False,0.0026236686,0.022028599,0.9286902,0.0014703629,0.0034604908,0.0018212833,0.000951493,0.005506449,0.009460492,0.005004736,0.015815256,0.0031668467,0.9286902
pamap2,gnn_lstm,sequence,1,101,101,102,722,731,731,1,2,2,3,sitting,standing,False,0.0026020547,0.021958461,0.929072,0.0014600117,0.0034381337,0.00180292,0.0009455887,0.005472877,0.009400115,0.0049724327,0.015733007,0.0031422412,0.929072
pamap2,gnn_lstm,sequence,1,101,101,102,723,732,732,1,2,2,3,sitting,standing,False,0.0026205066,0.022113428,0.92854106,0.0014766436,0.0034665621,0.0018241578,0.0009587171,0.005517496,0.009484007,0.005016652,0.01580331,0.0031774486,0.92854106
pamap2,gnn_lstm,sequence,1,101,101,102,724,733,733,1,2,2,3,sitting,standing,False,0.00265948,0.022321956,0.9276568,0.0015062476,0.0035175965,0.0018612096,0.0009787357,0.0056009754,0.009629808,0.0050925673,0.015941054,0.0032334107,0.9276568
pamap2,gnn_lstm,sequence,1,101,101,102,725,734,734,1,2,2,3,sitting,standing,False,0.0026923113,0.022375267,0.9271337,0.0015270921,0.0035559055,0.0018849017,0.0009886421,0.0056647463,0.009719057,0.0051425137,0.016053481,0.0032624477,0.9271337
pamap2,gnn_lstm,sequence,1,101,101,102,726,735,735,1,2,2,3,sitting,standing,False,0.0026991277,0.022329401,0.927226,0.0015263582,0.003559072,0.0018794321,0.0009862412,0.005663895,0.00968641,0.0051341676,0.016059501,0.0032504024,0.927226
pamap2,gnn_lstm,sequence,1,101,101,102,727,736,736,1,2,2,3,sitting,standing,False,0.002708698,0.022369845,0.92706627,0.0015316628,0.0035693657,0.001885428,0.0009894092,0.005678877,0.0097074155,0.0051452247,0.016089221,0.003258644,0.92706627
pamap2,gnn_lstm,sequence,1,101,101,102,728,737,737,1,2,2,3,sitting,standing,False,0.002710918,0.022368254,0.927023,0.0015306626,0.003570917,0.0018880516,0.0009879243,0.005679568,0.00971357,0.0051495037,0.016115505,0.0032620397,0.927023
pamap2,gnn_lstm,sequence,1,101,101,102,729,738,738,1,2,2,3,sitting,standing,False,0.0027087661,0.02239296,0.92708254,0.0015223157,0.0035612748,0.0018858335,0.0009828153,0.0056545143,0.009690964,0.0051408103,0.016115472,0.003261838,0.92708254
pamap2,gnn_lstm,sequence,1,101,101,102,730,739,739,1,2,2,3,sitting,standing,False,0.002633977,0.02205344,0.9288025,0.0014680297,0.0034585716,0.0018109189,0.00094788044,0.0054902006,0.0094066635,0.0049881693,0.015786456,0.0031531611,0.9288025
pamap2,gnn_lstm,sequence,1,101,101,102,731,740,740,1,2,2,3,sitting,standing,False,0.0025937324,0.02183684,0.9295877,0.001450383,0.0034147222,0.001779475,0.00093582383,0.0054396857,0.009314815,0.0049263644,0.015616005,0.0031044849,0.9295877
pamap2,gnn_lstm,sequence,1,101,101,102,732,741,741,1,2,2,3,sitting,standing,False,0.0025925017,0.021784076,0.9295065,0.0014607689,0.0034217678,0.0017859972,0.00094045093,0.005473575,0.009373016,0.0049425843,0.015608171,0.0031105895,0.9295065
pamap2,gnn_lstm,sequence,1,101,101,102,733,742,742,1,2,2,3,sitting,standing,False,0.0025799638,0.021664226,0.9297406,0.0014552037,0.0034100618,0.0017794552,0.0009337235,0.005461703,0.009357967,0.00493121,0.015588134,0.0030976443,0.9297406
pamap2,gnn_lstm,sequence,1,101,101,102,734,743,743,1,2,2,3,sitting,standing,False,0.0025480553,0.02146959,0.9304568,0.0014306434,0.003370534,0.0017511317,0.00091557065,0.005390075,0.0092394035,0.004873897,0.015499851,0.0030544556,0.9304568
pamap2,gnn_lstm,sequence,1,101,101,102,735,744,744,1,2,2,3,sitting,standing,False,0.0025615373,0.021520182,0.9301676,0.0014368675,0.0033859,0.0017659788,0.0009181238,0.005407086,0.009287946,0.004899195,0.015573113,0.0030764076,0.9301676
pamap2,gnn_lstm,sequence,1,101,101,102,736,745,745,1,2,2,3,sitting,standing,False,0.0025390682,0.021349441,0.9308178,0.0014142911,0.003351118,0.0017405569,0.0009019162,0.005342192,0.009172418,0.0048454925,0.015488941,0.0030368534,0.9308178
pamap2,gnn_lstm,sequence,1,101,101,102,737,746,746,1,2,2,3,sitting,standing,False,0.002551769,0.021288246,0.9307724,0.0014187151,0.003363924,0.00174417,0.0009007613,0.005357883,0.009176272,0.004855764,0.01553314,0.0030369228,0.9307724
pamap2,gnn_lstm,sequence,1,101,101,102,738,747,747,1,2,2,3,sitting,standing,False,0.0025593713,0.02126935,0.9307755,0.001425683,0.0033679926,0.0017436312,0.0009024341,0.0053720986,0.009188124,0.0048555466,0.015507297,0.0030330485,0.9307755
pamap2,gnn_lstm,sequence,1,101,101,102,739,748,748,1,2,2,3,sitting,standing,False,0.0025455225,0.021238377,0.9310589,0.0014222991,0.0033501403,0.0017285682,0.000901213,0.005355335,0.009152745,0.0048271175,0.01540778,0.0030119894,0.9310589
pamap2,gnn_lstm,sequence,1,101,101,102,740,749,749,1,2,2,3,sitting,standing,False,0.0025625294,0.02130288,0.9306127,0.001445832,0.003380409,0.0017445601,0.00091574364,0.00542578,0.0092526795,0.004868199,0.01545468,0.0030339728,0.9306127
pamap2,gnn_lstm,sequence,1,101,101,102,741,750,750,1,2,2,3,sitting,standing,False,0.002553835,0.02117472,0.9307625,0.0014491766,0.003378054,0.0017391163,0.0009141716,0.005442703,0.009264116,0.004865166,0.015435822,0.0030205792,0.9307625
pamap2,gnn_lstm,sequence,1,101,101,102,742,751,751,1,2,2,3,sitting,standing,False,0.0025349485,0.021032605,0.9311425,0.0014391089,0.0033589995,0.0017241315,0.0009047572,0.0054173307,0.0092172865,0.0048382254,0.015394322,0.0029957301,0.9311425
pamap2,gnn_lstm,sequence,1,101,101,102,743,752,752,1,2,2,3,sitting,standing,False,0.0025041583,0.02088976,0.93173784,0.0014174492,0.0033224223,0.0017009405,0.00089025183,0.005354203,0.009123436,0.004789328,0.015307999,0.0029622286,0.93173784
pamap2,gnn_lstm,sequence,1,101,101,102,744,753,753,1,2,2,3,sitting,standing,False,0.0024920113,0.020850377,0.93189454,0.0014100901,0.0033114722,0.001695768,0.00088607974,0.0053329663,0.009100767,0.0047775307,0.015292471,0.0029559606,0.93189454
pamap2,gnn_lstm,sequence,1,101,101,102,745,754,754,1,2,2,3,sitting,standing,False,0.0025188876,0.020995967,0.9312516,0.0014279817,0.0033490283,0.0017220983,0.000898433,0.0053865155,0.0091967825,0.004832931,0.015423046,0.0029967823,0.9312516
pamap2,gnn_lstm,sequence,1,101,101,102,746,755,755,1,2,2,3,sitting,standing,False,0.002541962,0.02115995,0.9306859,0.0014438264,0.0033783251,0.001743746,0.0009104071,0.005430491,0.0092807915,0.0048787734,0.015513228,0.003032545,0.9306859
pamap2,gnn_lstm,sequence,1,101,101,102,747,756,756,1,2,2,3,sitting,standing,False,0.0025367835,0.02122356,0.93074065,0.0014369013,0.0033655898,0.0017411995,0.0009085511,0.0054046307,0.00926283,0.004868674,0.015476503,0.0030341512,0.93074065
pamap2,gnn_lstm,sequence,1,101,101,102,748,757,757,1,2,2,3,sitting,standing,False,0.0025252288,0.021161418,0.9310935,0.0014274928,0.00334632,0.0017252793,0.00090298953,0.0053745955,0.009199779,0.004837055,0.015395553,0.0030107289,0.9310935
pamap2,gnn_lstm,sequence,1,101,101,102,749,758,758,1,2,2,3,sitting,standing,False,0.0025510476,0.021205384,0.93061334,0.001451345,0.003381567,0.0017449083,0.00091591943,0.005448625,0.009300485,0.0048813387,0.015472048,0.0030341065,0.93061334
pamap2,gnn_lstm,sequence,1,101,101,102,750,759,759,1,2,2,3,sitting,standing,False,0.0025637927,0.021219451,0.9304125,0.0014577422,0.0033957872,0.0017542104,0.0009184994,0.005473223,0.009333776,0.00489858,0.0155283455,0.0030441815,0.9304125
pamap2,gnn_lstm,sequence,1,101,101,102,751,760,760,1,2,2,3,sitting,standing,False,0.0025391914,0.021098582,0.9310445,0.0014336524,0.003356694,0.0017293807,0.0009029601,0.005402731,0.009219706,0.0048397537,0.015426009,0.0030066422,0.9310445
pamap2,gnn_lstm,sequence,1,101,101,102,752,761,761,1,2,2,3,sitting,standing,False,0.0028298649,0.022240799,0.92502373,0.0016162875,0.0037013085,0.001996808,0.0010027854,0.0059653204,0.010227563,0.0053830794,0.016635237,0.0033772527,0.92502373
pamap2,gnn_lstm,sequence,1,101,101,102,753,762,762,1,2,2,3,sitting,standing,False,0.0054236646,0.031138107,0.8724511,0.0035130603,0.006856001,0.0047323867,0.0017325833,0.011178982,0.019516421,0.010264063,0.026786467,0.0064070453,0.8724511
pamap2,gnn_lstm,sequence,1,101,101,102,754,763,763,1,2,2,3,sitting,standing,False,0.0035157176,0.023815293,0.91847074,0.0015652236,0.0040370417,0.002198642,0.00082877267,0.005877842,0.00991456,0.00590826,0.020395428,0.0034725666,0.91847074
pamap2,gnn_lstm,sequence,1,101,101,102,755,764,764,1,2,2,3,sitting,standing,False,0.0020992956,0.017738122,0.94443953,0.0008076894,0.002565346,0.0011518467,0.0004436995,0.0035508808,0.0060257814,0.0036722973,0.015399409,0.002106202,0.94443953
pamap2,gnn_lstm,sequence,1,101,101,102,756,765,765,1,2,2,3,sitting,standing,False,0.0018472014,0.016530562,0.9468911,0.0007735161,0.0024629503,0.0010765839,0.0004250411,0.0034633952,0.005931908,0.0035566082,0.015029031,0.0020121462,0.9468911
pamap2,gnn_lstm,sequence,1,101,101,102,757,766,766,1,2,2,3,sitting,standing,False,0.0022743407,0.018839266,0.933926,0.0011326891,0.003246725,0.0015522619,0.00061524176,0.0046805865,0.008063823,0.004765228,0.0181881,0.0027157548,0.933926
pamap2,gnn_lstm,sequence,1,101,101,102,758,767,767,1,2,2,3,sitting,standing,False,0.003116684,0.022917965,0.91144764,0.0018220852,0.0046447357,0.0024722524,0.0009858402,0.0067998846,0.011617167,0.0069109434,0.023284,0.0039807414,0.91144764
pamap2,gnn_lstm,sequence,1,101,101,102,759,768,768,1,2,2,3,sitting,standing,False,0.0041476586,0.027282737,0.8857786,0.0027268773,0.006342475,0.0036422831,0.001483325,0.009333603,0.015590677,0.009455737,0.02872724,0.0054886485,0.8857786
pamap2,gnn_lstm,sequence,1,101,101,102,760,769,769,1,2,2,3,sitting,standing,False,0.00522574,0.03125984,0.8593677,0.003791592,0.008194195,0.004944548,0.002058347,0.012092497,0.019667722,0.01211128,0.034181718,0.007104894,0.8593677
pamap2,gnn_lstm,sequence,1,101,101,102,761,770,770,1,2,2,3,sitting,standing,False,0.006456703,0.035050962,0.8276478,0.0053301267,0.010596018,0.00657341,0.002846559,0.01579584,0.024673888,0.01534104,0.040617693,0.009069934,0.8276478
pamap2,gnn_lstm,sequence,1,101,101,102,762,771,771,1,2,2,3,sitting,standing,False,0.008764764,0.041346807,0.7611602,0.00926043,0.015828487,0.010298221,0.004797403,0.024473172,0.03592811,0.022241762,0.05260794,0.013292807,0.7611602
pamap2,gnn_lstm,sequence,1,101,101,102,763,772,772,1,2,2,3,sitting,standing,False,0.010379691,0.04736704,0.7209377,0.01139348,0.018880004,0.013343321,0.0062618023,0.028429262,0.0419363,0.0260937,0.058331877,0.016645718,0.7209377
pamap2,gnn_lstm,sequence,1,101,101,102,764,773,773,1,2,2,3,sitting,standing,False,0.009668358,0.04734289,0.74970365,0.008990774,0.016338298,0.011949062,0.0053061354,0.023249146,0.036177695,0.022746993,0.053280283,0.015246741,0.74970365
pamap2,gnn_lstm,sequence,1,101,101,102,765,774,774,1,2,2,3,sitting,standing,False,0.008744951,0.046142492,0.7788513,0.0069496576,0.013887033,0.010144586,0.004336672,0.01895316,0.030575018,0.019640733,0.048377756,0.013396691,0.7788513
pamap2,gnn_lstm,sequence,1,101,101,102,766,775,775,1,2,2,3,sitting,standing,False,0.008646552,0.04628454,0.78173673,0.006698205,0.01358763,0.0099992035,0.004198355,0.018380255,0.030016642,0.01928763,0.047891915,0.013272374,0.78173673
pamap2,gnn_lstm,sequence,1,101,101,102,767,776,776,1,2,2,3,sitting,standing,False,0.008556286,0.046150625,0.78327006,0.0066256723,0.013442786,0.009852622,0.0041490975,0.018199962,0.029742708,0.019134773,0.04773107,0.013144266,0.78327006
pamap2,gnn_lstm,sequence,1,101,101,102,768,777,777,1,2,2,3,sitting,standing,False,0.008516132,0.04622378,0.7825813,0.0066592684,0.013444338,0.0098602865,0.004167363,0.018266615,0.029873267,0.01922889,0.047990568,0.013188168,0.7825813
pamap2,gnn_lstm,sequence,1,101,101,102,769,778,778,1,2,2,3,sitting,standing,False,0.010088338,0.049990702,0.7466571,0.008554573,0.01575374,0.012415817,0.00484803,0.021946596,0.03630801,0.02296181,0.054422844,0.016052518,0.7466571
pamap2,gnn_lstm,sequence,1,101,101,102,770,779,779,1,2,2,3,sitting,standing,False,0.04181402,0.071615845,0.16318984,0.06926903,0.054037374,0.12608387,0.008797196,0.08734623,0.13344876,0.109015666,0.08421905,0.051163062,0.16318984
pamap2,gnn_lstm,sequence,1,101,101,102,771,780,780,1,9,2,16,sitting,vacuum_cleaning,False,0.10805381,0.10909393,0.049485072,0.06332902,0.04029441,0.18576436,0.0030562282,0.05926683,0.045744278,0.24534157,0.060647655,0.029922875,0.24534157
pamap2,gnn_lstm,sequence,1,101,101,102,772,781,781,1,9,2,16,sitting,vacuum_cleaning,False,0.2201366,0.20849292,0.030763486,0.018048672,0.015414762,0.07178643,0.00090636266,0.024246655,0.007642382,0.36075443,0.03186655,0.009940673,0.36075443
pamap2,gnn_lstm,sequence,1,101,101,102,773,782,782,1,1,2,2,sitting,sitting,True,0.22039656,0.505428,0.10154068,0.0022226789,0.006322633,0.00958863,0.00024425346,0.005624732,0.0019626205,0.097983845,0.043545473,0.00513983,0.505428
pamap2,gnn_lstm,sequence,1,101,101,102,774,783,783,1,1,2,2,sitting,sitting,True,0.090184085,0.6402519,0.20615095,0.00036512868,0.0024096887,0.0013152659,0.0001560105,0.0015228763,0.0008445648,0.01542585,0.038754202,0.0026195291,0.6402519
pamap2,gnn_lstm,sequence,1,101,101,102,775,784,784,1,1,2,2,sitting,sitting,True,0.043506365,0.64719504,0.26604238,0.00020219917,0.0014085324,0.0006800557,0.00020256125,0.0009674491,0.0008365742,0.00743036,0.029445603,0.0020829272,0.64719504
pamap2,gnn_lstm,sequence,1,101,101,102,776,785,785,1,1,2,2,sitting,sitting,True,0.029030122,0.5719848,0.3541843,0.00023001664,0.001408523,0.00075312715,0.00033315233,0.0011055698,0.0011930875,0.0073384475,0.030028952,0.0024098791,0.5719848
pamap2,gnn_lstm,sequence,1,101,101,102,777,786,786,1,2,2,3,sitting,standing,False,0.023128804,0.41658098,0.50896484,0.00031990404,0.0017921218,0.0010231803,0.00052702555,0.001584516,0.0019003941,0.008229362,0.032881323,0.0030675046,0.50896484
pamap2,gnn_lstm,sequence,1,101,101,102,778,787,787,1,2,2,3,sitting,standing,False,0.02577697,0.33717474,0.59988123,0.00025659584,0.0016333174,0.00099617,0.0006067211,0.001383127,0.0015884971,0.0070740464,0.020834552,0.002794084,0.59988123
pamap2,gnn_lstm,sequence,1,101,101,102,779,788,788,2,1,3,2,standing,sitting,False,0.09468331,0.4520642,0.41944882,0.00025702114,0.0021280262,0.0018237681,0.0010953703,0.0014320109,0.001178531,0.010099048,0.012172605,0.0036173377,0.4520642
pamap2,gnn_lstm,sequence,1,101,101,102,780,789,789,2,2,3,3,standing,standing,True,0.027326835,0.3818315,0.56201047,0.00021426234,0.0012189839,0.0009953346,0.00075824285,0.0010628658,0.001196288,0.007217493,0.013452323,0.00271534,0.56201047
pamap2,gnn_lstm,sequence,1,101,101,102,781,790,790,2,2,3,3,standing,standing,True,0.0047874902,0.16557977,0.79606164,0.00027731157,0.0012352122,0.0007574917,0.0007385062,0.0014539132,0.0022159605,0.005284184,0.019117672,0.002490881,0.79606164
pamap2,gnn_lstm,sequence,1,101,101,102,782,791,791,2,2,3,3,standing,standing,True,0.0057535903,0.1308261,0.7831146,0.00085433887,0.0039823484,0.001946421,0.0017561842,0.005060982,0.0063489443,0.011057291,0.044333126,0.00496606,0.7831146
pamap2,gnn_lstm,sequence,1,101,101,102,783,792,792,2,2,3,3,standing,standing,True,0.0041101375,0.17903702,0.7683345,0.0003520566,0.0015924291,0.0009950186,0.00082559354,0.0020108777,0.0029153803,0.0070676995,0.02973914,0.0030201105,0.7683345
pamap2,gnn_lstm,sequence,1,101,101,102,784,793,793,2,2,3,3,standing,standing,True,0.0036931722,0.22512539,0.73375356,0.00022732368,0.00096735463,0.00071244664,0.00055588654,0.0012300522,0.0018443438,0.0061817737,0.02333326,0.0023753818,0.73375356
pamap2,gnn_lstm,sequence,1,101,101,102,785,794,794,2,2,3,3,standing,standing,True,0.003746772,0.2696843,0.6918077,0.00019594458,0.0007781567,0.00063627335,0.0004828907,0.0010027929,0.0015090758,0.0062530227,0.021671258,0.002231805,0.6918077
pamap2,gnn_lstm,sequence,1,101,101,102,786,795,795,2,2,3,3,standing,standing,True,0.003818249,0.3358801,0.627725,0.00017943137,0.00065010594,0.00058205106,0.0004411135,0.00084594055,0.0012686306,0.0064408197,0.020024283,0.0021442922,0.627725
pamap2,gnn_lstm,sequence,1,101,101,102,787,796,796,2,2,3,3,standing,standing,True,0.003588565,0.47636834,0.49205935,0.00016465025,0.0004863083,0.00047022378,0.00037338363,0.00063158653,0.00095963705,0.0063552293,0.016651234,0.0018915639,0.49205935
pamap2,gnn_lstm,sequence,1,101,101,102,788,797,797,2,1,3,2,standing,sitting,False,0.0033242877,0.5370058,0.4344195,0.00015257685,0.0004099626,0.000403811,0.00033154065,0.0005342059,0.00082072476,0.006008521,0.01488278,0.0017063542,0.5370058
pamap2,gnn_lstm,sequence,1,101,101,102,789,798,798,2,1,3,2,standing,sitting,False,0.0032177495,0.56806225,0.4045693,0.00014809865,0.00037949608,0.00038020156,0.00031728047,0.00049651874,0.00076592143,0.0059060617,0.0141211925,0.0016359473,0.56806225
pamap2,gnn_lstm,sequence,1,101,101,102,790,799,799,2,1,3,2,standing,sitting,False,0.003113395,0.586272,0.38749716,0.00014229972,0.0003560578,0.0003593849,0.00030590597,0.00046606516,0.0007226614,0.0057394197,0.013456266,0.0015693445,0.586272
pamap2,gnn_lstm,sequence,1,101,101,102,791,800,800,2,1,3,2,standing,sitting,False,0.0030892203,0.5940777,0.3800351,0.00014097137,0.00035012112,0.0003563431,0.00030718243,0.0004582167,0.00071221904,0.0057125133,0.013202869,0.0015575779,0.5940777
pamap2,gnn_lstm,sequence,1,101,101,102,792,801,801,2,1,3,2,standing,sitting,False,0.0029791542,0.6213486,0.35392272,0.00013610891,0.0003248888,0.00033627028,0.00029588726,0.0004267582,0.00066607114,0.0055922866,0.012479055,0.0014922516,0.6213486
pamap2,gnn_lstm,sequence,1,101,101,102,793,802,802,2,1,3,2,standing,sitting,False,0.0028554702,0.6484907,0.32799378,0.0001304921,0.00029906796,0.00031438877,0.00028242503,0.0003946846,0.00061831536,0.005448864,0.011752587,0.0014192476,0.6484907
pamap2,gnn_lstm,sequence,1,101,101,102,794,803,803,2,1,3,2,standing,sitting,False,0.0028045774,0.6619201,0.3150735,0.0001282117,0.00028894126,0.00030541993,0.00027907072,0.0003818517,0.0005996084,0.005382588,0.011444572,0.0013915757,0.6619201
pamap2,gnn_lstm,sequence,1,101,101,102,795,804,804,2,1,3,2,standing,sitting,False,0.002916423,0.6545892,0.32114303,0.00013570648,0.0003046996,0.0003269885,0.00029479683,0.0004094445,0.000638093,0.005716031,0.012059433,0.00146621,0.6545892
pamap2,gnn_lstm,sequence,1,101,101,102,796,805,805,2,1,3,2,standing,sitting,False,0.0036348,0.6158663,0.35174453,0.00018851152,0.00041366927,0.00046971143,0.00037800733,0.00059206184,0.00088703434,0.007737523,0.016151676,0.0019361764,0.6158663
pamap2,gnn_lstm,sequence,1,101,101,102,797,806,806,2,1,3,2,standing,sitting,False,0.004073713,0.56105995,0.39999697,0.0002082216,0.0004892356,0.00055725174,0.00039556593,0.0007145481,0.0010462663,0.008971793,0.020336848,0.0021496303,0.56105995
pamap2,gnn_lstm,sequence,1,101,101,102,798,807,807,2,1,3,2,standing,sitting,False,0.0040411963,0.48119816,0.47605172,0.00020306752,0.00054583553,0.00058048416,0.00036274255,0.0007860537,0.0011484952,0.008841041,0.02408113,0.0021600146,0.48119816
pamap2,gnn_lstm,sequence,1,101,101,102,799,808,808,2,2,3,3,standing,standing,True,0.0038304029,0.4228044,0.5341397,0.00019941796,0.00059027184,0.0005814168,0.00034195496,0.00082657445,0.0012214229,0.008066137,0.025239183,0.0021591464,0.5341397
pamap2,gnn_lstm,sequence,1,101,101,102,800,809,809,2,2,3,3,standing,standing,True,0.0040955706,0.38565046,0.5653939,0.00024244981,0.00074081216,0.00073334214,0.00040749725,0.0010212972,0.0015127766,0.008824432,0.028857548,0.0025198823,0.5653939
pamap2,gnn_lstm,sequence,1,101,101,102,801,810,810,2,2,3,3,standing,standing,True,0.0046906685,0.3525631,0.5861413,0.00032541546,0.0010181165,0.0010512201,0.0005439888,0.001392228,0.0020576867,0.0108735785,0.036194332,0.0031484,0.5861413
pamap2,gnn_lstm,sequence,1,101,101,102,802,811,811,2,2,3,3,standing,standing,True,0.0051082075,0.30886486,0.6143857,0.00041731948,0.0014083862,0.0014664095,0.00070216483,0.0019026329,0.0027951282,0.012875273,0.046287715,0.0037862214,0.6143857
pamap2,gnn_lstm,sequence,1,101,101,102,803,812,812,2,2,3,3,standing,standing,True,0.0053858985,0.25397673,0.6365208,0.00057530723,0.002150376,0.002319207,0.00089951576,0.0028851987,0.004124269,0.016506359,0.07003417,0.0046221926,0.6365208
pamap2,gnn_lstm,sequence,1,101,101,102,804,813,813,2,2,3,3,standing,standing,True,0.004906539,0.20141917,0.66623116,0.00058651686,0.002653782,0.0028056789,0.0009602795,0.0034650036,0.0049197143,0.016936352,0.090570696,0.004545083,0.66623116
pamap2,gnn_lstm,sequence,1,101,101,102,805,814,814,2,2,3,3,standing,standing,True,0.0057993606,0.13464941,0.52565557,0.0012694886,0.005194616,0.007927437,0.0011132145,0.007428575,0.010128305,0.03871962,0.25632685,0.005787546,0.52565557
pamap2,gnn_lstm,sequence,1,101,101,102,806,815,815,2,2,3,3,standing,standing,True,0.0052766586,0.09663028,0.5436155,0.00091963605,0.0048525,0.0058935904,0.0005938152,0.006118568,0.007958704,0.029119167,0.29521102,0.003810595,0.5436155
pamap2,gnn_lstm,sequence,1,101,101,102,807,816,816,2,2,3,3,standing,standing,True,0.0034474672,0.06734654,0.8000426,0.0004107251,0.0030370855,0.001794663,0.00033460886,0.0033455736,0.004363194,0.009469651,0.10391254,0.0024952812,0.8000426
pamap2,gnn_lstm,sequence,1,101,101,102,808,817,817,2,2,3,3,standing,standing,True,0.0025101672,0.044017073,0.89297974,0.0003391428,0.0022789089,0.0009165134,0.00026584932,0.0026199766,0.0035450768,0.004936497,0.043620232,0.0019708886,0.89297974
pamap2,gnn_lstm,sequence,1,101,101,102,809,818,818,2,2,3,3,standing,standing,True,0.0015489887,0.025882116,0.9384987,0.00026624068,0.0016417755,0.00051301817,0.00020280213,0.0020059342,0.0028594746,0.0029619015,0.022332875,0.0012860798,0.9384987
pamap2,gnn_lstm,sequence,1,101,101,102,810,819,819,2,2,3,3,standing,standing,True,0.0010158204,0.015656251,0.9597351,0.00026033475,0.0013632932,0.0003809421,0.0001819646,0.0018471021,0.0026994327,0.0021343124,0.013789082,0.00093649444,0.9597351
pamap2,gnn_lstm,sequence,1,101,101,102,811,820,820,2,2,3,3,standing,standing,True,0.0012704828,0.014292475,0.9542967,0.0005129583,0.0019557353,0.00059414044,0.00030910512,0.0030312696,0.0042703603,0.002938656,0.015249021,0.0012790797,0.9542967
pamap2,gnn_lstm,sequence,1,101,101,102,812,821,821,2,2,3,3,standing,standing,True,0.0024947817,0.017490475,0.9195606,0.0015457869,0.0043085846,0.0014848812,0.00080735824,0.007506831,0.009305714,0.0064499103,0.026388165,0.0026568265,0.9195606
pamap2,gnn_lstm,sequence,1,101,101,102,813,822,822,2,2,3,3,standing,standing,True,0.003469069,0.018705713,0.89676434,0.0025328784,0.006139728,0.0022086818,0.0012166236,0.011003272,0.012796873,0.008937104,0.03259118,0.0036345026,0.89676434
pamap2,gnn_lstm,sequence,1,101,101,102,814,823,823,2,2,3,3,standing,standing,True,0.0022874933,0.014278841,0.9350572,0.0013221508,0.0036375187,0.0012126404,0.0006479426,0.006229637,0.007772498,0.0051432955,0.020311898,0.0020988537,0.9350572
pamap2,gnn_lstm,sequence,1,101,101,102,815,824,824,2,2,3,3,standing,standing,True,0.001573583,0.011699799,0.95684934,0.0007160895,0.002172748,0.0007553036,0.00035306907,0.0035023312,0.0050342316,0.0029884293,0.0129861105,0.0013690798,0.95684934
pamap2,gnn_lstm,sequence,1,101,101,102,816,825,825,2,2,3,3,standing,standing,True,0.0018419292,0.012787047,0.952338,0.00084208354,0.0024626309,0.0009374691,0.0004114521,0.003887631,0.0056929174,0.0033248037,0.01386192,0.0016121451,0.952338
pamap2,gnn_lstm,sequence,1,101,101,102,817,826,826,2,2,3,3,standing,standing,True,0.0023947016,0.015110046,0.9406167,0.001179355,0.0032352281,0.0013257214,0.0005814734,0.0050331596,0.00729087,0.0043312064,0.01673758,0.0021639857,0.9406167
pamap2,gnn_lstm,sequence,1,101,101,102,818,827,827,2,2,3,3,standing,standing,True,0.0028772335,0.017283896,0.9308752,0.0014408914,0.003884219,0.0016726064,0.0007370752,0.0058505274,0.008459854,0.0051519903,0.019084712,0.0026818716,0.9308752
pamap2,gnn_lstm,sequence,1,101,101,102,819,828,828,2,2,3,3,standing,standing,True,0.002719536,0.017135454,0.93402296,0.0012798695,0.0036300025,0.0015368031,0.0006809073,0.005316327,0.0077894307,0.004848023,0.018478757,0.0025618991,0.93402296
pamap2,gnn_lstm,sequence,1,101,101,102,820,829,829,2,2,3,3,standing,standing,True,0.0030200894,0.018108552,0.92763615,0.0015109652,0.004101172,0.0017493747,0.0008030444,0.006079538,0.008714916,0.005453377,0.019965436,0.0028574618,0.92763615
pamap2,gnn_lstm,sequence,1,101,101,102,821,830,830,2,2,3,3,standing,standing,True,0.0031703261,0.01858788,0.92503643,0.0016063519,0.0043081576,0.0018358241,0.00086181395,0.006381293,0.009049253,0.0056790016,0.020493438,0.0029903,0.92503643
pamap2,gnn_lstm,sequence,1,101,101,102,822,831,831,2,2,3,3,standing,standing,True,0.0030586796,0.018206192,0.92830616,0.0014889842,0.004079714,0.0017263783,0.0008045216,0.005986622,0.008529077,0.005345024,0.019627111,0.0028414535,0.92830616
pamap2,gnn_lstm,sequence,1,101,101,102,823,832,832,2,2,3,3,standing,standing,True,0.0030235904,0.01818808,0.9298685,0.0014077942,0.003943284,0.0016877556,0.00076639786,0.0057068053,0.008211156,0.00516734,0.019242821,0.0027864599,0.9298685
pamap2,gnn_lstm,sequence,1,101,101,102,824,833,833,2,2,3,3,standing,standing,True,0.0053945677,0.024824832,0.88921255,0.0027343647,0.0066041565,0.0035053228,0.0013569989,0.009687584,0.013941876,0.009081517,0.02878184,0.0048743626,0.88921255
pamap2,gnn_lstm,sequence,1,101,101,102,825,834,834,2,2,3,3,standing,standing,True,0.014418266,0.040993895,0.7698676,0.007689456,0.015706513,0.011315446,0.0026648086,0.022140171,0.03155951,0.021480706,0.051067118,0.011096639,0.7698676
pamap2,gnn_lstm,sequence,1,101,101,102,826,835,835,2,2,3,3,standing,standing,True,0.00830511,0.030719902,0.8786102,0.0024693348,0.007157233,0.0035743925,0.0010502392,0.00870373,0.011515793,0.009254454,0.033914756,0.00472497,0.8786102
pamap2,gnn_lstm,sequence,1,101,101,102,827,836,836,2,2,3,3,standing,standing,True,0.017959207,0.051454674,0.76487416,0.0062421784,0.013574361,0.009623057,0.0014383735,0.018131735,0.023326235,0.022372453,0.06145643,0.009547241,0.76487416
pamap2,gnn_lstm,sequence,1,101,101,102,828,837,837,2,2,3,3,standing,standing,True,0.018390154,0.05979917,0.7804937,0.003856729,0.010163822,0.0073542516,0.00075462495,0.012919947,0.0158638,0.019637408,0.063360065,0.00740635,0.7804937
pamap2,gnn_lstm,sequence,1,101,101,102,829,838,838,2,2,3,3,standing,standing,True,0.0021249324,0.018258534,0.9558982,0.00023560897,0.0013724096,0.00038286968,0.00010459731,0.0015682515,0.0020335822,0.0020424188,0.015118874,0.0008597354,0.9558982
pamap2,gnn_lstm,sequence,1,101,101,102,830,839,839,2,2,3,3,standing,standing,True,0.0007231848,0.009358524,0.97707546,0.00011511608,0.000711924,0.0001624969,5.890498e-05,0.00092979945,0.0013241917,0.0010114843,0.008124072,0.0004047085,0.97707546
pamap2,gnn_lstm,sequence,1,101,101,102,831,840,840,2,2,3,3,standing,standing,True,0.00056743645,0.007891999,0.9783488,0.00015611037,0.0007482444,0.0001856213,7.841918e-05,0.0011325824,0.0017233607,0.0011032175,0.0076150214,0.0004492325,0.9783488
pamap2,gnn_lstm,sequence,1,101,101,102,832,841,841,2,2,3,3,standing,standing,True,0.0008088986,0.00959694,0.9680608,0.00036310745,0.0012917464,0.00039237097,0.00017434219,0.0021982545,0.0033858393,0.0019885502,0.010920836,0.0008183361,0.9680608
pamap2,gnn_lstm,sequence,1,101,101,102,833,842,842,2,2,3,3,standing,standing,True,0.0020754265,0.015558695,0.9201736,0.001739802,0.0040499475,0.0016153267,0.00071306474,0.007766949,0.010912044,0.006423905,0.026404038,0.0025670808,0.9201736
pamap2,gnn_lstm,sequence,1,101,101,102,834,843,843,2,2,3,3,standing,standing,True,0.0049218833,0.024341326,0.81602913,0.006520001,0.011239555,0.005176335,0.002461011,0.02223847,0.027165538,0.01733873,0.055450168,0.0071178954,0.81602913
pamap2,gnn_lstm,sequence,1,101,101,102,835,844,844,2,2,3,3,standing,standing,True,0.008763724,0.032924447,0.6779163,0.016889216,0.022316877,0.011585299,0.0058809314,0.045105092,0.050822094,0.03230095,0.08137418,0.014120865,0.6779163
pamap2,gnn_lstm,sequence,1,101,101,102,836,845,845,2,2,3,3,standing,standing,True,0.012641417,0.03792768,0.55042666,0.03408566,0.03397967,0.021447744,0.010823129,0.069603935,0.084339395,0.041534416,0.08107972,0.022110589,0.55042666
pamap2,gnn_lstm,sequence,1,101,101,102,837,846,846,2,2,3,3,standing,standing,True,0.008809325,0.037017267,0.73884755,0.012825459,0.017693631,0.01175448,0.0045210174,0.03045974,0.046805866,0.022835035,0.054778688,0.013651954,0.73884755
pamap2,gnn_lstm,sequence,1,101,101,102,838,847,847,2,2,3,3,standing,standing,True,0.0066441,0.033463217,0.8052529,0.007764459,0.012436268,0.0074083786,0.003055538,0.02029804,0.031907756,0.016895525,0.044876255,0.009997436,0.8052529
pamap2,gnn_lstm,sequence,1,101,101,102,839,848,848,2,2,3,3,standing,standing,True,0.005272483,0.033621553,0.83492845,0.0055005066,0.009257976,0.0058080642,0.002334641,0.014784808,0.026056193,0.01414181,0.039476544,0.008816945,0.83492845
pamap2,gnn_lstm,sequence,1,101,101,102,840,849,849,2,2,3,3,standing,standing,True,0.0050368076,0.032924462,0.84265316,0.0050562588,0.008746985,0.005440225,0.0022159927,0.013859719,0.02453832,0.013394563,0.037764363,0.008369183,0.84265316
pamap2,gnn_lstm,sequence,1,101,101,102,841,850,850,2,2,3,3,standing,standing,True,0.005033161,0.033066638,0.84264,0.005038276,0.008717626,0.005471287,0.0022364836,0.013821184,0.024590228,0.013409487,0.037556496,0.008419058,0.84264
pamap2,gnn_lstm,sequence,1,101,101,102,842,851,851,2,2,3,3,standing,standing,True,0.0051767123,0.033966754,0.8380854,0.0052263825,0.00892994,0.0057266043,0.0023275786,0.014180765,0.025406484,0.013869782,0.038322967,0.008780706,0.8380854
pamap2,gnn_lstm,sequence,1,101,101,102,843,852,852,2,2,3,3,standing,standing,True,0.0051846,0.034182657,0.8385991,0.0051407735,0.008858022,0.00571218,0.0023102658,0.013991027,0.025140336,0.013824835,0.038279783,0.008776456,0.8385991
pamap2,gnn_lstm,sequence,1,101,101,102,844,853,853,2,2,3,3,standing,standing,True,0.005091997,0.033721298,0.8426117,0.004895499,0.008638066,0.005520215,0.0022248407,0.013516106,0.024239833,0.013424795,0.037611093,0.008504568,0.8426117
pamap2,gnn_lstm,sequence,1,101,101,102,845,854,854,2,2,3,3,standing,standing,True,0.004982392,0.033100124,0.8475351,0.004615414,0.008363147,0.0053040776,0.0021219822,0.012960603,0.023245858,0.012930085,0.036657486,0.008183736,0.8475351
pamap2,gnn_lstm,sequence,1,101,101,102,846,855,855,2,2,3,3,standing,standing,True,0.0049588666,0.032728836,0.85032356,0.00448458,0.008214296,0.0051977746,0.0020650036,0.012682272,0.022757335,0.01263493,0.03594959,0.008002945,0.85032356
pamap2,gnn_lstm,sequence,1,101,101,102,847,856,856,2,2,3,3,standing,standing,True,0.0050201993,0.032569833,0.85091406,0.0045022,0.008217508,0.0051956456,0.002061458,0.012717837,0.022748442,0.01254503,0.03556106,0.007946666,0.85091406
pamap2,gnn_lstm,sequence,1,101,101,102,848,857,857,2,2,3,3,standing,standing,True,0.004944533,0.032281972,0.85413307,0.0044138115,0.008032243,0.0050150487,0.0020359887,0.01247343,0.022259785,0.012179505,0.03450381,0.0077268537,0.85413307
pamap2,gnn_lstm,sequence,1,101,101,102,849,858,858,2,2,3,3,standing,standing,True,0.0046410663,0.031007098,0.8629243,0.0040642447,0.007532752,0.0045576505,0.0019123249,0.011713027,0.020793678,0.011308685,0.03241785,0.007127315,0.8629243
pamap2,gnn_lstm,sequence,1,101,101,102,850,859,859,2,2,3,3,standing,standing,True,0.004488322,0.030479219,0.8661027,0.0039474447,0.0073084,0.0044097234,0.0018672862,0.011458298,0.020436402,0.011017032,0.031556454,0.006928646,0.8661027
pamap2,gnn_lstm,sequence,1,101,101,102,851,860,860,2,2,3,3,standing,standing,True,0.0044990806,0.030513605,0.865119,0.0040082103,0.0073346985,0.004474566,0.0018793556,0.011598048,0.020783091,0.011130839,0.031664696,0.006994858,0.865119
pamap2,gnn_lstm,sequence,1,101,101,102,852,861,861,2,2,3,3,standing,standing,True,0.0044288016,0.03005269,0.8674828,0.0039070616,0.0071963947,0.0043702675,0.0018247215,0.011388451,0.020400086,0.010917035,0.031206561,0.0068252166,0.8674828
pamap2,gnn_lstm,sequence,1,101,101,102,853,862,862,2,2,3,3,standing,standing,True,0.0043311273,0.029442469,0.8710069,0.0037642997,0.006994346,0.004216299,0.0017553441,0.011074007,0.019836942,0.010573745,0.030420832,0.006583658,0.8710069
pamap2,gnn_lstm,sequence,1,101,101,102,854,863,863,2,2,3,3,standing,standing,True,0.0041201287,0.02861725,0.877086,0.0034944408,0.0066068643,0.0039312704,0.0016468911,0.010451604,0.018791731,0.00998362,0.029073931,0.006196387,0.877086
pamap2,gnn_lstm,sequence,1,101,101,102,855,864,864,2,2,3,3,standing,standing,True,0.0039249426,0.027938038,0.8821118,0.003260914,0.006264643,0.0037030724,0.0015524877,0.009910617,0.017941536,0.009511437,0.027990999,0.005889503,0.8821118
pamap2,gnn_lstm,sequence,1,101,101,102,856,865,865,2,2,3,3,standing,standing,True,0.0039791614,0.028163424,0.880946,0.003306119,0.006290624,0.003778145,0.0015630872,0.010001488,0.018257797,0.009606162,0.02812405,0.005984014,0.880946
pamap2,gnn_lstm,sequence,1,101,101,102,857,866,866,2,2,3,3,standing,standing,True,0.0037024673,0.026643993,0.89032894,0.0029078573,0.005778061,0.0033433216,0.0014090663,0.009103518,0.016506527,0.008711954,0.026188051,0.0053762384,0.89032894
pamap2,gnn_lstm,sequence,1,101,101,102,858,867,867,2,2,3,3,standing,standing,True,0.0038898438,0.026962861,0.88676304,0.0030659826,0.005985841,0.003525157,0.0014399755,0.009493638,0.01723739,0.009040122,0.027006947,0.0055891527,0.88676304
pamap2,gnn_lstm,sequence,1,101,101,102,859,868,868,2,2,3,3,standing,standing,True,0.0039109658,0.026880452,0.88705164,0.0030072613,0.005919763,0.0034663442,0.0013665054,0.009342665,0.01693931,0.009028927,0.027566545,0.0055195726,0.88705164
pamap2,gnn_lstm,sequence,1,101,101,102,860,869,869,2,2,3,3,standing,standing,True,0.0031889768,0.023730477,0.9058333,0.0022068417,0.0048487354,0.002583611,0.001043788,0.0074367984,0.013267892,0.0073283263,0.024226876,0.004304294,0.9058333
pamap2,gnn_lstm,sequence,1,101,101,102,861,870,870,2,2,3,3,standing,standing,True,0.0030752318,0.022865945,0.90798193,0.002128386,0.004751756,0.0025074654,0.0009883106,0.007291697,0.012982955,0.00717429,0.0241044,0.0041475673,0.90798193
pamap2,gnn_lstm,sequence,1,101,101,102,862,871,871,2,2,3,3,standing,standing,True,0.0032190515,0.023318939,0.90355605,0.0023049235,0.0050132517,0.0027073883,0.001035645,0.0077533205,0.013856718,0.007606585,0.02523322,0.004394992,0.90355605
pamap2,gnn_lstm,sequence,1,101,101,102,863,872,872,2,2,3,3,standing,standing,True,0.0032242083,0.023160689,0.90355855,0.0023307179,0.0050646625,0.002698779,0.0010451732,0.007825746,0.013858799,0.0076153968,0.025242161,0.0043752324,0.90355855
pamap2,gnn_lstm,sequence,1,101,101,102,864,873,873,2,2,3,3,standing,standing,True,0.0032947902,0.023296487,0.9015951,0.002449815,0.00524733,0.0027761909,0.0010995703,0.008138249,0.01426847,0.007807117,0.025544535,0.0044822437,0.9015951
pamap2,gnn_lstm,sequence,1,101,101,102,865,874,874,2,2,3,3,standing,standing,True,0.005154327,0.030155187,0.85046643,0.0045944196,0.0082739,0.0051340996,0.0019316709,0.013537959,0.023278048,0.012755755,0.03728994,0.0074281646,0.85046643
pamap2,gnn_lstm,sequence,1,101,101,102,866,875,875,2,2,3,3,standing,standing,True,0.010957198,0.04389833,0.71641254,0.010598932,0.016323807,0.012363331,0.0035667943,0.027754074,0.044242464,0.026330298,0.07299527,0.014556935,0.71641254
pamap2,gnn_lstm,sequence,1,101,101,102,867,876,876,2,2,3,3,standing,standing,True,0.007548553,0.0415502,0.81794375,0.004794998,0.01042323,0.0049626078,0.0032783851,0.015533277,0.02112201,0.014536445,0.050016563,0.008290056,0.81794375
pamap2,gnn_lstm,sequence,1,101,101,102,868,877,877,2,2,3,3,standing,standing,True,0.007891432,0.053185195,0.8078634,0.004471877,0.011242845,0.004458347,0.005812701,0.015730863,0.021778814,0.013652673,0.044716343,0.00919556,0.8078634
pamap2,gnn_lstm,sequence,1,101,101,102,869,878,878,2,2,3,3,standing,standing,True,0.011555256,0.07579709,0.75020343,0.0049451767,0.013896424,0.005503748,0.01358737,0.021229628,0.029451124,0.016974868,0.04334489,0.0135110095,0.75020343
pamap2,gnn_lstm,sequence,1,101,101,102,870,879,879,2,2,3,3,standing,standing,True,0.020899843,0.11386652,0.58708066,0.0069377036,0.021167338,0.009292929,0.047479372,0.036851335,0.049972344,0.029704856,0.049705997,0.027041156,0.58708066
pamap2,gnn_lstm,sequence,1,101,101,102,871,880,880,2,2,3,3,standing,standing,True,0.024931848,0.16619436,0.53198516,0.004576662,0.018088726,0.009067401,0.062995076,0.030246189,0.041390467,0.03234682,0.050220907,0.027956389,0.53198516
pamap2,gnn_lstm,sequence,1,101,101,102,872,881,881,2,2,3,3,standing,standing,True,0.019367708,0.24950007,0.5409705,0.0022523922,0.009800962,0.006600543,0.039705947,0.015511796,0.023139436,0.026577039,0.047833607,0.018739985,0.5409705
pamap2,gnn_lstm,sequence,1,101,101,102,873,882,882,2,2,3,3,standing,standing,True,0.013839778,0.2054656,0.4152991,0.0033000952,0.009382584,0.018151674,0.016131936,0.021789717,0.030272298,0.06773631,0.18199204,0.016638916,0.4152991
pamap2,gnn_lstm,sequence,1,101,101,102,874,883,883,2,10,3,17,standing,ironing,False,0.005984711,0.08318465,0.20961994,0.0021712591,0.0069126626,0.016655818,0.002260484,0.013872637,0.016027804,0.07649747,0.5614673,0.005345167,0.5614673
pamap2,gnn_lstm,sequence,1,101,101,102,875,884,884,2,10,3,17,standing,ironing,False,0.0050111213,0.08137401,0.3902098,0.0012549864,0.0061911466,0.00866816,0.0008597285,0.008307207,0.010311197,0.039060507,0.44487917,0.003873007,0.44487917
pamap2,gnn_lstm,sequence,1,101,101,102,876,885,885,2,2,3,3,standing,standing,True,0.0054904916,0.109484605,0.70012283,0.0011627689,0.0063173785,0.0064517558,0.0008171148,0.006057019,0.010579734,0.016128168,0.13010684,0.0072812815,0.70012283
pamap2,gnn_lstm,sequence,1,101,101,102,877,886,886,2,2,3,3,standing,standing,True,0.0053833653,0.089597724,0.7862432,0.0015325019,0.0065105557,0.0056583835,0.001030293,0.0062848246,0.013628827,0.011093269,0.063633755,0.009403362,0.7862432
pamap2,gnn_lstm,sequence,1,101,101,102,878,887,887,2,2,3,3,standing,standing,True,0.008688922,0.0981892,0.6709535,0.0040871515,0.011008259,0.012315368,0.0019115317,0.012945374,0.028340716,0.020959195,0.11418251,0.016418267,0.6709535
pamap2,gnn_lstm,sequence,1,101,101,102,879,888,888,2,2,3,3,standing,standing,True,0.0073814043,0.0991564,0.7049333,0.0038580436,0.008319593,0.00643925,0.0022061416,0.012015712,0.02341346,0.017026398,0.10282722,0.012423011,0.7049333
pamap2,gnn_lstm,sequence,1,101,101,102,880,889,889,2,2,3,3,standing,standing,True,0.005652878,0.09271242,0.78564334,0.0026785058,0.005894514,0.0029426524,0.0026535485,0.008955599,0.014743662,0.011234037,0.05960651,0.00728235,0.78564334
pamap2,gnn_lstm,sequence,1,101,101,102,881,890,890,2,2,3,3,standing,standing,True,0.0075710323,0.09358728,0.7568253,0.0041681426,0.009030028,0.003815974,0.0070874062,0.014508743,0.022329824,0.014470326,0.056452174,0.010153741,0.7568253
pamap2,gnn_lstm,sequence,1,101,101,102,882,891,891,2,2,3,3,standing,standing,True,0.016216697,0.08469411,0.582793,0.0102734165,0.024435818,0.007910285,0.037807748,0.049923543,0.06028957,0.030942075,0.071975,0.022738716,0.582793
pamap2,gnn_lstm,sequence,1,101,101,102,883,892,892,2,2,3,3,standing,standing,True,0.02388119,0.15361845,0.51339495,0.006275686,0.020930756,0.0077678547,0.07976209,0.03722123,0.051463004,0.030811246,0.046167273,0.028706277,0.51339495
pamap2,gnn_lstm,sequence,1,101,101,102,884,893,893,2,2,3,3,standing,standing,True,0.027451674,0.29278868,0.42797056,0.0027882096,0.0128205875,0.00618285,0.09301772,0.019484393,0.030016243,0.02835235,0.03401812,0.02510855,0.42797056
pamap2,gnn_lstm,sequence,1,101,101,102,885,894,894,2,1,3,2,standing,sitting,False,0.017134719,0.4838846,0.37165433,0.0011281101,0.0045845327,0.0037570049,0.03378969,0.0073121693,0.011810215,0.021752575,0.030079165,0.013112804,0.4838846
pamap2,gnn_lstm,sequence,1,101,101,102,886,895,895,2,1,3,2,standing,sitting,False,0.009694728,0.596849,0.29993042,0.0007882289,0.0019074528,0.0030926284,0.008120777,0.0037896733,0.0058200494,0.022969333,0.03962452,0.0074132355,0.596849
pamap2,gnn_lstm,sequence,1,101,101,102,887,896,896,2,1,3,2,standing,sitting,False,0.0074262368,0.61743647,0.2697463,0.0005911382,0.001475952,0.0024322004,0.0025653376,0.002413612,0.003389675,0.025425335,0.062383734,0.0047141137,0.61743647
pamap2,gnn_lstm,sequence,1,101,101,102,888,897,897,2,1,3,2,standing,sitting,False,0.0040939604,0.8085945,0.14658187,0.00028519175,0.0005728849,0.00086592557,0.0008836808,0.0007569304,0.001194111,0.011578655,0.022052031,0.0025401493,0.8085945
pamap2,gnn_lstm,sequence,1,101,101,102,889,898,898,2,1,3,2,standing,sitting,False,0.0019053153,0.92532617,0.05634514,0.00014682836,0.0001773994,0.00027182195,0.00031537053,0.0002451911,0.0004064386,0.005686092,0.008005399,0.0011688359,0.92532617
pamap2,gnn_lstm,sequence,1,101,101,102,890,899,899,2,1,3,2,standing,sitting,False,0.0022709558,0.9153852,0.06093819,0.00019466647,0.00022736863,0.00037788978,0.00039160802,0.0003275367,0.0005267597,0.007591216,0.010310878,0.001457667,0.9153852
pamap2,gnn_lstm,sequence,1,101,101,102,891,900,900,2,1,3,2,standing,sitting,False,0.0037295797,0.8380438,0.10290939,0.00043339448,0.0005287696,0.0010023115,0.0006048436,0.0008580708,0.0012151818,0.01829985,0.029789368,0.0025854942,0.8380438
pamap2,gnn_lstm,sequence,1,101,101,102,892,901,901,2,1,3,2,standing,sitting,False,0.00587977,0.655353,0.19540267,0.00073563424,0.0011413753,0.0021996042,0.00075782056,0.0019990471,0.0025779528,0.03638357,0.093855165,0.0037144262,0.655353
pamap2,gnn_lstm,sequence,1,101,101,102,893,902,902,2,1,3,2,standing,sitting,False,0.005246339,0.608456,0.2680504,0.00042465265,0.0009595329,0.0013544526,0.00059061794,0.0015095687,0.0021261834,0.022199875,0.08612822,0.0029541857,0.608456
pamap2,gnn_lstm,sequence,1,101,101,102,894,903,903,2,1,3,2,standing,sitting,False,0.0046032593,0.6015864,0.2986498,0.00032891703,0.00083758344,0.0010217243,0.00058943353,0.001279518,0.0019481819,0.016006593,0.0704651,0.0026835417,0.6015864
pamap2,gnn_lstm,sequence,1,101,101,102,895,904,904,2,1,3,2,standing,sitting,False,0.00403895,0.66195863,0.26072323,0.00028249357,0.00069778075,0.0008249305,0.0006250388,0.001034447,0.0016839433,0.012590846,0.05307984,0.0024598532,0.66195863
pamap2,gnn_lstm,sequence,1,101,101,102,896,905,905,2,1,3,2,standing,sitting,False,0.0032609461,0.7517797,0.19919412,0.00021605843,0.0004961097,0.0005810087,0.00056808465,0.00069140573,0.0011956022,0.0090272,0.030956063,0.0020337198,0.7517797
pamap2,gnn_lstm,sequence,1,101,101,102,897,906,906,2,1,3,2,standing,sitting,False,0.00313147,0.7934804,0.16452941,0.0002259902,0.0004769421,0.00059934263,0.00063517905,0.0006490787,0.00110411,0.008847035,0.024256382,0.0020646886,0.7934804
pamap2,gnn_lstm,sequence,1,101,101,102,898,907,907,2,1,3,2,standing,sitting,False,0.0044838316,0.7459908,0.18921511,0.00040705578,0.0008113202,0.0011888604,0.0011302513,0.0011881429,0.0018550903,0.015079125,0.035442997,0.003207336,0.7459908
pamap2,gnn_lstm,sequence,1,101,101,102,899,908,908,2,1,3,2,standing,sitting,False,0.007071661,0.6276585,0.25853008,0.0006536591,0.0015102014,0.00231037,0.0020628772,0.0023706576,0.0032830918,0.025363661,0.0645306,0.004654705,0.6276585
pamap2,gnn_lstm,sequence,1,101,101,102,900,909,909,2,1,3,2,standing,sitting,False,0.0077209584,0.5877853,0.3091704,0.00058042485,0.001695501,0.0021368903,0.0022823033,0.0023703463,0.0032983716,0.020591244,0.05766727,0.004700986,0.5877853
pamap2,gnn_lstm,sequence,1,101,101,102,901,910,910,2,1,3,2,standing,sitting,False,0.005643678,0.69364035,0.245455,0.0004029189,0.0010277489,0.0013974293,0.0014063158,0.0012926457,0.001982741,0.01380655,0.030305162,0.0036394706,0.69364035
pamap2,gnn_lstm,sequence,1,101,101,102,902,911,911,2,1,3,2,standing,sitting,False,0.008597241,0.5050276,0.32333806,0.0012841709,0.0025918884,0.0051460518,0.0016814324,0.0039003624,0.004905433,0.04301816,0.0933625,0.0071471506,0.5050276
pamap2,gnn_lstm,sequence,1,101,101,102,903,912,912,2,2,3,3,standing,standing,True,0.008094336,0.31068116,0.506377,0.0012940349,0.0035928998,0.0050130845,0.000976521,0.0045963554,0.005891858,0.033535276,0.11289476,0.007052774,0.506377
pamap2,gnn_lstm,sequence,1,101,101,102,904,913,913,2,2,3,3,standing,standing,True,0.0056045703,0.18976055,0.71359086,0.000810235,0.0031389298,0.0025202197,0.000523019,0.0032237882,0.004997403,0.012062839,0.058284454,0.005483179,0.71359086
pamap2,gnn_lstm,sequence,1,101,101,102,905,914,914,2,2,3,3,standing,standing,True,0.004657944,0.117418535,0.8030496,0.0009063899,0.0036970074,0.0025531792,0.0005380538,0.0035054374,0.0065570227,0.008219161,0.043023743,0.005873939,0.8030496
pamap2,gnn_lstm,sequence,1,101,101,102,906,915,915,2,2,3,3,standing,standing,True,0.0046790675,0.08433066,0.83060163,0.0012666079,0.0046729986,0.0034955142,0.00076707365,0.004529588,0.009772497,0.008478832,0.040071324,0.0073341657,0.83060163
pamap2,gnn_lstm,sequence,1,101,101,102,907,916,916,2,2,3,3,standing,standing,True,0.0044379737,0.062271923,0.84717864,0.0017266141,0.005356279,0.004094852,0.0010276012,0.005739482,0.013107039,0.008889518,0.03819574,0.007974415,0.84717864
pamap2,gnn_lstm,sequence,1,101,101,102,908,917,917,2,2,3,3,standing,standing,True,0.0038479364,0.047830626,0.86410874,0.0021020523,0.0051309536,0.003748532,0.0011403586,0.006456368,0.014775504,0.008841998,0.034746513,0.0072704447,0.86410874
pamap2,gnn_lstm,sequence,1,101,101,102,909,918,918,2,2,3,3,standing,standing,True,0.0033752583,0.037717216,0.87901765,0.0023844584,0.0047308034,0.0031257013,0.0011250689,0.006997414,0.015017631,0.008844531,0.031505615,0.00615867,0.87901765
pamap2,gnn_lstm,sequence,1,101,101,102,910,919,919,2,2,3,3,standing,standing,True,0.0033699146,0.029840197,0.87878305,0.0031169513,0.005499868,0.0030293935,0.0011938278,0.00916962,0.01703114,0.009798757,0.033567414,0.0055997735,0.87878305
pamap2,gnn_lstm,sequence,1,101,101,102,911,920,920,2,2,3,3,standing,standing,True,0.0070732995,0.029868731,0.7378562,0.012108406,0.017425466,0.0076373895,0.0039096833,0.03283806,0.03796463,0.025587836,0.076818354,0.010911871,0.7378562
pamap2,gnn_lstm,sequence,1,101,101,102,912,921,921,2,2,3,3,standing,standing,True,0.0057796636,0.032024533,0.7924183,0.008725896,0.012552023,0.006359528,0.0029404603,0.022045689,0.033105858,0.018755699,0.0555196,0.009772796,0.7924183
pamap2,gnn_lstm,sequence,1,101,101,102,913,922,922,2,2,3,3,standing,standing,True,0.0046834257,0.030616364,0.837303,0.0056887018,0.008880971,0.005028414,0.0020081217,0.015184252,0.025933705,0.014095706,0.04269048,0.00788686,0.837303
pamap2,gnn_lstm,sequence,1,101,101,102,914,923,923,2,2,3,3,standing,standing,True,0.0047457092,0.031546425,0.8354365,0.005744886,0.008927632,0.005232245,0.0020676432,0.015151601,0.026477136,0.01425216,0.04221668,0.008201446,0.8354365
pamap2,gnn_lstm,sequence,1,101,101,102,915,924,924,2,2,3,3,standing,standing,True,0.0050035263,0.032864403,0.8278348,0.0061955675,0.009412822,0.005677169,0.0022524607,0.01596111,0.028121348,0.01495976,0.042909827,0.008807214,0.8278348
pamap2,gnn_lstm,sequence,1,101,101,102,916,925,925,2,2,3,3,standing,standing,True,0.005548348,0.035008825,0.81386685,0.0070793647,0.010229226,0.006489142,0.0025259794,0.01745593,0.031265795,0.016226353,0.04441898,0.009885097,0.81386685
pamap2,gnn_lstm,sequence,1,101,101,102,917,926,926,2,2,3,3,standing,standing,True,0.0050762175,0.033651244,0.8314654,0.0061409883,0.0091431495,0.0055442154,0.0022693372,0.015417568,0.027763968,0.014400665,0.04026139,0.008865791,0.8314654
pamap2,gnn_lstm,sequence,1,101,101,102,918,927,927,2,2,3,3,standing,standing,True,0.0039976113,0.02989363,0.86529934,0.0044066403,0.007110061,0.0039133225,0.0018045696,0.011852233,0.021296488,0.011110239,0.032547235,0.006768657,0.86529934
pamap2,gnn_lstm,sequence,1,101,101,102,919,928,928,2,2,3,3,standing,standing,True,0.0035157616,0.027538545,0.88046277,0.0037224474,0.006235192,0.0033289006,0.0016198056,0.010480547,0.018878946,0.009710871,0.028634863,0.0058713076,0.88046277
pamap2,gnn_lstm,sequence,1,101,101,102,920,929,929,2,2,3,3,standing,standing,True,0.0035105872,0.026995951,0.88220644,0.003668651,0.0061470866,0.0033616843,0.0016203596,0.01045563,0.018988939,0.009569445,0.027661834,0.005813476,0.88220644
pamap2,gnn_lstm,sequence,1,101,101,102,921,930,930,2,2,3,3,standing,standing,True,0.0037077314,0.027061107,0.88036746,0.0036949955,0.0062322402,0.0035696237,0.0016055588,0.0106329955,0.019516017,0.00976778,0.027883206,0.0059612375,0.88036746
pamap2,gnn_lstm,sequence,1,101,101,102,922,931,931,2,2,3,3,standing,standing,True,0.004851674,0.030315058,0.8549907,0.0049073715,0.0076067545,0.0048779873,0.0018385617,0.013275964,0.024577735,0.012218751,0.033078667,0.007460718,0.8549907
pamap2,gnn_lstm,sequence,1,101,101,102,923,932,932,2,2,3,3,standing,standing,True,0.0039674053,0.026341239,0.8867514,0.0031402092,0.005742818,0.0033086597,0.0012099827,0.0094625745,0.01714185,0.0090965275,0.02852804,0.0053093215,0.8867514
pamap2,gnn_lstm,sequence,1,101,101,102,924,933,933,2,2,3,3,standing,standing,True,0.0028503817,0.021139892,0.9177947,0.0018123105,0.004018467,0.0020085583,0.00073695934,0.00631385,0.011217935,0.006191381,0.022490643,0.0034248515,0.9177947
pamap2,gnn_lstm,sequence,1,101,101,102,925,934,934,2,2,3,3,standing,standing,True,0.0020896038,0.017140519,0.9369976,0.0011747455,0.0029943883,0.0013372864,0.0005014714,0.004624327,0.0080946125,0.004529646,0.018140886,0.0023750346,0.9369976
pamap2,gnn_lstm,sequence,1,101,101,102,926,935,935,2,2,3,3,standing,standing,True,0.0018355794,0.01572325,0.9421557,0.0010364725,0.002740457,0.0011891742,0.0004492176,0.0042559477,0.007460549,0.0041299025,0.016902106,0.0021215656,0.9421557
pamap2,gnn_lstm,sequence,1,101,101,102,927,936,936,2,2,3,3,standing,standing,True,0.0019681922,0.016640842,0.93605596,0.0012359392,0.0030802784,0.0014006435,0.0005261552,0.0048667486,0.008663243,0.0046997853,0.018410351,0.0024517835,0.93605596
pamap2,gnn_lstm,sequence,1,101,101,102,928,937,937,2,2,3,3,standing,standing,True,0.0028985078,0.0212103,0.90650797,0.002215733,0.0047002016,0.0025030428,0.00085943774,0.0076235044,0.013832571,0.0074026724,0.026195303,0.004050753,0.90650797
pamap2,gnn_lstm,sequence,1,101,101,102,929,938,938,2,2,3,3,standing,standing,True,0.014050897,0.04910665,0.61746955,0.018372148,0.021043144,0.022980632,0.0034175792,0.039719794,0.07578752,0.03899094,0.077945665,0.021115433,0.61746955
pamap2,gnn_lstm,sequence,1,101,101,102,930,939,939,2,2,3,3,standing,standing,True,0.016108759,0.056433097,0.64018595,0.013387105,0.017914487,0.018803248,0.0022007274,0.029169606,0.051480822,0.03698579,0.09830824,0.019022146,0.64018595
pamap2,gnn_lstm,sequence,1,101,101,102,931,940,940,2,2,3,3,standing,standing,True,0.0045966962,0.03237708,0.869694,0.0018830328,0.0048949244,0.0024060574,0.00057597307,0.0071253236,0.010905124,0.009604447,0.05167093,0.0042664926,0.869694
pamap2,gnn_lstm,sequence,1,101,101,102,932,941,941,2,2,3,3,standing,standing,True,0.0026043751,0.023504505,0.9110818,0.0009923374,0.0031079457,0.0012068232,0.00034885117,0.0046098735,0.0068095475,0.0058113285,0.037499286,0.00242333,0.9110818
pamap2,gnn_lstm,sequence,1,101,101,102,933,942,942,2,2,3,3,standing,standing,True,0.0016435079,0.016784968,0.93929803,0.0006171483,0.002171692,0.00073457934,0.00024200696,0.0032842692,0.004882157,0.0037341195,0.025072945,0.0015346302,0.93929803
pamap2,gnn_lstm,sequence,1,101,101,102,934,943,943,2,2,3,3,standing,standing,True,0.0010433021,0.012181531,0.957582,0.00043306424,0.0016107316,0.00048241593,0.00019353835,0.002499197,0.0037858202,0.0025592786,0.016575452,0.0010537858,0.957582
pamap2,gnn_lstm,sequence,1,101,101,102,935,944,944,2,2,3,3,standing,standing,True,0.0009767325,0.011170125,0.9592271,0.00048378468,0.0016702936,0.0005281201,0.00022295868,0.0027543951,0.0042422833,0.002636187,0.015018622,0.001069455,0.9592271
pamap2,gnn_lstm,sequence,1,101,101,102,936,945,945,2,2,3,3,standing,standing,True,0.0013393697,0.012753738,0.9463725,0.00085351756,0.0024416181,0.0009002905,0.00037031082,0.0042600674,0.0065872353,0.003892552,0.018627953,0.0016009187,0.9463725
pamap2,gnn_lstm,sequence,1,101,101,102,937,946,946,2,2,3,3,standing,standing,True,0.0026133345,0.017242232,0.90180856,0.0023819713,0.005338793,0.0022047802,0.0009344232,0.0096802125,0.013501352,0.0082792835,0.032577608,0.0034374425,0.90180856
pamap2,gnn_lstm,sequence,1,101,101,102,938,947,947,2,2,3,3,standing,standing,True,0.005448825,0.024096768,0.81359804,0.006788805,0.012018535,0.0056355507,0.002477607,0.02205029,0.027414747,0.01737122,0.0554843,0.0076154196,0.81359804
pamap2,gnn_lstm,sequence,1,101,101,102,939,948,948,2,2,3,3,standing,standing,True,0.0069623403,0.027891621,0.77362955,0.009764742,0.015472155,0.0076449024,0.003472708,0.027953248,0.03514155,0.02135147,0.060704965,0.010010789,0.77362955
pamap2,gnn_lstm,sequence,1,101,101,102,940,949,949,2,2,3,3,standing,standing,True,0.005145805,0.026981581,0.842829,0.005458847,0.009579123,0.0050437935,0.0020000394,0.015801797,0.024282647,0.013813275,0.04178705,0.0072771097,0.842829
pamap2,gnn_lstm,sequence,1,101,101,102,941,950,950,2,2,3,3,standing,standing,True,0.0053836117,0.02691265,0.8446703,0.005339272,0.009703038,0.005078695,0.0019608112,0.015510448,0.023653507,0.013484939,0.04106364,0.0072391825,0.8446703
pamap2,gnn_lstm,sequence,1,101,101,102,942,951,951,2,2,3,3,standing,standing,True,0.004852944,0.02624534,0.85906667,0.0044653877,0.0085984245,0.0044053514,0.001711913,0.013285349,0.02072558,0.011984766,0.03808948,0.0065688076,0.85906667
pamap2,gnn_lstm,sequence,1,101,101,102,943,952,952,2,2,3,3,standing,standing,True,0.004622868,0.026148748,0.86346704,0.0041679065,0.008229498,0.0041950513,0.001648075,0.012569985,0.019817889,0.011575128,0.03717181,0.0063861343,0.86346704
pamap2,gnn_lstm,sequence,1,101,101,102,944,953,953,2,2,3,3,standing,standing,True,0.004461648,0.02673784,0.8642823,0.0040197764,0.007930056,0.004170312,0.001616241,0.012131383,0.0197443,0.011569887,0.03688321,0.0064530624,0.8642823
pamap2,gnn_lstm,sequence,1,101,101,102,945,954,954,2,2,3,3,standing,standing,True,0.004617726,0.027296565,0.8601712,0.004188411,0.008205494,0.004390916,0.001693797,0.012562231,0.020438267,0.012007572,0.037715513,0.006712475,0.8601712
pamap2,gnn_lstm,sequence,1,101,101,102,946,955,955,2,2,3,3,standing,standing,True,0.0047853403,0.02784213,0.8564875,0.004362318,0.008478615,0.0045824843,0.0017719925,0.012968063,0.021027163,0.012389688,0.038355786,0.0069489707,0.8564875
pamap2,gnn_lstm,sequence,1,101,101,102,947,956,956,2,2,3,3,standing,standing,True,0.005202056,0.029545631,0.8453569,0.0049085193,0.009148278,0.0051195403,0.0019622087,0.014077334,0.022942275,0.013507888,0.04055117,0.0076782308,0.8453569
pamap2,gnn_lstm,sequence,1,101,101,102,948,957,957,2,2,3,3,standing,standing,True,0.0053457143,0.030289697,0.8422599,0.0050762156,0.009339024,0.0052264347,0.002020438,0.014329215,0.023293259,0.013800347,0.04113477,0.007884917,0.8422599
pamap2,gnn_lstm,sequence,1,101,101,102,949,958,958,2,2,3,3,standing,standing,True,0.0053048013,0.02997977,0.8445007,0.005010272,0.009288941,0.00508228,0.0020016495,0.014178363,0.022776628,0.013537691,0.040625345,0.007713606,0.8445007
pamap2,gnn_lstm,sequence,1,101,101,102,950,959,959,2,2,3,3,standing,standing,True,0.005455646,0.02998894,0.8412144,0.0052807326,0.009671225,0.005234988,0.0020918425,0.0148095265,0.023442974,0.013811257,0.041136894,0.007861541,0.8412144
pamap2,gnn_lstm,sequence,1,101,101,102,951,960,960,2,2,3,3,standing,standing,True,0.0054926886,0.030268192,0.8395803,0.0054242774,0.009784215,0.005316469,0.0021388733,0.01503722,0.0239077,0.013925558,0.041130286,0.0079942765,0.8395803
pamap2,gnn_lstm,sequence,1,101,101,102,952,961,961,2,2,3,3,standing,standing,True,0.0054245386,0.030331831,0.8403942,0.0054033543,0.009646912,0.0052899043,0.0021184615,0.014897918,0.02398051,0.013825649,0.04069477,0.0079920245,0.8403942
pamap2,gnn_lstm,sequence,1,101,101,102,953,962,962,2,2,3,3,standing,standing,True,0.005217345,0.029866625,0.8449033,0.0051513826,0.009259657,0.0050743455,0.0020222967,0.014320442,0.023286143,0.013387383,0.03977214,0.0077389916,0.8449033
pamap2,gnn_lstm,sequence,1,101,101,102,954,963,963,2,2,3,3,standing,standing,True,0.004881685,0.028886007,0.85313094,0.0047069048,0.008643142,0.0046835337,0.0018735027,0.013347128,0.021904772,0.012586628,0.03809541,0.007260231,0.85313094
pamap2,gnn_lstm,sequence,1,101,101,102,955,964,964,2,2,3,3,standing,standing,True,0.004674097,0.028328823,0.857572,0.0044573825,0.008309452,0.0044806465,0.0017974175,0.0128316255,0.021196531,0.012175294,0.037171338,0.007005382,0.857572
pamap2,gnn_lstm,sequence,1,101,101,102,956,965,965,2,2,3,3,standing,standing,True,0.004747363,0.028832985,0.85441214,0.004574843,0.008445859,0.0046415357,0.0018442782,0.01309203,0.02178876,0.01252074,0.03787265,0.007226876,0.85441214
pamap2,gnn_lstm,sequence,1,101,101,102,957,966,966,2,2,3,3,standing,standing,True,0.0047516963,0.02887611,0.854863,0.004540957,0.0084219,0.0046257745,0.0018415869,0.013023212,0.021647245,0.012493814,0.03771057,0.0072041233,0.854863
pamap2,gnn_lstm,sequence,1,101,101,102,958,967,967,2,2,3,3,standing,standing,True,0.0047783996,0.028903384,0.8551645,0.004527652,0.008419441,0.0046271454,0.0018399705,0.012990288,0.021568708,0.0124687385,0.037517976,0.007193808,0.8551645
pamap2,gnn_lstm,sequence,1,101,101,102,959,968,968,2,2,3,3,standing,standing,True,0.0047424966,0.028667348,0.85717934,0.0044273064,0.0083118,0.004542509,0.0018064873,0.012778105,0.021177342,0.012271251,0.03702507,0.00707094,0.85717934
pamap2,gnn_lstm,sequence,1,101,101,102,960,969,969,2,2,3,3,standing,standing,True,0.0046315533,0.028126504,0.86097574,0.004239595,0.008110606,0.004367642,0.0017497689,0.012402283,0.020450193,0.011899613,0.036221612,0.006824883,0.86097574
pamap2,gnn_lstm,sequence,1,101,101,102,961,970,970,2,2,3,3,standing,standing,True,0.0047029164,0.02823276,0.8595378,0.0043037445,0.008241354,0.004450783,0.0017821019,0.012587566,0.020677248,0.0120441,0.03653008,0.0069096233,0.8595378
pamap2,gnn_lstm,sequence,1,101,101,102,962,971,971,2,2,3,3,standing,standing,True,0.0047895657,0.02825487,0.85824704,0.0043530483,0.008380803,0.0045291036,0.0018063604,0.012764607,0.020830277,0.012177553,0.036896024,0.0069706915,0.85824704
pamap2,gnn_lstm,sequence,1,101,101,102,963,972,972,2,2,3,3,standing,standing,True,0.0047555114,0.027840208,0.8602965,0.004213903,0.0083031645,0.004452078,0.0017662551,0.012553246,0.020339463,0.011990118,0.036670886,0.0068186596,0.8602965
pamap2,gnn_lstm,sequence,1,101,101,102,964,973,973,2,2,3,3,standing,standing,True,0.004842906,0.027977128,0.8584015,0.0042638327,0.008473923,0.004549077,0.0018006942,0.012753907,0.020520346,0.012195074,0.03730698,0.006914728,0.8584015
pamap2,gnn_lstm,sequence,1,101,101,102,965,974,974,2,2,3,3,standing,standing,True,0.0050103157,0.028490411,0.8547694,0.0043965317,0.0087171635,0.0047364635,0.0018553647,0.013085812,0.021023866,0.012569115,0.03820535,0.0071401866,0.8547694
pamap2,gnn_lstm,sequence,1,101,101,102,966,975,975,2,2,3,3,standing,standing,True,0.0050035254,0.028298879,0.8569552,0.0042947354,0.00861832,0.0046356544,0.0018239658,0.012857331,0.02053718,0.012341778,0.037637003,0.0069964123,0.8569552
pamap2,gnn_lstm,sequence,1,101,101,102,967,976,976,2,2,3,3,standing,standing,True,0.0049595293,0.027997583,0.85974413,0.0041761673,0.00848537,0.0045052203,0.0017912412,0.012593916,0.019993085,0.012047055,0.03688864,0.0068180203,0.85974413
pamap2,gnn_lstm,sequence,1,101,101,102,968,977,977,2,2,3,3,standing,standing,True,0.004992566,0.027920386,0.859917,0.0041768057,0.008516897,0.004505748,0.0017940762,0.01261851,0.019931087,0.012022491,0.036810186,0.0067943987,0.859917
pamap2,gnn_lstm,sequence,1,101,101,102,969,978,978,2,2,3,3,standing,standing,True,0.0050580455,0.027969655,0.85861075,0.004229881,0.008637734,0.0045713945,0.0018130383,0.012784803,0.02008935,0.012158676,0.037226185,0.0068505914,0.85861075
pamap2,gnn_lstm,sequence,1,101,101,102,970,979,979,2,2,3,3,standing,standing,True,0.005102939,0.028018102,0.8575655,0.004276071,0.008733081,0.004618687,0.0018298525,0.012917406,0.020218348,0.012264696,0.03755952,0.0068958136,0.8575655
pamap2,gnn_lstm,sequence,1,101,101,102,971,980,980,2,2,3,3,standing,standing,True,0.0052169072,0.02818729,0.8548864,0.004418998,0.008967685,0.0047464073,0.0018838574,0.013283552,0.020650385,0.012530516,0.038196288,0.0070316945,0.8548864
pamap2,gnn_lstm,sequence,1,101,101,102,972,981,981,2,2,3,3,standing,standing,True,0.005481404,0.028873203,0.8488822,0.0047303224,0.009391432,0.005053155,0.0019853483,0.0139684975,0.0216968,0.013113415,0.039427653,0.0073965797,0.8488822
pamap2,gnn_lstm,sequence,1,101,101,102,973,982,982,2,2,3,3,standing,standing,True,0.005403008,0.028690945,0.85145587,0.004627786,0.0091996,0.004913915,0.0019337912,0.013662436,0.021265903,0.012832487,0.03876784,0.0072464454,0.85145587
pamap2,gnn_lstm,sequence,1,101,101,102,974,983,983,2,2,3,3,standing,standing,True,0.005203488,0.02822345,0.85620433,0.0044110077,0.00883815,0.0046683373,0.0018440043,0.013112105,0.020505145,0.0123496875,0.03767081,0.0069694472,0.85620433
pamap2,gnn_lstm,sequence,1,101,101,102,975,984,984,2,2,3,3,standing,standing,True,0.005221263,0.028404739,0.8555518,0.0044489224,0.008811644,0.004708486,0.0018351314,0.0131259365,0.020733062,0.0123964455,0.037724916,0.0070377644,0.8555518
pamap2,gnn_lstm,sequence,1,101,101,102,976,985,985,2,2,3,3,standing,standing,True,0.005110138,0.028053302,0.85825014,0.0043197093,0.008616914,0.0045581404,0.0017840099,0.0128176315,0.020275943,0.012099649,0.037241396,0.0068731047,0.85825014
pamap2,gnn_lstm,sequence,1,101,101,102,977,986,986,2,2,3,3,standing,standing,True,0.005324793,0.028649138,0.8516798,0.0046025566,0.008998362,0.0048696063,0.0018733533,0.013494865,0.021478122,0.012679587,0.039085902,0.00726388,0.8516798
pamap2,gnn_lstm,sequence,1,101,101,102,978,987,987,2,2,3,3,standing,standing,True,0.0070595555,0.032877386,0.81262463,0.006428279,0.011287046,0.0070604137,0.002360519,0.01742554,0.02859799,0.016317965,0.048232663,0.009728032,0.81262463
pamap2,gnn_lstm,sequence,1,101,101,102,979,988,988,2,2,3,3,standing,standing,True,0.00676827,0.03165645,0.83011955,0.005252259,0.009965721,0.006013004,0.0019788556,0.014989123,0.024604673,0.014226931,0.04589862,0.008526554,0.83011955
pamap2,gnn_lstm,sequence,1,101,101,102,980,989,989,2,2,3,3,standing,standing,True,0.00624845,0.02959479,0.8512796,0.0037280591,0.008393391,0.004309673,0.0015787071,0.012250058,0.018402014,0.011636434,0.046116073,0.0064627123,0.8512796
pamap2,gnn_lstm,sequence,1,101,101,102,981,990,990,2,2,3,3,standing,standing,True,0.004771927,0.025322458,0.89357024,0.0020194985,0.005873498,0.0023081673,0.0011376387,0.008097837,0.0111068925,0.007299906,0.03449928,0.0039926283,0.89357024
pamap2,gnn_lstm,sequence,1,101,101,102,982,991,991,2,2,3,3,standing,standing,True,0.003555088,0.023728365,0.92170566,0.0012626408,0.0040251343,0.0012968954,0.00096855377,0.005734022,0.00781671,0.004775609,0.02247479,0.002656557,0.92170566
pamap2,gnn_lstm,sequence,1,101,101,102,983,992,992,2,2,3,3,standing,standing,True,0.004281953,0.029134562,0.9092454,0.0015179315,0.0047249435,0.0014929549,0.0016978363,0.0073205163,0.01006872,0.005492503,0.02165514,0.0033675495,0.9092454
pamap2,gnn_lstm,sequence,1,101,101,102,984,993,993,2,2,3,3,standing,standing,True,0.005787351,0.039015625,0.8881423,0.0016921153,0.005484472,0.0018309298,0.0031815774,0.009484844,0.012860401,0.006729762,0.021301672,0.0044889217,0.8881423
pamap2,gnn_lstm,sequence,1,101,101,102,985,994,994,2,2,3,3,standing,standing,True,0.00947593,0.055930357,0.82355595,0.002770864,0.008327994,0.0034206337,0.0073821316,0.016889902,0.021208689,0.012517541,0.03069335,0.007826728,0.82355595
pamap2,gnn_lstm,sequence,1,101,101,102,986,995,995,2,2,3,3,standing,standing,True,0.007873774,0.076075606,0.8093837,0.0019329244,0.006251993,0.0032189975,0.005990802,0.012844985,0.016096016,0.013901852,0.039323915,0.007105465,0.8093837
pamap2,gnn_lstm,sequence,1,101,101,102,987,996,996,2,2,3,3,standing,standing,True,0.0049165515,0.119926706,0.79397684,0.0009317265,0.003382388,0.002146273,0.0027336103,0.0055113984,0.0076710465,0.010909984,0.04291086,0.004982644,0.79397684
pamap2,gnn_lstm,sequence,1,101,101,102,988,997,997,2,2,3,3,standing,standing,True,0.0063786358,0.26438954,0.63481146,0.0007357613,0.002794328,0.0023031614,0.002491378,0.004064847,0.0058396966,0.014003304,0.056509767,0.005678129,0.63481146
pamap2,gnn_lstm,sequence,1,101,101,102,989,998,998,2,1,3,2,standing,sitting,False,0.008546782,0.45397213,0.4327766,0.00082367146,0.0026977058,0.0025710454,0.0027629521,0.003733842,0.0049239662,0.019847497,0.061167177,0.0061765737,0.45397213
pamap2,gnn_lstm,sequence,1,101,101,102,990,999,999,2,1,3,2,standing,sitting,False,0.005026847,0.71497405,0.2315226,0.00038377452,0.0008896149,0.0011905221,0.0011889392,0.0011799248,0.0017815941,0.012736457,0.025665976,0.0034596443,0.71497405
pamap2,gnn_lstm,sequence,1,101,101,102,991,1000,1000,2,1,3,2,standing,sitting,False,0.0027060786,0.87817836,0.09697207,0.00019218914,0.00031941518,0.00048178653,0.00054702983,0.00041994863,0.000664161,0.0073435972,0.010396258,0.0017791439,0.87817836
pamap2,gnn_lstm,sequence,1,101,101,102,992,1001,1001,2,1,3,2,standing,sitting,False,0.002024208,0.9235734,0.059475042,0.00014084275,0.00020105972,0.00030772213,0.00039333006,0.0002563708,0.0004142268,0.0053314352,0.006616968,0.0012655313,0.9235734
pamap2,gnn_lstm,sequence,1,101,101,102,993,1002,1002,2,1,3,2,standing,sitting,False,0.0013691598,0.95527357,0.03405836,9.416597e-05,0.00011202435,0.00016873555,0.00024079166,0.00014040526,0.0002300902,0.003538244,0.0039774133,0.00079688046,0.95527357
pamap2,gnn_lstm,sequence,1,101,101,102,994,1003,1003,2,1,3,2,standing,sitting,False,0.0011963852,0.9629154,0.027988622,8.2603765e-05,9.24851e-05,0.00013760752,0.00020570325,0.00011512328,0.0001888932,0.003059024,0.0033384904,0.0006796314,0.9629154
pamap2,gnn_lstm,sequence,1,101,101,102,995,1004,1004,2,1,3,2,standing,sitting,False,0.0007509152,0.97891074,0.0155569045,5.4553213e-05,4.755494e-05,7.11956e-05,0.00010917705,5.8949758e-05,9.803681e-05,0.0019969386,0.001940209,0.0004048736,0.97891074
pamap2,gnn_lstm,sequence,1,101,101,102,996,1005,1005,2,1,3,2,standing,sitting,False,0.00069307623,0.9812238,0.01326355,6.202196e-05,4.2263004e-05,6.806124e-05,9.234742e-05,5.6831293e-05,9.348564e-05,0.0021457726,0.0018634361,0.00039536643,0.9812238
pamap2,gnn_lstm,sequence,1,101,101,102,997,1006,1006,2,1,3,2,standing,sitting,False,0.00120116,0.9635393,0.024702942,0.00012860348,9.003006e-05,0.00015612082,0.00014476193,0.00013694262,0.00021008092,0.004523343,0.0044055916,0.0007611911,0.9635393
pamap2,gnn_lstm,sequence,1,101,101,102,998,1007,1007,2,1,3,2,standing,sitting,False,0.0012117295,0.9455919,0.04221311,9.2159484e-05,9.372924e-05,0.00013097079,0.000119499346,0.00013416173,0.0002123568,0.0039176913,0.0055946857,0.00068792584,0.9455919
pamap2,gnn_lstm,sequence,1,101,101,102,999,1008,1008,2,1,3,2,standing,sitting,False,0.0010904904,0.9398711,0.049522188,7.3216775e-05,8.699409e-05,0.00010779374,0.00010514939,0.00011410931,0.00018972631,0.003088194,0.005148163,0.0006029294,0.9398711
pamap2,gnn_lstm,sequence,1,101,101,102,1000,1009,1009,2,1,3,2,standing,sitting,False,0.0012312616,0.9299575,0.05826353,8.6377964e-05,0.000108344204,0.00013413587,0.00012989828,0.00013694397,0.00022891145,0.003360905,0.005654922,0.0007072351,0.9299575
pamap2,gnn_lstm,sequence,1,101,101,102,1001,1010,1010,2,1,3,2,standing,sitting,False,0.001631012,0.9039687,0.08052633,0.000117736585,0.00016429437,0.00020716985,0.00019199718,0.00020453181,0.00033659936,0.004324615,0.007348449,0.0009786632,0.9039687
pamap2,gnn_lstm,sequence,1,101,101,102,1002,1011,1011,2,1,3,2,standing,sitting,False,0.0021956833,0.8648405,0.114572264,0.00015633943,0.00024933557,0.0003198352,0.0002855298,0.00030716497,0.0004975945,0.0055540223,0.009670073,0.0013515755,0.8648405
pamap2,gnn_lstm,sequence,1,101,101,102,1003,1012,1012,2,1,3,2,standing,sitting,False,0.0030149003,0.8023626,0.16978055,0.00020556313,0.00038595503,0.0005076444,0.0004346564,0.0004721657,0.0007560122,0.007143421,0.013048743,0.0018877948,0.8023626
pamap2,gnn_lstm,sequence,1,101,101,102,1004,1013,1013,2,1,3,2,standing,sitting,False,0.0043020295,0.69460815,0.26548928,0.00027830226,0.00064757466,0.0008875162,0.00072596094,0.0007936963,0.0012515542,0.009603635,0.018634545,0.0027778018,0.69460815
pamap2,gnn_lstm,sequence,1,101,101,102,1005,1014,1014,2,1,3,2,standing,sitting,False,0.0062917876,0.528693,0.4125406,0.00039393862,0.001240319,0.0016698062,0.0014414995,0.0015168848,0.002327586,0.012549515,0.026963092,0.004371933,0.528693
pamap2,gnn_lstm,sequence,1,101,101,102,1006,1015,1015,2,1,3,2,standing,sitting,False,0.0065818634,0.48268035,0.45633453,0.0004011833,0.0013608692,0.001818794,0.0016818037,0.0016790027,0.0025968766,0.012523008,0.027675243,0.0046666344,0.48268035
pamap2,gnn_lstm,sequence,1,101,101,102,1007,1016,1016,2,1,3,2,standing,sitting,False,0.0066803237,0.53008115,0.41283286,0.00040132448,0.0012981205,0.0018099898,0.0017881386,0.0015565531,0.00245134,0.012203366,0.024217796,0.0046790247,0.53008115
pamap2,gnn_lstm,sequence,1,101,101,102,1008,1017,1017,2,1,3,2,standing,sitting,False,0.0052674627,0.6293443,0.32772505,0.00030543236,0.0008229072,0.0011521166,0.0011800465,0.0009971076,0.0016200875,0.009855169,0.018311586,0.0034187105,0.6293443
pamap2,gnn_lstm,sequence,1,101,101,102,1009,1018,1018,2,1,3,2,standing,sitting,False,0.0058163265,0.57256675,0.37990102,0.000331182,0.0009795494,0.0013508251,0.0013834196,0.0011807504,0.0019085819,0.010434128,0.020317126,0.0038303153,0.57256675
pamap2,gnn_lstm,sequence,1,101,101,102,1010,1019,1019,2,1,3,2,standing,sitting,False,0.006266091,0.5101628,0.43830594,0.00034853318,0.0011422663,0.0015367552,0.0015652047,0.0013656119,0.0021944859,0.010751985,0.02218177,0.0041786567,0.5101628
pamap2,gnn_lstm,sequence,1,101,101,102,1011,1020,1020,2,1,3,2,standing,sitting,False,0.006383763,0.4760187,0.47147757,0.00034941576,0.0012035762,0.0015802165,0.0015940052,0.0014292462,0.0022908656,0.010629904,0.02279247,0.0042502913,0.4760187
pamap2,gnn_lstm,sequence,1,101,101,102,1012,1021,1021,2,2,3,3,standing,standing,True,0.0065613254,0.4485175,0.4974106,0.00035850637,0.0012785079,0.0016560258,0.0016628404,0.0015154353,0.0024213018,0.01070544,0.023523916,0.004388689,0.4974106
pamap2,gnn_lstm,sequence,1,101,101,102,1013,1022,1022,2,2,3,3,standing,standing,True,0.0068213823,0.4249805,0.51806426,0.00038082115,0.0013916541,0.0017916809,0.0017859064,0.0016595114,0.0026284454,0.0110739255,0.024779532,0.004642359,0.51806426
pamap2,gnn_lstm,sequence,1,101,101,102,1014,1023,1023,2,2,3,3,standing,standing,True,0.006871753,0.40397233,0.53818625,0.00038456035,0.0014656481,0.0018459158,0.0018528828,0.0017394689,0.0027338038,0.010971135,0.025262607,0.0047136154,0.53818625
pamap2,gnn_lstm,sequence,1,101,101,102,1015,1024,1024,2,2,3,3,standing,standing,True,0.0068519716,0.38993245,0.55220467,0.0003824725,0.001507313,0.0018680735,0.0018897098,0.0017714484,0.0027841553,0.010752865,0.025331574,0.004723335,0.55220467
pamap2,gnn_lstm,sequence,1,101,101,102,1016,1025,1025,2,2,3,3,standing,standing,True,0.0074146283,0.3471378,0.5812947,0.0004702409,0.001927175,0.0024564685,0.0021422328,0.0023245767,0.0035841025,0.012741512,0.032860886,0.0056456975,0.5812947
pamap2,gnn_lstm,sequence,1,101,101,102,1017,1026,1026,2,2,3,3,standing,standing,True,0.009389606,0.24030037,0.55863327,0.0014383082,0.0052486444,0.008892864,0.0029590372,0.006834929,0.009790504,0.034682687,0.111731716,0.010098072,0.55863327
pamap2,gnn_lstm,sequence,1,101,101,102,1018,1027,1027,2,2,3,3,standing,standing,True,0.0075135585,0.14156069,0.5955124,0.0012328693,0.0060498114,0.009074826,0.001420136,0.007148609,0.009864294,0.034480818,0.17899075,0.007151197,0.5955124
pamap2,gnn_lstm,sequence,1,101,101,102,1019,1028,1028,2,2,3,3,standing,standing,True,0.005201223,0.087948725,0.66938543,0.0008046291,0.005437152,0.00637101,0.00070077734,0.005588382,0.008144448,0.021778684,0.18375033,0.0048891897,0.66938543
pamap2,gnn_lstm,sequence,1,101,101,102,1020,1029,1029,2,2,3,3,standing,standing,True,0.0044645313,0.06743492,0.67709476,0.0007610766,0.005557892,0.0064742304,0.0005746228,0.0055190385,0.00869588,0.019588256,0.19922285,0.0046119844,0.67709476
pamap2,gnn_lstm,sequence,1,101,101,102,1021,1030,1030,2,2,3,3,standing,standing,True,0.0040838043,0.05549651,0.6887476,0.00085244427,0.005875393,0.0066550258,0.00058480003,0.006022616,0.009742059,0.019113595,0.19815154,0.0046745827,0.6887476
pamap2,gnn_lstm,sequence,1,101,101,102,1022,1031,1031,2,2,3,3,standing,standing,True,0.0053408607,0.04638959,0.44546688,0.0020302779,0.009247185,0.016751057,0.0007763602,0.011218736,0.018153239,0.040130444,0.39820513,0.0062902365,0.44546688
pamap2,gnn_lstm,sequence,1,101,101,102,1023,1032,1032,2,10,3,17,standing,ironing,False,0.005118768,0.029118381,0.20570865,0.0024178103,0.008955669,0.020611174,0.00053216284,0.012169885,0.017015843,0.053697947,0.64049566,0.00415805,0.64049566
pamap2,gnn_lstm,sequence,1,101,101,102,1024,1033,1033,2,10,3,17,standing,ironing,False,0.0022958023,0.012571595,0.1285757,0.00092470594,0.004593672,0.004759822,0.00027102727,0.007123665,0.0058508716,0.031691674,0.8000783,0.0012631484,0.8000783
pamap2,gnn_lstm,sequence,1,101,101,102,1025,1034,1034,2,10,3,17,standing,ironing,False,0.0009507578,0.0041693826,0.0376865,0.00056022865,0.002947529,0.0019440849,0.00017181793,0.005502767,0.0025037166,0.01937697,0.92379266,0.00039364642,0.92379266
pamap2,gnn_lstm,sequence,1,101,101,102,1026,1035,1035,2,10,3,17,standing,ironing,False,0.000739435,0.0033125011,0.027174009,0.00055748376,0.0026617353,0.0017269541,0.00017439855,0.0056431834,0.002394703,0.017678237,0.93760484,0.00033252515,0.93760484
pamap2,gnn_lstm,sequence,1,101,101,102,1027,1036,1036,2,10,3,17,standing,ironing,False,0.0018371901,0.007000817,0.06734399,0.0020215,0.0067545106,0.004342907,0.0006827197,0.015557927,0.0073442766,0.03306113,0.85290134,0.0011516792,0.85290134
pamap2,gnn_lstm,sequence,1,101,101,102,1028,1037,1037,2,10,3,17,standing,ironing,False,0.00547959,0.015903605,0.20604819,0.009691676,0.020454938,0.013630131,0.003519069,0.05027829,0.028187428,0.06611072,0.5756346,0.0050617647,0.5756346
pamap2,gnn_lstm,sequence,1,101,101,102,1029,1038,1038,2,10,3,17,standing,ironing,False,0.009350617,0.023909254,0.31054053,0.022922238,0.033454582,0.023671336,0.008328864,0.0843401,0.055751953,0.08023799,0.33608013,0.011412356,0.33608013
pamap2,gnn_lstm,sequence,1,101,101,102,1030,1039,1039,2,2,3,3,standing,standing,True,0.012554103,0.031852502,0.39988187,0.03265676,0.038178083,0.026507808,0.0121105835,0.09211206,0.07468829,0.07258596,0.18928352,0.017588472,0.39988187
pamap2,gnn_lstm,sequence,1,101,101,102,1031,1040,1040,2,2,3,3,standing,standing,True,0.013595261,0.034747973,0.4152041,0.036722496,0.04021393,0.027880192,0.014250877,0.09320686,0.081161834,0.06915061,0.15341622,0.020449637,0.4152041
pamap2,gnn_lstm,sequence,1,101,101,102,1032,1041,1041,2,2,3,3,standing,standing,True,0.0144914705,0.042364813,0.47974962,0.030016309,0.03749541,0.02570345,0.013224975,0.073452406,0.07309925,0.05789373,0.12917113,0.023337364,0.47974962
pamap2,gnn_lstm,sequence,1,101,101,102,1033,1042,1042,2,2,3,3,standing,standing,True,0.012846,0.05552382,0.6129027,0.015251924,0.025264341,0.020185394,0.00889161,0.037776537,0.053065553,0.038109537,0.096749075,0.023433536,0.6129027
pamap2,gnn_lstm,sequence,1,101,101,102,1034,1043,1043,2,2,3,3,standing,standing,True,0.011662588,0.053596005,0.6649267,0.011551447,0.021683065,0.01707435,0.00733152,0.030807644,0.0448574,0.032052796,0.084303804,0.02015277,0.6649267
pamap2,gnn_lstm,sequence,1,101,101,102,1035,1044,1044,2,2,3,3,standing,standing,True,0.011488882,0.052297942,0.6810379,0.010471081,0.020609371,0.016500242,0.0066794823,0.028780889,0.042409025,0.030243404,0.08041539,0.01906631,0.6810379
pamap2,gnn_lstm,sequence,1,101,101,102,1036,1045,1045,2,2,3,3,standing,standing,True,0.011297254,0.051743668,0.6943224,0.009600655,0.019577073,0.01590994,0.0060962015,0.026842494,0.040288035,0.028653122,0.07742473,0.018244384,0.6943224
pamap2,gnn_lstm,sequence,1,101,101,102,1037,1046,1046,2,2,3,3,standing,standing,True,0.011668782,0.05172845,0.688338,0.010004881,0.020130428,0.016461922,0.006182432,0.027720023,0.041444965,0.029228639,0.07851302,0.018578462,0.688338
pamap2,gnn_lstm,sequence,1,101,101,102,1038,1047,1047,2,2,3,3,standing,standing,True,0.011771833,0.05165885,0.6893501,0.0100617055,0.020150546,0.016243735,0.0061604828,0.027761992,0.04121106,0.029009178,0.07822406,0.018396428,0.6893501
pamap2,gnn_lstm,sequence,1,101,101,102,1039,1048,1048,2,2,3,3,standing,standing,True,0.011015472,0.050344955,0.7109187,0.009053833,0.018609319,0.014301361,0.005681484,0.025514288,0.037561566,0.026684353,0.073549114,0.016765567,0.7109187
pamap2,gnn_lstm,sequence,1,101,101,102,1040,1049,1049,2,2,3,3,standing,standing,True,0.010589529,0.049231805,0.7188638,0.008735024,0.018048178,0.01361986,0.0054785414,0.024910038,0.036590062,0.02590207,0.0718883,0.016142715,0.7188638
pamap2,gnn_lstm,sequence,1,101,101,102,1041,1050,1050,2,2,3,3,standing,standing,True,0.010628605,0.048591323,0.7132069,0.0091526145,0.018508947,0.013936394,0.005646021,0.026060566,0.03779767,0.026726862,0.07340345,0.016340705,0.7132069
pamap2,gnn_lstm,sequence,1,101,101,102,1042,1051,1051,2,2,3,3,standing,standing,True,0.011125255,0.048978444,0.6980669,0.010045402,0.019647114,0.015093412,0.006056448,0.028140146,0.04046273,0.028507173,0.07662409,0.017252833,0.6980669
pamap2,gnn_lstm,sequence,1,101,101,102,1043,1052,1052,2,2,3,3,standing,standing,True,0.011403981,0.04955702,0.69175667,0.01026139,0.020020718,0.01569988,0.0061142454,0.028573614,0.041416384,0.029178336,0.07827645,0.017741181,0.69175667
pamap2,gnn_lstm,sequence,1,101,101,102,1044,1053,1053,2,2,3,3,standing,standing,True,0.010693938,0.04851183,0.7082671,0.009315648,0.018837433,0.01422967,0.005656688,0.026561804,0.038366936,0.027426967,0.07557857,0.016553426,0.7082671
pamap2,gnn_lstm,sequence,1,101,101,102,1045,1054,1054,2,2,3,3,standing,standing,True,0.010361823,0.04817319,0.7149975,0.008892502,0.018309059,0.013792827,0.00547872,0.025638558,0.037323326,0.026667267,0.07418615,0.016179081,0.7149975
pamap2,gnn_lstm,sequence,1,101,101,102,1046,1055,1055,2,2,3,3,standing,standing,True,0.0102069145,0.048147384,0.7175109,0.008622066,0.018038798,0.013733006,0.0053862734,0.025088102,0.036905035,0.026391895,0.07384121,0.016128423,0.7175109
pamap2,gnn_lstm,sequence,1,101,101,102,1047,1056,1056,2,2,3,3,standing,standing,True,0.010431464,0.0484615,0.71101445,0.00888607,0.018508596,0.014327296,0.0055672606,0.02578714,0.037901875,0.027165765,0.07532766,0.016620968,0.71101445
pamap2,gnn_lstm,sequence,1,101,101,102,1048,1057,1057,2,2,3,3,standing,standing,True,0.010957785,0.04948397,0.6972942,0.009570347,0.01958101,0.015416133,0.006024506,0.027375953,0.03986548,0.028695999,0.07814332,0.017591313,0.6972942
pamap2,gnn_lstm,sequence,1,101,101,102,1049,1058,1058,2,2,3,3,standing,standing,True,0.011469195,0.050348558,0.68282837,0.010384435,0.020788517,0.016404212,0.0065613124,0.029260065,0.041863833,0.030352723,0.0811995,0.018539289,0.68282837
pamap2,gnn_lstm,sequence,1,101,101,102,1050,1059,1059,2,2,3,3,standing,standing,True,0.011825822,0.051198393,0.67372453,0.010878448,0.021521237,0.017057361,0.006906209,0.030290654,0.04305211,0.03136241,0.08297292,0.019209884,0.67372453
pamap2,gnn_lstm,sequence,1,101,101,102,1051,1060,1060,2,2,3,3,standing,standing,True,0.012200744,0.051843777,0.66631657,0.011339848,0.02211639,0.017696302,0.007204153,0.031222466,0.04419135,0.03216905,0.08395112,0.019748183,0.66631657
pamap2,gnn_lstm,sequence,1,101,101,102,1052,1061,1061,2,2,3,3,standing,standing,True,0.012372901,0.0520559,0.66507345,0.011529705,0.022344394,0.01776936,0.0073957182,0.031604033,0.044346686,0.032195408,0.08346808,0.019844312,0.66507345
pamap2,gnn_lstm,sequence,1,101,101,102,1053,1062,1062,2,2,3,3,standing,standing,True,0.0123979505,0.05278325,0.6691166,0.011260588,0.021994684,0.017570868,0.00740641,0.030856807,0.043693103,0.031465866,0.08164176,0.019812139,0.6691166
pamap2,gnn_lstm,sequence,1,101,101,102,1054,1063,1063,2,2,3,3,standing,standing,True,0.012251016,0.053068433,0.6825379,0.010572291,0.020975122,0.016549332,0.007194682,0.029211674,0.041709743,0.029697133,0.07714227,0.019090332,0.6825379
pamap2,gnn_lstm,sequence,1,101,101,102,1055,1064,1064,2,2,3,3,standing,standing,True,0.011272392,0.051025588,0.72057086,0.008960606,0.018371882,0.013504888,0.0063872593,0.02546667,0.036201958,0.025328055,0.06641328,0.016496548,0.72057086
pamap2,gnn_lstm,sequence,1,101,101,102,1056,1065,1065,2,2,3,3,standing,standing,True,0.008664468,0.0458449,0.79188716,0.005874802,0.013356483,0.008451521,0.0046594925,0.017897263,0.025626801,0.017514056,0.04838611,0.011836873,0.79188716
pamap2,gnn_lstm,sequence,1,101,101,102,1057,1066,1066,2,2,3,3,standing,standing,True,0.008315463,0.04446249,0.8038242,0.005517747,0.01233691,0.007902036,0.0043583876,0.016854659,0.024699034,0.016376125,0.0441506,0.011202321,0.8038242
pamap2,gnn_lstm,sequence,1,101,101,102,1058,1067,1067,2,2,3,3,standing,standing,True,0.0094033815,0.045672633,0.78506327,0.0062920335,0.013442123,0.009450453,0.004524932,0.01890719,0.028179208,0.018532975,0.048191953,0.012339875,0.78506327
pamap2,gnn_lstm,sequence,1,101,101,102,1059,1068,1068,2,2,3,3,standing,standing,True,0.01723472,0.05714569,0.6430515,0.013182914,0.023993826,0.022822168,0.005999903,0.034975383,0.053601824,0.034148015,0.072814845,0.02102919,0.6430515
pamap2,gnn_lstm,sequence,1,101,101,102,1060,1069,1069,2,2,3,3,standing,standing,True,0.03509594,0.07825607,0.42913437,0.025244245,0.03910355,0.052055027,0.0052138087,0.05599534,0.07864183,0.06447844,0.105542704,0.031238612,0.42913437
pamap2,gnn_lstm,sequence,1,101,101,102,1061,1070,1070,2,2,3,3,standing,standing,True,0.05379318,0.10503038,0.34014294,0.022212636,0.04168696,0.07599147,0.0025082338,0.051621255,0.063110456,0.0869063,0.12978107,0.027215146,0.34014294
pamap2,gnn_lstm,sequence,1,101,101,102,1062,1071,1071,2,2,3,3,standing,standing,True,0.021945233,0.09231066,0.716248,0.0026980331,0.010696839,0.008523332,0.0004990357,0.010979458,0.011921669,0.023358703,0.09401444,0.0068045496,0.716248
pamap2,gnn_lstm,sequence,1,101,101,102,1063,1072,1072,2,2,3,3,standing,standing,True,0.0040031075,0.04282732,0.9063674,0.00032187568,0.001926963,0.0006829081,0.00013193114,0.0021842567,0.0026355332,0.0038438593,0.033737924,0.0013369519,0.9063674
pamap2,gnn_lstm,sequence,1,101,101,102,1064,1073,1073,2,2,3,3,standing,standing,True,0.0015069721,0.024422554,0.94667643,0.00017655993,0.0010403608,0.0003137658,9.395082e-05,0.0014339901,0.001975989,0.0021235195,0.019445714,0.0007900199,0.94667643
pamap2,gnn_lstm,sequence,1,101,101,102,1065,1074,1074,2,2,3,3,standing,standing,True,0.0009934404,0.018044105,0.95640105,0.00019927557,0.0010087157,0.0002963497,0.000116698364,0.001573638,0.0023386173,0.0020329056,0.016209917,0.00078530586,0.95640105
pamap2,gnn_lstm,sequence,1,101,101,102,1066,1075,1075,2,2,3,3,standing,standing,True,0.0012419068,0.018897887,0.9421347,0.0004907513,0.0017835599,0.000602964,0.00027613554,0.0031091333,0.0046014823,0.0035425094,0.021937277,0.0013816274,0.9421347
pamap2,gnn_lstm,sequence,1,101,101,102,1067,1076,1076,2,2,3,3,standing,standing,True,0.0030022836,0.02667871,0.8652257,0.0025306502,0.00592785,0.0024316877,0.0012369219,0.011369814,0.014306598,0.011429461,0.05154209,0.0043182573,0.8652257
pamap2,gnn_lstm,sequence,1,101,101,102,1068,1077,1077,2,2,3,3,standing,standing,True,0.0063492716,0.032373056,0.7453788,0.007642672,0.014435468,0.0065512434,0.0036650936,0.02931673,0.03009718,0.026614958,0.08836798,0.009207474,0.7453788
pamap2,gnn_lstm,sequence,1,101,101,102,1069,1078,1078,2,2,3,3,standing,standing,True,0.009072282,0.037684143,0.687146,0.012108298,0.020252446,0.010432946,0.0063228733,0.04028738,0.04071057,0.03362074,0.08902421,0.013338062,0.687146
pamap2,gnn_lstm,sequence,1,101,101,102,1070,1079,1079,2,2,3,3,standing,standing,True,0.010772535,0.04311552,0.67961586,0.013551281,0.02147991,0.013961614,0.0076645245,0.038836893,0.046911687,0.032141194,0.07567843,0.016270548,0.67961586
pamap2,gnn_lstm,sequence,1,101,101,102,1071,1080,1080,2,2,3,3,standing,standing,True,0.01158397,0.038889166,0.65210533,0.016768003,0.024441505,0.014758439,0.008749825,0.04799235,0.051318143,0.036068708,0.08092627,0.016398285,0.65210533
pamap2,gnn_lstm,sequence,1,101,101,102,1072,1081,1081,2,2,3,3,standing,standing,True,0.0075803157,0.035967533,0.81318647,0.00526561,0.011514522,0.007522094,0.003068338,0.017150218,0.024847057,0.016522732,0.047996435,0.009378777,0.81318647
pamap2,gnn_lstm,sequence,1,101,101,102,1073,1082,1082,2,2,3,3,standing,standing,True,0.011669007,0.042536072,0.73453945,0.008512452,0.017176844,0.012993533,0.0043520266,0.025546435,0.036377598,0.02435711,0.06813922,0.013800248,0.73453945
pamap2,gnn_lstm,sequence,1,101,101,102,1074,1083,1083,2,2,3,3,standing,standing,True,0.010979984,0.042153608,0.7675912,0.005759045,0.014379699,0.009371315,0.0033342335,0.01947326,0.02602778,0.019818896,0.0702103,0.010900752,0.7675912
pamap2,gnn_lstm,sequence,1,101,101,102,1075,1084,1084,2,2,3,3,standing,standing,True,0.009638552,0.04428184,0.80363446,0.0035413979,0.011119352,0.0059967875,0.002662584,0.014036398,0.017859422,0.014860923,0.0641889,0.0081793945,0.80363446
pamap2,gnn_lstm,sequence,1,101,101,102,1076,1085,1085,2,2,3,3,standing,standing,True,0.008140342,0.045227867,0.8334566,0.002495781,0.008998752,0.0037782367,0.0027477115,0.011612733,0.013879495,0.011187044,0.05207291,0.0064025084,0.8334566
pamap2,gnn_lstm,sequence,1,101,101,102,1077,1086,1086,2,2,3,3,standing,standing,True,0.010270909,0.05400689,0.7897501,0.002949305,0.011075775,0.004464859,0.0050229114,0.016913587,0.018676579,0.014506933,0.064304285,0.008057775,0.7897501
pamap2,gnn_lstm,sequence,1,101,101,102,1078,1087,1087,2,2,3,3,standing,standing,True,0.010983086,0.06411181,0.7226967,0.0033210632,0.012914085,0.0053958273,0.008361116,0.023848424,0.024679597,0.020237578,0.09321926,0.010231433,0.7226967
pamap2,gnn_lstm,sequence,1,101,101,102,1079,1088,1088,2,2,3,3,standing,standing,True,0.009637069,0.06882155,0.6696591,0.0034029975,0.012083028,0.00579517,0.009867036,0.028003508,0.027485812,0.027124634,0.12817365,0.009946458,0.6696591
pamap2,gnn_lstm,sequence,1,101,101,102,1080,1089,1089,2,2,3,3,standing,standing,True,0.008859618,0.07759705,0.67662996,0.0031451182,0.0105903,0.005425536,0.009668315,0.025593296,0.025440997,0.027433107,0.120206766,0.009409919,0.67662996
pamap2,gnn_lstm,sequence,1,101,101,102,1081,1090,1090,2,2,3,3,standing,standing,True,0.009455311,0.09628081,0.66348606,0.00339172,0.010732796,0.005892967,0.010763588,0.024358736,0.024944939,0.029263804,0.1109785,0.010450666,0.66348606
pamap2,gnn_lstm,sequence,1,101,101,102,1082,1091,1091,2,2,3,3,standing,standing,True,0.0108163245,0.08195751,0.4653011,0.0055726115,0.01481905,0.010815505,0.011679125,0.041758414,0.033836987,0.06284047,0.249007,0.011595898,0.4653011
pamap2,gnn_lstm,sequence,1,101,101,102,1083,1092,1092,2,2,3,3,standing,standing,True,0.0077614463,0.10050004,0.58829886,0.0021839938,0.009127069,0.005900609,0.00396895,0.01648547,0.015325535,0.035520196,0.20802777,0.0069000833,0.58829886
pamap2,gnn_lstm,sequence,1,101,101,102,1084,1093,1093,2,2,3,3,standing,standing,True,0.005483878,0.1145895,0.74035853,0.0009233945,0.0052824668,0.0029151055,0.0018679926,0.0069649206,0.0077847135,0.015786894,0.09282431,0.0052182786,0.74035853
pamap2,gnn_lstm,sequence,1,101,101,102,1085,1094,1094,2,2,3,3,standing,standing,True,0.0045926175,0.11587137,0.7909938,0.00069325167,0.0038506417,0.0022282319,0.0015508151,0.004705599,0.0061392225,0.010368568,0.05428067,0.0047251997,0.7909938
pamap2,gnn_lstm,sequence,1,101,101,102,1086,1095,1095,2,2,3,3,standing,standing,True,0.004662653,0.12206182,0.79074234,0.00067842915,0.00362432,0.0023539881,0.0016436103,0.0043230224,0.006025514,0.010003567,0.048903715,0.0049771094,0.79074234
pamap2,gnn_lstm,sequence,1,101,101,102,1087,1096,1096,2,2,3,3,standing,standing,True,0.005076517,0.1377158,0.7748228,0.00068990275,0.0036191333,0.002679394,0.0018960895,0.004156042,0.0061027356,0.010300718,0.047434855,0.0055060075,0.7748228
pamap2,gnn_lstm,sequence,1,101,101,102,1088,1097,1097,2,2,3,3,standing,standing,True,0.008514859,0.16410945,0.6816449,0.0015344083,0.0064826175,0.0065585165,0.0043743625,0.008117275,0.01183488,0.020442484,0.075932324,0.010453906,0.6816449
pamap2,gnn_lstm,sequence,1,101,101,102,1089,1098,1098,2,2,3,3,standing,standing,True,0.008689688,0.18268543,0.68883526,0.0010876361,0.004786083,0.004821638,0.004155878,0.006382269,0.009179141,0.018163597,0.062371843,0.008841513,0.68883526
pamap2,gnn_lstm,sequence,1,101,101,102,1090,1099,1099,2,2,3,3,standing,standing,True,0.008302184,0.22255743,0.68516415,0.00071222935,0.0031813353,0.0031570415,0.003996731,0.004321449,0.006228827,0.013822094,0.041551847,0.007004654,0.68516415
pamap2,gnn_lstm,sequence,1,101,101,102,1091,1100,1100,2,2,3,3,standing,standing,True,0.010896861,0.25850534,0.6264704,0.0009939121,0.00394808,0.0043892995,0.007689955,0.006175394,0.008506223,0.01834989,0.044748064,0.0093265865,0.6264704
pamap2,gnn_lstm,sequence,1,101,101,102,1092,1101,1101,2,2,3,3,standing,standing,True,0.0116443895,0.33113363,0.5652365,0.0008859739,0.003581965,0.0042394535,0.00891096,0.005202564,0.0071965284,0.017636893,0.035109445,0.00922173,0.5652365
pamap2,gnn_lstm,sequence,1,101,101,102,1093,1102,1102,2,2,3,3,standing,standing,True,0.00909653,0.35804713,0.56399405,0.0006157119,0.0024666204,0.002962831,0.005668703,0.003375041,0.004889314,0.014071466,0.027953006,0.0068596615,0.56399405
pamap2,gnn_lstm,sequence,1,101,101,102,1094,1103,1103,2,2,3,3,standing,standing,True,0.008124312,0.38237667,0.5483493,0.00051062176,0.0019959817,0.002461569,0.0040444504,0.002680484,0.0039734584,0.013202042,0.026267406,0.0060136407,0.5483493
pamap2,gnn_lstm,sequence,1,101,101,102,1095,1104,1104,2,2,3,3,standing,standing,True,0.008439717,0.4004459,0.51982254,0.0005601568,0.001975023,0.002644843,0.0033604589,0.0028772445,0.0041048974,0.016475948,0.0328961,0.0063972254,0.51982254
pamap2,gnn_lstm,sequence,1,101,101,102,1096,1105,1105,2,2,3,3,standing,standing,True,0.007865711,0.3830336,0.525554,0.0005305551,0.0018353644,0.0025420566,0.001988159,0.0027125357,0.003668136,0.019386694,0.04532305,0.0055600875,0.525554
pamap2,gnn_lstm,sequence,1,101,101,102,1097,1106,1106,2,2,3,3,standing,standing,True,0.0059844633,0.36397946,0.563869,0.00033632363,0.0012659859,0.0014772014,0.0009501809,0.0017388954,0.0024206308,0.013833914,0.040424544,0.0037193904,0.563869
pamap2,gnn_lstm,sequence,1,101,101,102,1098,1107,1107,2,2,3,3,standing,standing,True,0.004786816,0.40824258,0.5424161,0.00022591035,0.0008246068,0.00087616686,0.000600182,0.0010751027,0.0015782423,0.009300439,0.027315132,0.0027586971,0.5424161
pamap2,gnn_lstm,sequence,1,101,101,102,1099,1108,1108,2,1,3,2,standing,sitting,False,0.004313515,0.48507503,0.47230488,0.00022469953,0.0006947199,0.0007429245,0.0005189264,0.0008908762,0.0013369529,0.008482094,0.022871,0.002544427,0.48507503
pamap2,gnn_lstm,sequence,1,101,101,102,1100,1109,1109,2,2,3,3,standing,standing,True,0.00477238,0.41962385,0.53320843,0.00026124011,0.0008691249,0.0009187925,0.0006346949,0.001106461,0.0016466705,0.008986653,0.025004748,0.0029669649,0.53320843
pamap2,gnn_lstm,sequence,1,101,101,102,1101,1110,1110,2,2,3,3,standing,standing,True,0.005107126,0.3766727,0.57389104,0.00027716908,0.0009918388,0.0010318996,0.0007191196,0.0012357784,0.0018427469,0.009029353,0.026007269,0.0031939927,0.57389104
pamap2,gnn_lstm,sequence,1,101,101,102,1102,1111,1111,2,2,3,3,standing,standing,True,0.005329939,0.3255706,0.62280804,0.0002981654,0.0011780048,0.001176654,0.00085698895,0.0014274516,0.0021392955,0.008891911,0.026881358,0.0034415266,0.62280804
pamap2,gnn_lstm,sequence,1,101,101,102,1103,1112,1112,2,2,3,3,standing,standing,True,0.005474218,0.28788972,0.65873873,0.00031940592,0.0013940565,0.0013457306,0.001048021,0.0016421754,0.0024689087,0.008692685,0.027277114,0.0037092944,0.65873873
pamap2,gnn_lstm,sequence,1,101,101,102,1104,1113,1113,2,2,3,3,standing,standing,True,0.005687129,0.26336655,0.68064475,0.0003482575,0.0016329203,0.0015616922,0.0012827448,0.0018677065,0.0028248488,0.008756816,0.027971936,0.004054677,0.68064475
pamap2,gnn_lstm,sequence,1,101,101,102,1105,1114,1114,2,2,3,3,standing,standing,True,0.0059523284,0.2592106,0.6838047,0.0003623835,0.0017594564,0.0017117187,0.001496373,0.001965719,0.0029846132,0.008862286,0.02760021,0.0042896513,0.6838047
pamap2,gnn_lstm,sequence,1,101,101,102,1106,1115,1115,2,2,3,3,standing,standing,True,0.0062905024,0.27291486,0.67031634,0.00036362445,0.0017674272,0.0017940578,0.0016687782,0.0019533099,0.002972667,0.009062584,0.026453177,0.004442646,0.67031634
pamap2,gnn_lstm,sequence,1,101,101,102,1107,1116,1116,2,2,3,3,standing,standing,True,0.00676843,0.28333065,0.6557004,0.00040407776,0.0018806215,0.0020115597,0.0019252283,0.00213987,0.0032445905,0.01002467,0.027689416,0.004880425,0.6557004
pamap2,gnn_lstm,sequence,1,101,101,102,1108,1117,1117,2,2,3,3,standing,standing,True,0.008414017,0.30080906,0.62114775,0.0005576466,0.0023552151,0.0028068249,0.002807866,0.002941669,0.0043426254,0.013632942,0.0337914,0.006392993,0.62114775
pamap2,gnn_lstm,sequence,1,101,101,102,1109,1118,1118,2,2,3,3,standing,standing,True,0.008354839,0.32214087,0.60580844,0.00048654425,0.0020554902,0.0024585961,0.00282104,0.0026338678,0.0038605402,0.012973877,0.030514224,0.0058917156,0.60580844
pamap2,gnn_lstm,sequence,1,101,101,102,1110,1119,1119,2,2,3,3,standing,standing,True,0.008675038,0.35357863,0.56968844,0.0005192524,0.0020403806,0.0026203482,0.0030954746,0.0027605009,0.0040263226,0.014606879,0.032165565,0.0062231063,0.56968844
pamap2,gnn_lstm,sequence,1,101,101,102,1111,1120,1120,2,2,3,3,standing,standing,True,0.008964694,0.32880127,0.5725554,0.0006295911,0.0023908438,0.0033065982,0.0029777356,0.0034718928,0.004897517,0.019085709,0.04602048,0.0068983054,0.5725554
pamap2,gnn_lstm,sequence,1,101,101,102,1112,1121,1121,2,2,3,3,standing,standing,True,0.0059661577,0.2806867,0.6523046,0.0003447173,0.0016232298,0.0017671605,0.0014166677,0.0020891228,0.003052263,0.011108096,0.035412423,0.0042289332,0.6523046
pamap2,gnn_lstm,sequence,1,101,101,102,1113,1122,1122,2,2,3,3,standing,standing,True,0.0045828302,0.23504512,0.71135557,0.00027161255,0.0014048994,0.0012801584,0.0009566124,0.0016714671,0.0025184075,0.007888753,0.02969115,0.0033333346,0.71135557
pamap2,gnn_lstm,sequence,1,101,101,102,1114,1123,1123,2,2,3,3,standing,standing,True,0.004724158,0.21271586,0.7268743,0.00034312732,0.0017474703,0.00153792,0.00105478,0.0020419362,0.0030915935,0.008465181,0.03359085,0.0038127876,0.7268743
pamap2,gnn_lstm,sequence,1,101,101,102,1115,1124,1124,2,2,3,3,standing,standing,True,0.006692872,0.20427729,0.6876707,0.0007766937,0.0033548768,0.003417056,0.0018761682,0.0041734204,0.0061347676,0.015622307,0.059460703,0.006543146,0.6876707
pamap2,gnn_lstm,sequence,1,101,101,102,1116,1125,1125,2,2,3,3,standing,standing,True,0.005919077,0.20902967,0.71551,0.00047622048,0.0023259777,0.0020145273,0.0014101258,0.0027854762,0.0040674857,0.010554065,0.04120289,0.0047044465,0.71551
pamap2,gnn_lstm,sequence,1,101,101,102,1117,1126,1126,10,2,17,3,ironing,standing,False,0.00634399,0.23377953,0.69138205,0.00050392566,0.0022324119,0.0019986283,0.0016217732,0.0028176229,0.004087366,0.011131339,0.039193045,0.0049083633,0.69138205
pamap2,gnn_lstm,sequence,1,101,101,102,1118,1127,1127,10,2,17,3,ironing,standing,False,0.009337281,0.23815139,0.6099156,0.001235984,0.0041298857,0.0050896513,0.0033999938,0.006524539,0.008700129,0.026783936,0.07804226,0.008689304,0.6099156
pamap2,gnn_lstm,sequence,1,101,101,102,1119,1128,1128,10,2,17,3,ironing,standing,False,0.007812449,0.19216526,0.61537665,0.001096391,0.004071639,0.0052786204,0.002793177,0.007026535,0.0087756,0.03146071,0.11728549,0.006857439,0.61537665
pamap2,gnn_lstm,sequence,1,101,101,102,1120,1129,1129,10,2,17,3,ironing,standing,False,0.0058938037,0.14949183,0.6022999,0.0009006239,0.00416085,0.0055104517,0.0021405518,0.006734412,0.008811519,0.030837702,0.17794785,0.0052705253,0.6022999
pamap2,gnn_lstm,sequence,1,101,101,102,1121,1130,1130,10,2,17,3,ironing,standing,False,0.00562226,0.17298175,0.59896725,0.000734366,0.0038972714,0.005018868,0.0020424305,0.0054778703,0.0077051776,0.025302626,0.16724165,0.0050085806,0.59896725
pamap2,gnn_lstm,sequence,1,101,101,102,1122,1131,1131,10,10,17,17,ironing,ironing,True,0.006559699,0.1560515,0.3588341,0.0015640797,0.0060207383,0.013986626,0.0026513578,0.009500543,0.014109149,0.05459797,0.36925116,0.006873093,0.36925116
pamap2,gnn_lstm,sequence,1,101,101,102,1123,1132,1132,10,10,17,17,ironing,ironing,True,0.0043824874,0.08665601,0.14205162,0.0014773281,0.005716252,0.021132648,0.0014837441,0.009041493,0.013769792,0.06878339,0.6409221,0.004583059,0.6409221
pamap2,gnn_lstm,sequence,1,101,101,102,1124,1133,1133,10,10,17,17,ironing,ironing,True,0.0026372077,0.033785257,0.03595442,0.0012082708,0.004584126,0.021752961,0.000478093,0.007334032,0.008986362,0.06897537,0.81220025,0.0021037206,0.81220025
pamap2,gnn_lstm,sequence,1,101,101,102,1125,1134,1134,10,10,17,17,ironing,ironing,True,0.0018255952,0.027496444,0.022534747,0.00056029833,0.0030207862,0.009698951,0.00016994288,0.0037848703,0.004474827,0.03507961,0.89024484,0.0011090359,0.89024484
pamap2,gnn_lstm,sequence,1,101,101,102,1126,1135,1135,10,10,17,17,ironing,ironing,True,0.0008143882,0.017107714,0.017237384,0.0001817865,0.0014191342,0.0016905926,8.566709e-05,0.0017180853,0.0016872536,0.011676615,0.94593793,0.00044326697,0.94593793
pamap2,gnn_lstm,sequence,1,101,101,102,1127,1136,1136,10,10,17,17,ironing,ironing,True,0.00041185963,0.00701742,0.006805342,0.00014290021,0.0009921625,0.00058252236,6.305639e-05,0.0014064459,0.0009134931,0.00731202,0.97411954,0.00023331924,0.97411954
pamap2,gnn_lstm,sequence,1,101,101,102,1128,1137,1137,10,10,17,17,ironing,ironing,True,0.000286967,0.005552774,0.005026177,0.00011743635,0.0007753465,0.00031257997,4.4559405e-05,0.0011219167,0.0006461255,0.005376905,0.9805721,0.0001671447,0.9805721
pamap2,gnn_lstm,sequence,1,101,101,102,1129,1138,1138,10,10,17,17,ironing,ironing,True,0.00025389588,0.0041741543,0.004522898,8.944864e-05,0.00057034905,0.0002805294,2.635007e-05,0.00084694615,0.00049747626,0.005671154,0.98295045,0.00011628236,0.98295045
pamap2,gnn_lstm,sequence,1,101,101,102,1130,1139,1139,10,10,17,17,ironing,ironing,True,0.00019969835,0.003045659,0.0039188107,5.0073024e-05,0.000367021,0.00019886023,1.3140744e-05,0.000529231,0.00030808305,0.005067277,0.98623765,6.4503474e-05,0.98623765
pamap2,gnn_lstm,sequence,1,101,101,102,1131,1140,1140,10,10,17,17,ironing,ironing,True,8.271959e-05,0.0011677659,0.0014641042,1.9465522e-05,0.00017563302,9.998539e-05,4.6118407e-06,0.00026618104,0.00012499592,0.0032897792,0.9932848,1.9829256e-05,0.9932848
pamap2,gnn_lstm,sequence,1,101,101,102,1132,1141,1141,10,10,17,17,ironing,ironing,True,4.0590556e-05,0.0006411454,0.000805368,9.352161e-06,9.285291e-05,6.206924e-05,2.1089686e-06,0.00015214109,6.652843e-05,0.0024601487,0.9956593,8.328137e-06,0.9956593
pamap2,gnn_lstm,sequence,1,101,101,102,1133,1142,1142,10,10,17,17,ironing,ironing,True,2.7670425e-05,0.00047557888,0.0006145328,6.4571914e-06,6.752557e-05,4.7257978e-05,1.4522814e-06,0.00011437364,4.873974e-05,0.002016093,0.9965749,5.3935546e-06,0.9965749
pamap2,gnn_lstm,sequence,1,101,101,102,1134,1143,1143,10,10,17,17,ironing,ironing,True,2.725254e-05,0.0004948117,0.00058035407,6.992559e-06,7.167909e-05,4.6641675e-05,1.5997115e-06,0.000118689146,5.125596e-05,0.0018715577,0.9967235,5.836816e-06,0.9967235
pamap2,gnn_lstm,sequence,1,101,101,102,1135,1144,1144,10,10,17,17,ironing,ironing,True,3.0448058e-05,0.00051087595,0.00053763343,9.120516e-06,8.3736595e-05,6.025405e-05,2.1896692e-06,0.00014856721,6.3283274e-05,0.0021212874,0.99642545,7.2451016e-06,0.99642545
pamap2,gnn_lstm,sequence,1,101,101,102,1136,1145,1145,10,10,17,17,ironing,ironing,True,2.1874217e-05,0.00037257993,0.00038543087,6.9461003e-06,6.513765e-05,5.0019557e-05,1.6719409e-06,0.00012430013,4.8459304e-05,0.0019031927,0.99701536,5.020587e-06,0.99701536
pamap2,gnn_lstm,sequence,1,101,101,102,1137,1146,1146,10,10,17,17,ironing,ironing,True,1.3185816e-05,0.00023642894,0.00024071234,4.2730335e-06,4.2160784e-05,3.561342e-05,9.5038973e-07,8.558424e-05,3.0506195e-05,0.001552798,0.997755,2.726148e-06,0.997755
pamap2,gnn_lstm,sequence,1,101,101,102,1138,1147,1147,10,10,17,17,ironing,ironing,True,8.346621e-06,0.00015342644,0.0001550428,2.773929e-06,2.8292618e-05,2.6727736e-05,5.682076e-07,6.156476e-05,2.0090423e-05,0.0013097592,0.9982318,1.544706e-06,0.9982318
pamap2,gnn_lstm,sequence,1,101,101,102,1139,1148,1148,10,10,17,17,ironing,ironing,True,7.2428816e-06,0.0001277957,0.00012788994,2.5255333e-06,2.565717e-05,2.6737487e-05,4.980778e-07,5.7833884e-05,1.8137804e-05,0.0012920813,0.99831223,1.3083564e-06,0.99831223
pamap2,gnn_lstm,sequence,1,101,101,102,1140,1149,1149,10,10,17,17,ironing,ironing,True,6.9046937e-06,0.000115570736,0.000117407166,2.5250913e-06,2.5676396e-05,2.9299075e-05,4.9803816e-07,5.8958838e-05,1.82872e-05,0.0013184968,0.9983051,1.2631315e-06,0.9983051
pamap2,gnn_lstm,sequence,1,101,101,102,1141,1150,1150,10,10,17,17,ironing,ironing,True,6.5124405e-06,0.000104744635,0.000110509,2.4604933e-06,2.516961e-05,3.1574426e-05,4.8402785e-07,5.8494534e-05,1.8178225e-05,0.0013301199,0.99831057,1.2004485e-06,0.99831057
pamap2,gnn_lstm,sequence,1,101,101,102,1142,1151,1151,10,10,17,17,ironing,ironing,True,6.9114053e-06,0.00010633721,0.000113164184,2.672193e-06,2.7363936e-05,3.6264115e-05,5.3226006e-07,6.247529e-05,1.9895653e-05,0.0013858946,0.99823725,1.3216662e-06,0.99823725
pamap2,gnn_lstm,sequence,1,101,101,102,1143,1152,1152,10,10,17,17,ironing,ironing,True,6.766882e-06,0.00010408253,0.00010937672,2.640806e-06,2.6983713e-05,3.7673373e-05,5.06839e-07,5.9982507e-05,1.9747826e-05,0.001375758,0.9982552,1.3134899e-06,0.9982552
pamap2,gnn_lstm,sequence,1,101,101,102,1144,1153,1153,10,10,17,17,ironing,ironing,True,6.0359544e-06,9.03073e-05,9.8375756e-05,2.342078e-06,2.4169367e-05,3.6494337e-05,4.3860663e-07,5.514277e-05,1.7861255e-05,0.0013542925,0.9983133,1.1154473e-06,0.9983133
pamap2,gnn_lstm,sequence,1,101,101,102,1145,1154,1154,10,10,17,17,ironing,ironing,True,6.450147e-06,9.46036e-05,9.934418e-05,2.4318504e-06,2.3835306e-05,4.0979983e-05,4.2416366e-07,5.382789e-05,1.8768893e-05,0.0014601868,0.998198,1.1843936e-06,0.998198
pamap2,gnn_lstm,sequence,1,101,101,102,1146,1155,1155,10,10,17,17,ironing,ironing,True,6.331678e-06,9.6921154e-05,9.7400574e-05,2.3109205e-06,2.2539689e-05,3.9658673e-05,3.792147e-07,4.8934347e-05,1.794178e-05,0.001428663,0.99823785,1.1526818e-06,0.99823785
pamap2,gnn_lstm,sequence,1,101,101,102,1147,1156,1156,10,10,17,17,ironing,ironing,True,6.874068e-06,0.000104560684,9.7831435e-05,2.5420425e-06,2.4013501e-05,4.6124107e-05,4.0039887e-07,5.1019448e-05,1.983007e-05,0.001545511,0.9981001,1.2875996e-06,0.9981001
pamap2,gnn_lstm,sequence,1,101,101,102,1148,1157,1157,10,10,17,17,ironing,ironing,True,7.136491e-06,0.000110147055,9.537489e-05,2.756442e-06,2.5090785e-05,5.158483e-05,4.2256087e-07,5.302406e-05,2.134272e-05,0.0016390053,0.99799263,1.3825368e-06,0.99799263
pamap2,gnn_lstm,sequence,1,101,101,102,1149,1158,1158,10,10,17,17,ironing,ironing,True,6.232276e-06,0.000102629325,8.7814915e-05,2.418458e-06,2.22629e-05,4.670273e-05,3.5409275e-07,4.630227e-05,1.8779738e-05,0.0015438528,0.99812144,1.1851275e-06,0.99812144
pamap2,gnn_lstm,sequence,1,101,101,102,1150,1159,1159,10,10,17,17,ironing,ironing,True,5.33528e-06,9.388983e-05,8.273896e-05,2.017611e-06,1.8948034e-05,3.9402275e-05,2.8102335e-07,3.8505346e-05,1.5780979e-05,0.0013950795,0.9983071,9.800452e-07,0.9983071
pamap2,gnn_lstm,sequence,1,101,101,102,1151,1160,1160,10,10,17,17,ironing,ironing,True,4.5168763e-06,8.645951e-05,8.025964e-05,1.6624457e-06,1.6384014e-05,3.0916148e-05,2.3203425e-07,3.230679e-05,1.32397145e-05,0.0011781601,0.998555,8.246013e-07,0.998555
pamap2,gnn_lstm,sequence,1,101,101,102,1152,1161,1161,10,10,17,17,ironing,ironing,True,4.397468e-06,9.038068e-05,7.830566e-05,1.7851296e-06,1.7100634e-05,2.7295715e-05,2.4957535e-07,3.300363e-05,1.3078491e-05,0.0010644279,0.99866915,8.4497424e-07,0.99866915
pamap2,gnn_lstm,sequence,1,101,101,102,1153,1162,1162,10,10,17,17,ironing,ironing,True,5.7532425e-06,0.00012097684,8.663496e-05,2.694321e-06,2.3601977e-05,3.0484676e-05,4.0423893e-07,4.4213208e-05,1.698591e-05,0.0011181644,0.9985489,1.2435581e-06,0.9985489
pamap2,gnn_lstm,sequence,1,101,101,102,1154,1163,1163,10,10,17,17,ironing,ironing,True,8.774718e-06,0.00016126288,0.000108309956,4.5465017e-06,3.477883e-05,4.7748526e-05,7.589103e-07,7.024927e-05,2.6940432e-05,0.001525018,0.9980095,2.1333626e-06,0.9980095
pamap2,gnn_lstm,sequence,1,101,101,102,1155,1164,1164,10,10,17,17,ironing,ironing,True,1.1069038e-05,0.00018189316,0.00012448571,5.787503e-06,4.1651387e-05,6.334353e-05,1.0539253e-06,9.25416e-05,3.4564975e-05,0.0019487137,0.9974922,2.7270266e-06,0.9974922
pamap2,gnn_lstm,sequence,1,101,101,102,1156,1165,1165,10,10,17,17,ironing,ironing,True,9.140146e-06,0.00015043943,0.0001200749,4.5391967e-06,3.47825e-05,5.7711553e-05,8.2884833e-07,7.9583406e-05,2.9246765e-05,0.0018504808,0.997661,2.1377696e-06,0.997661
pamap2,gnn_lstm,sequence,1,101,101,102,1157,1166,1166,10,10,17,17,ironing,ironing,True,7.941608e-06,0.00012710063,0.00011553863,3.8096691e-06,3.146711e-05,5.3773616e-05,7.1101834e-07,7.285228e-05,2.6128982e-05,0.0017251874,0.99783367,1.8056734e-06,0.99783367
pamap2,gnn_lstm,sequence,1,101,101,102,1158,1167,1167,10,10,17,17,ironing,ironing,True,7.13696e-06,0.0001106824,0.00011251237,3.3524864e-06,2.9514502e-05,5.111846e-05,6.5129893e-07,6.943099e-05,2.4306833e-05,0.0016191349,0.99797064,1.5961095e-06,0.99797064
pamap2,gnn_lstm,sequence,1,101,101,102,1159,1168,1168,10,10,17,17,ironing,ironing,True,7.93313e-06,0.0001117021,0.00012179933,3.8074177e-06,3.378225e-05,6.4669366e-05,7.4575445e-07,7.875176e-05,2.8254675e-05,0.0017890345,0.99775773,1.8377508e-06,0.99775773
pamap2,gnn_lstm,sequence,1,101,101,102,1160,1169,1169,10,10,17,17,ironing,ironing,True,9.881246e-06,0.00012652205,0.00013889383,4.881212e-06,4.3380114e-05,9.413553e-05,9.481876e-07,9.443081e-05,3.6910053e-05,0.0020763334,0.9973712,2.5000268e-06,0.9973712
pamap2,gnn_lstm,sequence,1,101,101,102,1161,1170,1170,10,10,17,17,ironing,ironing,True,1.0975491e-05,0.00013984505,0.0001522745,5.154107e-06,4.7782647e-05,0.00010163936,1.0055855e-06,9.510129e-05,3.9797043e-05,0.002057269,0.9973463,2.8939564e-06,0.9973463
pamap2,gnn_lstm,sequence,1,101,101,102,1162,1171,1171,10,10,17,17,ironing,ironing,True,9.2142e-06,0.00011867152,0.00013179949,3.869537e-06,3.6617897e-05,6.8214096e-05,7.830875e-07,8.0562786e-05,3.0062316e-05,0.0017986485,0.99771947,2.0475563e-06,0.99771947
pamap2,gnn_lstm,sequence,1,101,101,102,1163,1172,1172,10,10,17,17,ironing,ironing,True,1.0604353e-05,0.00012406871,0.00013470858,4.320061e-06,3.8996488e-05,7.263733e-05,9.097834e-07,9.5440184e-05,3.288597e-05,0.0020960928,0.9973871,2.147435e-06,0.9973871
pamap2,gnn_lstm,sequence,1,101,101,102,1164,1173,1173,10,10,17,17,ironing,ironing,True,9.298151e-06,0.000120503115,0.0001293398,3.470564e-06,3.381571e-05,5.8292226e-05,7.189875e-07,7.742095e-05,2.7504593e-05,0.0018105272,0.99772733,1.8501979e-06,0.99772733
pamap2,gnn_lstm,sequence,1,101,101,102,1165,1174,1174,10,10,17,17,ironing,ironing,True,7.1939057e-06,0.00010584361,0.00011342406,2.5196598e-06,2.5625759e-05,4.269797e-05,4.789335e-07,5.6702753e-05,2.0373258e-05,0.0015281999,0.9980957,1.3336838e-06,0.9980957
pamap2,gnn_lstm,sequence,1,101,101,102,1166,1175,1175,10,10,17,17,ironing,ironing,True,5.3857657e-06,8.928544e-05,9.566841e-05,1.8478894e-06,1.926941e-05,3.099525e-05,3.1865952e-07,4.241711e-05,1.4942524e-05,0.0012938913,0.9984049,9.2200867e-07,0.9984049
pamap2,gnn_lstm,sequence,1,101,101,102,1167,1176,1176,10,10,17,17,ironing,ironing,True,4.721692e-06,8.1927006e-05,8.8149536e-05,1.6110976e-06,1.6399363e-05,2.8851553e-05,2.5299596e-07,3.592737e-05,1.3208636e-05,0.0012382147,0.99849,7.8411983e-07,0.99849
pamap2,gnn_lstm,sequence,1,101,101,102,1168,1177,1177,10,10,17,17,ironing,ironing,True,4.5306188e-06,8.0843725e-05,8.5650354e-05,1.5325123e-06,1.5356365e-05,2.8367154e-05,2.3065454e-07,3.329291e-05,1.2807814e-05,0.0012030032,0.9985335,7.5410054e-07,0.9985335
pamap2,gnn_lstm,sequence,1,101,101,102,1169,1178,1178,10,10,17,17,ironing,ironing,True,4.253531e-06,8.089953e-05,8.295143e-05,1.4626802e-06,1.4990619e-05,2.4327492e-05,2.2360146e-07,3.191165e-05,1.2019322e-05,0.0010769131,0.99866927,7.2184116e-07,0.99866927
pamap2,gnn_lstm,sequence,1,101,101,102,1170,1179,1179,10,10,17,17,ironing,ironing,True,4.6229366e-06,8.738979e-05,8.372881e-05,1.6776188e-06,1.638867e-05,2.5662062e-05,2.760185e-07,3.667048e-05,1.3415877e-05,0.0011278834,0.9986016,8.1564974e-07,0.9986016
pamap2,gnn_lstm,sequence,1,101,101,102,1171,1180,1180,10,10,17,17,ironing,ironing,True,4.4054973e-06,8.207113e-05,8.013838e-05,1.6576703e-06,1.596796e-05,2.6735155e-05,2.8500898e-07,3.7784284e-05,1.3508335e-05,0.0011611058,0.99857557,7.8765584e-07,0.99857557
pamap2,gnn_lstm,sequence,1,101,101,102,1172,1181,1181,10,10,17,17,ironing,ironing,True,4.0665664e-06,7.5601354e-05,7.678802e-05,1.5330114e-06,1.5308837e-05,2.437533e-05,2.613824e-07,3.6025704e-05,1.2265957e-05,0.0011000861,0.99865294,7.0141147e-07,0.99865294
pamap2,gnn_lstm,sequence,1,101,101,102,1173,1182,1182,10,10,17,17,ironing,ironing,True,4.0351556e-06,7.285303e-05,7.660649e-05,1.5444314e-06,1.593801e-05,2.3568697e-05,2.7155818e-07,3.7659145e-05,1.2128376e-05,0.0010692639,0.99868554,6.927905e-07,0.99868554
pamap2,gnn_lstm,sequence,1,101,101,102,1174,1183,1183,10,10,17,17,ironing,ironing,True,4.493602e-06,7.5099844e-05,8.0337355e-05,1.7748987e-06,1.8335966e-05,2.6594387e-05,3.3930533e-07,4.464783e-05,1.382599e-05,0.0011339615,0.9985997,7.967173e-07,0.9985997
pamap2,gnn_lstm,sequence,1,101,101,102,1175,1184,1184,10,10,17,17,ironing,ironing,True,5.341917e-06,8.1768834e-05,8.849232e-05,2.1460887e-06,2.2123986e-05,3.1691026e-05,4.4575683e-07,5.4781107e-05,1.6554162e-05,0.001249895,0.9984458,9.812081e-07,0.9984458
pamap2,gnn_lstm,sequence,1,101,101,102,1176,1185,1185,10,10,17,17,ironing,ironing,True,5.744967e-06,8.4149826e-05,9.3154966e-05,2.2971467e-06,2.4360766e-05,3.3648394e-05,4.8908464e-07,5.9315877e-05,1.7562123e-05,0.0012828448,0.99839526,1.0654e-06,0.99839526
pamap2,gnn_lstm,sequence,1,101,101,102,1177,1186,1186,10,10,17,17,ironing,ironing,True,6.8952386e-06,9.515215e-05,0.00010553448,2.779498e-06,2.909048e-05,3.9622068e-05,5.914225e-07,6.884223e-05,2.0597829e-05,0.0014138595,0.9982157,1.3234109e-06,0.9982157
pamap2,gnn_lstm,sequence,1,101,101,102,1178,1187,1187,10,10,17,17,ironing,ironing,True,1.2199879e-05,0.0001439855,0.0001391088,5.364582e-06,4.924421e-05,7.412615e-05,1.0615072e-06,0.00011041245,3.614222e-05,0.002061446,0.9973642,2.636525e-06,0.9973642
pamap2,gnn_lstm,sequence,1,101,101,102,1179,1188,1188,10,10,17,17,ironing,ironing,True,1.359056e-05,0.00015996567,0.00014464778,5.8196965e-06,5.1825733e-05,8.914135e-05,1.0374764e-06,0.00011060143,3.9920196e-05,0.0023043065,0.99707615,3.0068024e-06,0.99707615
pamap2,gnn_lstm,sequence,1,101,101,102,1180,1189,1189,10,10,17,17,ironing,ironing,True,9.879776e-06,0.00013318709,0.00012329685,3.8342787e-06,3.4401033e-05,6.855923e-05,5.7874934e-07,7.120219e-05,2.8033292e-05,0.0020168326,0.99750817,1.972886e-06,0.99750817
pamap2,gnn_lstm,sequence,1,101,101,102,1181,1190,1190,10,10,17,17,ironing,ironing,True,6.2160275e-06,0.00010321595,0.00010147755,2.2108788e-06,2.1258682e-05,4.1194526e-05,3.0759787e-07,4.203723e-05,1.7143308e-05,0.0014750758,0.9981887,1.1422633e-06,0.9981887
pamap2,gnn_lstm,sequence,1,101,101,102,1182,1191,1191,10,10,17,17,ironing,ironing,True,4.4864873e-06,8.450587e-05,8.486267e-05,1.604415e-06,1.6106156e-05,2.9858802e-05,2.121316e-07,3.092772e-05,1.2611533e-05,0.0011832123,0.9985507,7.9813447e-07,0.9985507
pamap2,gnn_lstm,sequence,1,101,101,102,1183,1192,1192,10,10,17,17,ironing,ironing,True,3.91309e-06,7.681464e-05,7.7220684e-05,1.434873e-06,1.4366962e-05,2.6492235e-05,1.9121242e-07,2.8070886e-05,1.1430105e-05,0.001074309,0.99868494,6.969304e-07,0.99868494
pamap2,gnn_lstm,sequence,1,101,101,102,1184,1193,1193,10,10,17,17,ironing,ironing,True,3.7291977e-06,7.3380805e-05,7.448814e-05,1.3731177e-06,1.3727766e-05,2.4563042e-05,1.9210887e-07,2.7896156e-05,1.1072359e-05,0.0010242427,0.9987445,6.578515e-07,0.9987445
pamap2,gnn_lstm,sequence,1,101,101,102,1185,1194,1194,10,10,17,17,ironing,ironing,True,4.124615e-06,7.774469e-05,7.854673e-05,1.5108027e-06,1.4764193e-05,2.6573523e-05,2.2084599e-07,3.0710802e-05,1.2219199e-05,0.0010741149,0.99867874,7.315085e-07,0.99867874
pamap2,gnn_lstm,sequence,1,101,101,102,1186,1195,1195,10,10,17,17,ironing,ironing,True,4.399436e-06,8.025726e-05,8.2292805e-05,1.6018506e-06,1.5285103e-05,2.8996154e-05,2.3519608e-07,3.2185228e-05,1.3064942e-05,0.0011344537,0.9986065,7.8180756e-07,0.9986065
pamap2,gnn_lstm,sequence,1,101,101,102,1187,1196,1196,10,10,17,17,ironing,ironing,True,4.246806e-06,7.880678e-05,8.259225e-05,1.4802292e-06,1.4427639e-05,2.6203332e-05,2.1069691e-07,2.9725923e-05,1.195375e-05,0.0010920601,0.9986576,7.185874e-07,0.9986576
pamap2,gnn_lstm,sequence,1,101,101,102,1188,1197,1197,10,10,17,17,ironing,ironing,True,5.757308e-06,9.551917e-05,9.444785e-05,1.997553e-06,1.823544e-05,3.5584213e-05,2.901129e-07,3.8030572e-05,1.5811134e-05,0.0013285265,0.99836487,9.998311e-07,0.99836487
pamap2,gnn_lstm,sequence,1,101,101,102,1189,1198,1198,10,10,17,17,ironing,ironing,True,5.1667016e-06,9.063439e-05,8.814898e-05,1.7871146e-06,1.652624e-05,3.0845207e-05,2.586035e-07,3.529046e-05,1.4088404e-05,0.0012649707,0.99845135,8.6931624e-07,0.99845135
pamap2,gnn_lstm,sequence,1,101,101,102,1190,1199,1199,10,10,17,17,ironing,ironing,True,4.7913877e-06,8.708557e-05,8.557949e-05,1.6013378e-06,1.5428808e-05,2.645449e-05,2.3494174e-07,3.3276814e-05,1.2612699e-05,0.0012024894,0.9985297,7.6850546e-07,0.9985297
pamap2,gnn_lstm,sequence,1,101,101,102,1191,1200,1200,10,10,17,17,ironing,ironing,True,5.1966517e-06,9.902597e-05,8.960236e-05,1.8102971e-06,1.7154078e-05,2.3195153e-05,2.8565722e-07,3.7816306e-05,1.3186663e-05,0.0011626374,0.99854916,8.4823614e-07,0.99854916
pamap2,gnn_lstm,sequence,1,101,101,102,1192,1201,1201,10,10,17,17,ironing,ironing,True,7.9173005e-06,0.0001464425,0.00012167378,2.7910378e-06,2.6101283e-05,2.846226e-05,4.9927814e-07,5.433685e-05,1.9386634e-05,0.0012862887,0.9983046,1.4907426e-06,0.9983046
pamap2,gnn_lstm,sequence,1,101,101,102,1193,1202,1202,10,10,17,17,ironing,ironing,True,1.09084785e-05,0.0002018959,0.00018117328,3.5060348e-06,3.5479232e-05,3.01133e-05,6.973597e-07,6.692591e-05,2.4952687e-05,0.0012925336,0.9981495,2.2439926e-06,0.9981495
pamap2,gnn_lstm,sequence,1,101,101,102,1194,1203,1203,10,10,17,17,ironing,ironing,True,1.9648567e-05,0.00029350742,0.00026716787,6.385773e-06,5.5968652e-05,5.775333e-05,1.2585599e-06,0.000107398075,4.404209e-05,0.001963949,0.99717844,4.343139e-06,0.99717844
pamap2,gnn_lstm,sequence,1,101,101,102,1195,1204,1204,10,10,17,17,ironing,ironing,True,1.6407028e-05,0.00025507863,0.000239491,4.9459745e-06,4.3113007e-05,5.1482773e-05,9.1480507e-07,8.766163e-05,3.5675188e-05,0.0020128659,0.99724907,3.1935651e-06,0.99724907
pamap2,gnn_lstm,sequence,1,101,101,102,1196,1205,1205,10,10,17,17,ironing,ironing,True,1.06389425e-05,0.00019253958,0.00018565913,3.0443837e-06,2.8768685e-05,3.2880413e-05,5.571862e-07,6.0691786e-05,2.310778e-05,0.0016156371,0.99784446,1.8375617e-06,0.99784446
pamap2,gnn_lstm,sequence,1,101,101,102,1197,1206,1206,10,10,17,17,ironing,ironing,True,9.120271e-06,0.00017834065,0.00016018005,2.7478984e-06,2.5924159e-05,2.8388935e-05,5.111631e-07,5.5835517e-05,2.0474165e-05,0.0014853178,0.99803156,1.5811396e-06,0.99803156
pamap2,gnn_lstm,sequence,1,101,101,102,1198,1207,1207,10,10,17,17,ironing,ironing,True,1.1094254e-05,0.0001980561,0.00016513508,3.627614e-06,3.2185424e-05,3.7095153e-05,7.383803e-07,7.309601e-05,2.6176896e-05,0.0017349453,0.99771583,2.0613752e-06,0.99771583
pamap2,gnn_lstm,sequence,1,101,101,102,1199,1208,1208,10,10,17,17,ironing,ironing,True,9.877583e-06,0.00018072965,0.00015033498,3.3349736e-06,2.9699135e-05,3.5988873e-05,7.119887e-07,7.108714e-05,2.4620582e-05,0.0017121352,0.99777955,1.8363614e-06,0.99777955
pamap2,gnn_lstm,sequence,1,101,101,102,1200,1209,1209,10,10,17,17,ironing,ironing,True,7.949035e-06,0.00015141684,0.00013000336,2.7812132e-06,2.5902023e-05,3.1616346e-05,5.646283e-07,6.0723967e-05,2.0498355e-05,0.0015275659,0.9980394,1.456245e-06,0.9980394
pamap2,gnn_lstm,sequence,1,101,101,102,1201,1210,1210,10,10,17,17,ironing,ironing,True,5.8954215e-06,0.000114569084,0.00010319349,2.0987923e-06,2.0294476e-05,2.5461384e-05,3.857651e-07,4.7312602e-05,1.5414815e-05,0.0012931364,0.9983712,1.0101462e-06,0.9983712
pamap2,gnn_lstm,sequence,1,101,101,102,1202,1211,1211,10,10,17,17,ironing,ironing,True,4.8675315e-06,9.036287e-05,8.7380875e-05,1.7847215e-06,1.7716578e-05,2.3916506e-05,3.116835e-07,4.2029165e-05,1.3164599e-05,0.0012082759,0.99850935,7.9671815e-07,0.99850935
pamap2,gnn_lstm,sequence,1,101,101,102,1203,1212,1212,10,10,17,17,ironing,ironing,True,4.578714e-06,8.254912e-05,8.0576e-05,1.755424e-06,1.7432249e-05,2.4485002e-05,2.8007958e-07,3.9509043e-05,1.2467548e-05,0.0011747965,0.99856085,7.506914e-07,0.99856085
pamap2,gnn_lstm,sequence,1,101,101,102,1204,1213,1213,10,10,17,17,ironing,ironing,True,4.4884196e-06,8.1651684e-05,8.085687e-05,1.7321686e-06,1.7762815e-05,2.3800596e-05,2.6494138e-07,3.7666436e-05,1.22116035e-05,0.0010943614,0.99864453,7.6564555e-07,0.99864453
pamap2,gnn_lstm,sequence,1,101,101,102,1205,1214,1214,10,10,17,17,ironing,ironing,True,6.2892827e-06,0.0001038875,0.000101383244,2.527054e-06,2.3566387e-05,3.445229e-05,3.8220406e-07,4.859261e-05,1.7272789e-05,0.001331734,0.99832875,1.1873287e-06,0.99832875
pamap2,gnn_lstm,sequence,1,101,101,102,1206,1215,1215,10,10,17,17,ironing,ironing,True,7.9113515e-06,0.00012631777,0.00011913741,3.1614472e-06,2.7659613e-05,3.995973e-05,5.455585e-07,6.0794686e-05,2.1974553e-05,0.0015082954,0.99808264,1.5937483e-06,0.99808264
pamap2,gnn_lstm,sequence,1,101,101,102,1207,1216,1216,10,10,17,17,ironing,ironing,True,7.016475e-06,0.000113765156,0.00010996683,2.6031569e-06,2.3901866e-05,3.325596e-05,5.179807e-07,5.8388963e-05,1.936751e-05,0.0014441867,0.9981857,1.2907863e-06,0.9981857
pamap2,gnn_lstm,sequence,1,101,101,102,1208,1217,1217,10,10,17,17,ironing,ironing,True,5.68693e-06,9.525637e-05,9.660173e-05,1.9958222e-06,1.9529807e-05,2.6615688e-05,3.9961884e-07,4.9817252e-05,1.5416952e-05,0.0013142215,0.9983735,9.4671407e-07,0.9983735
pamap2,gnn_lstm,sequence,1,101,101,102,1209,1218,1218,10,10,17,17,ironing,ironing,True,5.776111e-06,9.507974e-05,9.5740776e-05,1.9936933e-06,1.9410725e-05,2.700382e-05,3.9893948e-07,5.065728e-05,1.5446856e-05,0.0013543022,0.9983334,9.301931e-07,0.9983334
pamap2,gnn_lstm,sequence,1,101,101,102,1210,1219,1219,10,10,17,17,ironing,ironing,True,5.3355857e-06,8.800791e-05,8.999638e-05,1.8732401e-06,1.8369112e-05,2.7198577e-05,3.7416737e-07,4.9038983e-05,1.4855952e-05,0.0013484177,0.9983557,8.546011e-07,0.9983557
pamap2,gnn_lstm,sequence,1,101,101,102,1211,1220,1220,10,10,17,17,ironing,ironing,True,5.066679e-06,8.220908e-05,8.6073815e-05,1.8005379e-06,1.7578901e-05,2.8015027e-05,3.340617e-07,4.6299487e-05,1.4129976e-05,0.0013668012,0.998351,7.872909e-07,0.998351
pamap2,gnn_lstm,sequence,1,101,101,102,1212,1221,1221,10,10,17,17,ironing,ironing,True,5.101151e-06,8.316434e-05,8.680353e-05,1.7696149e-06,1.7731973e-05,2.7414386e-05,3.074174e-07,4.3736345e-05,1.3585711e-05,0.0013333091,0.99838626,7.77354e-07,0.99838626
pamap2,gnn_lstm,sequence,1,101,101,102,1213,1222,1222,10,10,17,17,ironing,ironing,True,5.8742894e-06,9.1768845e-05,9.2897e-05,2.1945677e-06,2.14989e-05,3.2208398e-05,3.996707e-07,5.2661988e-05,1.6270216e-05,0.0014324567,0.9982508,9.69162e-07,0.9982508
pamap2,gnn_lstm,sequence,1,101,101,102,1214,1223,1223,10,10,17,17,ironing,ironing,True,8.227354e-06,0.000118079035,0.00011613403,3.289402e-06,3.159186e-05,4.5399698e-05,6.4068485e-07,7.2749644e-05,2.3324586e-05,0.0016894769,0.9978896,1.5491428e-06,0.9978896
pamap2,gnn_lstm,sequence,1,101,101,102,1215,1224,1224,10,10,17,17,ironing,ironing,True,7.2971325e-06,0.00011961203,0.00011428208,2.7431636e-06,2.7756594e-05,3.783849e-05,4.921984e-07,5.6765155e-05,2.0209243e-05,0.0014082047,0.9982035,1.4321312e-06,0.9982035
pamap2,gnn_lstm,sequence,1,101,101,102,1216,1225,1225,10,10,17,17,ironing,ironing,True,5.3162635e-06,0.0001017233,9.690171e-05,1.8629266e-06,1.9070438e-05,2.6323929e-05,2.9416273e-07,3.8106537e-05,1.4269931e-05,0.0011358054,0.9985594,9.741456e-07,0.9985594
pamap2,gnn_lstm,sequence,1,101,101,102,1217,1226,1226,10,10,17,17,ironing,ironing,True,4.657505e-06,9.199931e-05,9.043041e-05,1.5868019e-06,1.6375074e-05,2.2333714e-05,2.4355683e-07,3.3502998e-05,1.2225046e-05,0.0010617471,0.99866414,7.998688e-07,0.99866414
pamap2,gnn_lstm,sequence,1,101,101,102,1218,1227,1227,10,10,17,17,ironing,ironing,True,4.3705363e-06,8.6509026e-05,8.8263565e-05,1.4668141e-06,1.5300624e-05,2.1349093e-05,2.2374851e-07,3.1688367e-05,1.149678e-05,0.0010395448,0.99869907,7.3118025e-07,0.99869907
pamap2,gnn_lstm,sequence,1,101,101,102,1219,1228,1228,10,10,17,17,ironing,ironing,True,4.0922214e-06,8.187364e-05,8.5523025e-05,1.3628849e-06,1.453476e-05,1.9286046e-05,2.1113391e-07,3.0658048e-05,1.0727252e-05,0.0009842471,0.9987668,6.6606157e-07,0.9987668
pamap2,gnn_lstm,sequence,1,101,101,102,1220,1229,1229,10,10,17,17,ironing,ironing,True,4.641487e-06,9.211068e-05,9.282478e-05,1.5273833e-06,1.6448612e-05,1.893601e-05,2.5772135e-07,3.5040142e-05,1.1808092e-05,0.000982001,0.9987437,7.691893e-07,0.9987437
pamap2,gnn_lstm,sequence,1,101,101,102,1221,1230,1230,10,10,17,17,ironing,ironing,True,5.542478e-06,0.000103881284,0.00010041506,1.8735294e-06,1.9507215e-05,2.2137692e-05,3.4452134e-07,4.344779e-05,1.4229435e-05,0.0011014359,0.9985862,9.543971e-07,0.9985862
pamap2,gnn_lstm,sequence,1,101,101,102,1222,1231,1231,10,10,17,17,ironing,ironing,True,5.905745e-06,0.0001040518,0.000102606005,2.0480857e-06,2.1098016e-05,2.5481659e-05,3.930772e-07,4.8781727e-05,1.5667922e-05,0.0012070427,0.9984659,1.0315554e-06,0.9984659
pamap2,gnn_lstm,sequence,1,101,101,102,1223,1232,1232,10,10,17,17,ironing,ironing,True,4.939691e-06,9.036232e-05,9.397862e-05,1.6752333e-06,1.8002282e-05,2.1674841e-05,3.1190166e-07,4.1691863e-05,1.3098186e-05,0.0010947646,0.9986186,8.2420166e-07,0.9986186
pamap2,gnn_lstm,sequence,1,101,101,102,1224,1233,1233,10,10,17,17,ironing,ironing,True,4.491835e-06,8.029055e-05,8.599152e-05,1.5727667e-06,1.6717962e-05,2.2164799e-05,2.7767283e-07,3.924241e-05,1.2294461e-05,0.0010968213,0.9986395,7.3468874e-07,0.9986395
pamap2,gnn_lstm,sequence,1,101,101,102,1225,1234,1234,10,10,17,17,ironing,ironing,True,4.1860853e-06,7.332198e-05,7.995664e-05,1.5162443e-06,1.5785621e-05,2.3356306e-05,2.4988617e-07,3.698369e-05,1.1804958e-05,0.0011104471,0.99864167,6.760401e-07,0.99864167
pamap2,gnn_lstm,sequence,1,101,101,102,1226,1235,1235,10,10,17,17,ironing,ironing,True,4.022249e-06,7.076418e-05,7.7457684e-05,1.4794645e-06,1.5393338e-05,2.415049e-05,2.3332812e-07,3.5084442e-05,1.1603322e-05,0.0010956253,0.9986634,6.591294e-07,0.9986634
pamap2,gnn_lstm,sequence,1,101,101,102,1227,1236,1236,10,10,17,17,ironing,ironing,True,4.322084e-06,7.560791e-05,8.1134465e-05,1.5794103e-06,1.6692822e-05,2.5251149e-05,2.4963316e-07,3.6180463e-05,1.230564e-05,0.0010872964,0.99865854,7.2953605e-07,0.99865854
pamap2,gnn_lstm,sequence,1,101,101,102,1228,1237,1237,10,10,17,17,ironing,ironing,True,5.2792775e-06,9.298337e-05,8.85459e-05,2.0531088e-06,2.0987012e-05,2.8810207e-05,3.3993626e-07,4.3601503e-05,1.5193469e-05,0.001127168,0.998574,9.900114e-07,0.998574
pamap2,gnn_lstm,sequence,1,101,101,102,1229,1238,1238,10,10,17,17,ironing,ironing,True,6.6541284e-06,0.000112959395,9.59573e-05,2.8377005e-06,2.6475984e-05,3.7263308e-05,5.0504065e-07,5.672528e-05,2.0094667e-05,0.0013079928,0.99833125,1.3856647e-06,0.99833125
pamap2,gnn_lstm,sequence,1,101,101,102,1230,1239,1239,10,10,17,17,ironing,ironing,True,5.734056e-06,9.819923e-05,8.821086e-05,2.4790666e-06,2.3076314e-05,3.527141e-05,4.2876383e-07,5.135587e-05,1.7871405e-05,0.0012879167,0.9983883,1.1563944e-06,0.9983883
pamap2,gnn_lstm,sequence,1,101,101,102,1231,1240,1240,10,10,17,17,ironing,ironing,True,5.0146978e-06,8.639377e-05,8.249114e-05,2.2033687e-06,2.0681122e-05,3.4399265e-05,3.7365447e-07,4.6944875e-05,1.6385893e-05,0.0012506695,0.9984534,1.0039081e-06,0.9984534
pamap2,gnn_lstm,sequence,1,101,101,102,1232,1241,1241,10,10,17,17,ironing,ironing,True,5.3095514e-06,8.689364e-05,8.39953e-05,2.3911994e-06,2.1868727e-05,4.0516956e-05,3.996015e-07,4.981528e-05,1.7949036e-05,0.0013511012,0.9983387,1.0883397e-06,0.9983387
pamap2,gnn_lstm,sequence,1,101,101,102,1233,1242,1242,10,10,17,17,ironing,ironing,True,5.426236e-06,8.6991335e-05,8.3630424e-05,2.5387496e-06,2.3140647e-05,4.5621706e-05,4.210631e-07,5.1723982e-05,1.9183228e-05,0.0013916662,0.99828845,1.1597355e-06,0.99828845
pamap2,gnn_lstm,sequence,1,101,101,102,1234,1243,1243,10,10,17,17,ironing,ironing,True,5.77692e-06,8.965821e-05,8.668385e-05,2.749615e-06,2.5304747e-05,5.039174e-05,4.7293392e-07,5.6219957e-05,2.0876965e-05,0.0014463129,0.99821436,1.2744008e-06,0.99821436
pamap2,gnn_lstm,sequence,1,101,101,102,1235,1244,1244,10,10,17,17,ironing,ironing,True,6.857007e-06,0.000100149744,9.577587e-05,3.3176507e-06,3.074613e-05,6.0882736e-05,6.076179e-07,6.721057e-05,2.5123232e-05,0.0015825928,0.9980252,1.5931627e-06,0.9980252
pamap2,gnn_lstm,sequence,1,101,101,102,1236,1245,1245,10,10,17,17,ironing,ironing,True,8.933368e-06,0.00011972566,0.00011211769,4.3622836e-06,3.9398583e-05,8.097876e-05,8.3192464e-07,8.4687956e-05,3.267965e-05,0.0018667376,0.99764735,2.1958276e-06,0.99764735
pamap2,gnn_lstm,sequence,1,101,101,102,1237,1246,1246,10,10,17,17,ironing,ironing,True,2.0372585e-05,0.00021060141,0.00016393304,1.1124294e-05,8.5665015e-05,0.00022035612,1.9432157e-06,0.00016982213,7.668322e-05,0.0033153635,0.9957182,6.078207e-06,0.9957182
pamap2,gnn_lstm,sequence,1,101,101,102,1238,1247,1247,10,10,17,17,ironing,ironing,True,1.4584184e-05,0.00017979265,0.00015565695,6.483232e-06,5.8939066e-05,0.000104468054,1.3197173e-06,0.0001167342,4.687225e-05,0.002263693,0.9970476,3.7759598e-06,0.9970476
pamap2,gnn_lstm,sequence,1,101,101,102,1239,1248,1248,10,10,17,17,ironing,ironing,True,1.2698875e-05,0.00017566573,0.00015704778,5.094543e-06,4.7398615e-05,6.416489e-05,1.2052943e-06,0.000102530896,3.6782436e-05,0.0018944498,0.9974999,2.9808907e-06,0.9974999
pamap2,gnn_lstm,sequence,1,101,101,102,1240,1249,1249,10,10,17,17,ironing,ironing,True,1.3464745e-05,0.00019379871,0.00017225638,5.0646404e-06,4.6615733e-05,5.6307494e-05,1.3470905e-06,0.00010922136,3.6950216e-05,0.001955169,0.9974068,3.0077051e-06,0.9974068
pamap2,gnn_lstm,sequence,1,101,101,102,1241,1250,1250,10,10,17,17,ironing,ironing,True,1.2712918e-05,0.00018688751,0.00017370546,4.5196357e-06,4.042963e-05,5.0233408e-05,1.1972668e-06,0.00010354477,3.3685224e-05,0.0020228452,0.9973677,2.5787742e-06,0.9973677
pamap2,gnn_lstm,sequence,1,101,101,102,1242,1251,1251,10,10,17,17,ironing,ironing,True,1.0834585e-05,0.00016455332,0.00015982325,3.7527116e-06,3.3827306e-05,4.2597807e-05,1.0014444e-06,9.3000395e-05,2.8671868e-05,0.0019415506,0.9975184,2.024944e-06,0.9975184
pamap2,gnn_lstm,sequence,1,101,101,102,1243,1252,1252,10,10,17,17,ironing,ironing,True,9.262631e-06,0.0001410519,0.00014008109,3.260569e-06,2.8863482e-05,3.8752743e-05,8.2365125e-07,8.397713e-05,2.4801235e-05,0.0018908448,0.9976367,1.6114916e-06,0.9976367
pamap2,gnn_lstm,sequence,1,101,101,102,1244,1253,1253,10,10,17,17,ironing,ironing,True,8.659484e-06,0.00013138825,0.00012996892,3.0574768e-06,2.7218608e-05,3.6898065e-05,7.427734e-07,7.967094e-05,2.299077e-05,0.0018391432,0.9977188,1.4528964e-06,0.9977188
pamap2,gnn_lstm,sequence,1,101,101,102,1245,1254,1254,10,10,17,17,ironing,ironing,True,8.849697e-06,0.00012927267,0.00012835476,3.156559e-06,2.8153372e-05,3.9253096e-05,7.802427e-07,8.356234e-05,2.3859506e-05,0.0018900164,0.99766326,1.4883435e-06,0.99766326
pamap2,gnn_lstm,sequence,1,101,101,102,1246,1255,1255,10,10,17,17,ironing,ironing,True,8.682612e-06,0.00012609613,0.000126716,3.154173e-06,2.892259e-05,4.081342e-05,8.020517e-07,8.460762e-05,2.4274588e-05,0.0018596343,0.9976948,1.5045271e-06,0.9976948
pamap2,gnn_lstm,sequence,1,101,101,102,1247,1256,1256,10,10,17,17,ironing,ironing,True,8.533494e-06,0.0001162553,0.00012208225,3.382233e-06,3.195728e-05,4.614686e-05,8.8628366e-07,9.229887e-05,2.5670366e-05,0.0018897417,0.9976615,1.5519557e-06,0.9976615
pamap2,gnn_lstm,sequence,1,101,101,102,1248,1257,1257,10,10,17,17,ironing,ironing,True,7.938363e-06,0.00010594351,0.000113010225,3.33515e-06,3.2155796e-05,4.7807705e-05,8.1899503e-07,8.8642875e-05,2.4798834e-05,0.0018112365,0.9977628,1.4803281e-06,0.9977628
pamap2,gnn_lstm,sequence,1,101,101,102,1249,1258,1258,10,10,17,17,ironing,ironing,True,7.0722012e-06,9.7473545e-05,0.00010403431,2.9129462e-06,2.9227482e-05,4.2480253e-05,6.475112e-07,7.458717e-05,2.1548014e-05,0.0015929952,0.9980259,1.3079798e-06,0.9980259
pamap2,gnn_lstm,sequence,1,101,101,102,1250,1259,1259,10,10,17,17,ironing,ironing,True,7.4618774e-06,0.000107306805,0.000107521715,3.023391e-06,3.078029e-05,3.981629e-05,6.690267e-07,7.305632e-05,2.1961569e-05,0.0014612832,0.9981456,1.4568583e-06,0.9981456
pamap2,gnn_lstm,sequence,1,101,101,102,1251,1260,1260,10,10,17,17,ironing,ironing,True,1.0976131e-05,0.00015854005,0.00013456147,4.676896e-06,4.6189823e-05,4.8325895e-05,1.1314839e-06,0.000100151345,3.156262e-05,0.0015659017,0.99789536,2.5728584e-06,0.99789536
pamap2,gnn_lstm,sequence,1,101,101,102,1252,1261,1261,10,10,17,17,ironing,ironing,True,1.9744715e-05,0.00026572423,0.0001893582,9.466836e-06,7.574042e-05,7.730486e-05,2.3569492e-06,0.00016653942,5.6723606e-05,0.0021645008,0.9969669,5.6126382e-06,0.9969669
pamap2,gnn_lstm,sequence,1,101,101,102,1253,1262,1262,10,10,17,17,ironing,ironing,True,2.055304e-05,0.00029196846,0.00023173208,8.610474e-06,7.1983246e-05,6.910451e-05,2.286783e-06,0.00015971538,5.5200213e-05,0.0021820576,0.9969013,5.5857154e-06,0.9969013
pamap2,gnn_lstm,sequence,1,101,101,102,1254,1263,1263,10,10,17,17,ironing,ironing,True,2.1707001e-05,0.00031660628,0.00027912442,8.095148e-06,7.3122996e-05,6.5079934e-05,2.2449676e-06,0.00015730574,5.5441713e-05,0.0021659597,0.9968495,5.766491e-06,0.9968495
pamap2,gnn_lstm,sequence,1,101,101,102,1255,1264,1264,10,10,17,17,ironing,ironing,True,5.4700024e-05,0.0006650653,0.0005054896,2.6624592e-05,0.00018079029,0.00016712652,8.443732e-06,0.0004084326,0.00016490054,0.0036092328,0.994187,2.2218583e-05,0.994187
pamap2,gnn_lstm,sequence,1,101,101,102,1256,1265,1265,10,10,17,17,ironing,ironing,True,7.804737e-05,0.0011645011,0.00084105396,4.908998e-05,0.000260973,0.00019164008,1.8641018e-05,0.00066268054,0.00028837667,0.0042410097,0.9921595,4.4389297e-05,0.9921595
pamap2,gnn_lstm,sequence,1,101,101,102,1257,1266,1266,10,10,17,17,ironing,ironing,True,6.339833e-05,0.0011321657,0.0010470924,3.262246e-05,0.0001920207,0.00011801408,1.0601351e-05,0.00045217984,0.00019415804,0.0035617407,0.9931681,2.7870758e-05,0.9931681
pamap2,gnn_lstm,sequence,1,101,101,102,1258,1267,1267,10,10,17,17,ironing,ironing,True,5.828608e-05,0.0009786062,0.001142557,2.3121342e-05,0.00015646286,9.756679e-05,6.482212e-06,0.0003327602,0.00014171103,0.0033952724,0.99364835,1.8731394e-05,0.99364835
pamap2,gnn_lstm,sequence,1,101,101,102,1259,1268,1268,10,10,17,17,ironing,ironing,True,6.6143875e-05,0.0010146796,0.0013532648,2.2881415e-05,0.00017221279,0.00010185635,6.3428356e-06,0.00033409116,0.00014191137,0.0034791806,0.9932886,1.8894953e-05,0.9932886
pamap2,gnn_lstm,sequence,1,101,101,102,1260,1269,1269,10,10,17,17,ironing,ironing,True,0.000103335165,0.001375821,0.0018665618,3.435007e-05,0.00025935684,0.00013961262,1.0269086e-05,0.00047126945,0.000205562,0.004133153,0.99136984,3.086953e-05,0.99136984
pamap2,gnn_lstm,sequence,1,101,101,102,1261,1270,1270,10,10,17,17,ironing,ironing,True,0.00018152,0.0019067205,0.0024190194,7.532923e-05,0.00046973495,0.00027669547,2.6309228e-05,0.00096984353,0.00040065337,0.0064838943,0.9867265,6.372753e-05,0.9867265
pamap2,gnn_lstm,sequence,1,101,101,102,1262,1271,1271,10,10,17,17,ironing,ironing,True,0.00030865628,0.0023715699,0.0026498754,0.00015602843,0.00064120814,0.0006170844,4.974457e-05,0.001726012,0.00069082505,0.0125869075,0.9780945,0.00010754699,0.9780945
pamap2,gnn_lstm,sequence,1,101,101,102,1263,1272,1272,10,10,17,17,ironing,ironing,True,0.00024230221,0.0018387584,0.0020916492,9.710024e-05,0.00045225234,0.0005516906,2.5956231e-05,0.0011191041,0.000456268,0.012652905,0.98040605,6.59248e-05,0.98040605
pamap2,gnn_lstm,sequence,1,101,101,102,1264,1273,1273,10,10,17,17,ironing,ironing,True,9.927065e-05,0.00093440333,0.0010753957,3.89854e-05,0.00023869406,0.00028601033,1.0534768e-05,0.0005590454,0.00020864364,0.007843663,0.98868084,2.4548817e-05,0.98868084
pamap2,gnn_lstm,sequence,1,101,101,102,1265,1274,1274,10,10,17,17,ironing,ironing,True,3.022069e-05,0.00038380155,0.000419695,1.0674883e-05,8.328736e-05,9.9473196e-05,2.917004e-06,0.00020977837,7.083198e-05,0.0038030068,0.9948801,6.2152726e-06,0.9948801
pamap2,gnn_lstm,sequence,1,101,101,102,1266,1275,1275,10,10,17,17,ironing,ironing,True,1.01197475e-05,0.00016268955,0.00017486516,3.445166e-06,2.9430335e-05,4.4954504e-05,7.937048e-07,8.213448e-05,2.709872e-05,0.0021612504,0.9973014,1.7509441e-06,0.9973014
pamap2,gnn_lstm,sequence,1,101,101,102,1267,1276,1276,10,10,17,17,ironing,ironing,True,7.187159e-06,0.00011336189,0.00012385765,2.763555e-06,2.3542516e-05,4.2172003e-05,5.9110454e-07,6.8835536e-05,2.179795e-05,0.0019423253,0.99765235,1.2325482e-06,0.99765235
pamap2,gnn_lstm,sequence,1,101,101,102,1268,1277,1277,10,10,17,17,ironing,ironing,True,6.7120823e-06,9.9910256e-05,0.00010864835,2.8586833e-06,2.3517234e-05,5.0310864e-05,5.6471043e-07,6.767885e-05,2.2312219e-05,0.0019740271,0.9976421,1.2147689e-06,0.9976421
pamap2,gnn_lstm,sequence,1,101,101,102,1269,1278,1278,10,10,17,17,ironing,ironing,True,7.5878243e-06,0.00010069202,0.00010482053,3.7259479e-06,2.9449824e-05,7.344268e-05,6.5917965e-07,8.005849e-05,2.7375327e-05,0.002296689,0.99727386,1.4733648e-06,0.99727386
pamap2,gnn_lstm,sequence,1,101,101,102,1270,1279,1279,10,10,17,17,ironing,ironing,True,9.048892e-06,0.000105346015,0.000108013744,5.3336503e-06,4.1537427e-05,0.00010327021,9.141873e-07,0.00010767927,3.465941e-05,0.002731919,0.9967505,1.8635088e-06,0.9967505
pamap2,gnn_lstm,sequence,1,101,101,102,1271,1280,1280,10,10,17,17,ironing,ironing,True,6.072151e-06,8.250659e-05,8.771279e-05,3.0504402e-06,2.6324153e-05,6.661341e-05,4.6900806e-07,6.1277155e-05,2.2219925e-05,0.0018648063,0.99777776,1.1993318e-06,0.99777776
pamap2,gnn_lstm,sequence,1,101,101,102,1272,1281,1281,10,10,17,17,ironing,ironing,True,4.910579e-06,7.6848664e-05,7.865668e-05,2.1162234e-06,1.8754752e-05,4.9634316e-05,2.9132852e-07,4.021764e-05,1.6949325e-05,0.0014577934,0.9982529,9.499612e-07,0.9982529
pamap2,gnn_lstm,sequence,1,101,101,102,1273,1282,1282,10,10,17,17,ironing,ironing,True,6.018361e-06,9.1705406e-05,8.633843e-05,2.7152607e-06,2.384998e-05,5.4495456e-05,3.9890074e-07,4.9689046e-05,2.0378462e-05,0.0015296482,0.9981336,1.2449937e-06,0.9981336
pamap2,gnn_lstm,sequence,1,101,101,102,1274,1283,1283,10,10,17,17,ironing,ironing,True,9.894302e-06,0.00013630062,0.000115308285,4.6715486e-06,3.7403075e-05,8.914813e-05,7.153191e-07,7.488741e-05,3.4310786e-05,0.0019777634,0.9975172,2.4228282e-06,0.9975172
pamap2,gnn_lstm,sequence,1,101,101,102,1275,1284,1284,10,10,17,17,ironing,ironing,True,1.9573368e-05,0.00022564319,0.0001745191,9.778702e-06,7.26459e-05,0.00022244362,1.3487372e-06,0.00012714893,7.7818324e-05,0.002882967,0.9961796,6.5496697e-06,0.9961796
pamap2,gnn_lstm,sequence,1,101,101,102,1276,1285,1285,10,10,17,17,ironing,ironing,True,1.4405775e-05,0.00020016631,0.00018139447,5.489232e-06,4.815592e-05,0.00011023514,8.769555e-07,8.281844e-05,4.683028e-05,0.0020862564,0.9972193,4.0571135e-06,0.9972193
pamap2,gnn_lstm,sequence,1,101,101,102,1277,1286,1286,10,10,17,17,ironing,ironing,True,1.0747326e-05,0.00017534291,0.00016279028,3.620934e-06,3.4628534e-05,6.34467e-05,5.993685e-07,6.05393e-05,3.0741678e-05,0.0016711849,0.9977837,2.5773047e-06,0.9977837
pamap2,gnn_lstm,sequence,1,101,101,102,1278,1287,1287,10,10,17,17,ironing,ironing,True,8.443099e-06,0.00015453486,0.00013983487,2.8293116e-06,2.7196787e-05,4.53261e-05,4.6884128e-07,5.0637587e-05,2.3661676e-05,0.0014828247,0.99806243,1.8423785e-06,0.99806243
pamap2,gnn_lstm,sequence,1,101,101,102,1279,1288,1288,10,10,17,17,ironing,ironing,True,6.6447556e-06,0.00012810026,0.000114403134,2.339466e-06,2.1726355e-05,3.845985e-05,3.8087254e-07,4.4484583e-05,1.9397454e-05,0.0014239709,0.9981989,1.3558513e-06,0.9981989
pamap2,gnn_lstm,sequence,1,101,101,102,1280,1289,1289,10,10,17,17,ironing,ironing,True,5.0908607e-06,0.00010439152,9.447444e-05,1.8613597e-06,1.7399514e-05,2.9715906e-05,2.8998844e-07,3.7265487e-05,1.4958506e-05,0.0012611459,0.99843246,9.578773e-07,0.99843246
pamap2,gnn_lstm,sequence,1,101,101,102,1281,1290,1290,10,10,17,17,ironing,ironing,True,4.8292704e-06,9.6282376e-05,8.866549e-05,1.8706058e-06,1.7014228e-05,3.1388794e-05,2.8072458e-07,3.6907873e-05,1.4749111e-05,0.0012748826,0.99843234,9.0932997e-07,0.99843234
pamap2,gnn_lstm,sequence,1,101,101,102,1282,1291,1291,10,10,17,17,ironing,ironing,True,4.7310355e-06,9.041144e-05,8.694004e-05,1.9071045e-06,1.7597855e-05,3.279933e-05,2.8818522e-07,3.7827085e-05,1.4929552e-05,0.0012504498,0.99846137,9.097363e-07,0.99846137
pamap2,gnn_lstm,sequence,1,101,101,102,1283,1292,1292,10,10,17,17,ironing,ironing,True,4.491023e-06,8.365938e-05,8.288186e-05,1.887425e-06,1.7565504e-05,3.2272063e-05,2.9308032e-07,3.819227e-05,1.4687743e-05,0.0011881175,0.99853516,8.7901583e-07,0.99853516
pamap2,gnn_lstm,sequence,1,101,101,102,1284,1293,1293,10,10,17,17,ironing,ironing,True,6.106469e-06,9.554521e-05,9.5156916e-05,2.6440443e-06,2.227542e-05,4.6038367e-05,4.3910006e-07,5.2472024e-05,1.9980967e-05,0.0015313996,0.9981267,1.2221967e-06,0.9981267
pamap2,gnn_lstm,sequence,1,101,101,102,1285,1294,1294,10,10,17,17,ironing,ironing,True,1.0591897e-05,0.00013542187,0.00012653005,4.451106e-06,3.469841e-05,7.1713795e-05,7.961343e-07,8.512943e-05,3.193779e-05,0.0021868323,0.9973097,2.1456572e-06,0.9973097
pamap2,gnn_lstm,sequence,1,101,101,102,1286,1295,1295,10,10,17,17,ironing,ironing,True,9.6020985e-06,0.00012998647,0.00012670437,3.8058265e-06,2.9885425e-05,6.266109e-05,7.269895e-07,7.755143e-05,2.8826396e-05,0.0021342502,0.99739397,1.9077022e-06,0.99739397
pamap2,gnn_lstm,sequence,1,101,101,102,1287,1296,1296,10,10,17,17,ironing,ironing,True,9.304324e-06,0.00012679919,0.00013211399,3.4311056e-06,2.7685386e-05,6.1110244e-05,6.697248e-07,7.307781e-05,2.7464412e-05,0.0021860055,0.9973506,1.7758477e-06,0.9973506
pamap2,gnn_lstm,sequence,1,101,101,102,1288,1297,1297,10,10,17,17,ironing,ironing,True,7.5524295e-06,0.00011215188,0.00012325254,2.5037584e-06,2.2349237e-05,4.577621e-05,4.6613445e-07,5.613418e-05,2.1080294e-05,0.0018470143,0.9977603,1.3238484e-06,0.9977603
pamap2,gnn_lstm,sequence,1,101,101,102,1289,1298,1298,10,10,17,17,ironing,ironing,True,6.079647e-06,9.77974e-05,0.0001103787,1.8995111e-06,1.8196453e-05,3.4932113e-05,3.4067304e-07,4.491244e-05,1.6527014e-05,0.0015772625,0.99809057,9.925045e-07,0.99809057
pamap2,gnn_lstm,sequence,1,101,101,102,1290,1299,1299,10,10,17,17,ironing,ironing,True,5.35977e-06,8.9995694e-05,0.00010046815,1.717466e-06,1.6997063e-05,2.8315595e-05,3.160264e-07,4.274683e-05,1.451637e-05,0.0013990514,0.99829966,8.4306254e-07,0.99829966
pamap2,gnn_lstm,sequence,1,101,101,102,1291,1300,1300,10,10,17,17,ironing,ironing,True,4.9500386e-06,8.8059234e-05,9.253496e-05,1.7510515e-06,1.7497388e-05,2.3260325e-05,3.51473e-07,4.516491e-05,1.3798578e-05,0.0012301912,0.9984817,8.039116e-07,0.9984817
pamap2,gnn_lstm,sequence,1,101,101,102,1292,1301,1301,10,10,17,17,ironing,ironing,True,5.8106834e-06,9.489092e-05,9.59873e-05,2.3091313e-06,2.1911814e-05,2.767241e-05,5.221352e-07,5.9923364e-05,1.7063832e-05,0.0013514226,0.9983215,1.0140957e-06,0.9983215
pamap2,gnn_lstm,sequence,1,101,101,102,1293,1302,1302,10,10,17,17,ironing,ironing,True,1.176829e-05,0.0001472136,0.00013009236,5.5142727e-06,4.0915158e-05,5.617771e-05,1.4110135e-06,0.00012749269,3.5269622e-05,0.002241178,0.9972007,2.3079801e-06,0.9972007
pamap2,gnn_lstm,sequence,1,101,101,102,1294,1303,1303,10,10,17,17,ironing,ironing,True,2.9506713e-05,0.00029044392,0.0002045476,1.765524e-05,9.32155e-05,0.00014381486,4.667277e-06,0.00032120495,9.529017e-05,0.004299815,0.99449265,7.325557e-06,0.99449265
pamap2,gnn_lstm,sequence,1,101,101,102,1295,1304,1304,10,10,17,17,ironing,ironing,True,5.49124e-05,0.0004854391,0.00033308263,3.654391e-05,0.00016812731,0.00023337336,1.24392745e-05,0.00061444193,0.00018599616,0.0061068763,0.99175173,1.707693e-05,0.99175173
pamap2,gnn_lstm,sequence,1,101,101,102,1296,1305,1305,10,10,17,17,ironing,ironing,True,3.775833e-05,0.00046004003,0.0003480188,2.0164047e-05,0.00011155931,0.00012555456,8.698881e-06,0.00039477067,0.00012480652,0.0042190934,0.99413776,1.1839946e-05,0.99413776
pamap2,gnn_lstm,sequence,1,101,101,102,1297,1306,1306,10,10,17,17,ironing,ironing,True,5.052921e-05,0.0005678787,0.0004399163,2.6799209e-05,0.00014302054,0.00016893534,1.1695966e-05,0.00051130366,0.00016076307,0.0054859845,0.9924172,1.6026625e-05,0.9924172
pamap2,gnn_lstm,sequence,1,101,101,102,1298,1307,1307,10,10,17,17,ironing,ironing,True,9.881059e-05,0.0009047429,0.0006655434,6.41578e-05,0.00024717057,0.00038680225,2.4540415e-05,0.0009888652,0.00032564095,0.010901938,0.9853572,3.4517252e-05,0.9853572
pamap2,gnn_lstm,sequence,1,101,101,102,1299,1308,1308,10,10,17,17,ironing,ironing,True,0.00011197214,0.0011755195,0.00093465403,7.0001246e-05,0.00024623034,0.0003576891,2.9749819e-05,0.0010321606,0.00035740918,0.012016021,0.98362744,4.1081264e-05,0.98362744
pamap2,gnn_lstm,sequence,1,101,101,102,1300,1309,1309,10,10,17,17,ironing,ironing,True,9.5599375e-05,0.0012439803,0.0012491207,4.9959126e-05,0.0002213282,0.0002231556,2.5233689e-05,0.00084262434,0.00030490963,0.008508918,0.9872005,3.479487e-05,0.9872005
pamap2,gnn_lstm,sequence,1,101,101,102,1301,1310,1310,10,10,17,17,ironing,ironing,True,0.00010324585,0.00120785,0.0015012122,5.2578514e-05,0.00025339334,0.00021894784,2.5707943e-05,0.0009259336,0.00032209745,0.007807712,0.9875466,3.4856163e-05,0.9875466
pamap2,gnn_lstm,sequence,1,101,101,102,1302,1311,1311,10,10,17,17,ironing,ironing,True,0.00021878799,0.0022388275,0.0027964003,0.00012794179,0.00047173462,0.00040011894,6.183523e-05,0.0018873801,0.00069637946,0.012499205,0.978516,8.5330015e-05,0.978516
pamap2,gnn_lstm,sequence,1,101,101,102,1303,1312,1312,10,10,17,17,ironing,ironing,True,0.00044041313,0.0043415744,0.0052954764,0.0003627744,0.00082165643,0.0007866026,0.000181047,0.0043526352,0.001772136,0.024144283,0.957288,0.00021341545,0.957288
pamap2,gnn_lstm,sequence,1,101,101,102,1304,1313,1313,10,10,17,17,ironing,ironing,True,0.00038875046,0.0047135404,0.0067727715,0.00030712454,0.00078938756,0.00062831945,0.0001563228,0.0037219669,0.0016210439,0.020396944,0.9603072,0.00019663374,0.9603072
pamap2,gnn_lstm,sequence,1,101,101,102,1305,1314,1314,10,10,17,17,ironing,ironing,True,0.00043199034,0.0051420396,0.00864775,0.00030023317,0.0009145026,0.0006484161,0.00015055737,0.003671937,0.0016370623,0.019171158,0.959075,0.00020937815,0.959075
pamap2,gnn_lstm,sequence,1,101,101,102,1306,1315,1315,10,10,17,17,ironing,ironing,True,0.0007243341,0.0053012776,0.0076024393,0.0005494058,0.0012729772,0.0014396306,0.00019032226,0.0051541836,0.0021149016,0.032920107,0.94243854,0.00029178362,0.94243854
pamap2,gnn_lstm,sequence,1,101,101,102,1307,1316,1316,10,10,17,17,ironing,ironing,True,0.0010142775,0.0056995605,0.0062068426,0.000777985,0.0015592001,0.0026833254,0.00019885355,0.0062053064,0.0024370917,0.053175442,0.91968745,0.0003546404,0.91968745
pamap2,gnn_lstm,sequence,1,101,101,102,1308,1317,1317,10,10,17,17,ironing,ironing,True,0.00048637122,0.003550983,0.0038193867,0.00022997808,0.0008657668,0.0011581236,6.425279e-05,0.0022383193,0.00092795794,0.023516532,0.96299356,0.00014868722,0.96299356
pamap2,gnn_lstm,sequence,1,101,101,102,1309,1318,1318,10,10,17,17,ironing,ironing,True,0.0001305359,0.0016469473,0.0018979574,3.803807e-05,0.00025915244,0.00023269611,1.06012e-05,0.0005061702,0.00023323954,0.0067315353,0.98828065,3.258102e-05,0.98828065
pamap2,gnn_lstm,sequence,1,101,101,102,1310,1319,1319,10,10,17,17,ironing,ironing,True,6.7768844e-05,0.0009336257,0.0009503447,2.110681e-05,0.00015343814,0.00015509041,5.505988e-06,0.00031118805,0.00013682125,0.0048070755,0.9924414,1.6524495e-05,0.9924414
pamap2,gnn_lstm,sequence,1,101,101,102,1311,1320,1320,10,10,17,17,ironing,ironing,True,4.0742252e-05,0.00054565474,0.0005149108,1.6163933e-05,0.0001188388,0.00014503517,4.0748682e-06,0.0002604483,9.938656e-05,0.0044319197,0.9938127,1.0186981e-05,0.9938127
pamap2,gnn_lstm,sequence,1,101,101,102,1312,1321,1321,10,10,17,17,ironing,ironing,True,1.5648873e-05,0.00024695852,0.00024816472,5.7461975e-06,4.956299e-05,6.6133885e-05,1.2564268e-06,0.00011089409,4.054382e-05,0.002491238,0.9967205,3.2704177e-06,0.9967205
pamap2,gnn_lstm,sequence,1,101,101,102,1313,1322,1322,10,10,17,17,ironing,ironing,True,7.1813593e-06,0.00012816113,0.00013480255,2.4816006e-06,2.355928e-05,3.4065775e-05,4.5295133e-07,5.4206786e-05,1.8832745e-05,0.0015900962,0.99800485,1.2421933e-06,0.99800485
pamap2,gnn_lstm,sequence,1,101,101,102,1314,1323,1323,10,10,17,17,ironing,ironing,True,4.9484793e-06,9.260512e-05,9.642007e-05,1.7245186e-06,1.7004162e-05,2.564014e-05,2.741224e-07,3.806622e-05,1.317188e-05,0.0012564862,0.9984529,8.062678e-07,0.9984529
pamap2,gnn_lstm,sequence,1,101,101,102,1315,1324,1324,10,10,17,17,ironing,ironing,True,4.2296097e-06,7.735311e-05,8.081788e-05,1.5396432e-06,1.5240725e-05,2.5581434e-05,2.2831128e-07,3.3617758e-05,1.1832023e-05,0.001175557,0.9985733,6.895653e-07,0.9985733
pamap2,gnn_lstm,sequence,1,101,101,102,1316,1325,1325,10,10,17,17,ironing,ironing,True,3.8905464e-06,6.976277e-05,7.369752e-05,1.4277347e-06,1.4262996e-05,2.4575316e-05,1.9954302e-07,3.0914198e-05,1.0818178e-05,0.0011311456,0.9986387,6.163533e-07,0.9986387
pamap2,gnn_lstm,sequence,1,101,101,102,1317,1326,1326,10,10,17,17,ironing,ironing,True,3.6553554e-06,6.6832894e-05,7.159784e-05,1.3467886e-06,1.35301625e-05,2.406987e-05,1.8364484e-07,2.884943e-05,1.0493359e-05,0.0010727962,0.9987061,5.9625506e-07,0.9987061
pamap2,gnn_lstm,sequence,1,101,101,102,1318,1327,1327,10,10,17,17,ironing,ironing,True,4.3609302e-06,7.584871e-05,7.8997924e-05,1.672504e-06,1.5257432e-05,3.4310764e-05,2.1983801e-07,3.1951426e-05,1.3545249e-05,0.0012325764,0.9985103,7.9661555e-07,0.9985103
pamap2,gnn_lstm,sequence,1,101,101,102,1319,1328,1328,10,10,17,17,ironing,ironing,True,4.9923146e-06,8.310596e-05,8.526406e-05,1.9030872e-06,1.6790067e-05,4.2496835e-05,2.5101724e-07,3.4435405e-05,1.583913e-05,0.0013499788,0.99836403,9.542448e-07,0.99836403
pamap2,gnn_lstm,sequence,1,101,101,102,1320,1329,1329,10,10,17,17,ironing,ironing,True,5.680762e-06,9.2086026e-05,8.543223e-05,2.2368126e-06,1.8547267e-05,5.2526062e-05,2.7832417e-07,3.7615515e-05,1.8355886e-05,0.0015200914,0.99816614,1.1134072e-06,0.99816614
pamap2,gnn_lstm,sequence,1,101,101,102,1321,1330,1330,10,10,17,17,ironing,ironing,True,5.5649157e-06,9.365692e-05,8.079784e-05,2.1835172e-06,1.819574e-05,5.177324e-05,2.589836e-07,3.605297e-05,1.7713082e-05,0.0015212351,0.99817145,1.062648e-06,0.99817145
pamap2,gnn_lstm,sequence,1,101,101,102,1322,1331,1331,10,10,17,17,ironing,ironing,True,5.0483686e-06,9.060027e-05,7.6131066e-05,1.9977188e-06,1.6919845e-05,4.6746074e-05,2.317371e-07,3.274675e-05,1.606691e-05,0.0014200076,0.9982925,9.544186e-07,0.9982925
pamap2,gnn_lstm,sequence,1,101,101,102,1323,1332,1332,10,10,17,17,ironing,ironing,True,5.4682905e-06,9.931088e-05,7.816782e-05,2.2788095e-06,1.8687582e-05,4.75181e-05,2.8326062e-07,3.6991674e-05,1.7520988e-05,0.0014534264,0.9982393,1.0690084e-06,0.9982393
pamap2,gnn_lstm,sequence,1,101,101,102,1324,1333,1333,10,10,17,17,ironing,ironing,True,6.4939045e-06,0.00011481252,9.0218935e-05,2.65773e-06,2.1782818e-05,5.145444e-05,3.6445869e-07,4.3250544e-05,2.0413752e-05,0.0015439646,0.99810326,1.3291178e-06,0.99810326
pamap2,gnn_lstm,sequence,1,101,101,102,1325,1334,1334,10,10,17,17,ironing,ironing,True,6.5355357e-06,0.00011759472,9.680046e-05,2.4923047e-06,2.1241964e-05,4.4780805e-05,3.642793e-07,4.2556934e-05,1.9259214e-05,0.0014944577,0.99815255,1.2921129e-06,0.99815255
pamap2,gnn_lstm,sequence,1,101,101,102,1326,1335,1335,10,10,17,17,ironing,ironing,True,5.9096515e-06,0.00010673138,9.176144e-05,2.2373763e-06,1.9313537e-05,4.35879e-05,3.1221592e-07,3.933373e-05,1.7416554e-05,0.0015230288,0.9981493,1.1196994e-06,0.9981493
pamap2,gnn_lstm,sequence,1,101,101,102,1327,1336,1336,10,10,17,17,ironing,ironing,True,5.294721e-06,9.803137e-05,8.783043e-05,2.0111793e-06,1.6745938e-05,4.225076e-05,2.555114e-07,3.4328696e-05,1.567887e-05,0.0015188211,0.9981779,9.622038e-07,0.9981779
pamap2,gnn_lstm,sequence,1,101,101,102,1328,1337,1337,10,10,17,17,ironing,ironing,True,4.4530184e-06,8.768305e-05,8.290438e-05,1.6663853e-06,1.418612e-05,3.5655095e-05,2.0152987e-07,2.8698789e-05,1.3262499e-05,0.0013545124,0.9983759,7.866569e-07,0.9983759
pamap2,gnn_lstm,sequence,1,101,101,102,1329,1338,1338,10,10,17,17,ironing,ironing,True,3.830142e-06,7.914609e-05,7.757864e-05,1.4351995e-06,1.2769805e-05,2.9483297e-05,1.7100162e-07,2.5261776e-05,1.1428028e-05,0.0011766655,0.99858165,6.694748e-07,0.99858165
pamap2,gnn_lstm,sequence,1,101,101,102,1330,1339,1339,10,10,17,17,ironing,ironing,True,3.879489e-06,7.782486e-05,7.691854e-05,1.4703481e-06,1.2984472e-05,3.0615753e-05,1.7581114e-07,2.5650043e-05,1.1857297e-05,0.0011567171,0.9986014,6.955368e-07,0.9986014
pamap2,gnn_lstm,sequence,1,101,101,102,1331,1340,1340,10,10,17,17,ironing,ironing,True,4.0557716e-06,7.8203695e-05,7.7088545e-05,1.5630951e-06,1.3454863e-05,3.4417553e-05,1.8943841e-07,2.7151877e-05,1.2913959e-05,0.0012115234,0.9985385,7.5125683e-07,0.9985385
pamap2,gnn_lstm,sequence,1,101,101,102,1332,1341,1341,10,10,17,17,ironing,ironing,True,4.2349584e-06,7.9847625e-05,7.94972e-05,1.6178298e-06,1.4181539e-05,3.6132176e-05,2.0777892e-07,2.883149e-05,1.3774929e-05,0.0012179078,0.99852294,8.044249e-07,0.99852294
pamap2,gnn_lstm,sequence,1,101,101,102,1333,1342,1342,10,10,17,17,ironing,ironing,True,4.2498345e-06,8.002143e-05,7.783255e-05,1.6307239e-06,1.4249147e-05,3.610827e-05,2.1823419e-07,2.96177e-05,1.4056906e-05,0.0012049701,0.9985362,8.132384e-07,0.9985362
pamap2,gnn_lstm,sequence,1,101,101,102,1334,1343,1343,10,10,17,17,ironing,ironing,True,3.844365e-06,7.377246e-05,7.2028146e-05,1.4879611e-06,1.3288488e-05,3.2661894e-05,2.0350696e-07,2.8375414e-05,1.2800148e-05,0.0011537793,0.9986071,7.1588687e-07,0.9986071
pamap2,gnn_lstm,sequence,1,101,101,102,1335,1344,1344,10,10,17,17,ironing,ironing,True,3.4276825e-06,6.6830034e-05,6.7491594e-05,1.3457951e-06,1.2323034e-05,2.9419674e-05,1.8405112e-07,2.6687474e-05,1.1512661e-05,0.0010909677,0.9986891,6.23505e-07,0.9986891
pamap2,gnn_lstm,sequence,1,101,101,102,1336,1345,1345,10,10,17,17,ironing,ironing,True,3.395516e-06,6.491794e-05,6.666112e-05,1.3211735e-06,1.2283649e-05,2.8423257e-05,1.780014e-07,2.6568992e-05,1.1065658e-05,0.0010893883,0.9986952,5.9605975e-07,0.9986952
pamap2,gnn_lstm,sequence,1,101,101,102,1337,1346,1346,10,10,17,17,ironing,ironing,True,3.2869107e-06,6.2927604e-05,6.464212e-05,1.2602569e-06,1.2053994e-05,2.5963729e-05,1.6527206e-07,2.575529e-05,1.0248129e-05,0.0010586733,0.99873453,5.5348994e-07,0.99873453
pamap2,gnn_lstm,sequence,1,101,101,102,1338,1347,1347,10,10,17,17,ironing,ironing,True,3.2194246e-06,6.226147e-05,6.325961e-05,1.2333286e-06,1.18463295e-05,2.5132167e-05,1.547043e-07,2.4696395e-05,9.849796e-06,0.0010378471,0.9987601,5.371667e-07,0.9987601
pamap2,gnn_lstm,sequence,1,101,101,102,1339,1348,1348,10,10,17,17,ironing,ironing,True,3.1534164e-06,6.192674e-05,6.181522e-05,1.220299e-06,1.1684561e-05,2.459609e-05,1.466144e-07,2.3682358e-05,9.554878e-06,0.0010135443,0.9987882,5.268375e-07,0.9987882
pamap2,gnn_lstm,sequence,1,101,101,102,1340,1349,1349,10,10,17,17,ironing,ironing,True,3.1117704e-06,6.1467836e-05,6.1000534e-05,1.228231e-06,1.1808544e-05,2.4848161e-05,1.4611882e-07,2.3544642e-05,9.594029e-06,0.0009959756,0.99880683,5.3235e-07,0.99880683
pamap2,gnn_lstm,sequence,1,101,101,102,1341,1350,1350,10,10,17,17,ironing,ironing,True,3.1347874e-06,6.243756e-05,6.116303e-05,1.2509116e-06,1.1944111e-05,2.5248864e-05,1.4592324e-07,2.3318957e-05,9.709956e-06,0.0009871981,0.998814,5.4595927e-07,0.998814
pamap2,gnn_lstm,sequence,1,101,101,102,1342,1351,1351,10,10,17,17,ironing,ironing,True,3.151281e-06,6.354666e-05,6.10818e-05,1.2810301e-06,1.2026642e-05,2.569156e-05,1.4586043e-07,2.3072917e-05,9.841375e-06,0.0009794157,0.99882025,5.598007e-07,0.99882025
pamap2,gnn_lstm,sequence,1,101,101,102,1343,1352,1352,10,10,17,17,ironing,ironing,True,3.2098917e-06,6.497224e-05,6.141565e-05,1.3015153e-06,1.2024571e-05,2.5376323e-05,1.4575996e-07,2.2917226e-05,9.855993e-06,0.0009766376,0.99882156,5.670601e-07,0.99882156
pamap2,gnn_lstm,sequence,1,101,101,102,1344,1353,1353,10,10,17,17,ironing,ironing,True,3.8463304e-06,7.4405325e-05,6.8529254e-05,1.4626658e-06,1.34928205e-05,2.5745128e-05,1.6670738e-07,2.5082181e-05,1.0650647e-05,0.0010290139,0.998747,6.533029e-07,0.998747
pamap2,gnn_lstm,sequence,1,101,101,102,1345,1354,1354,10,10,17,17,ironing,ironing,True,4.548598e-06,8.760277e-05,7.616222e-05,1.7078893e-06,1.561269e-05,2.4591154e-05,2.0258864e-07,2.8239347e-05,1.1667698e-05,0.0010164004,0.9987325,7.7492075e-07,0.9987325
pamap2,gnn_lstm,sequence,1,101,101,102,1346,1355,1355,10,10,17,17,ironing,ironing,True,4.8884267e-06,9.7625896e-05,7.846331e-05,1.9220663e-06,1.7364331e-05,2.3224944e-05,2.3897277e-07,3.1114738e-05,1.2327089e-05,0.0009791257,0.99875295,8.5742005e-07,0.99875295
pamap2,gnn_lstm,sequence,1,101,101,102,1347,1356,1356,10,10,17,17,ironing,ironing,True,5.499501e-06,0.00010928269,8.099914e-05,2.3556443e-06,1.9829013e-05,2.5481533e-05,3.2094786e-07,3.8132042e-05,1.4415655e-05,0.0010750284,0.99862766,1.0250008e-06,0.99862766
pamap2,gnn_lstm,sequence,1,101,101,102,1348,1357,1357,10,10,17,17,ironing,ironing,True,6.498547e-06,0.00011835705,8.920326e-05,2.8386746e-06,2.235938e-05,3.428374e-05,4.043289e-07,4.68905e-05,1.7942431e-05,0.0013507695,0.99830925,1.2586816e-06,0.99830925
pamap2,gnn_lstm,sequence,1,101,101,102,1349,1358,1358,10,10,17,17,ironing,ironing,True,6.5480663e-06,0.000115049406,9.393265e-05,2.6773905e-06,2.1626422e-05,3.787264e-05,4.0501806e-07,4.8146245e-05,1.8622422e-05,0.0014838491,0.99817014,1.2539681e-06,0.99817014
pamap2,gnn_lstm,sequence,1,101,101,102,1350,1359,1359,10,10,17,17,ironing,ironing,True,6.491621e-06,0.000112783586,9.740642e-05,2.470487e-06,2.0638063e-05,3.587348e-05,4.276489e-07,5.024478e-05,1.8442695e-05,0.0015314574,0.9981225,1.1888145e-06,0.9981225
pamap2,gnn_lstm,sequence,1,101,101,102,1351,1360,1360,10,10,17,17,ironing,ironing,True,5.340354e-06,9.655402e-05,9.001043e-05,1.9704196e-06,1.765679e-05,2.9155774e-05,3.6307168e-07,4.5302753e-05,1.5410942e-05,0.0013866087,0.9983107,9.202825e-07,0.9983107
pamap2,gnn_lstm,sequence,1,101,101,102,1352,1361,1361,10,10,17,17,ironing,ironing,True,5.1197885e-06,9.3210634e-05,8.910257e-05,1.8302967e-06,1.7724886e-05,2.4879988e-05,3.6059174e-07,4.533038e-05,1.4212984e-05,0.0012698104,0.9984376,8.496617e-07,0.9984376
pamap2,gnn_lstm,sequence,1,101,101,102,1353,1362,1362,10,10,17,17,ironing,ironing,True,5.9442614e-06,0.000103270075,9.870992e-05,2.0907653e-06,2.107693e-05,2.6129423e-05,4.4579835e-07,5.294042e-05,1.5962225e-05,0.0012993948,0.99837303,1.0112893e-06,0.99837303
pamap2,gnn_lstm,sequence,1,101,101,102,1354,1363,1363,10,10,17,17,ironing,ironing,True,6.5300983e-06,0.0001075109,0.00010561965,2.351701e-06,2.4683355e-05,2.9122431e-05,5.201263e-07,5.9717975e-05,1.7710943e-05,0.0013315844,0.99831367,1.1679251e-06,0.99831367
pamap2,gnn_lstm,sequence,1,101,101,102,1355,1364,1364,10,10,17,17,ironing,ironing,True,6.2014765e-06,9.9635356e-05,0.00010298907,2.26924e-06,2.4259187e-05,2.8846434e-05,4.8299796e-07,5.784937e-05,1.6955973e-05,0.0012932583,0.9983663,1.0990818e-06,0.9983663
pamap2,gnn_lstm,sequence,1,101,101,102,1356,1365,1365,10,10,17,17,ironing,ironing,True,5.7574944e-06,8.990593e-05,9.58294e-05,2.2537708e-06,2.4753812e-05,2.835717e-05,4.942815e-07,5.9881862e-05,1.6698676e-05,0.0012244494,0.9984505,1.0487116e-06,0.9984505
pamap2,gnn_lstm,sequence,1,101,101,102,1357,1366,1366,10,10,17,17,ironing,ironing,True,5.59096e-06,8.775844e-05,9.21779e-05,2.3105024e-06,2.5142566e-05,2.95368e-05,4.9333715e-07,5.8990252e-05,1.6931916e-05,0.0011755126,0.99850464,1.0755803e-06,0.99850464
pamap2,gnn_lstm,sequence,1,101,101,102,1358,1367,1367,10,10,17,17,ironing,ironing,True,7.5421985e-06,0.00010489363,0.000107947264,3.4889426e-06,3.6864443e-05,4.4012922e-05,8.287384e-07,8.4835505e-05,2.4647863e-05,0.0013865436,0.9981968,1.6822919e-06,0.9981968
pamap2,gnn_lstm,sequence,1,101,101,102,1359,1368,1368,10,10,17,17,ironing,ironing,True,1.2204658e-05,0.00014736946,0.00013863275,6.258404e-06,6.1903214e-05,7.389539e-05,1.7146473e-06,0.00014064908,4.2072093e-05,0.0018189666,0.99755317,3.2268545e-06,0.99755317
pamap2,gnn_lstm,sequence,1,101,101,102,1360,1369,1369,10,10,17,17,ironing,ironing,True,2.065806e-05,0.00020874968,0.0001653975,1.23449545e-05,9.036703e-05,0.0001618333,2.6636217e-06,0.00022008615,7.440304e-05,0.0032269114,0.99581087,5.824291e-06,0.99581087
pamap2,gnn_lstm,sequence,1,101,101,102,1361,1370,1370,10,10,17,17,ironing,ironing,True,3.1855427e-05,0.00028124906,0.00019115827,1.8776429e-05,0.00011095132,0.00027708127,2.9914804e-06,0.0002800086,0.000103737555,0.0053913733,0.9933026,8.32296e-06,0.9933026
pamap2,gnn_lstm,sequence,1,101,101,102,1362,1371,1371,10,10,17,17,ironing,ironing,True,3.5615154e-05,0.00031456366,0.00021548466,1.6886965e-05,0.00011141859,0.00027028215,2.584699e-06,0.00025552782,9.879992e-05,0.0056237597,0.9930466,8.46637e-06,0.9930466
pamap2,gnn_lstm,sequence,1,101,101,102,1363,1372,1372,10,10,17,17,ironing,ironing,True,2.0953594e-05,0.00024966025,0.00019914734,7.533797e-06,7.0491544e-05,0.000115226976,1.4318568e-06,0.00013651972,5.307793e-05,0.0029822402,0.99615896,4.7809967e-06,0.99615896
pamap2,gnn_lstm,sequence,1,101,101,102,1364,1373,1373,10,10,17,17,ironing,ironing,True,1.5709928e-05,0.00022050181,0.000176443,5.5823707e-06,5.378791e-05,8.787106e-05,1.0747998e-06,0.00010173895,4.168952e-05,0.0024210368,0.9968708,3.6388176e-06,0.9968708
pamap2,gnn_lstm,sequence,1,101,101,102,1365,1374,1374,10,10,17,17,ironing,ironing,True,1.0862995e-05,0.00017746107,0.0001458426,3.988417e-06,3.8080238e-05,6.5497436e-05,7.4753063e-07,7.392227e-05,3.0745025e-05,0.001990147,0.99746025,2.4561525e-06,0.99746025
pamap2,gnn_lstm,sequence,1,101,101,102,1366,1375,1375,10,10,17,17,ironing,ironing,True,6.845572e-06,0.00012494459,0.000111861256,2.5118259e-06,2.4404604e-05,3.906947e-05,4.4502588e-07,5.0944436e-05,1.934706e-05,0.0015104152,0.9981079,1.3509613e-06,0.9981079
pamap2,gnn_lstm,sequence,1,101,101,102,1367,1376,1376,10,10,17,17,ironing,ironing,True,5.2827445e-06,9.833619e-05,9.397786e-05,1.994085e-06,1.9396904e-05,3.110911e-05,3.3510207e-07,4.248026e-05,1.5328214e-05,0.0013106418,0.99838006,9.749409e-07,0.99838006
pamap2,gnn_lstm,sequence,1,101,101,102,1368,1377,1377,10,10,17,17,ironing,ironing,True,4.7491253e-06,8.629233e-05,8.608512e-05,1.8458043e-06,1.791669e-05,2.9160365e-05,3.0892937e-07,4.0706524e-05,1.4282114e-05,0.0012299373,0.99848783,8.640202e-07,0.99848783
pamap2,gnn_lstm,sequence,1,101,101,102,1369,1378,1378,10,10,17,17,ironing,ironing,True,4.68919e-06,8.287885e-05,8.383436e-05,1.8699207e-06,1.7982773e-05,2.986357e-05,3.1804854e-07,4.1509647e-05,1.4546097e-05,0.0012066853,0.99851495,8.684758e-07,0.99851495
pamap2,gnn_lstm,sequence,1,101,101,102,1370,1379,1379,10,10,17,17,ironing,ironing,True,5.5188516e-06,9.0063055e-05,9.133698e-05,2.2216539e-06,2.1420165e-05,3.3647782e-05,4.2136327e-07,5.1275343e-05,1.7056858e-05,0.00130871,0.9983772,1.0381162e-06,0.9983772
pamap2,gnn_lstm,sequence,1,101,101,102,1371,1380,1380,10,10,17,17,ironing,ironing,True,6.8819886e-06,0.00010209486,0.000102336904,2.8745992e-06,2.7530843e-05,4.235156e-05,5.988902e-07,6.6229375e-05,2.1542457e-05,0.0014780251,0.9981482,1.3700893e-06,0.9981482
pamap2,gnn_lstm,sequence,1,101,101,102,1372,1381,1381,10,10,17,17,ironing,ironing,True,1.0488428e-05,0.00013357258,0.000124095,4.605528e-06,4.0432114e-05,6.823776e-05,9.5133305e-07,9.679432e-05,3.2590182e-05,0.0020123739,0.99747366,2.2311888e-06,0.99747366
pamap2,gnn_lstm,sequence,1,101,101,102,1373,1382,1382,10,10,17,17,ironing,ironing,True,1.399097e-05,0.00016522106,0.00014031306,6.2669856e-06,5.1130355e-05,8.771636e-05,1.2752228e-06,0.0001245263,4.1910895e-05,0.0024991794,0.99686533,3.0259991e-06,0.99686533
pamap2,gnn_lstm,sequence,1,101,101,102,1374,1383,1383,10,10,17,17,ironing,ironing,True,1.2951421e-05,0.0001666025,0.00013799666,5.5178666e-06,4.7185677e-05,7.251021e-05,1.1596251e-06,0.000112947026,3.7234964e-05,0.0022830172,0.99712014,2.742191e-06,0.99712014
pamap2,gnn_lstm,sequence,1,101,101,102,1375,1384,1384,10,10,17,17,ironing,ironing,True,1.3817208e-05,0.00017916379,0.00013574955,5.994425e-06,4.8333986e-05,8.125263e-05,1.1930408e-06,0.00011844962,3.9944298e-05,0.002558701,0.99681455,2.9108817e-06,0.99681455
pamap2,gnn_lstm,sequence,1,101,101,102,1376,1385,1385,10,10,17,17,ironing,ironing,True,1.113694e-05,0.00016052977,0.00011936888,4.7935846e-06,4.1565745e-05,6.941337e-05,9.39842e-07,9.67768e-05,3.2938144e-05,0.0022374562,0.9972228,2.3215082e-06,0.9972228
pamap2,gnn_lstm,sequence,1,101,101,102,1377,1386,1386,10,10,17,17,ironing,ironing,True,8.466473e-06,0.00013213075,0.00010167838,3.8057192e-06,3.34169e-05,6.58759e-05,6.4670223e-07,7.434489e-05,2.724403e-05,0.002018394,0.99753225,1.7902333e-06,0.99753225
pamap2,gnn_lstm,sequence,1,101,101,102,1378,1387,1387,10,10,17,17,ironing,ironing,True,6.7854767e-06,0.00011196321,9.0640315e-05,3.1388552e-06,2.7476099e-05,6.352031e-05,4.6457956e-07,5.8363938e-05,2.3412342e-05,0.0018291381,0.9977836,1.4612186e-06,0.9977836
pamap2,gnn_lstm,sequence,1,101,101,102,1379,1388,1388,10,10,17,17,ironing,ironing,True,5.456208e-06,9.58184e-05,8.2938306e-05,2.470191e-06,2.2138585e-05,5.239921e-05,3.4063822e-07,4.534203e-05,1.896451e-05,0.0015540223,0.99811894,1.1525027e-06,0.99811894
pamap2,gnn_lstm,sequence,1,101,101,102,1380,1389,1389,10,10,17,17,ironing,ironing,True,5.1017714e-06,9.189475e-05,8.221735e-05,2.1610626e-06,2.0292528e-05,4.0877803e-05,3.0176147e-07,4.027742e-05,1.6264332e-05,0.0013461666,0.99835336,1.0184032e-06,0.99835336
pamap2,gnn_lstm,sequence,1,101,101,102,1381,1390,1390,10,10,17,17,ironing,ironing,True,5.5988944e-06,9.85148e-05,8.508964e-05,2.4302255e-06,2.1392521e-05,4.0274383e-05,3.6031244e-07,4.5090976e-05,1.7493536e-05,0.001395916,0.99828666,1.1255432e-06,0.99828666
pamap2,gnn_lstm,sequence,1,101,101,102,1382,1391,1391,10,10,17,17,ironing,ironing,True,1.485191e-05,0.0001898508,0.0001336389,7.762785e-06,5.3726562e-05,0.00015011131,1.0672826e-06,0.00010832321,5.3910255e-05,0.0028287757,0.9964539,4.099369e-06,0.9964539
pamap2,gnn_lstm,sequence,1,101,101,102,1383,1392,1392,10,10,17,17,ironing,ironing,True,3.1059222e-05,0.0003301679,0.0002397903,1.5314625e-05,0.00011435081,0.00037243124,2.015516e-06,0.00018284713,0.00012819002,0.003615931,0.9949555,1.23712225e-05,0.9949555
pamap2,gnn_lstm,sequence,1,101,101,102,1384,1393,1393,10,10,17,17,ironing,ironing,True,0.00010340038,0.0007420281,0.00046870232,4.6314082e-05,0.0003149168,0.0012600746,4.635241e-06,0.00044881768,0.00037884596,0.006918907,0.989268,4.5433928e-05,0.989268
pamap2,gnn_lstm,sequence,1,101,101,102,1385,1394,1394,10,10,17,17,ironing,ironing,True,0.00011423982,0.0008268414,0.0004990777,4.0747604e-05,0.00029127652,0.0014543944,3.3740591e-06,0.00040155448,0.00034599612,0.008934929,0.98704857,3.885376e-05,0.98704857
pamap2,gnn_lstm,sequence,1,101,101,102,1386,1395,1395,10,10,17,17,ironing,ironing,True,7.1581984e-05,0.0006403113,0.00040947009,1.975881e-05,0.00015479604,0.00069816044,1.7178226e-06,0.00022121129,0.00016000478,0.0077643287,0.98984295,1.5759275e-05,0.98984295
pamap2,gnn_lstm,sequence,1,101,101,102,1387,1396,1396,10,10,17,17,ironing,ironing,True,5.4356515e-05,0.00056690694,0.00036025088,1.3172567e-05,0.00010575924,0.00036311135,1.302364e-06,0.00015743841,9.141682e-05,0.0069007375,0.99137723,8.386883e-06,0.99137723
pamap2,gnn_lstm,sequence,1,101,101,102,1388,1397,1397,10,10,17,17,ironing,ironing,True,3.0398698e-05,0.00040991892,0.00027224608,7.6132037e-06,6.318774e-05,0.00014752845,9.585406e-07,0.0001004745,4.968079e-05,0.0045618145,0.994352,4.138185e-06,0.994352
pamap2,gnn_lstm,sequence,1,101,101,102,1389,1398,1398,10,10,17,17,ironing,ironing,True,2.4087461e-05,0.00035141132,0.00023105522,6.7285514e-06,5.216465e-05,0.00010742074,1.0081193e-06,9.2617396e-05,4.1216037e-05,0.0040430995,0.995046,3.2258586e-06,0.995046
pamap2,gnn_lstm,sequence,1,101,101,102,1390,1399,1399,10,10,17,17,ironing,ironing,True,1.7742153e-05,0.0002625517,0.00018429023,5.801823e-06,4.1058323e-05,0.00010716717,8.206783e-07,8.112534e-05,3.607297e-05,0.0039036316,0.9953572,2.4652645e-06,0.9953572
pamap2,gnn_lstm,sequence,1,101,101,102,1391,1400,1400,10,10,17,17,ironing,ironing,True,1.8732402e-05,0.00025605023,0.00018865129,6.705679e-06,4.1541538e-05,0.00013685126,8.628309e-07,8.35606e-05,4.0949246e-05,0.004217887,0.99500567,2.6557884e-06,0.99500567
pamap2,gnn_lstm,sequence,1,101,101,102,1392,1401,1401,10,10,17,17,ironing,ironing,True,1.4232283e-05,0.00020233063,0.00015469157,5.651065e-06,3.275572e-05,0.00012790294,6.456449e-07,6.884787e-05,3.6101774e-05,0.0037403677,0.9956144,2.2209085e-06,0.9956144
pamap2,gnn_lstm,sequence,1,101,101,102,1393,1402,1402,10,10,17,17,ironing,ironing,True,1.2791104e-05,0.00018039081,0.0001418534,5.3142558e-06,2.9525605e-05,0.00013817241,5.2537433e-07,6.341892e-05,3.2695767e-05,0.0041739796,0.9952195,1.8749358e-06,0.9952195
pamap2,gnn_lstm,sequence,1,101,101,102,1394,1403,1403,10,10,17,17,ironing,ironing,True,9.900678e-06,0.00014761489,0.00012110007,4.344451e-06,2.6596552e-05,0.00012266144,4.7101423e-07,5.385897e-05,3.1006275e-05,0.0029593452,0.99652135,1.8297968e-06,0.99652135
pamap2,gnn_lstm,sequence,1,101,101,102,1395,1404,1404,10,10,17,17,ironing,ironing,True,9.517565e-06,0.00014103262,0.00011319134,4.1641897e-06,2.7140464e-05,0.000118691736,5.1355727e-07,5.588691e-05,3.2797932e-05,0.0026178635,0.99687743,1.9698941e-06,0.99687743
pamap2,gnn_lstm,sequence,1,101,101,102,1396,1405,1405,10,10,17,17,ironing,ironing,True,8.731325e-06,0.00013265286,0.00010854414,3.7658576e-06,2.5630969e-05,0.00011430255,4.457298e-07,5.079096e-05,3.063325e-05,0.0024543086,0.99706835,1.8292392e-06,0.99706835
pamap2,gnn_lstm,sequence,1,101,101,102,1397,1406,1406,10,10,17,17,ironing,ironing,True,6.2396084e-06,0.00010710157,9.497925e-05,2.6093091e-06,2.0029911e-05,7.8515164e-05,3.0430382e-07,3.727189e-05,2.1761516e-05,0.0018530065,0.9977768,1.2745058e-06,0.9977768
pamap2,gnn_lstm,sequence,1,101,101,102,1398,1407,1407,10,10,17,17,ironing,ironing,True,5.6538506e-06,0.00010033998,9.097655e-05,2.2940028e-06,1.7752878e-05,6.220556e-05,2.6333885e-07,3.2703367e-05,1.8614457e-05,0.0016230703,0.99804497,1.1037503e-06,0.99804497
pamap2,gnn_lstm,sequence,1,101,101,102,1399,1408,1408,10,10,17,17,ironing,ironing,True,5.3204785e-06,9.6988064e-05,8.8498244e-05,2.154392e-06,1.66318e-05,5.4319316e-05,2.442279e-07,3.0275087e-05,1.7252907e-05,0.0014668894,0.9982204,1.0355101e-06,0.9982204
pamap2,gnn_lstm,sequence,1,101,101,102,1400,1409,1409,10,10,17,17,ironing,ironing,True,5.374379e-06,9.8593926e-05,8.5984815e-05,2.2651604e-06,1.7326469e-05,5.3410167e-05,2.6176988e-07,3.1705044e-05,1.7657727e-05,0.0014303311,0.998256,1.0668283e-06,0.998256
pamap2,gnn_lstm,sequence,1,101,101,102,1401,1410,1410,10,10,17,17,ironing,ironing,True,5.666345e-06,0.00010063818,8.301783e-05,2.489586e-06,1.8544586e-05,6.0314218e-05,2.8625695e-07,3.5232344e-05,1.9298699e-05,0.0015649034,0.9981084,1.1444906e-06,0.9981084
pamap2,gnn_lstm,sequence,1,101,101,102,1402,1411,1411,10,10,17,17,ironing,ironing,True,5.3536723e-06,9.564678e-05,7.847232e-05,2.3671018e-06,1.791872e-05,6.1146486e-05,2.656139e-07,3.468818e-05,1.8748628e-05,0.0015955898,0.99808866,1.080502e-06,0.99808866
pamap2,gnn_lstm,sequence,1,101,101,102,1403,1412,1412,10,10,17,17,ironing,ironing,True,4.7000835e-06,8.685696e-05,7.351061e-05,2.081721e-06,1.6671924e-05,5.6784553e-05,2.2913186e-07,3.1673437e-05,1.6577636e-05,0.0015194415,0.99819046,9.250037e-07,0.99819046
pamap2,gnn_lstm,sequence,1,101,101,102,1404,1413,1413,10,10,17,17,ironing,ironing,True,4.28512e-06,8.2865045e-05,7.087512e-05,1.8058423e-06,1.49639145e-05,4.312664e-05,2.0241096e-07,2.8262946e-05,1.4081717e-05,0.0013167794,0.998422,8.043436e-07,0.998422
pamap2,gnn_lstm,sequence,1,101,101,102,1405,1414,1414,10,10,17,17,ironing,ironing,True,4.4505628e-06,8.6073545e-05,7.361298e-05,1.7805417e-06,1.498761e-05,3.7005226e-05,2.0537136e-07,2.8011598e-05,1.3503618e-05,0.0012308031,0.99850875,8.106143e-07,0.99850875
pamap2,gnn_lstm,sequence,1,101,101,102,1406,1415,1415,10,10,17,17,ironing,ironing,True,4.0152145e-06,7.9752186e-05,6.9539004e-05,1.639678e-06,1.4142682e-05,3.5252655e-05,1.8755834e-07,2.6549871e-05,1.2660648e-05,0.0011754511,0.99858,7.470214e-07,0.99858
pamap2,gnn_lstm,sequence,1,101,101,102,1407,1416,1416,10,10,17,17,ironing,ironing,True,4.314272e-06,8.3554834e-05,7.216745e-05,1.8378214e-06,1.5341e-05,4.146509e-05,2.1093031e-07,2.8929524e-05,1.4380878e-05,0.0012516585,0.99848527,8.5086106e-07,0.99848527
pamap2,gnn_lstm,sequence,1,101,101,102,1408,1417,1417,10,10,17,17,ironing,ironing,True,5.177737e-06,9.408395e-05,7.755559e-05,2.366809e-06,1.9049257e-05,5.6499623e-05,2.7376126e-07,3.5540128e-05,1.8427094e-05,0.001441152,0.9982488,1.1121865e-06,0.9982488
pamap2,gnn_lstm,sequence,1,101,101,102,1409,1418,1418,10,10,17,17,ironing,ironing,True,5.086912e-06,9.33803e-05,7.75162e-05,2.4065153e-06,1.9228313e-05,5.907411e-05,2.8413945e-07,3.6244317e-05,1.902301e-05,0.0014482064,0.99823856,1.1450121e-06,0.99823856
pamap2,gnn_lstm,sequence,1,101,101,102,1410,1419,1419,10,10,17,17,ironing,ironing,True,4.234938e-06,8.18673e-05,7.156307e-05,1.9835397e-06,1.634466e-05,4.6601675e-05,2.4435988e-07,3.1911142e-05,1.5934747e-05,0.0012654391,0.9984629,9.330735e-07,0.9984629
pamap2,gnn_lstm,sequence,1,101,101,102,1411,1420,1420,10,10,17,17,ironing,ironing,True,4.2007105e-06,7.9476406e-05,7.0464055e-05,2.0180696e-06,1.6750299e-05,4.7531677e-05,2.5507416e-07,3.3174892e-05,1.620361e-05,0.0012654545,0.99846363,9.405197e-07,0.99846363
pamap2,gnn_lstm,sequence,1,101,101,102,1412,1421,1421,10,10,17,17,ironing,ironing,True,4.8136435e-06,8.525132e-05,7.318155e-05,2.3995738e-06,1.9952286e-05,5.5575023e-05,3.250085e-07,4.019264e-05,1.8993427e-05,0.0013823839,0.9983158,1.1193919e-06,0.9983158
pamap2,gnn_lstm,sequence,1,101,101,102,1413,1422,1422,10,10,17,17,ironing,ironing,True,5.8308074e-06,9.456734e-05,7.734564e-05,3.0365645e-06,2.4890345e-05,6.947568e-05,4.4609652e-07,5.1739768e-05,2.355539e-05,0.0015953874,0.99805236,1.4082283e-06,0.99805236
pamap2,gnn_lstm,sequence,1,101,101,102,1414,1423,1423,10,10,17,17,ironing,ironing,True,7.2326825e-06,0.00010485249,8.421897e-05,3.9557294e-06,3.0844716e-05,0.000101109894,5.642854e-07,6.493987e-05,3.0485831e-05,0.0020063398,0.9975636,1.823058e-06,0.9975636
pamap2,gnn_lstm,sequence,1,101,101,102,1415,1424,1424,10,10,17,17,ironing,ironing,True,8.35235e-06,0.000112918475,9.2837705e-05,4.559802e-06,3.5552763e-05,0.0001356312,6.0794696e-07,7.1038325e-05,3.5879788e-05,0.002324263,0.9971762,2.1717813e-06,0.9971762
pamap2,gnn_lstm,sequence,1,101,101,102,1416,1425,1425,10,10,17,17,ironing,ironing,True,7.5990524e-06,0.0001069203,9.363156e-05,3.8217254e-06,3.2362743e-05,0.00012056149,4.946479e-07,6.0303315e-05,3.097814e-05,0.0021397055,0.99740183,1.8823779e-06,0.99740183
pamap2,gnn_lstm,sequence,1,101,101,102,1417,1426,1426,10,10,17,17,ironing,ironing,True,6.348238e-06,9.585212e-05,8.862352e-05,3.0198378e-06,2.7290016e-05,9.6514115e-05,3.8438023e-07,4.8816422e-05,2.5131318e-05,0.0018426595,0.9977639,1.5076432e-06,0.9977639
pamap2,gnn_lstm,sequence,1,101,101,102,1418,1427,1427,10,10,17,17,ironing,ironing,True,5.597732e-06,8.808674e-05,8.415088e-05,2.6510086e-06,2.4289806e-05,8.585637e-05,3.3013407e-07,4.2574273e-05,2.2450906e-05,0.0016565457,0.9979861,1.3260853e-06,0.9979861
pamap2,gnn_lstm,sequence,1,101,101,102,1419,1428,1428,10,10,17,17,ironing,ironing,True,5.786643e-06,9.117957e-05,8.596535e-05,2.7503008e-06,2.3186009e-05,8.7630775e-05,3.184946e-07,4.126791e-05,2.2697019e-05,0.0017324191,0.9979054,1.3497588e-06,0.9979054
pamap2,gnn_lstm,sequence,1,101,101,102,1420,1429,1429,10,10,17,17,ironing,ironing,True,1.2810512e-05,0.000156387,0.00012245608,6.7893006e-06,4.457497e-05,0.00023138059,6.433773e-07,7.75638e-05,5.2218238e-05,0.0031114605,0.9961803,3.4816057e-06,0.9961803
pamap2,gnn_lstm,sequence,1,101,101,102,1421,1430,1430,10,10,17,17,ironing,ironing,True,1.1225035e-05,0.00015692732,0.00012942686,5.3509402e-06,3.7818038e-05,0.00014389533,6.0655526e-07,6.5747845e-05,4.179075e-05,0.0023850335,0.9970192,3.0175147e-06,0.9970192
pamap2,gnn_lstm,sequence,1,101,101,102,1422,1431,1431,10,10,17,17,ironing,ironing,True,9.216225e-06,0.00014383986,0.0001270974,3.8574426e-06,2.9452374e-05,8.804233e-05,5.1236543e-07,5.3741493e-05,3.1160966e-05,0.0019022278,0.99760854,2.2825795e-06,0.99760854
pamap2,gnn_lstm,sequence,1,101,101,102,1423,1432,1432,10,10,17,17,ironing,ironing,True,7.461382e-06,0.00012758677,0.00012111163,2.726543e-06,2.3183638e-05,5.498838e-05,3.8811143e-07,4.3303196e-05,2.2639442e-05,0.0015585911,0.99803644,1.627365e-06,0.99803644
pamap2,gnn_lstm,sequence,1,101,101,102,1424,1433,1433,10,10,17,17,ironing,ironing,True,5.9566537e-06,0.00011119928,0.000110097746,2.017482e-06,1.891999e-05,3.6111418e-05,2.9480503e-07,3.5980614e-05,1.6750102e-05,0.0013001407,0.9983614,1.1625334e-06,0.9983614
pamap2,gnn_lstm,sequence,1,101,101,102,1425,1434,1434,10,10,17,17,ironing,ironing,True,5.02632e-06,9.777514e-05,9.8901655e-05,1.679919e-06,1.631685e-05,2.8502614e-05,2.5044798e-07,3.268536e-05,1.3908908e-05,0.0011864307,0.9985176,9.134355e-07,0.9985176
pamap2,gnn_lstm,sequence,1,101,101,102,1426,1435,1435,10,10,17,17,ironing,ironing,True,4.5447296e-06,8.859035e-05,9.16955e-05,1.5446511e-06,1.50887e-05,2.5465666e-05,2.4213912e-07,3.264444e-05,1.2797532e-05,0.001152474,0.99857426,7.91443e-07,0.99857426
pamap2,gnn_lstm,sequence,1,101,101,102,1427,1436,1436,10,10,17,17,ironing,ironing,True,4.347511e-06,8.219621e-05,8.813271e-05,1.4533798e-06,1.43325315e-05,2.4252402e-05,2.343997e-07,3.2863634e-05,1.2153981e-05,0.0011600535,0.99857926,7.139675e-07,0.99857926
pamap2,gnn_lstm,sequence,1,101,101,102,1428,1437,1437,10,10,17,17,ironing,ironing,True,4.523864e-06,8.103009e-05,8.888303e-05,1.4756191e-06,1.4672396e-05,2.4582794e-05,2.4646008e-07,3.5248977e-05,1.2372175e-05,0.0012108139,0.99852544,7.071737e-07,0.99852544
pamap2,gnn_lstm,sequence,1,101,101,102,1429,1438,1438,10,10,17,17,ironing,ironing,True,5.3635817e-06,9.047463e-05,9.811792e-05,1.7856769e-06,1.7897986e-05,2.6442049e-05,3.296951e-07,4.3990156e-05,1.4445283e-05,0.0012813053,0.99841905,8.5244284e-07,0.99841905
pamap2,gnn_lstm,sequence,1,101,101,102,1430,1439,1439,10,10,17,17,ironing,ironing,True,6.2546524e-06,9.945316e-05,0.000100395235,2.2237086e-06,2.1866783e-05,3.0346979e-05,4.7135052e-07,5.6696488e-05,1.7522261e-05,0.0013993814,0.99826425,1.0619586e-06,0.99826425
pamap2,gnn_lstm,sequence,1,101,101,102,1431,1440,1440,10,10,17,17,ironing,ironing,True,6.1898268e-06,9.840203e-05,9.313443e-05,2.2517918e-06,2.0733058e-05,3.255999e-05,4.700364e-07,5.663415e-05,1.7736056e-05,0.0014907849,0.99818003,1.0435734e-06,0.99818003
pamap2,gnn_lstm,sequence,1,101,101,102,1432,1441,1441,10,10,17,17,ironing,ironing,True,6.0275847e-06,9.4183946e-05,9.00469e-05,2.2070826e-06,2.033385e-05,3.4194414e-05,4.3181495e-07,5.498602e-05,1.7183e-05,0.0015497262,0.99812967,9.916511e-07,0.99812967
pamap2,gnn_lstm,sequence,1,101,101,102,1433,1442,1442,10,10,17,17,ironing,ironing,True,4.848238e-06,8.084235e-05,8.213424e-05,1.7675435e-06,1.7782893e-05,2.8932558e-05,3.2306096e-07,4.4591052e-05,1.40114735e-05,0.0013283273,0.9983956,7.928143e-07,0.9983956
pamap2,gnn_lstm,sequence,1,101,101,102,1434,1443,1443,10,10,17,17,ironing,ironing,True,4.7467493e-06,7.838335e-05,8.0741425e-05,1.7913354e-06,1.8114135e-05,3.1223408e-05,3.0661334e-07,4.280704e-05,1.4110733e-05,0.0013121818,0.99841475,8.076422e-07,0.99841475
pamap2,gnn_lstm,sequence,1,101,101,102,1435,1444,1444,10,10,17,17,ironing,ironing,True,4.784919e-06,7.8964986e-05,7.896272e-05,1.887718e-06,1.8530423e-05,3.56193e-05,2.964097e-07,4.153855e-05,1.482558e-05,0.0013366803,0.9983872,8.6063545e-07,0.9983872
pamap2,gnn_lstm,sequence,1,101,101,102,1436,1445,1445,10,10,17,17,ironing,ironing,True,4.571576e-06,7.826633e-05,7.6219025e-05,1.8070787e-06,1.7536846e-05,3.6467438e-05,2.6134083e-07,3.714257e-05,1.4434415e-05,0.0012840998,0.9984484,8.4892014e-07,0.9984484
pamap2,gnn_lstm,sequence,1,101,101,102,1437,1446,1446,10,10,17,17,ironing,ironing,True,4.138136e-06,7.4419586e-05,7.423345e-05,1.6535367e-06,1.6602657e-05,3.399624e-05,2.3659167e-07,3.355816e-05,1.3428763e-05,0.001165643,0.9985813,7.964443e-07,0.9985813
pamap2,gnn_lstm,sequence,1,101,101,102,1438,1447,1447,10,10,17,17,ironing,ironing,True,4.1173694e-06,7.446643e-05,7.551571e-05,1.6401882e-06,1.6650303e-05,3.3149416e-05,2.3054635e-07,3.243492e-05,1.3130749e-05,0.0011296758,0.99861825,7.939181e-07,0.99861825
pamap2,gnn_lstm,sequence,1,101,101,102,1439,1448,1448,10,10,17,17,ironing,ironing,True,5.5864307e-06,9.04203e-05,8.728037e-05,2.3119198e-06,2.030269e-05,5.0097246e-05,3.0473907e-07,3.9860108e-05,1.8085093e-05,0.0014444692,0.9982401,1.1430685e-06,0.9982401
pamap2,gnn_lstm,sequence,1,101,101,102,1440,1449,1449,10,10,17,17,ironing,ironing,True,5.409598e-06,9.0313835e-05,8.9291716e-05,2.149513e-06,1.8450968e-05,4.8171656e-05,2.7731275e-07,3.6261998e-05,1.7471843e-05,0.0014055378,0.9982856,1.1052858e-06,0.9982856
pamap2,gnn_lstm,sequence,1,101,101,102,1441,1450,1450,10,10,17,17,ironing,ironing,True,4.5554225e-06,8.1839906e-05,8.100223e-05,1.7067299e-06,1.5341042e-05,3.7397745e-05,2.1520127e-07,3.0053145e-05,1.4080213e-05,0.0012442418,0.99848866,8.608182e-07,0.99848866
pamap2,gnn_lstm,sequence,1,101,101,102,1442,1451,1451,10,10,17,17,ironing,ironing,True,4.259855e-06,7.823921e-05,7.599711e-05,1.5698864e-06,1.4281722e-05,3.4196648e-05,1.9306977e-07,2.8002656e-05,1.2781169e-05,0.0012150635,0.9985347,7.649717e-07,0.9985347
pamap2,gnn_lstm,sequence,1,101,101,102,1443,1452,1452,10,10,17,17,ironing,ironing,True,3.8966937e-06,7.46039e-05,7.2327966e-05,1.414056e-06,1.30176495e-05,3.0224135e-05,1.6909539e-07,2.5338102e-05,1.1413449e-05,0.0011514948,0.9986154,6.7431665e-07,0.9986154
pamap2,gnn_lstm,sequence,1,101,101,102,1444,1453,1453,10,10,17,17,ironing,ironing,True,3.8172543e-06,7.429013e-05,7.335603e-05,1.3644552e-06,1.2838479e-05,2.8814107e-05,1.6567502e-07,2.4608857e-05,1.117573e-05,0.0011016477,0.99866736,6.651714e-07,0.99866736
pamap2,gnn_lstm,sequence,1,101,101,102,1445,1454,1454,10,10,17,17,ironing,ironing,True,3.508609e-06,7.05466e-05,7.0931594e-05,1.2195032e-06,1.2011527e-05,2.4132412e-05,1.507497e-07,2.2945102e-05,9.989923e-06,0.0009997376,0.99878424,5.92385e-07,0.99878424
pamap2,gnn_lstm,sequence,1,101,101,102,1446,1455,1455,10,10,17,17,ironing,ironing,True,3.5216547e-06,7.088059e-05,7.1922404e-05,1.1869064e-06,1.2076325e-05,2.1359478e-05,1.5079463e-07,2.30145e-05,9.519483e-06,0.0009515499,0.9988343,5.7361115e-07,0.9988343
pamap2,gnn_lstm,sequence,1,101,101,102,1447,1456,1456,10,10,17,17,ironing,ironing,True,3.8144008e-06,7.700405e-05,7.3352385e-05,1.3775967e-06,1.314895e-05,2.0421661e-05,1.8339703e-07,2.6516027e-05,1.0256275e-05,0.00096127467,0.99881196,6.3191084e-07,0.99881196
pamap2,gnn_lstm,sequence,1,101,101,102,1448,1457,1457,10,10,17,17,ironing,ironing,True,5.449982e-06,0.00010021389,8.774821e-05,2.1062913e-06,1.7722894e-05,2.734146e-05,3.14306e-07,3.8976817e-05,1.4742454e-05,0.0012084976,0.9984958,9.554764e-07,0.9984958
pamap2,gnn_lstm,sequence,1,101,101,102,1449,1458,1458,10,10,17,17,ironing,ironing,True,7.296707e-06,0.00012412219,0.00010691891,2.8234172e-06,2.2270036e-05,3.516245e-05,4.7516252e-07,5.3121166e-05,1.9910125e-05,0.0014877726,0.99813867,1.3417556e-06,0.99813867
pamap2,gnn_lstm,sequence,1,101,101,102,1450,1459,1459,10,10,17,17,ironing,ironing,True,1.3911382e-05,0.00018760424,0.00014070688,5.777366e-06,3.462092e-05,7.76563e-05,8.612179e-07,9.213633e-05,3.726669e-05,0.0027858636,0.996621,2.644728e-06,0.996621
pamap2,gnn_lstm,sequence,1,101,101,102,1451,1460,1460,10,10,17,17,ironing,ironing,True,1.0684823e-05,0.00016057763,0.00013219469,3.640025e-06,2.5018566e-05,5.3002295e-05,5.215127e-07,6.468598e-05,2.5106234e-05,0.0024297761,0.9970931,1.7058858e-06,0.9970931
pamap2,gnn_lstm,sequence,1,101,101,102,1452,1461,1461,10,10,17,17,ironing,ironing,True,8.228392e-06,0.00013693067,0.00012221612,2.4253825e-06,1.9734842e-05,3.6117406e-05,3.5642466e-07,4.8080296e-05,1.7900295e-05,0.0019497153,0.99765694,1.1943191e-06,0.99765694
pamap2,gnn_lstm,sequence,1,101,101,102,1453,1462,1462,10,10,17,17,ironing,ironing,True,5.8457567e-06,0.000112634305,0.00010371025,1.7130643e-06,1.6050393e-05,2.4011184e-05,2.6804602e-07,3.7853722e-05,1.3252334e-05,0.0014478912,0.99823594,8.446206e-07,0.99823594
pamap2,gnn_lstm,sequence,1,101,101,102,1454,1463,1463,10,10,17,17,ironing,ironing,True,5.260221e-06,0.00010505924,9.383472e-05,1.6252864e-06,1.5618194e-05,2.164184e-05,2.7614178e-07,3.776521e-05,1.25668885e-05,0.0013220304,0.99838364,7.8354526e-07,0.99838364
pamap2,gnn_lstm,sequence,1,101,101,102,1455,1464,1464,10,10,17,17,ironing,ironing,True,4.847194e-06,9.461622e-05,8.565962e-05,1.5940051e-06,1.4936673e-05,2.2154863e-05,2.5522132e-07,3.6591693e-05,1.1902855e-05,0.0013338655,0.9983929,7.0785165e-07,0.9983929
pamap2,gnn_lstm,sequence,1,101,101,102,1456,1465,1465,10,10,17,17,ironing,ironing,True,5.117144e-06,9.345766e-05,8.4824125e-05,1.8526282e-06,1.6354323e-05,2.7403074e-05,2.7085753e-07,3.9187413e-05,1.3024138e-05,0.0014721432,0.9982456,7.6710074e-07,0.9982456
pamap2,gnn_lstm,sequence,1,101,101,102,1457,1466,1466,10,10,17,17,ironing,ironing,True,9.058165e-06,0.0001316829,9.779554e-05,3.8280537e-06,2.5443362e-05,7.003003e-05,4.1673556e-07,5.8984246e-05,2.462605e-05,0.002515231,0.9970613,1.528822e-06,0.9970613
pamap2,gnn_lstm,sequence,1,101,101,102,1458,1467,1467,10,10,17,17,ironing,ironing,True,1.1699623e-05,0.0001597438,0.000110148765,5.1246534e-06,3.102903e-05,0.000115037634,4.5999056e-07,6.508869e-05,3.3098848e-05,0.0031739292,0.99629253,2.1253832e-06,0.99629253
pamap2,gnn_lstm,sequence,1,101,101,102,1459,1468,1468,10,10,17,17,ironing,ironing,True,1.3541076e-05,0.00018167624,0.00012551936,5.2592122e-06,3.2786927e-05,0.00012467649,4.3710332e-07,6.172422e-05,3.3680295e-05,0.0033106424,0.99610776,2.2644217e-06,0.99610776
pamap2,gnn_lstm,sequence,1,101,101,102,1460,1469,1469,10,10,17,17,ironing,ironing,True,1.7606751e-05,0.00022018758,0.00014692575,6.0547573e-06,3.986483e-05,0.0001344671,5.0526296e-07,6.8109395e-05,3.7203565e-05,0.0034366322,0.99588984,2.7175668e-06,0.99588984
pamap2,gnn_lstm,sequence,1,101,101,102,1461,1470,1470,10,10,17,17,ironing,ironing,True,2.3149516e-05,0.00027239663,0.00018139453,7.4098975e-06,5.2387353e-05,0.00016048364,7.1462716e-07,8.22087e-05,4.631769e-05,0.003541876,0.995628,3.6414629e-06,0.995628
pamap2,gnn_lstm,sequence,1,101,101,102,1462,1471,1471,10,10,17,17,ironing,ironing,True,4.222833e-05,0.0004113542,0.00025552942,1.30890385e-05,8.994794e-05,0.00027961537,1.3570806e-06,0.00013227822,7.522552e-05,0.004945741,0.99374723,6.433144e-06,0.99374723
pamap2,gnn_lstm,sequence,1,101,101,102,1463,1472,1472,10,10,17,17,ironing,ironing,True,4.597881e-05,0.00043957785,0.00027350214,1.4053147e-05,9.107052e-05,0.00025414745,1.6297173e-06,0.00014232035,7.664944e-05,0.00501844,0.993636,6.6022685e-06,0.993636
pamap2,gnn_lstm,sequence,1,101,101,102,1464,1473,1473,10,10,17,17,ironing,ironing,True,2.5642166e-05,0.00030969715,0.0002047397,8.259883e-06,5.372269e-05,0.00013321763,1.0751645e-06,9.25532e-05,4.741196e-05,0.003558664,0.99556136,3.720412e-06,0.99556136
pamap2,gnn_lstm,sequence,1,101,101,102,1465,1474,1474,10,10,17,17,ironing,ironing,True,2.0377973e-05,0.00027024958,0.00017627755,7.07957e-06,4.349503e-05,0.000111735535,8.9871196e-07,8.14314e-05,3.7807808e-05,0.003668067,0.9955799,2.6280036e-06,0.9955799
pamap2,gnn_lstm,sequence,1,101,101,102,1466,1475,1475,10,10,17,17,ironing,ironing,True,2.7135819e-05,0.0003168083,0.00019264953,1.0342944e-05,5.1437066e-05,0.00017003516,1.1840326e-06,0.000114846545,4.5814388e-05,0.0064259125,0.99264103,2.7888275e-06,0.99264103
pamap2,gnn_lstm,sequence,1,101,101,102,1467,1476,1476,10,10,17,17,ironing,ironing,True,1.8312567e-05,0.00024077743,0.00014669664,8.11514e-06,4.0887935e-05,0.00012630191,9.971856e-07,9.571046e-05,4.0116367e-05,0.0044355174,0.9948442,2.4701533e-06,0.9948442
pamap2,gnn_lstm,sequence,1,101,101,102,1468,1477,1477,10,10,17,17,ironing,ironing,True,2.6749596e-05,0.0002960141,0.00015925828,1.38133355e-05,5.468994e-05,0.00021184832,1.5954301e-06,0.00015441644,6.298256e-05,0.007010253,0.9920046,3.867001e-06,0.9920046
pamap2,gnn_lstm,sequence,1,101,101,102,1469,1478,1478,10,10,17,17,ironing,ironing,True,2.2256654e-05,0.0002582508,0.00014842956,1.0816872e-05,4.8685706e-05,0.00018892426,1.2969882e-06,0.00013782493,5.4932505e-05,0.0064359307,0.9926893,3.2921494e-06,0.9926893
pamap2,gnn_lstm,sequence,1,101,101,102,1470,1479,1479,10,10,17,17,ironing,ironing,True,1.082129e-05,0.0001587645,0.00010833356,4.582879e-06,2.8921571e-05,8.95867e-05,5.4416677e-07,7.023396e-05,2.8011225e-05,0.003377027,0.99612147,1.6653615e-06,0.99612147
pamap2,gnn_lstm,sequence,1,101,101,102,1471,1480,1480,10,10,17,17,ironing,ironing,True,6.3241837e-06,0.00011140069,8.824832e-05,2.4553713e-06,1.8821362e-05,4.71282e-05,3.01682e-07,4.218928e-05,1.677932e-05,0.0020029983,0.9976623,9.896405e-07,0.9976623
pamap2,gnn_lstm,sequence,1,101,101,102,1472,1481,1481,10,10,17,17,ironing,ironing,True,6.3402485e-06,0.000109555265,9.352653e-05,2.3852697e-06,1.9559202e-05,4.6338657e-05,3.0272597e-07,4.0476003e-05,1.7087845e-05,0.0017734063,0.99788994,1.0760526e-06,0.99788994
pamap2,gnn_lstm,sequence,1,101,101,102,1473,1482,1482,10,10,17,17,ironing,ironing,True,8.741987e-06,0.0001408789,0.00011809113,3.426769e-06,2.7236258e-05,6.139477e-05,4.6231827e-07,5.2543837e-05,2.4197276e-05,0.0019045805,0.9976567,1.7354778e-06,0.9976567
pamap2,gnn_lstm,sequence,1,101,101,102,1474,1483,1483,10,10,17,17,ironing,ironing,True,7.038788e-06,0.00013851027,0.00010837665,2.8340992e-06,2.331788e-05,3.595831e-05,4.002944e-07,4.4421773e-05,1.8623447e-05,0.0013969524,0.9982222,1.3868116e-06,0.9982222
pamap2,gnn_lstm,sequence,1,101,101,102,1475,1484,1484,10,10,17,17,ironing,ironing,True,7.648803e-06,0.00014876692,0.00011153748,3.1781494e-06,2.4886425e-05,3.401766e-05,4.812724e-07,5.14367e-05,1.9790486e-05,0.0014521851,0.9981446,1.4854547e-06,0.9981446
pamap2,gnn_lstm,sequence,1,101,101,102,1476,1485,1485,10,10,17,17,ironing,ironing,True,8.3526975e-06,0.0001544609,0.000117851196,3.2660917e-06,2.6029136e-05,3.3556338e-05,5.140251e-07,5.6543355e-05,2.0317806e-05,0.0015578903,0.9980197,1.5408809e-06,0.9980197
pamap2,gnn_lstm,sequence,1,101,101,102,1477,1486,1486,10,10,17,17,ironing,ironing,True,7.1063077e-06,0.00014322298,0.00011728031,2.549398e-06,2.248992e-05,2.5516762e-05,4.1315096e-07,4.8000322e-05,1.6834407e-05,0.0013222384,0.9982931,1.2634839e-06,0.9982931
pamap2,gnn_lstm,sequence,1,101,101,102,1478,1487,1487,10,10,17,17,ironing,ironing,True,8.160435e-06,0.00018885889,0.00014897554,2.8821826e-06,2.7120375e-05,2.0977235e-05,5.191445e-07,5.230741e-05,1.8615541e-05,0.0011240927,0.9984059,1.6362214e-06,0.9984059
pamap2,gnn_lstm,sequence,1,101,101,102,1479,1488,1488,10,10,17,17,ironing,ironing,True,1.2388369e-05,0.00028188835,0.00020967949,4.579236e-06,4.2938325e-05,2.6945356e-05,9.366846e-07,7.9556674e-05,2.8490327e-05,0.0012712273,0.9980386,2.9145533e-06,0.9980386
pamap2,gnn_lstm,sequence,1,101,101,102,1480,1489,1489,10,10,17,17,ironing,ironing,True,1.8617846e-05,0.00039621128,0.0002922995,7.1423665e-06,6.793493e-05,3.7214802e-05,1.6250323e-06,0.00012082586,4.3073695e-05,0.0015037286,0.9975063,5.023682e-06,0.9975063
pamap2,gnn_lstm,sequence,1,101,101,102,1481,1490,1490,10,10,17,17,ironing,ironing,True,4.195021e-05,0.0009891939,0.0007078683,1.694027e-05,0.00015111288,5.6910445e-05,4.7960502e-06,0.00024540865,9.531316e-05,0.0019486031,0.9957272,1.474637e-05,0.9957272
pamap2,gnn_lstm,sequence,1,101,101,102,1482,1491,1491,10,10,17,17,ironing,ironing,True,0.00019600648,0.005509858,0.0035631545,8.265347e-05,0.0005949841,0.00016787963,3.6663263e-05,0.0008701967,0.00041633268,0.004017836,0.9844385,0.00010602595,0.9844385
pamap2,gnn_lstm,sequence,1,101,101,102,1483,1492,1492,10,10,17,17,ironing,ironing,True,0.0009875601,0.039738186,0.022673478,0.0003588144,0.0018682086,0.00057374756,0.0002541695,0.0027073913,0.0017594983,0.010125571,0.9182632,0.0006901333,0.9182632
pamap2,gnn_lstm,sequence,1,101,101,102,1484,1493,1493,9,10,16,17,vacuum_cleaning,ironing,False,0.0017718214,0.035467092,0.03259708,0.00087226945,0.0032507577,0.001722082,0.0007236148,0.006662474,0.004016566,0.023495259,0.8880897,0.0013312487,0.8880897
pamap2,gnn_lstm,sequence,1,101,101,102,1485,1494,1494,9,10,16,17,vacuum_cleaning,ironing,False,0.0035518692,0.055108517,0.06792674,0.0014237803,0.004365802,0.004445122,0.0014972707,0.010643968,0.007235534,0.050636087,0.79070604,0.0024591852,0.79070604
pamap2,gnn_lstm,sequence,1,101,101,102,1486,1495,1495,9,10,16,17,vacuum_cleaning,ironing,False,0.0048127435,0.08058292,0.1483523,0.0012641519,0.0048488462,0.0062416806,0.0017474983,0.01015622,0.008150318,0.05904409,0.6718257,0.002973536,0.6718257
pamap2,gnn_lstm,sequence,1,101,101,102,1487,1496,1496,9,2,16,3,vacuum_cleaning,standing,False,0.0051456857,0.16991122,0.38363555,0.0008320138,0.0036167752,0.0046197763,0.0012773474,0.005672808,0.0067439987,0.039346837,0.37582824,0.0033697365,0.38363555
pamap2,gnn_lstm,sequence,1,101,101,102,1488,1497,1497,9,10,16,17,vacuum_cleaning,ironing,False,0.0041123875,0.10676553,0.25133064,0.000932406,0.003856641,0.006234412,0.0010589088,0.0066074436,0.0077289776,0.047668386,0.5607689,0.0029353956,0.5607689
pamap2,gnn_lstm,sequence,1,101,101,102,1489,1498,1498,9,10,16,17,vacuum_cleaning,ironing,False,0.0031065785,0.08468541,0.18009448,0.0007542077,0.00330833,0.0072677936,0.00077262294,0.0053661307,0.0072152424,0.044716477,0.66029406,0.002418618,0.66029406
pamap2,gnn_lstm,sequence,1,101,101,102,1490,1499,1499,9,10,16,17,vacuum_cleaning,ironing,False,0.0024863181,0.075460516,0.13359354,0.00063513283,0.0033287657,0.009004517,0.00063312775,0.0044238153,0.00702394,0.03868167,0.72243226,0.0022964354,0.72243226
pamap2,gnn_lstm,sequence,1,101,101,102,1491,1500,1500,9,10,16,17,vacuum_cleaning,ironing,False,0.0012650631,0.023850814,0.030012721,0.0006879862,0.0029559543,0.01474992,0.00028721616,0.0043056877,0.006804296,0.042822845,0.87076676,0.0014907678,0.87076676
pamap2,gnn_lstm,sequence,1,101,101,102,1492,1501,1501,9,10,16,17,vacuum_cleaning,ironing,False,0.0038944872,0.02006762,0.008392817,0.0027997314,0.00604911,0.061167974,0.00023816492,0.010739809,0.009071235,0.15999271,0.71567535,0.0019109725,0.71567535
pamap2,gnn_lstm,sequence,1,101,101,102,1493,1502,1502,9,9,16,16,vacuum_cleaning,vacuum_cleaning,True,0.020711014,0.03316008,0.004002126,0.0065993415,0.011683905,0.10507571,0.00028008854,0.02426732,0.0068184957,0.46721715,0.31759515,0.0025896113,0.46721715
pamap2,gnn_lstm,sequence,1,101,101,102,1494,1503,1503,9,9,16,16,vacuum_cleaning,vacuum_cleaning,True,0.09375596,0.04205842,0.00168178,0.011047173,0.03140563,0.21513163,0.0004128035,0.06280485,0.0074316966,0.45443523,0.07525743,0.0045773345,0.45443523
pamap2,gnn_lstm,sequence,1,101,101,102,1495,1504,1504,9,0,16,1,vacuum_cleaning,lying,False,0.26494673,0.028050985,0.0005526136,0.007831384,0.0662214,0.2273339,0.00057992747,0.15167826,0.0055417893,0.22883248,0.01437097,0.0040596346,0.26494673
pamap2,gnn_lstm,sequence,1,101,101,102,1496,1505,1505,9,0,16,1,vacuum_cleaning,lying,False,0.3231722,0.010901844,0.00015316714,0.004586976,0.06603155,0.1747361,0.0005362038,0.30116817,0.0036889864,0.11036508,0.0030145964,0.0016451777,0.3231722
pamap2,gnn_lstm,sequence,1,101,101,102,1497,1506,1506,9,7,16,12,vacuum_cleaning,ascending_stairs,False,0.21781886,0.0033893657,4.9016675e-05,0.0027222773,0.039427523,0.17431183,0.00033137732,0.45223773,0.0024316015,0.10565256,0.0012189678,0.00040885832,0.45223773
pamap2,gnn_lstm,sequence,1,101,101,102,1498,1507,1507,9,7,16,12,vacuum_cleaning,ascending_stairs,False,0.16432886,0.0016570081,2.350016e-05,0.0013382871,0.019873502,0.2006737,0.00017403842,0.43777445,0.0013092447,0.1717812,0.0009597878,0.000106397594,0.43777445
pamap2,gnn_lstm,sequence,1,101,101,102,1499,1508,1508,9,9,16,16,vacuum_cleaning,vacuum_cleaning,True,0.07003232,0.0008563832,1.2802307e-05,0.0007535855,0.00522652,0.2731631,5.5088003e-05,0.21248351,0.00067763124,0.43577704,0.00093850726,2.352065e-05,0.43577704
pamap2,gnn_lstm,sequence,1,101,101,102,1500,1509,1509,9,9,16,16,vacuum_cleaning,vacuum_cleaning,True,0.013181196,0.00031381138,5.0278413e-06,0.00013406535,0.00023154166,0.08104379,6.9209405e-06,0.019091945,8.796095e-05,0.88546413,0.00043775246,1.9152342e-06,0.88546413
pamap2,gnn_lstm,sequence,1,101,101,102,1501,1510,1510,9,9,16,16,vacuum_cleaning,vacuum_cleaning,True,0.0021910022,9.754331e-05,1.638231e-06,1.9128593e-05,9.4935185e-06,0.0070342557,1.0054382e-06,0.0022118296,9.125128e-06,0.9883102,0.000114524235,1.7892339e-07,0.9883102
pamap2,gnn_lstm,sequence,1,101,101,102,1502,1511,1511,9,9,16,16,vacuum_cleaning,vacuum_cleaning,True,0.0045688674,0.00013945112,3.6088481e-06,0.00023846846,0.00029761464,0.30607134,4.7638387e-06,0.014471811,0.00014489189,0.67372775,0.00032977856,1.6723556e-06,0.67372775
pamap2,gnn_lstm,sequence,1,101,101,102,1503,1512,1512,9,5,16,6,vacuum_cleaning,cycling,False,8.816597e-05,5.5365686e-06,1.6358692e-07,6.834816e-05,0.00011670139,0.99173063,1.6385219e-07,0.00052797294,0.000110221656,0.0073133297,3.795426e-05,8.613995e-07,0.99173063
pamap2,gnn_lstm,sequence,1,101,101,102,1504,1513,1513,9,5,16,6,vacuum_cleaning,cycling,False,9.0320464e-05,6.689696e-06,1.6148903e-07,8.181655e-05,0.00010119908,0.9897887,1.4100645e-07,0.00044366697,8.698295e-05,0.009358083,4.1379415e-05,7.4586796e-07,0.9897887
pamap2,gnn_lstm,sequence,1,101,101,102,1505,1514,1514,9,5,16,6,vacuum_cleaning,cycling,False,0.00035571176,2.8682414e-05,5.605946e-07,0.00019224874,0.0001415068,0.93382347,4.509378e-07,0.001048332,9.605834e-05,0.06419827,0.00011362716,1.1348301e-06,0.93382347
pamap2,gnn_lstm,sequence,1,101,101,102,1506,1515,1515,9,5,16,6,vacuum_cleaning,cycling,False,0.0011887833,0.00010519754,1.7429935e-06,0.00037747386,0.0001584523,0.55223095,1.3708077e-06,0.0027066274,9.445795e-05,0.4428354,0.0002981309,1.3910317e-06,0.55223095
pamap2,gnn_lstm,sequence,1,101,101,102,1507,1516,1516,9,9,16,16,vacuum_cleaning,vacuum_cleaning,True,0.00043893955,7.3711766e-05,9.540659e-07,5.174187e-05,5.6230892e-06,0.008633548,2.9738678e-07,0.0004898878,5.4890447e-06,0.99017835,0.000121352845,1.3691714e-07,0.99017835
pamap2,gnn_lstm,sequence,1,101,101,102,1508,1517,1517,9,9,16,16,vacuum_cleaning,vacuum_cleaning,True,0.00017180498,6.8289715e-05,6.7296924e-07,7.811142e-06,5.784105e-07,0.0005475179,8.586546e-08,0.00010907141,1.2086848e-06,0.99902844,6.450888e-05,5.185147e-08,0.99902844
pamap2,gnn_lstm,sequence,1,101,101,102,1509,1518,1518,9,9,16,16,vacuum_cleaning,vacuum_cleaning,True,0.00034261745,0.00015060468,1.6853994e-06,7.755988e-06,8.038854e-07,0.0004252988,1.2984586e-07,0.00014421335,1.6171736e-06,0.99883586,8.926513e-05,9.8774926e-08,0.99883586
pamap2,gnn_lstm,sequence,1,101,101,102,1510,1519,1519,9,9,16,16,vacuum_cleaning,vacuum_cleaning,True,0.0014270591,0.00059944956,9.256518e-06,3.359871e-05,4.948896e-06,0.0011349623,6.302096e-07,0.0005233031,7.362506e-06,0.99605834,0.00020050227,6.571417e-07,0.99605834
pamap2,gnn_lstm,sequence,1,101,101,102,1511,1520,1520,9,9,16,16,vacuum_cleaning,vacuum_cleaning,True,0.00061512314,0.0002881077,2.999422e-06,1.35553e-05,1.400892e-06,0.0005644208,2.0578516e-07,0.00018387493,2.3808118e-06,0.9982198,0.00010791723,2.1064612e-07,0.9982198
pamap2,gnn_lstm,sequence,1,101,101,102,1512,1521,1521,9,9,16,16,vacuum_cleaning,vacuum_cleaning,True,0.00012646956,9.9917794e-05,9.050171e-07,6.425012e-06,2.750676e-07,0.00017916811,6.8764145e-08,7.14812e-05,9.778879e-07,0.99944395,7.021726e-05,5.7093654e-08,0.99944395
pamap2,gnn_lstm,sequence,1,101,101,102,1513,1522,1522,9,9,16,16,vacuum_cleaning,vacuum_cleaning,True,6.639949e-05,5.545467e-05,4.2272586e-07,4.4385506e-06,1.4133518e-07,0.00013287201,3.449005e-08,4.596793e-05,5.8851987e-07,0.9996351,5.865795e-05,2.7404143e-08,0.9996351
pamap2,gnn_lstm,sequence,1,101,101,102,1514,1523,1523,9,9,16,16,vacuum_cleaning,vacuum_cleaning,True,6.976383e-05,5.7380854e-05,4.5216268e-07,4.5876295e-06,1.4804897e-07,0.00013526496,3.5859095e-08,4.7527545e-05,6.0936725e-07,0.99962676,5.729768e-05,2.8525037e-08,0.99962676
pamap2,gnn_lstm,sequence,1,101,101,102,1515,1524,1524,9,9,16,16,vacuum_cleaning,vacuum_cleaning,True,7.4698124e-05,5.67683e-05,4.1483486e-07,5.4285947e-06,1.6373484e-07,0.000158643,3.40753e-08,4.9678503e-05,6.2669386e-07,0.99959725,5.629113e-05,2.9511265e-08,0.99959725
pamap2,gnn_lstm,sequence,1,101,101,102,1516,1525,1525,9,9,16,16,vacuum_cleaning,vacuum_cleaning,True,7.680749e-05,6.5815e-05,4.619645e-07,7.191766e-06,1.8198595e-07,0.00016891146,3.5724668e-08,5.4374254e-05,7.3963645e-07,0.99956363,6.173244e-05,3.5096292e-08,0.99956363
pamap2,gnn_lstm,sequence,1,101,101,102,1517,1526,1526,9,9,16,16,vacuum_cleaning,vacuum_cleaning,True,7.239504e-05,6.0940303e-05,4.4709205e-07,6.321545e-06,1.651712e-07,0.00015661954,3.444206e-08,5.0427807e-05,6.8227905e-07,0.9995931,5.889853e-05,3.185752e-08,0.9995931
pamap2,gnn_lstm,sequence,1,101,101,102,1518,1527,1527,9,9,16,16,vacuum_cleaning,vacuum_cleaning,True,7.188677e-05,5.923274e-05,4.6227387e-07,5.3942795e-06,1.6177815e-07,0.00015179496,3.4487684e-08,4.767152e-05,6.4060583e-07,0.99960274,5.99085e-05,3.0464953e-08,0.99960274
pamap2,gnn_lstm,sequence,1,101,101,102,1519,1528,1528,9,9,16,16,vacuum_cleaning,vacuum_cleaning,True,9.87742e-05,7.6351906e-05,6.2140646e-07,5.457413e-06,2.0124152e-07,0.00016063657,4.486316e-08,5.3127387e-05,7.090433e-07,0.99954444,5.958531e-05,3.9816133e-08,0.99954444
pamap2,gnn_lstm,sequence,1,101,101,102,1520,1529,1529,9,9,16,16,vacuum_cleaning,vacuum_cleaning,True,0.00010309554,7.982234e-05,6.3398517e-07,4.8455418e-06,1.9867684e-07,0.00015852375,4.5696805e-08,4.800496e-05,6.553751e-07,0.99954045,6.379043e-05,4.063412e-08,0.99954045
pamap2,gnn_lstm,sequence,1,101,101,102,1521,1530,1530,9,9,16,16,vacuum_cleaning,vacuum_cleaning,True,0.00013760508,9.4618525e-05,7.007065e-07,4.5359925e-06,2.1244112e-07,0.00015690405,5.338261e-08,5.3893094e-05,6.7687455e-07,0.99948907,6.16232e-05,4.55826e-08,0.99948907
pamap2,gnn_lstm,sequence,1,101,101,102,1522,1531,1531,9,9,16,16,vacuum_cleaning,vacuum_cleaning,True,0.00017963372,0.0001025037,7.599563e-07,5.278263e-06,2.5761352e-07,0.00017841757,6.271291e-08,7.790021e-05,8.39167e-07,0.99939656,5.7668232e-05,4.9675133e-08,0.99939656
pamap2,gnn_lstm,sequence,1,101,101,102,1523,1532,1532,9,9,16,16,vacuum_cleaning,vacuum_cleaning,True,0.00017671913,0.00011017955,9.2088584e-07,5.246256e-06,2.7567094e-07,0.00016724906,7.0301546e-08,8.427715e-05,9.4165654e-07,0.9993882,6.5746375e-05,5.4465513e-08,0.9993882
pamap2,gnn_lstm,sequence,1,101,101,102,1524,1533,1533,9,9,16,16,vacuum_cleaning,vacuum_cleaning,True,0.00012890545,8.5949345e-05,6.8412015e-07,4.6087152e-06,2.0337163e-07,0.00014322097,5.2846634e-08,6.5301494e-05,7.379938e-07,0.9995128,5.754687e-05,4.0967468e-08,0.9995128
pamap2,gnn_lstm,sequence,1,101,101,102,1525,1534,1534,9,9,16,16,vacuum_cleaning,vacuum_cleaning,True,0.0001025442,7.256005e-05,5.3612797e-07,4.8180937e-06,1.7502269e-07,0.00013989717,4.0596372e-08,5.8028385e-05,6.614087e-07,0.9995646,5.6029432e-05,3.419509e-08,0.9995646
pamap2,gnn_lstm,sequence,1,101,101,102,1526,1535,1535,9,9,16,16,vacuum_cleaning,vacuum_cleaning,True,9.722284e-05,6.7252375e-05,4.931568e-07,5.7282173e-06,1.928596e-07,0.00016576167,3.7723165e-08,6.427244e-05,7.293975e-07,0.99953794,6.043131e-05,3.3558077e-08,0.99953794
pamap2,gnn_lstm,sequence,1,101,101,102,1527,1536,1536,9,9,16,16,vacuum_cleaning,vacuum_cleaning,True,8.022616e-05,5.7283516e-05,4.3835047e-07,4.8405777e-06,1.6481908e-07,0.00014881768,3.720383e-08,5.933009e-05,6.8110114e-07,0.9995875,6.064261e-05,2.8886744e-08,0.9995875
pamap2,gnn_lstm,sequence,1,101,101,102,1528,1537,1537,9,9,16,16,vacuum_cleaning,vacuum_cleaning,True,8.027757e-05,6.260854e-05,5.3862357e-07,4.3980276e-06,1.6770315e-07,0.00013604172,4.188522e-08,5.803473e-05,7.110651e-07,0.9995881,6.910881e-05,3.164951e-08,0.9995881
pamap2,gnn_lstm,sequence,1,101,101,102,1529,1538,1538,9,9,16,16,vacuum_cleaning,vacuum_cleaning,True,8.954448e-05,6.8872876e-05,6.3501386e-07,3.6559466e-06,1.7432448e-07,0.00012967757,5.0577505e-08,5.4162872e-05,6.8928193e-07,0.99957854,7.394733e-05,3.530273e-08,0.99957854
pamap2,gnn_lstm,sequence,1,101,101,102,1530,1539,1539,9,9,16,16,vacuum_cleaning,vacuum_cleaning,True,0.00014826159,0.000120337114,1.3098297e-06,4.9012797e-06,2.9835448e-07,0.0001562574,9.015047e-08,7.4604664e-05,1.0757649e-06,0.9993925,0.000100208184,6.892697e-08,0.9993925
pamap2,gnn_lstm,sequence,1,101,101,102,1531,1540,1540,9,9,16,16,vacuum_cleaning,vacuum_cleaning,True,0.00016911396,0.00014896867,1.6651433e-06,5.7674783e-06,3.492051e-07,0.00016637988,1.0803353e-07,7.4233976e-05,1.216718e-06,0.99932003,0.00011215829,9.124271e-08,0.99932003
pamap2,gnn_lstm,sequence,1,101,101,102,1532,1541,1541,9,9,16,16,vacuum_cleaning,vacuum_cleaning,True,0.00017602528,0.00013188588,1.2383672e-06,4.743983e-06,2.87017e-07,0.00015687382,9.079771e-08,6.192637e-05,9.1100463e-07,0.99938047,8.549596e-05,7.405945e-08,0.99938047
pamap2,gnn_lstm,sequence,1,101,101,102,1533,1542,1542,9,9,16,16,vacuum_cleaning,vacuum_cleaning,True,0.00022019802,0.00014648946,1.3063556e-06,4.930549e-06,3.1644694e-07,0.00016687842,1.044256e-07,6.805815e-05,9.491639e-07,0.9993136,7.704104e-05,8.257421e-08,0.9993136
pamap2,gnn_lstm,sequence,1,101,101,102,1534,1543,1543,9,9,16,16,vacuum_cleaning,vacuum_cleaning,True,0.00018629868,9.144952e-05,7.179618e-07,4.7719254e-06,2.6624593e-07,0.00020183534,8.522361e-08,6.84365e-05,8.134533e-07,0.99938905,5.61122e-05,5.512062e-08,0.99938905
pamap2,gnn_lstm,sequence,1,101,101,102,1535,1544,1544,9,9,16,16,vacuum_cleaning,vacuum_cleaning,True,0.00022284944,7.646181e-05,5.889725e-07,7.5755897e-06,4.0339788e-07,0.00040916793,1.1033798e-07,9.892157e-05,1.0927305e-06,0.99913496,4.786035e-05,5.7835546e-08,0.99913496
pamap2,gnn_lstm,sequence,1,101,101,102,1536,1545,1545,9,9,16,16,vacuum_cleaning,vacuum_cleaning,True,0.00024840437,8.203428e-05,5.908122e-07,1.2646368e-05,6.003576e-07,0.000737798,1.2698808e-07,0.0001379786,1.5148075e-06,0.9987311,4.7120324e-05,6.585291e-08,0.9987311
pamap2,gnn_lstm,sequence,1,101,101,102,1537,1546,1546,9,9,16,16,vacuum_cleaning,vacuum_cleaning,True,0.00029395515,8.646314e-05,7.1756983e-07,1.6409987e-05,9.956459e-07,0.0013389954,1.6133185e-07,0.00019153491,2.1198596e-06,0.99800843,6.002747e-05,8.0101444e-08,0.99800843
pamap2,gnn_lstm,sequence,1,101,101,102,1538,1547,1547,9,9,16,16,vacuum_cleaning,vacuum_cleaning,True,0.00029646282,8.338402e-05,7.771155e-07,1.4945626e-05,1.1150504e-06,0.001470999,1.5803695e-07,0.00019351549,2.122431e-06,0.99787056,6.5812645e-05,7.8639026e-08,0.99787056
pamap2,gnn_lstm,sequence,1,101,101,102,1539,1548,1548,9,9,16,16,vacuum_cleaning,vacuum_cleaning,True,0.0003001727,9.263547e-05,8.6741255e-07,1.4002199e-05,1.0967286e-06,0.0013022933,1.4423726e-07,0.00016542684,1.91086e-06,0.9980508,7.047913e-05,8.326234e-08,0.9980508
pamap2,gnn_lstm,sequence,1,101,101,102,1540,1549,1549,9,9,16,16,vacuum_cleaning,vacuum_cleaning,True,0.00036159426,0.00011442019,1.0533967e-06,1.714244e-05,1.4101828e-06,0.0016190176,1.5701112e-07,0.00016778035,2.1135015e-06,0.99763095,8.42069e-05,1.05967636e-07,0.99763095
pamap2,gnn_lstm,sequence,1,101,101,102,1541,1550,1550,9,9,16,16,vacuum_cleaning,vacuum_cleaning,True,0.00037888341,0.00012283053,1.1687097e-06,2.3468858e-05,1.6694805e-06,0.0019167112,1.7670389e-07,0.00018172282,2.5285474e-06,0.9972796,9.1232556e-05,1.271821e-07,0.9972796
pamap2,gnn_lstm,sequence,1,101,101,102,1542,1551,1551,9,9,16,16,vacuum_cleaning,vacuum_cleaning,True,0.00049253117,0.0001462685,1.5562571e-06,8.262327e-05,4.919779e-06,0.007623839,3.1261683e-07,0.00032206473,5.8674304e-06,0.99116546,0.00015433643,2.3639632e-07,0.99116546
pamap2,gnn_lstm,sequence,1,101,101,102,1543,1552,1552,9,9,16,16,vacuum_cleaning,vacuum_cleaning,True,0.0010710703,0.00030560512,3.5949927e-06,0.0002986172,4.2091797e-05,0.11461743,9.1273256e-07,0.0007799518,3.6381203e-05,0.8823523,0.00049063767,1.4362954e-06,0.8823523
pamap2,gnn_lstm,sequence,1,101,101,102,1544,1553,1553,9,9,16,16,vacuum_cleaning,vacuum_cleaning,True,0.0009794944,0.0003226283,3.7170746e-06,0.00029620752,4.5123477e-05,0.12252176,8.173729e-07,0.00070136,3.4720262e-05,0.8744805,0.0006122401,1.4824528e-06,0.8744805
pamap2,gnn_lstm,sequence,1,101,101,102,1545,1554,1554,9,9,16,16,vacuum_cleaning,vacuum_cleaning,True,0.00095955847,0.0003024079,3.6912616e-06,0.00036915348,6.202034e-05,0.19077414,8.359362e-07,0.0007397112,4.325945e-05,0.80605936,0.0006841396,1.767953e-06,0.80605936
pamap2,gnn_lstm,sequence,1,101,101,102,1546,1555,1555,9,9,16,16,vacuum_cleaning,vacuum_cleaning,True,0.00032964832,0.00013560528,1.6596479e-06,6.157751e-05,4.0027794e-06,0.005310509,2.548954e-07,0.00021966978,4.729606e-06,0.9937127,0.00021929594,2.1911876e-07,0.9937127
pamap2,gnn_lstm,sequence,1,101,101,102,1547,1556,1556,9,9,16,16,vacuum_cleaning,vacuum_cleaning,True,9.183301e-05,6.0260085e-05,5.7901775e-07,9.158396e-06,3.3883916e-07,0.00035899036,5.7409974e-08,6.935258e-05,1.0559617e-06,0.9993309,7.758696e-05,4.4877023e-08,0.9993309
pamap2,gnn_lstm,sequence,1,101,101,102,1548,1557,1557,9,9,16,16,vacuum_cleaning,vacuum_cleaning,True,7.683788e-05,5.64999e-05,5.232891e-07,1.22740275e-05,3.334826e-07,0.00038088294,5.604714e-08,7.056018e-05,1.143601e-06,0.9993253,7.5606666e-05,4.4657664e-08,0.9993253
pamap2,gnn_lstm,sequence,1,101,101,102,1549,1558,1558,9,9,16,16,vacuum_cleaning,vacuum_cleaning,True,7.912532e-05,5.6813617e-05,5.382171e-07,2.551836e-05,5.7121383e-07,0.0007685134,7.663886e-08,9.8049015e-05,1.7536295e-06,0.99888426,8.4732e-05,5.7454514e-08,0.99888426
pamap2,gnn_lstm,sequence,1,101,101,102,1550,1559,1559,9,9,16,16,vacuum_cleaning,vacuum_cleaning,True,5.0256673e-05,4.384728e-05,3.6625707e-07,2.3476225e-05,3.4790335e-07,0.0004893713,5.355785e-08,9.170397e-05,1.5029892e-06,0.999238,6.115574e-05,3.699612e-08,0.999238
pamap2,gnn_lstm,sequence,1,101,101,102,1551,1560,1560,9,9,16,16,vacuum_cleaning,vacuum_cleaning,True,4.9952094e-05,4.929801e-05,3.5271063e-07,0.00012592974,1.1302725e-06,0.0021106517,8.894259e-08,0.00021115386,3.7124873e-06,0.9973737,7.3920295e-05,5.5830455e-08,0.9973737
pamap2,gnn_lstm,sequence,1,101,101,102,1552,1561,1561,9,9,16,16,vacuum_cleaning,vacuum_cleaning,True,7.4018615e-05,6.12931e-05,4.7404671e-07,0.00046768872,4.970405e-06,0.009614349,2.0362688e-07,0.00053379487,1.0117004e-05,0.98911744,0.00011564339,1.0893689e-07,0.98911744
pamap2,gnn_lstm,sequence,1,101,101,102,1553,1562,1562,9,9,16,16,vacuum_cleaning,vacuum_cleaning,True,4.29579e-05,4.31431e-05,3.110241e-07,5.7602883e-05,7.134998e-07,0.00089392875,8.205267e-08,0.00020480897,2.9002097e-06,0.9986945,5.899961e-05,4.4387697e-08,0.9986945
pamap2,gnn_lstm,sequence,1,101,101,102,1554,1563,1563,9,9,16,16,vacuum_cleaning,vacuum_cleaning,True,5.1470604e-05,6.3440835e-05,7.18691e-07,4.057496e-05,5.3873845e-07,0.00041980387,1.4587218e-07,0.00023449921,4.1727803e-06,0.9990759,0.00010867747,7.7649496e-08,0.9990759
pamap2,gnn_lstm,sequence,1,101,101,102,1555,1564,1564,9,9,16,16,vacuum_cleaning,vacuum_cleaning,True,5.7634446e-05,6.0751503e-05,1.1256889e-06,1.8017154e-05,3.8647244e-07,0.00024499695,1.7393084e-07,0.00016838571,3.4155241e-06,0.99929976,0.00014522817,8.649541e-08,0.99929976
pamap2,gnn_lstm,sequence,1,101,101,102,1556,1565,1565,9,9,16,16,vacuum_cleaning,vacuum_cleaning,True,6.875646e-05,6.731133e-05,1.451687e-06,1.0282322e-05,3.2190087e-07,0.0001816964,2.0067019e-07,0.00013032176,2.7364208e-06,0.9993728,0.00016405417,9.223845e-08,0.9993728
pamap2,gnn_lstm,sequence,1,101,101,102,1557,1566,1566,9,9,16,16,vacuum_cleaning,vacuum_cleaning,True,8.069944e-05,7.3493946e-05,1.6538092e-06,7.694871e-06,3.1633382e-07,0.0001688771,2.3567979e-07,0.00011741309,2.4534406e-06,0.999387,0.00015994423,9.561664e-08,0.999387
pamap2,gnn_lstm,sequence,1,101,101,102,1558,1567,1567,9,9,16,16,vacuum_cleaning,vacuum_cleaning,True,9.503669e-05,7.477721e-05,1.3256212e-06,5.6007434e-06,3.0219462e-07,0.00017625486,1.9687748e-07,8.458721e-05,1.6025278e-06,0.9994375,0.00012267666,7.849766e-08,0.9994375
pamap2,gnn_lstm,sequence,1,101,101,102,1559,1568,1568,9,9,16,16,vacuum_cleaning,vacuum_cleaning,True,0.00010726362,7.7734825e-05,1.1237069e-06,4.719784e-06,2.7571915e-07,0.00017256639,1.754524e-07,6.86033e-05,1.210011e-06,0.9994667,9.963888e-05,6.969012e-08,0.9994667
pamap2,gnn_lstm,sequence,1,101,101,102,1560,1569,1569,9,9,16,16,vacuum_cleaning,vacuum_cleaning,True,0.00012162556,6.571571e-05,8.126818e-07,4.0860564e-06,2.7034045e-07,0.00019931595,1.7946648e-07,6.873404e-05,1.0198524e-06,0.99946624,7.189005e-05,5.69657e-08,0.99946624
pamap2,gnn_lstm,sequence,1,101,101,102,1561,1570,1570,9,9,16,16,vacuum_cleaning,vacuum_cleaning,True,0.00015400517,5.3920954e-05,8.2748795e-07,9.022386e-06,6.8069704e-07,0.0006269339,3.0601439e-07,0.00013269558,1.923527e-06,0.99894494,7.4531796e-05,7.550047e-08,0.99894494
pamap2,gnn_lstm,sequence,1,101,101,102,1562,1571,1571,9,9,16,16,vacuum_cleaning,vacuum_cleaning,True,0.00010334632,4.1721574e-05,6.207337e-07,9.254124e-06,5.731964e-07,0.0006116139,1.9640103e-07,0.00012127107,1.7576396e-06,0.9990339,7.576107e-05,5.470237e-08,0.9990339
pamap2,gnn_lstm,sequence,1,101,101,102,1563,1572,1572,9,9,16,16,vacuum_cleaning,vacuum_cleaning,True,8.351643e-05,4.0594463e-05,5.574174e-07,6.7656015e-06,3.972256e-07,0.00038888486,1.5546442e-07,0.00010237421,1.4683557e-06,0.9992969,7.8349134e-05,4.4974893e-08,0.9992969
pamap2,gnn_lstm,sequence,1,101,101,102,1564,1573,1573,9,9,16,16,vacuum_cleaning,vacuum_cleaning,True,9.930954e-05,5.741043e-05,9.422617e-07,5.67145e-06,4.017909e-07,0.00027784373,2.1881146e-07,0.000109665845,1.7571577e-06,0.99933165,0.000115013914,6.319608e-08,0.99933165
pamap2,gnn_lstm,sequence,1,101,101,102,1565,1574,1574,9,9,16,16,vacuum_cleaning,vacuum_cleaning,True,0.00013323735,7.505465e-05,1.543041e-06,5.0427984e-06,5.045928e-07,0.00026242808,3.7274592e-07,0.0001284523,2.1620674e-06,0.999252,0.000139156,9.341596e-08,0.999252
pamap2,gnn_lstm,sequence,1,101,101,102,1566,1575,1575,9,9,16,16,vacuum_cleaning,vacuum_cleaning,True,0.00015806443,7.238574e-05,1.6313825e-06,4.934365e-06,6.134908e-07,0.00031020588,5.5507314e-07,0.00015604097,2.4577807e-06,0.99916625,0.0001268621,1.0488145e-07,0.99916625
pamap2,gnn_lstm,sequence,1,101,101,102,1567,1576,1576,9,9,16,16,vacuum_cleaning,vacuum_cleaning,True,0.00015225333,6.296931e-05,1.2923604e-06,4.3229184e-06,5.487552e-07,0.0003027405,4.2202151e-07,0.00013820792,1.9401978e-06,0.99923146,0.000103726095,8.3772065e-08,0.99923146
pamap2,gnn_lstm,sequence,1,101,101,102,1568,1577,1577,9,9,16,16,vacuum_cleaning,vacuum_cleaning,True,0.0001593819,6.359315e-05,1.1653502e-06,3.5888365e-06,4.5334465e-07,0.00025303508,3.38137e-07,0.000121133686,1.5661789e-06,0.99930596,8.959822e-05,7.325486e-08,0.99930596
pamap2,gnn_lstm,sequence,1,101,101,102,1569,1578,1578,9,9,16,16,vacuum_cleaning,vacuum_cleaning,True,0.00018184313,6.312959e-05,1.0316119e-06,3.2535538e-06,4.3481862e-07,0.00025472956,3.2238702e-07,0.000119886456,1.4005122e-06,0.99929786,7.6077966e-05,6.799924e-08,0.99929786
pamap2,gnn_lstm,sequence,1,101,101,102,1570,1579,1579,9,9,16,16,vacuum_cleaning,vacuum_cleaning,True,0.00016984974,5.918501e-05,7.7373033e-07,2.578971e-06,3.0098005e-07,0.00019892628,2.271405e-07,9.188066e-05,9.871089e-07,0.9994147,6.051474e-05,5.1519415e-08,0.9994147
pamap2,gnn_lstm,sequence,1,101,101,102,1571,1580,1580,9,9,16,16,vacuum_cleaning,vacuum_cleaning,True,0.00014307645,4.8492213e-05,5.459436e-07,2.7311635e-06,2.6190614e-07,0.00021126706,1.4436326e-07,8.368801e-05,8.361916e-07,0.9994561,5.2852494e-05,3.8390233e-08,0.9994561
pamap2,gnn_lstm,sequence,1,101,101,102,1572,1581,1581,9,9,16,16,vacuum_cleaning,vacuum_cleaning,True,0.00012737021,4.550013e-05,3.9340216e-07,2.2024458e-06,1.715192e-07,0.00015872065,7.976748e-08,6.127099e-05,5.483948e-07,0.999564,3.9637427e-05,2.6705006e-08,0.999564
pamap2,gnn_lstm,sequence,1,101,101,102,1573,1582,1582,9,9,16,16,vacuum_cleaning,vacuum_cleaning,True,0.00012482937,4.6531582e-05,3.0603005e-07,1.9466643e-06,1.2466273e-07,0.00013062719,4.624436e-08,4.5976885e-05,3.76198e-07,0.9996183,3.0990774e-05,2.0489521e-08,0.9996183
pamap2,gnn_lstm,sequence,1,101,101,102,1574,1583,1583,9,9,16,16,vacuum_cleaning,vacuum_cleaning,True,0.00013911119,5.0646202e-05,2.6606585e-07,2.294363e-06,1.2345323e-07,0.00014084257,3.3656256e-08,4.575001e-05,3.4209765e-07,0.9995944,2.622441e-05,1.9179243e-08,0.9995944
pamap2,gnn_lstm,sequence,1,101,101,102,1575,1584,1584,9,9,16,16,vacuum_cleaning,vacuum_cleaning,True,0.00015414327,6.82937e-05,2.8481435e-07,2.77319e-06,1.2139684e-07,0.0001264545,3.3593704e-08,4.3610333e-05,3.4999567e-07,0.9995766,2.7356366e-05,2.3288015e-08,0.9995766
pamap2,gnn_lstm,sequence,1,101,101,102,1576,1585,1585,9,9,16,16,vacuum_cleaning,vacuum_cleaning,True,0.00018546256,0.00011425788,3.737213e-07,4.877637e-06,1.6181336e-07,0.00013434651,4.955658e-08,5.7748995e-05,5.1896257e-07,0.99947137,3.080234e-05,3.690819e-08,0.99947137
pamap2,gnn_lstm,sequence,1,101,101,102,1577,1586,1586,9,9,16,16,vacuum_cleaning,vacuum_cleaning,True,0.0001086486,8.48464e-05,3.3165946e-07,5.05971e-06,1.2187094e-07,0.00011487646,3.9379813e-08,4.870776e-05,5.11073e-07,0.99960345,3.3459182e-05,2.9489392e-08,0.99960345
pamap2,gnn_lstm,sequence,1,101,101,102,1578,1587,1587,9,9,16,16,vacuum_cleaning,vacuum_cleaning,True,8.881479e-05,9.339186e-05,3.7356332e-07,7.526562e-06,1.3463575e-07,0.000117719625,4.0268386e-08,5.594026e-05,6.6930914e-07,0.9995931,4.2178315e-05,3.3837146e-08,0.9995931
pamap2,gnn_lstm,sequence,1,101,101,102,1579,1588,1588,9,9,16,16,vacuum_cleaning,vacuum_cleaning,True,7.873619e-05,0.000110794754,4.6477922e-07,1.1353618e-05,1.5393414e-07,0.00011883561,4.479252e-08,6.839636e-05,9.382909e-07,0.9995536,5.6625562e-05,4.2353168e-08,0.9995536
pamap2,gnn_lstm,sequence,1,101,101,102,1580,1589,1589,9,9,16,16,vacuum_cleaning,vacuum_cleaning,True,6.5575514e-05,0.00011120273,5.248578e-07,1.7052334e-05,1.817642e-07,0.00013471824,4.9607944e-08,8.9857225e-05,1.3416014e-06,0.9995098,6.955856e-05,4.811185e-08,0.9995098
pamap2,gnn_lstm,sequence,1,101,101,102,1581,1590,1590,9,9,16,16,vacuum_cleaning,vacuum_cleaning,True,5.644854e-05,0.00010587121,6.2137826e-07,2.2051938e-05,2.0508668e-07,0.00014808832,5.8909926e-08,0.00011641758,1.8980566e-06,0.9994629,8.534252e-05,5.4251224e-08,0.9994629
pamap2,gnn_lstm,sequence,1,101,101,102,1582,1591,1591,9,9,16,16,vacuum_cleaning,vacuum_cleaning,True,4.6496614e-05,6.961487e-05,5.78273e-07,1.28564e-05,1.5802227e-07,0.00013095269,5.0340763e-08,9.210695e-05,1.5104824e-06,0.9995617,8.3984385e-05,4.0276568e-08,0.9995617
pamap2,gnn_lstm,sequence,1,101,101,102,1583,1592,1592,9,9,16,16,vacuum_cleaning,vacuum_cleaning,True,4.7654463e-05,5.4442575e-05,6.269183e-07,6.888086e-06,1.4427359e-07,0.00011719493,5.2651608e-08,7.7518765e-05,1.2104673e-06,0.9996111,8.315304e-05,3.4384914e-08,0.9996111
pamap2,gnn_lstm,sequence,1,101,101,102,1584,1593,1593,9,9,16,16,vacuum_cleaning,vacuum_cleaning,True,6.943076e-05,7.9519144e-05,1.2228563e-06,6.8029403e-06,2.19468e-07,0.00012927805,9.928671e-08,9.3787465e-05,1.6990409e-06,0.9994942,0.00012367671,6.030951e-08,0.9994942
pamap2,gnn_lstm,sequence,1,101,101,102,1585,1594,1594,9,9,16,16,vacuum_cleaning,vacuum_cleaning,True,8.253098e-05,0.00011573916,2.3036364e-06,7.95558e-06,3.0593245e-07,0.0001379204,1.6459053e-07,0.00010386968,2.4544054e-06,0.9993319,0.00021454855,1.0780181e-07,0.9993319
pamap2,gnn_lstm,sequence,1,101,101,102,1586,1595,1595,9,9,16,16,vacuum_cleaning,vacuum_cleaning,True,0.00010348136,0.00012104117,2.3002021e-06,6.57549e-06,3.2067211e-07,0.00014261632,2.1628078e-07,9.489059e-05,2.194774e-06,0.99933064,0.00019560177,1.18308485e-07,0.99933064
pamap2,gnn_lstm,sequence,1,101,101,102,1587,1596,1596,9,9,16,16,vacuum_cleaning,vacuum_cleaning,True,0.00014540603,0.00010578312,1.5039673e-06,4.637589e-06,3.253997e-07,0.00017298247,2.4523487e-07,7.646161e-05,1.4048013e-06,0.99937636,0.000114722716,9.523231e-08,0.99937636
pamap2,gnn_lstm,sequence,1,101,101,102,1588,1597,1597,9,9,16,16,vacuum_cleaning,vacuum_cleaning,True,0.00014987265,9.602302e-05,1.3274523e-06,4.255105e-06,3.3178623e-07,0.00019137205,2.5340842e-07,7.091349e-05,1.245835e-06,0.9993808,0.0001035227,8.733349e-08,0.9993808
pamap2,gnn_lstm,sequence,1,101,101,102,1589,1598,1598,9,9,16,16,vacuum_cleaning,vacuum_cleaning,True,0.00017041972,9.2965296e-05,1.3060043e-06,5.4467105e-06,4.69523e-07,0.00029496846,3.1287297e-07,8.145074e-05,1.4472813e-06,0.9992449,0.00010632909,9.9268384e-08,0.9992449
pamap2,gnn_lstm,sequence,1,101,101,102,1590,1599,1599,9,9,16,16,vacuum_cleaning,vacuum_cleaning,True,0.0002283702,0.00010800353,1.6607268e-06,7.2759685e-06,7.533119e-07,0.00045962413,4.845063e-07,0.000103886385,1.9518882e-06,0.99896383,0.0001239655,1.4098244e-07,0.99896383
pamap2,gnn_lstm,sequence,1,101,101,102,1591,1600,1600,9,9,16,16,vacuum_cleaning,vacuum_cleaning,True,0.00025178853,0.000107959524,1.7055299e-06,6.7616675e-06,7.480548e-07,0.0004352109,5.9602144e-07,0.000111255096,2.018891e-06,0.9989635,0.00011823791,1.4800845e-07,0.9989635
pamap2,gnn_lstm,sequence,1,101,101,102,1592,1601,1601,9,9,16,16,vacuum_cleaning,vacuum_cleaning,True,0.00023562934,8.881951e-05,1.5220439e-06,6.531068e-06,7.4325504e-07,0.00044131948,6.750616e-07,0.00012960004,2.1729372e-06,0.9989857,0.00010708948,1.3493998e-07,0.9989857
pamap2,gnn_lstm,sequence,1,101,101,102,1593,1602,1602,9,9,16,16,vacuum_cleaning,vacuum_cleaning,True,0.00021585713,6.869828e-05,1.2627041e-06,7.552657e-06,8.276334e-07,0.0005631577,6.2682517e-07,0.0001571179,2.3795515e-06,0.998889,9.342653e-05,1.1513649e-07,0.998889
pamap2,gnn_lstm,sequence,1,101,101,102,1594,1603,1603,9,9,16,16,vacuum_cleaning,vacuum_cleaning,True,0.00016991989,4.880773e-05,7.6013237e-07,6.4992246e-06,5.7790663e-07,0.0004880845,3.5528936e-07,0.0001413739,1.7418598e-06,0.9990791,6.2752064e-05,6.856763e-08,0.9990791
pamap2,gnn_lstm,sequence,1,101,101,102,1595,1604,1604,9,9,16,16,vacuum_cleaning,vacuum_cleaning,True,0.00013463241,3.734459e-05,4.4934828e-07,4.961545e-06,3.6014467e-07,0.00036854396,1.7650281e-07,0.00011498414,1.1265275e-06,0.99929595,4.143102e-05,3.8684394e-08,0.99929595
pamap2,gnn_lstm,sequence,1,101,101,102,1596,1605,1605,9,9,16,16,vacuum_cleaning,vacuum_cleaning,True,9.910244e-05,3.191726e-05,3.1389604e-07,4.412838e-06,2.524035e-07,0.0003044772,9.432998e-08,8.8203495e-05,8.143909e-07,0.99943465,3.565266e-05,2.5817021e-08,0.99943465
pamap2,gnn_lstm,sequence,1,101,101,102,1597,1606,1606,9,9,16,16,vacuum_cleaning,vacuum_cleaning,True,7.9421974e-05,2.9434852e-05,2.6227656e-07,4.296948e-06,2.1370346e-07,0.00028330623,6.165592e-08,7.503247e-05,6.875241e-07,0.99949217,3.5086978e-05,2.0713054e-08,0.99949217
pamap2,gnn_lstm,sequence,1,101,101,102,1598,1607,1607,9,9,16,16,vacuum_cleaning,vacuum_cleaning,True,7.538922e-05,3.033167e-05,2.4145135e-07,3.6181782e-06,1.6178308e-07,0.00020761328,4.4292936e-08,6.584494e-05,5.6480985e-07,0.99958545,3.0780542e-05,1.7504025e-08,0.99958545
pamap2,gnn_lstm,sequence,1,101,101,102,1599,1608,1608,9,9,16,16,vacuum_cleaning,vacuum_cleaning,True,8.3309445e-05,3.552293e-05,2.7999295e-07,3.6953065e-06,1.5533298e-07,0.0001754033,4.33224e-08,7.093169e-05,5.9678763e-07,0.99959916,3.1005966e-05,1.8875866e-08,0.99959916
pamap2,gnn_lstm,sequence,1,101,101,102,1600,1609,1609,9,9,16,16,vacuum_cleaning,vacuum_cleaning,True,9.699219e-05,5.183707e-05,4.38656e-07,6.1557653e-06,2.3500061e-07,0.00021086195,5.7229563e-08,9.468629e-05,9.358637e-07,0.99949837,3.9324812e-05,3.0076347e-08,0.99949837
pamap2,gnn_lstm,sequence,1,101,101,102,1601,1610,1610,9,9,16,16,vacuum_cleaning,vacuum_cleaning,True,0.00015003892,8.692394e-05,8.6865344e-07,1.1616183e-05,5.2767655e-07,0.0003695113,9.505993e-08,0.00014478326,1.7172312e-06,0.99917644,5.7349094e-05,6.228204e-08,0.99917644
pamap2,gnn_lstm,sequence,1,101,101,102,1602,1611,1611,9,9,16,16,vacuum_cleaning,vacuum_cleaning,True,0.00017849867,0.00011727672,1.1775043e-06,1.375156e-05,6.1192605e-07,0.00039967033,1.06155035e-07,0.0001377974,1.916184e-06,0.99907684,7.2221505e-05,8.6886956e-08,0.99907684
pamap2,gnn_lstm,sequence,1,101,101,102,1603,1612,1612,9,9,16,16,vacuum_cleaning,vacuum_cleaning,True,0.00012314196,8.533903e-05,6.9403495e-07,9.26961e-06,3.4057746e-07,0.00029389045,6.665738e-08,8.0447455e-05,1.1088235e-06,0.99934477,6.08949e-05,5.407086e-08,0.99934477
pamap2,gnn_lstm,sequence,1,101,101,102,1604,1613,1613,9,9,16,16,vacuum_cleaning,vacuum_cleaning,True,9.000799e-05,6.30111e-05,4.149884e-07,7.927303e-06,2.3724859e-07,0.00028280233,4.4521734e-08,5.5709443e-05,7.54424e-07,0.9994448,5.4203625e-05,3.5826318e-08,0.9994448
pamap2,gnn_lstm,sequence,1,101,101,102,1605,1614,1614,9,9,16,16,vacuum_cleaning,vacuum_cleaning,True,0.000105586274,7.005185e-05,4.283527e-07,9.940213e-06,3.1169773e-07,0.00040653886,5.0344003e-08,5.6000288e-05,7.975924e-07,0.99929047,5.966404e-05,4.2808793e-08,0.99929047
pamap2,gnn_lstm,sequence,1,101,101,102,1606,1615,1615,9,9,16,16,vacuum_cleaning,vacuum_cleaning,True,0.0001254303,7.7546974e-05,5.2199044e-07,1.1101784e-05,4.1302332e-07,0.00049036305,6.804465e-08,6.803742e-05,9.709119e-07,0.99916077,6.477112e-05,5.360971e-08,0.99916077
pamap2,gnn_lstm,sequence,1,101,101,102,1607,1616,1616,9,9,16,16,vacuum_cleaning,vacuum_cleaning,True,0.00012187589,7.199907e-05,5.6738014e-07,8.870317e-06,3.7839558e-07,0.00038484434,7.920112e-08,7.443846e-05,1.0085334e-06,0.99927276,6.3083346e-05,5.2337867e-08,0.99927276
pamap2,gnn_lstm,sequence,1,101,101,102,1608,1617,1617,9,9,16,16,vacuum_cleaning,vacuum_cleaning,True,0.000120611076,5.6295947e-05,5.6035833e-07,1.2226187e-05,5.4240104e-07,0.0006070892,1.09820924e-07,0.00011484603,1.4832303e-06,0.9990232,6.2916806e-05,5.4927614e-08,0.9990232
pamap2,gnn_lstm,sequence,1,101,101,102,1609,1618,1618,9,9,16,16,vacuum_cleaning,vacuum_cleaning,True,0.000114699804,4.1873034e-05,4.808075e-07,1.3694299e-05,6.057053e-07,0.000710433,1.1759816e-07,0.00017870113,1.8648212e-06,0.99888796,4.9507424e-05,4.5682047e-08,0.99888796
pamap2,gnn_lstm,sequence,1,101,101,102,1610,1619,1619,9,9,16,16,vacuum_cleaning,vacuum_cleaning,True,0.00011055978,3.454044e-05,3.8657754e-07,9.602729e-06,4.390991e-07,0.00046850715,8.539434e-08,0.00021417227,1.5547477e-06,0.9991246,3.5483692e-05,2.942847e-08,0.9991246
pamap2,gnn_lstm,sequence,1,101,101,102,1611,1620,1620,9,9,16,16,vacuum_cleaning,vacuum_cleaning,True,0.00012214627,4.2597043e-05,4.565844e-07,8.825728e-06,3.783204e-07,0.00029581183,8.322001e-08,0.00026196704,1.6254135e-06,0.9992324,3.3627308e-05,2.9462088e-08,0.9992324
pamap2,gnn_lstm,sequence,1,101,101,102,1612,1621,1621,9,9,16,16,vacuum_cleaning,vacuum_cleaning,True,0.00015412272,6.605475e-05,6.739689e-07,1.1208374e-05,4.5890653e-07,0.0002724908,9.787153e-08,0.0002995439,2.0434832e-06,0.9991517,4.1512874e-05,4.2930722e-08,0.9991517
pamap2,gnn_lstm,sequence,1,101,101,102,1613,1622,1622,9,9,16,16,vacuum_cleaning,vacuum_cleaning,True,0.00019411996,7.568189e-05,7.3832894e-07,1.2987379e-05,6.055278e-07,0.00033939787,1.0029181e-07,0.0003477498,2.2139002e-06,0.99898106,4.5134522e-05,4.923876e-08,0.99898106
pamap2,gnn_lstm,sequence,1,101,101,102,1614,1623,1623,9,9,16,16,vacuum_cleaning,vacuum_cleaning,True,0.0004397898,9.457962e-05,1.023187e-06,1.8249042e-05,1.5525537e-06,0.0007531296,1.8307298e-07,0.0007337408,3.6081983e-06,0.99789363,6.0479368e-05,7.8921374e-08,0.99789363
pamap2,gnn_lstm,sequence,1,101,101,102,1615,1624,1624,9,9,16,16,vacuum_cleaning,vacuum_cleaning,True,0.00091803505,0.00012852922,1.7338039e-06,2.2945118e-05,3.3532704e-06,0.0012567417,3.5384218e-07,0.0013739312,6.198902e-06,0.99619365,9.434559e-05,1.3804953e-07,0.99619365
pamap2,gnn_lstm,sequence,1,101,101,102,1616,1625,1625,9,9,16,16,vacuum_cleaning,vacuum_cleaning,True,0.0016999233,0.00020214771,3.2609012e-06,2.534126e-05,5.7531574e-06,0.0015280339,5.676257e-07,0.0018406049,9.162639e-06,0.99450845,0.0001765351,2.3775665e-07,0.99450845
pamap2,gnn_lstm,sequence,1,101,101,102,1617,1626,1626,9,9,16,16,vacuum_cleaning,vacuum_cleaning,True,0.0013579113,0.00019791712,3.3802633e-06,1.4778216e-05,3.3932702e-06,0.0009616186,6.2120426e-07,0.0010314932,6.7708925e-06,0.9962345,0.00018735522,2.3082552e-07,0.9962345
pamap2,gnn_lstm,sequence,1,101,101,102,1618,1627,1627,9,9,16,16,vacuum_cleaning,vacuum_cleaning,True,0.00031596902,8.332566e-05,1.3064274e-06,5.750929e-06,7.394476e-07,0.00038178984,2.6551962e-07,0.00027802016,2.4665749e-06,0.998814,0.00011639071,8.382816e-08,0.998814
pamap2,gnn_lstm,sequence,1,101,101,102,1619,1628,1628,9,9,16,16,vacuum_cleaning,vacuum_cleaning,True,0.00016471511,5.346747e-05,9.2517513e-07,3.9778292e-06,4.2462074e-07,0.00027796987,2.3229249e-07,0.00016157838,1.7630748e-06,0.99924695,8.793984e-05,5.7014717e-08,0.99924695
pamap2,gnn_lstm,sequence,1,101,101,102,1620,1629,1629,9,9,16,16,vacuum_cleaning,vacuum_cleaning,True,0.00014939302,5.1204206e-05,8.632254e-07,3.4258549e-06,3.73365e-07,0.0002523835,2.1685918e-07,0.00012443388,1.430673e-06,0.99933773,7.838327e-05,5.2933007e-08,0.99933773
pamap2,gnn_lstm,sequence,1,101,101,102,1621,1630,1630,9,9,16,16,vacuum_cleaning,vacuum_cleaning,True,0.00016418015,5.7043897e-05,8.2975106e-07,2.874469e-06,3.2642356e-07,0.00021753178,1.9091482e-07,9.985179e-05,1.1149198e-06,0.999385,7.089931e-05,5.116067e-08,0.999385
pamap2,gnn_lstm,sequence,1,101,101,102,1622,1631,1631,9,9,16,16,vacuum_cleaning,vacuum_cleaning,True,0.00017982838,5.522423e-05,7.822611e-07,3.0472058e-06,3.4787325e-07,0.00023218538,2.0764497e-07,0.000114792325,1.1548462e-06,0.99935156,6.0749724e-05,5.1141104e-08,0.99935156
pamap2,gnn_lstm,sequence,1,101,101,102,1623,1632,1632,9,9,16,16,vacuum_cleaning,vacuum_cleaning,True,0.0001514046,3.983184e-05,6.283831e-07,4.8328648e-06,4.6481836e-07,0.00036535584,2.1963838e-07,0.00016874721,1.5854343e-06,0.99921274,5.4171043e-05,4.6755684e-08,0.99921274
pamap2,gnn_lstm,sequence,1,101,101,102,1624,1633,1633,9,9,16,16,vacuum_cleaning,vacuum_cleaning,True,0.00011671127,3.274034e-05,5.756869e-07,7.947652e-06,6.29941e-07,0.0005898704,1.8366241e-07,0.000203997,2.0684183e-06,0.99898547,5.9769958e-05,4.4383366e-08,0.99898547
pamap2,gnn_lstm,sequence,1,101,101,102,1625,1634,1634,9,9,16,16,vacuum_cleaning,vacuum_cleaning,True,0.00013314957,3.57888e-05,6.5125454e-07,1.2780608e-05,1.0348083e-06,0.0010610007,1.9971262e-07,0.00026623553,2.859419e-06,0.99841475,7.149243e-05,5.406981e-08,0.99841475
pamap2,gnn_lstm,sequence,1,101,101,102,1626,1635,1635,9,9,16,16,vacuum_cleaning,vacuum_cleaning,True,0.0001676173,4.3375963e-05,6.902368e-07,1.1255262e-05,1.0005974e-06,0.0009857345,1.7708818e-07,0.00025172034,2.5169945e-06,0.99846905,6.6822504e-05,5.4481575e-08,0.99846905
pamap2,gnn_lstm,sequence,1,101,101,102,1627,1636,1636,9,9,16,16,vacuum_cleaning,vacuum_cleaning,True,0.00055347045,7.929788e-05,1.3084474e-06,4.2761683e-05,7.0434853e-06,0.007454944,4.2634832e-07,0.00076021015,7.0346846e-06,0.99096745,0.00012575598,1.5710707e-07,0.99096745
pamap2,gnn_lstm,sequence,1,101,101,102,1628,1637,1637,9,9,16,16,vacuum_cleaning,vacuum_cleaning,True,0.0005521086,9.136521e-05,1.0984401e-06,1.992767e-05,2.752415e-06,0.0023861877,2.8025727e-07,0.00049270794,3.680087e-06,0.99638164,6.816683e-05,1.0850212e-07,0.99638164
pamap2,gnn_lstm,sequence,1,101,101,102,1629,1638,1638,9,9,16,16,vacuum_cleaning,vacuum_cleaning,True,0.00049669214,0.00012766015,1.2162612e-06,1.3174952e-05,1.3340625e-06,0.0009141803,1.8703841e-07,0.0002921844,2.3949387e-06,0.99809545,5.543488e-05,1.007879e-07,0.99809545
pamap2,gnn_lstm,sequence,1,101,101,102,1630,1639,1639,9,9,16,16,vacuum_cleaning,vacuum_cleaning,True,0.00034269644,0.00012610608,1.1826736e-06,1.035839e-05,8.279921e-07,0.00050399394,1.7055196e-07,0.00018993154,1.9211705e-06,0.99876934,5.3338863e-05,9.569178e-08,0.99876934
pamap2,gnn_lstm,sequence,1,101,101,102,1631,1640,1640,9,9,16,16,vacuum_cleaning,vacuum_cleaning,True,0.00028342192,0.000119397766,1.026396e-06,1.0325957e-05,7.0336193e-07,0.00047832265,1.3669329e-07,0.00014304972,1.5967179e-06,0.99890816,5.3641754e-05,8.8145455e-08,0.99890816
pamap2,gnn_lstm,sequence,1,101,101,102,1632,1641,1641,9,9,16,16,vacuum_cleaning,vacuum_cleaning,True,0.00020794942,9.1255104e-05,5.394633e-07,1.0147977e-05,4.890317e-07,0.00057596754,7.636499e-08,8.692099e-05,9.882274e-07,0.9989759,4.9689017e-05,5.7818394e-08,0.9989759
pamap2,gnn_lstm,sequence,1,101,101,102,1633,1642,1642,9,9,16,16,vacuum_cleaning,vacuum_cleaning,True,0.0002697831,9.583674e-05,5.643308e-07,2.6363527e-05,1.1971038e-06,0.0020348427,1.2568167e-07,0.0001348367,1.7501827e-06,0.99736315,7.138281e-05,8.818152e-08,0.99736315
pamap2,gnn_lstm,sequence,1,101,101,102,1634,1643,1643,9,9,16,16,vacuum_cleaning,vacuum_cleaning,True,0.00014632665,6.426114e-05,3.7980516e-07,1.04110595e-05,4.2367216e-07,0.0006415533,5.921806e-08,7.5040305e-05,8.738673e-07,0.99900776,5.2783962e-05,4.3027573e-08,0.99900776
pamap2,gnn_lstm,sequence,1,101,101,102,1635,1644,1644,9,9,16,16,vacuum_cleaning,vacuum_cleaning,True,0.00010311402,5.6333258e-05,3.1390528e-07,6.2223853e-06,2.1229444e-07,0.0002784291,3.774071e-08,5.617178e-05,5.9958313e-07,0.9994574,4.104476e-05,2.850726e-08,0.9994574
pamap2,gnn_lstm,sequence,1,101,101,102,1636,1645,1645,9,9,16,16,vacuum_cleaning,vacuum_cleaning,True,0.000114046794,6.3307205e-05,3.7357236e-07,4.562285e-06,1.7454884e-07,0.00017928552,3.853553e-08,5.590551e-05,5.573409e-07,0.99954295,3.876086e-05,2.8719333e-08,0.99954295
pamap2,gnn_lstm,sequence,1,101,101,102,1637,1646,1646,9,9,16,16,vacuum_cleaning,vacuum_cleaning,True,0.00015650499,7.673497e-05,4.79372e-07,4.347858e-06,2.0933544e-07,0.00019037456,4.535961e-08,6.544882e-05,6.1616424e-07,0.9994641,4.110266e-05,3.385802e-08,0.9994641
pamap2,gnn_lstm,sequence,1,101,101,102,1638,1647,1647,9,9,16,16,vacuum_cleaning,vacuum_cleaning,True,0.00021184365,9.440863e-05,5.242103e-07,3.9237e-06,2.0748237e-07,0.00016106106,4.986325e-08,6.9291644e-05,5.8705854e-07,0.99941885,3.920792e-05,3.7578427e-08,0.99941885
pamap2,gnn_lstm,sequence,1,101,101,102,1639,1648,1648,9,9,16,16,vacuum_cleaning,vacuum_cleaning,True,0.00029093507,0.00012171847,5.9973064e-07,4.254283e-06,2.3458816e-07,0.00015008653,6.160775e-08,8.298428e-05,6.475871e-07,0.99930775,4.062713e-05,4.6876664e-08,0.99930775
pamap2,gnn_lstm,sequence,1,101,101,102,1640,1649,1649,9,9,16,16,vacuum_cleaning,vacuum_cleaning,True,0.0003899321,0.00015500445,7.2264095e-07,5.0792696e-06,2.988742e-07,0.00016646578,7.470758e-08,0.000100868136,7.652077e-07,0.9991353,4.5503304e-05,6.019766e-08,0.9991353
pamap2,gnn_lstm,sequence,1,101,101,102,1641,1650,1650,9,9,16,16,vacuum_cleaning,vacuum_cleaning,True,0.0005387172,0.00017112805,5.6705017e-07,6.9391253e-06,4.209123e-07,0.00023569053,7.602554e-08,0.00013429139,8.1662927e-07,0.99886596,4.5315763e-05,6.5135836e-08,0.99886596
pamap2,gnn_lstm,sequence,1,101,101,102,1642,1651,1651,9,9,16,16,vacuum_cleaning,vacuum_cleaning,True,0.00084687583,0.0002708292,6.9522184e-07,1.6243494e-05,1.0076338e-06,0.00044965357,1.0758472e-07,0.00022450645,1.3349464e-06,0.9981225,6.613325e-05,1.1464726e-07,0.9981225
pamap2,gnn_lstm,sequence,1,101,101,102,1643,1652,1652,9,9,16,16,vacuum_cleaning,vacuum_cleaning,True,0.00055573793,0.00027960842,8.3032654e-07,1.7991697e-05,7.863053e-07,0.00033921577,9.624155e-08,0.00017635521,1.3868176e-06,0.99855703,7.071395e-05,1.1918545e-07,0.99855703
pamap2,gnn_lstm,sequence,1,101,101,102,1644,1653,1653,9,9,16,16,vacuum_cleaning,vacuum_cleaning,True,0.00035133184,0.00021389718,6.125159e-07,1.2917487e-05,4.4275464e-07,0.00024395254,7.4791124e-08,0.00011230311,1.0035068e-06,0.99900764,5.5831628e-05,8.366118e-08,0.99900764
pamap2,gnn_lstm,sequence,1,101,101,102,1645,1654,1654,9,9,16,16,vacuum_cleaning,vacuum_cleaning,True,0.0002924308,0.00018924467,5.4115105e-07,1.0982184e-05,3.4631387e-07,0.0002235381,7.035121e-08,8.861019e-05,8.7133066e-07,0.9991448,4.8436956e-05,7.298241e-08,0.9991448
pamap2,gnn_lstm,sequence,1,101,101,102,1646,1655,1655,9,9,16,16,vacuum_cleaning,vacuum_cleaning,True,0.00020793798,0.00016903771,6.5271723e-07,9.799573e-06,2.7883843e-07,0.0001852012,6.5254135e-08,7.167466e-05,8.913762e-07,0.999303,5.133992e-05,6.914727e-08,0.999303
pamap2,gnn_lstm,sequence,1,101,101,102,1647,1656,1656,9,9,16,16,vacuum_cleaning,vacuum_cleaning,True,0.00026414316,0.00021896252,1.191661e-06,1.2283288e-05,3.9744788e-07,0.0002212058,9.1431055e-08,8.83413e-05,1.3371628e-06,0.9991202,7.181555e-05,1.1114214e-07,0.9991202
pamap2,gnn_lstm,sequence,1,101,101,102,1648,1657,1657,9,9,16,16,vacuum_cleaning,vacuum_cleaning,True,0.00038426573,0.0002241899,1.232247e-06,1.30703675e-05,5.5971515e-07,0.0003466085,1.2731275e-07,0.00011642829,1.5787246e-06,0.9988487,6.299556e-05,1.254468e-07,0.9988487
pamap2,gnn_lstm,sequence,1,101,101,102,1649,1658,1658,9,9,16,16,vacuum_cleaning,vacuum_cleaning,True,0.0004866573,0.00019399435,1.0064965e-06,8.71471e-06,5.693994e-07,0.00043938746,1.656966e-07,0.000120745266,1.3679635e-06,0.99869365,5.3741587e-05,1.0833733e-07,0.99869365
pamap2,gnn_lstm,sequence,1,101,101,102,1650,1659,1659,9,9,16,16,vacuum_cleaning,vacuum_cleaning,True,0.00043295577,0.00015849977,8.9272686e-07,4.734786e-06,4.3187566e-07,0.00037802002,1.7794869e-07,9.209035e-05,1.002829e-06,0.9988776,5.3457396e-05,8.543497e-08,0.9988776
pamap2,gnn_lstm,sequence,1,101,101,102,1651,1660,1660,9,9,16,16,vacuum_cleaning,vacuum_cleaning,True,0.00043260417,0.000119575816,8.9920155e-07,5.3701797e-06,6.473588e-07,0.00068809494,2.5318099e-07,0.00011010317,1.2356619e-06,0.9985782,6.2892505e-05,8.777934e-08,0.9985782
pamap2,gnn_lstm,sequence,1,101,101,102,1652,1661,1661,9,9,16,16,vacuum_cleaning,vacuum_cleaning,True,0.0010394555,0.00017480976,2.5429335e-06,2.88747e-05,5.7797333e-06,0.0071526077,1.4156647e-06,0.0003658988,6.6174653e-06,0.99106824,0.00015323288,3.8831112e-07,0.99106824
pamap2,gnn_lstm,sequence,1,101,101,102,1653,1662,1662,9,9,16,16,vacuum_cleaning,vacuum_cleaning,True,0.002166351,0.0002863123,6.0452576e-06,6.815589e-05,2.7866696e-05,0.038389444,4.9233254e-06,0.0007461676,2.5359272e-05,0.95794386,0.00033396436,1.6583273e-06,0.95794386
pamap2,gnn_lstm,sequence,1,101,101,102,1654,1663,1663,9,9,16,16,vacuum_cleaning,vacuum_cleaning,True,0.0024049052,0.00032644582,8.138687e-06,0.00012843644,7.0320275e-05,0.11865496,6.9074713e-06,0.0010005804,5.31841e-05,0.8767732,0.0005696257,3.3470205e-06,0.8767732
pamap2,gnn_lstm,sequence,1,101,101,102,1655,1664,1664,9,9,16,16,vacuum_cleaning,vacuum_cleaning,True,0.000954409,0.0002093775,5.8518935e-06,7.571806e-05,1.7404078e-05,0.017466223,3.5152357e-06,0.00051361864,1.9124156e-05,0.98032814,0.00040542928,1.1332562e-06,0.98032814
pamap2,gnn_lstm,sequence,1,101,101,102,1656,1665,1665,9,9,16,16,vacuum_cleaning,vacuum_cleaning,True,0.0005084268,0.00017416698,4.6353994e-06,4.2901866e-05,6.8848117e-06,0.0043805,2.1016342e-06,0.00031698373,9.584575e-06,0.99423134,0.0003218524,6.0082675e-07,0.99423134
pamap2,gnn_lstm,sequence,1,101,101,102,1657,1666,1666,9,9,16,16,vacuum_cleaning,vacuum_cleaning,True,0.00032623092,0.00014274663,3.5532157e-06,2.1367941e-05,2.7151034e-06,0.0014226689,1.3744132e-06,0.00020747141,5.4771335e-06,0.99763525,0.00023086843,3.630157e-07,0.99763525
pamap2,gnn_lstm,sequence,1,101,101,102,1658,1667,1667,9,9,16,16,vacuum_cleaning,vacuum_cleaning,True,0.0002438927,0.0001310393,2.7182934e-06,1.4336132e-05,1.5224907e-06,0.00081511604,8.3841553e-07,0.0001428548,3.6049814e-06,0.9984388,0.00020511421,2.544978e-07,0.9984388
pamap2,gnn_lstm,sequence,1,101,101,102,1659,1668,1668,9,9,16,16,vacuum_cleaning,vacuum_cleaning,True,0.00021593327,0.00013314534,2.4212063e-06,1.2150991e-05,1.1498857e-06,0.00063238724,6.0227336e-07,0.000111689325,2.8461686e-06,0.9986878,0.00019963935,2.1570284e-07,0.9986878
pamap2,gnn_lstm,sequence,1,101,101,102,1660,1669,1669,9,9,16,16,vacuum_cleaning,vacuum_cleaning,True,0.00016627001,0.000115254945,1.8239241e-06,8.068749e-06,6.273897e-07,0.00037094092,3.6397063e-07,7.929897e-05,1.8769234e-06,0.9990946,0.00016067564,1.4034994e-07,0.9990946
pamap2,gnn_lstm,sequence,1,101,101,102,1661,1670,1670,9,9,16,16,vacuum_cleaning,vacuum_cleaning,True,0.00015808521,0.000111483845,1.5960567e-06,5.7615384e-06,4.219243e-07,0.000254152,3.048755e-07,6.633113e-05,1.4476668e-06,0.9992681,0.00013209697,1.1276899e-07,0.9992681
pamap2,gnn_lstm,sequence,1,101,101,102,1662,1671,1671,9,9,16,16,vacuum_cleaning,vacuum_cleaning,True,0.00016235163,0.00010945784,1.540798e-06,4.992776e-06,3.6163894e-07,0.00021341593,3.29505e-07,6.542755e-05,1.359695e-06,0.9993223,0.00011843457,1.0894259e-07,0.9993223
pamap2,gnn_lstm,sequence,1,101,101,102,1663,1672,1672,9,9,16,16,vacuum_cleaning,vacuum_cleaning,True,0.00013135344,9.229257e-05,1.2907698e-06,5.1926727e-06,3.1406952e-07,0.00019817821,2.5771118e-07,6.2459534e-05,1.2661807e-06,0.99939597,0.000111241614,9.1637894e-08,0.99939597
pamap2,gnn_lstm,sequence,1,101,101,102,1664,1673,1673,9,9,16,16,vacuum_cleaning,vacuum_cleaning,True,0.00012605231,8.383828e-05,1.0958709e-06,6.459841e-06,3.6307839e-07,0.00025423037,1.9670829e-07,6.3779524e-05,1.2578176e-06,0.99935323,0.000109417495,8.472866e-08,0.99935323
pamap2,gnn_lstm,sequence,1,101,101,102,1665,1674,1674,9,9,16,16,vacuum_cleaning,vacuum_cleaning,True,0.00016853823,9.4193725e-05,1.486328e-06,1.7868359e-05,9.939594e-07,0.0007445218,3.7538885e-07,0.00012256097,2.8490192e-06,0.9986999,0.00014643875,1.5537347e-07,0.9986999
pamap2,gnn_lstm,sequence,1,101,101,102,1666,1675,1675,9,9,16,16,vacuum_cleaning,vacuum_cleaning,True,0.00012539246,7.018112e-05,1.1453601e-06,1.771288e-05,8.194564e-07,0.0007010674,3.6163888e-07,0.00013367331,2.949209e-06,0.99882096,0.0001256794,1.1972169e-07,0.99882096
pamap2,gnn_lstm,sequence,1,101,101,102,1667,1676,1676,9,9,16,16,vacuum_cleaning,vacuum_cleaning,True,0.00010852971,6.0599286e-05,9.695658e-07,1.163685e-05,5.8971864e-07,0.00048036655,2.3362193e-07,0.00011563818,2.179743e-06,0.9991154,0.0001037751,8.3227874e-08,0.9991154
pamap2,gnn_lstm,sequence,1,101,101,102,1668,1677,1677,9,9,16,16,vacuum_cleaning,vacuum_cleaning,True,9.453904e-05,5.8056376e-05,7.439245e-07,8.460081e-06,3.7311708e-07,0.0003245854,1.18964145e-07,8.3105624e-05,1.3749251e-06,0.9993507,7.79063e-05,5.5609107e-08,0.9993507
pamap2,gnn_lstm,sequence,1,101,101,102,1669,1678,1678,9,9,16,16,vacuum_cleaning,vacuum_cleaning,True,0.00015150268,8.276421e-05,9.13987e-07,6.3917996e-06,3.7396615e-07,0.0002600347,1.3130727e-07,9.02161e-05,1.2442556e-06,0.9993444,6.188163e-05,6.34705e-08,0.9993444
pamap2,gnn_lstm,sequence,1,101,101,102,1670,1679,1679,9,9,16,16,vacuum_cleaning,vacuum_cleaning,True,0.0003994906,0.0001978648,2.4288167e-06,9.1083275e-06,8.217517e-07,0.00034299106,3.612304e-07,0.00018019714,2.5002962e-06,0.9987876,7.6538876e-05,1.6135576e-07,0.9987876
pamap2,gnn_lstm,sequence,1,101,101,102,1671,1680,1680,9,9,16,16,vacuum_cleaning,vacuum_cleaning,True,0.00052873284,0.00033735597,6.0893235e-06,1.2775162e-05,1.7698698e-06,0.0005204031,8.156986e-07,0.0002701644,4.977232e-06,0.99812824,0.00018836842,3.6081948e-07,0.99812824
pamap2,gnn_lstm,sequence,1,101,101,102,1672,1681,1681,9,9,16,16,vacuum_cleaning,vacuum_cleaning,True,0.00038833744,0.0002644746,6.401649e-06,1.6160231e-05,2.526909e-06,0.0007281793,9.833335e-07,0.00032907896,7.1642717e-06,0.9979382,0.00031806214,4.1902018e-07,0.9979382
pamap2,gnn_lstm,sequence,1,101,101,102,1673,1682,1682,9,9,16,16,vacuum_cleaning,vacuum_cleaning,True,0.0003211738,0.00018832962,4.993964e-06,1.7413748e-05,2.848877e-06,0.0009912163,9.675443e-07,0.0003196594,7.30078e-06,0.99781895,0.00032685968,3.757372e-07,0.99781895
pamap2,gnn_lstm,sequence,1,101,101,102,1674,1683,1683,9,9,16,16,vacuum_cleaning,vacuum_cleaning,True,0.00017476841,0.00012816412,4.00263e-06,1.4310924e-05,1.6712181e-06,0.0006379787,8.3098035e-07,0.00022901344,6.0957655e-06,0.9984555,0.0003473379,2.7302397e-07,0.9984555
pamap2,gnn_lstm,sequence,1,101,101,102,1675,1684,1684,9,9,16,16,vacuum_cleaning,vacuum_cleaning,True,0.0001732368,9.818526e-05,2.5378097e-06,8.945417e-06,1.1298974e-06,0.0005175016,6.315812e-07,0.00018287108,3.8391368e-06,0.9987871,0.00022387401,1.7500317e-07,0.9987871
pamap2,gnn_lstm,sequence,1,101,101,102,1676,1685,1685,9,9,16,16,vacuum_cleaning,vacuum_cleaning,True,0.00017611554,7.551821e-05,1.6309506e-06,8.086417e-06,1.0179554e-06,0.000628009,4.2630285e-07,0.00015917482,2.7561862e-06,0.99878937,0.00015772479,1.2164841e-07,0.99878937
pamap2,gnn_lstm,sequence,1,101,101,102,1677,1686,1686,9,9,16,16,vacuum_cleaning,vacuum_cleaning,True,0.00013485407,6.988909e-05,1.3726188e-06,7.026309e-06,7.0188185e-07,0.0004351298,3.1842606e-07,0.00012732307,2.2499535e-06,0.9990711,0.00014982936,9.8162005e-08,0.9990711
pamap2,gnn_lstm,sequence,1,101,101,102,1678,1687,1687,9,9,16,16,vacuum_cleaning,vacuum_cleaning,True,0.00020787587,8.520614e-05,2.1407852e-06,2.1232192e-05,2.4921942e-06,0.0018400508,4.656851e-07,0.00023322951,5.047485e-06,0.99733764,0.00026434517,1.8657514e-07,0.99733764
pamap2,gnn_lstm,sequence,1,101,101,102,1679,1688,1688,9,9,16,16,vacuum_cleaning,vacuum_cleaning,True,0.00066812447,0.00020709615,5.5340515e-06,9.382858e-05,2.1050524e-05,0.022184564,1.0499456e-06,0.00057430944,2.322159e-05,0.9754229,0.0007972239,1.0113989e-06,0.9754229
pamap2,gnn_lstm,sequence,1,101,101,102,1680,1689,1689,9,9,16,16,vacuum_cleaning,vacuum_cleaning,True,0.00063064136,0.00017352347,3.9259303e-06,7.164243e-05,1.28543015e-05,0.013778553,7.9385075e-07,0.00041828552,1.2712252e-05,0.9843999,0.000496543,6.0471945e-07,0.9843999
pamap2,gnn_lstm,sequence,1,101,101,102,1681,1690,1690,9,9,16,16,vacuum_cleaning,vacuum_cleaning,True,0.0007553446,0.00016856747,3.3665153e-06,8.1287384e-05,1.5553891e-05,0.021724474,8.4328707e-07,0.00051082514,1.4573314e-05,0.9763263,0.00039830626,6.1490147e-07,0.9763263
pamap2,gnn_lstm,sequence,1,101,101,102,1682,1691,1691,9,9,16,16,vacuum_cleaning,vacuum_cleaning,True,0.00043232643,9.3630595e-05,1.4088482e-06,3.4261204e-05,4.4761573e-06,0.0056377393,4.084395e-07,0.00033866137,4.9509326e-06,0.99329174,0.0001602253,1.7707615e-07,0.99329174
pamap2,gnn_lstm,sequence,1,101,101,102,1683,1692,1692,9,9,16,16,vacuum_cleaning,vacuum_cleaning,True,0.00019517697,5.7279132e-05,5.931265e-07,1.1958273e-05,9.867833e-07,0.0013308752,1.3558163e-07,0.00015077865,1.6989479e-06,0.99817646,7.401621e-05,5.9748984e-08,0.99817646
pamap2,gnn_lstm,sequence,1,101,101,102,1684,1693,1693,9,9,16,16,vacuum_cleaning,vacuum_cleaning,True,0.00026078464,6.207507e-05,5.9845786e-07,1.32152345e-05,1.3043228e-06,0.0016598982,1.3497798e-07,0.00022335231,1.9371055e-06,0.99770916,6.740775e-05,6.129512e-08,0.99770916
pamap2,gnn_lstm,sequence,1,101,101,102,1685,1694,1694,9,9,16,16,vacuum_cleaning,vacuum_cleaning,True,0.00012505721,5.9879345e-05,5.913626e-07,5.206599e-06,3.3189457e-07,0.00029291926,8.057796e-08,9.6637465e-05,1.0029577e-06,0.9993641,5.4129978e-05,3.974567e-08,0.9993641
pamap2,gnn_lstm,sequence,1,101,101,102,1686,1695,1695,9,9,16,16,vacuum_cleaning,vacuum_cleaning,True,9.1049165e-05,4.8827504e-05,5.0476274e-07,5.004587e-06,2.697192e-07,0.00025796934,6.927227e-08,8.0302816e-05,9.1279475e-07,0.9994591,5.5986984e-05,3.3645538e-08,0.9994591
pamap2,gnn_lstm,sequence,1,101,101,102,1687,1696,1696,9,9,16,16,vacuum_cleaning,vacuum_cleaning,True,9.047925e-05,4.822054e-05,5.395245e-07,5.2861833e-06,2.7923213e-07,0.0002556863,7.37362e-08,8.946821e-05,1.0207665e-06,0.9994522,5.665482e-05,3.4722724e-08,0.9994522
pamap2,gnn_lstm,sequence,1,101,101,102,1688,1697,1697,9,9,16,16,vacuum_cleaning,vacuum_cleaning,True,9.585085e-05,4.1750725e-05,5.8627944e-07,5.5413916e-06,3.4743064e-07,0.00029505312,1.3110913e-07,0.0001531082,1.5501539e-06,0.9993506,5.546544e-05,3.76708e-08,0.9993506
pamap2,gnn_lstm,sequence,1,101,101,102,1689,1698,1698,9,9,16,16,vacuum_cleaning,vacuum_cleaning,True,0.0001195359,3.331818e-05,7.0734717e-07,6.238874e-06,6.6094304e-07,0.0005166195,3.2267812e-07,0.00037517914,3.0280573e-06,0.9988857,5.853599e-05,4.5006836e-08,0.9988857
pamap2,gnn_lstm,sequence,1,101,101,102,1690,1699,1699,9,9,16,16,vacuum_cleaning,vacuum_cleaning,True,0.00012010561,2.7543556e-05,6.776214e-07,6.279289e-06,8.4660445e-07,0.000647098,3.0811827e-07,0.0005253665,3.4585712e-06,0.998611,5.7344034e-05,3.838046e-08,0.998611
pamap2,gnn_lstm,sequence,1,101,101,102,1691,1700,1700,9,9,16,16,vacuum_cleaning,vacuum_cleaning,True,0.00016773175,3.3809847e-05,7.016983e-07,6.8863274e-06,1.0228956e-06,0.00067704153,2.6183866e-07,0.0006289603,3.4139928e-06,0.9984213,5.8786416e-05,4.125793e-08,0.9984213
pamap2,gnn_lstm,sequence,1,101,101,102,1692,1701,1701,9,9,16,16,vacuum_cleaning,vacuum_cleaning,True,0.00056831323,6.338875e-05,1.3249743e-06,1.8582447e-05,5.0857716e-06,0.002045876,6.5658395e-07,0.0024347745,9.381039e-06,0.99475646,9.585638e-05,1.0854479e-07,0.99475646
pamap2,gnn_lstm,sequence,1,101,101,102,1693,1702,1702,9,9,16,16,vacuum_cleaning,vacuum_cleaning,True,0.0017769769,0.00013484393,2.9501e-06,5.0883333e-05,2.2720846e-05,0.0050807907,1.9964098e-06,0.0072700996,2.5039217e-05,0.9854843,0.00014893628,3.653584e-07,0.9854843
pamap2,gnn_lstm,sequence,1,101,101,102,1694,1703,1703,9,9,16,16,vacuum_cleaning,vacuum_cleaning,True,0.0028669592,0.00023280754,3.8764256e-06,7.020601e-05,2.7279068e-05,0.005688282,2.014818e-06,0.0062732757,2.3858938e-05,0.9846644,0.00014657847,5.4725274e-07,0.9846644
pamap2,gnn_lstm,sequence,1,101,101,102,1695,1704,1704,9,9,16,16,vacuum_cleaning,vacuum_cleaning,True,0.0025767707,0.00028305885,3.2002508e-06,6.729216e-05,1.6992977e-05,0.004503449,1.163282e-06,0.0033199477,1.4672966e-05,0.98909026,0.00012262909,4.8229094e-07,0.98909026
pamap2,gnn_lstm,sequence,1,101,101,102,1696,1705,1705,9,9,16,16,vacuum_cleaning,vacuum_cleaning,True,0.0011556756,0.00020433679,1.3715224e-06,3.8616014e-05,4.890158e-06,0.0023304748,3.7584772e-07,0.0009877746,5.346911e-06,0.9951906,8.035155e-05,2.1073818e-07,0.9951906
pamap2,gnn_lstm,sequence,1,101,101,102,1697,1706,1706,9,9,16,16,vacuum_cleaning,vacuum_cleaning,True,0.0007800785,0.00021296323,9.95341e-07,3.948274e-05,2.9507862e-06,0.001740661,2.385315e-07,0.0005987687,3.767381e-06,0.9965532,6.6669745e-05,1.662971e-07,0.9965532
pamap2,gnn_lstm,sequence,1,101,101,102,1698,1707,1707,9,9,16,16,vacuum_cleaning,vacuum_cleaning,True,0.00043579563,0.00015381323,7.470879e-07,2.0637233e-05,1.1834856e-06,0.0008369131,1.3937334e-07,0.00030376788,2.1653668e-06,0.99819,5.470777e-05,9.545495e-08,0.99819
pamap2,gnn_lstm,sequence,1,101,101,102,1699,1708,1708,9,9,16,16,vacuum_cleaning,vacuum_cleaning,True,0.00018266277,0.00010072802,6.207147e-07,1.0955983e-05,4.0365643e-07,0.0003144803,7.8586666e-08,0.00013421138,1.301628e-06,0.9992053,4.9222086e-05,5.5678058e-08,0.9992053
pamap2,gnn_lstm,sequence,1,101,101,102,1700,1709,1709,9,9,16,16,vacuum_cleaning,vacuum_cleaning,True,0.00013911966,7.841258e-05,6.708448e-07,7.035125e-06,2.8206028e-07,0.00021472745,7.330918e-08,0.00010864417,1.1192934e-06,0.9994025,4.7470094e-05,4.5124953e-08,0.9994025
pamap2,gnn_lstm,sequence,1,101,101,102,1701,1710,1710,9,9,16,16,vacuum_cleaning,vacuum_cleaning,True,0.00015389033,8.033921e-05,7.5789194e-07,5.6024032e-06,2.8120496e-07,0.0001945356,8.1035544e-08,0.000109097746,1.0702289e-06,0.99940777,4.655041e-05,4.5038774e-08,0.99940777
pamap2,gnn_lstm,sequence,1,101,101,102,1702,1711,1711,9,9,16,16,vacuum_cleaning,vacuum_cleaning,True,0.0001335114,6.475355e-05,6.2884345e-07,5.069602e-06,2.5386984e-07,0.00019470124,7.030911e-08,0.00010640347,9.64319e-07,0.99945384,3.9815583e-05,3.5451958e-08,0.99945384
pamap2,gnn_lstm,sequence,1,101,101,102,1703,1712,1712,9,9,16,16,vacuum_cleaning,vacuum_cleaning,True,0.000114587216,5.4927037e-05,5.3673335e-07,5.3357953e-06,2.411546e-07,0.0001950548,6.566389e-08,0.00011117343,9.722637e-07,0.99948007,3.7010363e-05,3.113063e-08,0.99948007
pamap2,gnn_lstm,sequence,1,101,101,102,1704,1713,1713,9,9,16,16,vacuum_cleaning,vacuum_cleaning,True,9.798295e-05,4.72895e-05,4.4278113e-07,5.133807e-06,2.0971945e-07,0.00018269487,5.5510906e-08,0.000103995095,8.825326e-07,0.99952674,3.454897e-05,2.6018231e-08,0.99952674
pamap2,gnn_lstm,sequence,1,101,101,102,1705,1714,1714,9,9,16,16,vacuum_cleaning,vacuum_cleaning,True,0.000106459374,4.936361e-05,4.398566e-07,5.3446784e-06,2.2499017e-07,0.0001944694,5.7834907e-08,0.00011047358,9.078171e-07,0.9994993,3.2971177e-05,2.6653867e-08,0.9994993
pamap2,gnn_lstm,sequence,1,101,101,102,1706,1715,1715,9,9,16,16,vacuum_cleaning,vacuum_cleaning,True,0.00019726405,9.091951e-05,9.117165e-07,6.8549157e-06,4.084941e-07,0.00024165538,1.10552406e-07,0.00015171767,1.3876306e-06,0.9992662,4.2472693e-05,5.457657e-08,0.9992662
pamap2,gnn_lstm,sequence,1,101,101,102,1707,1716,1716,9,9,16,16,vacuum_cleaning,vacuum_cleaning,True,0.00028361514,0.00011506177,1.2691954e-06,8.116916e-06,6.244617e-07,0.0003373975,1.3452743e-07,0.00018829796,1.7212336e-06,0.99901164,5.207363e-05,7.41562e-08,0.99901164
pamap2,gnn_lstm,sequence,1,101,101,102,1708,1717,1717,9,9,16,16,vacuum_cleaning,vacuum_cleaning,True,0.00023630318,0.00013444223,1.311235e-06,8.249711e-06,4.4423302e-07,0.00022912597,1.0355372e-07,0.00012688377,1.4059895e-06,0.9992053,5.63545e-05,7.8510865e-08,0.9992053
pamap2,gnn_lstm,sequence,1,101,101,102,1709,1718,1718,9,9,16,16,vacuum_cleaning,vacuum_cleaning,True,0.00014174747,0.00010253724,8.594304e-07,8.571022e-06,2.8259444e-07,0.0001830738,6.707881e-08,9.116138e-05,1.1194834e-06,0.99941766,5.2781954e-05,5.606109e-08,0.99941766
pamap2,gnn_lstm,sequence,1,101,101,102,1710,1719,1719,9,9,16,16,vacuum_cleaning,vacuum_cleaning,True,9.8429984e-05,9.6942334e-05,8.7799276e-07,1.2114701e-05,2.47374e-07,0.00016893617,7.2597615e-08,9.5046445e-05,1.4743898e-06,0.99945825,6.748228e-05,6.09202e-08,0.99945825
pamap2,gnn_lstm,sequence,1,101,101,102,1711,1720,1720,9,9,16,16,vacuum_cleaning,vacuum_cleaning,True,8.452124e-05,8.074053e-05,7.946936e-07,1.4437171e-05,2.5783592e-07,0.00019927847,7.7845336e-08,0.00010514215,1.6963055e-06,0.99944884,6.413073e-05,5.7926922e-08,0.99944884
pamap2,gnn_lstm,sequence,1,101,101,102,1712,1721,1721,9,9,16,16,vacuum_cleaning,vacuum_cleaning,True,8.239847e-05,6.834298e-05,6.8166185e-07,1.8826737e-05,3.1517575e-07,0.00029516296,8.1503245e-08,0.0001296985,2.0276757e-06,0.99934524,5.709774e-05,5.4337928e-08,0.99934524
pamap2,gnn_lstm,sequence,1,101,101,102,1713,1722,1722,9,9,16,16,vacuum_cleaning,vacuum_cleaning,True,0.000100069774,5.920231e-05,5.585674e-07,1.989494e-05,4.2704332e-07,0.0004581727,8.3686444e-08,0.00016613788,2.1037818e-06,0.9991492,4.4038155e-05,4.7990124e-08,0.9991492
pamap2,gnn_lstm,sequence,1,101,101,102,1714,1723,1723,9,9,16,16,vacuum_cleaning,vacuum_cleaning,True,0.00014838808,5.9567457e-05,6.2088026e-07,1.8449811e-05,6.270139e-07,0.00065527676,1.0822711e-07,0.00024752997,2.4911637e-06,0.9988238,4.3179603e-05,5.0253924e-08,0.9988238
pamap2,gnn_lstm,sequence,1,101,101,102,1715,1724,1724,9,9,16,16,vacuum_cleaning,vacuum_cleaning,True,0.00029736056,7.3646275e-05,8.488129e-07,2.6102465e-05,1.6472959e-06,0.0014614214,1.760873e-07,0.00057249784,4.119008e-06,0.99750286,5.92472e-05,7.3116404e-08,0.99750286
pamap2,gnn_lstm,sequence,1,101,101,102,1716,1725,1725,9,9,16,16,vacuum_cleaning,vacuum_cleaning,True,0.0005829984,0.0001188494,1.503158e-06,5.1739305e-05,4.790471e-06,0.0026657027,3.569867e-07,0.0014173976,8.494791e-06,0.9950631,8.496149e-05,1.4893659e-07,0.9950631
pamap2,gnn_lstm,sequence,1,101,101,102,1717,1726,1726,9,9,16,16,vacuum_cleaning,vacuum_cleaning,True,0.0008578474,0.0001420873,2.4852152e-06,3.605631e-05,5.4886864e-06,0.002021361,7.6527346e-07,0.0018894733,1.122187e-05,0.9949431,8.994074e-05,2.1056564e-07,0.9949431
pamap2,gnn_lstm,sequence,1,101,101,102,1718,1727,1727,9,9,16,16,vacuum_cleaning,vacuum_cleaning,True,0.0012950271,9.255851e-05,2.7636925e-06,6.69379e-05,2.3478731e-05,0.009866692,2.4562066e-06,0.005934381,2.9655848e-05,0.9825461,0.00013963408,3.1346272e-07,0.9825461
pamap2,gnn_lstm,sequence,1,101,101,102,1719,1728,1728,9,9,16,16,vacuum_cleaning,vacuum_cleaning,True,0.0023708758,0.00010553184,4.3852833e-06,0.00031146922,0.0004295499,0.15374221,7.915061e-06,0.034916747,0.00018161203,0.8074172,0.0005112893,1.3646043e-06,0.8074172
pamap2,gnn_lstm,sequence,1,101,101,102,1720,1729,1729,9,9,16,16,vacuum_cleaning,vacuum_cleaning,True,0.0019473012,7.772023e-05,3.885822e-06,0.00048473803,0.0013845923,0.45816585,9.890446e-06,0.0634879,0.0003922198,0.4733012,0.00074234157,2.3837065e-06,0.4733012
pamap2,gnn_lstm,sequence,1,101,101,102,1721,1730,1730,9,9,16,16,vacuum_cleaning,vacuum_cleaning,True,0.0015885134,7.710948e-05,3.6211536e-06,0.00021403802,0.00033870578,0.12928532,5.9778504e-06,0.029141689,0.00014878415,0.8385944,0.0006008237,1.0047547e-06,0.8385944
pamap2,gnn_lstm,sequence,1,101,101,102,1722,1731,1731,9,9,16,16,vacuum_cleaning,vacuum_cleaning,True,0.00040451033,3.7133217e-05,1.0731283e-06,1.2143477e-05,4.1032595e-06,0.0022529857,6.5842823e-07,0.0020322541,8.362733e-06,0.99514765,9.902058e-05,7.5554524e-08,0.99514765
pamap2,gnn_lstm,sequence,1,101,101,102,1723,1732,1732,9,9,16,16,vacuum_cleaning,vacuum_cleaning,True,0.00015269413,3.4650002e-05,7.9319864e-07,5.108152e-06,7.9344e-07,0.0005555624,2.341033e-07,0.00041343473,2.7957815e-06,0.9987709,6.29074e-05,3.9659927e-08,0.9987709
pamap2,gnn_lstm,sequence,1,101,101,102,1724,1733,1733,9,9,16,16,vacuum_cleaning,vacuum_cleaning,True,0.00018778184,5.2205738e-05,1.1974026e-06,7.069524e-06,1.0014456e-06,0.0006025126,2.7421197e-07,0.0004064529,3.4030536e-06,0.99866295,7.5075666e-05,6.131171e-08,0.99866295
pamap2,gnn_lstm,sequence,1,101,101,102,1725,1734,1734,9,9,16,16,vacuum_cleaning,vacuum_cleaning,True,0.00022274784,6.4869026e-05,1.61393e-06,1.39978365e-05,1.6816373e-06,0.0009978797,4.0923612e-07,0.00054748746,5.5428422e-06,0.99805766,8.604336e-05,9.856779e-08,0.99805766
pamap2,gnn_lstm,sequence,1,101,101,102,1726,1735,1735,9,9,16,16,vacuum_cleaning,vacuum_cleaning,True,0.00030388334,4.6497786e-05,1.7360517e-06,4.327957e-05,6.166277e-06,0.004997467,9.911317e-07,0.0016652078,1.6493237e-05,0.9928197,9.8322766e-05,1.419745e-07,0.9928197
pamap2,gnn_lstm,sequence,1,101,101,102,1727,1736,1736,9,9,16,16,vacuum_cleaning,vacuum_cleaning,True,0.0003064349,3.8394937e-05,1.9556494e-06,9.2995935e-05,1.5667674e-05,0.017898574,1.5696949e-06,0.002762126,3.457504e-05,0.9787041,0.00014351362,1.9320497e-07,0.9787041
pamap2,gnn_lstm,sequence,1,101,101,102,1728,1737,1737,9,9,16,16,vacuum_cleaning,vacuum_cleaning,True,0.00034630974,3.406938e-05,1.8089205e-06,0.00013249285,2.9531784e-05,0.040898237,1.7218323e-06,0.0038068963,4.7223988e-05,0.95452964,0.00017198056,2.1482352e-07,0.95452964
pamap2,gnn_lstm,sequence,1,101,101,102,1729,1738,1738,9,9,16,16,vacuum_cleaning,vacuum_cleaning,True,0.00042017607,3.8953192e-05,1.7791932e-06,0.0001393166,3.2622902e-05,0.03795394,1.6261002e-06,0.0040089637,3.994237e-05,0.95718867,0.000173768,2.1347172e-07,0.95718867
pamap2,gnn_lstm,sequence,1,101,101,102,1730,1739,1739,9,9,16,16,vacuum_cleaning,vacuum_cleaning,True,0.0004995478,5.28423e-05,1.8584071e-06,0.00014100608,3.131418e-05,0.031802297,1.3032464e-06,0.003246885,3.0775587e-05,0.964015,0.00017694359,2.394107e-07,0.964015
pamap2,gnn_lstm,sequence,1,101,101,102,1731,1740,1740,9,9,16,16,vacuum_cleaning,vacuum_cleaning,True,0.0006408953,8.04825e-05,2.1249923e-06,0.000118844735,2.5224792e-05,0.019338824,1.1278217e-06,0.0024775232,2.2305152e-05,0.9771205,0.00017186541,2.8381015e-07,0.9771205
pamap2,gnn_lstm,sequence,1,101,101,102,1732,1741,1741,9,9,16,16,vacuum_cleaning,vacuum_cleaning,True,0.0011677131,0.00014400903,3.1575944e-06,0.00011583253,2.7032058e-05,0.012413503,1.4303366e-06,0.0031795478,2.3480214e-05,0.98275995,0.00016397203,4.3129796e-07,0.98275995
pamap2,gnn_lstm,sequence,1,101,101,102,1733,1742,1742,9,9,16,16,vacuum_cleaning,vacuum_cleaning,True,0.0029742848,0.00032719516,7.0378887e-06,0.00018279624,4.8107442e-05,0.009426232,3.1006145e-06,0.007874169,4.520203e-05,0.97893256,0.00017830872,9.876222e-07,0.97893256
pamap2,gnn_lstm,sequence,1,101,101,102,1734,1743,1743,9,9,16,16,vacuum_cleaning,vacuum_cleaning,True,0.0022160304,0.00034653142,5.7444236e-06,8.090039e-05,1.3845415e-05,0.002697504,1.5183861e-06,0.0035326153,2.0830068e-05,0.9909667,0.00011714652,5.924169e-07,0.9909667
pamap2,gnn_lstm,sequence,1,101,101,102,1735,1744,1744,9,9,16,16,vacuum_cleaning,vacuum_cleaning,True,0.0007254699,0.00021406231,1.9728977e-06,3.0860607e-05,2.1314052e-06,0.00070241396,2.6291232e-07,0.00078228343,4.8519237e-06,0.99746656,6.903755e-05,1.678888e-07,0.99746656
pamap2,gnn_lstm,sequence,1,101,101,102,1736,1745,1745,9,9,16,16,vacuum_cleaning,vacuum_cleaning,True,0.0002756381,0.0001985593,1.2104567e-06,3.6631685e-05,9.1113117e-07,0.0003460519,1.2998801e-07,0.0004267587,3.5821818e-06,0.9986418,6.860049e-05,1.1404383e-07,0.9986418
pamap2,gnn_lstm,sequence,1,101,101,102,1737,1746,1746,9,9,16,16,vacuum_cleaning,vacuum_cleaning,True,0.00041196987,0.00043827583,2.6386067e-06,8.7418e-05,1.6877664e-06,0.00041894862,2.3714395e-07,0.00076447485,8.058198e-06,0.99772054,0.00014552743,2.8200887e-07,0.99772054
pamap2,gnn_lstm,sequence,1,101,101,102,1738,1747,1747,9,9,16,16,vacuum_cleaning,vacuum_cleaning,True,0.0003042539,0.000244304,1.9180288e-06,4.827001e-05,1.2678447e-06,0.00043024743,1.7100095e-07,0.00069648266,6.2073705e-06,0.99813026,0.00013648625,1.5938463e-07,0.99813026
pamap2,gnn_lstm,sequence,1,101,101,102,1739,1748,1748,9,9,16,16,vacuum_cleaning,vacuum_cleaning,True,0.00019389915,9.853037e-05,9.555748e-07,2.5196714e-05,9.353174e-07,0.00051554886,1.12078446e-07,0.00060832535,4.097027e-06,0.9984559,9.6496624e-05,6.846411e-08,0.9984559
pamap2,gnn_lstm,sequence,1,101,101,102,1740,1749,1749,9,9,16,16,vacuum_cleaning,vacuum_cleaning,True,0.00020090715,5.7647605e-05,6.790209e-07,1.1581358e-05,8.4483594e-07,0.00053141755,1.1969121e-07,0.0006015193,2.9341634e-06,0.9985247,6.775351e-05,4.3633143e-08,0.9985247
pamap2,gnn_lstm,sequence,1,101,101,102,1741,1750,1750,9,9,16,16,vacuum_cleaning,vacuum_cleaning,True,0.000259937,4.2283682e-05,8.3498423e-07,1.2306297e-05,1.6193771e-06,0.0009409008,3.6126437e-07,0.0012715609,5.8387686e-06,0.99739647,6.794397e-05,5.8754388e-08,0.99739647
pamap2,gnn_lstm,sequence,1,101,101,102,1742,1751,1751,9,9,16,16,vacuum_cleaning,vacuum_cleaning,True,0.00026747893,2.544749e-05,8.3312597e-07,1.3459545e-05,2.868344e-06,0.0017329247,1.1436609e-06,0.0023368795,1.1119137e-05,0.9955413,6.658058e-05,7.378887e-08,0.9955413
pamap2,gnn_lstm,sequence,1,101,101,102,1743,1752,1752,9,9,16,16,vacuum_cleaning,vacuum_cleaning,True,0.00021575924,1.9167663e-05,9.281972e-07,1.3541875e-05,3.1760496e-06,0.0024312069,1.9415434e-06,0.0019328797,1.324733e-05,0.9952996,6.833858e-05,7.7615965e-08,0.9952996
pamap2,gnn_lstm,sequence,1,101,101,102,1744,1753,1753,9,9,16,16,vacuum_cleaning,vacuum_cleaning,True,0.0001541488,1.9011368e-05,1.0147671e-06,1.5840451e-05,2.7794053e-06,0.002393506,1.8836015e-06,0.0011736723,1.1459261e-05,0.99614644,8.0092315e-05,8.455671e-08,0.99614644
pamap2,gnn_lstm,sequence,1,101,101,102,1745,1754,1754,9,9,16,16,vacuum_cleaning,vacuum_cleaning,True,0.00018167909,2.9875178e-05,1.6897748e-06,1.9121133e-05,3.365791e-06,0.002349709,3.1049378e-06,0.00093320635,1.279308e-05,0.9963476,0.00011764802,1.4882822e-07,0.9963476
pamap2,gnn_lstm,sequence,1,101,101,102,1746,1755,1755,9,9,16,16,vacuum_cleaning,vacuum_cleaning,True,0.0002829001,5.3298096e-05,3.2842124e-06,2.4313144e-05,4.891894e-06,0.0023965314,7.720141e-06,0.00101641,1.8495104e-05,0.9960226,0.00016910885,3.2601633e-07,0.9960226
pamap2,gnn_lstm,sequence,1,101,101,102,1747,1756,1756,9,9,16,16,vacuum_cleaning,vacuum_cleaning,True,0.000215158,6.5759246e-05,4.522104e-06,2.6873562e-05,4.2354945e-06,0.001791469,7.0550955e-06,0.00081161887,1.9778034e-05,0.9967938,0.0002594138,3.910158e-07,0.9967938
pamap2,gnn_lstm,sequence,1,101,101,102,1748,1757,1757,9,9,16,16,vacuum_cleaning,vacuum_cleaning,True,0.00014491296,5.7989422e-05,3.132449e-06,1.3629699e-05,1.6930135e-06,0.0007139521,2.6419907e-06,0.00042158522,9.1260845e-06,0.9984211,0.00021012024,2.1918302e-07,0.9984211
pamap2,gnn_lstm,sequence,1,101,101,102,1749,1758,1758,9,9,16,16,vacuum_cleaning,vacuum_cleaning,True,0.000171047,7.069442e-05,3.0926476e-06,9.362413e-06,1.2369509e-06,0.0004827633,2.1746173e-06,0.00031603285,6.343026e-06,0.9987594,0.00017761714,2.0767716e-07,0.9987594
pamap2,gnn_lstm,sequence,1,101,101,102,1750,1759,1759,9,9,16,16,vacuum_cleaning,vacuum_cleaning,True,0.00016046908,7.910494e-05,2.906174e-06,8.409797e-06,1.0287213e-06,0.00041408988,1.4005881e-06,0.00024730398,5.024426e-06,0.99890506,0.0001751228,1.8614193e-07,0.99890506
pamap2,gnn_lstm,sequence,1,101,101,102,1751,1760,1760,9,9,16,16,vacuum_cleaning,vacuum_cleaning,True,0.00012632615,6.616471e-05,1.4460412e-06,4.703358e-06,4.624519e-07,0.00024271687,3.7513198e-07,0.00012631013,1.956113e-06,0.9993242,0.00010539777,8.377665e-08,0.9993242
pamap2,gnn_lstm,sequence,1,101,101,102,1752,1761,1761,9,9,16,16,vacuum_cleaning,vacuum_cleaning,True,0.00011563859,5.8943682e-05,8.3364057e-07,3.228965e-06,2.5959508e-07,0.00016820086,1.5910886e-07,8.025895e-05,1.0072517e-06,0.99950397,6.7335e-05,4.8507967e-08,0.99950397
pamap2,gnn_lstm,sequence,1,101,101,102,1753,1762,1762,9,9,16,16,vacuum_cleaning,vacuum_cleaning,True,0.00012853878,5.9155333e-05,6.207684e-07,2.653953e-06,1.9587311e-07,0.00013745281,1.0701644e-07,7.035456e-05,7.267637e-07,0.99955195,4.8223428e-05,3.7623238e-08,0.99955195
pamap2,gnn_lstm,sequence,1,101,101,102,1754,1763,1763,9,9,16,16,vacuum_cleaning,vacuum_cleaning,True,0.0001488121,5.4988177e-05,4.7034948e-07,2.1120572e-06,1.5799542e-07,0.00012296902,8.315061e-08,6.935999e-05,5.6316986e-07,0.9995653,3.5183704e-05,2.8376931e-08,0.9995653
pamap2,gnn_lstm,sequence,1,101,101,102,1755,1764,1764,9,9,16,16,vacuum_cleaning,vacuum_cleaning,True,0.00017336848,5.782971e-05,4.4172523e-07,2.6373639e-06,1.7201562e-07,0.00013417067,6.850052e-08,9.272147e-05,6.1722767e-07,0.9995072,3.0800802e-05,2.6576053e-08,0.9995072
pamap2,gnn_lstm,sequence,1,101,101,102,1756,1765,1765,9,9,16,16,vacuum_cleaning,vacuum_cleaning,True,0.00025233853,6.462433e-05,4.833343e-07,6.1403607e-06,4.325216e-07,0.00031157926,7.82074e-08,0.00022703181,1.1778232e-06,0.999094,4.203092e-05,3.5675274e-08,0.999094
pamap2,gnn_lstm,sequence,1,101,101,102,1757,1766,1766,9,9,16,16,vacuum_cleaning,vacuum_cleaning,True,0.0005425769,0.00015169341,1.4454312e-06,1.6017304e-05,1.5058629e-06,0.00058994547,1.8538255e-07,0.0006227834,3.3841197e-06,0.9979923,7.8168225e-05,1.0300298e-07,0.9979923
pamap2,gnn_lstm,sequence,1,101,101,102,1758,1767,1767,9,9,16,16,vacuum_cleaning,vacuum_cleaning,True,0.00026471863,0.00010667463,1.2683302e-06,9.905079e-06,6.730233e-07,0.00032017883,1.3605671e-07,0.00032111764,2.3982138e-06,0.9989058,6.711268e-05,7.044703e-08,0.9989058
pamap2,gnn_lstm,sequence,1,101,101,102,1759,1768,1768,9,9,16,16,vacuum_cleaning,vacuum_cleaning,True,0.00015506255,8.306639e-05,1.0687429e-06,7.129333e-06,3.8698334e-07,0.00021902825,1.04912104e-07,0.00019018257,1.8049775e-06,0.9992772,6.489478e-05,5.2940806e-08,0.9992772
pamap2,gnn_lstm,sequence,1,101,101,102,1760,1769,1769,9,9,16,16,vacuum_cleaning,vacuum_cleaning,True,0.00013202433,8.948254e-05,1.1694989e-06,6.8050736e-06,3.157892e-07,0.00017521785,1.0144163e-07,0.0001414484,1.6378751e-06,0.9993806,7.106864e-05,5.7176564e-08,0.9993806
pamap2,gnn_lstm,sequence,1,101,101,102,1761,1770,1770,9,9,16,16,vacuum_cleaning,vacuum_cleaning,True,0.00013061427,8.774213e-05,1.1463053e-06,6.6701027e-06,3.1901249e-07,0.00018205629,1.0387306e-07,0.00012775356,1.5419473e-06,0.99939454,6.753328e-05,5.791615e-08,0.99939454
pamap2,gnn_lstm,sequence,1,101,101,102,1762,1771,1771,9,9,16,16,vacuum_cleaning,vacuum_cleaning,True,0.00014508866,9.0363195e-05,1.1421563e-06,6.703223e-06,3.5966355e-07,0.00020833615,1.071418e-07,0.0001237368,1.4906586e-06,0.99935716,6.5468215e-05,6.061964e-08,0.99935716
pamap2,gnn_lstm,sequence,1,101,101,102,1763,1772,1772,9,9,16,16,vacuum_cleaning,vacuum_cleaning,True,9.5827185e-05,6.816259e-05,8.7147856e-07,6.244279e-06,2.8498414e-07,0.0001990268,9.009134e-08,9.592924e-05,1.3145025e-06,0.9994593,7.293165e-05,4.893475e-08,0.9994593
pamap2,gnn_lstm,sequence,1,101,101,102,1764,1773,1773,9,9,16,16,vacuum_cleaning,vacuum_cleaning,True,8.726952e-05,6.529046e-05,8.943214e-07,6.270235e-06,2.8439436e-07,0.00020374364,1.0397888e-07,8.69851e-05,1.3535026e-06,0.9994648,8.296789e-05,5.1818347e-08,0.9994648
pamap2,gnn_lstm,sequence,1,101,101,102,1765,1774,1774,9,9,16,16,vacuum_cleaning,vacuum_cleaning,True,8.1401995e-05,5.7820675e-05,7.535421e-07,6.2044446e-06,2.6969826e-07,0.00021830392,9.639178e-08,7.677862e-05,1.1938407e-06,0.9994825,7.462954e-05,4.591099e-08,0.9994825
pamap2,gnn_lstm,sequence,1,101,101,102,1766,1775,1775,9,9,16,16,vacuum_cleaning,vacuum_cleaning,True,9.839063e-05,5.255258e-05,7.070859e-07,6.9451125e-06,3.6554582e-07,0.00031377692,1.1954182e-07,0.000108688124,1.4404907e-06,0.999356,6.1006725e-05,4.614694e-08,0.999356
pamap2,gnn_lstm,sequence,1,101,101,102,1767,1776,1776,9,9,16,16,vacuum_cleaning,vacuum_cleaning,True,0.00012289599,4.250482e-05,7.5670636e-07,9.060896e-06,6.950281e-07,0.00064331084,2.3071858e-07,0.0002055935,2.4193619e-06,0.99891067,6.191036e-05,5.493138e-08,0.99891067
pamap2,gnn_lstm,sequence,1,101,101,102,1768,1777,1777,9,9,16,16,vacuum_cleaning,vacuum_cleaning,True,0.0001429539,4.5335033e-05,8.2848516e-07,6.863443e-06,7.0149804e-07,0.0005756232,2.7004796e-07,0.0002149298,2.370599e-06,0.9989458,6.421568e-05,5.7057253e-08,0.9989458
pamap2,gnn_lstm,sequence,1,101,101,102,1769,1778,1778,9,9,16,16,vacuum_cleaning,vacuum_cleaning,True,0.00018412387,6.1576444e-05,9.885213e-07,5.313907e-06,6.436592e-07,0.00044534574,3.0229674e-07,0.00018122436,2.045724e-06,0.99905187,6.6514396e-05,6.7330184e-08,0.99905187
pamap2,gnn_lstm,sequence,1,101,101,102,1770,1779,1779,9,9,16,16,vacuum_cleaning,vacuum_cleaning,True,0.00026682392,8.304972e-05,1.3939242e-06,5.615694e-06,8.99847e-07,0.00057752925,4.3970746e-07,0.00018414846,2.2808147e-06,0.99879944,7.826391e-05,9.565836e-08,0.99879944
pamap2,gnn_lstm,sequence,1,101,101,102,1771,1780,1780,9,9,16,16,vacuum_cleaning,vacuum_cleaning,True,0.00030066413,0.00010377098,1.6925799e-06,5.2872165e-06,8.9484934e-07,0.00055193616,4.899046e-07,0.00014714114,2.0810592e-06,0.9987919,9.399958e-05,1.15650174e-07,0.9987919
pamap2,gnn_lstm,sequence,1,101,101,102,1772,1781,1781,9,9,16,16,vacuum_cleaning,vacuum_cleaning,True,0.00035396146,0.00012959207,2.373745e-06,8.080572e-06,1.4478052e-06,0.0008952775,6.6253375e-07,0.00015355895,2.697139e-06,0.99831486,0.00013731228,1.7818357e-07,0.99831486
pamap2,gnn_lstm,sequence,1,101,101,102,1773,1782,1782,9,9,16,16,vacuum_cleaning,vacuum_cleaning,True,0.0005157896,0.00016224607,2.351867e-06,1.1307828e-05,2.2718552e-06,0.0016970359,5.165834e-07,0.00015780535,2.6424823e-06,0.9972888,0.00015906988,2.099499e-07,0.9972888
pamap2,gnn_lstm,sequence,1,101,101,102,1774,1783,1783,9,9,16,16,vacuum_cleaning,vacuum_cleaning,True,0.00058416557,0.00021737051,2.6970251e-06,1.9393265e-05,3.439673e-06,0.0027359466,4.1433813e-07,0.00013998938,2.8985066e-06,0.9960437,0.0002496404,2.9786443e-07,0.9960437
pamap2,gnn_lstm,sequence,1,101,101,102,1775,1784,1784,9,9,16,16,vacuum_cleaning,vacuum_cleaning,True,0.00049639784,0.00024063283,2.814093e-06,2.238488e-05,2.960588e-06,0.0022290486,3.2364028e-07,0.00010730017,2.6402145e-06,0.9965953,0.0002999952,3.2174947e-07,0.9965953
pamap2,gnn_lstm,sequence,1,101,101,102,1776,1785,1785,9,9,16,16,vacuum_cleaning,vacuum_cleaning,True,0.00030374125,0.00015861573,1.6922844e-06,1.7824525e-05,1.3191672e-06,0.0010594784,2.0755105e-07,8.529303e-05,1.932668e-06,0.9981852,0.00018442736,1.897876e-07,0.9981852
pamap2,gnn_lstm,sequence,1,101,101,102,1777,1786,1786,9,9,16,16,vacuum_cleaning,vacuum_cleaning,True,0.00040983592,0.00013964293,1.5968328e-06,6.0224458e-05,2.9608395e-06,0.0033393882,4.4708685e-07,0.0002257839,5.105067e-06,0.9956483,0.00016634644,2.797163e-07,0.9956483
pamap2,gnn_lstm,sequence,1,101,101,102,1778,1787,1787,9,9,16,16,vacuum_cleaning,vacuum_cleaning,True,0.0004211706,0.00013136695,1.361821e-06,0.00015571153,4.031653e-06,0.0052565206,1.1874503e-06,0.0005201427,1.2039071e-05,0.9933856,0.00011058209,3.5931092e-07,0.9933856
pamap2,gnn_lstm,sequence,1,101,101,102,1779,1788,1788,9,9,16,16,vacuum_cleaning,vacuum_cleaning,True,0.00021638037,6.787006e-05,9.3604774e-07,0.00014493492,3.5884464e-06,0.0058067534,1.033235e-06,0.0006517931,1.339885e-05,0.9929894,0.00010377539,2.0158933e-07,0.9929894
pamap2,gnn_lstm,sequence,1,101,101,102,1780,1789,1789,9,9,16,16,vacuum_cleaning,vacuum_cleaning,True,0.00010406461,3.5235626e-05,4.917971e-07,3.764972e-05,1.1824147e-06,0.0018240967,3.8718733e-07,0.00033785947,4.9073383e-06,0.99758756,6.647431e-05,7.0856515e-08,0.99758756
pamap2,gnn_lstm,sequence,1,101,101,102,1781,1790,1790,9,9,16,16,vacuum_cleaning,vacuum_cleaning,True,8.3345745e-05,3.3670105e-05,3.9659685e-07,1.718661e-05,5.892084e-07,0.0007873773,2.0944177e-07,0.00019964302,2.508456e-06,0.9988223,5.269596e-05,4.7081432e-08,0.9988223
pamap2,gnn_lstm,sequence,1,101,101,102,1782,1791,1791,9,9,16,16,vacuum_cleaning,vacuum_cleaning,True,0.00010535216,4.9898757e-05,5.6996436e-07,1.2810638e-05,4.7353478e-07,0.00045485146,2.1104599e-07,0.00017647255,2.2738861e-06,0.99914134,5.5632867e-05,5.952882e-08,0.99914134
pamap2,gnn_lstm,sequence,1,101,101,102,1783,1792,1792,9,9,16,16,vacuum_cleaning,vacuum_cleaning,True,0.00019701681,6.618737e-05,9.685256e-07,8.697217e-06,7.379771e-07,0.0004733235,4.2498866e-07,0.0002042455,2.4292647e-06,0.9989889,5.6799203e-05,9.219759e-08,0.9989889
pamap2,gnn_lstm,sequence,1,101,101,102,1784,1793,1793,9,9,16,16,vacuum_cleaning,vacuum_cleaning,True,0.00020838987,7.696909e-05,1.5107688e-06,8.443091e-06,8.7073613e-07,0.00043724908,5.647926e-07,0.00021495589,2.8909976e-06,0.9989717,7.631747e-05,1.218857e-07,0.9989717
pamap2,gnn_lstm,sequence,1,101,101,102,1785,1794,1794,9,9,16,16,vacuum_cleaning,vacuum_cleaning,True,0.00019120723,9.3344046e-05,1.8803381e-06,8.193562e-06,7.6598326e-07,0.00035814522,4.7094875e-07,0.00016530194,2.6375026e-06,0.99908125,9.65882e-05,1.3227213e-07,0.99908125
pamap2,gnn_lstm,sequence,1,101,101,102,1786,1795,1795,9,9,16,16,vacuum_cleaning,vacuum_cleaning,True,0.00013727292,9.1053706e-05,1.4717951e-06,6.3459397e-06,4.5308008e-07,0.0002559633,2.3931494e-07,9.002062e-05,1.6201997e-06,0.99931157,0.00010391462,9.291862e-08,0.99931157
pamap2,gnn_lstm,sequence,1,101,101,102,1787,1796,1796,9,9,16,16,vacuum_cleaning,vacuum_cleaning,True,0.00014338522,9.0701484e-05,1.1366602e-06,4.743823e-06,3.180671e-07,0.00019763246,1.926687e-07,7.191224e-05,1.1652833e-06,0.9994068,8.197737e-05,7.511901e-08,0.9994068
pamap2,gnn_lstm,sequence,1,101,101,102,1788,1797,1797,9,9,16,16,vacuum_cleaning,vacuum_cleaning,True,0.00015257929,7.7940065e-05,7.990783e-07,3.529187e-06,2.505605e-07,0.00018136684,1.8330698e-07,6.431297e-05,8.831732e-07,0.99945885,5.9346563e-05,5.79148e-08,0.99945885
pamap2,gnn_lstm,sequence,1,101,101,102,1789,1798,1798,9,9,16,16,vacuum_cleaning,vacuum_cleaning,True,0.00014156727,7.942386e-05,7.980097e-07,3.6926876e-06,2.333352e-07,0.0001650027,1.5113446e-07,6.043499e-05,8.421094e-07,0.9994892,5.851335e-05,5.5754462e-08,0.9994892
pamap2,gnn_lstm,sequence,1,101,101,102,1790,1799,1799,9,9,16,16,vacuum_cleaning,vacuum_cleaning,True,0.00012523092,8.82503e-05,1.0226987e-06,4.680673e-06,2.6959336e-07,0.00017383722,1.528007e-07,6.255795e-05,1.0399368e-06,0.9994617,8.119779e-05,6.7361015e-08,0.9994617
pamap2,gnn_lstm,sequence,1,101,101,102,1791,1800,1800,9,9,16,16,vacuum_cleaning,vacuum_cleaning,True,0.00014668275,0.000109210036,1.4440064e-06,5.180006e-06,3.422621e-07,0.00019345124,2.0400444e-07,7.1303824e-05,1.3200647e-06,0.9993656,0.00010507425,9.085473e-08,0.9993656
pamap2,gnn_lstm,sequence,1,101,101,102,1792,1801,1801,9,9,16,16,vacuum_cleaning,vacuum_cleaning,True,0.000158545,9.7601966e-05,1.3178193e-06,4.632239e-06,3.5904074e-07,0.00021356893,2.4229266e-07,7.880497e-05,1.3382746e-06,0.99934644,9.710349e-05,8.6812165e-08,0.99934644
pamap2,gnn_lstm,sequence,1,101,101,102,1793,1802,1802,9,9,16,16,vacuum_cleaning,vacuum_cleaning,True,0.00014717097,8.911647e-05,1.4146209e-06,5.4881157e-06,4.3069912e-07,0.00025060328,2.7897966e-07,9.364093e-05,1.6664238e-06,0.9992982,0.00011182539,9.39295e-08,0.9992982
pamap2,gnn_lstm,sequence,1,101,101,102,1794,1803,1803,9,9,16,16,vacuum_cleaning,vacuum_cleaning,True,0.00013587541,8.0514124e-05,1.3556543e-06,5.808588e-06,4.4478872e-07,0.0002709999,3.4854185e-07,0.00010095912,1.9070335e-06,0.99927574,0.00012595399,9.646489e-08,0.99927574
pamap2,gnn_lstm,sequence,1,101,101,102,1795,1804,1804,9,9,16,16,vacuum_cleaning,vacuum_cleaning,True,0.0001266453,7.7141536e-05,1.6134538e-06,6.562341e-06,5.090241e-07,0.00028998885,5.1365873e-07,0.00011489091,2.4035694e-06,0.9992306,0.00014899584,1.15114354e-07,0.9992306
pamap2,gnn_lstm,sequence,1,101,101,102,1796,1805,1805,9,9,16,16,vacuum_cleaning,vacuum_cleaning,True,0.00012347681,7.769241e-05,1.7835822e-06,5.971111e-06,4.6068115e-07,0.00024054664,5.7140176e-07,0.000115760464,2.417455e-06,0.9992805,0.00015073868,1.186096e-07,0.9992805
pamap2,gnn_lstm,sequence,1,101,101,102,1797,1806,1806,9,9,16,16,vacuum_cleaning,vacuum_cleaning,True,0.00011186774,7.2910174e-05,1.7509115e-06,6.152573e-06,4.5192917e-07,0.00023306702,4.959761e-07,0.00011427306,2.3727293e-06,0.999303,0.00015355198,1.1165824e-07,0.999303
pamap2,gnn_lstm,sequence,1,101,101,102,1798,1807,1807,9,9,16,16,vacuum_cleaning,vacuum_cleaning,True,9.610796e-05,6.8298046e-05,1.5822917e-06,6.6846196e-06,4.5540932e-07,0.00024404276,3.5031852e-07,0.00010376912,2.1684568e-06,0.99931896,0.00015743518,9.8500536e-08,0.99931896
pamap2,gnn_lstm,sequence,1,101,101,102,1799,1808,1808,9,9,16,16,vacuum_cleaning,vacuum_cleaning,True,9.839314e-05,7.51749e-05,1.8874489e-06,8.415341e-06,5.8615603e-07,0.00029759455,3.5510143e-07,0.000112802045,2.547134e-06,0.99921834,0.00018382678,1.1464394e-07,0.99921834
pamap2,gnn_lstm,sequence,1,101,101,102,1800,1809,1809,9,9,16,16,vacuum_cleaning,vacuum_cleaning,True,9.5219424e-05,7.707773e-05,1.674329e-06,6.4182427e-06,4.2712225e-07,0.00022325867,2.3852238e-07,8.765812e-05,1.846035e-06,0.9993492,0.000157015,9.171333e-08,0.9993492
pamap2,gnn_lstm,sequence,1,101,101,102,1801,1810,1810,9,9,16,16,vacuum_cleaning,vacuum_cleaning,True,9.491638e-05,8.554886e-05,1.6299928e-06,5.7751845e-06,3.4460626e-07,0.00017620693,1.7213256e-07,7.462146e-05,1.5316368e-06,0.99941254,0.00014654828,8.397941e-08,0.99941254
pamap2,gnn_lstm,sequence,1,101,101,102,1802,1811,1811,9,9,16,16,vacuum_cleaning,vacuum_cleaning,True,0.00010313028,0.00010079346,1.8166819e-06,6.947271e-06,3.7642505e-07,0.00018167165,1.6092216e-07,7.93278e-05,1.6714765e-06,0.999373,0.00015096384,9.5285955e-08,0.999373
pamap2,gnn_lstm,sequence,1,101,101,102,1803,1812,1812,9,9,16,16,vacuum_cleaning,vacuum_cleaning,True,9.6359276e-05,9.390788e-05,1.4603097e-06,6.3645844e-06,3.023004e-07,0.00016008691,1.2375139e-07,6.990492e-05,1.363873e-06,0.99944705,0.00012299529,7.736975e-08,0.99944705
pamap2,gnn_lstm,sequence,1,101,101,102,1804,1813,1813,9,9,16,16,vacuum_cleaning,vacuum_cleaning,True,9.430405e-05,9.327607e-05,1.469476e-06,6.7816463e-06,2.992482e-07,0.00016041691,1.2109426e-07,7.353889e-05,1.4355903e-06,0.9994492,0.00011906775,7.598815e-08,0.9994492
pamap2,gnn_lstm,sequence,1,101,101,102,1805,1814,1814,9,9,16,16,vacuum_cleaning,vacuum_cleaning,True,0.00010157856,0.00010292052,1.7671709e-06,7.4235677e-06,3.4225386e-07,0.0001697306,1.5085482e-07,8.429017e-05,1.7494067e-06,0.9993892,0.00014061262,9.067579e-08,0.9993892
pamap2,gnn_lstm,sequence,1,101,101,102,1806,1815,1815,9,9,16,16,vacuum_cleaning,vacuum_cleaning,True,0.000118265016,0.00011257388,2.1112273e-06,7.038371e-06,4.067749e-07,0.00018564702,2.0651619e-07,9.2647475e-05,1.9895508e-06,0.9993098,0.00016924147,1.08571165e-07,0.9993098
pamap2,gnn_lstm,sequence,1,101,101,102,1807,1816,1816,9,9,16,16,vacuum_cleaning,vacuum_cleaning,True,0.00015869323,0.00013868531,2.9699304e-06,7.1151353e-06,5.23886e-07,0.00020454884,3.7015752e-07,0.00010875334,2.502731e-06,0.9991787,0.00019698867,1.5727899e-07,0.9991787
pamap2,gnn_lstm,sequence,1,101,101,102,1808,1817,1817,9,9,16,16,vacuum_cleaning,vacuum_cleaning,True,0.00023762159,0.00018835925,4.9948826e-06,7.8378525e-06,7.839583e-07,0.00023999534,8.68006e-07,0.00014449967,3.7207171e-06,0.99892324,0.00024778818,2.769302e-07,0.99892324
pamap2,gnn_lstm,sequence,1,101,101,102,1809,1818,1818,9,9,16,16,vacuum_cleaning,vacuum_cleaning,True,0.0003201532,0.00020467225,6.266585e-06,7.1834074e-06,9.232527e-07,0.00025125733,1.7434037e-06,0.00018672251,4.6692353e-06,0.99876666,0.0002493774,3.696444e-07,0.99876666
pamap2,gnn_lstm,sequence,1,101,101,102,1810,1819,1819,9,9,16,16,vacuum_cleaning,vacuum_cleaning,True,0.00036994967,0.00018384508,6.11634e-06,6.807366e-06,1.161206e-06,0.0003015552,2.4451003e-06,0.00024264287,5.2218725e-06,0.99866045,0.00021936433,3.810868e-07,0.99866045
pamap2,gnn_lstm,sequence,1,101,101,102,1811,1820,1820,9,9,16,16,vacuum_cleaning,vacuum_cleaning,True,0.0003439017,0.00012071653,3.9694296e-06,5.4392967e-06,1.1481056e-06,0.00033946184,2.5629738e-06,0.00029639236,4.7309054e-06,0.9987301,0.00015140898,2.6374644e-07,0.9987301
pamap2,gnn_lstm,sequence,1,101,101,102,1812,1821,1821,9,9,16,16,vacuum_cleaning,vacuum_cleaning,True,0.00018253583,7.1762865e-05,2.04953e-06,4.67932e-06,7.2912275e-07,0.0002963273,9.886834e-07,0.0002112658,3.0826359e-06,0.99909854,0.00012792673,1.2840064e-07,0.99909854
pamap2,gnn_lstm,sequence,1,101,101,102,1813,1822,1822,9,9,16,16,vacuum_cleaning,vacuum_cleaning,True,0.00011857673,4.9892566e-05,1.2317959e-06,4.148891e-06,5.2023586e-07,0.00026997784,4.6894763e-07,0.00016354011,2.1673293e-06,0.99928325,0.00010623363,7.395809e-08,0.99928325
pamap2,gnn_lstm,sequence,1,101,101,102,1814,1823,1823,9,9,16,16,vacuum_cleaning,vacuum_cleaning,True,8.731681e-05,4.0810915e-05,9.1901916e-07,4.4236313e-06,4.2244872e-07,0.0002569962,2.8535501e-07,0.000149676,1.9217678e-06,0.99936,9.707212e-05,5.3717244e-08,0.99936
pamap2,gnn_lstm,sequence,1,101,101,102,1815,1824,1824,9,9,16,16,vacuum_cleaning,vacuum_cleaning,True,6.9880574e-05,3.923614e-05,7.7985516e-07,4.4453695e-06,3.2686495e-07,0.00022126695,1.6212745e-07,0.00011640106,1.5172832e-06,0.9994574,8.853679e-05,4.2191793e-08,0.9994574
pamap2,gnn_lstm,sequence,1,101,101,102,1816,1825,1825,9,9,16,16,vacuum_cleaning,vacuum_cleaning,True,6.887182e-05,4.5295958e-05,7.924701e-07,4.7030076e-06,2.853039e-07,0.00019393711,1.148319e-07,9.844277e-05,1.3234962e-06,0.99950314,8.297289e-05,4.0477357e-08,0.99950314
pamap2,gnn_lstm,sequence,1,101,101,102,1817,1826,1826,9,9,16,16,vacuum_cleaning,vacuum_cleaning,True,8.940888e-05,5.831935e-05,8.935824e-07,4.8506313e-06,3.061267e-07,0.00018914706,1.06087356e-07,9.564304e-05,1.2590241e-06,0.9994803,7.9698504e-05,4.6319798e-08,0.9994803
pamap2,gnn_lstm,sequence,1,101,101,102,1818,1827,1827,9,9,16,16,vacuum_cleaning,vacuum_cleaning,True,0.00019975935,9.356999e-05,1.5276942e-06,8.982663e-06,7.6725985e-07,0.00034893298,2.0167035e-07,0.00022097897,2.4893952e-06,0.9990451,7.7531346e-05,8.895919e-08,0.9990451
pamap2,gnn_lstm,sequence,1,101,101,102,1819,1828,1828,9,9,16,16,vacuum_cleaning,vacuum_cleaning,True,0.00029343626,0.00015638862,2.523923e-06,1.1959971e-05,1.1696625e-06,0.0004255929,2.6118815e-07,0.0002624615,3.279017e-06,0.9987429,9.986589e-05,1.4797251e-07,0.9987429
pamap2,gnn_lstm,sequence,1,101,101,102,1820,1829,1829,9,9,16,16,vacuum_cleaning,vacuum_cleaning,True,0.00015619014,0.00014297372,2.0244395e-06,8.515498e-06,5.3401084e-07,0.00022993785,1.4176459e-07,0.000114403956,1.8834792e-06,0.99923575,0.00010757901,1.055472e-07,0.99923575
pamap2,gnn_lstm,sequence,1,101,101,102,1821,1830,1830,9,9,16,16,vacuum_cleaning,vacuum_cleaning,True,0.00013117476,0.000118485485,1.4599212e-06,6.4732753e-06,3.4865576e-07,0.00017453336,1.106456e-07,9.0015135e-05,1.386765e-06,0.99938595,8.9899666e-05,7.664402e-08,0.99938595
pamap2,gnn_lstm,sequence,1,101,101,102,1822,1831,1831,9,9,16,16,vacuum_cleaning,vacuum_cleaning,True,0.00019851275,0.00019981133,3.5469404e-06,1.0838081e-05,6.955757e-07,0.00023394378,2.3773877e-07,0.00016690532,3.0597978e-06,0.9990325,0.00014980813,1.6773946e-07,0.9990325
pamap2,gnn_lstm,sequence,1,101,101,102,1823,1832,1832,9,9,16,16,vacuum_cleaning,vacuum_cleaning,True,0.00013547348,0.0001319719,2.2213592e-06,8.435691e-06,4.977274e-07,0.00021156471,1.636977e-07,0.0001321244,2.2862273e-06,0.9992372,0.00013802468,1.06427734e-07,0.9992372
pamap2,gnn_lstm,sequence,1,101,101,102,1824,1833,1833,9,9,16,16,vacuum_cleaning,vacuum_cleaning,True,9.847483e-05,7.562095e-05,1.027577e-06,5.733705e-06,3.029831e-07,0.0001844214,9.028852e-08,0.00010120476,1.366106e-06,0.99944264,8.895306e-05,5.164177e-08,0.99944264
pamap2,gnn_lstm,sequence,1,101,101,102,1825,1834,1834,9,9,16,16,vacuum_cleaning,vacuum_cleaning,True,7.201941e-05,5.7969253e-05,7.162774e-07,4.8748543e-06,2.329192e-07,0.00017424152,6.3296525e-08,7.725766e-05,1.057419e-06,0.9995254,8.6029235e-05,3.671513e-08,0.9995254
pamap2,gnn_lstm,sequence,1,101,101,102,1826,1835,1835,9,9,16,16,vacuum_cleaning,vacuum_cleaning,True,7.141565e-05,5.5807184e-05,6.4488705e-07,4.718871e-06,2.3177219e-07,0.00018946786,5.69357e-08,6.6915374e-05,9.343564e-07,0.99952686,8.302646e-05,3.488584e-08,0.99952686
pamap2,gnn_lstm,sequence,1,101,101,102,1827,1836,1836,9,9,16,16,vacuum_cleaning,vacuum_cleaning,True,0.00011680019,8.5742555e-05,1.1321093e-06,7.9902975e-06,5.100257e-07,0.00035941653,1.0337186e-07,9.265068e-05,1.5194759e-06,0.99922323,0.0001108488,6.9132255e-08,0.99922323
pamap2,gnn_lstm,sequence,1,101,101,102,1828,1837,1837,9,9,16,16,vacuum_cleaning,vacuum_cleaning,True,0.00010425785,8.101642e-05,9.950023e-07,6.238349e-06,3.4996083e-07,0.00025884787,8.353192e-08,6.9357906e-05,1.1505236e-06,0.9993761,0.000101492806,5.753008e-08,0.9993761
pamap2,gnn_lstm,sequence,1,101,101,102,1829,1838,1838,9,9,16,16,vacuum_cleaning,vacuum_cleaning,True,0.00013652116,0.00010528592,1.3609517e-06,7.227164e-06,4.4792196e-07,0.00029710474,1.0682289e-07,7.55479e-05,1.3724161e-06,0.9992543,0.000120602745,7.985296e-08,0.9992543
pamap2,gnn_lstm,sequence,1,101,101,102,1830,1839,1839,9,9,16,16,vacuum_cleaning,vacuum_cleaning,True,0.0002813531,0.0001642161,2.1371477e-06,1.17553445e-05,8.746287e-07,0.00048473437,2.305174e-07,0.00012816656,2.384056e-06,0.9987919,0.00013218522,1.6062258e-07,0.9987919
pamap2,gnn_lstm,sequence,1,101,101,102,1831,1840,1840,9,9,16,16,vacuum_cleaning,vacuum_cleaning,True,0.00079401257,0.00023754928,4.1407206e-06,3.2390722e-05,3.8578096e-06,0.0020102728,9.609049e-07,0.00040376195,7.8691055e-06,0.9963211,0.00018359679,4.6369075e-07,0.9963211
pamap2,gnn_lstm,sequence,1,101,101,102,1832,1841,1841,9,9,16,16,vacuum_cleaning,vacuum_cleaning,True,0.0013424522,0.00025451565,7.171078e-06,0.00012562772,2.3935827e-05,0.021163702,2.7911306e-06,0.0012654186,3.945161e-05,0.9753592,0.00041446218,1.3544012e-06,0.9753592
pamap2,gnn_lstm,sequence,1,101,101,102,1833,1842,1842,9,9,16,16,vacuum_cleaning,vacuum_cleaning,True,0.0013029661,0.00024389158,8.322064e-06,0.00017134994,4.583496e-05,0.051564656,3.5221476e-06,0.0016812814,6.670435e-05,0.9442704,0.0006392058,1.8316051e-06,0.9442704
pamap2,gnn_lstm,sequence,1,101,101,102,1834,1843,1843,9,9,16,16,vacuum_cleaning,vacuum_cleaning,True,0.0009640575,0.00023150179,8.777265e-06,0.00015850549,4.386022e-05,0.037544876,3.1445622e-06,0.0014464173,5.0520084e-05,0.95866805,0.0008788184,1.4418827e-06,0.95866805
pamap2,gnn_lstm,sequence,1,101,101,102,1835,1844,1844,9,9,16,16,vacuum_cleaning,vacuum_cleaning,True,0.00073612574,0.0002791473,1.1533823e-05,5.9950497e-05,1.8034272e-05,0.007297684,1.9767567e-06,0.0008305138,2.211011e-05,0.9896618,0.0010802004,9.51085e-07,0.9896618
pamap2,gnn_lstm,sequence,1,101,101,102,1836,1845,1845,9,9,16,16,vacuum_cleaning,vacuum_cleaning,True,0.0014536611,0.001297886,8.109846e-05,9.348942e-05,5.3700947e-05,0.0057423627,8.357658e-06,0.0014042236,6.638724e-05,0.9837821,0.006011996,4.6392124e-06,0.9837821
pamap2,gnn_lstm,sequence,1,101,101,102,1837,1846,1846,9,9,16,16,vacuum_cleaning,vacuum_cleaning,True,0.0044080624,0.008620346,0.00087299413,0.00023740726,0.00027428172,0.0054864795,8.017146e-05,0.0038533974,0.000353465,0.9423923,0.03337607,4.5086774e-05,0.9423923
pamap2,gnn_lstm,sequence,1,101,101,102,1838,1847,1847,9,9,16,16,vacuum_cleaning,vacuum_cleaning,True,0.012617377,0.03966912,0.0077094026,0.00208562,0.007403624,0.02743723,0.00085101527,0.023007024,0.0042131767,0.5816996,0.2924404,0.0008664521,0.5816996
pamap2,gnn_lstm,sequence,1,101,101,102,1839,1848,1848,9,10,16,17,vacuum_cleaning,ironing,False,0.006108839,0.031932805,0.012589569,0.0039058572,0.012703992,0.015751034,0.0011865118,0.03462723,0.010029427,0.2026431,0.6668486,0.0016730382,0.6668486
pamap2,gnn_lstm,sequence,1,101,101,102,1840,1849,1849,9,10,16,17,vacuum_cleaning,ironing,False,0.010564794,0.10876743,0.03959399,0.0044641905,0.020895682,0.008588207,0.0025735162,0.02523429,0.012399323,0.06713935,0.69419444,0.005584865,0.69419444
pamap2,gnn_lstm,sequence,1,101,101,102,1841,1850,1850,7,10,12,17,ascending_stairs,ironing,False,0.0041185557,0.08023738,0.07166423,0.0008915917,0.004316732,0.0016296158,0.00073405233,0.0066300672,0.004397089,0.026769534,0.79667485,0.001936337,0.79667485
pamap2,gnn_lstm,sequence,1,101,101,102,1842,1851,1851,7,10,12,17,ascending_stairs,ironing,False,0.003325018,0.051508766,0.067895055,0.0012750165,0.0043191807,0.0023330327,0.00085629825,0.008874836,0.0058107097,0.034603428,0.8171285,0.0020701361,0.8171285
pamap2,gnn_lstm,sequence,1,101,101,102,1843,1852,1852,7,10,12,17,ascending_stairs,ironing,False,0.0041680844,0.07991629,0.1547264,0.0012202683,0.004202713,0.0029347024,0.0009482021,0.008620787,0.0068866108,0.040668376,0.6931267,0.002580811,0.6931267
pamap2,gnn_lstm,sequence,1,101,101,102,1844,1853,1853,7,10,12,17,ascending_stairs,ironing,False,0.0050164387,0.08871285,0.27456525,0.0012860746,0.005154076,0.004005945,0.0012898197,0.010154249,0.00863643,0.04370682,0.5542504,0.003221603,0.5542504
pamap2,gnn_lstm,sequence,1,101,101,102,1845,1854,1854,7,10,12,17,ascending_stairs,ironing,False,0.0061935657,0.1227388,0.36939356,0.001442488,0.0059992005,0.0054422473,0.0019287196,0.010293039,0.0101071205,0.043742932,0.41839173,0.004326602,0.41839173
pamap2,gnn_lstm,sequence,1,101,101,102,1846,1855,1855,7,10,12,17,ascending_stairs,ironing,False,0.0062580407,0.1431144,0.29787564,0.0017013055,0.005960349,0.008731776,0.0021763495,0.009916046,0.011328508,0.05526392,0.45258212,0.0050915177,0.45258212
pamap2,gnn_lstm,sequence,1,101,101,102,1847,1856,1856,7,10,12,17,ascending_stairs,ironing,False,0.0051029436,0.14242074,0.19246948,0.0013921161,0.004631958,0.010898335,0.0015415082,0.007378399,0.010056178,0.059064966,0.5607043,0.0043391422,0.5607043
pamap2,gnn_lstm,sequence,1,101,101,102,1848,1857,1857,7,10,12,17,ascending_stairs,ironing,False,0.004186361,0.1590634,0.114025615,0.0009912783,0.0036665776,0.0128605375,0.0010331175,0.0049835835,0.007947584,0.05787862,0.62961644,0.003746933,0.62961644
pamap2,gnn_lstm,sequence,1,101,101,102,1849,1858,1858,7,10,12,17,ascending_stairs,ironing,False,0.0034294457,0.07977335,0.03463637,0.0015895759,0.004393794,0.028375661,0.0004327872,0.0063315635,0.009118426,0.09014367,0.7387552,0.0030200628,0.7387552
pamap2,gnn_lstm,sequence,1,101,101,102,1850,1859,1859,7,10,12,17,ascending_stairs,ironing,False,0.007984689,0.044739794,0.0052849455,0.009144169,0.0131704295,0.19798903,0.0005201176,0.024714336,0.021089932,0.24992116,0.41967145,0.0057699075,0.41967145
pamap2,gnn_lstm,sequence,1,101,101,102,1851,1860,1860,7,5,12,6,ascending_stairs,cycling,False,0.012061313,0.01272438,0.0007428636,0.01345514,0.06331187,0.542588,0.0007951019,0.12141436,0.036228072,0.10740637,0.0795804,0.009692073,0.542588
pamap2,gnn_lstm,sequence,1,101,101,102,1852,1861,1861,7,5,12,6,ascending_stairs,cycling,False,0.009727258,0.0025498627,0.00011081709,0.0064918245,0.18066883,0.40116087,0.0007810885,0.33631137,0.02324348,0.020483399,0.012275137,0.0061960784,0.40116087
pamap2,gnn_lstm,sequence,1,101,101,102,1853,1862,1862,7,7,12,12,ascending_stairs,ascending_stairs,True,0.004173905,0.0002959323,1.309549e-05,0.0019149136,0.20557742,0.06248192,0.0006027061,0.7113655,0.0077495673,0.0027672679,0.0015292437,0.0015285336,0.7113655
pamap2,gnn_lstm,sequence,1,101,101,102,1854,1863,1863,7,7,12,12,ascending_stairs,ascending_stairs,True,0.0007088986,2.01211e-05,1.2356726e-06,0.0003177887,0.068450354,0.004199647,0.00033055406,0.9234282,0.0017939769,0.00037610577,0.00017931209,0.00019388481,0.9234282
pamap2,gnn_lstm,sequence,1,101,101,102,1855,1864,1864,7,7,12,12,ascending_stairs,ascending_stairs,True,9.4236355e-05,1.7335759e-06,2.3698912e-07,6.6382134e-05,0.011882087,0.00037464531,0.00016277505,0.9866905,0.00055043824,0.00012161432,3.3775075e-05,2.1426282e-05,0.9866905
pamap2,gnn_lstm,sequence,1,101,101,102,1856,1865,1865,7,7,12,12,ascending_stairs,ascending_stairs,True,1.9726787e-05,3.5438933e-07,1.01204584e-07,2.957193e-05,0.0022373684,8.169941e-05,7.477486e-05,0.99716324,0.00029538036,8.404294e-05,1.04104265e-05,3.399324e-06,0.99716324
pamap2,gnn_lstm,sequence,1,101,101,102,1857,1866,1866,7,7,12,12,ascending_stairs,ascending_stairs,True,6.3206658e-06,1.374432e-07,7.381049e-08,1.7717584e-05,0.0005687827,2.494623e-05,4.3959182e-05,0.99902904,0.00023931975,6.372224e-05,4.794653e-06,1.0421558e-06,0.99902904
pamap2,gnn_lstm,sequence,1,101,101,102,1858,1867,1867,7,7,12,12,ascending_stairs,ascending_stairs,True,2.8930872e-06,8.736033e-08,7.9634475e-08,1.2563786e-05,0.00021166219,1.0433103e-05,3.5719324e-05,0.9994154,0.00025579616,5.181374e-05,3.0943954e-06,5.5389205e-07,0.9994154
pamap2,gnn_lstm,sequence,1,101,101,102,1859,1868,1868,7,7,12,12,ascending_stairs,ascending_stairs,True,1.4485829e-06,4.3471186e-08,5.4488176e-08,9.480801e-06,9.9012745e-05,6.055809e-06,2.5121106e-05,0.999579,0.00023569373,4.2231775e-05,1.5425422e-06,2.4688256e-07,0.999579
pamap2,gnn_lstm,sequence,1,101,101,102,1860,1869,1869,7,7,12,12,ascending_stairs,ascending_stairs,True,1.0309841e-06,2.781197e-08,3.936221e-08,8.566151e-06,6.8921836e-05,4.732795e-06,2.0270694e-05,0.99963117,0.00022891736,3.514112e-05,9.727539e-07,1.5307135e-07,0.99963117
pamap2,gnn_lstm,sequence,1,101,101,102,1861,1870,1870,7,7,12,12,ascending_stairs,ascending_stairs,True,1.0537221e-06,2.876092e-08,4.2805123e-08,8.719322e-06,6.7041095e-05,4.5528677e-06,2.1076476e-05,0.99962425,0.00023703753,3.5108318e-05,9.93063e-07,1.5505687e-07,0.99962425
pamap2,gnn_lstm,sequence,1,101,101,102,1862,1871,1871,7,7,12,12,ascending_stairs,ascending_stairs,True,9.928498e-07,2.8305701e-08,4.2766064e-08,7.945568e-06,6.436791e-05,4.09048e-06,2.076317e-05,0.99964213,0.0002246125,3.390492e-05,1.0144676e-06,1.552523e-07,0.99964213
pamap2,gnn_lstm,sequence,1,101,101,102,1863,1872,1872,7,7,12,12,ascending_stairs,ascending_stairs,True,7.9704006e-07,2.2005155e-08,3.5614015e-08,6.783342e-06,5.0530984e-05,3.347271e-06,1.8570563e-05,0.9996753,0.00021282517,3.0821644e-05,8.1576235e-07,1.18609385e-07,0.9996753
pamap2,gnn_lstm,sequence,1,101,101,102,1864,1873,1873,7,7,12,12,ascending_stairs,ascending_stairs,True,7.899248e-07,2.1337938e-08,3.7596536e-08,7.150283e-06,4.670127e-05,3.4744032e-06,1.953019e-05,0.9996506,0.00023885511,3.1936797e-05,8.0095526e-07,1.09305205e-07,0.9996506
pamap2,gnn_lstm,sequence,1,101,101,102,1865,1874,1874,7,7,12,12,ascending_stairs,ascending_stairs,True,9.507083e-07,2.5290568e-08,4.7379583e-08,8.104297e-06,5.055606e-05,4.0640816e-06,2.216922e-05,0.9996069,0.0002701418,3.6099173e-05,9.101271e-07,1.2337992e-07,0.9996069
pamap2,gnn_lstm,sequence,1,101,101,102,1866,1875,1875,7,7,12,12,ascending_stairs,ascending_stairs,True,1.2414073e-06,3.1737077e-08,6.225337e-08,9.014518e-06,6.002058e-05,4.8574097e-06,2.6075913e-05,0.99956065,0.0002965602,4.0303214e-05,1.0514829e-06,1.5266389e-07,0.99956065
pamap2,gnn_lstm,sequence,1,101,101,102,1867,1876,1876,7,7,12,12,ascending_stairs,ascending_stairs,True,1.244409e-06,3.3385646e-08,6.405752e-08,1.0244848e-05,6.166355e-05,5.2704686e-06,2.4917465e-05,0.999542,0.0003121783,4.125148e-05,1.0425347e-06,1.5478378e-07,0.999542
pamap2,gnn_lstm,sequence,1,101,101,102,1868,1877,1877,7,7,12,12,ascending_stairs,ascending_stairs,True,1.6281479e-06,5.52297e-08,9.354103e-08,1.7293874e-05,9.304818e-05,7.909419e-06,2.8864071e-05,0.9994035,0.00039863822,4.7244775e-05,1.6137744e-06,2.4252174e-07,0.9994035
pamap2,gnn_lstm,sequence,1,101,101,102,1869,1878,1878,7,7,12,12,ascending_stairs,ascending_stairs,True,2.3375405e-06,9.8852375e-08,1.4224618e-07,3.7126163e-05,0.00013845548,1.37772995e-05,3.490129e-05,0.9991291,0.00058008445,6.132024e-05,2.3206903e-06,3.926745e-07,0.9991291
pamap2,gnn_lstm,sequence,1,101,101,102,1870,1879,1879,7,7,12,12,ascending_stairs,ascending_stairs,True,2.8923816e-06,1.5261655e-07,1.8461886e-07,8.863151e-05,0.00018442838,2.5978981e-05,4.0212944e-05,0.998602,0.0009735882,7.879494e-05,2.711084e-06,5.7504786e-07,0.998602
pamap2,gnn_lstm,sequence,1,101,101,102,1871,1880,1880,7,7,12,12,ascending_stairs,ascending_stairs,True,2.1243613e-06,1.0266312e-07,1.2566797e-07,6.30964e-05,0.00016074032,1.8590103e-05,3.701966e-05,0.99879444,0.0008688408,5.2461226e-05,1.8821734e-06,4.6726592e-07,0.99879444
pamap2,gnn_lstm,sequence,1,101,101,102,1872,1881,1881,7,7,12,12,ascending_stairs,ascending_stairs,True,1.1602206e-06,5.0010208e-08,5.968042e-08,3.498723e-05,9.5506795e-05,9.879591e-06,2.7610928e-05,0.99916136,0.0006332627,3.4840665e-05,1.0182928e-06,2.3644999e-07,0.99916136
pamap2,gnn_lstm,sequence,1,101,101,102,1873,1882,1882,7,7,12,12,ascending_stairs,ascending_stairs,True,8.122305e-07,4.071926e-08,3.8066243e-08,3.346086e-05,7.728246e-05,8.247724e-06,2.2176324e-05,0.9992532,0.00057141646,3.218848e-05,8.991404e-07,1.7848923e-07,0.9992532
pamap2,gnn_lstm,sequence,1,101,101,102,1874,1883,1883,7,7,12,12,ascending_stairs,ascending_stairs,True,7.325886e-07,4.5276924e-08,4.526035e-08,3.48993e-05,7.848923e-05,8.661595e-06,2.4104658e-05,0.99918467,0.0006315149,3.542506e-05,1.0478166e-06,2.0601962e-07,0.99918467
pamap2,gnn_lstm,sequence,1,101,101,102,1875,1884,1884,7,7,12,12,ascending_stairs,ascending_stairs,True,1.0248241e-06,8.88699e-08,8.020982e-08,5.524543e-05,0.00012162268,1.2822812e-05,3.518391e-05,0.9988708,0.0008546557,4.6242338e-05,1.7745544e-06,4.15105e-07,0.9988708
pamap2,gnn_lstm,sequence,1,101,101,102,1876,1885,1885,7,7,12,12,ascending_stairs,ascending_stairs,True,2.2947004e-06,1.8015321e-07,1.4818534e-07,5.814364e-05,0.0002688924,1.880803e-05,5.337993e-05,0.9987142,0.00082563143,5.378823e-05,3.591808e-06,1.072665e-06,0.9987142
pamap2,gnn_lstm,sequence,1,101,101,102,1877,1886,1886,7,7,12,12,ascending_stairs,ascending_stairs,True,1.5238215e-06,6.7697464e-08,8.977048e-08,2.1696189e-05,0.00012485878,9.865426e-06,3.4499e-05,0.9992867,0.00047156907,4.6906647e-05,1.8591363e-06,3.7947632e-07,0.9992867
pamap2,gnn_lstm,sequence,1,101,101,102,1878,1887,1887,7,7,12,12,ascending_stairs,ascending_stairs,True,1.5904222e-06,5.8338173e-08,8.941404e-08,1.6806947e-05,0.00011723583,8.992328e-06,3.2073214e-05,0.99937075,0.00040462837,4.5721023e-05,1.7153601e-06,3.1848086e-07,0.99937075
pamap2,gnn_lstm,sequence,1,101,101,102,1879,1888,1888,7,7,12,12,ascending_stairs,ascending_stairs,True,2.3433563e-06,7.688047e-08,1.0639182e-07,1.5241e-05,0.00017515647,9.617789e-06,3.7973816e-05,0.99936885,0.00034345442,4.435522e-05,2.3710334e-06,4.5325473e-07,0.99936885
pamap2,gnn_lstm,sequence,1,101,101,102,1880,1889,1889,7,7,12,12,ascending_stairs,ascending_stairs,True,2.474797e-06,7.739248e-08,1.05630555e-07,1.3828488e-05,0.00017060465,8.621529e-06,3.769275e-05,0.99941087,0.00030868335,4.42504e-05,2.411479e-06,4.5181332e-07,0.99941087
pamap2,gnn_lstm,sequence,1,101,101,102,1881,1890,1890,7,7,12,12,ascending_stairs,ascending_stairs,True,2.7143312e-06,8.3615255e-08,1.109657e-07,1.46185175e-05,0.00018354456,8.875056e-06,3.9036542e-05,0.99939275,0.0003106712,4.4355987e-05,2.681066e-06,4.843104e-07,0.99939275
pamap2,gnn_lstm,sequence,1,101,101,102,1882,1891,1891,7,7,12,12,ascending_stairs,ascending_stairs,True,2.7209105e-06,8.508503e-08,9.851455e-08,1.6560709e-05,0.00018217538,9.513091e-06,3.4819714e-05,0.9994,0.0003026683,4.7953563e-05,2.874205e-06,4.6819224e-07,0.9994
pamap2,gnn_lstm,sequence,1,101,101,102,1883,1892,1892,7,7,12,12,ascending_stairs,ascending_stairs,True,2.4677465e-06,7.5545884e-08,8.4226414e-08,1.5071407e-05,0.00016847871,8.853571e-06,3.215252e-05,0.99944276,0.00028061168,4.6362282e-05,2.644427e-06,4.262259e-07,0.99944276
pamap2,gnn_lstm,sequence,1,101,101,102,1884,1893,1893,7,7,12,12,ascending_stairs,ascending_stairs,True,2.0876375e-06,6.332917e-08,7.147994e-08,1.3733662e-05,0.00013463772,7.790238e-06,2.8398492e-05,0.9995012,0.0002621203,4.7334637e-05,2.173184e-06,3.4269397e-07,0.9995012
pamap2,gnn_lstm,sequence,1,101,101,102,1885,1894,1894,7,7,12,12,ascending_stairs,ascending_stairs,True,1.7982642e-06,5.6373615e-08,6.286976e-08,1.3944317e-05,0.000109161716,7.27086e-06,2.444176e-05,0.9995371,0.00025289456,5.1229123e-05,1.894237e-06,2.8005357e-07,0.9995371
pamap2,gnn_lstm,sequence,1,101,101,102,1886,1895,1895,7,7,12,12,ascending_stairs,ascending_stairs,True,1.2116825e-06,3.4787252e-08,4.593547e-08,9.536586e-06,7.50938e-05,4.6989694e-06,2.1870326e-05,0.9996207,0.00022774498,3.7610815e-05,1.2175088e-06,1.7841067e-07,0.9996207
pamap2,gnn_lstm,sequence,1,101,101,102,1887,1896,1896,7,7,12,12,ascending_stairs,ascending_stairs,True,1.028841e-06,2.950872e-08,4.2331987e-08,8.1081735e-06,6.533097e-05,3.96177e-06,2.1394873e-05,0.9996445,0.00022091427,3.3566637e-05,1.0604799e-06,1.5440585e-07,0.9996445
pamap2,gnn_lstm,sequence,1,101,101,102,1888,1897,1897,7,7,12,12,ascending_stairs,ascending_stairs,True,8.8664774e-07,2.427327e-08,3.7304602e-08,7.1729523e-06,5.574e-05,3.518498e-06,2.0077867e-05,0.99966407,0.00021652727,3.1057818e-05,8.971918e-07,1.2659763e-07,0.99966407
pamap2,gnn_lstm,sequence,1,101,101,102,1889,1898,1898,7,7,12,12,ascending_stairs,ascending_stairs,True,8.4558025e-07,2.373201e-08,3.8911125e-08,6.8824993e-06,5.2783973e-05,3.4092586e-06,2.0354848e-05,0.9996618,0.0002216434,3.1211108e-05,8.850761e-07,1.2452557e-07,0.9996618
pamap2,gnn_lstm,sequence,1,101,101,102,1890,1899,1899,7,7,12,12,ascending_stairs,ascending_stairs,True,7.7191044e-07,2.1871553e-08,3.9421657e-08,7.1022155e-06,4.219326e-05,3.3601739e-06,1.9022526e-05,0.99965644,0.00023513052,3.515354e-05,7.8382476e-07,1.0506408e-07,0.99965644
pamap2,gnn_lstm,sequence,1,101,101,102,1891,1900,1900,7,7,12,12,ascending_stairs,ascending_stairs,True,7.629008e-07,2.2213104e-08,4.0799073e-08,7.136497e-06,4.0812054e-05,3.4234042e-06,1.9717454e-05,0.99964523,0.00024492393,3.6907593e-05,7.9984335e-07,1.06310885e-07,0.99964523
pamap2,gnn_lstm,sequence,1,101,101,102,1892,1901,1901,7,7,12,12,ascending_stairs,ascending_stairs,True,7.100671e-07,2.1364972e-08,4.134963e-08,6.7923647e-06,3.69419e-05,3.245867e-06,1.93835e-05,0.99964833,0.00024602545,3.76285e-05,7.643459e-07,1.0076772e-07,0.99964833
pamap2,gnn_lstm,sequence,1,101,101,102,1893,1902,1902,7,7,12,12,ascending_stairs,ascending_stairs,True,7.2399695e-07,2.2660696e-08,4.4821352e-08,7.3622805e-06,3.5894256e-05,3.4662419e-06,2.002415e-05,0.99962676,0.000263239,4.151657e-05,7.730964e-07,1.03857175e-07,0.99962676
pamap2,gnn_lstm,sequence,1,101,101,102,1894,1903,1903,7,7,12,12,ascending_stairs,ascending_stairs,True,8.9231844e-07,2.6514673e-08,5.2406765e-08,8.619896e-06,4.1961197e-05,4.4560643e-06,2.2475679e-05,0.9995753,0.000299004,4.628952e-05,8.1831905e-07,1.2306381e-07,0.9995753
pamap2,gnn_lstm,sequence,1,101,101,102,1895,1904,1904,7,7,12,12,ascending_stairs,ascending_stairs,True,8.60826e-07,2.4834844e-08,5.2041997e-08,9.571724e-06,3.849063e-05,4.548349e-06,2.1759468e-05,0.9995524,0.00032529247,4.6161633e-05,6.922725e-07,1.0936809e-07,0.9995524
pamap2,gnn_lstm,sequence,1,101,101,102,1896,1905,1905,7,7,12,12,ascending_stairs,ascending_stairs,True,7.6239144e-07,2.2951637e-08,5.0303584e-08,9.278064e-06,3.5472352e-05,4.0418377e-06,2.1427184e-05,0.9995591,0.00032701314,4.2026593e-05,6.347424e-07,1.0159665e-07,0.9995591
pamap2,gnn_lstm,sequence,1,101,101,102,1897,1906,1906,7,7,12,12,ascending_stairs,ascending_stairs,True,6.492966e-07,2.0384945e-08,4.604696e-08,8.586902e-06,3.167245e-05,3.5314897e-06,2.081314e-05,0.99957496,0.0003206755,3.8397677e-05,5.7383613e-07,9.1065324e-08,0.99957496
pamap2,gnn_lstm,sequence,1,101,101,102,1898,1907,1907,7,7,12,12,ascending_stairs,ascending_stairs,True,5.754876e-07,1.9013463e-08,4.2361968e-08,8.3534e-06,2.8736993e-05,3.3820868e-06,2.0028408e-05,0.999582,0.0003173364,3.891216e-05,5.546182e-07,8.3210075e-08,0.999582
pamap2,gnn_lstm,sequence,1,101,101,102,1899,1908,1908,7,7,12,12,ascending_stairs,ascending_stairs,True,6.1848255e-07,1.9059273e-08,4.051969e-08,8.071209e-06,3.0793097e-05,3.5609346e-06,1.9686826e-05,0.9995946,0.00030270615,3.9310526e-05,5.899328e-07,8.344603e-08,0.9995946
pamap2,gnn_lstm,sequence,1,101,101,102,1900,1909,1909,7,7,12,12,ascending_stairs,ascending_stairs,True,6.2475175e-07,1.7161799e-08,3.458853e-08,7.6256956e-06,3.389956e-05,3.6549882e-06,1.7485432e-05,0.99962723,0.00027329443,3.546939e-05,5.605416e-07,7.816829e-08,0.99962723
pamap2,gnn_lstm,sequence,1,101,101,102,1901,1910,1910,7,7,12,12,ascending_stairs,ascending_stairs,True,6.7368387e-07,1.918422e-08,4.0946436e-08,8.151656e-06,3.6677087e-05,3.9252614e-06,1.940463e-05,0.9995944,0.0002996477,3.6438374e-05,6.214084e-07,8.93909e-08,0.9995944
pamap2,gnn_lstm,sequence,1,101,101,102,1902,1911,1911,7,7,12,12,ascending_stairs,ascending_stairs,True,7.249449e-07,1.9587967e-08,4.1339398e-08,7.881202e-06,3.8828755e-05,3.9033494e-06,1.9167042e-05,0.9996088,0.00028431075,3.5645102e-05,6.4406595e-07,9.2754284e-08,0.9996088
pamap2,gnn_lstm,sequence,1,101,101,102,1903,1912,1912,7,7,12,12,ascending_stairs,ascending_stairs,True,7.6009985e-07,2.0526944e-08,3.915643e-08,7.330714e-06,4.367714e-05,3.938237e-06,1.8121316e-05,0.9996387,0.00025144647,3.527593e-05,7.215296e-07,1.020421e-07,0.9996387
pamap2,gnn_lstm,sequence,1,101,101,102,1904,1913,1913,7,7,12,12,ascending_stairs,ascending_stairs,True,9.0061127e-07,2.569562e-08,4.7480675e-08,8.1362095e-06,5.2400646e-05,4.816138e-06,2.0751546e-05,0.9995963,0.000275835,3.9897248e-05,8.976598e-07,1.3205413e-07,0.9995963
pamap2,gnn_lstm,sequence,1,101,101,102,1905,1914,1914,7,7,12,12,ascending_stairs,ascending_stairs,True,9.615262e-07,2.7191232e-08,5.080437e-08,9.323267e-06,5.6359957e-05,5.39474e-06,2.1207083e-05,0.999566,0.00029980674,3.9905364e-05,8.5725344e-07,1.4253887e-07,0.999566
pamap2,gnn_lstm,sequence,1,101,101,102,1906,1915,1915,7,7,12,12,ascending_stairs,ascending_stairs,True,8.307659e-07,2.303101e-08,4.4841915e-08,8.425157e-06,4.7963025e-05,4.488171e-06,1.967389e-05,0.99959725,0.00028438502,3.5944304e-05,7.287136e-07,1.1906739e-07,0.99959725
pamap2,gnn_lstm,sequence,1,101,101,102,1907,1916,1916,7,7,12,12,ascending_stairs,ascending_stairs,True,7.091197e-07,1.943289e-08,3.795324e-08,7.328772e-06,4.1769534e-05,3.7125392e-06,1.8333003e-05,0.9996331,0.0002620539,3.22252e-05,6.467121e-07,1.0019718e-07,0.9996331
pamap2,gnn_lstm,sequence,1,101,101,102,1908,1917,1917,7,7,12,12,ascending_stairs,ascending_stairs,True,6.192117e-07,1.6556035e-08,3.2220417e-08,6.8435224e-06,3.6604044e-05,3.353018e-06,1.6692373e-05,0.999655,0.0002496585,3.063891e-05,5.6794914e-07,8.32033e-08,0.999655
pamap2,gnn_lstm,sequence,1,101,101,102,1909,1918,1918,7,7,12,12,ascending_stairs,ascending_stairs,True,6.07084e-07,1.6152187e-08,3.0750076e-08,7.0717856e-06,3.716605e-05,3.5274306e-06,1.6407337e-05,0.99965036,0.00025342515,3.08289e-05,5.641004e-07,8.0673644e-08,0.99965036
pamap2,gnn_lstm,sequence,1,101,101,102,1910,1919,1919,7,7,12,12,ascending_stairs,ascending_stairs,True,6.7943284e-07,1.6769793e-08,3.032097e-08,7.374671e-06,4.3159667e-05,4.007452e-06,1.678076e-05,0.9996451,0.0002510963,3.0977953e-05,5.9479055e-07,8.448452e-08,0.9996451
pamap2,gnn_lstm,sequence,1,101,101,102,1911,1920,1920,7,7,12,12,ascending_stairs,ascending_stairs,True,7.6538544e-07,1.9669203e-08,3.6929805e-08,7.5689168e-06,4.807145e-05,4.1784583e-06,1.8900426e-05,0.9996257,0.00026171104,3.221774e-05,7.006853e-07,1.0131373e-07,0.9996257
pamap2,gnn_lstm,sequence,1,101,101,102,1912,1921,1921,7,7,12,12,ascending_stairs,ascending_stairs,True,8.7545e-07,2.2171932e-08,4.115353e-08,7.838466e-06,5.368828e-05,4.576251e-06,2.018715e-05,0.99961346,0.00026446543,3.4038294e-05,7.7466916e-07,1.1460016e-07,0.99961346
pamap2,gnn_lstm,sequence,1,101,101,102,1913,1922,1922,7,7,12,12,ascending_stairs,ascending_stairs,True,8.914673e-07,2.2712868e-08,4.005958e-08,7.4822883e-06,5.4521654e-05,4.536156e-06,1.9482424e-05,0.99963,0.00024701047,3.5034736e-05,8.182296e-07,1.178776e-07,0.99963
pamap2,gnn_lstm,sequence,1,101,101,102,1914,1923,1923,7,7,12,12,ascending_stairs,ascending_stairs,True,1.0012839e-06,2.7538416e-08,4.9226614e-08,7.968665e-06,5.8831185e-05,5.045786e-06,2.174399e-05,0.9995962,0.0002685402,3.9455033e-05,9.781319e-07,1.4514266e-07,0.9995962
pamap2,gnn_lstm,sequence,1,101,101,102,1915,1924,1924,7,7,12,12,ascending_stairs,ascending_stairs,True,1.0480601e-06,2.8303155e-08,5.1233485e-08,9.375244e-06,5.8165013e-05,5.740106e-06,2.1212918e-05,0.99956554,0.0002958896,4.1952542e-05,8.971076e-07,1.4763782e-07,0.99956554
pamap2,gnn_lstm,sequence,1,101,101,102,1916,1925,1925,7,7,12,12,ascending_stairs,ascending_stairs,True,9.30249e-07,2.4794408e-08,4.686415e-08,8.963082e-06,5.2515228e-05,5.0278904e-06,2.057093e-05,0.99957854,0.00029503883,3.743261e-05,7.9211344e-07,1.2960628e-07,0.99957854
pamap2,gnn_lstm,sequence,1,101,101,102,1917,1926,1926,7,7,12,12,ascending_stairs,ascending_stairs,True,8.3933463e-07,2.236811e-08,4.3876824e-08,8.301914e-06,4.8479364e-05,4.388385e-06,2.0288788e-05,0.99959534,0.00028761706,3.3884644e-05,7.3109277e-07,1.162165e-07,0.99959534
pamap2,gnn_lstm,sequence,1,101,101,102,1918,1927,1927,7,7,12,12,ascending_stairs,ascending_stairs,True,7.317088e-07,1.9324066e-08,3.8104236e-08,7.2987204e-06,4.273245e-05,3.8008534e-06,1.862317e-05,0.9996288,0.00026558866,3.1630927e-05,6.5829715e-07,9.8902376e-08,0.9996288
pamap2,gnn_lstm,sequence,1,101,101,102,1919,1928,1928,7,7,12,12,ascending_stairs,ascending_stairs,True,6.467752e-07,1.7155818e-08,3.2998262e-08,6.6454254e-06,3.9278395e-05,3.4508942e-06,1.7396502e-05,0.9996524,0.000249319,3.003631e-05,6.1203104e-07,8.7917684e-08,0.9996524
pamap2,gnn_lstm,sequence,1,101,101,102,1920,1929,1929,7,7,12,12,ascending_stairs,ascending_stairs,True,5.7778686e-07,1.508624e-08,2.7143761e-08,6.0829852e-06,3.626386e-05,3.34432e-06,1.5436777e-05,0.99968016,0.00022744529,3.002414e-05,5.6422266e-07,7.6178566e-08,0.99968016
pamap2,gnn_lstm,sequence,1,101,101,102,1921,1930,1930,7,7,12,12,ascending_stairs,ascending_stairs,True,5.246907e-07,1.4563932e-08,2.4793795e-08,5.7549914e-06,3.4727767e-05,3.2497258e-06,1.4731836e-05,0.99969304,0.00021643775,3.077138e-05,5.747968e-07,7.4434716e-08,0.99969304
pamap2,gnn_lstm,sequence,1,101,101,102,1922,1931,1931,7,7,12,12,ascending_stairs,ascending_stairs,True,4.9375205e-07,1.4997513e-08,2.5692941e-08,5.8480914e-06,3.3694614e-05,3.20185e-06,1.505293e-05,0.9996847,0.00022438419,3.1884083e-05,6.16074e-07,7.7451936e-08,0.9996847
pamap2,gnn_lstm,sequence,1,101,101,102,1923,1932,1932,7,7,12,12,ascending_stairs,ascending_stairs,True,5.263963e-07,1.6472798e-08,2.7862248e-08,5.9896397e-06,3.647674e-05,3.3637177e-06,1.5563674e-05,0.99967873,0.00022537216,3.321023e-05,6.943053e-07,8.585059e-08,0.99967873
pamap2,gnn_lstm,sequence,1,101,101,102,1924,1933,1933,7,7,12,12,ascending_stairs,ascending_stairs,True,6.385867e-07,1.9319634e-08,3.0180885e-08,5.7757425e-06,4.5514647e-05,3.539588e-06,1.6365204e-05,0.99968934,0.00020442826,3.3525048e-05,8.2780684e-07,1.0642005e-07,0.99968934
pamap2,gnn_lstm,sequence,1,101,101,102,1925,1934,1934,7,7,12,12,ascending_stairs,ascending_stairs,True,7.2779477e-07,2.1398115e-08,3.244027e-08,6.266237e-06,5.236154e-05,3.7690024e-06,1.7137958e-05,0.9996803,0.00020529816,3.315709e-05,8.5854685e-07,1.2075618e-07,0.9996803
pamap2,gnn_lstm,sequence,1,101,101,102,1926,1935,1935,7,7,12,12,ascending_stairs,ascending_stairs,True,7.3276306e-07,2.1438431e-08,3.2904143e-08,6.4134215e-06,5.3777076e-05,3.7150726e-06,1.7526056e-05,0.9996762,0.00020902447,3.148886e-05,8.500784e-07,1.2251914e-07,0.9996762
pamap2,gnn_lstm,sequence,1,101,101,102,1927,1936,1936,7,7,12,12,ascending_stairs,ascending_stairs,True,8.0169747e-07,2.3100018e-08,3.4814615e-08,6.475645e-06,5.9913433e-05,3.785894e-06,1.9065516e-05,0.99966884,0.0002096104,3.050004e-05,9.061164e-07,1.3628627e-07,0.99966884
pamap2,gnn_lstm,sequence,1,101,101,102,1928,1937,1937,7,7,12,12,ascending_stairs,ascending_stairs,True,8.5727726e-07,2.418072e-08,3.5593455e-08,6.480366e-06,6.212149e-05,3.853937e-06,1.9361216e-05,0.99967,0.0002048777,3.126979e-05,9.3516604e-07,1.4168776e-07,0.99967
pamap2,gnn_lstm,sequence,1,101,101,102,1929,1938,1938,7,7,12,12,ascending_stairs,ascending_stairs,True,8.896492e-07,2.4506418e-08,3.561571e-08,6.476754e-06,6.327055e-05,3.874582e-06,1.9810062e-05,0.99966943,0.00020367945,3.1383293e-05,9.359328e-07,1.4330823e-07,0.99966943
pamap2,gnn_lstm,sequence,1,101,101,102,1930,1939,1939,7,7,12,12,ascending_stairs,ascending_stairs,True,8.163966e-07,2.1661249e-08,3.306684e-08,6.3644034e-06,5.3648448e-05,3.5859534e-06,1.8284465e-05,0.99968183,0.00020300655,3.1489937e-05,8.178312e-07,1.18959534e-07,0.99968183
pamap2,gnn_lstm,sequence,1,101,101,102,1931,1940,1940,7,7,12,12,ascending_stairs,ascending_stairs,True,8.357021e-07,2.1301645e-08,3.411539e-08,6.586484e-06,5.143939e-05,3.6342778e-06,1.8703298e-05,0.99967253,0.00021326772,3.2101474e-05,7.907863e-07,1.1300305e-07,0.99967253
pamap2,gnn_lstm,sequence,1,101,101,102,1932,1941,1941,7,7,12,12,ascending_stairs,ascending_stairs,True,8.0798765e-07,2.1097595e-08,3.4014597e-08,6.098421e-06,4.9283644e-05,3.458279e-06,1.7925708e-05,0.9996872,0.00020171866,3.2591994e-05,7.983398e-07,1.1206843e-07,0.9996872
pamap2,gnn_lstm,sequence,1,101,101,102,1933,1942,1942,7,7,12,12,ascending_stairs,ascending_stairs,True,7.498798e-07,1.9889733e-08,3.0469174e-08,5.4455095e-06,4.726417e-05,3.2408207e-06,1.655452e-05,0.99971074,0.00018289416,3.2173688e-05,8.0501786e-07,1.0776311e-07,0.99971074
pamap2,gnn_lstm,sequence,1,101,101,102,1934,1943,1943,7,7,12,12,ascending_stairs,ascending_stairs,True,9.3519344e-07,2.519396e-08,3.274282e-08,5.7785273e-06,6.772804e-05,3.9358547e-06,1.9364885e-05,0.999686,0.00018268183,3.2307187e-05,1.0730803e-06,1.5390255e-07,0.999686
pamap2,gnn_lstm,sequence,1,101,101,102,1935,1944,1944,7,7,12,12,ascending_stairs,ascending_stairs,True,1.1103733e-06,2.9768254e-08,3.9822325e-08,7.037721e-06,7.911308e-05,5.015502e-06,2.1321524e-05,0.9996369,0.00021292825,3.5146484e-05,1.1445196e-06,1.8301226e-07,0.9996369
pamap2,gnn_lstm,sequence,1,101,101,102,1936,1945,1945,7,7,12,12,ascending_stairs,ascending_stairs,True,1.1671258e-06,3.0196468e-08,4.3123634e-08,8.831897e-06,7.547355e-05,5.8150126e-06,2.1276743e-05,0.99959904,0.0002489904,3.817164e-05,1.0311792e-06,1.7232452e-07,0.99959904
pamap2,gnn_lstm,sequence,1,101,101,102,1937,1946,1946,7,7,12,12,ascending_stairs,ascending_stairs,True,1.0415594e-06,2.7562372e-08,4.414665e-08,8.622763e-06,6.917747e-05,5.2525534e-06,2.101406e-05,0.99959975,0.00025965626,3.4313787e-05,9.255467e-07,1.5797133e-07,0.99959975
pamap2,gnn_lstm,sequence,1,101,101,102,1938,1947,1947,7,7,12,12,ascending_stairs,ascending_stairs,True,8.7282393e-07,2.3138995e-08,4.0960412e-08,7.886274e-06,5.8360107e-05,4.4967987e-06,2.0212998e-05,0.99961334,0.0002632367,3.0630796e-05,7.770583e-07,1.3067567e-07,0.99961334
pamap2,gnn_lstm,sequence,1,101,101,102,1939,1948,1948,7,7,12,12,ascending_stairs,ascending_stairs,True,7.853718e-07,2.1431298e-08,3.9753193e-08,7.874767e-06,5.1710693e-05,4.356531e-06,1.9629653e-05,0.99961036,0.00027342333,3.1031814e-05,7.192407e-07,1.16777855e-07,0.99961036
pamap2,gnn_lstm,sequence,1,101,101,102,1940,1949,1949,7,7,12,12,ascending_stairs,ascending_stairs,True,7.733464e-07,1.984992e-08,3.5619728e-08,8.212473e-06,5.1415656e-05,4.8122165e-06,1.8674673e-05,0.9996068,0.0002763948,3.215654e-05,6.6971097e-07,1.0465288e-07,0.9996068
pamap2,gnn_lstm,sequence,1,101,101,102,1941,1950,1950,7,7,12,12,ascending_stairs,ascending_stairs,True,7.216354e-07,1.903442e-08,3.4332245e-08,7.845311e-06,4.782363e-05,4.609316e-06,1.8089711e-05,0.99961734,0.00026974687,3.2931202e-05,6.579331e-07,9.840337e-08,0.99961734
pamap2,gnn_lstm,sequence,1,101,101,102,1942,1951,1951,7,7,12,12,ascending_stairs,ascending_stairs,True,6.593178e-07,1.7161478e-08,3.1608582e-08,7.211044e-06,4.190052e-05,4.1028793e-06,1.734607e-05,0.999637,0.00025865185,3.2385906e-05,6.020518e-07,8.598449e-08,0.999637
pamap2,gnn_lstm,sequence,1,101,101,102,1943,1952,1952,7,7,12,12,ascending_stairs,ascending_stairs,True,6.0531823e-07,1.6843796e-08,3.313024e-08,7.1858535e-06,3.5902623e-05,3.7809089e-06,1.7266151e-05,0.9996309,0.00026964766,3.3950775e-05,5.863589e-07,8.116317e-08,0.9996309
pamap2,gnn_lstm,sequence,1,101,101,102,1944,1953,1953,7,7,12,12,ascending_stairs,ascending_stairs,True,5.431192e-07,1.8013608e-08,3.6189494e-08,6.9897255e-06,3.2041502e-05,3.3397532e-06,1.7061913e-05,0.9996393,0.00026303448,3.6864065e-05,6.386858e-07,8.5191154e-08,0.9996393
pamap2,gnn_lstm,sequence,1,101,101,102,1945,1954,1954,7,7,12,12,ascending_stairs,ascending_stairs,True,6.7429085e-07,2.1301023e-08,3.9435207e-08,7.2820853e-06,4.2567368e-05,4.1723365e-06,1.8142411e-05,0.99962246,0.000265429,3.8286107e-05,8.023058e-07,1.0861466e-07,0.99962246
pamap2,gnn_lstm,sequence,1,101,101,102,1946,1955,1955,7,7,12,12,ascending_stairs,ascending_stairs,True,6.569635e-07,2.1060778e-08,4.0526317e-08,8.658089e-06,3.9374176e-05,4.5634238e-06,1.748322e-05,0.99959034,0.00029682054,4.115229e-05,7.183667e-07,1.0215128e-07,0.99959034
pamap2,gnn_lstm,sequence,1,101,101,102,1947,1956,1956,7,7,12,12,ascending_stairs,ascending_stairs,True,5.647084e-07,1.8092482e-08,3.6092956e-08,8.409002e-06,3.284608e-05,3.9620218e-06,1.632629e-05,0.99960417,0.00029410943,3.893158e-05,6.0862453e-07,8.4441425e-08,0.99960417
pamap2,gnn_lstm,sequence,1,101,101,102,1948,1957,1957,7,7,12,12,ascending_stairs,ascending_stairs,True,5.0973205e-07,1.5868167e-08,3.216261e-08,7.683761e-06,2.998141e-05,3.4675797e-06,1.5506283e-05,0.99962926,0.0002774408,3.5500394e-05,5.5091954e-07,7.4299905e-08,0.99962926
pamap2,gnn_lstm,sequence,1,101,101,102,1949,1958,1958,7,7,12,12,ascending_stairs,ascending_stairs,True,4.5010145e-07,1.40909036e-08,2.7911089e-08,6.288422e-06,2.6730395e-05,2.882676e-06,1.41172095e-05,0.9996754,0.00024063389,3.2952747e-05,5.1846246e-07,6.627192e-08,0.9996754
pamap2,gnn_lstm,sequence,1,101,101,102,1950,1959,1959,7,7,12,12,ascending_stairs,ascending_stairs,True,3.9710082e-07,1.31224045e-08,2.4545544e-08,5.5643645e-06,2.4372364e-05,2.572371e-06,1.3595128e-05,0.99969876,0.00022185608,3.227588e-05,5.046422e-07,6.233671e-08,0.99969876
pamap2,gnn_lstm,sequence,1,101,101,102,1951,1960,1960,7,7,12,12,ascending_stairs,ascending_stairs,True,3.5580993e-07,1.2610913e-08,2.3262537e-08,5.685016e-06,2.225638e-05,2.5566912e-06,1.3504778e-05,0.99969316,0.0002280477,3.3942528e-05,4.9011334e-07,5.863593e-08,0.99969316
pamap2,gnn_lstm,sequence,1,101,101,102,1952,1961,1961,7,7,12,12,ascending_stairs,ascending_stairs,True,3.4701324e-07,1.3000264e-08,2.4223384e-08,6.0535626e-06,2.17854e-05,2.7256522e-06,1.3845568e-05,0.9996762,0.00024170357,3.669986e-05,5.0522016e-07,5.9272494e-08,0.9996762
pamap2,gnn_lstm,sequence,1,101,101,102,1953,1962,1962,7,7,12,12,ascending_stairs,ascending_stairs,True,3.4696282e-07,1.3648421e-08,2.544667e-08,5.8790292e-06,2.168e-05,2.66585e-06,1.4084968e-05,0.9996797,0.00023709927,3.7975773e-05,5.316863e-07,6.210517e-08,0.9996797
pamap2,gnn_lstm,sequence,1,101,101,102,1954,1963,1963,7,7,12,12,ascending_stairs,ascending_stairs,True,3.5068075e-07,1.4022869e-08,2.5052595e-08,5.572141e-06,2.2859114e-05,2.6493035e-06,1.3888654e-05,0.9996915,0.00022540147,3.7166796e-05,5.648342e-07,6.566926e-08,0.9996915
pamap2,gnn_lstm,sequence,1,101,101,102,1955,1964,1964,7,7,12,12,ascending_stairs,ascending_stairs,True,4.0608197e-07,1.4488049e-08,2.3870632e-08,5.2383566e-06,2.8557954e-05,2.9781804e-06,1.2946486e-05,0.9997104,0.00020237909,3.625479e-05,6.62442e-07,7.201469e-08,0.9997104
pamap2,gnn_lstm,sequence,1,101,101,102,1956,1965,1965,7,7,12,12,ascending_stairs,ascending_stairs,True,5.3123244e-07,1.7825608e-08,2.935041e-08,6.056809e-06,4.462284e-05,4.546501e-06,1.4433366e-05,0.9996573,0.00023495317,3.647098e-05,1.0006061e-06,9.577503e-08,0.9996573
pamap2,gnn_lstm,sequence,1,101,101,102,1957,1966,1966,7,7,12,12,ascending_stairs,ascending_stairs,True,1.0764467e-06,4.9114615e-08,9.02674e-08,1.4886468e-05,0.00012279699,1.2125707e-05,3.196094e-05,0.9992526,0.0005197006,4.2119016e-05,2.3023974e-06,2.8008495e-07,0.9992526
pamap2,gnn_lstm,sequence,1,101,101,102,1958,1967,1967,7,7,12,12,ascending_stairs,ascending_stairs,True,4.6562773e-06,5.159992e-07,8.172937e-07,0.000111535905,0.00058621244,7.7083e-05,0.00015086951,0.99668473,0.0022684871,0.00010543133,7.1901927e-06,2.5262034e-06,0.99668473
pamap2,gnn_lstm,sequence,1,101,101,102,1959,1968,1968,7,7,12,12,ascending_stairs,ascending_stairs,True,4.229253e-05,1.4013525e-05,1.5202953e-05,0.0014000796,0.004233446,0.0011019622,0.001056776,0.97665423,0.014741828,0.00063194335,6.396923e-05,4.4266937e-05,0.97665423
pamap2,gnn_lstm,sequence,1,101,101,102,1960,1969,1969,7,7,12,12,ascending_stairs,ascending_stairs,True,0.00039771918,0.00039313058,0.00028577275,0.016528714,0.028417705,0.018874824,0.006414306,0.84007907,0.081217565,0.005602837,0.00097011856,0.00081827614,0.84007907
pamap2,gnn_lstm,sequence,1,101,101,102,1961,1970,1970,7,7,12,12,ascending_stairs,ascending_stairs,True,0.0017430661,0.0030366364,0.0017431708,0.06766509,0.07392855,0.05474057,0.026348647,0.5498004,0.19788456,0.014027024,0.0033516486,0.005730622,0.5498004
pamap2,gnn_lstm,sequence,1,101,101,102,1962,1971,1971,7,7,12,12,ascending_stairs,ascending_stairs,True,0.0048513557,0.008812662,0.0058209826,0.1133022,0.08952053,0.08491445,0.05519335,0.3403709,0.24828494,0.02757565,0.0066052545,0.014747743,0.3403709
pamap2,gnn_lstm,sequence,1,101,101,102,1963,1972,1972,7,7,12,12,ascending_stairs,ascending_stairs,True,0.01356702,0.014806336,0.011851241,0.08606766,0.09309465,0.11323433,0.098674424,0.2558048,0.21198979,0.062579654,0.013390277,0.024939746,0.2558048
pamap2,gnn_lstm,sequence,1,101,101,102,1964,1973,1973,7,7,12,12,ascending_stairs,ascending_stairs,True,0.024142655,0.02279532,0.01953713,0.05041399,0.06307728,0.11137565,0.13851057,0.20222743,0.1390607,0.1692441,0.03497962,0.02463559,0.20222743
pamap2,gnn_lstm,sequence,1,101,101,102,1965,1974,1974,7,10,12,17,ascending_stairs,ironing,False,0.013559396,0.044804275,0.06284551,0.02169252,0.027255094,0.032833736,0.088582486,0.15587251,0.108236186,0.20384951,0.22093745,0.019531379,0.22093745
pamap2,gnn_lstm,sequence,1,101,101,102,1966,1975,1975,8,10,13,17,descending_stairs,ironing,False,0.011952784,0.19008256,0.13981894,0.0023464719,0.0071893474,0.009449034,0.018962858,0.023172999,0.018501567,0.10376208,0.46669596,0.00806539,0.46669596
pamap2,gnn_lstm,sequence,1,101,101,102,1967,1976,1976,8,10,13,17,descending_stairs,ironing,False,0.011224129,0.28503463,0.10049129,0.0019472871,0.004243987,0.011427393,0.0067504486,0.011636128,0.010085073,0.13256764,0.41843557,0.006156414,0.41843557
pamap2,gnn_lstm,sequence,1,101,101,102,1968,1977,1977,8,10,13,17,descending_stairs,ironing,False,0.01002398,0.3067391,0.056826487,0.001728817,0.004328626,0.01709759,0.003447559,0.009177389,0.008062129,0.15004884,0.4275786,0.0049409717,0.4275786
pamap2,gnn_lstm,sequence,1,101,101,102,1969,1978,1978,8,1,13,2,descending_stairs,sitting,False,0.009267629,0.40451226,0.041444063,0.001571524,0.005249045,0.021755263,0.0022137526,0.0073637306,0.0071777143,0.114469565,0.3801521,0.004823319,0.40451226
pamap2,gnn_lstm,sequence,1,101,101,102,1970,1979,1979,8,1,13,2,descending_stairs,sitting,False,0.008625693,0.7328095,0.027604926,0.0013837843,0.006151853,0.015104074,0.0019212613,0.0045041437,0.0046670088,0.043913506,0.14818333,0.0051309564,0.7328095
pamap2,gnn_lstm,sequence,1,101,101,102,1971,1980,1980,8,1,13,2,descending_stairs,sitting,False,0.0111257,0.5894986,0.015334251,0.0036944023,0.020827083,0.051081974,0.00333131,0.011266974,0.010640254,0.05867607,0.2147325,0.009790961,0.5894986
pamap2,gnn_lstm,sequence,1,101,101,102,1972,1981,1981,8,10,13,17,descending_stairs,ironing,False,0.013871915,0.2530988,0.007032054,0.0088152,0.0948644,0.17703694,0.0050606076,0.032116126,0.021343784,0.06512693,0.30474028,0.01689298,0.30474028
pamap2,gnn_lstm,sequence,1,101,101,102,1973,1982,1982,8,1,13,2,descending_stairs,sitting,False,0.01038482,0.45113844,0.008576893,0.0043707946,0.04171472,0.0674684,0.0024406125,0.014885037,0.01207856,0.04208275,0.33400843,0.010850528,0.45113844
pamap2,gnn_lstm,sequence,1,101,101,102,1974,1983,1983,8,10,13,17,descending_stairs,ironing,False,0.008063968,0.39002937,0.0061342237,0.0054942616,0.01989095,0.06955856,0.00068496267,0.014944041,0.012795766,0.07415708,0.39111406,0.0071327216,0.39111406
pamap2,gnn_lstm,sequence,1,101,101,102,1975,1984,1984,8,5,13,6,descending_stairs,cycling,False,0.01870777,0.15049435,0.0022746848,0.016475823,0.061310194,0.3294613,0.0006587463,0.049258765,0.026822045,0.115341336,0.21476027,0.014434766,0.3294613
pamap2,gnn_lstm,sequence,1,101,101,102,1976,1985,1985,8,5,13,6,descending_stairs,cycling,False,0.00659371,0.009454164,0.000164626,0.016420323,0.14564657,0.6466892,0.0005561833,0.07884229,0.036742676,0.018385911,0.024456289,0.016048124,0.6466892
pamap2,gnn_lstm,sequence,1,101,101,102,1977,1986,1986,8,5,13,6,descending_stairs,cycling,False,0.0014843859,0.0012017771,2.5831598e-05,0.013963511,0.18989258,0.5313434,0.0010931114,0.116906695,0.1200348,0.0033244083,0.0026975414,0.018032035,0.5313434
pamap2,gnn_lstm,sequence,1,101,101,102,1978,1987,1987,8,8,13,13,descending_stairs,descending_stairs,True,0.00019425139,0.00024843236,9.683857e-06,0.009142521,0.05933755,0.2897777,0.001108846,0.10732776,0.5201467,0.001621801,0.0005111231,0.010573551,0.5201467
pamap2,gnn_lstm,sequence,1,101,101,102,1979,1988,1988,8,8,13,13,descending_stairs,descending_stairs,True,1.193855e-05,3.2247677e-05,2.7294077e-06,0.0033297644,0.0056543676,0.050151784,0.0004996002,0.038853556,0.8985719,0.000483391,6.2861094e-05,0.0023459701,0.8985719
pamap2,gnn_lstm,sequence,1,101,101,102,1980,1989,1989,8,8,13,13,descending_stairs,descending_stairs,True,1.2478441e-06,6.2265835e-06,1.1059041e-06,0.0013331033,0.00069842325,0.0073228544,0.000247374,0.015123978,0.9744188,0.00018413947,1.2897364e-05,0.00064980396,0.9744188
pamap2,gnn_lstm,sequence,1,101,101,102,1981,1990,1990,8,8,13,13,descending_stairs,descending_stairs,True,1.90671e-07,1.6702822e-06,5.379756e-07,0.0005229825,0.00013951886,0.001487335,0.00013840986,0.007595013,0.98976725,7.354791e-05,3.9319393e-06,0.00026966823,0.98976725
pamap2,gnn_lstm,sequence,1,101,101,102,1982,1991,1991,8,8,13,13,descending_stairs,descending_stairs,True,6.100028e-08,8.002175e-07,4.320276e-07,0.00028120045,4.5872894e-05,0.00037074677,0.00014623239,0.006711968,0.9922381,4.524007e-05,2.0686937e-06,0.00015730725,0.9922381
pamap2,gnn_lstm,sequence,1,101,101,102,1983,1992,1992,8,8,13,13,descending_stairs,descending_stairs,True,1.66543e-08,3.907257e-07,2.422328e-07,0.00016135191,1.5746315e-05,0.00013562052,0.00010956616,0.0037421451,0.99570376,2.5466066e-05,1.0514289e-06,0.00010457888,0.99570376
pamap2,gnn_lstm,sequence,1,101,101,102,1984,1993,1993,8,8,13,13,descending_stairs,descending_stairs,True,4.75941e-09,2.0283628e-07,1.2562793e-07,0.00010538078,6.644067e-06,5.5326083e-05,8.337831e-05,0.0021514886,0.99750924,1.4258759e-05,5.5953956e-07,7.3389994e-05,0.99750924
pamap2,gnn_lstm,sequence,1,101,101,102,1985,1994,1994,8,8,13,13,descending_stairs,descending_stairs,True,2.1752362e-09,1.3932696e-07,8.3127645e-08,8.606461e-05,4.0870354e-06,4.666208e-05,4.5450026e-05,0.0010966219,0.9986413,1.02941585e-05,4.6358466e-07,6.896129e-05,0.9986413
pamap2,gnn_lstm,sequence,1,101,101,102,1986,1995,1995,8,8,13,13,descending_stairs,descending_stairs,True,1.1973629e-09,1.0250685e-07,5.5398804e-08,7.341533e-05,3.1496638e-06,4.5409713e-05,2.426098e-05,0.00059382495,0.99918205,6.535031e-06,3.631433e-07,7.0945505e-05,0.99918205
pamap2,gnn_lstm,sequence,1,101,101,102,1987,1996,1996,8,8,13,13,descending_stairs,descending_stairs,True,1.5760769e-09,1.1438157e-07,6.291416e-08,9.38673e-05,3.908609e-06,4.8693855e-05,2.7405631e-05,0.00087248016,0.99888164,7.290567e-06,3.561978e-07,6.413115e-05,0.99888164
pamap2,gnn_lstm,sequence,1,101,101,102,1988,1997,1997,8,8,13,13,descending_stairs,descending_stairs,True,3.8572137e-09,1.6618584e-07,9.705106e-08,0.00014190147,7.082425e-06,6.829102e-05,4.9554823e-05,0.002474545,0.99718946,1.2553677e-05,4.5733177e-07,5.5755743e-05,0.99718946
pamap2,gnn_lstm,sequence,1,101,101,102,1989,1998,1998,8,8,13,13,descending_stairs,descending_stairs,True,1.6442003e-09,1.1249179e-07,5.6098234e-08,0.00010041596,4.032039e-06,4.8562753e-05,2.9383003e-05,0.0009760231,0.998774,7.0925157e-06,3.1818752e-07,5.9983355e-05,0.998774
pamap2,gnn_lstm,sequence,1,101,101,102,1990,1999,1999,8,8,13,13,descending_stairs,descending_stairs,True,4.5179155e-10,6.648383e-08,2.483675e-08,6.40108e-05,1.9494294e-06,3.136773e-05,1.387553e-05,0.00024335121,0.999572,3.1898596e-06,2.0610734e-07,7.010768e-05,0.999572
pamap2,gnn_lstm,sequence,1,101,101,102,1991,2000,2000,8,8,13,13,descending_stairs,descending_stairs,True,3.557413e-10,5.994231e-08,2.075961e-08,5.978147e-05,1.7590181e-06,2.9115079e-05,1.2093609e-05,0.00019738999,0.9996258,2.780506e-06,1.8630894e-07,7.0944465e-05,0.9996258
pamap2,gnn_lstm,sequence,1,101,101,102,1992,2001,2001,8,8,13,13,descending_stairs,descending_stairs,True,2.979655e-10,5.7087437e-08,1.8417463e-08,5.6201818e-05,1.7226153e-06,2.7359825e-05,1.1248429e-05,0.00016907458,0.9996573,2.4177068e-06,1.737258e-07,7.4528274e-05,0.9996573
pamap2,gnn_lstm,sequence,1,101,101,102,1993,2002,2002,8,8,13,13,descending_stairs,descending_stairs,True,4.319438e-10,6.4359625e-08,2.2458433e-08,7.061977e-05,2.0576695e-06,3.043712e-05,1.3844578e-05,0.00027572655,0.99954176,3.1349005e-06,1.9715617e-07,6.224344e-05,0.99954176
pamap2,gnn_lstm,sequence,1,101,101,102,1994,2003,2003,8,8,13,13,descending_stairs,descending_stairs,True,4.706366e-10,6.930404e-08,2.6542986e-08,6.597137e-05,2.1225298e-06,3.060957e-05,1.5836995e-05,0.00029217397,0.99952483,3.397183e-06,2.2296645e-07,6.477668e-05,0.99952483
pamap2,gnn_lstm,sequence,1,101,101,102,1995,2004,2004,8,8,13,13,descending_stairs,descending_stairs,True,4.876091e-10,7.628818e-08,3.0840557e-08,6.708704e-05,2.229695e-06,3.1729804e-05,1.6154538e-05,0.00027728768,0.99952936,3.6556446e-06,2.5516633e-07,7.206785e-05,0.99952936
pamap2,gnn_lstm,sequence,1,101,101,102,1996,2005,2005,8,8,13,13,descending_stairs,descending_stairs,True,6.66806e-10,8.6845645e-08,3.733191e-08,7.84323e-05,2.6952605e-06,3.687445e-05,1.7731387e-05,0.000356429,0.9994307,4.2928255e-06,2.8196416e-07,7.229416e-05,0.9994307
pamap2,gnn_lstm,sequence,1,101,101,102,1997,2006,2006,8,8,13,13,descending_stairs,descending_stairs,True,6.9450196e-10,8.552409e-08,3.785883e-08,7.371411e-05,2.6598634e-06,3.99714e-05,1.6387983e-05,0.00031811028,0.99946576,4.2755782e-06,2.8744884e-07,7.881288e-05,0.99946576
pamap2,gnn_lstm,sequence,1,101,101,102,1998,2007,2007,8,8,13,13,descending_stairs,descending_stairs,True,2.3592386e-09,1.407019e-07,8.3444085e-08,0.00012063732,4.7237277e-06,5.523643e-05,3.276832e-05,0.0011142932,0.99859565,9.180767e-06,4.1384178e-07,6.685405e-05,0.99859565
pamap2,gnn_lstm,sequence,1,101,101,102,1999,2008,2008,8,8,13,13,descending_stairs,descending_stairs,True,1.7291516e-09,1.165768e-07,6.120027e-08,9.8670935e-05,4.097878e-06,5.3235734e-05,2.5753185e-05,0.00077202776,0.9989681,6.8909594e-06,3.4740793e-07,7.068601e-05,0.9989681
pamap2,gnn_lstm,sequence,1,101,101,102,2000,2009,2009,8,8,13,13,descending_stairs,descending_stairs,True,7.409087e-10,7.995585e-08,3.299683e-08,6.9277354e-05,2.6600062e-06,4.226584e-05,1.5247501e-05,0.0003119469,0.99947566,3.8352086e-06,2.491752e-07,7.8840945e-05,0.99947566
pamap2,gnn_lstm,sequence,1,101,101,102,2001,2010,2010,8,8,13,13,descending_stairs,descending_stairs,True,5.0283994e-10,6.549388e-08,2.3281181e-08,6.479543e-05,2.2159982e-06,3.5170124e-05,1.2925982e-05,0.0002457797,0.9995635,2.9857817e-06,1.9420173e-07,7.2323695e-05,0.9995635
pamap2,gnn_lstm,sequence,1,101,101,102,2002,2011,2011,8,8,13,13,descending_stairs,descending_stairs,True,2.6816716e-10,5.2028916e-08,1.5977312e-08,5.5181696e-05,1.7452617e-06,2.7472237e-05,9.953249e-06,0.00015012448,0.9996786,2.09744e-06,1.5216324e-07,7.4501586e-05,0.9996786
pamap2,gnn_lstm,sequence,1,101,101,102,2003,2012,2012,8,8,13,13,descending_stairs,descending_stairs,True,2.7934124e-10,5.383391e-08,1.7953548e-08,4.8737016e-05,1.7217022e-06,3.2457494e-05,9.191151e-06,0.00013770782,0.99968505,2.4501778e-06,1.9240792e-07,8.248144e-05,0.99968505
pamap2,gnn_lstm,sequence,1,101,101,102,2004,2013,2013,8,8,13,13,descending_stairs,descending_stairs,True,2.8840316e-10,5.465644e-08,1.8974628e-08,4.616925e-05,1.6759318e-06,3.2147065e-05,9.467711e-06,0.00013576938,0.99968696,2.4743947e-06,1.9608537e-07,8.517389e-05,0.99968696
pamap2,gnn_lstm,sequence,1,101,101,102,2005,2014,2014,8,8,13,13,descending_stairs,descending_stairs,True,2.837261e-10,5.542097e-08,1.8848054e-08,4.6664663e-05,1.7113103e-06,3.2362626e-05,9.348005e-06,0.00013052752,0.9996886,2.3927137e-06,1.9465473e-07,8.816509e-05,0.9996886
pamap2,gnn_lstm,sequence,1,101,101,102,2006,2015,2015,8,8,13,13,descending_stairs,descending_stairs,True,3.255759e-10,5.9011615e-08,2.0712296e-08,5.0248786e-05,1.7967978e-06,3.202535e-05,1.0464593e-05,0.00014939597,0.9996673,2.5558893e-06,1.9917312e-07,8.589526e-05,0.9996673
pamap2,gnn_lstm,sequence,1,101,101,102,2007,2016,2016,8,8,13,13,descending_stairs,descending_stairs,True,3.286402e-10,6.039001e-08,2.1528615e-08,4.8846665e-05,1.8257687e-06,3.2250777e-05,1.071906e-05,0.00014797163,0.99966633,2.5747538e-06,2.0690514e-07,8.9203895e-05,0.99966633
pamap2,gnn_lstm,sequence,1,101,101,102,2008,2017,2017,8,8,13,13,descending_stairs,descending_stairs,True,3.6853717e-10,6.415326e-08,2.3460773e-08,4.8539794e-05,2.0998357e-06,3.5871366e-05,1.0931306e-05,0.00015632494,0.999647,2.6260414e-06,2.2554055e-07,9.619711e-05,0.999647
pamap2,gnn_lstm,sequence,1,101,101,102,2009,2018,2018,8,8,13,13,descending_stairs,descending_stairs,True,4.61866e-10,6.941164e-08,2.6742766e-08,5.445022e-05,2.2232655e-06,3.4530225e-05,1.2960818e-05,0.00019647661,0.9996056,2.8233144e-06,2.2068632e-07,9.052878e-05,0.9996056
pamap2,gnn_lstm,sequence,1,101,101,102,2010,2019,2019,8,8,13,13,descending_stairs,descending_stairs,True,6.840997e-10,8.096652e-08,3.341666e-08,6.2838495e-05,2.6536297e-06,3.719945e-05,1.6705242e-05,0.00029721737,0.99949586,3.40396e-06,2.4449562e-07,8.374579e-05,0.99949586
pamap2,gnn_lstm,sequence,1,101,101,102,2011,2020,2020,8,8,13,13,descending_stairs,descending_stairs,True,9.896757e-10,9.001421e-08,4.1694197e-08,7.195278e-05,3.087162e-06,4.4793265e-05,1.8698753e-05,0.00043354364,0.9993467,4.4855396e-06,2.8969836e-07,7.628731e-05,0.9993467
pamap2,gnn_lstm,sequence,1,101,101,102,2012,2021,2021,8,8,13,13,descending_stairs,descending_stairs,True,9.053968e-10,8.73099e-08,4.0996635e-08,6.524605e-05,2.8482136e-06,4.4104763e-05,1.77572e-05,0.00036411878,0.9994197,4.2338734e-06,2.927698e-07,8.155865e-05,0.9994197
pamap2,gnn_lstm,sequence,1,101,101,102,2013,2022,2022,8,8,13,13,descending_stairs,descending_stairs,True,1.1161944e-09,9.992314e-08,5.1173966e-08,6.9715075e-05,3.146168e-06,4.341847e-05,2.2235512e-05,0.00046188908,0.9993131,4.984605e-06,3.2820952e-07,8.104369e-05,0.9993131
pamap2,gnn_lstm,sequence,1,101,101,102,2014,2023,2023,8,8,13,13,descending_stairs,descending_stairs,True,1.0854912e-08,2.83481e-07,2.254588e-07,0.0001795759,1.4577609e-05,8.962229e-05,9.5630436e-05,0.00551089,0.9940171,2.0079495e-05,8.711534e-07,7.113295e-05,0.9940171
pamap2,gnn_lstm,sequence,1,101,101,102,2015,2024,2024,8,8,13,13,descending_stairs,descending_stairs,True,4.1268933e-08,5.0076073e-07,4.588832e-07,0.000330778,4.2475756e-05,0.00018269039,0.00017491974,0.022264909,0.9768861,4.361844e-05,1.6324585e-06,7.190278e-05,0.9768861
pamap2,gnn_lstm,sequence,1,101,101,102,2016,2025,2025,8,8,13,13,descending_stairs,descending_stairs,True,2.5541622e-08,4.13104e-07,3.5365673e-07,0.0002767403,2.7448392e-05,0.00013717443,0.0001402184,0.012844042,0.9864695,3.1929358e-05,1.207121e-06,7.095576e-05,0.9864695
pamap2,gnn_lstm,sequence,1,101,101,102,2017,2026,2026,8,8,13,13,descending_stairs,descending_stairs,True,8.108393e-08,6.4404486e-07,5.604029e-07,0.0005721858,6.136658e-05,0.00020769732,0.00027312417,0.051252868,0.9475041,6.395134e-05,1.900895e-06,6.1525985e-05,0.9475041
pamap2,gnn_lstm,sequence,1,101,101,102,2018,2027,2027,8,8,13,13,descending_stairs,descending_stairs,True,7.9809425e-08,5.768961e-07,5.0068e-07,0.0005149784,5.568651e-05,0.00021724319,0.00026365562,0.048308115,0.95051366,6.397911e-05,1.7934659e-06,5.973573e-05,0.95051366
pamap2,gnn_lstm,sequence,1,101,101,102,2019,2028,2028,8,8,13,13,descending_stairs,descending_stairs,True,2.0659026e-08,3.2299823e-07,2.3060541e-07,0.000238513,2.2173595e-05,0.00014190754,0.00011671361,0.01064253,0.9887462,2.714018e-05,9.288861e-07,6.334024e-05,0.9887462
pamap2,gnn_lstm,sequence,1,101,101,102,2020,2029,2029,8,8,13,13,descending_stairs,descending_stairs,True,3.971456e-09,1.5771154e-07,9.389909e-08,0.0001252965,7.2042526e-06,7.392593e-05,4.3987824e-05,0.0021143132,0.99756193,1.1130512e-05,4.6957112e-07,6.140838e-05,0.99756193
pamap2,gnn_lstm,sequence,1,101,101,102,2021,2030,2030,8,8,13,13,descending_stairs,descending_stairs,True,1.1276287e-09,9.1648374e-08,4.7806537e-08,7.214928e-05,3.1992834e-06,4.9772243e-05,1.9328756e-05,0.00052384473,0.9992549,5.514734e-06,3.3116658e-07,7.090354e-05,0.9992549
pamap2,gnn_lstm,sequence,1,101,101,102,2022,2031,2031,8,8,13,13,descending_stairs,descending_stairs,True,1.196929e-09,9.328176e-08,4.9055068e-08,7.255968e-05,3.2625812e-06,4.902535e-05,2.0101112e-05,0.00054787163,0.99922967,5.42441e-06,3.1400438e-07,7.169907e-05,0.99922967
pamap2,gnn_lstm,sequence,1,101,101,102,2023,2032,2032,8,8,13,13,descending_stairs,descending_stairs,True,5.0555415e-10,6.670204e-08,2.657909e-08,5.2899963e-05,2.371099e-06,4.1359308e-05,1.1859532e-05,0.00021773353,0.9995833,3.0755814e-06,2.4155355e-07,8.697468e-05,0.9995833
pamap2,gnn_lstm,sequence,1,101,101,102,2024,2033,2033,8,8,13,13,descending_stairs,descending_stairs,True,3.8007753e-10,6.572233e-08,2.4747665e-08,4.4885317e-05,2.3034804e-06,4.14004e-05,1.0170355e-05,0.00015035894,0.9996408,2.6298999e-06,2.518244e-07,0.000107036125,0.9996408
pamap2,gnn_lstm,sequence,1,101,101,102,2025,2034,2034,8,8,13,13,descending_stairs,descending_stairs,True,3.9236794e-10,6.9623646e-08,2.656817e-08,4.4811313e-05,2.2816364e-06,3.9310533e-05,1.0973737e-05,0.0001471056,0.99963963,2.6668417e-06,2.5586803e-07,0.000112977104,0.99963963
pamap2,gnn_lstm,sequence,1,101,101,102,2026,2035,2035,8,8,13,13,descending_stairs,descending_stairs,True,3.4798464e-10,6.541042e-08,2.3892929e-08,4.5349614e-05,1.9396914e-06,3.4033448e-05,1.0911302e-05,0.00013446837,0.9996636,2.5441554e-06,2.2606348e-07,0.00010679263,0.9996636
pamap2,gnn_lstm,sequence,1,101,101,102,2027,2036,2036,8,8,13,13,descending_stairs,descending_stairs,True,3.7800255e-10,6.4601025e-08,2.3659284e-08,4.63463e-05,2.0405835e-06,3.6797028e-05,1.0867642e-05,0.00015002761,0.9996501,2.700422e-06,2.3419456e-07,0.000100795834,0.9996501
pamap2,gnn_lstm,sequence,1,101,101,102,2028,2037,2037,8,8,13,13,descending_stairs,descending_stairs,True,4.1271406e-10,6.390089e-08,2.3599515e-08,5.0751656e-05,2.1191968e-06,4.02043e-05,1.0403653e-05,0.00016819924,0.9996326,2.9264138e-06,2.4008136e-07,9.233335e-05,0.9996326
pamap2,gnn_lstm,sequence,1,101,101,102,2029,2038,2038,8,8,13,13,descending_stairs,descending_stairs,True,3.7508327e-10,6.230019e-08,2.3611872e-08,4.9815797e-05,2.0570262e-06,3.880143e-05,1.0320159e-05,0.00016621522,0.99964106,2.901038e-06,2.4275758e-07,8.853837e-05,0.99964106
pamap2,gnn_lstm,sequence,1,101,101,102,2030,2039,2039,8,8,13,13,descending_stairs,descending_stairs,True,3.7041561e-10,6.697703e-08,2.6042095e-08,4.8899325e-05,2.0496407e-06,3.8573322e-05,1.0637935e-05,0.0001564383,0.9996443,2.9950495e-06,2.620934e-07,9.5712654e-05,0.9996443
pamap2,gnn_lstm,sequence,1,101,101,102,2031,2040,2040,8,8,13,13,descending_stairs,descending_stairs,True,3.6849648e-10,6.915183e-08,2.6894426e-08,4.9441926e-05,2.0601901e-06,3.7633847e-05,1.0882899e-05,0.00015133341,0.99964535,2.9788928e-06,2.6213542e-07,9.996929e-05,0.99964535
pamap2,gnn_lstm,sequence,1,101,101,102,2032,2041,2041,8,8,13,13,descending_stairs,descending_stairs,True,4.6381132e-10,7.2998326e-08,2.9641239e-08,5.447491e-05,2.3333428e-06,4.171907e-05,1.1605292e-05,0.00018153661,0.9996068,3.2802386e-06,2.758185e-07,9.781173e-05,0.9996068
pamap2,gnn_lstm,sequence,1,101,101,102,2033,2042,2042,8,8,13,13,descending_stairs,descending_stairs,True,5.6571564e-10,7.6127186e-08,3.2224627e-08,6.811835e-05,2.451226e-06,4.2011106e-05,1.2732076e-05,0.00023508845,0.999551,3.7903067e-06,2.7252003e-07,8.437733e-05,0.999551
pamap2,gnn_lstm,sequence,1,101,101,102,2034,2043,2043,8,8,13,13,descending_stairs,descending_stairs,True,8.6723867e-10,8.8671406e-08,4.175459e-08,8.446586e-05,3.0157164e-06,4.514608e-05,1.6118254e-05,0.000377957,0.9993923,4.666149e-06,2.8376718e-07,7.6010816e-05,0.9993923
pamap2,gnn_lstm,sequence,1,101,101,102,2035,2044,2044,8,8,13,13,descending_stairs,descending_stairs,True,1.092591e-09,9.8202705e-08,4.3412097e-08,0.00010493013,3.3558972e-06,4.571851e-05,1.8545836e-05,0.00050391775,0.99924904,5.031595e-06,2.6850418e-07,6.909282e-05,0.99924904
pamap2,gnn_lstm,sequence,1,101,101,102,2036,2045,2045,8,8,13,13,descending_stairs,descending_stairs,True,5.33344e-10,6.95042e-08,2.5582242e-08,7.097148e-05,2.2932695e-06,3.4968267e-05,1.3645862e-05,0.00026307767,0.9995402,3.1126774e-06,1.9946923e-07,7.157847e-05,0.9995402
pamap2,gnn_lstm,sequence,1,101,101,102,2037,2046,2046,8,8,13,13,descending_stairs,descending_stairs,True,3.1053296e-10,5.5779534e-08,1.7117383e-08,7.409541e-05,1.8359615e-06,2.8297945e-05,1.0516785e-05,0.00019307435,0.9996259,2.4735714e-06,1.5528738e-07,6.354524e-05,0.9996259
pamap2,gnn_lstm,sequence,1,101,101,102,2038,2047,2047,8,8,13,13,descending_stairs,descending_stairs,True,3.0698694e-10,5.456775e-08,1.80149e-08,6.4314045e-05,1.8093913e-06,3.1808075e-05,9.648455e-06,0.00017969689,0.99964225,2.6895525e-06,1.8167425e-07,6.7484085e-05,0.99964225
pamap2,gnn_lstm,sequence,1,101,101,102,2039,2048,2048,8,8,13,13,descending_stairs,descending_stairs,True,3.3878964e-10,5.6488183e-08,2.0224247e-08,5.491136e-05,1.8607549e-06,3.410704e-05,9.998099e-06,0.00017642495,0.99964464,2.7520218e-06,2.0089925e-07,7.500105e-05,0.99964464
pamap2,gnn_lstm,sequence,1,101,101,102,2040,2049,2049,8,8,13,13,descending_stairs,descending_stairs,True,3.8539275e-10,6.0932855e-08,2.2551545e-08,5.789723e-05,1.9092815e-06,3.2760385e-05,1.12255475e-05,0.00019341822,0.9996239,2.8763682e-06,2.0242575e-07,7.566973e-05,0.9996239
pamap2,gnn_lstm,sequence,1,101,101,102,2041,2050,2050,8,8,13,13,descending_stairs,descending_stairs,True,3.8130282e-10,6.2693125e-08,2.1985372e-08,6.6157656e-05,1.9257225e-06,2.978983e-05,1.2163306e-05,0.00020860923,0.9996075,2.7958747e-06,1.85964e-07,7.075824e-05,0.9996075
pamap2,gnn_lstm,sequence,1,101,101,102,2042,2051,2051,8,8,13,13,descending_stairs,descending_stairs,True,3.823178e-10,6.238391e-08,2.2566821e-08,5.7636928e-05,1.9822023e-06,3.189708e-05,1.1839323e-05,0.00019318912,0.9996221,2.7625306e-06,2.0075665e-07,7.8292294e-05,0.9996221
pamap2,gnn_lstm,sequence,1,101,101,102,2043,2052,2052,8,8,13,13,descending_stairs,descending_stairs,True,3.8055523e-10,6.3624675e-08,2.417958e-08,4.8443355e-05,1.9809938e-06,3.4226436e-05,1.1579741e-05,0.00016995383,0.99964,2.781755e-06,2.2616919e-07,9.06519e-05,0.99964
pamap2,gnn_lstm,sequence,1,101,101,102,2044,2053,2053,8,8,13,13,descending_stairs,descending_stairs,True,5.2936755e-10,7.353137e-08,3.0163633e-08,5.1271552e-05,2.3151956e-06,3.70349e-05,1.4140885e-05,0.00021930036,0.99957913,3.162509e-06,2.5292627e-07,9.339199e-05,0.99957913
pamap2,gnn_lstm,sequence,1,101,101,102,2045,2054,2054,8,8,13,13,descending_stairs,descending_stairs,True,5.571156e-10,7.862053e-08,3.270198e-08,4.867693e-05,2.3681412e-06,3.7022237e-05,1.5172915e-05,0.00021118298,0.99957865,3.1914904e-06,2.6912323e-07,0.0001033794,0.99957865
pamap2,gnn_lstm,sequence,1,101,101,102,2046,2055,2055,8,8,13,13,descending_stairs,descending_stairs,True,5.518761e-10,7.965279e-08,3.44344e-08,4.4988494e-05,2.1453907e-06,3.4398145e-05,1.6536835e-05,0.00020513499,0.9995881,3.2866496e-06,2.749239e-07,0.00010511388,0.9995881
pamap2,gnn_lstm,sequence,1,101,101,102,2047,2056,2056,8,8,13,13,descending_stairs,descending_stairs,True,4.4036577e-10,7.5986065e-08,3.137793e-08,4.204455e-05,1.8880835e-06,3.0830204e-05,1.5637044e-05,0.00016827304,0.9996296,3.0052859e-06,2.5987367e-07,0.00010825201,0.9996296
pamap2,gnn_lstm,sequence,1,101,101,102,2048,2057,2057,8,8,13,13,descending_stairs,descending_stairs,True,4.2063297e-10,7.478133e-08,3.0562735e-08,4.203493e-05,1.8488986e-06,3.0411999e-05,1.52247985e-05,0.00016538525,0.99963534,3.046557e-06,2.6247423e-07,0.00010630452,0.99963534
pamap2,gnn_lstm,sequence,1,101,101,102,2049,2058,2058,8,8,13,13,descending_stairs,descending_stairs,True,4.1123396e-10,6.9078375e-08,2.7975526e-08,4.4093842e-05,1.7702988e-06,3.137807e-05,1.4174246e-05,0.00017568389,0.99963534,3.1541656e-06,2.5347563e-07,9.408964e-05,0.99963534
pamap2,gnn_lstm,sequence,1,101,101,102,2050,2059,2059,8,8,13,13,descending_stairs,descending_stairs,True,3.357186e-10,5.9988366e-08,2.2111546e-08,4.82002e-05,1.6961825e-06,3.3721313e-05,1.0719539e-05,0.00015570926,0.99966145,2.9711325e-06,2.3273196e-07,8.522908e-05,0.99966145
pamap2,gnn_lstm,sequence,1,101,101,102,2051,2060,2060,8,8,13,13,descending_stairs,descending_stairs,True,3.0721287e-10,5.7835095e-08,1.9975877e-08,5.708511e-05,1.7627257e-06,3.48037e-05,9.621535e-06,0.00015688149,0.99965894,2.9350324e-06,2.2158494e-07,7.7565965e-05,0.99965894
pamap2,gnn_lstm,sequence,1,101,101,102,2052,2061,2061,8,8,13,13,descending_stairs,descending_stairs,True,2.8900626e-10,5.6616802e-08,1.9330692e-08,6.154192e-05,1.7381913e-06,3.2257885e-05,9.694361e-06,0.00016243,0.9996569,2.8311495e-06,2.0428548e-07,7.227274e-05,0.9996569
pamap2,gnn_lstm,sequence,1,101,101,102,2053,2062,2062,8,8,13,13,descending_stairs,descending_stairs,True,3.3846542e-10,6.1688155e-08,2.201099e-08,7.385307e-05,1.7872485e-06,2.9295672e-05,1.1817482e-05,0.00020869859,0.99960667,3.1981306e-06,2.0256225e-07,6.444798e-05,0.99960667
pamap2,gnn_lstm,sequence,1,101,101,102,2054,2063,2063,8,8,13,13,descending_stairs,descending_stairs,True,4.1983866e-10,6.717499e-08,2.5798478e-08,7.5823664e-05,1.9321262e-06,3.1455882e-05,1.31079105e-05,0.00024781426,0.999561,3.6469055e-06,2.2232457e-07,6.495137e-05,0.999561
pamap2,gnn_lstm,sequence,1,101,101,102,2055,2064,2064,8,8,13,13,descending_stairs,descending_stairs,True,7.2230383e-10,8.7127056e-08,3.7779824e-08,9.454879e-05,2.4996411e-06,3.6865382e-05,1.7468265e-05,0.00040833198,0.9993718,5.0989124e-06,2.7560856e-07,6.299449e-05,0.9993718
pamap2,gnn_lstm,sequence,1,101,101,102,2056,2065,2065,8,8,13,13,descending_stairs,descending_stairs,True,4.581953e-09,2.0537446e-07,9.940375e-08,0.000288257,6.9857683e-06,6.7126246e-05,5.6610825e-05,0.0032055294,0.99630934,1.7416247e-05,4.8817407e-07,4.7815523e-05,0.99630934
pamap2,gnn_lstm,sequence,1,101,101,102,2057,2066,2066,8,8,13,13,descending_stairs,descending_stairs,True,6.185371e-09,2.507158e-07,8.409517e-08,0.0004720732,9.64373e-06,9.0231326e-05,6.702763e-05,0.0042615165,0.99503255,1.849398e-05,4.772392e-07,4.7647933e-05,0.99503255
pamap2,gnn_lstm,sequence,1,101,101,102,2058,2067,2067,8,8,13,13,descending_stairs,descending_stairs,True,6.688582e-10,8.834579e-08,2.5825592e-08,0.00011449114,2.6933853e-06,3.965075e-05,1.5534255e-05,0.000328813,0.9994252,3.6400515e-06,2.1415917e-07,6.967131e-05,0.9994252
pamap2,gnn_lstm,sequence,1,101,101,102,2059,2068,2068,8,8,13,13,descending_stairs,descending_stairs,True,3.796162e-10,6.4371434e-08,2.1453555e-08,5.8680696e-05,1.7330312e-06,3.0148876e-05,1.2562336e-05,0.00017981225,0.9996356,2.8604372e-06,1.9682506e-07,7.835774e-05,0.9996356
pamap2,gnn_lstm,sequence,1,101,101,102,2060,2069,2069,8,8,13,13,descending_stairs,descending_stairs,True,2.695707e-10,5.741734e-08,1.925027e-08,4.7798774e-05,1.3884254e-06,2.7028287e-05,1.1148914e-05,0.0001311696,0.99969554,2.6790535e-06,1.9727096e-07,8.2981256e-05,0.99969554
pamap2,gnn_lstm,sequence,1,101,101,102,2061,2070,2070,8,8,13,13,descending_stairs,descending_stairs,True,3.4176603e-10,6.5167725e-08,2.3573481e-08,4.9840168e-05,1.6826399e-06,3.580221e-05,1.0926423e-05,0.0001524363,0.999658,3.3801318e-06,2.6100346e-07,8.7591754e-05,0.999658
pamap2,gnn_lstm,sequence,1,101,101,102,2062,2071,2071,8,8,13,13,descending_stairs,descending_stairs,True,4.9282034e-10,7.432542e-08,3.090919e-08,5.4247917e-05,2.1025055e-06,4.6499e-05,1.1567884e-05,0.00019575596,0.999595,4.191768e-06,3.2329118e-07,9.016259e-05,0.999595
pamap2,gnn_lstm,sequence,1,101,101,102,2063,2072,2072,8,8,13,13,descending_stairs,descending_stairs,True,5.139294e-10,7.3343344e-08,3.0483505e-08,6.0315208e-05,2.2520408e-06,4.568284e-05,1.1301818e-05,0.00020450442,0.99958414,3.9126485e-06,2.9715756e-07,8.741222e-05,0.99958414
pamap2,gnn_lstm,sequence,1,101,101,102,2064,2073,2073,8,8,13,13,descending_stairs,descending_stairs,True,6.259687e-10,7.777917e-08,3.2792865e-08,7.255568e-05,2.6384412e-06,4.5996298e-05,1.25748065e-05,0.00026527772,0.9995159,4.033472e-06,2.8037607e-07,8.071077e-05,0.9995159
pamap2,gnn_lstm,sequence,1,101,101,102,2065,2074,2074,8,8,13,13,descending_stairs,descending_stairs,True,5.3928645e-10,7.5387604e-08,2.9172476e-08,7.967483e-05,2.5471081e-06,4.0697683e-05,1.22224465e-05,0.00023877693,0.9995427,3.5200173e-06,2.4130955e-07,7.95161e-05,0.9995427
pamap2,gnn_lstm,sequence,1,101,101,102,2066,2075,2075,8,8,13,13,descending_stairs,descending_stairs,True,4.7689047e-10,7.1974945e-08,2.6678446e-08,7.335903e-05,2.4929213e-06,3.858846e-05,1.179873e-05,0.00020803727,0.99957794,3.0537997e-06,2.219144e-07,8.4429674e-05,0.99957794
pamap2,gnn_lstm,sequence,1,101,101,102,2067,2076,2076,8,8,13,13,descending_stairs,descending_stairs,True,8.2901175e-10,9.688387e-08,3.770279e-08,0.00011871146,3.2458936e-06,4.2307292e-05,1.6161172e-05,0.00038231863,0.99936014,4.374639e-06,2.5238634e-07,7.237217e-05,0.99936014
pamap2,gnn_lstm,sequence,1,101,101,102,2068,2077,2077,8,8,13,13,descending_stairs,descending_stairs,True,1.7412609e-09,1.4580729e-07,5.5777797e-08,0.00022512104,5.302449e-06,5.5925426e-05,2.3626446e-05,0.0009326133,0.9986877,7.0057977e-06,3.2583634e-07,6.211219e-05,0.9986877
pamap2,gnn_lstm,sequence,1,101,101,102,2069,2078,2078,8,8,13,13,descending_stairs,descending_stairs,True,4.196143e-09,2.090234e-07,1.00216994e-07,0.00028133896,7.497972e-06,6.21744e-05,4.9700873e-05,0.002618921,0.9969117,1.3081923e-05,4.828442e-07,5.4819655e-05,0.9969117
pamap2,gnn_lstm,sequence,1,101,101,102,2070,2079,2079,8,8,13,13,descending_stairs,descending_stairs,True,7.3456015e-09,2.6119338e-07,1.695134e-07,0.0002188571,1.0546356e-05,7.528288e-05,7.993936e-05,0.0039631655,0.9955695,1.7660373e-05,7.665649e-07,6.384021e-05,0.9955695
pamap2,gnn_lstm,sequence,1,101,101,102,2071,2080,2080,8,8,13,13,descending_stairs,descending_stairs,True,3.7156516e-09,3.0238786e-07,2.1670908e-07,0.00018832297,8.969439e-06,7.2112474e-05,5.8681286e-05,0.0015866266,0.9979759,1.4389549e-05,1.0339164e-06,9.345086e-05,0.9979759
pamap2,gnn_lstm,sequence,1,101,101,102,2072,2081,2081,8,8,13,13,descending_stairs,descending_stairs,True,2.076851e-08,1.8170158e-06,1.6482618e-06,0.0006980622,4.6052246e-05,0.00014630852,0.00021449244,0.003186015,0.9954129,3.2924552e-05,3.1782595e-06,0.00025672364,0.9954129
pamap2,gnn_lstm,sequence,1,101,101,102,2073,2082,2082,8,8,13,13,descending_stairs,descending_stairs,True,2.6750672e-07,1.7239034e-05,1.7005013e-05,0.0026945213,0.00033161882,0.00043950835,0.0011412201,0.00536408,0.9886945,8.5101805e-05,1.1121762e-05,0.0012038378,0.9886945
pamap2,gnn_lstm,sequence,1,101,101,102,2074,2083,2083,8,8,13,13,descending_stairs,descending_stairs,True,7.5772687e-06,0.00023750024,0.00022606459,0.015959453,0.0028972246,0.002131338,0.008842717,0.017910086,0.94649553,0.0005159099,7.897427e-05,0.0046975594,0.94649553
pamap2,gnn_lstm,sequence,1,101,101,102,2075,2084,2084,8,8,13,13,descending_stairs,descending_stairs,True,0.00019727611,0.0017934182,0.0016873477,0.056683697,0.017236266,0.013798254,0.031596854,0.05690327,0.80089873,0.0040263576,0.0008306616,0.014347798,0.80089873
pamap2,gnn_lstm,sequence,1,101,101,102,2076,2085,2085,8,8,13,13,descending_stairs,descending_stairs,True,0.0047208057,0.011462441,0.009043832,0.118569694,0.070022464,0.08431475,0.093251616,0.2063495,0.33934706,0.035539865,0.0075699594,0.019808017,0.33934706
pamap2,gnn_lstm,sequence,1,101,101,102,2077,2086,2086,8,7,13,12,descending_stairs,ascending_stairs,False,0.011887653,0.022221299,0.016168203,0.120098904,0.09422244,0.18306574,0.06904746,0.18973064,0.18367977,0.06413554,0.023312176,0.02243013,0.18973064
pamap2,gnn_lstm,sequence,1,101,101,102,2078,2087,2087,8,7,13,12,descending_stairs,ascending_stairs,False,0.017182363,0.037181422,0.043341246,0.10254228,0.08349946,0.120741405,0.07043959,0.20165884,0.16300392,0.08122172,0.051039368,0.028148348,0.20165884
pamap2,gnn_lstm,sequence,1,101,101,102,2079,2088,2088,8,2,13,3,descending_stairs,standing,False,0.020484501,0.08936588,0.25437576,0.025153305,0.04153981,0.035266794,0.03029586,0.10674438,0.07773395,0.09632738,0.19776583,0.024946567,0.25437576
pamap2,gnn_lstm,sequence,1,101,101,102,2080,2089,2089,8,2,13,3,descending_stairs,standing,False,0.013580652,0.15225536,0.5889822,0.0042522885,0.014657858,0.00890445,0.009456373,0.021226076,0.02128706,0.03363152,0.1172217,0.014544373,0.5889822
pamap2,gnn_lstm,sequence,1,101,101,102,2081,2090,2090,7,2,12,3,ascending_stairs,standing,False,0.0077173766,0.17183541,0.65782666,0.001641292,0.0058189905,0.0052766614,0.0036042074,0.008912243,0.011433085,0.02364564,0.093572244,0.0087161,0.65782666
pamap2,gnn_lstm,sequence,1,101,101,102,2082,2091,2091,7,2,12,3,ascending_stairs,standing,False,0.0110094305,0.1937317,0.45576915,0.0028580306,0.007653485,0.012965348,0.0048910133,0.014700921,0.01738381,0.06408896,0.20380057,0.011147554,0.45576915
pamap2,gnn_lstm,sequence,1,101,101,102,2083,2092,2092,7,10,12,17,ascending_stairs,ironing,False,0.008054424,0.1615161,0.33959705,0.0017512904,0.0057268403,0.012651355,0.0025625343,0.010729199,0.012884525,0.070018224,0.36808795,0.0064205467,0.36808795
pamap2,gnn_lstm,sequence,1,101,101,102,2084,2093,2093,7,10,12,17,ascending_stairs,ironing,False,0.004750295,0.10020717,0.1709044,0.0010527323,0.004565109,0.011574995,0.0017275432,0.00776244,0.009753576,0.05912667,0.62501633,0.0035586858,0.62501633
pamap2,gnn_lstm,sequence,1,101,101,102,2085,2094,2094,7,10,12,17,ascending_stairs,ironing,False,0.0031348674,0.06897791,0.060527027,0.0008438769,0.003990498,0.014761656,0.0012603275,0.0063320473,0.008254035,0.058234394,0.7709832,0.0027001898,0.7709832
pamap2,gnn_lstm,sequence,1,101,101,102,2086,2095,2095,7,10,12,17,ascending_stairs,ironing,False,0.0027232307,0.048197694,0.021088276,0.0010550731,0.004795922,0.031263858,0.0010455202,0.0074385325,0.009615521,0.07826112,0.7918417,0.0026735235,0.7918417
pamap2,gnn_lstm,sequence,1,101,101,102,2087,2096,2096,7,10,12,17,ascending_stairs,ironing,False,0.0023571968,0.051847376,0.013622018,0.0007877502,0.00424547,0.031544104,0.0006224774,0.00540319,0.007503046,0.06508315,0.8147789,0.0022053109,0.8147789
pamap2,gnn_lstm,sequence,1,101,101,102,2088,2097,2097,7,10,12,17,ascending_stairs,ironing,False,0.00171424,0.020855106,0.0046934844,0.0010994114,0.0049674464,0.055891525,0.0001988823,0.00596354,0.007395741,0.07820583,0.8174181,0.0015967025,0.8174181
pamap2,gnn_lstm,sequence,1,101,101,102,2089,2098,2098,7,10,12,17,ascending_stairs,ironing,False,0.003747525,0.014882052,0.0017113952,0.0034331484,0.014454078,0.36481643,0.00017166545,0.014865168,0.014559856,0.14783779,0.41633114,0.0031897798,0.41633114
pamap2,gnn_lstm,sequence,1,101,101,102,2090,2099,2099,7,5,12,6,ascending_stairs,cycling,False,0.0030480558,0.0028590395,0.00019401737,0.004624814,0.045003235,0.7882747,0.00013853451,0.030489236,0.016880745,0.037919655,0.06618883,0.0043791174,0.7882747
pamap2,gnn_lstm,sequence,1,101,101,102,2091,2100,2100,7,5,12,6,ascending_stairs,cycling,False,0.0029264605,0.0008209587,3.219593e-05,0.0037301823,0.1324453,0.754706,0.0001440216,0.06673636,0.014159424,0.008967845,0.010864476,0.0044668075,0.754706
pamap2,gnn_lstm,sequence,1,101,101,102,2092,2101,2101,7,7,12,12,ascending_stairs,ascending_stairs,True,0.00365898,0.00030307594,8.201638e-06,0.0049020876,0.3030909,0.3324589,0.00027272556,0.33554667,0.011409426,0.0036223147,0.0020698826,0.0026567553,0.33554667
pamap2,gnn_lstm,sequence,1,101,101,102,2093,2102,2102,7,7,12,12,ascending_stairs,ascending_stairs,True,0.0017339599,4.2931002e-05,1.5151483e-06,0.0019098724,0.15097323,0.038830206,0.00024167295,0.8006545,0.0040775524,0.00091753685,0.00025813736,0.00035898548,0.8006545
pamap2,gnn_lstm,sequence,1,101,101,102,2094,2103,2103,7,7,12,12,ascending_stairs,ascending_stairs,True,0.00034888604,4.6054292e-06,2.5855942e-07,0.00049028563,0.024448834,0.0034091333,0.00010861928,0.96962905,0.001190073,0.00030050208,3.863478e-05,3.1170173e-05,0.96962905
pamap2,gnn_lstm,sequence,1,101,101,102,2095,2104,2104,7,7,12,12,ascending_stairs,ascending_stairs,True,5.8413843e-05,6.962604e-07,7.0117764e-08,0.0001630072,0.00411199,0.0004517729,4.902379e-05,0.99450064,0.00051822496,0.00013362088,8.586299e-06,3.863724e-06,0.99450064
pamap2,gnn_lstm,sequence,1,101,101,102,2096,2105,2105,7,7,12,12,ascending_stairs,ascending_stairs,True,1.1154395e-05,1.557288e-07,3.4012913e-08,6.0624203e-05,0.000823673,7.652049e-05,2.8871826e-05,0.99860483,0.00032039447,7.050333e-05,2.5676575e-06,7.2936183e-07,0.99860483
pamap2,gnn_lstm,sequence,1,101,101,102,2097,2106,2106,7,7,12,12,ascending_stairs,ascending_stairs,True,2.9624343e-06,5.7061584e-08,3.0882326e-08,2.9213901e-05,0.00017481013,1.6510041e-05,2.0967283e-05,0.9994161,0.00028946323,4.8579514e-05,1.1276186e-06,2.2106805e-07,0.9994161
pamap2,gnn_lstm,sequence,1,101,101,102,2098,2107,2107,7,7,12,12,ascending_stairs,ascending_stairs,True,9.686096e-07,2.7465132e-08,3.3374214e-08,1.785033e-05,5.1355764e-05,6.0231278e-06,1.6139338e-05,0.9995522,0.00031210412,4.2470387e-05,6.889674e-07,1.0414876e-07,0.9995522
pamap2,gnn_lstm,sequence,1,101,101,102,2099,2108,2108,7,7,12,12,ascending_stairs,ascending_stairs,True,6.140918e-07,2.0683382e-08,2.8778484e-08,1.4924124e-05,3.768768e-05,4.1703915e-06,1.4919229e-05,0.9995844,0.00030763386,3.50456e-05,5.6079455e-07,8.3055035e-08,0.9995844
pamap2,gnn_lstm,sequence,1,101,101,102,2100,2109,2109,7,7,12,12,ascending_stairs,ascending_stairs,True,5.892338e-07,1.8529246e-08,2.4963423e-08,1.217416e-05,3.915748e-05,3.6058339e-06,1.4735215e-05,0.9996277,0.00027193874,2.944345e-05,5.554588e-07,8.070459e-08,0.9996277
pamap2,gnn_lstm,sequence,1,101,101,102,2101,2110,2110,7,7,12,12,ascending_stairs,ascending_stairs,True,6.379231e-07,1.9712123e-08,2.7341482e-08,1.1101195e-05,4.0947296e-05,3.7057255e-06,1.5222552e-05,0.99963665,0.00025888352,3.1993844e-05,6.3990217e-07,8.862578e-08,0.99963665
pamap2,gnn_lstm,sequence,1,101,101,102,2102,2111,2111,7,7,12,12,ascending_stairs,ascending_stairs,True,6.5075915e-07,1.792528e-08,2.7765282e-08,9.007317e-06,4.063253e-05,3.4192783e-06,1.6104806e-05,0.9996524,0.00024743375,2.965321e-05,6.089047e-07,8.5434245e-08,0.9996524
pamap2,gnn_lstm,sequence,1,101,101,102,2103,2112,2112,7,7,12,12,ascending_stairs,ascending_stairs,True,6.5151494e-07,1.9542883e-08,3.027889e-08,8.768284e-06,4.1333464e-05,3.4780999e-06,1.611206e-05,0.9996544,0.00024244466,3.1996486e-05,6.946672e-07,9.3029605e-08,0.9996544
pamap2,gnn_lstm,sequence,1,101,101,102,2104,2113,2113,7,7,12,12,ascending_stairs,ascending_stairs,True,5.8109123e-07,1.7591551e-08,2.6968735e-08,7.1621635e-06,3.8866714e-05,2.9686582e-06,1.5596099e-05,0.9996885,0.00021624302,2.935378e-05,6.578117e-07,8.9007145e-08,0.9996885
pamap2,gnn_lstm,sequence,1,101,101,102,2105,2114,2114,7,7,12,12,ascending_stairs,ascending_stairs,True,5.6717016e-07,1.6668546e-08,2.4963818e-08,5.8976393e-06,3.8916445e-05,2.7499593e-06,1.5222453e-05,0.99971586,0.00019157007,2.8515738e-05,6.703592e-07,8.8962395e-08,0.99971586
pamap2,gnn_lstm,sequence,1,101,101,102,2106,2115,2115,7,7,12,12,ascending_stairs,ascending_stairs,True,6.001634e-07,1.7823341e-08,2.4023253e-08,5.808915e-06,4.509542e-05,3.0018134e-06,1.4995132e-05,0.9997209,0.00017935489,2.9302988e-05,7.607759e-07,1.0040782e-07,0.9997209
pamap2,gnn_lstm,sequence,1,101,101,102,2107,2116,2116,7,7,12,12,ascending_stairs,ascending_stairs,True,6.6038405e-07,1.9918948e-08,2.379307e-08,6.1676583e-06,5.4236665e-05,3.4879154e-06,1.4570007e-05,0.9997174,0.00017131788,3.1004725e-05,8.919569e-07,1.1640174e-07,0.9997174
pamap2,gnn_lstm,sequence,1,101,101,102,2108,2117,2117,7,7,12,12,ascending_stairs,ascending_stairs,True,8.375192e-07,2.4488468e-08,2.8267891e-08,7.0477813e-06,7.146084e-05,4.3723003e-06,1.6778762e-05,0.99967873,0.00018721572,3.227856e-05,1.1040061e-06,1.4961945e-07,0.99967873
pamap2,gnn_lstm,sequence,1,101,101,102,2109,2118,2118,7,7,12,12,ascending_stairs,ascending_stairs,True,1.0990133e-06,3.4676816e-08,4.1009493e-08,1.0292909e-05,9.7779775e-05,6.4247147e-06,2.0076879e-05,0.99957865,0.0002480529,3.5789162e-05,1.4841966e-06,2.0934627e-07,0.99957865
pamap2,gnn_lstm,sequence,1,101,101,102,2110,2119,2119,7,7,12,12,ascending_stairs,ascending_stairs,True,1.7676025e-06,6.2079785e-08,7.040226e-08,2.0263218e-05,0.00016576925,1.2298693e-05,2.6130387e-05,0.99934155,0.0003866361,4.275979e-05,2.317245e-06,3.810515e-07,0.99934155
pamap2,gnn_lstm,sequence,1,101,101,102,2111,2120,2120,7,7,12,12,ascending_stairs,ascending_stairs,True,1.8074015e-06,5.9333722e-08,7.667042e-08,1.7646622e-05,0.00017383751,1.0831614e-05,2.9144321e-05,0.9993451,0.00038335816,3.5667897e-05,2.0850932e-06,3.9486335e-07,0.9993451
pamap2,gnn_lstm,sequence,1,101,101,102,2112,2121,2121,7,7,12,12,ascending_stairs,ascending_stairs,True,1.6979559e-06,5.2165923e-08,6.124039e-08,1.366417e-05,0.0001644848,9.012441e-06,2.7527436e-05,0.9994419,0.00030564956,3.372838e-05,1.8268653e-06,3.8183882e-07,0.9994419
pamap2,gnn_lstm,sequence,1,101,101,102,2113,2122,2122,7,7,12,12,ascending_stairs,ascending_stairs,True,1.3364878e-06,3.7074e-08,3.8927464e-08,9.388031e-06,0.0001342913,6.4668193e-06,2.2882698e-05,0.99957055,0.00022454267,2.8749164e-05,1.455711e-06,2.9121077e-07,0.99957055
pamap2,gnn_lstm,sequence,1,101,101,102,2114,2123,2123,7,7,12,12,ascending_stairs,ascending_stairs,True,1.0707888e-06,2.9271877e-08,2.7867085e-08,8.027639e-06,0.00011026446,5.3239237e-06,1.9495641e-05,0.99963486,0.0001926773,2.6879467e-05,1.2478309e-06,2.2704197e-07,0.99963486
pamap2,gnn_lstm,sequence,1,101,101,102,2115,2124,2124,7,7,12,12,ascending_stairs,ascending_stairs,True,7.9073027e-07,2.2827814e-08,2.1944714e-08,7.5179105e-06,8.011194e-05,4.3795044e-06,1.7006723e-05,0.99967325,0.00019036721,2.5515976e-05,9.852554e-07,1.6216201e-07,0.99967325
pamap2,gnn_lstm,sequence,1,101,101,102,2116,2125,2125,7,7,12,12,ascending_stairs,ascending_stairs,True,7.7816026e-07,2.349504e-08,2.539223e-08,6.7414485e-06,7.5815995e-05,4.232897e-06,1.7371269e-05,0.99967813,0.00018809323,2.753893e-05,1.0435203e-06,1.6199833e-07,0.99967813
pamap2,gnn_lstm,sequence,1,101,101,102,2117,2126,2126,7,7,12,12,ascending_stairs,ascending_stairs,True,8.2878785e-07,2.3742349e-08,2.7725498e-08,6.2652407e-06,8.125445e-05,4.3520895e-06,1.8029074e-05,0.99967384,0.00018687891,2.7247324e-05,1.0964314e-06,1.6691047e-07,0.99967384
pamap2,gnn_lstm,sequence,1,101,101,102,2118,2127,2127,7,7,12,12,ascending_stairs,ascending_stairs,True,9.906306e-07,2.7956506e-08,3.2653126e-08,6.382846e-06,9.912404e-05,4.6666464e-06,2.0289674e-05,0.99965334,0.0001858806,2.7681805e-05,1.3195712e-06,2.0473138e-07,0.99965334
pamap2,gnn_lstm,sequence,1,101,101,102,2119,2128,2128,7,7,12,12,ascending_stairs,ascending_stairs,True,9.897718e-07,2.5458537e-08,2.8695577e-08,5.7650486e-06,9.474329e-05,4.35265e-06,1.8741925e-05,0.9996824,0.00016416183,2.7283491e-05,1.2093722e-06,1.833165e-07,0.9996824
pamap2,gnn_lstm,sequence,1,101,101,102,2120,2129,2129,7,7,12,12,ascending_stairs,ascending_stairs,True,9.5248026e-07,2.4066983e-08,2.6775174e-08,5.297674e-06,8.641867e-05,3.8342914e-06,1.8536164e-05,0.99970275,0.0001541995,2.664444e-05,1.1192946e-06,1.7100497e-07,0.99970275
pamap2,gnn_lstm,sequence,1,101,101,102,2121,2130,2130,7,7,12,12,ascending_stairs,ascending_stairs,True,9.470028e-07,2.3922535e-08,2.626805e-08,5.142864e-06,8.581983e-05,3.8481735e-06,1.7775033e-05,0.9997099,0.00014788413,2.727082e-05,1.1338669e-06,1.7131961e-07,0.9997099
pamap2,gnn_lstm,sequence,1,101,101,102,2122,2131,2131,7,7,12,12,ascending_stairs,ascending_stairs,True,9.039935e-07,2.3047656e-08,2.5166933e-08,4.876263e-06,8.104691e-05,3.6276833e-06,1.7304645e-05,0.99972075,0.00014308229,2.7098116e-05,1.1097044e-06,1.650594e-07,0.99972075
pamap2,gnn_lstm,sequence,1,101,101,102,2123,2132,2132,7,7,12,12,ascending_stairs,ascending_stairs,True,9.288247e-07,2.4613598e-08,2.5924598e-08,5.4093784e-06,8.512741e-05,3.8830794e-06,1.7928347e-05,0.9997056,0.0001515018,2.8186805e-05,1.1688533e-06,1.7641914e-07,0.9997056
pamap2,gnn_lstm,sequence,1,101,101,102,2124,2133,2133,7,7,12,12,ascending_stairs,ascending_stairs,True,9.713875e-07,2.6742864e-08,2.8014204e-08,6.1679443e-06,8.790926e-05,4.323621e-06,1.798738e-05,0.99968755,0.00016279305,3.0798252e-05,1.2670067e-06,1.8278536e-07,0.99968755
pamap2,gnn_lstm,sequence,1,101,101,102,2125,2134,2134,7,7,12,12,ascending_stairs,ascending_stairs,True,1.0778376e-06,3.093558e-08,3.4128593e-08,6.6626785e-06,9.59278e-05,4.5647116e-06,2.0089215e-05,0.99966264,0.00017551651,3.176628e-05,1.4449854e-06,2.0976715e-07,0.99966264
pamap2,gnn_lstm,sequence,1,101,101,102,2126,2135,2135,7,7,12,12,ascending_stairs,ascending_stairs,True,1.1697487e-06,3.3342967e-08,3.7965805e-08,6.9155085e-06,9.928192e-05,4.665828e-06,2.1508211e-05,0.9996494,0.00018293594,3.2281216e-05,1.5195066e-06,2.2133172e-07,0.9996494
pamap2,gnn_lstm,sequence,1,101,101,102,2127,2136,2136,7,7,12,12,ascending_stairs,ascending_stairs,True,1.4451485e-06,4.15828e-08,4.5586575e-08,7.5629578e-06,0.0001201951,5.2550104e-06,2.474245e-05,0.99961436,0.0001891591,3.492457e-05,1.8584836e-06,2.847436e-07,0.99961436
pamap2,gnn_lstm,sequence,1,101,101,102,2128,2137,2137,7,7,12,12,ascending_stairs,ascending_stairs,True,1.5829074e-06,4.4859878e-08,4.9386735e-08,7.836322e-06,0.00013334794,5.5353476e-06,2.6786305e-05,0.99959344,0.00019467142,3.440614e-05,1.9546967e-06,3.1709027e-07,0.99959344
pamap2,gnn_lstm,sequence,1,101,101,102,2129,2138,2138,7,7,12,12,ascending_stairs,ascending_stairs,True,1.5386889e-06,4.346489e-08,5.027496e-08,7.723762e-06,0.00012479615,5.419321e-06,2.6260603e-05,0.99960023,0.00019731587,3.460312e-05,1.8566539e-06,2.976045e-07,0.99960023
pamap2,gnn_lstm,sequence,1,101,101,102,2130,2139,2139,7,7,12,12,ascending_stairs,ascending_stairs,True,1.3885935e-06,3.9914045e-08,4.7992874e-08,7.257317e-06,0.00010895756,5.0313706e-06,2.4446987e-05,0.9996239,0.00019181367,3.512726e-05,1.7216773e-06,2.6543276e-07,0.9996239
pamap2,gnn_lstm,sequence,1,101,101,102,2131,2140,2140,7,7,12,12,ascending_stairs,ascending_stairs,True,1.2883659e-06,3.6992915e-08,4.5762214e-08,7.127117e-06,0.00010063532,4.703483e-06,2.4661229e-05,0.99962795,0.00019854301,3.3170472e-05,1.6250756e-06,2.4068225e-07,0.99962795
pamap2,gnn_lstm,sequence,1,101,101,102,2132,2141,2141,7,7,12,12,ascending_stairs,ascending_stairs,True,1.3359378e-06,3.96215e-08,5.466688e-08,7.80238e-06,9.5830845e-05,4.8824186e-06,2.6392847e-05,0.9996014,0.00022529156,3.5129484e-05,1.6619056e-06,2.3953643e-07,0.9996014
pamap2,gnn_lstm,sequence,1,101,101,102,2133,2142,2142,7,7,12,12,ascending_stairs,ascending_stairs,True,1.4233717e-06,4.041481e-08,6.4576774e-08,8.380121e-06,8.256224e-05,5.3278563e-06,2.7264306e-05,0.99957603,0.00025555244,4.1680527e-05,1.4959687e-06,2.21203e-07,0.99957603
pamap2,gnn_lstm,sequence,1,101,101,102,2134,2143,2143,7,7,12,12,ascending_stairs,ascending_stairs,True,1.3720116e-06,3.5711093e-08,6.4619556e-08,9.46336e-06,7.037312e-05,5.738844e-06,2.6878815e-05,0.9995421,0.00029977039,4.2827924e-05,1.1474481e-06,1.8622866e-07,0.9995421
pamap2,gnn_lstm,sequence,1,101,101,102,2135,2144,2144,7,7,12,12,ascending_stairs,ascending_stairs,True,1.4350888e-06,3.7704265e-08,7.011471e-08,1.1761741e-05,6.6864224e-05,6.5018094e-06,2.6845722e-05,0.99949455,0.0003436385,4.711153e-05,1.0505553e-06,1.8873108e-07,0.99949455
pamap2,gnn_lstm,sequence,1,101,101,102,2136,2145,2145,7,7,12,12,ascending_stairs,ascending_stairs,True,1.1566298e-06,3.0129083e-08,5.855136e-08,1.00360685e-05,5.6513996e-05,5.3602166e-06,2.3944916e-05,0.9995413,0.00031981993,4.076471e-05,8.7603405e-07,1.5401888e-07,0.9995413
pamap2,gnn_lstm,sequence,1,101,101,102,2137,2146,2146,7,7,12,12,ascending_stairs,ascending_stairs,True,8.1456267e-07,2.1489868e-08,4.453853e-08,7.860839e-06,4.1118783e-05,4.0682135e-06,2.0338644e-05,0.9995969,0.00029260162,3.548327e-05,6.707494e-07,1.0847938e-07,0.9995969
pamap2,gnn_lstm,sequence,1,101,101,102,2138,2147,2147,7,7,12,12,ascending_stairs,ascending_stairs,True,6.150772e-07,1.8021145e-08,3.937066e-08,7.618734e-06,3.0727286e-05,3.651606e-06,1.837582e-05,0.99959797,0.00030321654,3.7039656e-05,5.7270785e-07,8.446345e-08,0.99959797
pamap2,gnn_lstm,sequence,1,101,101,102,2139,2148,2148,7,7,12,12,ascending_stairs,ascending_stairs,True,4.860952e-07,1.5513224e-08,3.3503675e-08,6.740135e-06,2.4906642e-05,3.0912256e-06,1.7230623e-05,0.99962246,0.00028801523,3.6398378e-05,5.194322e-07,7.099523e-08,0.99962246
pamap2,gnn_lstm,sequence,1,101,101,102,2140,2149,2149,7,7,12,12,ascending_stairs,ascending_stairs,True,4.190373e-07,1.4422655e-08,3.0329094e-08,6.255716e-06,2.1818569e-05,2.8237087e-06,1.6986938e-05,0.9996326,0.00028203608,3.646619e-05,4.949516e-07,6.5151525e-08,0.9996326
pamap2,gnn_lstm,sequence,1,101,101,102,2141,2150,2150,7,7,12,12,ascending_stairs,ascending_stairs,True,3.7216776e-07,1.6448537e-08,3.5618505e-08,7.928982e-06,2.0907124e-05,3.4039674e-06,1.9443698e-05,0.99954385,0.0003588565,4.456925e-05,5.463182e-07,7.118447e-08,0.99954385
pamap2,gnn_lstm,sequence,1,101,101,102,2142,2151,2151,7,7,12,12,ascending_stairs,ascending_stairs,True,3.8240103e-07,1.8579197e-08,4.028333e-08,9.555023e-06,2.233376e-05,4.185421e-06,2.0885896e-05,0.9994722,0.00041815898,5.159129e-05,6.1283293e-07,7.701964e-08,0.9994722
pamap2,gnn_lstm,sequence,1,101,101,102,2143,2152,2152,7,7,12,12,ascending_stairs,ascending_stairs,True,4.4109598e-07,2.0598723e-08,4.370542e-08,1.0671217e-05,2.801692e-05,4.876013e-06,2.0303685e-05,0.9994655,0.00041837795,5.0928564e-05,7.120772e-07,8.6440146e-08,0.9994655
pamap2,gnn_lstm,sequence,1,101,101,102,2144,2153,2153,7,7,12,12,ascending_stairs,ascending_stairs,True,6.066684e-07,2.4287617e-08,5.15467e-08,1.07729675e-05,3.5857942e-05,5.585468e-06,2.1126247e-05,0.99948066,0.00039143916,5.3012853e-05,8.509729e-07,1.0490265e-07,0.99948066
pamap2,gnn_lstm,sequence,1,101,101,102,2145,2154,2154,7,7,12,12,ascending_stairs,ascending_stairs,True,7.0057695e-07,2.8053693e-08,5.5565017e-08,1.2433226e-05,3.78739e-05,6.326715e-06,2.2007915e-05,0.99945587,0.0004013118,6.241397e-05,8.860819e-07,1.131567e-07,0.99945587
pamap2,gnn_lstm,sequence,1,101,101,102,2146,2155,2155,7,7,12,12,ascending_stairs,ascending_stairs,True,9.348483e-07,4.0493102e-08,7.63013e-08,1.6927053e-05,4.3433298e-05,8.7849485e-06,2.7053713e-05,0.99932754,0.00048552448,8.847236e-05,1.1456983e-06,1.465107e-07,0.99932754
pamap2,gnn_lstm,sequence,1,101,101,102,2147,2156,2156,7,7,12,12,ascending_stairs,ascending_stairs,True,1.1795648e-06,4.7663477e-08,8.7424766e-08,1.8723325e-05,4.758307e-05,9.769331e-06,2.92787e-05,0.9992982,0.00049348146,0.0001000785,1.2729117e-06,1.6284973e-07,0.9992982
pamap2,gnn_lstm,sequence,1,101,101,102,2148,2157,2157,7,7,12,12,ascending_stairs,ascending_stairs,True,9.105488e-07,3.1462363e-08,5.943296e-08,1.3050069e-05,4.45271e-05,6.3074003e-06,2.2959834e-05,0.99947697,0.00037462855,5.9546062e-05,9.135949e-07,1.2710679e-07,0.99947697
pamap2,gnn_lstm,sequence,1,101,101,102,2149,2158,2158,7,7,12,12,ascending_stairs,ascending_stairs,True,9.841991e-07,3.453528e-08,6.77826e-08,1.3245799e-05,4.3964767e-05,6.195081e-06,2.5166813e-05,0.9994599,0.00038641592,6.2969404e-05,9.685082e-07,1.3531287e-07,0.9994599
pamap2,gnn_lstm,sequence,1,101,101,102,2150,2159,2159,7,7,12,12,ascending_stairs,ascending_stairs,True,8.879709e-07,3.0369687e-08,5.834882e-08,1.1881032e-05,3.768992e-05,5.2277514e-06,2.2901704e-05,0.9995111,0.00034942018,5.9852075e-05,8.697212e-07,1.1711154e-07,0.9995111
pamap2,gnn_lstm,sequence,1,101,101,102,2151,2160,2160,7,7,12,12,ascending_stairs,ascending_stairs,True,8.7572073e-07,2.9003106e-08,4.681255e-08,1.0959897e-05,4.6040073e-05,5.044416e-06,2.0252057e-05,0.9995697,0.00029716027,4.8726746e-05,9.275513e-07,1.2639244e-07,0.9995697
pamap2,gnn_lstm,sequence,1,101,101,102,2152,2161,2161,7,7,12,12,ascending_stairs,ascending_stairs,True,7.5948896e-07,2.327545e-08,3.939844e-08,9.0917965e-06,4.0641004e-05,4.209839e-06,1.7432898e-05,0.99962234,0.0002613463,4.3203247e-05,7.9096986e-07,1.0341473e-07,0.99962234
pamap2,gnn_lstm,sequence,1,101,101,102,2153,2162,2162,7,7,12,12,ascending_stairs,ascending_stairs,True,6.2718465e-07,1.8111704e-08,3.090628e-08,8.974822e-06,3.365402e-05,3.8815874e-06,1.41562905e-05,0.9996476,0.0002495336,4.0787872e-05,6.404037e-07,7.597903e-08,0.9996476
pamap2,gnn_lstm,sequence,1,101,101,102,2154,2163,2163,7,7,12,12,ascending_stairs,ascending_stairs,True,7.0472015e-07,2.1716039e-08,3.448887e-08,1.064816e-05,4.0898525e-05,4.4453627e-06,1.5669031e-05,0.9996141,0.00027157302,4.1009178e-05,7.764367e-07,9.234859e-08,0.9996141
pamap2,gnn_lstm,sequence,1,101,101,102,2155,2164,2164,7,7,12,12,ascending_stairs,ascending_stairs,True,7.829458e-07,2.3886228e-08,3.7054896e-08,1.0822239e-05,4.6639077e-05,4.559643e-06,1.7087325e-05,0.99960834,0.00027132212,3.935341e-05,8.3920634e-07,1.0498972e-07,0.99960834
pamap2,gnn_lstm,sequence,1,101,101,102,2156,2165,2165,7,7,12,12,ascending_stairs,ascending_stairs,True,9.027754e-07,2.673973e-08,4.056394e-08,1.1441078e-05,5.1120674e-05,4.950003e-06,1.8918961e-05,0.9995894,0.00028048403,4.1732314e-05,8.9239813e-07,1.18223944e-07,0.9995894
pamap2,gnn_lstm,sequence,1,101,101,102,2157,2166,2166,7,7,12,12,ascending_stairs,ascending_stairs,True,8.717378e-07,2.5191273e-08,4.0759048e-08,9.4799e-06,4.8909165e-05,4.2967736e-06,1.949941e-05,0.99961555,0.00026153072,3.8650647e-05,8.4036327e-07,1.17428435e-07,0.99961555
pamap2,gnn_lstm,sequence,1,101,101,102,2158,2167,2167,7,7,12,12,ascending_stairs,ascending_stairs,True,6.956111e-07,1.9877383e-08,3.4129215e-08,7.710695e-06,3.80325e-05,3.3880647e-06,1.7640785e-05,0.9996561,0.00024038133,3.5377172e-05,6.7725625e-07,9.272648e-08,0.9996561
pamap2,gnn_lstm,sequence,1,101,101,102,2159,2168,2168,7,7,12,12,ascending_stairs,ascending_stairs,True,6.956676e-07,2.0689072e-08,3.5076155e-08,7.811043e-06,3.887699e-05,3.4483683e-06,1.8744528e-05,0.9996458,0.000247608,3.626068e-05,7.1357624e-07,9.868736e-08,0.9996458
pamap2,gnn_lstm,sequence,1,101,101,102,2160,2169,2169,7,7,12,12,ascending_stairs,ascending_stairs,True,7.485908e-07,2.2983706e-08,4.0206082e-08,8.476682e-06,3.9780385e-05,3.743229e-06,1.995031e-05,0.9996202,0.0002663303,3.9796778e-05,7.569976e-07,1.06613825e-07,0.9996202
pamap2,gnn_lstm,sequence,1,101,101,102,2161,2170,2170,7,7,12,12,ascending_stairs,ascending_stairs,True,8.956184e-07,2.756453e-08,4.926437e-08,9.5430105e-06,4.5341447e-05,4.3373243e-06,2.2177712e-05,0.9995827,0.00029051074,4.339387e-05,8.510314e-07,1.2616358e-07,0.9995827
pamap2,gnn_lstm,sequence,1,101,101,102,2162,2171,2171,7,7,12,12,ascending_stairs,ascending_stairs,True,9.914622e-07,2.8211527e-08,5.4429062e-08,9.1719985e-06,4.452616e-05,4.33835e-06,2.1597334e-05,0.99959224,0.00028042222,4.5705343e-05,8.199812e-07,1.247338e-07,0.99959224
pamap2,gnn_lstm,sequence,1,101,101,102,2163,2172,2172,7,7,12,12,ascending_stairs,ascending_stairs,True,7.4009535e-07,1.8559192e-08,3.4795967e-08,8.646261e-06,3.4717363e-05,3.8010858e-06,1.5761374e-05,0.99964416,0.00025205116,3.9475184e-05,5.6124753e-07,7.786812e-08,0.99964416
pamap2,gnn_lstm,sequence,1,101,101,102,2164,2173,2173,7,7,12,12,ascending_stairs,ascending_stairs,True,6.8365745e-07,1.9020282e-08,3.4508744e-08,9.939709e-06,3.3583045e-05,3.9238425e-06,1.5292566e-05,0.9996258,0.00026898162,4.1103507e-05,5.924467e-07,7.789329e-08,0.9996258
pamap2,gnn_lstm,sequence,1,101,101,102,2165,2174,2174,7,7,12,12,ascending_stairs,ascending_stairs,True,6.6536956e-07,1.9482416e-08,3.468277e-08,1.0136433e-05,3.671497e-05,3.8506014e-06,1.6061595e-05,0.99961865,0.0002761623,3.6861024e-05,6.2713474e-07,8.37911e-08,0.99961865
pamap2,gnn_lstm,sequence,1,101,101,102,2166,2175,2175,7,7,12,12,ascending_stairs,ascending_stairs,True,7.020583e-07,2.1830031e-08,4.0108866e-08,1.0640432e-05,3.8801158e-05,4.0137293e-06,1.791983e-05,0.99959296,0.00029593945,3.8156053e-05,6.869236e-07,9.359196e-08,0.99959296
pamap2,gnn_lstm,sequence,1,101,101,102,2167,2176,2176,7,7,12,12,ascending_stairs,ascending_stairs,True,6.6606657e-07,2.115433e-08,3.8879836e-08,1.0119789e-05,3.5372872e-05,3.7804325e-06,1.7657678e-05,0.9996032,0.00028911955,3.923812e-05,6.709372e-07,8.886538e-08,0.9996032
pamap2,gnn_lstm,sequence,1,101,101,102,2168,2177,2177,7,7,12,12,ascending_stairs,ascending_stairs,True,6.1142356e-07,1.9619813e-08,3.5244504e-08,9.55103e-06,3.229374e-05,3.5724668e-06,1.7040426e-05,0.9996159,0.00028107065,3.916994e-05,6.4001824e-07,8.1975315e-08,0.9996159
pamap2,gnn_lstm,sequence,1,101,101,102,2169,2178,2178,7,7,12,12,ascending_stairs,ascending_stairs,True,6.177903e-07,2.0150072e-08,3.5994017e-08,9.2204455e-06,3.3330656e-05,3.6547979e-06,1.7659171e-05,0.99961334,0.00028146047,3.9883125e-05,6.7833e-07,8.657389e-08,0.99961334
pamap2,gnn_lstm,sequence,1,101,101,102,2170,2179,2179,7,7,12,12,ascending_stairs,ascending_stairs,True,6.2204623e-07,2.0609962e-08,3.424287e-08,8.554854e-06,3.4371893e-05,3.6020042e-06,1.676682e-05,0.9996389,0.00025512997,4.1091113e-05,7.172899e-07,9.060283e-08,0.9996389
pamap2,gnn_lstm,sequence,1,101,101,102,2171,2180,2180,7,7,12,12,ascending_stairs,ascending_stairs,True,7.3116485e-07,2.3485375e-08,3.4539152e-08,7.868788e-06,4.2986536e-05,3.8568705e-06,1.7676617e-05,0.9996557,0.00022866702,4.1427636e-05,8.6937183e-07,1.1195595e-07,0.9996557
pamap2,gnn_lstm,sequence,1,101,101,102,2172,2181,2181,7,7,12,12,ascending_stairs,ascending_stairs,True,9.519961e-07,2.8240033e-08,3.996179e-08,7.2570306e-06,5.925703e-05,4.193699e-06,2.0532696e-05,0.99965024,0.00021735598,3.8900125e-05,1.0909445e-06,1.4775398e-07,0.99965024
pamap2,gnn_lstm,sequence,1,101,101,102,2173,2182,2182,7,7,12,12,ascending_stairs,ascending_stairs,True,8.720466e-07,2.4403121e-08,3.8076536e-08,7.083428e-06,4.8606053e-05,3.894034e-06,1.7986247e-05,0.99966645,0.00021473583,3.9354127e-05,8.9030686e-07,1.1659167e-07,0.99966645
pamap2,gnn_lstm,sequence,1,101,101,102,2174,2183,2183,7,7,12,12,ascending_stairs,ascending_stairs,True,8.1067725e-07,2.2978815e-08,3.4998703e-08,8.170827e-06,4.6339384e-05,4.2523307e-06,1.6483313e-05,0.99965537,0.00022682881,4.0732055e-05,8.1697317e-07,1.0550174e-07,0.99965537
pamap2,gnn_lstm,sequence,1,101,101,102,2175,2184,2184,7,7,12,12,ascending_stairs,ascending_stairs,True,7.744552e-07,2.2801284e-08,3.5998802e-08,8.105133e-06,4.8601913e-05,4.0394343e-06,1.7876353e-05,0.99964714,0.00023621747,3.6170717e-05,8.093481e-07,1.1026849e-07,0.99964714
pamap2,gnn_lstm,sequence,1,101,101,102,2176,2185,2185,7,7,12,12,ascending_stairs,ascending_stairs,True,7.583336e-07,2.2109962e-08,3.5036475e-08,7.742073e-06,4.954178e-05,3.898554e-06,1.8487233e-05,0.9996507,0.00023413588,3.376919e-05,7.8651885e-07,1.10386516e-07,0.9996507
pamap2,gnn_lstm,sequence,1,101,101,102,2177,2186,2186,7,7,12,12,ascending_stairs,ascending_stairs,True,7.1529587e-07,2.0902663e-08,3.4243428e-08,7.1758514e-06,4.316159e-05,3.6128383e-06,1.7610262e-05,0.9996648,0.00022659182,3.5402594e-05,7.4579947e-07,1.0135769e-07,0.9996648
pamap2,gnn_lstm,sequence,1,101,101,102,2178,2187,2187,7,7,12,12,ascending_stairs,ascending_stairs,True,6.829352e-07,1.9979934e-08,3.3262264e-08,6.807293e-06,3.9710354e-05,3.5015116e-06,1.7103675e-05,0.9996712,0.00022329249,3.674156e-05,7.2874315e-07,9.6212304e-08,0.9996712
pamap2,gnn_lstm,sequence,1,101,101,102,2179,2188,2188,7,7,12,12,ascending_stairs,ascending_stairs,True,7.1910785e-07,2.098362e-08,3.5121182e-08,6.97195e-06,4.1330433e-05,3.7508837e-06,1.7871986e-05,0.99965835,0.00023160549,3.8557428e-05,7.806497e-07,1.01651324e-07,0.99965835
pamap2,gnn_lstm,sequence,1,101,101,102,2180,2189,2189,7,7,12,12,ascending_stairs,ascending_stairs,True,7.7582644e-07,2.2018558e-08,3.9530384e-08,7.1933473e-06,4.1677842e-05,3.976774e-06,1.9048362e-05,0.9996375,0.00024857814,4.0306197e-05,7.9142325e-07,1.0390346e-07,0.9996375
pamap2,gnn_lstm,sequence,1,101,101,102,2181,2190,2190,7,7,12,12,ascending_stairs,ascending_stairs,True,7.701418e-07,2.2799794e-08,4.18618e-08,6.8703025e-06,4.0285813e-05,3.7934756e-06,1.9167237e-05,0.99964285,0.00024401852,4.1258907e-05,8.081476e-07,1.06989226e-07,0.99964285
pamap2,gnn_lstm,sequence,1,101,101,102,2182,2191,2191,7,7,12,12,ascending_stairs,ascending_stairs,True,7.786486e-07,2.3143514e-08,3.993871e-08,6.3467533e-06,4.410258e-05,3.7714497e-06,1.896658e-05,0.9996599,0.00022559025,3.9561728e-05,8.593977e-07,1.1551426e-07,0.9996599
pamap2,gnn_lstm,sequence,1,101,101,102,2183,2192,2192,7,7,12,12,ascending_stairs,ascending_stairs,True,7.8190817e-07,2.2083745e-08,3.6026545e-08,6.367654e-06,4.786821e-05,3.8867674e-06,1.7832488e-05,0.9996698,0.00021550833,3.6956324e-05,8.319298e-07,1.1460673e-07,0.9996698
pamap2,gnn_lstm,sequence,1,101,101,102,2184,2193,2193,7,7,12,12,ascending_stairs,ascending_stairs,True,6.989726e-07,1.841823e-08,3.0053936e-08,6.7176497e-06,4.358922e-05,3.8949697e-06,1.5552994e-05,0.9996779,0.00021554627,3.52376e-05,6.902984e-07,9.2118206e-08,0.9996779
pamap2,gnn_lstm,sequence,1,101,101,102,2185,2194,2194,7,7,12,12,ascending_stairs,ascending_stairs,True,7.428562e-07,2.0008377e-08,3.311925e-08,7.929188e-06,4.6508347e-05,4.3463824e-06,1.6656828e-05,0.9996462,0.00024042388,3.643262e-05,7.1073765e-07,9.8548576e-08,0.9996462
pamap2,gnn_lstm,sequence,1,101,101,102,2186,2195,2195,7,7,12,12,ascending_stairs,ascending_stairs,True,6.9064333e-07,1.904701e-08,3.2550943e-08,7.5940093e-06,4.5315366e-05,4.0429763e-06,1.6502476e-05,0.99965286,0.00023878571,3.3377684e-05,6.6852556e-07,9.498452e-08,0.99965286
pamap2,gnn_lstm,sequence,1,101,101,102,2187,2196,2196,7,7,12,12,ascending_stairs,ascending_stairs,True,5.9785526e-07,1.6706512e-08,3.0020463e-08,6.530518e-06,3.8757058e-05,3.281437e-06,1.6189291e-05,0.9996755,0.00022830917,3.0084162e-05,5.9409996e-07,8.4315474e-08,0.9996755
pamap2,gnn_lstm,sequence,1,101,101,102,2188,2197,2197,7,7,12,12,ascending_stairs,ascending_stairs,True,5.6342344e-07,1.607981e-08,2.9420798e-08,6.2106665e-06,3.5259254e-05,3.1300335e-06,1.5950256e-05,0.9996798,0.00022736,3.1008705e-05,5.8411035e-07,8.0234834e-08,0.9996798
pamap2,gnn_lstm,sequence,1,101,101,102,2189,2198,2198,7,7,12,12,ascending_stairs,ascending_stairs,True,5.482593e-07,1.622822e-08,3.01321e-08,6.140837e-06,3.394708e-05,3.1766438e-06,1.5977717e-05,0.99967563,0.00023112714,3.2772266e-05,6.017232e-07,8.03656e-08,0.99967563
pamap2,gnn_lstm,sequence,1,101,101,102,2190,2199,2199,7,7,12,12,ascending_stairs,ascending_stairs,True,5.219005e-07,1.6321941e-08,3.0931215e-08,6.1274773e-06,3.178252e-05,3.1534423e-06,1.5800462e-05,0.99967206,0.0002351299,3.4705252e-05,6.0844644e-07,7.908617e-08,0.99967206
pamap2,gnn_lstm,sequence,1,101,101,102,2191,2200,2200,7,7,12,12,ascending_stairs,ascending_stairs,True,4.81772e-07,1.5635187e-08,3.048496e-08,6.158742e-06,2.8396646e-05,3.029536e-06,1.548061e-05,0.9996698,0.00024004784,3.5974826e-05,5.776762e-07,7.337131e-08,0.9996698
pamap2,gnn_lstm,sequence,1,101,101,102,2192,2201,2201,7,7,12,12,ascending_stairs,ascending_stairs,True,4.5000934e-07,1.5515958e-08,2.9366603e-08,5.8064097e-06,2.6120135e-05,2.8058369e-06,1.5179077e-05,0.9996824,0.00022985534,3.674656e-05,5.759265e-07,7.1863674e-08,0.9996824
pamap2,gnn_lstm,sequence,1,101,101,102,2193,2202,2202,7,7,12,12,ascending_stairs,ascending_stairs,True,5.0271905e-07,1.6012422e-08,2.7546193e-08,4.900175e-06,3.0280291e-05,2.828252e-06,1.4598754e-05,0.99971443,0.0001960772,3.5546684e-05,6.551267e-07,7.905287e-08,0.99971443
pamap2,gnn_lstm,sequence,1,101,101,102,2194,2203,2203,7,7,12,12,ascending_stairs,ascending_stairs,True,4.938033e-07,1.477993e-08,2.4412365e-08,5.0108943e-06,3.3320735e-05,3.1296845e-06,1.3855142e-05,0.99971324,0.00019651053,3.356949e-05,6.502386e-07,7.6454164e-08,0.99971324
pamap2,gnn_lstm,sequence,1,101,101,102,2195,2204,2204,7,7,12,12,ascending_stairs,ascending_stairs,True,5.1631014e-07,1.6295445e-08,2.7124042e-08,5.4410134e-06,3.8968046e-05,3.6364272e-06,1.4503309e-05,0.9996897,0.00021274788,3.3699183e-05,7.6414057e-07,8.710259e-08,0.9996897
pamap2,gnn_lstm,sequence,1,101,101,102,2196,2205,2205,7,7,12,12,ascending_stairs,ascending_stairs,True,7.397759e-07,2.6044356e-08,4.7877602e-08,8.380429e-06,7.150037e-05,6.799992e-06,2.1310178e-05,0.99951947,0.0003353422,3.4881075e-05,1.3666566e-06,1.4624887e-07,0.99951947
pamap2,gnn_lstm,sequence,1,101,101,102,2197,2206,2206,7,7,12,12,ascending_stairs,ascending_stairs,True,1.8272625e-06,1.2075411e-07,1.9565181e-07,3.566717e-05,0.00022866022,3.0346004e-05,5.587561e-05,0.9986016,0.0009775358,6.4211745e-05,3.3884892e-06,5.8288526e-07,0.9986016
pamap2,gnn_lstm,sequence,1,101,101,102,2198,2207,2207,7,7,12,12,ascending_stairs,ascending_stairs,True,1.2079676e-05,2.174353e-06,2.7293495e-06,0.00034738085,0.0013823212,0.0003264144,0.00031158858,0.9919453,0.00537457,0.00026785102,1.9814473e-05,7.720662e-06,0.9919453
pamap2,gnn_lstm,sequence,1,101,101,102,2199,2208,2208,7,7,12,12,ascending_stairs,ascending_stairs,True,0.00014650906,8.291486e-05,7.073786e-05,0.0048079267,0.011518112,0.0062050666,0.0023944401,0.9367822,0.035114266,0.0023686013,0.00031909402,0.00019020223,0.9367822
pamap2,gnn_lstm,sequence,1,101,101,102,2200,2209,2209,7,7,12,12,ascending_stairs,ascending_stairs,True,0.000895952,0.001103096,0.0006852065,0.031150738,0.050747897,0.033137035,0.01343538,0.73089814,0.1251339,0.0086318925,0.001908135,0.0022726625,0.73089814
pamap2,gnn_lstm,sequence,1,101,101,102,2201,2210,2210,8,7,13,12,descending_stairs,ascending_stairs,False,0.0031806368,0.0043899855,0.0028644765,0.070238665,0.08148996,0.07134999,0.034379154,0.5037656,0.1935702,0.021275122,0.0051707667,0.00832548,0.5037656
pamap2,gnn_lstm,sequence,1,101,101,102,2202,2211,2211,8,7,13,12,descending_stairs,ascending_stairs,False,0.007925667,0.008488286,0.0065961923,0.07993571,0.083909184,0.12800042,0.04516052,0.36827728,0.1965778,0.049691174,0.011721383,0.013716382,0.36827728
pamap2,gnn_lstm,sequence,1,101,101,102,2203,2212,2212,8,7,13,12,descending_stairs,ascending_stairs,False,0.013276088,0.012840173,0.011098409,0.06375373,0.07964898,0.20615397,0.041907348,0.262163,0.14211875,0.11174986,0.0407664,0.014523264,0.262163
pamap2,gnn_lstm,sequence,1,101,101,102,2204,2213,2213,8,10,13,17,descending_stairs,ironing,False,0.008292201,0.015731255,0.013991541,0.028239844,0.05143785,0.10812758,0.021327753,0.17438813,0.07794283,0.14766742,0.34479228,0.008061283,0.34479228
pamap2,gnn_lstm,sequence,1,101,101,102,2205,2214,2214,8,10,13,17,descending_stairs,ironing,False,0.00051642186,0.0029047036,0.0038524787,0.00041927578,0.0020378933,0.0024266876,0.00047487425,0.006346923,0.0023926985,0.019409148,0.9588943,0.00032457788,0.9588943
pamap2,gnn_lstm,sequence,1,101,101,102,2206,2215,2215,8,10,13,17,descending_stairs,ironing,False,0.0005723135,0.0030555325,0.0030778705,0.0005183525,0.0025801344,0.005294512,0.00046386366,0.0065312437,0.0030219664,0.025377437,0.94909847,0.0004081922,0.94909847
pamap2,gnn_lstm,sequence,1,101,101,102,2207,2216,2216,8,10,13,17,descending_stairs,ironing,False,0.00032908877,0.0026127254,0.0022960866,0.00023936738,0.0016998572,0.005054904,0.00018011693,0.0029804858,0.0019761187,0.017268294,0.9650864,0.00027659323,0.9650864
pamap2,gnn_lstm,sequence,1,101,101,102,2208,2217,2217,8,10,13,17,descending_stairs,ironing,False,0.00035706724,0.0023420786,0.0016399104,0.0003152514,0.002009821,0.01358936,9.262693e-05,0.0028441441,0.0024217903,0.026558407,0.94752294,0.00030664945,0.94752294
pamap2,gnn_lstm,sequence,1,101,101,102,2209,2218,2218,8,10,13,17,descending_stairs,ironing,False,0.0025382095,0.0072892527,0.0017288892,0.0027513644,0.008688718,0.13230705,0.00013631851,0.011319177,0.007331565,0.16306727,0.6615001,0.0013420716,0.6615001
pamap2,gnn_lstm,sequence,1,101,101,102,2210,2219,2219,8,9,13,16,descending_stairs,vacuum_cleaning,False,0.014923009,0.017690443,0.0013471937,0.0056476328,0.015437974,0.19632253,0.00013804817,0.02097702,0.005524988,0.4081296,0.31171638,0.0021451446,0.4081296
pamap2,gnn_lstm,sequence,1,101,101,102,2211,2220,2220,8,5,13,6,descending_stairs,cycling,False,0.041713946,0.024430742,0.0006684212,0.017873868,0.0694705,0.39936084,0.00030387985,0.06450608,0.009768006,0.2531025,0.111328825,0.0074724215,0.39936084
pamap2,gnn_lstm,sequence,1,101,101,102,2212,2221,2221,8,5,13,6,descending_stairs,cycling,False,0.014987971,0.0059701893,9.7205855e-05,0.046288762,0.14291495,0.580888,0.0004853822,0.13474713,0.029830147,0.02518962,0.007113778,0.011486915,0.580888
pamap2,gnn_lstm,sequence,1,101,101,102,2213,2222,2222,8,5,13,6,descending_stairs,cycling,False,0.0017748739,0.0010735705,1.7943967e-05,0.1198311,0.09233563,0.41924593,0.00055743445,0.19892989,0.15412138,0.004621446,0.00079732033,0.0066934447,0.41924593
pamap2,gnn_lstm,sequence,1,101,101,102,2214,2223,2223,8,8,13,13,descending_stairs,descending_stairs,True,0.00011186506,0.000222191,5.014448e-06,0.17437117,0.014590404,0.10970837,0.00038953102,0.18069677,0.51602536,0.0017854596,0.0001345544,0.0019593865,0.51602536
pamap2,gnn_lstm,sequence,1,101,101,102,2215,2224,2224,8,8,13,13,descending_stairs,descending_stairs,True,9.916308e-06,5.1701263e-05,1.8262913e-06,0.17440723,0.0020090442,0.013445324,0.0003646015,0.1809566,0.62741965,0.00091144606,2.872065e-05,0.00039398225,0.62741965
pamap2,gnn_lstm,sequence,1,101,101,102,2216,2225,2225,8,8,13,13,descending_stairs,descending_stairs,True,7.224623e-07,8.503069e-06,6.3711786e-07,0.039526697,0.00033842068,0.002054413,0.00025957488,0.07686697,0.88055795,0.00022359048,5.8440287e-06,0.00015664262,0.88055795
pamap2,gnn_lstm,sequence,1,101,101,102,2217,2226,2226,8,8,13,13,descending_stairs,descending_stairs,True,9.481141e-08,2.5937136e-06,3.1572202e-07,0.011827886,5.819807e-05,0.00042573852,0.00018394533,0.023162637,0.96416557,8.532751e-05,1.7586132e-06,8.602677e-05,0.96416557
pamap2,gnn_lstm,sequence,1,101,101,102,2218,2227,2227,8,8,13,13,descending_stairs,descending_stairs,True,9.3408765e-08,1.5828937e-06,3.0557825e-07,0.007140955,4.46704e-05,0.0002733105,0.00029501,0.044409756,0.9476794,0.000101797465,1.3905615e-06,5.1725205e-05,0.9476794
pamap2,gnn_lstm,sequence,1,101,101,102,2219,2228,2228,8,8,13,13,descending_stairs,descending_stairs,True,2.1940542e-08,4.7126184e-07,1.99149e-07,0.00096028094,1.739437e-05,0.00010406121,0.00016844683,0.016468849,0.9821951,4.068265e-05,7.7259625e-07,4.3699092e-05,0.9821951
pamap2,gnn_lstm,sequence,1,101,101,102,2220,2229,2229,8,8,13,13,descending_stairs,descending_stairs,True,1.7367336e-09,1.1988189e-07,5.7618784e-08,0.00014616798,3.8279013e-06,4.5525285e-05,2.8888906e-05,0.001054799,0.99865925,7.945276e-06,3.1745145e-07,5.3050124e-05,0.99865925
pamap2,gnn_lstm,sequence,1,101,101,102,2221,2230,2230,8,8,13,13,descending_stairs,descending_stairs,True,9.705781e-10,8.81722e-08,4.0906084e-08,8.7763954e-05,2.7154279e-06,3.7407754e-05,2.1126718e-05,0.0005247489,0.99925894,4.978596e-06,2.5278234e-07,6.183386e-05,0.99925894
pamap2,gnn_lstm,sequence,1,101,101,102,2222,2231,2231,8,8,13,13,descending_stairs,descending_stairs,True,1.306674e-09,1.0220885e-07,5.240109e-08,9.0967886e-05,3.0312592e-06,3.828136e-05,2.7480939e-05,0.0006847867,0.9990859,5.975468e-06,2.8590645e-07,6.30902e-05,0.9990859
pamap2,gnn_lstm,sequence,1,101,101,102,2223,2232,2232,8,8,13,13,descending_stairs,descending_stairs,True,1.5573534e-09,1.0883087e-07,6.008859e-08,7.9827005e-05,3.240068e-06,4.085521e-05,3.1836953e-05,0.0007419357,0.999027,6.4274054e-06,3.1755107e-07,6.846941e-05,0.999027
pamap2,gnn_lstm,sequence,1,101,101,102,2224,2233,2233,8,8,13,13,descending_stairs,descending_stairs,True,8.9018193e-10,8.819608e-08,4.392225e-08,6.196101e-05,2.242242e-06,3.2074637e-05,2.4848598e-05,0.00040548673,0.9993942,4.6340992e-06,2.6551427e-07,7.4207e-05,0.9993942
pamap2,gnn_lstm,sequence,1,101,101,102,2225,2234,2234,8,8,13,13,descending_stairs,descending_stairs,True,4.2416404e-10,7.020232e-08,2.8210964e-08,5.0250525e-05,1.6170005e-06,2.4307328e-05,1.7842398e-05,0.00020585036,0.999616,3.0527278e-06,2.0885237e-07,8.0637226e-05,0.999616
pamap2,gnn_lstm,sequence,1,101,101,102,2226,2235,2235,8,8,13,13,descending_stairs,descending_stairs,True,5.092982e-10,7.632439e-08,3.1112208e-08,5.2557363e-05,1.7869324e-06,2.2961336e-05,2.328079e-05,0.00026300573,0.99955374,3.2269338e-06,2.108751e-07,7.913645e-05,0.99955374
pamap2,gnn_lstm,sequence,1,101,101,102,2227,2236,2236,8,8,13,13,descending_stairs,descending_stairs,True,8.0880547e-10,8.977823e-08,4.154707e-08,5.407081e-05,2.2877462e-06,2.61768e-05,3.235108e-05,0.00042034732,0.9993824,4.204139e-06,2.602878e-07,7.780904e-05,0.9993824
pamap2,gnn_lstm,sequence,1,101,101,102,2228,2237,2237,8,8,13,13,descending_stairs,descending_stairs,True,1.3520958e-09,1.0832232e-07,5.9602133e-08,6.557171e-05,3.1427535e-06,3.5416553e-05,3.749395e-05,0.00074975385,0.9990314,6.5574795e-06,3.5221325e-07,7.0179514e-05,0.9990314
pamap2,gnn_lstm,sequence,1,101,101,102,2229,2238,2238,8,8,13,13,descending_stairs,descending_stairs,True,1.3569453e-09,1.124809e-07,6.821348e-08,6.799159e-05,3.2977332e-06,4.1210285e-05,3.2036132e-05,0.00071327464,0.9990621,7.1753843e-06,4.06979e-07,7.2245726e-05,0.9990621
pamap2,gnn_lstm,sequence,1,101,101,102,2230,2239,2239,8,8,13,13,descending_stairs,descending_stairs,True,1.6416782e-09,1.334049e-07,9.1641866e-08,8.762431e-05,3.7145603e-06,4.306663e-05,3.488833e-05,0.00086109684,0.99888855,9.182234e-06,4.7012833e-07,7.122188e-05,0.99888855
pamap2,gnn_lstm,sequence,1,101,101,102,2231,2240,2240,8,8,13,13,descending_stairs,descending_stairs,True,4.7889825e-09,2.0835004e-07,1.9155301e-07,0.000119987424,6.7713972e-06,6.717225e-05,6.028441e-05,0.002245408,0.99740964,1.846374e-05,7.2516593e-07,7.11294e-05,0.99740964
pamap2,gnn_lstm,sequence,1,101,101,102,2232,2241,2241,8,8,13,13,descending_stairs,descending_stairs,True,2.9397147e-09,1.6587813e-07,1.3617985e-07,9.680548e-05,4.8347238e-06,5.9979335e-05,3.9699233e-05,0.0011367537,0.99856806,1.2567293e-05,5.897493e-07,8.034379e-05,0.99856806
pamap2,gnn_lstm,sequence,1,101,101,102,2233,2242,2242,8,8,13,13,descending_stairs,descending_stairs,True,1.2477489e-08,2.946678e-07,3.1117006e-07,0.00015752445,1.1671583e-05,9.522268e-05,0.00010473816,0.005252932,0.99427456,3.0479843e-05,9.674749e-07,7.136748e-05,0.99427456
pamap2,gnn_lstm,sequence,1,101,101,102,2234,2243,2243,8,8,13,13,descending_stairs,descending_stairs,True,1.519287e-08,3.025559e-07,3.0938924e-07,0.00014497292,1.5445337e-05,0.000119444856,0.00010676805,0.0060129073,0.9934923,2.8419545e-05,1.0369672e-06,7.8112884e-05,0.9934923
pamap2,gnn_lstm,sequence,1,101,101,102,2235,2244,2244,8,8,13,13,descending_stairs,descending_stairs,True,7.687333e-09,2.2365765e-07,1.8095704e-07,0.000117106574,9.619332e-06,8.194793e-05,7.7590514e-05,0.003273383,0.9963476,1.6929565e-05,6.7161284e-07,7.475589e-05,0.9963476
pamap2,gnn_lstm,sequence,1,101,101,102,2236,2245,2245,8,8,13,13,descending_stairs,descending_stairs,True,3.048048e-09,1.4667434e-07,8.27224e-08,8.940933e-05,5.5215e-06,5.3338877e-05,5.3369004e-05,0.0016063725,0.99811554,9.312508e-06,3.8940314e-07,6.655683e-05,0.99811554
pamap2,gnn_lstm,sequence,1,101,101,102,2237,2246,2246,8,8,13,13,descending_stairs,descending_stairs,True,3.5305925e-10,6.062024e-08,2.0627985e-08,5.8724312e-05,1.6902434e-06,2.2978182e-05,1.6174077e-05,0.0002321345,0.9995995,2.6634102e-06,1.660691e-07,6.590606e-05,0.9995995
pamap2,gnn_lstm,sequence,1,101,101,102,2238,2247,2247,8,8,13,13,descending_stairs,descending_stairs,True,3.3840705e-10,6.011469e-08,2.1727956e-08,5.4079028e-05,1.6427923e-06,2.8741459e-05,1.2647599e-05,0.00019616625,0.9996325,3.103355e-06,2.1039855e-07,7.0817594e-05,0.9996325
pamap2,gnn_lstm,sequence,1,101,101,102,2239,2248,2248,8,8,13,13,descending_stairs,descending_stairs,True,4.2648973e-10,6.6651424e-08,2.717418e-08,5.173963e-05,1.8151088e-06,3.4868506e-05,1.2880141e-05,0.00020999301,0.9996062,3.6467814e-06,2.6138625e-07,7.844815e-05,0.9996062
pamap2,gnn_lstm,sequence,1,101,101,102,2240,2249,2249,8,8,13,13,descending_stairs,descending_stairs,True,4.9704946e-10,7.275616e-08,3.0988645e-08,5.4642376e-05,2.001098e-06,3.775417e-05,1.3433911e-05,0.00022360383,0.99958163,3.928507e-06,2.8512366e-07,8.2683335e-05,0.99958163
pamap2,gnn_lstm,sequence,1,101,101,102,2241,2250,2250,8,8,13,13,descending_stairs,descending_stairs,True,6.5077493e-10,8.037294e-08,3.77859e-08,5.7104568e-05,2.3223936e-06,4.1600004e-05,1.5246522e-05,0.00027718462,0.9995172,4.425188e-06,3.1380253e-07,8.4519444e-05,0.9995172
pamap2,gnn_lstm,sequence,1,101,101,102,2242,2251,2251,8,8,13,13,descending_stairs,descending_stairs,True,7.038626e-10,8.0907924e-08,3.8786744e-08,5.6727516e-05,2.4443254e-06,4.3034863e-05,1.5349397e-05,0.00028449882,0.99950624,4.3146165e-06,3.0712482e-07,8.682618e-05,0.99950624
pamap2,gnn_lstm,sequence,1,101,101,102,2243,2252,2252,8,8,13,13,descending_stairs,descending_stairs,True,6.304671e-10,7.752105e-08,3.4875825e-08,5.716184e-05,2.328728e-06,4.002408e-05,1.4613355e-05,0.0002527155,0.99954116,3.8638054e-06,2.7730425e-07,8.776095e-05,0.99954116
pamap2,gnn_lstm,sequence,1,101,101,102,2244,2253,2253,8,8,13,13,descending_stairs,descending_stairs,True,5.172614e-10,7.271392e-08,2.8565479e-08,5.6127563e-05,2.2679737e-06,3.769146e-05,1.3279136e-05,0.00021195292,0.9995845,3.228049e-06,2.4445623e-07,9.059069e-05,0.9995845
pamap2,gnn_lstm,sequence,1,101,101,102,2245,2254,2254,8,8,13,13,descending_stairs,descending_stairs,True,4.6427048e-10,7.213298e-08,2.8524505e-08,5.0841005e-05,1.9933475e-06,3.3246262e-05,1.3784945e-05,0.00018219196,0.9996177,3.0550339e-06,2.3801739e-07,9.673208e-05,0.9996177
pamap2,gnn_lstm,sequence,1,101,101,102,2246,2255,2255,8,8,13,13,descending_stairs,descending_stairs,True,6.2873917e-10,7.8314976e-08,3.347981e-08,5.4282264e-05,2.0549933e-06,3.4212353e-05,1.7555354e-05,0.00025853486,0.99954504,3.7598054e-06,2.5731316e-07,8.420376e-05,0.99954504
pamap2,gnn_lstm,sequence,1,101,101,102,2247,2256,2256,8,8,13,13,descending_stairs,descending_stairs,True,5.950147e-10,7.643515e-08,3.3165062e-08,5.128803e-05,1.975357e-06,3.4264485e-05,1.7244602e-05,0.00024294504,0.99956375,3.7477005e-06,2.615916e-07,8.433384e-05,0.99956375
pamap2,gnn_lstm,sequence,1,101,101,102,2248,2257,2257,8,8,13,13,descending_stairs,descending_stairs,True,4.3260767e-10,6.890048e-08,2.798327e-08,4.9357724e-05,1.7785607e-06,3.2182594e-05,1.3953726e-05,0.00018426518,0.99962795,3.2671676e-06,2.4180915e-07,8.692325e-05,0.99962795
pamap2,gnn_lstm,sequence,1,101,101,102,2249,2258,2258,8,8,13,13,descending_stairs,descending_stairs,True,4.5063275e-10,6.943202e-08,2.8193394e-08,5.110745e-05,1.8843573e-06,3.4972312e-05,1.3221865e-05,0.00018665807,0.99962056,3.3430683e-06,2.4964973e-07,8.78613e-05,0.99962056
pamap2,gnn_lstm,sequence,1,101,101,102,2250,2259,2259,8,8,13,13,descending_stairs,descending_stairs,True,3.8686462e-10,6.6109514e-08,2.5216027e-08,5.2512463e-05,1.8394788e-06,3.4950062e-05,1.1541663e-05,0.00016060846,0.99964595,3.0828428e-06,2.3631416e-07,8.924522e-05,0.99964595
pamap2,gnn_lstm,sequence,1,101,101,102,2251,2260,2260,8,8,13,13,descending_stairs,descending_stairs,True,3.719031e-10,6.470488e-08,2.427567e-08,5.169723e-05,1.8216002e-06,3.2815475e-05,1.1868191e-05,0.00015949825,0.99965036,2.865498e-06,2.1989263e-07,8.870603e-05,0.99965036
pamap2,gnn_lstm,sequence,1,101,101,102,2252,2261,2261,8,8,13,13,descending_stairs,descending_stairs,True,3.9551004e-10,6.7251264e-08,2.5606061e-08,4.9960625e-05,1.9185738e-06,3.331658e-05,1.245642e-05,0.00016222478,0.99964297,2.86959e-06,2.282659e-07,9.387615e-05,0.99964297
pamap2,gnn_lstm,sequence,1,101,101,102,2253,2262,2262,8,8,13,13,descending_stairs,descending_stairs,True,3.2180225e-10,6.2477184e-08,2.2155104e-08,4.708905e-05,1.752568e-06,3.0678537e-05,1.1383754e-05,0.00013643703,0.9996743,2.522634e-06,2.0671291e-07,9.5551e-05,0.9996743
pamap2,gnn_lstm,sequence,1,101,101,102,2254,2263,2263,8,8,13,13,descending_stairs,descending_stairs,True,3.433182e-10,6.134877e-08,2.1436357e-08,4.77976e-05,1.7203436e-06,3.0283214e-05,1.1904663e-05,0.000149327,0.99966705,2.5721786e-06,1.9712242e-07,8.913695e-05,0.99966705
pamap2,gnn_lstm,sequence,1,101,101,102,2255,2264,2264,8,8,13,13,descending_stairs,descending_stairs,True,2.6466207e-10,5.5313876e-08,1.831728e-08,4.387139e-05,1.5188441e-06,2.9397004e-05,9.884161e-06,0.00011826741,0.9997036,2.3385905e-06,1.881722e-07,9.077715e-05,0.9997036
pamap2,gnn_lstm,sequence,1,101,101,102,2256,2265,2265,8,8,13,13,descending_stairs,descending_stairs,True,2.546695e-10,5.542335e-08,1.839566e-08,4.5560602e-05,1.5493285e-06,3.198748e-05,9.12158e-06,0.00012073631,0.999701,2.5631005e-06,2.0868316e-07,8.731088e-05,0.999701
pamap2,gnn_lstm,sequence,1,101,101,102,2257,2266,2266,8,8,13,13,descending_stairs,descending_stairs,True,3.219867e-10,6.2520385e-08,2.2977865e-08,4.90234e-05,1.8494179e-06,3.7942616e-05,9.611153e-06,0.00014445886,0.9996636,2.973078e-06,2.5097535e-07,9.014057e-05,0.9996636
pamap2,gnn_lstm,sequence,1,101,101,102,2258,2267,2267,8,8,13,13,descending_stairs,descending_stairs,True,3.6275746e-10,6.6328035e-08,2.5457954e-08,5.1227827e-05,1.996357e-06,3.921097e-05,1.0043058e-05,0.00015193726,0.9996481,3.0370693e-06,2.559839e-07,9.401729e-05,0.9996481
pamap2,gnn_lstm,sequence,1,101,101,102,2259,2268,2268,8,8,13,13,descending_stairs,descending_stairs,True,3.9045236e-10,7.071818e-08,2.7573465e-08,5.4764816e-05,2.0771447e-06,3.8987808e-05,1.0763283e-05,0.00015758292,0.99963593,3.189656e-06,2.6366337e-07,9.629186e-05,0.99963593
pamap2,gnn_lstm,sequence,1,101,101,102,2260,2269,2269,8,8,13,13,descending_stairs,descending_stairs,True,3.7099884e-10,6.92123e-08,2.6207168e-08,5.545998e-05,2.0499801e-06,3.7775684e-05,1.0614734e-05,0.00015025906,0.9996439,3.0312867e-06,2.4975893e-07,9.661863e-05,0.9996439
pamap2,gnn_lstm,sequence,1,101,101,102,2261,2270,2270,8,8,13,13,descending_stairs,descending_stairs,True,6.10288e-10,8.382023e-08,3.6203748e-08,7.0529786e-05,2.6892053e-06,4.3481406e-05,1.3820478e-05,0.00025771797,0.99951994,4.1260932e-06,3.0613478e-07,8.715839e-05,0.99951994
pamap2,gnn_lstm,sequence,1,101,101,102,2262,2271,2271,8,8,13,13,descending_stairs,descending_stairs,True,1.3507747e-09,1.3051381e-07,7.0970096e-08,0.00011282106,4.568168e-06,5.2972453e-05,2.2416862e-05,0.00064595015,0.9990742,7.36722e-06,4.447818e-07,7.904879e-05,0.9990742
pamap2,gnn_lstm,sequence,1,101,101,102,2263,2272,2272,8,8,13,13,descending_stairs,descending_stairs,True,6.3585186e-09,2.6148646e-07,1.9104759e-07,0.0002274456,1.2215089e-05,8.1286846e-05,6.043676e-05,0.0037211059,0.9958087,1.873408e-05,8.1760703e-07,6.869746e-05,0.9958087
pamap2,gnn_lstm,sequence,1,101,101,102,2264,2273,2273,8,7,13,12,descending_stairs,ascending_stairs,False,4.6032892e-07,7.848155e-07,9.265395e-07,0.0013544558,0.00011745285,0.00010234128,0.00059546146,0.8280306,0.16953164,0.00025258044,3.5133098e-06,9.8084865e-06,0.8280306
pamap2,gnn_lstm,sequence,1,101,101,102,2265,2274,2274,8,7,13,12,descending_stairs,ascending_stairs,False,4.3680242e-07,2.7334892e-07,4.1116954e-07,0.00056909746,5.412748e-05,3.670459e-05,0.00028515767,0.9682102,0.030673673,0.00016658293,1.6670577e-06,1.6512932e-06,0.9682102
pamap2,gnn_lstm,sequence,1,101,101,102,2266,2275,2275,8,7,13,12,descending_stairs,ascending_stairs,False,5.6034327e-07,9.382132e-07,1.3697999e-06,0.0012180809,0.00015824175,0.00020562761,0.00055150746,0.7356632,0.2618684,0.00031130644,5.0190997e-06,1.5799227e-05,0.7356632
pamap2,gnn_lstm,sequence,1,101,101,102,2267,2276,2276,8,7,13,12,descending_stairs,ascending_stairs,False,6.560428e-07,6.7275107e-07,1.1582092e-06,0.00093055365,0.00012283339,0.00012025451,0.00047809654,0.88097805,0.117071904,0.00028460866,3.862038e-06,7.339267e-06,0.88097805
pamap2,gnn_lstm,sequence,1,101,101,102,2268,2277,2277,8,7,13,12,descending_stairs,ascending_stairs,False,5.6058485e-07,1.7363509e-07,3.600847e-07,0.00029765212,4.3734653e-05,2.8132014e-05,0.00019898963,0.98576945,0.013522851,0.00013601982,1.2912665e-06,8.2124643e-07,0.98576945
pamap2,gnn_lstm,sequence,1,101,101,102,2269,2278,2278,8,7,13,12,descending_stairs,ascending_stairs,False,5.3430284e-07,1.5103394e-07,3.0818947e-07,0.0002875077,3.8859576e-05,2.5382955e-05,0.00018091236,0.98717934,0.012165619,0.00011954465,1.0841804e-06,6.824231e-07,0.98717934
pamap2,gnn_lstm,sequence,1,101,101,102,2270,2279,2279,8,7,13,12,descending_stairs,ascending_stairs,False,6.095069e-07,2.0835058e-07,3.8748823e-07,0.00048875855,5.7330333e-05,4.965157e-05,0.00021732008,0.97241443,0.026630362,0.00013810594,1.3940023e-06,1.3110471e-06,0.97241443
pamap2,gnn_lstm,sequence,1,101,101,102,2271,2280,2280,8,7,13,12,descending_stairs,ascending_stairs,False,6.625858e-07,1.0589009e-06,1.5422884e-06,0.0015034598,0.00014218665,0.00027782223,0.00072322326,0.56872463,0.4282934,0.00030360266,4.6008495e-06,2.3744036e-05,0.56872463
pamap2,gnn_lstm,sequence,1,101,101,102,2272,2281,2281,8,8,13,13,descending_stairs,descending_stairs,True,6.970907e-08,6.1651855e-07,5.995802e-07,0.00056388846,4.5328972e-05,0.00020983121,0.00025020682,0.044012904,0.9547817,7.953251e-05,1.949209e-06,5.336099e-05,0.9547817
pamap2,gnn_lstm,sequence,1,101,101,102,2273,2282,2282,8,8,13,13,descending_stairs,descending_stairs,True,5.6958996e-08,5.410859e-07,4.692481e-07,0.0005791084,3.8381844e-05,0.00020733163,0.00021872245,0.038279694,0.9605529,7.3439405e-05,1.6955158e-06,4.7734367e-05,0.9605529
pamap2,gnn_lstm,sequence,1,101,101,102,2274,2283,2283,8,8,13,13,descending_stairs,descending_stairs,True,3.2106269e-09,1.5646361e-07,9.015136e-08,0.0001495354,5.8881033e-06,7.0674265e-05,3.549735e-05,0.0016156401,0.9980519,1.1002776e-05,4.491978e-07,5.9267317e-05,0.9980519
pamap2,gnn_lstm,sequence,1,101,101,102,2275,2284,2284,8,8,13,13,descending_stairs,descending_stairs,True,1.38171e-09,1.0940749e-07,5.390916e-08,0.00014153706,3.5731791e-06,5.6929846e-05,1.9179524e-05,0.00077005185,0.99894613,8.3837895e-06,3.5399043e-07,5.3765685e-05,0.99894613
pamap2,gnn_lstm,sequence,1,101,101,102,2276,2285,2285,8,8,13,13,descending_stairs,descending_stairs,True,1.3652085e-09,1.11465575e-07,5.5789442e-08,0.00015693874,3.7525806e-06,5.6775792e-05,1.8668734e-05,0.0007965057,0.9989058,8.5137e-06,3.561575e-07,5.2486343e-05,0.9989058
pamap2,gnn_lstm,sequence,1,101,101,102,2277,2286,2286,8,8,13,13,descending_stairs,descending_stairs,True,5.898502e-10,7.470406e-08,2.9602083e-08,9.4044335e-05,2.6861067e-06,4.3239914e-05,1.1955278e-05,0.00030323045,0.9994733,3.9785177e-06,2.4164584e-07,6.7143315e-05,0.9994733
pamap2,gnn_lstm,sequence,1,101,101,102,2278,2287,2287,8,8,13,13,descending_stairs,descending_stairs,True,4.550164e-10,6.994903e-08,2.48687e-08,8.590134e-05,2.398418e-06,3.8248632e-05,1.1053154e-05,0.00022064413,0.99956447,3.1885766e-06,2.1272659e-07,7.379004e-05,0.99956447
pamap2,gnn_lstm,sequence,1,101,101,102,2279,2288,2288,8,8,13,13,descending_stairs,descending_stairs,True,4.2015078e-10,6.647723e-08,2.2964626e-08,7.64366e-05,2.3071466e-06,3.6118254e-05,1.0996457e-05,0.00020401686,0.9995908,2.8389707e-06,1.9711133e-07,7.623379e-05,0.9995908
pamap2,gnn_lstm,sequence,1,101,101,102,2280,2289,2289,8,8,13,13,descending_stairs,descending_stairs,True,6.346162e-10,8.459681e-08,2.709721e-08,0.00012977538,2.7761848e-06,3.868014e-05,1.3949054e-05,0.00034746804,0.9994019,3.7019379e-06,2.0472851e-07,6.141015e-05,0.9994019
pamap2,gnn_lstm,sequence,1,101,101,102,2281,2290,2290,8,8,13,13,descending_stairs,descending_stairs,True,4.1995524e-10,7.0830666e-08,2.1482071e-08,0.000101596626,2.277909e-06,3.3129527e-05,1.1862958e-05,0.00023537214,0.9995468,2.9505138e-06,1.8375773e-07,6.576847e-05,0.9995468
pamap2,gnn_lstm,sequence,1,101,101,102,2282,2291,2291,8,8,13,13,descending_stairs,descending_stairs,True,4.0617118e-10,6.621776e-08,2.0238348e-08,9.582839e-05,2.2836653e-06,3.400937e-05,1.1233104e-05,0.00024017137,0.99955004,2.870645e-06,1.8086439e-07,6.331382e-05,0.99955004
pamap2,gnn_lstm,sequence,1,101,101,102,2283,2292,2292,8,8,13,13,descending_stairs,descending_stairs,True,5.500602e-10,8.163041e-08,2.461662e-08,0.00014670548,2.6086493e-06,3.675687e-05,1.3293882e-05,0.00035589747,0.9993861,3.8478297e-06,2.0217253e-07,5.453315e-05,0.9993861
pamap2,gnn_lstm,sequence,1,101,101,102,2284,2293,2293,8,8,13,13,descending_stairs,descending_stairs,True,4.4400747e-10,6.849857e-08,2.1324873e-08,0.00010633289,2.2923243e-06,3.4531673e-05,1.1564621e-05,0.00026490257,0.99951696,3.0913825e-06,1.8276359e-07,6.003261e-05,0.99951696
pamap2,gnn_lstm,sequence,1,101,101,102,2285,2294,2294,8,8,13,13,descending_stairs,descending_stairs,True,2.959195e-10,5.510739e-08,1.7607467e-08,6.248593e-05,1.7643658e-06,2.9657656e-05,9.93069e-06,0.00015838751,0.99966204,2.352747e-06,1.659856e-07,7.311089e-05,0.99966204
pamap2,gnn_lstm,sequence,1,101,101,102,2286,2295,2295,8,8,13,13,descending_stairs,descending_stairs,True,2.9770808e-10,5.5829375e-08,1.7984092e-08,6.2057195e-05,1.7123679e-06,2.751703e-05,1.0528732e-05,0.00016464698,0.9996588,2.3646164e-06,1.637062e-07,7.217548e-05,0.9996588
pamap2,gnn_lstm,sequence,1,101,101,102,2287,2296,2296,8,8,13,13,descending_stairs,descending_stairs,True,3.1936917e-10,5.9311834e-08,1.8205665e-08,7.169055e-05,1.8103776e-06,2.5493278e-05,1.199766e-05,0.00019756713,0.9996226,2.3686923e-06,1.5391495e-07,6.628295e-05,0.9996226
pamap2,gnn_lstm,sequence,1,101,101,102,2288,2297,2297,8,8,13,13,descending_stairs,descending_stairs,True,3.2186592e-10,5.94025e-08,1.8837172e-08,6.924107e-05,1.7285186e-06,2.3191793e-05,1.3534802e-05,0.00021277084,0.99961275,2.4783699e-06,1.5517313e-07,6.4049316e-05,0.99961275
pamap2,gnn_lstm,sequence,1,101,101,102,2289,2298,2298,8,8,13,13,descending_stairs,descending_stairs,True,6.1871125e-10,8.570556e-08,2.6809868e-08,0.00013712236,2.4570138e-06,2.6996306e-05,2.135602e-05,0.0005173592,0.99923944,4.2066454e-06,1.8750116e-07,5.0686816e-05,0.99923944
pamap2,gnn_lstm,sequence,1,101,101,102,2290,2299,2299,8,8,13,13,descending_stairs,descending_stairs,True,6.4071665e-10,8.605431e-08,2.9216578e-08,0.00013898649,2.6661965e-06,3.031045e-05,1.971654e-05,0.0005589399,0.99919575,4.7883786e-06,2.1911724e-07,4.846775e-05,0.99919575
pamap2,gnn_lstm,sequence,1,101,101,102,2291,2300,2300,8,8,13,13,descending_stairs,descending_stairs,True,6.6369304e-10,9.50545e-08,3.376426e-08,0.00017385562,3.0234357e-06,3.1953663e-05,2.0663936e-05,0.0006748421,0.9990451,5.9342e-06,2.5771186e-07,4.4338612e-05,0.9990451
pamap2,gnn_lstm,sequence,1,101,101,102,2292,2301,2301,8,8,13,13,descending_stairs,descending_stairs,True,1.650575e-09,2.0735573e-07,7.9584844e-08,0.00051357044,5.8613673e-06,4.5816443e-05,3.7486232e-05,0.001864526,0.9974751,1.4525021e-05,4.961972e-07,4.2336364e-05,0.9974751
pamap2,gnn_lstm,sequence,1,101,101,102,2293,2302,2302,8,8,13,13,descending_stairs,descending_stairs,True,4.223464e-09,4.3328336e-07,1.9021564e-07,0.0012252275,1.0117761e-05,7.3878655e-05,5.5781104e-05,0.0037062743,0.994846,3.3498025e-05,9.750205e-07,4.7701098e-05,0.994846
pamap2,gnn_lstm,sequence,1,101,101,102,2294,2303,2303,8,8,13,13,descending_stairs,descending_stairs,True,1.6440822e-07,3.4701998e-06,1.4679995e-06,0.029716749,7.73664e-05,0.00039119116,0.00033159112,0.13185014,0.8369781,0.00060709956,6.6772704e-06,3.6039608e-05,0.8369781
pamap2,gnn_lstm,sequence,1,101,101,102,2295,2304,2304,8,7,13,12,descending_stairs,ascending_stairs,False,8.117479e-07,5.597787e-06,1.6713109e-06,0.08191743,0.00017318576,0.0004784413,0.0004905447,0.630797,0.28489283,0.0012199014,8.264721e-06,1.4243272e-05,0.630797
pamap2,gnn_lstm,sequence,1,101,101,102,2296,2305,2305,8,8,13,13,descending_stairs,descending_stairs,True,3.3690142e-07,9.846088e-06,9.266738e-07,0.26462337,0.000116946096,0.00073557766,0.00030632765,0.15817526,0.5751929,0.0007979698,5.8775954e-06,3.456198e-05,0.5751929
pamap2,gnn_lstm,sequence,1,101,101,102,2297,2306,2306,8,3,13,4,descending_stairs,walking,False,1.1814325e-07,1.1742234e-05,2.8575278e-07,0.6631311,5.414429e-05,0.0006001961,0.00010109381,0.038942985,0.29674685,0.00038380452,3.3547803e-06,2.4270938e-05,0.6631311
pamap2,gnn_lstm,sequence,1,101,101,102,2298,2307,2307,8,8,13,13,descending_stairs,descending_stairs,True,6.649804e-08,2.8102668e-06,2.6956607e-07,0.038150784,5.5219607e-05,0.00038194025,0.00017582308,0.042909257,0.91813576,0.00013344,2.0400619e-06,5.2444466e-05,0.91813576
pamap2,gnn_lstm,sequence,1,101,101,102,2299,2308,2308,8,8,13,13,descending_stairs,descending_stairs,True,6.337771e-09,3.264752e-07,7.991461e-08,0.0009629702,1.6487358e-05,0.00011351426,4.5939774e-05,0.0036522544,0.9951337,1.1582694e-05,5.022247e-07,6.270623e-05,0.9951337
pamap2,gnn_lstm,sequence,1,101,101,102,2300,2309,2309,8,8,13,13,descending_stairs,descending_stairs,True,2.358149e-09,1.5861016e-07,6.560076e-08,0.00015893216,6.613508e-06,6.558203e-05,2.831334e-05,0.00093415054,0.9987134,6.363831e-06,3.6480387e-07,8.611581e-05,0.9987134
pamap2,gnn_lstm,sequence,1,101,101,102,2301,2310,2310,8,8,13,13,descending_stairs,descending_stairs,True,1.5871383e-09,1.1158791e-07,5.741337e-08,8.664223e-05,4.0037517e-06,4.9000406e-05,2.7115493e-05,0.00074863964,0.99900514,6.14827e-06,3.3557902e-07,7.274296e-05,0.99900514
pamap2,gnn_lstm,sequence,1,101,101,102,2302,2311,2311,8,8,13,13,descending_stairs,descending_stairs,True,1.2039141e-09,9.742222e-08,5.267718e-08,6.5566914e-05,3.0243039e-06,4.5115125e-05,2.3350685e-05,0.00052115193,0.99925953,5.557403e-06,3.355198e-07,7.627425e-05,0.99925953
pamap2,gnn_lstm,sequence,1,101,101,102,2303,2312,2312,8,8,13,13,descending_stairs,descending_stairs,True,1.0583793e-09,9.4747826e-08,4.9211565e-08,6.496624e-05,2.7903006e-06,4.1822128e-05,2.2650103e-05,0.00046924522,0.99931717,5.146828e-06,3.1338925e-07,7.5794545e-05,0.99931717
pamap2,gnn_lstm,sequence,1,101,101,102,2304,2313,2313,8,8,13,13,descending_stairs,descending_stairs,True,8.30097e-10,8.607616e-08,4.204782e-08,6.100546e-05,2.4429587e-06,3.8820683e-05,1.9947474e-05,0.000375886,0.999421,4.551165e-06,2.8971687e-07,7.590318e-05,0.999421
pamap2,gnn_lstm,sequence,1,101,101,102,2305,2314,2314,8,8,13,13,descending_stairs,descending_stairs,True,4.0031148e-10,6.501274e-08,2.5141828e-08,5.345832e-05,1.8041941e-06,3.1147243e-05,1.3150769e-05,0.00018979877,0.99962676,3.0101248e-06,2.1629246e-07,8.0647944e-05,0.99962676
pamap2,gnn_lstm,sequence,1,101,101,102,2306,2315,2315,8,8,13,13,descending_stairs,descending_stairs,True,3.5407038e-10,6.140461e-08,2.2822404e-08,4.989978e-05,1.6990688e-06,2.9678768e-05,1.2385858e-05,0.0001693788,0.9996517,2.7549902e-06,2.0283969e-07,8.227781e-05,0.9996517
pamap2,gnn_lstm,sequence,1,101,101,102,2307,2316,2316,8,8,13,13,descending_stairs,descending_stairs,True,2.930464e-10,5.8592374e-08,2.0392777e-08,4.4285902e-05,1.6929669e-06,3.0705483e-05,1.0681272e-05,0.00013517347,0.99968255,2.4795477e-06,2.072041e-07,9.219629e-05,0.99968255
pamap2,gnn_lstm,sequence,1,101,101,102,2308,2317,2317,8,8,13,13,descending_stairs,descending_stairs,True,2.561973e-10,5.9190125e-08,1.9641254e-08,4.4715183e-05,1.5186141e-06,2.7960466e-05,1.051632e-05,0.000116165116,0.9997009,2.3700572e-06,1.9951423e-07,9.55879e-05,0.9997009
pamap2,gnn_lstm,sequence,1,101,101,102,2309,2318,2318,8,8,13,13,descending_stairs,descending_stairs,True,3.6372055e-10,7.560524e-08,2.688035e-08,5.2115658e-05,1.7852567e-06,2.9992048e-05,1.471534e-05,0.00016320466,0.9996407,3.2210467e-06,2.646665e-07,9.383951e-05,0.9996407
pamap2,gnn_lstm,sequence,1,101,101,102,2310,2319,2319,8,8,13,13,descending_stairs,descending_stairs,True,6.6138317e-10,1.4427145e-07,6.319798e-08,6.634184e-05,3.4717368e-06,4.5957637e-05,2.2937907e-05,0.00026103304,0.9994666,4.7974754e-06,5.6897557e-07,0.00012814862,0.9994666
pamap2,gnn_lstm,sequence,1,101,101,102,2311,2320,2320,8,8,13,13,descending_stairs,descending_stairs,True,2.3881028e-09,5.2608283e-07,3.017697e-07,0.00012393139,1.2247113e-05,0.00010768157,4.820413e-05,0.00048067948,0.9989396,9.6984795e-06,1.8290317e-06,0.00027529412,0.9989396
pamap2,gnn_lstm,sequence,1,101,101,102,2312,2321,2321,8,8,13,13,descending_stairs,descending_stairs,True,2.2535238e-08,3.902212e-06,2.405574e-06,0.0004884757,8.4585845e-05,0.00035525675,0.0001757324,0.0012122912,0.99680376,2.995323e-05,7.812291e-06,0.00083578035,0.99680376
pamap2,gnn_lstm,sequence,1,101,101,102,2313,2322,2322,8,8,13,13,descending_stairs,descending_stairs,True,3.6910416e-07,4.5140387e-05,2.3452518e-05,0.0030225972,0.00075732014,0.0017512505,0.0007557895,0.0032787384,0.9870105,0.00011961532,4.3157634e-05,0.0031921503,0.9870105
pamap2,gnn_lstm,sequence,1,101,101,102,2314,2323,2323,8,8,13,13,descending_stairs,descending_stairs,True,1.51745035e-05,0.001020317,0.00035735493,0.04178899,0.010018235,0.011082573,0.0055934326,0.014208675,0.9002295,0.00087332696,0.0004795721,0.0143328635,0.9002295
pamap2,gnn_lstm,sequence,1,101,101,102,2315,2324,2324,3,8,4,13,walking,descending_stairs,False,0.0003941523,0.009272753,0.002515977,0.2508448,0.060531184,0.05688955,0.016826324,0.045038514,0.5169306,0.0056753196,0.00441652,0.030664308,0.5169306
pamap2,gnn_lstm,sequence,1,101,101,102,2316,2325,2325,3,3,4,4,walking,walking,True,0.0038491455,0.025054714,0.007505888,0.26486787,0.12288878,0.20489436,0.02109368,0.10065791,0.16501915,0.03203277,0.029180074,0.02295562,0.26486787
pamap2,gnn_lstm,sequence,1,101,101,102,2317,2326,2326,3,5,4,6,walking,cycling,False,0.011111234,0.056388725,0.028968813,0.082670055,0.11852013,0.1962589,0.02360841,0.13206115,0.09490458,0.10080657,0.13183309,0.0228683,0.1962589
pamap2,gnn_lstm,sequence,1,101,101,102,2318,2327,2327,3,10,4,17,walking,ironing,False,0.00861803,0.09249067,0.1705182,0.00335934,0.013125007,0.010929253,0.003309399,0.019629618,0.014742256,0.06420432,0.5926956,0.006378264,0.5926956
pamap2,gnn_lstm,sequence,1,101,101,102,2319,2328,2328,3,10,4,17,walking,ironing,False,0.0045438423,0.13495137,0.27499622,0.0011399027,0.0037710392,0.0050036013,0.00095869903,0.00646897,0.00744232,0.0483766,0.5091076,0.0032397776,0.5091076
pamap2,gnn_lstm,sequence,1,101,101,102,2320,2329,2329,3,10,4,17,walking,ironing,False,0.004624382,0.16879459,0.29166427,0.0010930077,0.0034269074,0.006971743,0.0008889565,0.0055092885,0.0079850815,0.04875939,0.4564565,0.0038259127,0.4564565
pamap2,gnn_lstm,sequence,1,101,101,102,2321,2330,2330,3,10,4,17,walking,ironing,False,0.00383386,0.12912978,0.15927051,0.0010975659,0.003329591,0.0095782,0.0007733532,0.0054073413,0.008168924,0.055831164,0.62032443,0.0032552632,0.62032443
pamap2,gnn_lstm,sequence,1,101,101,102,2322,2331,2331,3,10,4,17,walking,ironing,False,0.004285742,0.06543407,0.040683102,0.0020881714,0.004961798,0.023775198,0.0010394118,0.011004283,0.0130345095,0.10225541,0.72755104,0.003887313,0.72755104
pamap2,gnn_lstm,sequence,1,101,101,102,2323,2332,2332,3,10,4,17,walking,ironing,False,0.00955141,0.06456158,0.014169201,0.009442857,0.014141271,0.104567654,0.009605913,0.060096428,0.07810593,0.24903086,0.36771044,0.01901648,0.36771044
pamap2,gnn_lstm,sequence,1,101,101,102,2324,2333,2333,3,8,4,13,walking,descending_stairs,False,0.003531941,0.017319923,0.0037780802,0.02024557,0.019163676,0.15531643,0.01263305,0.08751567,0.23837636,0.23144095,0.18188125,0.028797172,0.23837636
pamap2,gnn_lstm,sequence,1,101,101,102,2325,2334,2334,3,8,4,13,walking,descending_stairs,False,0.0014067824,0.010887459,0.0015947518,0.06591136,0.031282492,0.11126467,0.008931413,0.07511986,0.4010858,0.11301164,0.11854179,0.06096206,0.4010858
pamap2,gnn_lstm,sequence,1,101,101,102,2326,2335,2335,3,8,4,13,walking,descending_stairs,False,0.0004393735,0.010673426,0.00072241895,0.22396691,0.052624274,0.06060161,0.0040080016,0.045079578,0.41040605,0.027429597,0.05557984,0.1084689,0.41040605
pamap2,gnn_lstm,sequence,1,101,101,102,2327,2336,2336,3,3,4,4,walking,walking,True,0.00017065254,0.008335475,0.00021604539,0.6105813,0.044831652,0.020230683,0.0014780669,0.02287915,0.19526404,0.0054878443,0.012651814,0.07787335,0.6105813
pamap2,gnn_lstm,sequence,1,101,101,102,2328,2337,2337,3,3,4,4,walking,walking,True,8.068883e-05,0.0056471424,9.1047994e-05,0.8035334,0.033402275,0.0067706015,0.0007390008,0.013756836,0.08518777,0.0015385963,0.004117721,0.045134895,0.8035334
pamap2,gnn_lstm,sequence,1,101,101,102,2329,2338,2338,3,3,4,4,walking,walking,True,3.5834426e-05,0.003967019,4.5728673e-05,0.89504236,0.020165378,0.0030436544,0.0003933629,0.00864696,0.044750176,0.00065103354,0.0015134256,0.021745056,0.89504236
pamap2,gnn_lstm,sequence,1,101,101,102,2330,2339,2339,3,3,4,4,walking,walking,True,1.8701578e-05,0.002894665,2.9552528e-05,0.9306902,0.0121749565,0.0018746647,0.0002633255,0.005914758,0.032983612,0.00037641404,0.0007549775,0.012024045,0.9306902
pamap2,gnn_lstm,sequence,1,101,101,102,2331,2340,2340,3,3,4,4,walking,walking,True,1.0141546e-05,0.0020579915,1.9397772e-05,0.95381624,0.007250793,0.0012168743,0.00018098697,0.0041978844,0.024482062,0.0002400067,0.0003751997,0.0061524445,0.95381624
pamap2,gnn_lstm,sequence,1,101,101,102,2332,2341,2341,3,3,4,4,walking,walking,True,4.4130184e-06,0.0014158292,9.190174e-06,0.970469,0.004497184,0.00071192463,0.000107056214,0.0026924314,0.016350487,0.00013486328,0.00018806233,0.0034195678,0.970469
pamap2,gnn_lstm,sequence,1,101,101,102,2333,2342,2342,3,3,4,4,walking,walking,True,4.270049e-06,0.0015408973,8.934241e-06,0.97074527,0.0051574083,0.00062867074,0.000115751114,0.0026888517,0.014875585,0.000114681454,0.00020129948,0.0039184056,0.97074527
pamap2,gnn_lstm,sequence,1,101,101,102,2334,2343,2343,3,3,4,4,walking,walking,True,2.9030477e-06,0.0014606272,5.8935166e-06,0.97635514,0.0047872006,0.00044037474,9.699162e-05,0.0021762075,0.010894548,8.051178e-05,0.00016325503,0.0035364307,0.97635514
pamap2,gnn_lstm,sequence,1,101,101,102,2335,2344,2344,3,3,4,4,walking,walking,True,1.324101e-06,0.0009873861,2.7765084e-06,0.9849668,0.003049116,0.0002750329,5.975812e-05,0.0014861998,0.0072259526,4.893688e-05,8.2858714e-05,0.0018138682,0.9849668
pamap2,gnn_lstm,sequence,1,101,101,102,2336,2345,2345,3,3,4,4,walking,walking,True,9.82816e-07,0.00087276613,1.9219199e-06,0.9880413,0.0026048007,0.00021718683,4.9084338e-05,0.0012570882,0.00542897,3.994991e-05,6.756091e-05,0.0014183304,0.9880413
pamap2,gnn_lstm,sequence,1,101,101,102,2337,2346,2346,3,3,4,4,walking,walking,True,8.261862e-07,0.0008131029,1.5356932e-06,0.9892033,0.0024957936,0.00019757092,4.514465e-05,0.0011477583,0.0047394666,3.4973957e-05,6.0369326e-05,0.001260274,0.9892033
pamap2,gnn_lstm,sequence,1,101,101,102,2338,2347,2347,3,3,4,4,walking,walking,True,1.4702165e-06,0.0011471838,2.1770331e-06,0.9856995,0.0041556004,0.00023686505,6.9233196e-05,0.0014735245,0.0048660384,4.4537253e-05,0.00010005021,0.002203787,0.9856995
pamap2,gnn_lstm,sequence,1,101,101,102,2339,2348,2348,3,3,4,4,walking,walking,True,2.7149765e-06,0.0017628958,3.8112585e-06,0.9768494,0.0074971025,0.0003451416,0.000113470705,0.0019785848,0.00671161,5.9151684e-05,0.00018477842,0.004491302,0.9768494
pamap2,gnn_lstm,sequence,1,101,101,102,2340,2349,2349,3,3,4,4,walking,walking,True,4.3700943e-06,0.0021796536,5.196291e-06,0.9722391,0.009255514,0.00041610925,0.00014127792,0.0024245633,0.0068979855,8.108013e-05,0.00026492742,0.006090319,0.9722391
pamap2,gnn_lstm,sequence,1,101,101,102,2341,2350,2350,3,3,4,4,walking,walking,True,5.9222634e-06,0.0026226456,7.995631e-06,0.96404403,0.010671075,0.00059626426,0.00016231042,0.0028763502,0.01013349,0.00010709479,0.00037985967,0.0083930185,0.96404403
pamap2,gnn_lstm,sequence,1,101,101,102,2342,2351,2351,3,3,4,4,walking,walking,True,6.1927035e-06,0.0029101602,8.315173e-06,0.957628,0.01379115,0.0005589442,0.00019422107,0.0029505696,0.010403388,9.7076605e-05,0.00040379266,0.011048235,0.957628
pamap2,gnn_lstm,sequence,1,101,101,102,2343,2352,2352,3,3,4,4,walking,walking,True,1.1291536e-05,0.00460607,1.4040901e-05,0.92404073,0.02798256,0.00073693675,0.0003529019,0.003834892,0.01331026,0.00011820576,0.00075129163,0.024240721,0.92404073
pamap2,gnn_lstm,sequence,1,101,101,102,2344,2353,2353,3,3,4,4,walking,walking,True,1.5168383e-05,0.005661806,1.825508e-05,0.8996759,0.04014666,0.00081618415,0.0005002765,0.0043748836,0.01439506,0.00012955948,0.0010128291,0.033253323,0.8996759
pamap2,gnn_lstm,sequence,1,101,101,102,2345,2354,2354,3,3,4,4,walking,walking,True,1.8551522e-05,0.0061822953,2.2406319e-05,0.8914859,0.044350408,0.00093761546,0.00056491245,0.004855354,0.01537316,0.00014820998,0.001218114,0.03484308,0.8914859
pamap2,gnn_lstm,sequence,1,101,101,102,2346,2355,2355,3,3,4,4,walking,walking,True,1.8311004e-05,0.0059555545,2.3674223e-05,0.898266,0.040702216,0.00102007,0.00053000747,0.004970356,0.016433364,0.00015375353,0.0012044953,0.0307222,0.898266
pamap2,gnn_lstm,sequence,1,101,101,102,2347,2356,2356,3,3,4,4,walking,walking,True,1.8150557e-05,0.0055858884,2.4345523e-05,0.91097564,0.033274967,0.0010859335,0.0004671675,0.0049862484,0.016785333,0.0001673024,0.0011479807,0.025481096,0.91097564
pamap2,gnn_lstm,sequence,1,101,101,102,2348,2357,2357,3,3,4,4,walking,walking,True,1.2683662e-05,0.004222911,1.9668272e-05,0.93344504,0.021291938,0.0010317174,0.00033234808,0.0043564495,0.017355159,0.00015696451,0.0008269319,0.016948346,0.93344504
pamap2,gnn_lstm,sequence,1,101,101,102,2349,2358,2358,3,3,4,4,walking,walking,True,1.2201144e-05,0.0040865387,1.948217e-05,0.9353298,0.019648025,0.0009935641,0.00031272412,0.00424113,0.017583843,0.00015693443,0.0007792545,0.016836489,0.9353298
pamap2,gnn_lstm,sequence,1,101,101,102,2350,2359,2359,3,3,4,4,walking,walking,True,1.8582885e-05,0.005220601,3.20589e-05,0.90536267,0.027012642,0.0013684994,0.00043693112,0.005282941,0.025909314,0.00020428906,0.0011985124,0.027952908,0.90536267
pamap2,gnn_lstm,sequence,1,101,101,102,2351,2360,2360,3,3,4,4,walking,walking,True,2.254957e-05,0.006104448,3.51822e-05,0.8856512,0.035624385,0.0013836656,0.0005297482,0.005691513,0.025863953,0.00020748541,0.0014614044,0.03742449,0.8856512
pamap2,gnn_lstm,sequence,1,101,101,102,2352,2361,2361,3,3,4,4,walking,walking,True,1.446494e-05,0.004844222,2.455527e-05,0.9110175,0.026390199,0.0011155192,0.0003919887,0.004639861,0.023152234,0.00016193237,0.0010338154,0.027213622,0.9110175
pamap2,gnn_lstm,sequence,1,101,101,102,2353,2362,2362,3,3,4,4,walking,walking,True,6.4605388e-06,0.0027438274,1.1563247e-05,0.9551597,0.011499684,0.0007135381,0.00019003879,0.003173566,0.015504791,0.00011595101,0.0004472273,0.010433735,0.9551597
pamap2,gnn_lstm,sequence,1,101,101,102,2354,2363,2363,3,3,4,4,walking,walking,True,2.2533245e-06,0.0012980431,4.075134e-06,0.97880393,0.0043900195,0.00042309836,7.807962e-05,0.0019352853,0.009609432,7.2603376e-05,0.00016601763,0.003217179,0.97880393
pamap2,gnn_lstm,sequence,1,101,101,102,2355,2364,2364,3,3,4,4,walking,walking,True,1.0309076e-06,0.0007268815,1.8354602e-06,0.9876923,0.0020722977,0.00028525825,3.99744e-05,0.0013272163,0.0064680395,5.215654e-05,7.767235e-05,0.0012553708,0.9876923
pamap2,gnn_lstm,sequence,1,101,101,102,2356,2365,2365,3,3,4,4,walking,walking,True,6.7962475e-07,0.0005462764,1.2242873e-06,0.9906398,0.0014087332,0.00022289775,2.8791343e-05,0.0010777301,0.0051984033,4.2601034e-05,5.146306e-05,0.0007814343,0.9906398
pamap2,gnn_lstm,sequence,1,101,101,102,2357,2366,2366,3,3,4,4,walking,walking,True,8.8058255e-07,0.0006270224,1.6371799e-06,0.98867595,0.001703122,0.00026407267,3.52162e-05,0.0012423927,0.0063263997,4.926138e-05,6.274926e-05,0.0010112919,0.98867595
pamap2,gnn_lstm,sequence,1,101,101,102,2358,2367,2367,3,3,4,4,walking,walking,True,1.3676095e-06,0.0008176852,2.458293e-06,0.98582387,0.0023174086,0.00031217065,4.721057e-05,0.0015252838,0.007421591,6.1378436e-05,9.029671e-05,0.0015792928,0.98582387
pamap2,gnn_lstm,sequence,1,101,101,102,2359,2368,2368,3,3,4,4,walking,walking,True,7.940169e-07,0.0005540587,1.5172943e-06,0.9889932,0.0014064459,0.0002599487,3.1405554e-05,0.0011824367,0.006580702,4.9447935e-05,5.457277e-05,0.0008854065,0.9889932
pamap2,gnn_lstm,sequence,1,101,101,102,2360,2369,2369,3,3,4,4,walking,walking,True,3.5163367e-07,0.0003168388,6.390636e-07,0.9938619,0.0006151876,0.00015545377,1.5360523e-05,0.00075545994,0.0038782654,3.4316985e-05,2.5125097e-05,0.00034109034,0.9938619
pamap2,gnn_lstm,sequence,1,101,101,102,2361,2370,2370,3,3,4,4,walking,walking,True,4.9202814e-08,8.24406e-05,9.127339e-08,0.9981281,8.7962515e-05,5.2797066e-05,3.1547906e-06,0.00027004073,0.001325774,1.3972176e-05,4.0459977e-06,3.155439e-05,0.9981281
pamap2,gnn_lstm,sequence,1,101,101,102,2362,2371,2371,3,3,4,4,walking,walking,True,3.9261456e-09,1.2806069e-05,8.561991e-09,0.99959034,3.917878e-06,1.3266113e-05,4.3675482e-07,6.542545e-05,0.00030625841,6.3573057e-06,3.459149e-07,7.795269e-07,0.99959034
pamap2,gnn_lstm,sequence,1,101,101,102,2363,2372,2372,3,3,4,4,walking,walking,True,1.7807599e-08,4.1427116e-05,3.6361747e-08,0.9990037,2.7911165e-05,2.9611681e-05,1.5330614e-06,0.00015232766,0.0007249209,9.4214965e-06,1.5592811e-06,7.4836644e-06,0.9990037
pamap2,gnn_lstm,sequence,1,101,101,102,2364,2373,2373,3,3,4,4,walking,walking,True,4.5320824e-08,8.367527e-05,8.9307086e-08,0.9982267,8.76203e-05,5.0573286e-05,3.321981e-06,0.00025676546,0.001245901,1.303254e-05,3.9347597e-06,2.8306911e-05,0.9982267
pamap2,gnn_lstm,sequence,1,101,101,102,2365,2374,2374,3,3,4,4,walking,walking,True,1.0218313e-07,0.0001431018,1.9566646e-07,0.9970872,0.00020096738,8.18653e-05,6.109104e-06,0.00039869716,0.0019792868,1.8740464e-05,8.135927e-06,7.5747324e-05,0.9970872
pamap2,gnn_lstm,sequence,1,101,101,102,2366,2375,2375,3,3,4,4,walking,walking,True,5.3791837e-08,8.36049e-05,1.0707072e-07,0.9979838,8.567247e-05,6.188135e-05,3.4884013e-06,0.00028040976,0.0014539575,1.5785366e-05,4.026741e-06,2.7137183e-05,0.9979838
pamap2,gnn_lstm,sequence,1,101,101,102,2367,2376,2376,3,3,4,4,walking,walking,True,7.76468e-08,0.00012959649,1.6197728e-07,0.99726874,0.00018468044,6.703702e-05,5.5791106e-06,0.00035032572,0.0019048932,1.4639347e-05,6.1101705e-06,6.8143825e-05,0.99726874
pamap2,gnn_lstm,sequence,1,101,101,102,2368,2377,2377,3,3,4,4,walking,walking,True,1.243973e-07,0.000223299,2.8814495e-07,0.9957241,0.00047209216,8.328858e-05,1.088027e-05,0.00047385736,0.0028009773,1.4261611e-05,1.0642794e-05,0.00018620038,0.9957241
pamap2,gnn_lstm,sequence,1,101,101,102,2369,2378,2378,3,3,4,4,walking,walking,True,7.6877376e-07,0.0008562755,1.5028279e-06,0.9867591,0.003395017,0.00018632639,5.380323e-05,0.001153048,0.005607596,2.8237868e-05,6.084234e-05,0.001897474,0.9867591
pamap2,gnn_lstm,sequence,1,101,101,102,2370,2379,2379,3,3,4,4,walking,walking,True,2.2711026e-06,0.0018796878,3.961304e-06,0.9677839,0.011008352,0.00035340004,0.00014187118,0.0019485954,0.009590129,4.468716e-05,0.00018576214,0.0070575033,0.9677839
pamap2,gnn_lstm,sequence,1,101,101,102,2371,2380,2380,3,3,4,4,walking,walking,True,3.0015833e-06,0.002148474,3.926734e-06,0.96253467,0.014759173,0.00037664955,0.00017471735,0.0021921094,0.008544211,4.9035218e-05,0.0002405757,0.008973337,0.96253467
pamap2,gnn_lstm,sequence,1,101,101,102,2372,2381,2381,3,3,4,4,walking,walking,True,4.725213e-06,0.0028027056,5.1917646e-06,0.9478895,0.0219806,0.00047027032,0.00023576267,0.0026868905,0.009360582,6.151164e-05,0.0003833355,0.014119061,0.9478895
pamap2,gnn_lstm,sequence,1,101,101,102,2373,2382,2382,3,3,4,4,walking,walking,True,8.32708e-06,0.0037268845,7.661235e-06,0.9314116,0.03074573,0.00058209396,0.000338289,0.0034723599,0.009488088,8.434897e-05,0.0006114008,0.019523142,0.9314116
pamap2,gnn_lstm,sequence,1,101,101,102,2374,2383,2383,3,3,4,4,walking,walking,True,1.5544567e-05,0.005295079,1.4079889e-05,0.8979985,0.046741538,0.0007544066,0.00052585796,0.0046221535,0.011406638,0.00012023114,0.0010257503,0.031480215,0.8979985
pamap2,gnn_lstm,sequence,1,101,101,102,2375,2384,2384,3,3,4,4,walking,walking,True,4.1389012e-05,0.009090352,4.0555857e-05,0.7895997,0.09474652,0.0012642259,0.0010654483,0.007165447,0.018528579,0.0002090074,0.002390524,0.07585821,0.7895997
pamap2,gnn_lstm,sequence,1,101,101,102,2376,2385,2385,3,3,4,4,walking,walking,True,7.3824376e-05,0.011266749,6.604064e-05,0.6638808,0.15397081,0.0015908777,0.0015767926,0.009181479,0.022371547,0.0002667694,0.0038831953,0.13187104,0.6638808
pamap2,gnn_lstm,sequence,1,101,101,102,2377,2386,2386,3,3,4,4,walking,walking,True,5.946492e-05,0.010739347,5.9376125e-05,0.71381533,0.12838231,0.0015352317,0.0013829727,0.008400271,0.022790119,0.00024501403,0.0033088443,0.10928168,0.71381533
pamap2,gnn_lstm,sequence,1,101,101,102,2378,2387,2387,3,3,4,4,walking,walking,True,4.499775e-05,0.009244653,4.7300422e-05,0.8026768,0.08235577,0.001489595,0.0009840657,0.007416092,0.021283899,0.00024458193,0.0024879996,0.07172437,0.8026768
pamap2,gnn_lstm,sequence,1,101,101,102,2379,2388,2388,3,3,4,4,walking,walking,True,2.8811115e-05,0.0071360986,3.6122932e-05,0.86572236,0.048186265,0.0014842746,0.00062128826,0.006196196,0.022862175,0.00022509307,0.0017712407,0.045730133,0.86572236
pamap2,gnn_lstm,sequence,1,101,101,102,2380,2389,2389,3,3,4,4,walking,walking,True,1.6656222e-05,0.0048249387,2.2105423e-05,0.9208943,0.02412345,0.0011758585,0.00034859742,0.004747927,0.018657947,0.00019344428,0.0010148291,0.023979867,0.9208943
pamap2,gnn_lstm,sequence,1,101,101,102,2381,2390,2390,3,3,4,4,walking,walking,True,1.0830341e-05,0.0038509555,1.6224905e-05,0.9348381,0.018611357,0.00094530295,0.00026735466,0.003943307,0.017779762,0.00015116087,0.0007431145,0.018842494,0.9348381
pamap2,gnn_lstm,sequence,1,101,101,102,2382,2391,2391,3,3,4,4,walking,walking,True,8.664629e-06,0.0035397296,1.3533784e-05,0.94158626,0.017520972,0.0008003025,0.0002522592,0.00357393,0.015942669,0.0001249031,0.00062392437,0.016012842,0.94158626
pamap2,gnn_lstm,sequence,1,101,101,102,2383,2392,2392,3,3,4,4,walking,walking,True,1.3415735e-05,0.0051202755,2.0448266e-05,0.9071627,0.032102074,0.0009465503,0.00041350542,0.004331347,0.019022826,0.00013510999,0.0009547128,0.029777102,0.9071627
pamap2,gnn_lstm,sequence,1,101,101,102,2384,2393,2393,3,3,4,4,walking,walking,True,1.6405773e-05,0.006190306,2.467272e-05,0.87902737,0.04606102,0.0009731926,0.00055828964,0.0046363957,0.019804083,0.00013627319,0.001142223,0.041429844,0.87902737
pamap2,gnn_lstm,sequence,1,101,101,102,2385,2394,2394,3,3,4,4,walking,walking,True,2.271861e-05,0.0075239125,3.142685e-05,0.8400322,0.06561316,0.0010552931,0.0007793096,0.0052886796,0.020299686,0.0001534493,0.0015125079,0.057687633,0.8400322
pamap2,gnn_lstm,sequence,1,101,101,102,2386,2395,2395,3,3,4,4,walking,walking,True,2.0276151e-05,0.007116279,2.6756354e-05,0.8450565,0.0662537,0.0009808367,0.0007636437,0.0050321836,0.018707836,0.00013869112,0.0013885873,0.05451466,0.8450565
pamap2,gnn_lstm,sequence,1,101,101,102,2387,2396,2396,3,3,4,4,walking,walking,True,1.8268633e-05,0.0062472555,1.9652163e-05,0.87347496,0.056430653,0.0009004618,0.00064724305,0.0047963136,0.014658857,0.00013404863,0.0012240384,0.04144837,0.87347496
pamap2,gnn_lstm,sequence,1,101,101,102,2388,2397,2397,3,3,4,4,walking,walking,True,3.1978976e-05,0.008552531,3.5341236e-05,0.8175173,0.076195434,0.0013674422,0.00089131267,0.006012128,0.02056297,0.0002012342,0.0021341948,0.066498145,0.8175173
pamap2,gnn_lstm,sequence,1,101,101,102,2389,2398,2398,3,3,4,4,walking,walking,True,4.0521187e-05,0.00944775,4.4043136e-05,0.8096595,0.06438368,0.0017036571,0.0008794362,0.006069386,0.024105486,0.00028435857,0.0023949277,0.08098726,0.8096595
pamap2,gnn_lstm,sequence,1,101,101,102,2390,2399,2399,3,3,4,4,walking,walking,True,3.8011167e-05,0.009350105,4.789201e-05,0.77832544,0.051248007,0.0024190557,0.00080633844,0.005543847,0.038798142,0.00036104594,0.0025697283,0.110492446,0.77832544
pamap2,gnn_lstm,sequence,1,101,101,102,2391,2400,2400,3,3,4,4,walking,walking,True,2.5421261e-05,0.007178028,3.4500285e-05,0.8287784,0.02788106,0.0023216193,0.0005660615,0.004331496,0.04321867,0.0003954823,0.0018313355,0.08343797,0.8287784
pamap2,gnn_lstm,sequence,1,101,101,102,2392,2401,2401,3,3,4,4,walking,walking,True,1.7849254e-05,0.0053309924,2.7940472e-05,0.8617697,0.014458624,0.0023804028,0.00041881483,0.0036108484,0.05219205,0.00047722174,0.0013685045,0.057947144,0.8617697
pamap2,gnn_lstm,sequence,1,101,101,102,2393,2402,2402,3,3,4,4,walking,walking,True,5.3351437e-06,0.0022182236,1.035499e-05,0.9504273,0.0028562224,0.0012446305,0.00014198675,0.0020000744,0.030517846,0.00036630404,0.00042008542,0.009791594,0.9504273
pamap2,gnn_lstm,sequence,1,101,101,102,2394,2403,2403,3,3,4,4,walking,walking,True,1.1541941e-06,0.0007841855,2.564497e-06,0.98302025,0.0005324879,0.00048408055,4.2434767e-05,0.000836873,0.012593727,0.00019891877,0.00010355054,0.0013998841,0.98302025
pamap2,gnn_lstm,sequence,1,101,101,102,2395,2404,2404,3,3,4,4,walking,walking,True,1.0627631e-07,0.0001408109,2.803877e-07,0.9965753,3.6361664e-05,0.000108544176,7.3390297e-06,0.00022234318,0.0027686711,8.334316e-05,1.0669043e-05,4.621027e-05,0.9965753
pamap2,gnn_lstm,sequence,1,101,101,102,2396,2405,2405,3,3,4,4,walking,walking,True,9.961841e-09,2.1551969e-05,2.3204072e-08,0.99929965,1.758538e-06,2.8056305e-05,1.1677391e-06,8.260249e-05,0.00050395314,5.9361675e-05,9.437063e-07,9.799068e-07,0.99929965
pamap2,gnn_lstm,sequence,1,101,101,102,2397,2406,2406,3,3,4,4,walking,walking,True,8.91009e-08,9.362928e-05,1.1584125e-07,0.9980596,3.6083443e-06,0.000118980475,6.1215796e-06,0.00020368161,0.0009243861,0.00058254064,4.084791e-06,3.165456e-06,0.9980596
pamap2,gnn_lstm,sequence,1,101,101,102,2398,2407,2407,3,3,4,4,walking,walking,True,4.5748834e-07,0.00025182648,2.4204397e-07,0.9969013,8.349251e-06,0.00028404297,1.1115367e-05,0.0003175311,0.0006856343,0.0015254157,8.703501e-06,5.4334123e-06,0.9969013
pamap2,gnn_lstm,sequence,1,101,101,102,2399,2408,2408,3,3,4,4,walking,walking,True,1.2425414e-07,0.000109070425,1.1032458e-07,0.9988136,7.899859e-06,0.00011430787,3.5303547e-06,0.00018813607,0.0004894882,0.0002664491,3.8985377e-06,3.3732786e-06,0.9988136
pamap2,gnn_lstm,sequence,1,101,101,102,2400,2409,2409,3,3,4,4,walking,walking,True,1.1951806e-07,0.00013023106,1.4095004e-07,0.9988887,2.1794243e-05,7.6109434e-05,3.6377921e-06,0.00019490389,0.00058584724,8.483199e-05,4.6696587e-06,9.086569e-06,0.9988887
pamap2,gnn_lstm,sequence,1,101,101,102,2401,2410,2410,3,3,4,4,walking,walking,True,2.8376732e-07,0.00029022133,3.9378673e-07,0.9973877,0.00018774427,0.000109163346,9.9441995e-06,0.00042004662,0.0014284983,5.6674962e-05,1.5208308e-05,9.40557e-05,0.9973877
pamap2,gnn_lstm,sequence,1,101,101,102,2402,2411,2411,3,3,4,4,walking,walking,True,3.7714335e-06,0.0017369761,4.4618146e-06,0.98251444,0.004054132,0.00038318516,8.722477e-05,0.0018729016,0.005618271,0.00012022139,0.0001864577,0.003417888,0.98251444
pamap2,gnn_lstm,sequence,1,101,101,102,2403,2412,2412,3,3,4,4,walking,walking,True,8.149976e-06,0.0030915036,1.07601645e-05,0.9620845,0.010292622,0.0006361018,0.00018170754,0.0029969495,0.010249397,0.00014998444,0.000427777,0.009870627,0.9620845
pamap2,gnn_lstm,sequence,1,101,101,102,2404,2413,2413,3,3,4,4,walking,walking,True,3.7018908e-06,0.0019254335,5.3772173e-06,0.9769891,0.0059980275,0.00040970417,0.0001076676,0.0021430613,0.0074094087,9.228517e-05,0.00022062438,0.0046956376,0.9769891
pamap2,gnn_lstm,sequence,1,101,101,102,2405,2414,2414,3,3,4,4,walking,walking,True,1.0478456e-06,0.00084461644,1.6108675e-06,0.9902401,0.0020774323,0.00020734825,4.218199e-05,0.0011801413,0.004052243,4.8930102e-05,7.385351e-05,0.0012305573,0.9902401
pamap2,gnn_lstm,sequence,1,101,101,102,2406,2415,2415,3,3,4,4,walking,walking,True,9.956065e-07,0.0008643831,1.5638803e-06,0.99004865,0.0022961185,0.00019515702,4.549689e-05,0.0011578092,0.003972249,4.3509925e-05,7.22515e-05,0.0013017561,0.99004865
pamap2,gnn_lstm,sequence,1,101,101,102,2407,2416,2416,3,3,4,4,walking,walking,True,9.4572493e-07,0.00086781045,1.4078607e-06,0.9899108,0.002530404,0.00018607899,4.6450194e-05,0.0011216424,0.0038292771,3.9365565e-05,7.168171e-05,0.0013941247,0.9899108
pamap2,gnn_lstm,sequence,1,101,101,102,2408,2417,2417,3,3,4,4,walking,walking,True,2.333494e-06,0.001611791,3.329519e-06,0.9802464,0.0059454464,0.00031741147,9.579537e-05,0.0017429636,0.0060798777,5.939045e-05,0.00016603542,0.0037290996,0.9802464
pamap2,gnn_lstm,sequence,1,101,101,102,2409,2418,2418,3,3,4,4,walking,walking,True,6.958672e-06,0.0031683496,9.480696e-06,0.9588982,0.013387137,0.0005919194,0.00020535401,0.0029365388,0.0099758515,0.000108577005,0.00044555156,0.010266178,0.9588982
pamap2,gnn_lstm,sequence,1,101,101,102,2410,2419,2419,3,3,4,4,walking,walking,True,4.9247997e-06,0.002472644,7.062569e-06,0.96837103,0.009539253,0.0005054187,0.00015180618,0.002525861,0.008924956,9.4185096e-05,0.00032406324,0.0070787524,0.96837103
pamap2,gnn_lstm,sequence,1,101,101,102,2411,2420,2420,3,3,4,4,walking,walking,True,5.039405e-06,0.0025102661,6.976333e-06,0.968454,0.009732881,0.0004802415,0.00015629538,0.0025285264,0.008451381,9.3437426e-05,0.00032915152,0.0072517763,0.968454
pamap2,gnn_lstm,sequence,1,101,101,102,2412,2421,2421,3,3,4,4,walking,walking,True,4.9718765e-06,0.002552035,7.2011217e-06,0.9673665,0.010036784,0.0004898292,0.00016158647,0.0025329029,0.008928041,9.157567e-05,0.00033249828,0.007496053,0.9673665
pamap2,gnn_lstm,sequence,1,101,101,102,2413,2422,2422,3,3,4,4,walking,walking,True,7.022031e-06,0.0032060978,9.235268e-06,0.95806456,0.014137424,0.0005488633,0.00021941148,0.002970151,0.009493717,0.00010365649,0.00045369606,0.010786293,0.95806456
pamap2,gnn_lstm,sequence,1,101,101,102,2414,2423,2423,3,3,4,4,walking,walking,True,7.1973145e-06,0.0034035195,1.0078329e-05,0.95279,0.015967958,0.00060785294,0.00023846056,0.0030696378,0.0109908935,0.00010248571,0.0004945534,0.012317397,0.95279
pamap2,gnn_lstm,sequence,1,101,101,102,2415,2424,2424,3,3,4,4,walking,walking,True,1.2763132e-05,0.0051771747,1.589593e-05,0.91659385,0.032644495,0.00073982123,0.00043886813,0.0040023522,0.013118535,0.00011953141,0.00084134436,0.026295424,0.91659385
pamap2,gnn_lstm,sequence,1,101,101,102,2416,2425,2425,3,3,4,4,walking,walking,True,1.4225195e-05,0.005860952,1.7756971e-05,0.8945588,0.044227093,0.0007493246,0.0005665881,0.004204268,0.013982947,0.00011509454,0.0009669313,0.03473604,0.8945588
pamap2,gnn_lstm,sequence,1,101,101,102,2417,2426,2426,3,3,4,4,walking,walking,True,1.09102375e-05,0.004664187,1.159211e-05,0.92297816,0.032788627,0.0006569668,0.00041800272,0.0036618612,0.01068574,0.000103708306,0.00073625403,0.023283895,0.92297816
pamap2,gnn_lstm,sequence,1,101,101,102,2418,2427,2427,3,3,4,4,walking,walking,True,1.4073295e-05,0.0053027747,1.40508455e-05,0.90995723,0.037543736,0.000775508,0.00045632388,0.004028417,0.011733324,0.00012601819,0.0009675387,0.029081032,0.90995723
pamap2,gnn_lstm,sequence,1,101,101,102,2419,2428,2428,3,3,4,4,walking,walking,True,2.2685515e-05,0.0069135306,2.2158736e-05,0.8781613,0.05038005,0.0009869993,0.0006232413,0.004928976,0.013975662,0.00017048197,0.0014819934,0.042332895,0.8781613
pamap2,gnn_lstm,sequence,1,101,101,102,2420,2429,2429,3,3,4,4,walking,walking,True,3.3438344e-05,0.008910802,3.2985048e-05,0.82029396,0.07570432,0.0011565686,0.000898093,0.005815712,0.01685192,0.00019918328,0.0021643671,0.06793873,0.82029396
pamap2,gnn_lstm,sequence,1,101,101,102,2421,2430,2430,3,3,4,4,walking,walking,True,3.9046055e-05,0.009865059,3.8835267e-05,0.7798365,0.09512113,0.0012173591,0.0010828541,0.006221407,0.018251931,0.00020450146,0.002541946,0.08557941,0.7798365
pamap2,gnn_lstm,sequence,1,101,101,102,2422,2431,2431,3,3,4,4,walking,walking,True,5.2643572e-05,0.011090894,5.0108873e-05,0.747935,0.10791539,0.0014361502,0.001252618,0.0069975117,0.019739933,0.00025069856,0.0031580077,0.1001211,0.747935
pamap2,gnn_lstm,sequence,1,101,101,102,2423,2432,2432,3,3,4,4,walking,walking,True,5.582562e-05,0.010950388,5.1325096e-05,0.7501599,0.10492816,0.0015177329,0.0012022434,0.0072367773,0.020030107,0.00027198685,0.0032345986,0.1003609,0.7501599
pamap2,gnn_lstm,sequence,1,101,101,102,2424,2433,2433,3,3,4,4,walking,walking,True,5.6696903e-05,0.010702038,4.9618626e-05,0.78142554,0.09043794,0.0014914549,0.0011179561,0.0072566224,0.018295385,0.00029173616,0.003084073,0.085790955,0.78142554
pamap2,gnn_lstm,sequence,1,101,101,102,2425,2434,2434,3,3,4,4,walking,walking,True,3.869878e-05,0.008831728,3.7652975e-05,0.85275185,0.058535405,0.0012862568,0.00080392364,0.006200187,0.01624022,0.00025232753,0.0021366363,0.05288513,0.85275185
pamap2,gnn_lstm,sequence,1,101,101,102,2426,2435,2435,3,3,4,4,walking,walking,True,1.7692853e-05,0.0053001856,1.853198e-05,0.93164635,0.023875182,0.00087438105,0.00037820602,0.0042561796,0.011316362,0.00018744667,0.00097099494,0.021158399,0.93164635
pamap2,gnn_lstm,sequence,1,101,101,102,2427,2436,2436,3,3,4,4,walking,walking,True,1.0414891e-05,0.0036175482,1.32327095e-05,0.9560383,0.012734795,0.00072134007,0.00022862515,0.0034120483,0.010659145,0.00016230128,0.0005793107,0.011822999,0.9560383
pamap2,gnn_lstm,sequence,1,101,101,102,2428,2437,2437,3,3,4,4,walking,walking,True,7.453475e-06,0.0029750012,9.752049e-06,0.9633275,0.010438682,0.0005643423,0.00018702018,0.0029634777,0.009355683,0.00013051681,0.00042977126,0.00961077,0.9633275
pamap2,gnn_lstm,sequence,1,101,101,102,2429,2438,2438,3,3,4,4,walking,walking,True,6.744614e-06,0.0029292519,9.399257e-06,0.96250045,0.010866058,0.00054115173,0.00019080368,0.0029007895,0.009742268,0.000117131975,0.0004168974,0.009779028,0.96250045
pamap2,gnn_lstm,sequence,1,101,101,102,2430,2439,2439,3,3,4,4,walking,walking,True,4.278135e-06,0.0022364138,6.2250765e-06,0.97356534,0.0075285877,0.00039644196,0.00014093309,0.0023042443,0.007483601,8.872532e-05,0.00026722727,0.0059780004,0.97356534
pamap2,gnn_lstm,sequence,1,101,101,102,2431,2440,2440,3,3,4,4,walking,walking,True,1.6942223e-06,0.001237386,2.6205291e-06,0.9861752,0.0035049992,0.00023978695,7.066451e-05,0.001473079,0.004845766,5.510279e-05,0.00011535516,0.002278429,0.9861752
pamap2,gnn_lstm,sequence,1,101,101,102,2432,2441,2441,3,3,4,4,walking,walking,True,1.4793377e-06,0.0011668184,2.168724e-06,0.9870477,0.0034786328,0.00021734946,6.790448e-05,0.001368819,0.0043795165,4.8488066e-05,0.00010521907,0.0021159376,0.9870477
pamap2,gnn_lstm,sequence,1,101,101,102,2433,2442,2442,3,3,4,4,walking,walking,True,1.0340542e-06,0.00095507427,1.4662394e-06,0.989121,0.003012309,0.00018109455,5.6709883e-05,0.0011699991,0.0037622205,3.7991784e-05,8.1348124e-05,0.0016196301,0.989121
pamap2,gnn_lstm,sequence,1,101,101,102,2434,2443,2443,3,3,4,4,walking,walking,True,5.445307e-07,0.00056425127,8.2732237e-07,0.9933827,0.0013495116,0.0001505433,2.9217568e-05,0.00088558724,0.0029489961,3.2746597e-05,4.3475055e-05,0.0006116636,0.9933827
pamap2,gnn_lstm,sequence,1,101,101,102,2435,2444,2444,3,3,4,4,walking,walking,True,6.246781e-07,0.00057674746,9.443437e-07,0.99307317,0.001269619,0.00017370001,2.7066844e-05,0.0009333948,0.0032290858,3.9564264e-05,4.647228e-05,0.00062973873,0.99307317
pamap2,gnn_lstm,sequence,1,101,101,102,2436,2445,2445,3,3,4,4,walking,walking,True,2.3498326e-06,0.0013492313,3.648294e-06,0.9828227,0.003795553,0.00037411778,7.187947e-05,0.001797561,0.006902479,7.93843e-05,0.00015241283,0.0026485154,0.9828227
pamap2,gnn_lstm,sequence,1,101,101,102,2437,2446,2446,3,3,4,4,walking,walking,True,8.151149e-06,0.0030540877,1.2542841e-05,0.95909244,0.010907054,0.00068926223,0.00019758259,0.0032994451,0.01233969,0.00014184715,0.00046060717,0.009797428,0.95909244
pamap2,gnn_lstm,sequence,1,101,101,102,2438,2447,2447,3,3,4,4,walking,walking,True,6.410665e-06,0.0027780863,1.0827147e-05,0.9631596,0.00996308,0.0005859844,0.00018439697,0.002962324,0.011494018,0.00011723881,0.00037455087,0.008363504,0.9631596
pamap2,gnn_lstm,sequence,1,101,101,102,2439,2448,2448,3,3,4,4,walking,walking,True,7.5202156e-06,0.003384685,1.2408582e-05,0.9571156,0.013439571,0.0005570613,0.00024310598,0.0031141075,0.01084082,0.00011161038,0.00042248846,0.01075103,0.9571156
pamap2,gnn_lstm,sequence,1,101,101,102,2440,2449,2449,3,3,4,4,walking,walking,True,9.509455e-06,0.004186164,1.5623395e-05,0.94565463,0.01897213,0.00061188627,0.0003350396,0.0034584915,0.011718183,0.00011427948,0.00051779335,0.014406308,0.94565463
pamap2,gnn_lstm,sequence,1,101,101,102,2441,2450,2450,3,3,4,4,walking,walking,True,8.629284e-06,0.0036152112,1.2773899e-05,0.95700246,0.014726728,0.00056245964,0.0002719868,0.0032501237,0.009534728,0.00011598473,0.0004441797,0.010454697,0.95700246
pamap2,gnn_lstm,sequence,1,101,101,102,2442,2451,2451,3,3,4,4,walking,walking,True,2.5616368e-06,0.0015646449,4.0361706e-06,0.9829967,0.004714129,0.00031102763,9.804706e-05,0.0018362475,0.0055679874,6.81844e-05,0.00014950676,0.002687006,0.9829967
pamap2,gnn_lstm,sequence,1,101,101,102,2443,2452,2452,3,3,4,4,walking,walking,True,4.015723e-07,0.0004328558,6.5510034e-07,0.9953496,0.0007106719,0.00012639174,1.9472325e-05,0.0007074565,0.002290093,3.2859567e-05,2.6945228e-05,0.00030274698,0.9953496
pamap2,gnn_lstm,sequence,1,101,101,102,2444,2453,2453,3,3,4,4,walking,walking,True,2.9113871e-06,0.0015870981,4.3522336e-06,0.983204,0.0039622835,0.00035900192,8.622984e-05,0.001844012,0.0059706294,8.667812e-05,0.00016205624,0.0027308136,0.983204
pamap2,gnn_lstm,sequence,1,101,101,102,2445,2454,2454,3,3,4,4,walking,walking,True,4.6707887e-06,0.002277376,6.877594e-06,0.97462195,0.006762817,0.0004347497,0.00013529851,0.0023226985,0.007646649,0.000100842146,0.000255131,0.0054309107,0.97462195
pamap2,gnn_lstm,sequence,1,101,101,102,2446,2455,2455,3,3,4,4,walking,walking,True,7.0902074e-06,0.0031832536,1.0310662e-05,0.9613644,0.011553174,0.00054634904,0.00021102275,0.0029004451,0.009825635,0.00011476292,0.0003994938,0.0098840315,0.9613644
pamap2,gnn_lstm,sequence,1,101,101,102,2447,2456,2456,3,3,4,4,walking,walking,True,7.1751115e-06,0.0030937241,1.0326338e-05,0.9638761,0.010689576,0.00054957694,0.00020112748,0.002910791,0.009383589,0.00011927596,0.0003795853,0.008779071,0.9638761
pamap2,gnn_lstm,sequence,1,101,101,102,2448,2457,2457,3,3,4,4,walking,walking,True,5.6572576e-06,0.0026099416,8.019808e-06,0.9702031,0.008660121,0.0004663601,0.00016129122,0.002611449,0.008059575,0.00010488475,0.00030157168,0.006808014,0.9702031
pamap2,gnn_lstm,sequence,1,101,101,102,2449,2458,2458,3,3,4,4,walking,walking,True,1.8781951e-06,0.0012650909,2.8213929e-06,0.98676026,0.0033922603,0.00024274703,7.181086e-05,0.0015366642,0.0045171487,5.934985e-05,0.00010887216,0.002041167,0.98676026
pamap2,gnn_lstm,sequence,1,101,101,102,2450,2459,2459,3,3,4,4,walking,walking,True,2.7696748e-07,0.00033835173,4.6186767e-07,0.9964078,0.00048210178,9.653334e-05,1.4254102e-05,0.0005745864,0.0018387124,2.7160739e-05,1.8564915e-05,0.00020118315,0.9964078
pamap2,gnn_lstm,sequence,1,101,101,102,2451,2460,2460,3,3,4,4,walking,walking,True,4.7256339e-07,0.0004782358,7.873807e-07,0.9948862,0.00079367624,0.00013388232,2.1169099e-05,0.0007589388,0.0024996924,3.5496498e-05,2.9718232e-05,0.00036175502,0.9948862
pamap2,gnn_lstm,sequence,1,101,101,102,2452,2461,2461,3,3,4,4,walking,walking,True,1.224343e-06,0.0008539857,1.9446654e-06,0.99116397,0.0016667374,0.00021482684,4.1287523e-05,0.0012184067,0.0037882486,5.8870526e-05,6.5689106e-05,0.00092485937,0.99116397
pamap2,gnn_lstm,sequence,1,101,101,102,2453,2462,2462,3,3,4,4,walking,walking,True,1.9390066e-06,0.0010803206,3.077514e-06,0.98846346,0.002212455,0.0002777512,5.536254e-05,0.0015427164,0.0048353854,7.677228e-05,9.288269e-05,0.0013579582,0.98846346
pamap2,gnn_lstm,sequence,1,101,101,102,2454,2463,2463,3,3,4,4,walking,walking,True,2.8908003e-06,0.0014303861,4.5755787e-06,0.9850745,0.003102086,0.00031848456,7.6740354e-05,0.0018884555,0.0057312544,9.023496e-05,0.00013180521,0.0021485225,0.9850745
pamap2,gnn_lstm,sequence,1,101,101,102,2455,2464,2464,3,3,4,4,walking,walking,True,1.0915343e-06,0.0007872415,1.8756274e-06,0.99189055,0.0014036451,0.00018563394,3.8710597e-05,0.0011439439,0.0036284493,5.463783e-05,5.604764e-05,0.0008080776,0.99189055
pamap2,gnn_lstm,sequence,1,101,101,102,2456,2465,2465,3,3,4,4,walking,walking,True,4.066357e-07,0.00040269192,6.881031e-07,0.99600464,0.00051730144,0.00010563848,1.758096e-05,0.0006679927,0.0019772914,3.5973197e-05,2.2947002e-05,0.00024680165,0.99600464
pamap2,gnn_lstm,sequence,1,101,101,102,2457,2466,2466,3,3,4,4,walking,walking,True,4.5933606e-07,0.0004496897,8.2100155e-07,0.99536276,0.0006368827,0.00011930963,2.0764448e-05,0.00073056115,0.0023116528,3.688758e-05,2.6836771e-05,0.0003033741,0.99536276
pamap2,gnn_lstm,sequence,1,101,101,102,2458,2467,2467,3,3,4,4,walking,walking,True,1.4900863e-07,0.00020907851,2.742249e-07,0.99769056,0.00020881332,6.595036e-05,8.473682e-06,0.0004011512,0.0013036911,2.2115728e-05,9.4666175e-06,8.033474e-05,0.99769056
pamap2,gnn_lstm,sequence,1,101,101,102,2459,2468,2468,3,3,4,4,walking,walking,True,5.4360065e-08,0.00010738743,1.1489285e-07,0.9986412,7.132679e-05,4.1970787e-05,4.1646845e-06,0.00022910912,0.00086360425,1.5031627e-05,3.770036e-06,2.2118717e-05,0.9986412
pamap2,gnn_lstm,sequence,1,101,101,102,2460,2469,2469,3,3,4,4,walking,walking,True,1.5470201e-07,0.0002331394,2.889029e-07,0.9974203,0.0002739409,7.016683e-05,1.0183499e-05,0.00042769936,0.0014340556,2.048482e-05,1.0611697e-05,9.901803e-05,0.9974203
pamap2,gnn_lstm,sequence,1,101,101,102,2461,2470,2470,3,3,4,4,walking,walking,True,5.730577e-07,0.00060344225,9.394135e-07,0.99335575,0.0014155331,0.0001428943,3.2395397e-05,0.0008924233,0.0028675783,3.134317e-05,3.9586277e-05,0.0006176765,0.99335575
pamap2,gnn_lstm,sequence,1,101,101,102,2462,2471,2471,3,3,4,4,walking,walking,True,1.6307729e-06,0.0011866768,2.5238353e-06,0.9861799,0.0036360044,0.00026835923,6.8249465e-05,0.0015027834,0.0050132256,5.3316366e-05,0.00010895713,0.0019784276,0.9861799
pamap2,gnn_lstm,sequence,1,101,101,102,2463,2472,2472,3,3,4,4,walking,walking,True,3.2676533e-06,0.0017899553,5.1495967e-06,0.97678727,0.0059923497,0.00044733565,0.00010488585,0.0021573363,0.008204651,8.348897e-05,0.00022378143,0.0042004804,0.97678727
pamap2,gnn_lstm,sequence,1,101,101,102,2464,2473,2473,3,3,4,4,walking,walking,True,2.5496618e-06,0.0014009553,4.244027e-06,0.98016745,0.0042738277,0.0004394452,8.044311e-05,0.001967125,0.008405993,8.264406e-05,0.00018113962,0.0029942475,0.98016745
pamap2,gnn_lstm,sequence,1,101,101,102,2465,2474,2474,3,3,4,4,walking,walking,True,2.385715e-06,0.0012621639,4.147078e-06,0.9801206,0.0038836175,0.00045308255,7.513153e-05,0.001946417,0.009208606,8.317603e-05,0.00017101888,0.0027896364,0.9801206
pamap2,gnn_lstm,sequence,1,101,101,102,2466,2475,2475,3,3,4,4,walking,walking,True,2.6328414e-06,0.0012698086,4.7369317e-06,0.97849417,0.0040895315,0.0004792436,8.02437e-05,0.0020975843,0.010228662,8.775591e-05,0.00017884473,0.0029867452,0.97849417
pamap2,gnn_lstm,sequence,1,101,101,102,2467,2476,2476,3,3,4,4,walking,walking,True,3.952215e-06,0.0017107707,7.302581e-06,0.97108567,0.006293124,0.00053225894,0.00011775241,0.0026193932,0.012251796,9.7323835e-05,0.00025429454,0.005026451,0.97108567
pamap2,gnn_lstm,sequence,1,101,101,102,2468,2477,2477,3,3,4,4,walking,walking,True,3.1142367e-06,0.0015687692,6.27047e-06,0.9736076,0.0059656617,0.0004493997,0.00011165265,0.002388982,0.0113221975,7.820373e-05,0.00019985247,0.004298452,0.9736076
pamap2,gnn_lstm,sequence,1,101,101,102,2469,2478,2478,3,3,4,4,walking,walking,True,2.8952927e-06,0.0016217139,5.8643127e-06,0.97416115,0.006399421,0.00040248944,0.000113744645,0.0023106646,0.010350111,6.92286e-05,0.00018932228,0.004373413,0.97416115
pamap2,gnn_lstm,sequence,1,101,101,102,2470,2479,2479,3,3,4,4,walking,walking,True,1.3177489e-06,0.0010615392,2.749921e-06,0.98359126,0.003957272,0.00026517533,6.9173e-05,0.0015598824,0.0071636406,4.2709707e-05,9.3189476e-05,0.0021920863,0.98359126
pamap2,gnn_lstm,sequence,1,101,101,102,2471,2480,2480,3,3,4,4,walking,walking,True,4.4995184e-07,0.00050420244,8.577476e-07,0.9928455,0.0013643965,0.00014820593,2.6878643e-05,0.00089052506,0.003587981,2.6950076e-05,3.4837394e-05,0.0005692811,0.9928455
pamap2,gnn_lstm,sequence,1,101,101,102,2472,2481,2481,3,3,4,4,walking,walking,True,1.1197743e-06,0.0008865061,2.071397e-06,0.98704755,0.0028759558,0.0002654461,5.24636e-05,0.001415693,0.005871825,4.5254757e-05,8.326307e-05,0.0014528201,0.98704755
pamap2,gnn_lstm,sequence,1,101,101,102,2473,2482,2482,3,3,4,4,walking,walking,True,2.217286e-06,0.0015058549,3.870716e-06,0.97894216,0.006122206,0.00033312844,9.969351e-05,0.0019185381,0.0073905345,5.4263142e-05,0.00015152032,0.0034760716,0.97894216
pamap2,gnn_lstm,sequence,1,101,101,102,2474,2483,2483,3,3,4,4,walking,walking,True,9.01773e-06,0.0040047644,1.4846952e-05,0.9391908,0.022173924,0.000688844,0.00033072598,0.003683215,0.013743653,0.00010225491,0.0005745868,0.015483352,0.9391908
pamap2,gnn_lstm,sequence,1,101,101,102,2475,2484,2484,3,3,4,4,walking,walking,True,1.75499e-05,0.005945438,2.6531876e-05,0.90914214,0.03506155,0.00096299895,0.00053084607,0.004869274,0.016545484,0.00014868699,0.0010215186,0.025727924,0.90914214
pamap2,gnn_lstm,sequence,1,101,101,102,2476,2485,2485,3,3,4,4,walking,walking,True,2.5514315e-05,0.0071811806,3.6728703e-05,0.8848331,0.045074828,0.0011700734,0.00066794205,0.0058074608,0.018935598,0.0001862937,0.001447727,0.034633543,0.8848331
pamap2,gnn_lstm,sequence,1,101,101,102,2477,2486,2486,3,3,4,4,walking,walking,True,2.1964172e-05,0.006047139,3.108094e-05,0.908175,0.033883356,0.0011609787,0.0005251932,0.005533651,0.01771289,0.00018853099,0.0012189687,0.025501361,0.908175
pamap2,gnn_lstm,sequence,1,101,101,102,2478,2487,2487,3,3,4,4,walking,walking,True,1.9473027e-05,0.0053260955,2.778892e-05,0.9212521,0.027366191,0.0011122609,0.0004422416,0.005302711,0.016979516,0.0001876007,0.0010661022,0.020917911,0.9212521
pamap2,gnn_lstm,sequence,1,101,101,102,2479,2488,2488,3,3,4,4,walking,walking,True,1.1711983e-05,0.0038009956,1.8282199e-05,0.94530165,0.017563963,0.0008684562,0.00029915798,0.0042610257,0.014471275,0.0001487774,0.00066951104,0.012585236,0.94530165
pamap2,gnn_lstm,sequence,1,101,101,102,2480,2489,2489,3,3,4,4,walking,walking,True,9.600971e-06,0.0034659796,1.5302663e-05,0.951199,0.015824663,0.00073725474,0.00026921928,0.0038515145,0.012966134,0.00012815635,0.0005593322,0.010973959,0.951199
pamap2,gnn_lstm,sequence,1,101,101,102,2481,2490,2490,3,3,4,4,walking,walking,True,1.801119e-05,0.0051099616,2.9000179e-05,0.92276376,0.026220923,0.0010316004,0.00044745277,0.0052797897,0.017825343,0.0001746065,0.00096285576,0.02013678,0.92276376
pamap2,gnn_lstm,sequence,1,101,101,102,2482,2491,2491,3,3,4,4,walking,walking,True,2.549056e-05,0.0061051715,3.669447e-05,0.90601355,0.033128414,0.0011769457,0.0005470973,0.006217614,0.018788936,0.00020838676,0.0012528857,0.026498921,0.90601355
pamap2,gnn_lstm,sequence,1,101,101,102,2483,2492,2492,3,3,4,4,walking,walking,True,1.4746509e-05,0.004310049,2.4522695e-05,0.93563545,0.020121971,0.00094647607,0.00035974302,0.004891913,0.016936611,0.00016655549,0.00075304735,0.015838912,0.93563545
pamap2,gnn_lstm,sequence,1,101,101,102,2484,2493,2493,3,3,4,4,walking,walking,True,6.1829874e-06,0.0025198446,1.0698486e-05,0.9655555,0.00957692,0.0005841644,0.00018081354,0.0031387408,0.011213331,0.000108916625,0.00033525113,0.006769708,0.9655555
pamap2,gnn_lstm,sequence,1,101,101,102,2485,2494,2494,3,3,4,4,walking,walking,True,3.785958e-06,0.0018453093,6.8740187e-06,0.9746821,0.006144124,0.00047374718,0.000121644836,0.0024542336,0.009727092,8.8166096e-05,0.00021613088,0.00423678,0.9746821
pamap2,gnn_lstm,sequence,1,101,101,102,2486,2495,2495,3,3,4,4,walking,walking,True,1.4088331e-06,0.0009818007,2.4745325e-06,0.98689914,0.0027371605,0.0002735938,5.452633e-05,0.0014821723,0.0058230683,5.4267617e-05,9.0093636e-05,0.0016003897,0.98689914
pamap2,gnn_lstm,sequence,1,101,101,102,2487,2496,2496,3,3,4,4,walking,walking,True,2.3798932e-06,0.0013543604,4.383551e-06,0.97967577,0.0040985467,0.00042154916,8.130414e-05,0.0019196353,0.009247486,7.589951e-05,0.0001515717,0.0029672452,0.97967577
pamap2,gnn_lstm,sequence,1,101,101,102,2488,2497,2497,3,3,4,4,walking,walking,True,2.3390191e-06,0.001265926,4.3513737e-06,0.9801425,0.0035677603,0.00043788654,7.4381765e-05,0.0018585002,0.009683183,8.130828e-05,0.00014351348,0.0027384397,0.9801425
pamap2,gnn_lstm,sequence,1,101,101,102,2489,2498,2498,3,3,4,4,walking,walking,True,1.9554388e-06,0.0010627445,3.6227648e-06,0.98236233,0.0028365827,0.00040394402,6.07792e-05,0.0017053819,0.009173151,7.815547e-05,0.000120355224,0.0021909622,0.98236233
pamap2,gnn_lstm,sequence,1,101,101,102,2490,2499,2499,3,3,4,4,walking,walking,True,6.533803e-07,0.0004915829,1.2292344e-06,0.9912149,0.0010575161,0.00022770876,2.5842344e-05,0.0010126361,0.005264478,4.7137713e-05,4.3566914e-05,0.0006127696,0.9912149
pamap2,gnn_lstm,sequence,1,101,101,102,2491,2500,2500,3,3,4,4,walking,walking,True,2.3792107e-07,0.00026611445,4.6678025e-07,0.9950936,0.00048711436,0.00012548736,1.2772301e-05,0.00061856594,0.0031298574,2.6785336e-05,1.7995555e-05,0.00022111289,0.9950936
pamap2,gnn_lstm,sequence,1,101,101,102,2492,2501,2501,3,3,4,4,walking,walking,True,1.3888928e-07,0.00019829592,2.8823766e-07,0.99637514,0.00033709858,9.0190966e-05,9.308087e-06,0.00047803338,0.0023549586,1.8908046e-05,1.1187465e-05,0.00012636292,0.99637514
pamap2,gnn_lstm,sequence,1,101,101,102,2493,2502,2502,3,3,4,4,walking,walking,True,1.8848947e-07,0.00023504866,3.7341565e-07,0.9959842,0.00042505452,0.000103901126,1.1394248e-05,0.00056028145,0.0024853887,2.2069189e-05,1.4452582e-05,0.0001576419,0.9959842
pamap2,gnn_lstm,sequence,1,101,101,102,2494,2503,2503,3,3,4,4,walking,walking,True,2.2079234e-07,0.00024175811,4.3920187e-07,0.9954926,0.00044819192,0.0001267878,1.2349568e-05,0.00061620225,0.0028582416,2.558002e-05,1.5914258e-05,0.00016169924,0.9954926
pamap2,gnn_lstm,sequence,1,101,101,102,2495,2504,2504,3,3,4,4,walking,walking,True,3.844064e-07,0.0003826371,7.56953e-07,0.9933768,0.0009329179,0.00015575752,2.0613032e-05,0.000838222,0.0038406479,2.8882234e-05,2.7401902e-05,0.00039498968,0.9933768
pamap2,gnn_lstm,sequence,1,101,101,102,2496,2505,2505,3,3,4,4,walking,walking,True,2.2476736e-07,0.0002995744,4.7443507e-07,0.99465746,0.0007157737,0.0001189633,1.5520822e-05,0.0006508259,0.003236394,1.996356e-05,1.7704859e-05,0.0002671737,0.99465746
pamap2,gnn_lstm,sequence,1,101,101,102,2497,2506,2506,3,3,4,4,walking,walking,True,5.911736e-07,0.0006001479,1.0715158e-06,0.99110097,0.0019047745,0.00017005217,3.3441087e-05,0.0010521542,0.004192713,2.9261702e-05,4.6645782e-05,0.00086812704,0.99110097
pamap2,gnn_lstm,sequence,1,101,101,102,2498,2507,2507,3,3,4,4,walking,walking,True,1.3343416e-06,0.0010677824,2.35379e-06,0.9834345,0.0042963745,0.00028278743,6.657735e-05,0.0015716932,0.0067585562,4.2949057e-05,0.000107567124,0.0023675286,0.9834345
pamap2,gnn_lstm,sequence,1,101,101,102,2499,2508,2508,3,3,4,4,walking,walking,True,3.3390756e-06,0.0019662885,5.2722253e-06,0.969162,0.009618629,0.00044932,0.00013407676,0.0023819017,0.009688297,6.596578e-05,0.00025463666,0.0062702144,0.969162
pamap2,gnn_lstm,sequence,1,101,101,102,2500,2509,2509,3,3,4,4,walking,walking,True,9.540419e-06,0.0041926582,1.3400634e-05,0.9259834,0.027524188,0.00075048086,0.0003308398,0.0037869052,0.014939094,0.00010214182,0.00073555374,0.021631764,0.9259834
pamap2,gnn_lstm,sequence,1,101,101,102,2501,2510,2510,3,3,4,4,walking,walking,True,9.321523e-06,0.0042924243,1.1740021e-05,0.9208705,0.0330095,0.0006700178,0.00037812762,0.0037246696,0.013038593,9.06457e-05,0.00072952063,0.023174858,0.9208705
pamap2,gnn_lstm,sequence,1,101,101,102,2502,2511,2511,3,3,4,4,walking,walking,True,8.9961795e-06,0.004096528,1.0499229e-05,0.9250401,0.032728624,0.00066174386,0.00036811255,0.0036883575,0.011884406,8.8301276e-05,0.000693128,0.020731201,0.9250401
pamap2,gnn_lstm,sequence,1,101,101,102,2503,2512,2512,3,3,4,4,walking,walking,True,2.3956618e-05,0.0071003223,2.8119217e-05,0.8582592,0.062807694,0.0010678071,0.0007320319,0.0056878766,0.017290115,0.00015625477,0.0015762822,0.045270424,0.8582592
pamap2,gnn_lstm,sequence,1,101,101,102,2504,2513,2513,3,3,4,4,walking,walking,True,4.8773072e-05,0.00994227,5.2620515e-05,0.7929981,0.09224685,0.0014364976,0.0011230148,0.00765555,0.020320356,0.00023658566,0.00267155,0.07126784,0.7929981
pamap2,gnn_lstm,sequence,1,101,101,102,2505,2514,2514,3,3,4,4,walking,walking,True,3.9638766e-05,0.008787162,4.5246015e-05,0.83167094,0.07225909,0.0013753017,0.0009180086,0.0070777386,0.01975319,0.0002244306,0.0022108138,0.055638526,0.83167094
pamap2,gnn_lstm,sequence,1,101,101,102,2506,2515,2515,3,3,4,4,walking,walking,True,4.022101e-05,0.009171453,4.5915793e-05,0.81551594,0.081898265,0.0012435861,0.0010310203,0.007058078,0.018910464,0.00020783242,0.0021921154,0.062685065,0.81551594
pamap2,gnn_lstm,sequence,1,101,101,102,2507,2516,2516,3,3,4,4,walking,walking,True,5.294953e-05,0.011009194,6.190174e-05,0.7517247,0.11288645,0.0013624671,0.0014058463,0.0077746464,0.021211151,0.00022575591,0.002760105,0.08952492,0.7517247
pamap2,gnn_lstm,sequence,1,101,101,102,2508,2517,2517,3,3,4,4,walking,walking,True,6.941977e-05,0.011998942,7.177958e-05,0.74727917,0.1121808,0.0015693038,0.0015032166,0.008503673,0.0209425,0.00028548198,0.0032197076,0.092376076,0.74727917
pamap2,gnn_lstm,sequence,1,101,101,102,2509,2518,2518,3,3,4,4,walking,walking,True,6.212041e-05,0.010917809,6.6905166e-05,0.79027313,0.085591055,0.0017283799,0.0012015478,0.0082927635,0.022592457,0.00031084978,0.00295521,0.076007776,0.79027313
pamap2,gnn_lstm,sequence,1,101,101,102,2510,2519,2519,3,3,4,4,walking,walking,True,3.887421e-05,0.008450726,4.190432e-05,0.85548353,0.056414995,0.0013770036,0.00079615327,0.0067245048,0.018597981,0.0002511992,0.0019572438,0.04986597,0.85548353
pamap2,gnn_lstm,sequence,1,101,101,102,2511,2520,2520,3,3,4,4,walking,walking,True,1.997588e-05,0.005910321,2.1572623e-05,0.908186,0.03447576,0.00097421114,0.000470508,0.0048806234,0.014059977,0.00017520388,0.001163384,0.029662443,0.908186
pamap2,gnn_lstm,sequence,1,101,101,102,2512,2521,2521,3,3,4,4,walking,walking,True,1.6294753e-05,0.0050118645,1.7505809e-05,0.9285503,0.02564526,0.00087458664,0.00037162946,0.0044106827,0.012290276,0.00016820159,0.0009501143,0.021693226,0.9285503
pamap2,gnn_lstm,sequence,1,101,101,102,2513,2522,2522,3,3,4,4,walking,walking,True,1.2185268e-05,0.0039129015,1.5008419e-05,0.9473265,0.016664369,0.0008240894,0.0002673432,0.0039881896,0.0121274665,0.00016385714,0.00072238303,0.013975698,0.9473265
pamap2,gnn_lstm,sequence,1,101,101,102,2514,2523,2523,3,3,4,4,walking,walking,True,9.608408e-06,0.0029468343,1.342321e-05,0.95871055,0.010909643,0.00077875773,0.0001958526,0.0038073652,0.012538034,0.0001659251,0.0005338022,0.009390271,0.95871055
pamap2,gnn_lstm,sequence,1,101,101,102,2515,2524,2524,3,3,4,4,walking,walking,True,7.303106e-06,0.0022623753,1.0513243e-05,0.9670087,0.007600612,0.0006589723,0.00014562496,0.0033867557,0.011741421,0.00015135671,0.00037722313,0.0066492534,0.9670087
pamap2,gnn_lstm,sequence,1,101,101,102,2516,2525,2525,3,3,4,4,walking,walking,True,2.3225696e-06,0.0010469346,3.7697014e-06,0.98379356,0.0028167963,0.00037630598,6.23506e-05,0.0019317989,0.0077232127,8.717714e-05,0.00012834927,0.0020273973,0.98379356
pamap2,gnn_lstm,sequence,1,101,101,102,2517,2526,2526,3,3,4,4,walking,walking,True,3.070663e-07,0.00031278853,5.623445e-07,0.9950098,0.0005720034,0.00012236704,1.4902864e-05,0.00068574754,0.002952434,2.9584427e-05,2.1446847e-05,0.00027815983,0.9950098
pamap2,gnn_lstm,sequence,1,101,101,102,2518,2527,2527,3,3,4,4,walking,walking,True,3.1765813e-07,0.0003562658,6.4230727e-07,0.99398106,0.00076108944,0.00013207826,1.8100047e-05,0.00072531635,0.0035985655,2.7050644e-05,2.3819395e-05,0.00037562405,0.99398106
pamap2,gnn_lstm,sequence,1,101,101,102,2519,2528,2528,3,3,4,4,walking,walking,True,7.420295e-07,0.0006871575,1.4179254e-06,0.9896913,0.0018627787,0.00019374941,3.6630696e-05,0.001099712,0.005195965,3.74498e-05,5.5193254e-05,0.0011379664,0.9896913
pamap2,gnn_lstm,sequence,1,101,101,102,2520,2529,2529,3,3,4,4,walking,walking,True,3.9058054e-07,0.00047602653,7.3969176e-07,0.99252725,0.0012163284,0.00014846916,2.2929604e-05,0.0008055103,0.004081956,2.638552e-05,3.3846027e-05,0.0006601638,0.99252725
pamap2,gnn_lstm,sequence,1,101,101,102,2521,2530,2530,3,3,4,4,walking,walking,True,8.198334e-08,0.00016635514,1.4886464e-07,0.99743205,0.0002675602,5.8890535e-05,6.8263257e-06,0.00035609145,0.0015908553,1.2463256e-05,7.9132105e-06,0.00010071837,0.99743205
pamap2,gnn_lstm,sequence,1,101,101,102,2522,2531,2531,3,3,4,4,walking,walking,True,2.3125652e-07,0.00036958815,3.5756622e-07,0.9946919,0.0010455439,0.00010389326,1.800377e-05,0.00061177916,0.0026595218,1.7199825e-05,2.2972032e-05,0.00045897163,0.9946919
pamap2,gnn_lstm,sequence,1,101,101,102,2523,2532,2532,3,3,4,4,walking,walking,True,2.128072e-06,0.0016620129,2.535167e-06,0.97490203,0.009262491,0.00031476494,0.00011663866,0.0017658052,0.006406347,4.5710298e-05,0.0001811486,0.00533833,0.97490203
pamap2,gnn_lstm,sequence,1,101,101,102,2524,2533,2533,3,3,4,4,walking,walking,True,1.2710268e-05,0.0049334387,1.4091032e-05,0.915747,0.03380546,0.0008447459,0.00039775955,0.0040297424,0.013300857,0.00012542681,0.0009065168,0.025882246,0.915747
pamap2,gnn_lstm,sequence,1,101,101,102,2525,2534,2534,3,3,4,4,walking,walking,True,2.2868231e-05,0.006520831,2.6919008e-05,0.88486373,0.044576738,0.0012180362,0.0005387371,0.0053820615,0.017893165,0.00018892379,0.0014732981,0.037294656,0.88486373
pamap2,gnn_lstm,sequence,1,101,101,102,2526,2535,2535,3,3,4,4,walking,walking,True,4.0014944e-05,0.008697454,4.6128785e-05,0.8251958,0.07223098,0.0014615733,0.000850001,0.007153266,0.021196328,0.00023760028,0.0023133412,0.060577586,0.8251958
pamap2,gnn_lstm,sequence,1,101,101,102,2527,2536,2536,3,3,4,4,walking,walking,True,3.8587554e-05,0.008707631,4.7471058e-05,0.82137877,0.07592216,0.0013971103,0.0009033266,0.007144058,0.021395188,0.00022073706,0.0022196025,0.060625434,0.82137877
pamap2,gnn_lstm,sequence,1,101,101,102,2528,2537,2537,3,3,4,4,walking,walking,True,4.299824e-05,0.00904975,4.992576e-05,0.8262842,0.07533389,0.001387729,0.00096879737,0.00740912,0.019686539,0.00023447993,0.002263533,0.057288922,0.8262842
pamap2,gnn_lstm,sequence,1,101,101,102,2529,2538,2538,3,3,4,4,walking,walking,True,4.0475137e-05,0.008876703,5.3122894e-05,0.83796805,0.06664048,0.0014805626,0.00092084706,0.007295599,0.022065219,0.00023827747,0.002181817,0.05223885,0.83796805
pamap2,gnn_lstm,sequence,1,101,101,102,2530,2539,2539,3,3,4,4,walking,walking,True,3.3853532e-05,0.0074718567,4.465812e-05,0.88076264,0.044359248,0.0014083892,0.0007043339,0.0068006464,0.020359075,0.00024384262,0.0017402415,0.036071233,0.88076264
pamap2,gnn_lstm,sequence,1,101,101,102,2531,2540,2540,3,3,4,4,walking,walking,True,1.6627286e-05,0.004519694,2.6128497e-05,0.9312305,0.020207016,0.0011325488,0.00037053638,0.0050924034,0.018752633,0.0001968118,0.00093352504,0.017521534,0.9312305
pamap2,gnn_lstm,sequence,1,101,101,102,2532,2541,2541,3,3,4,4,walking,walking,True,5.017377e-06,0.0019851162,8.516974e-06,0.9706152,0.006572,0.0006017851,0.00013324377,0.00282911,0.011617203,0.00011655226,0.00029956872,0.005216605,0.9706152
pamap2,gnn_lstm,sequence,1,101,101,102,2533,2542,2542,3,3,4,4,walking,walking,True,2.2812167e-06,0.0010880762,3.9984857e-06,0.9820033,0.0029571026,0.00043903472,6.715149e-05,0.0019116214,0.009097987,8.869053e-05,0.00014454334,0.0021961075,0.9820033
pamap2,gnn_lstm,sequence,1,101,101,102,2534,2543,2543,3,3,4,4,walking,walking,True,1.816265e-06,0.00082795264,3.1433256e-06,0.98500234,0.0019799909,0.0003989647,4.9970353e-05,0.0016988381,0.008374832,8.810753e-05,0.00010629834,0.0014677716,0.98500234
pamap2,gnn_lstm,sequence,1,101,101,102,2535,2544,2544,3,3,4,4,walking,walking,True,1.2892879e-06,0.0006421987,2.2747465e-06,0.98708355,0.0015256242,0.00033054972,3.832881e-05,0.001483747,0.0076423236,7.3532414e-05,7.870015e-05,0.0010978539,0.98708355
pamap2,gnn_lstm,sequence,1,101,101,102,2536,2545,2545,3,3,4,4,walking,walking,True,3.4971384e-07,0.00027886927,6.7445956e-07,0.9938775,0.0005139253,0.00016211973,1.5380787e-05,0.0007870695,0.004038513,3.783805e-05,2.4244959e-05,0.00026356752,0.9938775
pamap2,gnn_lstm,sequence,1,101,101,102,2537,2546,2546,3,3,4,4,walking,walking,True,3.5669128e-08,5.6417706e-05,7.865553e-08,0.99845314,4.3263393e-05,4.7153466e-05,2.6254327e-06,0.00022486156,0.0011426831,1.4919637e-05,2.6357438e-06,1.2190182e-05,0.99845314
pamap2,gnn_lstm,sequence,1,101,101,102,2538,2547,2547,3,3,4,4,walking,walking,True,4.581544e-09,1.2329649e-05,1.1110841e-08,0.9995035,3.9301713e-06,1.6363316e-05,5.1906244e-07,7.658097e-05,0.0003777439,7.939936e-06,3.704156e-07,7.105752e-07,0.9995035
pamap2,gnn_lstm,sequence,1,101,101,102,2539,2548,2548,3,3,4,4,walking,walking,True,2.0523974e-09,6.9554485e-06,4.9539564e-09,0.9996891,1.7212595e-06,1.0083789e-05,2.7637975e-07,5.2964828e-05,0.00023261692,5.9045333e-06,1.8504294e-07,2.7458378e-07,0.9996891
pamap2,gnn_lstm,sequence,1,101,101,102,2540,2549,2549,3,3,4,4,walking,walking,True,3.9262456e-09,1.28707115e-05,9.970278e-09,0.9995528,3.9192296e-06,1.3941225e-05,4.9465353e-07,6.709687e-05,0.00034137312,6.482147e-06,3.3337344e-07,7.169005e-07,0.9995528
pamap2,gnn_lstm,sequence,1,101,101,102,2541,2550,2550,3,3,4,4,walking,walking,True,1.0479577e-08,2.6775255e-05,2.486433e-08,0.99927443,1.1779264e-05,2.2978465e-05,1.0482686e-06,0.00010817908,0.000542404,8.931688e-06,8.204032e-07,2.5853558e-06,0.99927443
pamap2,gnn_lstm,sequence,1,101,101,102,2542,2551,2551,3,3,4,4,walking,walking,True,1.616306e-08,3.50788e-05,3.6107632e-08,0.9990687,1.8757804e-05,3.0218365e-05,1.4037608e-06,0.00013871805,0.0006908016,1.0675996e-05,1.221944e-06,4.414015e-06,0.9990687
pamap2,gnn_lstm,sequence,1,101,101,102,2543,2552,2552,3,3,4,4,walking,walking,True,5.5045476e-08,9.010462e-05,1.1150712e-07,0.99815613,9.088505e-05,5.329229e-05,3.837831e-06,0.00028051544,0.0012773686,1.4909993e-05,4.274874e-06,2.8567394e-05,0.99815613
pamap2,gnn_lstm,sequence,1,101,101,102,2544,2553,2553,3,3,4,4,walking,walking,True,2.421537e-07,0.00028424576,4.9885944e-07,0.9949992,0.0005373269,0.000119036056,1.4440106e-05,0.0006367049,0.003122806,2.526046e-05,1.9207928e-05,0.00024107573,0.9949992
pamap2,gnn_lstm,sequence,1,101,101,102,2545,2554,2554,3,3,4,4,walking,walking,True,1.08490454e-07,0.00016451687,2.1667664e-07,0.99722135,0.00022283218,7.477009e-05,7.1960676e-06,0.0004000508,0.0018001591,1.7997576e-05,8.905113e-06,8.186412e-05,0.99722135
pamap2,gnn_lstm,sequence,1,101,101,102,2546,2555,2555,3,3,4,4,walking,walking,True,1.0878607e-07,0.00016431433,2.1508339e-07,0.99727577,0.00021109084,7.799554e-05,7.064675e-06,0.00038935672,0.0017696262,1.9007364e-05,8.9660525e-06,7.6585144e-05,0.99727577
pamap2,gnn_lstm,sequence,1,101,101,102,2547,2556,2556,3,3,4,4,walking,walking,True,5.5147143e-07,0.0005249719,1.0520768e-06,0.9922456,0.0011559488,0.00018831018,2.6786707e-05,0.000912603,0.0042576594,3.833679e-05,4.341974e-05,0.00060475786,0.9922456
pamap2,gnn_lstm,sequence,1,101,101,102,2548,2557,2557,3,3,4,4,walking,walking,True,1.6892551e-06,0.0011250881,3.247556e-06,0.982711,0.0032252702,0.00037257298,6.470321e-05,0.0015981144,0.008430193,6.609045e-05,0.00012585569,0.0022761503,0.982711
pamap2,gnn_lstm,sequence,1,101,101,102,2549,2558,2558,3,3,4,4,walking,walking,True,4.840234e-07,0.0004887152,9.3312013e-07,0.9919619,0.0010779911,0.00020302727,2.377958e-05,0.0008468653,0.00472583,3.7541588e-05,4.0309867e-05,0.00059264526,0.9919619
pamap2,gnn_lstm,sequence,1,101,101,102,2550,2559,2559,3,3,4,4,walking,walking,True,1.677873e-07,0.0002296702,3.2795907e-07,0.9957528,0.0003569267,0.00012490131,9.691652e-06,0.00047776784,0.0028518457,2.4968642e-05,1.4554457e-05,0.00015649069,0.9957528
pamap2,gnn_lstm,sequence,1,101,101,102,2551,2560,2560,3,3,4,4,walking,walking,True,9.337452e-07,0.0007697274,1.806706e-06,0.9864978,0.0020803194,0.00031128223,3.941419e-05,0.0011815532,0.0075590205,5.221497e-05,7.765879e-05,0.0014283814,0.9864978
pamap2,gnn_lstm,sequence,1,101,101,102,2552,2561,2561,3,3,4,4,walking,walking,True,3.8303997e-06,0.0019061677,6.957555e-06,0.96831715,0.0062095053,0.00062541105,0.00010959021,0.0022976068,0.013942243,0.00010724162,0.00028164737,0.0061926916,0.96831715
pamap2,gnn_lstm,sequence,1,101,101,102,2553,2562,2562,3,3,4,4,walking,walking,True,2.2387935e-06,0.0012299247,3.9321326e-06,0.98139507,0.0034760456,0.000410768,6.9541435e-05,0.0018224496,0.008689339,8.3836836e-05,0.00015713666,0.0026595108,0.98139507
pamap2,gnn_lstm,sequence,1,101,101,102,2554,2563,2563,3,3,4,4,walking,walking,True,1.1025114e-06,0.0007026846,1.9021608e-06,0.98858297,0.001751275,0.00030143934,3.8491104e-05,0.0013424355,0.0060753883,6.3243235e-05,8.316671e-05,0.0010559711,0.98858297
pamap2,gnn_lstm,sequence,1,101,101,102,2555,2564,2564,3,3,4,4,walking,walking,True,1.2632701e-06,0.00066099403,2.1561207e-06,0.9879512,0.0016352001,0.00034965802,3.8549984e-05,0.0014773795,0.0067457445,7.436559e-05,8.591617e-05,0.000977555,0.9879512
pamap2,gnn_lstm,sequence,1,101,101,102,2556,2565,2565,3,3,4,4,walking,walking,True,1.4766115e-06,0.0006511951,2.5091742e-06,0.9873224,0.0015960697,0.0003751794,4.019031e-05,0.0016162848,0.0072524403,8.42182e-05,8.664349e-05,0.00097143423,0.9873224
pamap2,gnn_lstm,sequence,1,101,101,102,2557,2566,2566,3,3,4,4,walking,walking,True,8.555575e-07,0.00042683768,1.5623857e-06,0.9907017,0.0009071227,0.0002837854,2.6321171e-05,0.00123922,0.0058253123,6.636739e-05,4.6584762e-05,0.00047425253,0.9907017
pamap2,gnn_lstm,sequence,1,101,101,102,2558,2567,2567,3,3,4,4,walking,walking,True,4.639015e-07,0.00030653793,8.642053e-07,0.99389124,0.00054799573,0.00017837451,1.7092503e-05,0.00087935093,0.0038510137,4.5479053e-05,2.5838288e-05,0.00025569784,0.99389124
pamap2,gnn_lstm,sequence,1,101,101,102,2559,2568,2568,3,3,4,4,walking,walking,True,4.732572e-07,0.0003432103,9.0472605e-07,0.9938397,0.00065329904,0.00016307963,1.9287343e-05,0.00089453586,0.0037136187,4.0843184e-05,2.749348e-05,0.0003036399,0.9938397
pamap2,gnn_lstm,sequence,1,101,101,102,2560,2569,2569,3,3,4,4,walking,walking,True,5.759938e-07,0.00048895343,1.1322651e-06,0.9929236,0.0011075315,0.00014630525,2.8243425e-05,0.0009969466,0.0036973052,3.55439e-05,3.645307e-05,0.00053738634,0.9929236
pamap2,gnn_lstm,sequence,1,101,101,102,2561,2570,2570,3,3,4,4,walking,walking,True,1.3108955e-07,0.0001995048,2.4801946e-07,0.9974571,0.00027848335,5.9684266e-05,9.670861e-06,0.0004442201,0.0014239234,1.7199363e-05,9.864621e-06,0.00010002613,0.9974571
pamap2,gnn_lstm,sequence,1,101,101,102,2562,2571,2571,3,3,4,4,walking,walking,True,8.951185e-08,0.00015297456,1.5574562e-07,0.9981957,0.0001671419,4.8749083e-05,7.207936e-06,0.00035112203,0.0010011955,1.5579702e-05,7.0375672e-06,5.3023123e-05,0.9981957
pamap2,gnn_lstm,sequence,1,101,101,102,2563,2572,2572,3,3,4,4,walking,walking,True,1.2790907e-06,0.0011030433,1.7802387e-06,0.98650837,0.0043762974,0.00021853646,7.635179e-05,0.0013632749,0.0042898436,3.790191e-05,9.137886e-05,0.001932031,0.98650837
pamap2,gnn_lstm,sequence,1,101,101,102,2564,2573,2573,3,3,4,4,walking,walking,True,4.2194424e-06,0.0020585998,4.7679177e-06,0.97502875,0.009129808,0.0003928511,0.00015328224,0.0023926804,0.005790682,7.805505e-05,0.00023847517,0.0047279387,0.97502875
pamap2,gnn_lstm,sequence,1,101,101,102,2565,2574,2574,3,3,4,4,walking,walking,True,9.780326e-06,0.003020579,1.1143957e-05,0.9626691,0.012200461,0.00067182415,0.00021643161,0.0036362084,0.008724445,0.00014888638,0.00045688677,0.008234153,0.9626691
pamap2,gnn_lstm,sequence,1,101,101,102,2566,2575,2575,3,3,4,4,walking,walking,True,1.2569649e-05,0.0032367539,1.4957993e-05,0.9593081,0.011419956,0.0008135425,0.00021285408,0.0040819724,0.010767183,0.00019758046,0.0005343377,0.00940018,0.9593081
pamap2,gnn_lstm,sequence,1,101,101,102,2567,2576,2576,3,3,4,4,walking,walking,True,1.3202741e-05,0.0031429168,1.7512237e-05,0.95590204,0.010442361,0.0009345964,0.00020793134,0.0043323827,0.014287996,0.00022436303,0.00054504955,0.009949647,0.95590204
pamap2,gnn_lstm,sequence,1,101,101,102,2568,2577,2577,3,3,4,4,walking,walking,True,8.291613e-06,0.0022218432,1.1810601e-05,0.96754295,0.0064619193,0.000734225,0.00014048537,0.0034189878,0.012758753,0.00018437291,0.00033449283,0.0061818245,0.96754295
pamap2,gnn_lstm,sequence,1,101,101,102,2569,2578,2578,3,3,4,4,walking,walking,True,4.7088943e-06,0.0014724006,7.241595e-06,0.97539914,0.003856321,0.0006038066,9.0673435e-05,0.0026413482,0.011913441,0.00014680532,0.0002008452,0.003663283,0.97539914
pamap2,gnn_lstm,sequence,1,101,101,102,2570,2579,2579,3,3,4,4,walking,walking,True,1.5890736e-06,0.0008384659,2.7823148e-06,0.986336,0.0018312617,0.00031710736,4.547843e-05,0.0015021743,0.0074631255,7.6879085e-05,8.304085e-05,0.0015021184,0.986336
pamap2,gnn_lstm,sequence,1,101,101,102,2571,2580,2580,3,3,4,4,walking,walking,True,3.1263255e-07,0.00033965602,6.097888e-07,0.99485755,0.00053813343,0.00011949816,1.5572861e-05,0.00064823194,0.0031145029,3.1241467e-05,2.2187265e-05,0.00031253675,0.99485755
pamap2,gnn_lstm,sequence,1,101,101,102,2572,2581,2581,3,3,4,4,walking,walking,True,1.057225e-08,2.8705148e-05,2.4185864e-08,0.9993926,9.859239e-06,1.9805824e-05,1.0151065e-06,9.809406e-05,0.00043690176,9.633082e-06,8.5644865e-07,2.5152895e-06,0.9993926
pamap2,gnn_lstm,sequence,1,101,101,102,2573,2582,2582,3,3,4,4,walking,walking,True,2.0186288e-09,8.173549e-06,4.9480446e-09,0.9997501,1.4995707e-06,8.425457e-06,2.76317e-07,4.506308e-05,0.00018006058,6.024355e-06,1.9521813e-07,2.799653e-07,0.9997501
pamap2,gnn_lstm,sequence,1,101,101,102,2574,2583,2583,3,3,4,4,walking,walking,True,9.811419e-09,3.152485e-05,2.3829031e-08,0.99941397,1.0965716e-05,1.8601739e-05,1.1700521e-06,9.485272e-05,0.00041670827,8.670757e-06,8.921505e-07,2.6224563e-06,0.99941397
pamap2,gnn_lstm,sequence,1,101,101,102,2575,2584,2584,3,3,4,4,walking,walking,True,2.050909e-07,0.00029620095,3.4104568e-07,0.9965405,0.00051080243,8.4783875e-05,1.3949712e-05,0.0005310851,0.0017873795,2.1112608e-05,1.7019212e-05,0.00019645786,0.9965405
pamap2,gnn_lstm,sequence,1,101,101,102,2576,2585,2585,3,3,4,4,walking,walking,True,7.434899e-07,0.00073317817,1.0194927e-06,0.9909897,0.002492707,0.00017012538,4.3418164e-05,0.0010542135,0.003356571,3.199782e-05,6.006553e-05,0.0010663265,0.9909897
pamap2,gnn_lstm,sequence,1,101,101,102,2577,2586,2586,3,3,4,4,walking,walking,True,5.981736e-06,0.002915898,6.278594e-06,0.9551339,0.019308688,0.00046321374,0.00024416283,0.0029174837,0.0075855744,7.638637e-05,0.00041963175,0.010922904,0.9551339
pamap2,gnn_lstm,sequence,1,101,101,102,2578,2587,2587,3,3,4,4,walking,walking,True,2.0645246e-05,0.0064950855,2.3700453e-05,0.8752798,0.0554942,0.0009753529,0.000654811,0.005240234,0.015458823,0.0001460557,0.0013874768,0.038823806,0.8752798
pamap2,gnn_lstm,sequence,1,101,101,102,2579,2588,2588,3,3,4,4,walking,walking,True,4.676865e-05,0.009875735,5.0554885e-05,0.7891334,0.09126891,0.0014879598,0.001091119,0.007286169,0.021336533,0.00023628042,0.0027098614,0.07547673,0.7891334
pamap2,gnn_lstm,sequence,1,101,101,102,2580,2589,2589,3,3,4,4,walking,walking,True,3.5664496e-05,0.008562696,4.288957e-05,0.8170516,0.071115494,0.0015855369,0.0008439595,0.006520131,0.024739163,0.00022667646,0.0023580133,0.066918224,0.8170516
pamap2,gnn_lstm,sequence,1,101,101,102,2581,2590,2590,3,3,4,4,walking,walking,True,2.433341e-05,0.0068865553,2.985563e-05,0.8537789,0.052457493,0.0014612279,0.0005924501,0.0054770284,0.023953248,0.00019672161,0.0017953101,0.053346936,0.8537789
pamap2,gnn_lstm,sequence,1,101,101,102,2582,2591,2591,3,3,4,4,walking,walking,True,4.0421986e-05,0.008946579,5.6290453e-05,0.7478869,0.07426824,0.0025349737,0.0008604435,0.006861575,0.04496941,0.0002898202,0.0031890546,0.110096335,0.7478869
pamap2,gnn_lstm,sequence,1,101,101,102,2583,2592,2592,3,3,4,4,walking,walking,True,3.6685804e-05,0.009363226,5.47152e-05,0.68115866,0.09535203,0.0022873012,0.00096479384,0.0062540257,0.04752045,0.00023994155,0.00328135,0.15348671,0.68115866
pamap2,gnn_lstm,sequence,1,101,101,102,2584,2593,2593,3,3,4,4,walking,walking,True,4.1203046e-05,0.010357518,6.032919e-05,0.5914523,0.133979,0.0020941712,0.0012293775,0.006183282,0.044919766,0.00021812954,0.0038051666,0.20565979,0.5914523
pamap2,gnn_lstm,sequence,1,101,101,102,2585,2594,2594,3,3,4,4,walking,walking,True,5.180098e-05,0.010672783,7.1914015e-05,0.64504087,0.11727841,0.0024368565,0.0012308225,0.007134975,0.044792794,0.00028219642,0.0040736836,0.16693294,0.64504087
pamap2,gnn_lstm,sequence,1,101,101,102,2586,2595,2595,3,3,4,4,walking,walking,True,4.759421e-05,0.009157421,6.5085595e-05,0.7381977,0.08193148,0.0025097711,0.0009323237,0.007464396,0.04290198,0.0003147023,0.0033915224,0.11308603,0.7381977
pamap2,gnn_lstm,sequence,1,101,101,102,2587,2596,2596,3,3,4,4,walking,walking,True,3.2643828e-05,0.0067805927,4.832955e-05,0.81806684,0.049426444,0.0024524843,0.0006060028,0.0068696006,0.04274923,0.0003008821,0.0023666378,0.070300326,0.81806684
pamap2,gnn_lstm,sequence,1,101,101,102,2588,2597,2597,3,3,4,4,walking,walking,True,2.2700577e-05,0.0054114508,3.5468132e-05,0.8588681,0.037107162,0.0019664739,0.00045731783,0.006014171,0.03807571,0.0002483729,0.0016897976,0.05010328,0.8588681
pamap2,gnn_lstm,sequence,1,101,101,102,2589,2598,2598,3,3,4,4,walking,walking,True,2.249621e-05,0.0053114477,3.8177925e-05,0.8463402,0.03817478,0.0020920536,0.0004737531,0.00624495,0.04489818,0.00024822354,0.0017538482,0.05440186,0.8463402
pamap2,gnn_lstm,sequence,1,101,101,102,2590,2599,2599,3,3,4,4,walking,walking,True,2.0638126e-05,0.0053734165,3.2949265e-05,0.8601009,0.0389202,0.0017090432,0.00046622957,0.0058546844,0.035640974,0.00021139366,0.0015812088,0.050088435,0.8601009
pamap2,gnn_lstm,sequence,1,101,101,102,2591,2600,2600,3,3,4,4,walking,walking,True,2.0369713e-05,0.005542575,3.1850752e-05,0.84728485,0.044829167,0.0016424863,0.00049089926,0.005876579,0.03537171,0.00019409602,0.0016752697,0.057040166,0.84728485
pamap2,gnn_lstm,sequence,1,101,101,102,2592,2601,2601,3,3,4,4,walking,walking,True,1.9493871e-05,0.0058830683,2.6391586e-05,0.85881746,0.049979486,0.0012409053,0.0005345408,0.0054529556,0.025115438,0.00016279035,0.0015676289,0.051199928,0.85881746
pamap2,gnn_lstm,sequence,1,101,101,102,2593,2602,2602,3,3,4,4,walking,walking,True,8.910172e-06,0.0040397057,1.2510879e-05,0.9178702,0.029368078,0.00079500105,0.00031864154,0.0036967508,0.017097056,0.00010026267,0.0007888331,0.025903968,0.9178702
pamap2,gnn_lstm,sequence,1,101,101,102,2594,2603,2603,3,3,4,4,walking,walking,True,1.2089089e-06,0.0011385175,1.564922e-06,0.9797918,0.007085259,0.00025669084,7.626435e-05,0.0014883007,0.006242605,3.1696894e-05,0.00012220224,0.0037638731,0.9797918
pamap2,gnn_lstm,sequence,1,101,101,102,2595,2604,2604,3,3,4,4,walking,walking,True,5.4270035e-06,0.0028665143,6.483576e-06,0.9476094,0.020069605,0.0005843062,0.00021401556,0.0028970293,0.011174995,7.6574084e-05,0.00047085783,0.014024726,0.9476094
pamap2,gnn_lstm,sequence,1,101,101,102,2596,2605,2605,3,3,4,4,walking,walking,True,9.763024e-06,0.0038450225,1.2105194e-05,0.9305036,0.024357686,0.00087603787,0.000279037,0.003766407,0.015078384,0.00012205614,0.00075847586,0.020391405,0.9305036
pamap2,gnn_lstm,sequence,1,101,101,102,2597,2606,2606,3,3,4,4,walking,walking,True,1.6827698e-05,0.005037669,1.9457188e-05,0.9083818,0.03186042,0.0011131705,0.00037776303,0.004802918,0.017394809,0.00017107822,0.0011451652,0.029678907,0.9083818
pamap2,gnn_lstm,sequence,1,101,101,102,2598,2607,2607,3,3,4,4,walking,walking,True,1.3850009e-05,0.0043615983,1.9029167e-05,0.91677755,0.024782673,0.0011781988,0.00031971405,0.004547712,0.020765169,0.00017314932,0.0010078298,0.026053598,0.91677755
pamap2,gnn_lstm,sequence,1,101,101,102,2599,2608,2608,3,3,4,4,walking,walking,True,1.2096e-05,0.0040507778,1.7198885e-05,0.9245383,0.021349734,0.0010661518,0.00028486474,0.0042043165,0.019810583,0.0001634646,0.00087004126,0.023632457,0.9245383
pamap2,gnn_lstm,sequence,1,101,101,102,2600,2609,2609,3,3,4,4,walking,walking,True,9.170856e-06,0.003475877,1.4422637e-05,0.9346971,0.017054996,0.0009591362,0.00023883351,0.0037240146,0.019841816,0.00014464986,0.00070566504,0.019134402,0.9346971
pamap2,gnn_lstm,sequence,1,101,101,102,2601,2610,2610,3,3,4,4,walking,walking,True,6.123782e-06,0.0025237224,9.985228e-06,0.9560179,0.010448105,0.00074589596,0.00016330389,0.0031057077,0.015839849,0.00012533511,0.000446711,0.010567384,0.9560179
pamap2,gnn_lstm,sequence,1,101,101,102,2602,2611,2611,3,3,4,4,walking,walking,True,3.693681e-06,0.0018106428,6.3266953e-06,0.9689053,0.006801803,0.0005544364,0.000110430854,0.0024527074,0.012709084,9.642887e-05,0.00028221996,0.006266907,0.9689053
pamap2,gnn_lstm,sequence,1,101,101,102,2603,2612,2612,3,3,4,4,walking,walking,True,1.1385266e-06,0.0008666044,2.0950138e-06,0.9858467,0.002654856,0.0002824448,4.8377e-05,0.0013953113,0.0069719474,5.1029874e-05,9.5538766e-05,0.0017839106,0.9858467
pamap2,gnn_lstm,sequence,1,101,101,102,2604,2613,2613,3,3,4,4,walking,walking,True,1.2659437e-07,0.00020233632,2.538879e-07,0.9964612,0.00035775165,8.953755e-05,9.08609e-06,0.00045647603,0.0022613402,1.7520579e-05,1.1892487e-05,0.00013244495,0.9964612
pamap2,gnn_lstm,sequence,1,101,101,102,2605,2614,2614,3,3,4,4,walking,walking,True,3.785019e-07,0.00044827093,7.653893e-07,0.99242216,0.0011920677,0.00016871703,2.337175e-05,0.00082398707,0.004310254,2.7915878e-05,3.49487e-05,0.00054713036,0.99242216
pamap2,gnn_lstm,sequence,1,101,101,102,2606,2615,2615,3,3,4,4,walking,walking,True,1.5381238e-06,0.0010470358,2.918011e-06,0.98358005,0.0033251306,0.00034349193,6.195391e-05,0.0016094062,0.007769005,5.9326427e-05,0.000118645556,0.002081538,0.98358005
pamap2,gnn_lstm,sequence,1,101,101,102,2607,2616,2616,3,3,4,4,walking,walking,True,1.4843613e-06,0.0009144449,2.8368531e-06,0.9844312,0.0026840619,0.0003702328,5.5175413e-05,0.0015835937,0.0081145475,6.5602144e-05,0.000106579,0.0016702332,0.9844312
pamap2,gnn_lstm,sequence,1,101,101,102,2608,2617,2617,3,3,4,4,walking,walking,True,1.7927046e-06,0.0010270323,3.288768e-06,0.9834141,0.0029347714,0.0003767843,6.120294e-05,0.0016994991,0.008254318,7.207378e-05,0.0001247011,0.002030501,0.9834141
pamap2,gnn_lstm,sequence,1,101,101,102,2609,2618,2618,3,3,4,4,walking,walking,True,9.952902e-07,0.00071175076,1.9816564e-06,0.98732936,0.0018901879,0.00029162623,4.1289863e-05,0.0012872842,0.0071243467,5.3248397e-05,7.320161e-05,0.0011947255,0.98732936
pamap2,gnn_lstm,sequence,1,101,101,102,2610,2619,2619,3,3,4,4,walking,walking,True,8.3020325e-07,0.000742872,1.7413271e-06,0.98753685,0.0021707523,0.00023507437,4.2598895e-05,0.0011878496,0.006612605,4.082137e-05,6.6274915e-05,0.001361732,0.98753685
pamap2,gnn_lstm,sequence,1,101,101,102,2611,2620,2620,3,3,4,4,walking,walking,True,3.0228766e-06,0.001948941,6.421684e-06,0.96747243,0.00839231,0.00044988532,0.00013941995,0.0022658154,0.012442445,6.756945e-05,0.00023571146,0.0065761236,0.96747243
pamap2,gnn_lstm,sequence,1,101,101,102,2612,2621,2621,3,3,4,4,walking,walking,True,2.8935297e-06,0.0018693573,5.632508e-06,0.97116166,0.007872458,0.00043374812,0.00012851918,0.0021664854,0.01051817,6.597544e-05,0.00021807021,0.005557199,0.97116166
pamap2,gnn_lstm,sequence,1,101,101,102,2613,2622,2622,3,3,4,4,walking,walking,True,2.1830667e-06,0.0015811408,3.815882e-06,0.9759026,0.006779564,0.0003706179,9.9792735e-05,0.001862491,0.008663949,5.520853e-05,0.00017924482,0.004499384,0.9759026
pamap2,gnn_lstm,sequence,1,101,101,102,2614,2623,2623,3,3,4,4,walking,walking,True,1.5833947e-06,0.0012996255,2.4565247e-06,0.98079234,0.0057057035,0.00030160294,7.9154604e-05,0.0015804454,0.0067247762,4.5191435e-05,0.00014044163,0.003326673,0.98079234
pamap2,gnn_lstm,sequence,1,101,101,102,2615,2624,2624,3,3,4,4,walking,walking,True,1.6209385e-06,0.0012820436,2.3479063e-06,0.98140854,0.0055392417,0.00031508147,7.570483e-05,0.0015849064,0.006460149,4.78637e-05,0.00014408294,0.003138353,0.98140854
pamap2,gnn_lstm,sequence,1,101,101,102,2616,2625,2625,3,3,4,4,walking,walking,True,5.651498e-06,0.0026955814,7.748573e-06,0.9595813,0.012930648,0.0006266291,0.00017328178,0.002818766,0.0110227885,9.817217e-05,0.00042436333,0.009614967,0.9595813
pamap2,gnn_lstm,sequence,1,101,101,102,2617,2626,2626,3,3,4,4,walking,walking,True,1.5105222e-05,0.004488055,1.9413736e-05,0.93102616,0.02225653,0.0010491144,0.0003193416,0.004528355,0.015785702,0.00018080886,0.00093983504,0.019391598,0.93102616
pamap2,gnn_lstm,sequence,1,101,101,102,2618,2627,2627,3,3,4,4,walking,walking,True,1.6378674e-05,0.0042773536,2.295566e-05,0.9318534,0.019777892,0.0011726075,0.00031283908,0.004979045,0.018193234,0.00020908196,0.0009414971,0.018243713,0.9318534
pamap2,gnn_lstm,sequence,1,101,101,102,2619,2628,2628,3,3,4,4,walking,walking,True,1.6235017e-05,0.003915848,2.342221e-05,0.93672055,0.01695923,0.001146348,0.0002905742,0.0051411237,0.018710734,0.00021891644,0.0008582356,0.01599882,0.93672055
pamap2,gnn_lstm,sequence,1,101,101,102,2620,2629,2629,3,3,4,4,walking,walking,True,8.457637e-06,0.002358542,1.4175659e-05,0.95921946,0.0086654825,0.00089398125,0.00017670055,0.0037715768,0.016745178,0.00016879258,0.00042967833,0.007548109,0.95921946
pamap2,gnn_lstm,sequence,1,101,101,102,2621,2630,2630,3,3,4,4,walking,walking,True,2.5262418e-06,0.0010651229,4.571812e-06,0.9811091,0.0029492485,0.00046623076,6.81518e-05,0.0020196314,0.009934345,9.45862e-05,0.00013138608,0.0021551857,0.9811091
pamap2,gnn_lstm,sequence,1,101,101,102,2622,2631,2631,3,3,4,4,walking,walking,True,2.6672735e-06,0.0010637111,5.2537084e-06,0.97801113,0.0030287113,0.00052892213,7.298564e-05,0.0021203584,0.012523706,0.00010006788,0.00013402253,0.0024083608,0.97801113
pamap2,gnn_lstm,sequence,1,101,101,102,2623,2632,2632,3,3,4,4,walking,walking,True,8.111697e-07,0.00046096314,1.5846788e-06,0.9899206,0.0009475797,0.0002739704,2.6905427e-05,0.0011485157,0.0065340516,5.915191e-05,4.2146108e-05,0.0005836814,0.9899206
pamap2,gnn_lstm,sequence,1,101,101,102,2624,2633,2633,3,3,4,4,walking,walking,True,7.1865855e-08,8.689267e-05,1.4930414e-07,0.99750537,8.17643e-05,7.950159e-05,3.9466504e-06,0.0003182533,0.0018692445,2.1496371e-05,4.4739286e-06,2.8912711e-05,0.99750537
pamap2,gnn_lstm,sequence,1,101,101,102,2625,2634,2634,3,3,4,4,walking,walking,True,1.6878293e-08,3.4980792e-05,3.900657e-08,0.99891746,1.878321e-05,3.289252e-05,1.3725083e-06,0.00014005642,0.00083718123,1.1063171e-05,1.1598112e-06,5.0599033e-06,0.99891746
pamap2,gnn_lstm,sequence,1,101,101,102,2626,2635,2635,3,3,4,4,walking,walking,True,8.8390415e-09,2.5389356e-05,2.2260716e-08,0.99923646,1.1062969e-05,2.1726157e-05,9.3605934e-07,9.765956e-05,0.00059574906,7.7094655e-06,6.8387754e-07,2.6692665e-06,0.99923646
pamap2,gnn_lstm,sequence,1,101,101,102,2627,2636,2636,3,3,4,4,walking,walking,True,9.2633945e-09,2.682727e-05,2.3378336e-08,0.99923825,1.1634796e-05,2.250634e-05,9.954535e-07,9.9819226e-05,0.00058865553,7.895149e-06,7.320035e-07,2.7228893e-06,0.99923825
pamap2,gnn_lstm,sequence,1,101,101,102,2628,2637,2637,3,3,4,4,walking,walking,True,2.168709e-08,5.419525e-05,5.1900045e-08,0.9987577,3.8863647e-05,3.362339e-05,2.1060341e-06,0.00016258768,0.0009288494,9.453283e-06,1.745912e-06,1.0768122e-05,0.9987577
pamap2,gnn_lstm,sequence,1,101,101,102,2629,2638,2638,3,3,4,4,walking,walking,True,3.3714134e-08,8.166739e-05,8.152898e-08,0.9983499,7.74799e-05,4.206227e-05,3.3893864e-06,0.0002123728,0.0011975366,1.0210775e-05,2.864446e-06,2.2440185e-05,0.9983499
pamap2,gnn_lstm,sequence,1,101,101,102,2630,2639,2639,3,3,4,4,walking,walking,True,1.5058748e-07,0.00023159992,3.0431056e-07,0.9963916,0.00039664912,8.9154346e-05,1.0380984e-05,0.00048157427,0.002222063,1.826913e-05,1.2036319e-05,0.00014634531,0.9963916
pamap2,gnn_lstm,sequence,1,101,101,102,2631,2640,2640,3,3,4,4,walking,walking,True,1.3490295e-07,0.00020150779,2.6652896e-07,0.996761,0.0003086336,8.9613444e-05,8.841239e-06,0.0004475594,0.0020464165,1.882864e-05,1.0344267e-05,0.00010678783,0.996761
pamap2,gnn_lstm,sequence,1,101,101,102,2632,2641,2641,3,3,4,4,walking,walking,True,2.9714877e-07,0.00037521866,5.4340944e-07,0.9949297,0.00077923556,0.000115862014,1.7423372e-05,0.0006790471,0.0027266506,2.390387e-05,2.2278226e-05,0.0003299387,0.9949297
pamap2,gnn_lstm,sequence,1,101,101,102,2633,2642,2642,3,3,4,4,walking,walking,True,2.0930265e-06,0.001545097,3.8352528e-06,0.97853947,0.0059683686,0.00032566415,9.90911e-05,0.001809933,0.0077115367,5.3505522e-05,0.00014240907,0.0037989395,0.97853947
pamap2,gnn_lstm,sequence,1,101,101,102,2634,2643,2643,3,3,4,4,walking,walking,True,8.6883365e-06,0.0038088,1.2372238e-05,0.9446084,0.019927295,0.0006290189,0.00029571378,0.0034808079,0.0117155,0.00010491389,0.00052639237,0.014882127,0.9446084
pamap2,gnn_lstm,sequence,1,101,101,102,2635,2644,2644,3,3,4,4,walking,walking,True,5.479997e-06,0.0029364906,8.392608e-06,0.95764047,0.014550575,0.00053877756,0.00021407672,0.0028360758,0.010699366,8.2518025e-05,0.00037505582,0.010112771,0.95764047
pamap2,gnn_lstm,sequence,1,101,101,102,2636,2645,2645,3,3,4,4,walking,walking,True,2.8494906e-06,0.0017809344,4.415213e-06,0.9761267,0.0071364194,0.00039721478,0.00011249879,0.002076145,0.0077244993,6.5326494e-05,0.00019670556,0.00437634,0.9761267
pamap2,gnn_lstm,sequence,1,101,101,102,2637,2646,2646,3,3,4,4,walking,walking,True,5.7529387e-06,0.0025486334,8.562572e-06,0.96514523,0.010119131,0.00058500306,0.00016378886,0.0028977117,0.010413861,0.00010544371,0.0003655424,0.0076412596,0.96514523
pamap2,gnn_lstm,sequence,1,101,101,102,2638,2647,2647,3,3,4,4,walking,walking,True,2.6937835e-06,0.0014246323,4.333544e-06,0.9805592,0.004396093,0.00041384503,8.280477e-05,0.0020543132,0.007818057,8.254308e-05,0.00017871728,0.0029828898,0.9805592
pamap2,gnn_lstm,sequence,1,101,101,102,2639,2648,2648,3,3,4,4,walking,walking,True,1.2648424e-06,0.0009794832,2.2163053e-06,0.9862044,0.0031134787,0.00026077055,5.5380744e-05,0.0014468731,0.0059542838,4.8425205e-05,9.400022e-05,0.0018395779,0.9862044
pamap2,gnn_lstm,sequence,1,101,101,102,2640,2649,2649,3,3,4,4,walking,walking,True,4.6123464e-06,0.0024467001,8.062184e-06,0.9628577,0.0116901845,0.00049121404,0.00017910267,0.0027739028,0.010977895,7.9890946e-05,0.0003118936,0.008178712,0.9628577
pamap2,gnn_lstm,sequence,1,101,101,102,2641,2650,2650,3,3,4,4,walking,walking,True,1.4765314e-05,0.0048724916,2.204625e-05,0.9233182,0.027753083,0.0008863866,0.00041454838,0.0047605895,0.015788693,0.00014542465,0.0008736079,0.021150284,0.9233182
pamap2,gnn_lstm,sequence,1,101,101,102,2642,2651,2651,3,3,4,4,walking,walking,True,1.1378322e-05,0.00404282,1.7842392e-05,0.9398467,0.020855783,0.00079649,0.00033038584,0.0042151017,0.014228391,0.00013197707,0.0006715439,0.014851564,0.9398467
pamap2,gnn_lstm,sequence,1,101,101,102,2643,2652,2652,3,3,4,4,walking,walking,True,7.315591e-06,0.0029848025,1.1351071e-05,0.9596344,0.013288347,0.0006118897,0.0002249377,0.0033532132,0.010753461,0.00010869696,0.00043576732,0.008585724,0.9596344
pamap2,gnn_lstm,sequence,1,101,101,102,2644,2653,2653,3,3,4,4,walking,walking,True,3.1343145e-06,0.0017194335,5.216173e-06,0.97751755,0.0063296724,0.00041388583,0.00011416811,0.0022327434,0.00777894,7.4126285e-05,0.00019909792,0.0036120254,0.97751755
pamap2,gnn_lstm,sequence,1,101,101,102,2645,2654,2654,3,3,4,4,walking,walking,True,2.431065e-06,0.0014515397,3.5686426e-06,0.9826993,0.0050370465,0.00031697028,9.265412e-05,0.0018969582,0.0056266338,6.351066e-05,0.0001515291,0.0026577818,0.9826993
pamap2,gnn_lstm,sequence,1,101,101,102,2646,2655,2655,3,3,4,4,walking,walking,True,6.47564e-06,0.002897428,9.668683e-06,0.9637866,0.011980588,0.00055092014,0.00020792232,0.0030130714,0.009415534,0.000100748635,0.00037921502,0.007651833,0.9637866
pamap2,gnn_lstm,sequence,1,101,101,102,2647,2656,2656,3,3,4,4,walking,walking,True,1.52498e-05,0.004388938,2.3517174e-05,0.94188905,0.018034253,0.000978101,0.000342757,0.0046876078,0.01496191,0.00018464713,0.00073795207,0.01375595,0.94188905
pamap2,gnn_lstm,sequence,1,101,101,102,2648,2657,2657,3,3,4,4,walking,walking,True,3.429248e-05,0.0064045247,5.0613755e-05,0.90486014,0.030607315,0.0015650758,0.0005895954,0.0075870524,0.021815136,0.00029499453,0.0015326961,0.024658605,0.90486014
pamap2,gnn_lstm,sequence,1,101,101,102,2649,2658,2658,3,3,4,4,walking,walking,True,5.4587726e-05,0.007724281,9.411077e-05,0.87992364,0.04269406,0.0022363826,0.0010684003,0.01084783,0.028055623,0.00036405894,0.002093356,0.024843667,0.87992364
pamap2,gnn_lstm,sequence,1,101,101,102,2650,2659,2659,3,3,4,4,walking,walking,True,5.3877942e-05,0.00758252,0.000113379945,0.88721347,0.040055696,0.0027045102,0.001287068,0.011122139,0.030445589,0.0003589817,0.0014642059,0.01759846,0.88721347
pamap2,gnn_lstm,sequence,1,101,101,102,2651,2660,2660,3,3,4,4,walking,walking,True,0.000109237204,0.010762576,0.0002561815,0.8450863,0.054220263,0.0046808836,0.0025240951,0.015258329,0.043162134,0.00060782355,0.0018544829,0.021477725,0.8450863
pamap2,gnn_lstm,sequence,1,101,101,102,2652,2661,2661,3,3,4,4,walking,walking,True,0.00026830568,0.016560093,0.0006943853,0.7561998,0.08547906,0.008637407,0.006586326,0.0228832,0.06645134,0.0012480728,0.0028684644,0.032123547,0.7561998
pamap2,gnn_lstm,sequence,1,101,101,102,2653,2662,2662,3,3,4,4,walking,walking,True,0.0010797416,0.023387088,0.0026764516,0.50333977,0.17491643,0.018748447,0.023564115,0.046147298,0.124496706,0.0034051256,0.0068977834,0.0713411,0.50333977
pamap2,gnn_lstm,sequence,1,101,101,102,2654,2663,2663,3,4,4,5,walking,running,False,0.004297791,0.023402885,0.0073002544,0.23010175,0.25803563,0.035070207,0.06310144,0.08175654,0.16335821,0.008411764,0.013135162,0.11202839,0.25803563
pamap2,gnn_lstm,sequence,1,101,101,102,2655,2664,2664,3,4,4,5,walking,running,False,0.009511407,0.02213176,0.011201516,0.1300714,0.2081398,0.07879281,0.12158094,0.12226376,0.18853249,0.021461533,0.015563384,0.07074922,0.2081398
pamap2,gnn_lstm,sequence,1,101,101,102,2656,2665,2665,3,8,4,13,walking,descending_stairs,False,0.015803393,0.029449698,0.020314397,0.087048694,0.14093754,0.12332316,0.14188579,0.16301507,0.16526972,0.04447089,0.02263115,0.0458505,0.16526972
pamap2,gnn_lstm,sequence,1,101,101,102,2657,2666,2666,3,7,4,12,walking,ascending_stairs,False,0.018790498,0.065938786,0.07156541,0.070530415,0.094654776,0.07323021,0.13047844,0.17048404,0.15021224,0.05240923,0.056977727,0.044728216,0.17048404
pamap2,gnn_lstm,sequence,1,101,101,102,2658,2667,2667,3,2,4,3,walking,standing,False,0.008673872,0.23098382,0.4512675,0.0012638506,0.0055440906,0.0035672772,0.003336481,0.008814739,0.009061792,0.030036245,0.24208486,0.0053654946,0.4512675
pamap2,gnn_lstm,sequence,1,101,101,102,2659,2668,2668,3,2,4,3,walking,standing,False,0.0058389083,0.33410084,0.5786027,0.00045705587,0.0017081177,0.0013383959,0.0011917991,0.0023939533,0.003343873,0.012310647,0.05488015,0.0038335978,0.5786027
pamap2,gnn_lstm,sequence,1,101,101,102,2660,2669,2669,3,2,4,3,walking,standing,False,0.005173639,0.31158417,0.6244187,0.00034477835,0.0012633508,0.001102587,0.00083915005,0.0017440836,0.002511466,0.010171301,0.037466764,0.0033800383,0.6244187
pamap2,gnn_lstm,sequence,1,101,101,102,2661,2670,2670,6,2,7,3,nordic_walking,standing,False,0.0055816486,0.293381,0.62917185,0.00044822245,0.0015959863,0.001522381,0.0009841452,0.0022511017,0.0031326727,0.012911423,0.044974726,0.004044881,0.62917185
pamap2,gnn_lstm,sequence,1,101,101,102,2662,2671,2671,6,2,7,3,nordic_walking,standing,False,0.006700193,0.23129751,0.63974684,0.00080258556,0.0030067228,0.003031737,0.0015866095,0.004381804,0.00558157,0.02045758,0.07778274,0.0056241374,0.63974684
pamap2,gnn_lstm,sequence,1,101,101,102,2663,2672,2672,6,2,7,3,nordic_walking,standing,False,0.006216182,0.20001222,0.64042485,0.0008017929,0.0033642682,0.003555058,0.0014752627,0.00485075,0.006067333,0.0230991,0.1048694,0.0052637877,0.64042485
pamap2,gnn_lstm,sequence,1,101,101,102,2664,2673,2673,6,2,7,3,nordic_walking,standing,False,0.005602153,0.21828724,0.64203554,0.0006083298,0.002752618,0.0030065237,0.0012432522,0.0038036515,0.005045461,0.019648146,0.093288,0.004678977,0.64203554
pamap2,gnn_lstm,sequence,1,101,101,102,2665,2674,2674,6,2,7,3,nordic_walking,standing,False,0.0061627743,0.26149815,0.5874731,0.00068378815,0.002810368,0.0036092754,0.0013636127,0.0038274347,0.005286897,0.02291187,0.09906438,0.005308359,0.5874731
pamap2,gnn_lstm,sequence,1,101,101,102,2666,2675,2675,6,2,7,3,nordic_walking,standing,False,0.006778563,0.34038943,0.5114154,0.00065586984,0.0024274627,0.003570922,0.0013481231,0.0031995256,0.0046382877,0.024199255,0.0960294,0.005347732,0.5114154
pamap2,gnn_lstm,sequence,1,101,101,102,2667,2676,2676,6,2,7,3,nordic_walking,standing,False,0.007460971,0.35292065,0.43095854,0.00089424086,0.0029469128,0.005562225,0.0016612277,0.0040083304,0.005978541,0.035267193,0.146165,0.0061761104,0.43095854
pamap2,gnn_lstm,sequence,1,101,101,102,2668,2677,2677,6,2,7,3,nordic_walking,standing,False,0.0071280436,0.34716085,0.369081,0.0008608956,0.003073508,0.006645599,0.0016422805,0.0039956733,0.0063536903,0.039495617,0.20893317,0.0056296214,0.369081
pamap2,gnn_lstm,sequence,1,101,101,102,2669,2678,2678,6,1,7,2,nordic_walking,sitting,False,0.0067932247,0.37126803,0.27575183,0.00079658156,0.0028831402,0.006975231,0.0016242971,0.0037556684,0.0061921002,0.04264651,0.27639028,0.0049230168,0.37126803
pamap2,gnn_lstm,sequence,1,101,101,102,2670,2679,2679,6,1,7,2,nordic_walking,sitting,False,0.005713216,0.43251118,0.17500888,0.0007216986,0.002832782,0.0058651674,0.0017090404,0.0034657249,0.0053648977,0.038006928,0.32455543,0.0042450563,0.43251118
pamap2,gnn_lstm,sequence,1,101,101,102,2671,2680,2680,6,1,7,2,nordic_walking,sitting,False,0.005385532,0.4623904,0.1143482,0.0007702967,0.0032199558,0.005872423,0.002128086,0.0037991856,0.005280399,0.036445018,0.3561467,0.004213856,0.4623904
pamap2,gnn_lstm,sequence,1,101,101,102,2672,2681,2681,6,10,7,17,nordic_walking,ironing,False,0.0047916616,0.42004764,0.07398259,0.0009614492,0.0032476606,0.007327163,0.0016853407,0.0041726865,0.0056154346,0.043707844,0.43033236,0.0041280393,0.43033236
pamap2,gnn_lstm,sequence,1,101,101,102,2673,2682,2682,6,1,7,2,nordic_walking,sitting,False,0.004056044,0.5520701,0.070224516,0.0007384755,0.002301355,0.004932892,0.0010184007,0.0026779238,0.0037364813,0.0335619,0.32150328,0.003178756,0.5520701
pamap2,gnn_lstm,sequence,1,101,101,102,2674,2683,2683,6,10,7,17,nordic_walking,ironing,False,0.0036923876,0.31619996,0.046673015,0.00090134586,0.0030228458,0.008349748,0.0009344596,0.0038581826,0.005121972,0.045908224,0.5621782,0.0031596601,0.5621782
pamap2,gnn_lstm,sequence,1,101,101,102,2675,2684,2684,6,10,7,17,nordic_walking,ironing,False,0.003571252,0.13782421,0.02768668,0.0012104022,0.0040382734,0.0133834435,0.00066733034,0.0059072822,0.0070974687,0.055886306,0.7394734,0.0032539265,0.7394734
pamap2,gnn_lstm,sequence,1,101,101,102,2676,2685,2685,6,10,7,17,nordic_walking,ironing,False,0.009162297,0.15997644,0.014689111,0.0051704436,0.015765332,0.047999453,0.0074680066,0.035345044,0.039116077,0.118044905,0.529782,0.017480962,0.529782
pamap2,gnn_lstm,sequence,1,101,101,102,2677,2686,2686,6,8,7,13,nordic_walking,descending_stairs,False,0.007346622,0.04815889,0.0029981267,0.011546914,0.041950624,0.085132144,0.1357296,0.13013422,0.30064386,0.084325634,0.050410572,0.10162275,0.30064386
pamap2,gnn_lstm,sequence,1,101,101,102,2678,2687,2687,6,8,7,13,nordic_walking,descending_stairs,False,0.0011810549,0.006220313,0.0006076848,0.0042784433,0.015419891,0.024598047,0.23667905,0.0739264,0.53448707,0.022476971,0.0045116665,0.075613424,0.53448707
pamap2,gnn_lstm,sequence,1,101,101,102,2679,2688,2688,6,6,7,7,nordic_walking,nordic_walking,True,0.00033630143,0.0013400633,0.00016161821,0.0007976228,0.003646248,0.002662277,0.58995587,0.030795032,0.32793212,0.006964105,0.00041554405,0.034993142,0.58995587
pamap2,gnn_lstm,sequence,1,101,101,102,2680,2689,2689,6,6,7,7,nordic_walking,nordic_walking,True,0.00011305548,0.00033557377,5.1136227e-05,0.00014480924,0.0010521727,0.00037097652,0.8432893,0.011614635,0.12838385,0.0021678703,6.488881e-05,0.012411626,0.8432893
pamap2,gnn_lstm,sequence,1,101,101,102,2681,2690,2690,6,6,7,7,nordic_walking,nordic_walking,True,4.4841287e-05,9.3762304e-05,1.4655524e-05,2.1385209e-05,0.00023161997,4.028162e-05,0.9658987,0.0032073958,0.026907878,0.00061128754,1.0330998e-05,0.002917867,0.9658987
pamap2,gnn_lstm,sequence,1,101,101,102,2682,2691,2691,6,6,7,7,nordic_walking,nordic_walking,True,1.9632436e-05,3.5141617e-05,4.991561e-06,4.632325e-06,6.335325e-05,6.701031e-06,0.99062,0.0010354086,0.007119246,0.00020230551,2.3085952e-06,0.00088626426,0.99062
pamap2,gnn_lstm,sequence,1,101,101,102,2683,2692,2692,6,6,7,7,nordic_walking,nordic_walking,True,1.0883692e-05,1.9610461e-05,2.8584484e-06,2.2974323e-06,2.831238e-05,2.4657045e-06,0.9945205,0.0006458187,0.004200642,0.00011473735,1.0528458e-06,0.00045090317,0.9945205
pamap2,gnn_lstm,sequence,1,101,101,102,2684,2693,2693,6,6,7,7,nordic_walking,nordic_walking,True,7.620106e-06,1.8275969e-05,3.0707458e-06,3.3652325e-06,2.5371204e-05,2.819388e-06,0.9904992,0.00084237073,0.007950005,0.00012654741,1.1258591e-06,0.00052018353,0.9904992
pamap2,gnn_lstm,sequence,1,101,101,102,2685,2694,2694,6,6,7,7,nordic_walking,nordic_walking,True,5.729429e-06,5.8235187e-06,7.678966e-07,2.90689e-07,5.105657e-06,2.1205734e-07,0.99925274,0.00016390813,0.0004589138,2.9849178e-05,1.817913e-07,7.6556345e-05,0.99925274
pamap2,gnn_lstm,sequence,1,101,101,102,2686,2695,2695,6,6,7,7,nordic_walking,nordic_walking,True,3.9271017e-06,3.690159e-06,4.3704136e-07,1.7337514e-07,3.8549438e-06,1.0961863e-07,0.99948704,0.00012224501,0.0003105426,1.6302458e-05,1.0522154e-07,5.1495812e-05,0.99948704
pamap2,gnn_lstm,sequence,1,101,101,102,2687,2696,2696,6,6,7,7,nordic_walking,nordic_walking,True,3.2955268e-06,3.0509873e-06,3.4144466e-07,1.6099384e-07,3.987785e-06,9.291786e-08,0.9995073,0.00012284843,0.00030041416,1.2666497e-05,8.945475e-08,4.5758767e-05,0.9995073
pamap2,gnn_lstm,sequence,1,101,101,102,2688,2697,2697,6,6,7,7,nordic_walking,nordic_walking,True,3.0379683e-06,2.2592635e-06,2.1842331e-07,8.415863e-08,2.5979073e-06,4.7260517e-08,0.9997304,8.252099e-05,0.00014215322,8.619048e-06,5.5737505e-08,2.8025845e-05,0.9997304
pamap2,gnn_lstm,sequence,1,101,101,102,2689,2698,2698,6,6,7,7,nordic_walking,nordic_walking,True,2.7859467e-06,4.7314134e-06,5.3474764e-07,3.6090094e-07,6.393622e-06,2.2203187e-07,0.9987507,0.0001896574,0.0009239651,2.0618363e-05,1.7744756e-07,9.9764824e-05,0.9987507
pamap2,gnn_lstm,sequence,1,101,101,102,2690,2699,2699,6,6,7,7,nordic_walking,nordic_walking,True,3.552272e-06,2.6967055e-06,2.545173e-07,8.555095e-08,2.3908399e-06,5.1625793e-08,0.9997453,7.923591e-05,0.00012748277,1.07549795e-05,6.285612e-08,2.8033668e-05,0.9997453
pamap2,gnn_lstm,sequence,1,101,101,102,2691,2700,2700,6,6,7,7,nordic_walking,nordic_walking,True,3.849461e-06,4.548578e-06,4.7650894e-07,2.2682048e-07,3.944283e-06,1.4632457e-07,0.9994161,0.00013812433,0.00035497634,2.2035098e-05,1.3439771e-07,5.546786e-05,0.9994161
pamap2,gnn_lstm,sequence,1,101,101,102,2692,2701,2701,6,6,7,7,nordic_walking,nordic_walking,True,5.3358194e-06,6.4468486e-06,6.8246726e-07,3.2744884e-07,4.706855e-06,2.4888246e-07,0.9992949,0.00017362332,0.0004131968,3.6333742e-05,1.9975813e-07,6.409108e-05,0.9992949
pamap2,gnn_lstm,sequence,1,101,101,102,2693,2702,2702,6,6,7,7,nordic_walking,nordic_walking,True,6.3250186e-06,1.2891917e-05,1.480257e-06,9.189731e-07,7.905021e-06,8.41736e-07,0.9981451,0.00032952407,0.0012594203,8.894804e-05,5.1319614e-07,0.0001460675,0.9981451
pamap2,gnn_lstm,sequence,1,101,101,102,2694,2703,2703,6,6,7,7,nordic_walking,nordic_walking,True,6.357128e-06,7.515786e-06,7.064776e-07,2.9620495e-07,4.562017e-06,2.4344718e-07,0.9994326,0.00015708322,0.0002913099,3.8028793e-05,1.96986e-07,6.093709e-05,0.9994326
pamap2,gnn_lstm,sequence,1,101,101,102,2695,2704,2704,6,6,7,7,nordic_walking,nordic_walking,True,5.764812e-06,5.497261e-06,4.826123e-07,1.7385892e-07,3.863504e-06,1.44912e-07,0.9996165,0.00011477503,0.0001829786,2.3940876e-05,1.2945628e-07,4.5722496e-05,0.9996165
pamap2,gnn_lstm,sequence,1,101,101,102,2696,2705,2705,6,6,7,7,nordic_walking,nordic_walking,True,5.143027e-06,5.146324e-06,4.434029e-07,1.5836034e-07,3.9493693e-06,1.3355003e-07,0.99961203,0.00010877477,0.00019404409,2.159624e-05,1.2489852e-07,4.838313e-05,0.99961203
pamap2,gnn_lstm,sequence,1,101,101,102,2697,2706,2706,6,6,7,7,nordic_walking,nordic_walking,True,4.889638e-06,7.397843e-06,5.8094673e-07,2.6184568e-07,5.312651e-06,2.2771644e-07,0.99935883,0.00013567098,0.00036720114,3.221123e-05,2.0808022e-07,8.712125e-05,0.99935883
pamap2,gnn_lstm,sequence,1,101,101,102,2698,2707,2707,6,6,7,7,nordic_walking,nordic_walking,True,3.9643164e-06,5.2966066e-06,3.7407193e-07,1.5846801e-07,3.8847525e-06,1.16683076e-07,0.9995938,9.431724e-05,0.00021998728,1.9645735e-05,1.2822e-07,5.834995e-05,0.9995938
pamap2,gnn_lstm,sequence,1,101,101,102,2699,2708,2708,6,6,7,7,nordic_walking,nordic_walking,True,4.529088e-06,5.1884126e-06,3.218962e-07,1.2204013e-07,2.9696823e-06,8.653851e-08,0.99971384,7.6949094e-05,0.00013349074,1.8346658e-05,1.08698785e-07,4.3994896e-05,0.99971384
pamap2,gnn_lstm,sequence,1,101,101,102,2700,2709,2709,6,6,7,7,nordic_walking,nordic_walking,True,5.0172966e-06,7.1752343e-06,4.093793e-07,2.0294756e-07,4.347088e-06,1.6017557e-07,0.9995807,0.00010754659,0.00020792973,2.5873782e-05,1.720322e-07,6.0403472e-05,0.9995807
pamap2,gnn_lstm,sequence,1,101,101,102,2701,2710,2710,6,6,7,7,nordic_walking,nordic_walking,True,9.1415595e-06,8.66066e-06,4.538753e-07,2.128202e-07,4.451031e-06,2.3244662e-07,0.99961156,0.00013270437,0.0001489154,3.6413778e-05,2.1032672e-07,4.7019817e-05,0.99961156
pamap2,gnn_lstm,sequence,1,101,101,102,2702,2711,2711,6,6,7,7,nordic_walking,nordic_walking,True,1.0438523e-05,1.1647056e-05,7.0111037e-07,4.3628316e-07,6.5903782e-06,4.3535547e-07,0.999332,0.00023479183,0.0002772922,5.7430934e-05,3.5223022e-07,6.7731904e-05,0.999332
pamap2,gnn_lstm,sequence,1,101,101,102,2703,2712,2712,6,6,7,7,nordic_walking,nordic_walking,True,1.267803e-05,1.8360284e-05,1.2960244e-06,1.0899183e-06,9.750274e-06,9.381089e-07,0.99871576,0.0004141589,0.00059239584,0.000113982416,6.6244655e-07,0.000119073695,0.99871576
pamap2,gnn_lstm,sequence,1,101,101,102,2704,2713,2713,6,6,7,7,nordic_walking,nordic_walking,True,1.4426285e-05,3.4055905e-05,2.802895e-06,3.6929614e-06,2.4206483e-05,3.6392148e-06,0.99556667,0.0008965835,0.002748015,0.0002483038,1.9902284e-06,0.00045571625,0.99556667
pamap2,gnn_lstm,sequence,1,101,101,102,2705,2714,2714,6,6,7,7,nordic_walking,nordic_walking,True,1.9564486e-05,6.12313e-05,5.8759324e-06,8.999693e-06,4.32017e-05,9.935074e-06,0.988663,0.0014856947,0.007901421,0.00051759667,4.97254e-06,0.0012783827,0.988663
pamap2,gnn_lstm,sequence,1,101,101,102,2706,2715,2715,6,6,7,7,nordic_walking,nordic_walking,True,1.8201972e-05,6.512189e-05,6.882024e-06,8.658301e-06,3.7257167e-05,8.904201e-06,0.98818177,0.0012686005,0.008460875,0.00053178845,5.1499464e-06,0.0014067234,0.98818177
pamap2,gnn_lstm,sequence,1,101,101,102,2707,2716,2716,6,6,7,7,nordic_walking,nordic_walking,True,1.314882e-05,5.2573367e-05,5.628002e-06,6.292865e-06,2.098824e-05,4.9919854e-06,0.9910539,0.00092858326,0.0065520713,0.000438359,3.3210215e-06,0.0009201263,0.9910539
pamap2,gnn_lstm,sequence,1,101,101,102,2708,2717,2717,6,6,7,7,nordic_walking,nordic_walking,True,8.725933e-06,2.642717e-05,2.9057953e-06,2.5386041e-06,1.02019785e-05,1.6652097e-06,0.99581134,0.000592739,0.0029562456,0.00022296679,1.3471179e-06,0.00036285448,0.99581134
pamap2,gnn_lstm,sequence,1,101,101,102,2709,2718,2718,6,6,7,7,nordic_walking,nordic_walking,True,5.8533215e-06,1.2690939e-05,1.3899727e-06,9.767236e-07,5.569502e-06,5.383214e-07,0.9981046,0.0003545323,0.0012666751,9.580724e-05,5.157954e-07,0.00015078834,0.9981046
pamap2,gnn_lstm,sequence,1,101,101,102,2710,2719,2719,6,6,7,7,nordic_walking,nordic_walking,True,6.1575092e-06,2.5956326e-06,1.7873111e-07,3.6954305e-08,1.4860387e-06,3.4255265e-08,0.9998672,5.197547e-05,4.3142587e-05,9.7696175e-06,4.4200426e-08,1.7411428e-05,0.9998672
pamap2,gnn_lstm,sequence,1,101,101,102,2711,2720,2720,6,6,7,7,nordic_walking,nordic_walking,True,7.458033e-06,2.0999685e-06,1.1760096e-07,2.087931e-08,1.2824872e-06,2.4150077e-08,0.9999049,3.979797e-05,2.432544e-05,6.7978153e-06,3.1613617e-08,1.3262949e-05,0.9999049
pamap2,gnn_lstm,sequence,1,101,101,102,2712,2721,2721,6,6,7,7,nordic_walking,nordic_walking,True,7.0492997e-06,1.9686552e-06,1.0543629e-07,1.7725915e-08,1.1822113e-06,2.1536167e-08,0.99991214,3.6871566e-05,2.1971398e-05,6.2264157e-06,2.9098999e-08,1.241989e-05,0.99991214
pamap2,gnn_lstm,sequence,1,101,101,102,2713,2722,2722,6,6,7,7,nordic_walking,nordic_walking,True,6.2928784e-06,1.9210763e-06,1.0046788e-07,1.5842511e-08,1.0544263e-06,1.911945e-08,0.99991834,3.292444e-05,2.1051312e-05,6.004701e-06,2.7466754e-08,1.2331308e-05,0.99991834
pamap2,gnn_lstm,sequence,1,101,101,102,2714,2723,2723,6,6,7,7,nordic_walking,nordic_walking,True,6.342427e-06,1.989466e-06,9.670613e-08,1.4819675e-08,9.944063e-07,1.8451372e-08,0.999923,3.0170057e-05,1.9140676e-05,5.9757363e-06,2.7060707e-08,1.22462e-05,0.999923
pamap2,gnn_lstm,sequence,1,101,101,102,2715,2724,2724,6,6,7,7,nordic_walking,nordic_walking,True,6.626843e-06,2.1616008e-06,1.0289463e-07,1.7672734e-08,1.0868383e-06,2.1725647e-08,0.99991715,3.2676624e-05,2.0828127e-05,6.5926774e-06,2.9992748e-08,1.28191905e-05,0.99991715
pamap2,gnn_lstm,sequence,1,101,101,102,2716,2725,2725,6,6,7,7,nordic_walking,nordic_walking,True,7.502735e-06,2.469948e-06,1.2050008e-07,2.2139094e-08,1.2553811e-06,2.7974004e-08,0.9999051,3.803019e-05,2.3677234e-05,7.919029e-06,3.652815e-08,1.3922325e-05,0.9999051
pamap2,gnn_lstm,sequence,1,101,101,102,2717,2726,2726,6,6,7,7,nordic_walking,nordic_walking,True,8.709473e-06,3.2618007e-06,1.7137144e-07,3.6001932e-08,1.5993216e-06,4.6029175e-08,0.99987316,5.080155e-05,3.312442e-05,1.1894532e-05,5.4210282e-08,1.7116157e-05,0.99987316
pamap2,gnn_lstm,sequence,1,101,101,102,2718,2727,2727,6,6,7,7,nordic_walking,nordic_walking,True,1.1886064e-05,6.16855e-06,3.5714908e-07,1.0219776e-07,2.527173e-06,1.2737627e-07,0.9997571,9.538992e-05,6.970641e-05,2.9254848e-05,1.2668575e-07,2.7234548e-05,0.9997571
pamap2,gnn_lstm,sequence,1,101,101,102,2719,2728,2728,6,6,7,7,nordic_walking,nordic_walking,True,1.4303272e-05,1.2073844e-05,8.3830827e-07,4.1513636e-07,4.9124524e-06,4.3355942e-07,0.9993674,0.00024066416,0.00022366295,8.074851e-05,3.6233328e-07,5.4119726e-05,0.9993674
pamap2,gnn_lstm,sequence,1,101,101,102,2720,2729,2729,6,6,7,7,nordic_walking,nordic_walking,True,1.9378864e-05,3.0864845e-05,2.6953232e-06,2.5495187e-06,1.2991606e-05,2.7292363e-06,0.99736017,0.0008245338,0.0012341089,0.0003382847,1.6437227e-06,0.00017007883,0.99736017
pamap2,gnn_lstm,sequence,1,101,101,102,2721,2730,2730,6,6,7,7,nordic_walking,nordic_walking,True,4.9373426e-05,0.0003430517,4.1689433e-05,0.0001578862,0.00024150612,0.0004893277,0.8577521,0.011823056,0.113741055,0.009659163,9.352941e-05,0.0056082467,0.8577521
pamap2,gnn_lstm,sequence,1,101,101,102,2722,2731,2731,6,8,7,13,nordic_walking,descending_stairs,False,1.0780423e-05,0.0003007907,3.7567097e-05,0.0007540406,0.00061398733,0.004688743,0.06360458,0.009312279,0.8914468,0.009159131,0.00042043455,0.019650873,0.8914468
pamap2,gnn_lstm,sequence,1,101,101,102,2723,2732,2732,6,8,7,13,nordic_walking,descending_stairs,False,1.4959902e-07,1.8239296e-05,3.0900133e-06,0.00032136784,9.111799e-05,0.0016869061,0.0008732327,0.0009925503,0.9909251,0.0004683808,7.509814e-05,0.0045448267,0.9909251
pamap2,gnn_lstm,sequence,1,101,101,102,2724,2733,2733,6,8,7,13,nordic_walking,descending_stairs,False,2.6167227e-08,5.0536923e-06,1.087749e-06,0.00022488547,2.452455e-05,0.0008135544,0.00019998659,0.00046826177,0.9967526,0.00015143493,2.152358e-05,0.001337192,0.9967526
pamap2,gnn_lstm,sequence,1,101,101,102,2725,2734,2734,6,8,7,13,nordic_walking,descending_stairs,False,6.985348e-09,1.5816635e-06,3.9274977e-07,0.00014688498,1.1686231e-05,0.00039874623,6.631544e-05,0.00026840114,0.9983442,4.8333386e-05,7.3739434e-06,0.00070615055,0.9983442
pamap2,gnn_lstm,sequence,1,101,101,102,2726,2735,2735,6,8,7,13,nordic_walking,descending_stairs,False,6.1111076e-09,1.2955192e-06,3.5495023e-07,0.00014405994,1.0964882e-05,0.00038998073,4.8040343e-05,0.00024203671,0.99847585,3.8006303e-05,6.125225e-06,0.0006433224,0.99847585
pamap2,gnn_lstm,sequence,1,101,101,102,2727,2736,2736,6,8,7,13,nordic_walking,descending_stairs,False,5.7319847e-09,1.1275506e-06,3.4607595e-07,0.0001331728,7.953077e-06,0.00018017626,7.127763e-05,0.0002525561,0.99872607,2.9916522e-05,3.853185e-06,0.00059348263,0.99872607
pamap2,gnn_lstm,sequence,1,101,101,102,2728,2737,2737,6,8,7,13,nordic_walking,descending_stairs,False,5.483501e-09,1.0474147e-06,3.6196303e-07,0.00012422129,5.945921e-06,7.553799e-05,0.00013038036,0.00027430532,0.99878424,2.4725012e-05,2.6196371e-06,0.00057666854,0.99878424
pamap2,gnn_lstm,sequence,1,101,101,102,2729,2738,2738,6,8,7,13,nordic_walking,descending_stairs,False,3.5192077e-08,4.313354e-06,1.3854144e-06,0.00017822765,1.2371722e-05,8.772643e-05,0.00094014773,0.00052585057,0.9965501,8.295773e-05,6.5943195e-06,0.0016102963,0.9965501
pamap2,gnn_lstm,sequence,1,101,101,102,2730,2739,2739,6,8,7,13,nordic_walking,descending_stairs,False,5.1785012e-08,6.093793e-06,1.7464737e-06,0.00015756664,1.4922811e-05,6.716826e-05,0.002403787,0.0005835164,0.9941614,9.192262e-05,6.6730545e-06,0.0025051725,0.9941614
pamap2,gnn_lstm,sequence,1,101,101,102,2731,2740,2740,6,8,7,13,nordic_walking,descending_stairs,False,7.1781636e-07,4.2868214e-05,8.498764e-06,0.00019867616,5.0842544e-05,9.119831e-05,0.05766965,0.0017412676,0.9309057,0.00045787578,1.6232532e-05,0.008816461,0.9309057
pamap2,gnn_lstm,sequence,1,101,101,102,2732,2741,2741,6,6,7,7,nordic_walking,nordic_walking,True,4.075018e-06,0.00010201682,1.709814e-05,0.00014980536,8.131148e-05,6.2858766e-05,0.49768558,0.0036728194,0.48774296,0.0010242196,1.6479791e-05,0.009440756,0.49768558
pamap2,gnn_lstm,sequence,1,101,101,102,2733,2742,2742,6,6,7,7,nordic_walking,nordic_walking,True,6.5961754e-06,7.941223e-06,8.108842e-07,4.6934275e-07,3.4845293e-06,2.0075292e-07,0.9992957,0.00018069746,0.00038887977,5.3212727e-05,2.2276404e-07,6.1758285e-05,0.9992957
pamap2,gnn_lstm,sequence,1,101,101,102,2734,2743,2743,6,6,7,7,nordic_walking,nordic_walking,True,6.7591504e-06,5.113161e-06,4.7930587e-07,1.9721688e-07,2.7951971e-06,1.1383035e-07,0.99962544,0.00012294864,0.0001700467,2.8761879e-05,1.3004943e-07,3.7188238e-05,0.99962544
pamap2,gnn_lstm,sequence,1,101,101,102,2735,2744,2744,6,6,7,7,nordic_walking,nordic_walking,True,8.004638e-06,3.8983976e-06,3.4627675e-07,9.340957e-08,2.4730377e-06,7.5646376e-08,0.999765,8.7404194e-05,8.6859174e-05,1.8100513e-05,8.623942e-08,2.7594613e-05,0.999765
pamap2,gnn_lstm,sequence,1,101,101,102,2736,2745,2745,6,6,7,7,nordic_walking,nordic_walking,True,9.6436015e-06,3.9911565e-06,3.4691863e-07,8.414531e-08,2.615316e-06,7.713674e-08,0.9997763,8.500857e-05,7.5941396e-05,1.7764994e-05,8.681075e-08,2.8056842e-05,0.9997763
pamap2,gnn_lstm,sequence,1,101,101,102,2737,2746,2746,6,6,7,7,nordic_walking,nordic_walking,True,9.626403e-06,5.30232e-06,5.6333613e-07,1.4888036e-07,3.474009e-06,1.2465712e-07,0.99966204,0.000117811316,0.00013492418,2.6453945e-05,1.3348833e-07,3.945722e-05,0.99966204
pamap2,gnn_lstm,sequence,1,101,101,102,2738,2747,2747,6,6,7,7,nordic_walking,nordic_walking,True,9.928362e-06,8.607207e-06,1.2359916e-06,4.4387536e-07,6.200319e-06,3.4952797e-07,0.9991437,0.00023204193,0.00046016174,5.536518e-05,3.0595186e-07,8.160716e-05,0.9991437
pamap2,gnn_lstm,sequence,1,101,101,102,2739,2748,2748,6,6,7,7,nordic_walking,nordic_walking,True,1.0970981e-05,1.314658e-05,2.393385e-06,9.803604e-07,9.28945e-06,8.636366e-07,0.99799985,0.00038296662,0.0013171675,0.00010379832,5.9848605e-07,0.00015790039,0.99799985
pamap2,gnn_lstm,sequence,1,101,101,102,2740,2749,2749,6,6,7,7,nordic_walking,nordic_walking,True,1.14722225e-05,1.09453795e-05,1.9123545e-06,6.255899e-07,7.634069e-06,5.2297565e-07,0.9987275,0.00026665206,0.0007798415,7.0668844e-05,4.059459e-07,0.00012184111,0.9987275
pamap2,gnn_lstm,sequence,1,101,101,102,2741,2750,2750,6,6,7,7,nordic_walking,nordic_walking,True,1.1913477e-05,1.1649271e-05,2.031077e-06,6.0452425e-07,6.789856e-06,4.888327e-07,0.99881697,0.00023533107,0.0007214274,7.35787e-05,3.8504692e-07,0.00011890146,0.99881697
pamap2,gnn_lstm,sequence,1,101,101,102,2742,2751,2751,6,6,7,7,nordic_walking,nordic_walking,True,1.0632509e-05,9.947687e-06,1.5907954e-06,4.5558664e-07,5.8454966e-06,3.5233694e-07,0.9990896,0.00019058403,0.00053658173,5.6388617e-05,2.9548946e-07,9.7686e-05,0.9990896
pamap2,gnn_lstm,sequence,1,101,101,102,2743,2752,2752,6,6,7,7,nordic_walking,nordic_walking,True,9.292601e-06,6.2465324e-06,8.393953e-07,2.0424577e-07,3.7658176e-06,1.3662834e-07,0.99957114,0.00011962602,0.00020836266,2.9659343e-05,1.4801672e-07,5.0571325e-05,0.99957114
pamap2,gnn_lstm,sequence,1,101,101,102,2744,2753,2753,6,6,7,7,nordic_walking,nordic_walking,True,9.50913e-06,4.5863367e-06,5.011597e-07,1.08849946e-07,2.8271586e-06,8.1133e-08,0.9997321,8.6027816e-05,0.000109537505,1.9593848e-05,9.617817e-08,3.5053352e-05,0.9997321
pamap2,gnn_lstm,sequence,1,101,101,102,2745,2754,2754,6,6,7,7,nordic_walking,nordic_walking,True,8.411981e-06,3.9895585e-06,4.1264565e-07,8.7434394e-08,2.313842e-06,6.2987205e-08,0.9997706,7.5660995e-05,9.17686e-05,1.679164e-05,7.8064616e-08,2.9802506e-05,0.9997706
pamap2,gnn_lstm,sequence,1,101,101,102,2746,2755,2755,6,6,7,7,nordic_walking,nordic_walking,True,6.432377e-06,3.4044883e-06,3.2826262e-07,7.1365314e-08,1.9031015e-06,4.895394e-08,0.9997998,6.513618e-05,8.294078e-05,1.3947742e-05,6.2912434e-08,2.5979924e-05,0.9997998
pamap2,gnn_lstm,sequence,1,101,101,102,2747,2756,2756,6,6,7,7,nordic_walking,nordic_walking,True,5.7132297e-06,3.0886588e-06,2.5583068e-07,5.3219186e-08,1.5903178e-06,3.9518977e-08,0.99983704,5.289175e-05,6.4545275e-05,1.19522865e-05,5.2502337e-08,2.262643e-05,0.99983704
pamap2,gnn_lstm,sequence,1,101,101,102,2748,2757,2757,6,6,7,7,nordic_walking,nordic_walking,True,5.8895844e-06,2.5003033e-06,1.583073e-07,2.937778e-08,1.1995935e-06,2.6428923e-08,0.99989116,3.8453032e-05,3.525144e-05,8.645586e-06,3.642808e-08,1.6576814e-05,0.99989116
pamap2,gnn_lstm,sequence,1,101,101,102,2749,2758,2758,6,6,7,7,nordic_walking,nordic_walking,True,6.1731034e-06,2.234978e-06,1.2003036e-07,2.197759e-08,1.0861585e-06,2.2492165e-08,0.9999094,3.4494402e-05,2.551823e-05,7.226235e-06,3.084534e-08,1.3711794e-05,0.9999094
pamap2,gnn_lstm,sequence,1,101,101,102,2750,2759,2759,6,6,7,7,nordic_walking,nordic_walking,True,7.4756085e-06,3.6649299e-06,2.1989851e-07,4.982199e-08,1.7563057e-06,5.3041102e-08,0.9998497,5.4874094e-05,4.6946996e-05,1.3753144e-05,6.372037e-08,2.1486932e-05,0.9998497
pamap2,gnn_lstm,sequence,1,101,101,102,2751,2760,2760,6,6,7,7,nordic_walking,nordic_walking,True,8.388072e-06,5.0489593e-06,3.781458e-07,1.0404675e-07,2.787867e-06,1.087696e-07,0.9997433,9.099137e-05,9.3320785e-05,2.3084285e-05,1.1674639e-07,3.236128e-05,0.9997433
pamap2,gnn_lstm,sequence,1,101,101,102,2752,2761,2761,6,6,7,7,nordic_walking,nordic_walking,True,1.0147211e-05,8.382406e-06,7.4063377e-07,2.9795595e-07,4.707429e-06,2.963305e-07,0.99945396,0.00018223579,0.00023242431,5.1825275e-05,2.5773474e-07,5.482674e-05,0.99945396
pamap2,gnn_lstm,sequence,1,101,101,102,2753,2762,2762,6,6,7,7,nordic_walking,nordic_walking,True,1.4493253e-05,3.0289584e-05,3.4224977e-06,2.8040665e-06,1.4606494e-05,3.6635213e-06,0.9960085,0.00076229125,0.002557065,0.0003235295,1.7891157e-06,0.00027757417,0.9960085
pamap2,gnn_lstm,sequence,1,101,101,102,2754,2763,2763,6,6,7,7,nordic_walking,nordic_walking,True,3.256185e-05,0.0001758544,2.4419911e-05,4.435999e-05,6.586569e-05,9.293221e-05,0.95610565,0.0040419153,0.033376504,0.004187737,2.5345777e-05,0.001826821,0.95610565
pamap2,gnn_lstm,sequence,1,101,101,102,2755,2764,2764,6,8,7,13,nordic_walking,descending_stairs,False,2.0153939e-05,0.00044633308,7.5525495e-05,0.00060175295,0.0003203913,0.0022539066,0.22897017,0.011446408,0.7254855,0.016674688,0.00032345986,0.0133817475,0.7254855
pamap2,gnn_lstm,sequence,1,101,101,102,2756,2765,2765,6,8,7,13,nordic_walking,descending_stairs,False,1.3739888e-06,8.488246e-05,1.795424e-05,0.00047289216,0.000120924975,0.0015057576,0.011429315,0.0025956018,0.9728705,0.002728195,0.0001556865,0.008016818,0.9728705
pamap2,gnn_lstm,sequence,1,101,101,102,2757,2766,2766,6,8,7,13,nordic_walking,descending_stairs,False,2.6465452e-07,2.2196087e-05,6.164136e-06,0.00028195456,4.339831e-05,0.00039670686,0.004209451,0.0013511974,0.9889235,0.000595894,3.9422208e-05,0.0041298005,0.9889235
pamap2,gnn_lstm,sequence,1,101,101,102,2758,2767,2767,6,8,7,13,nordic_walking,descending_stairs,False,5.957797e-07,3.0637653e-05,9.251156e-06,0.00025055365,4.6999176e-05,0.00018272616,0.018842272,0.0022152194,0.9727429,0.00065525493,2.5446494e-05,0.0049981195,0.9727429
pamap2,gnn_lstm,sequence,1,101,101,102,2759,2768,2768,6,8,7,13,nordic_walking,descending_stairs,False,5.3687218e-06,0.000113475246,3.0657768e-05,0.00029016685,0.000111560425,0.00019914236,0.20159018,0.0054334034,0.7810123,0.0020254343,3.8981234e-05,0.009149316,0.7810123
pamap2,gnn_lstm,sequence,1,101,101,102,2760,2769,2769,6,6,7,7,nordic_walking,nordic_walking,True,2.3777515e-05,2.9893563e-05,5.1366114e-06,2.1528763e-06,9.082482e-06,1.6591775e-06,0.99749714,0.00047472943,0.0014252245,0.00034226498,1.1200965e-06,0.00018771456,0.99749714
pamap2,gnn_lstm,sequence,1,101,101,102,2761,2770,2770,6,6,7,7,nordic_walking,nordic_walking,True,2.44916e-05,4.885735e-05,9.051908e-06,5.750188e-06,1.3371717e-05,4.3443497e-06,0.9937402,0.0008487294,0.004194139,0.00074050436,2.5847655e-06,0.0003679987,0.9937402
pamap2,gnn_lstm,sequence,1,101,101,102,2762,2771,2771,6,6,7,7,nordic_walking,nordic_walking,True,2.087947e-05,5.3817923e-05,1.1208507e-05,9.1661595e-06,1.5685167e-05,5.903906e-06,0.98917246,0.0011760315,0.008134918,0.00086613797,3.5557484e-06,0.00053025084,0.98917246
pamap2,gnn_lstm,sequence,1,101,101,102,2763,2772,2772,6,6,7,7,nordic_walking,nordic_walking,True,1.3922351e-05,2.557591e-05,5.3231083e-06,3.0248873e-06,9.060285e-06,1.7669066e-06,0.9955434,0.0006618369,0.0031670663,0.00031594216,1.3352634e-06,0.00025171335,0.9955434
pamap2,gnn_lstm,sequence,1,101,101,102,2764,2773,2773,6,6,7,7,nordic_walking,nordic_walking,True,9.475204e-06,1.1540558e-05,2.2400316e-06,9.804302e-07,5.960699e-06,5.4593255e-07,0.9981699,0.00037561977,0.0011991176,0.00010545309,4.868213e-07,0.000118607175,0.9981699
pamap2,gnn_lstm,sequence,1,101,101,102,2765,2774,2774,6,6,7,7,nordic_walking,nordic_walking,True,9.051877e-06,5.0868803e-06,7.1655313e-07,1.763701e-07,3.0837075e-06,1.08780604e-07,0.99960035,0.00013327997,0.00017905948,2.9500712e-05,1.3335044e-07,3.9391398e-05,0.99960035
pamap2,gnn_lstm,sequence,1,101,101,102,2766,2775,2775,6,6,7,7,nordic_walking,nordic_walking,True,8.249e-06,4.0546797e-06,5.132851e-07,1.2029955e-07,2.896685e-06,8.122736e-08,0.9996853,0.000109946595,0.0001345308,2.044642e-05,1.0054049e-07,3.3888664e-05,0.9996853
pamap2,gnn_lstm,sequence,1,101,101,102,2767,2776,2776,6,6,7,7,nordic_walking,nordic_walking,True,9.73168e-06,4.684096e-06,5.8003127e-07,1.3460888e-07,3.0665517e-06,9.594519e-08,0.99967575,0.000111609224,0.00013350323,2.4439325e-05,1.1631955e-07,3.6231657e-05,0.99967575
pamap2,gnn_lstm,sequence,1,101,101,102,2768,2777,2777,6,6,7,7,nordic_walking,nordic_walking,True,9.910113e-06,6.245707e-06,8.910098e-07,2.552968e-07,3.7292864e-06,1.5764512e-07,0.9994972,0.00016027014,0.0002352837,3.9525574e-05,1.7926267e-07,4.64136e-05,0.9994972
pamap2,gnn_lstm,sequence,1,101,101,102,2769,2778,2778,6,6,7,7,nordic_walking,nordic_walking,True,1.3103123e-05,6.4010123e-06,7.898359e-07,1.7563605e-07,3.1901288e-06,1.353543e-07,0.9996306,0.00012597119,0.00014264838,3.7704165e-05,1.571748e-07,3.9141272e-05,0.9996306
pamap2,gnn_lstm,sequence,1,101,101,102,2770,2779,2779,6,6,7,7,nordic_walking,nordic_walking,True,8.757636e-06,6.162519e-06,9.0339745e-07,3.1461246e-07,3.6310073e-06,1.7122957e-07,0.9994142,0.00019113054,0.0002863174,4.415839e-05,1.9410125e-07,4.407408e-05,0.9994142
pamap2,gnn_lstm,sequence,1,101,101,102,2771,2780,2780,6,6,7,7,nordic_walking,nordic_walking,True,9.209576e-06,5.331842e-06,7.043683e-07,2.03754e-07,2.9643788e-06,1.2434724e-07,0.9995772,0.00014898501,0.00018421015,3.5018056e-05,1.4757619e-07,3.5917266e-05,0.9995772
pamap2,gnn_lstm,sequence,1,101,101,102,2772,2781,2781,6,6,7,7,nordic_walking,nordic_walking,True,9.109226e-06,6.359987e-06,9.967868e-07,3.6703108e-07,3.7204934e-06,1.9352196e-07,0.9993349,0.00022510071,0.00032227466,5.0878465e-05,2.181452e-07,4.583979e-05,0.9993349
pamap2,gnn_lstm,sequence,1,101,101,102,2773,2782,2782,6,6,7,7,nordic_walking,nordic_walking,True,1.3462612e-05,1.306886e-05,2.27657e-06,9.974586e-07,5.621265e-06,6.141006e-07,0.9985335,0.00040570978,0.00079020485,0.00014606582,5.5125787e-07,8.784262e-05,0.9985335
pamap2,gnn_lstm,sequence,1,101,101,102,2774,2783,2783,6,6,7,7,nordic_walking,nordic_walking,True,2.3267692e-05,3.8469505e-05,7.5061876e-06,3.890877e-06,1.1865719e-05,3.665774e-06,0.9950825,0.00082668534,0.0031297342,0.0006038588,2.1259905e-06,0.00026643908,0.9950825
pamap2,gnn_lstm,sequence,1,101,101,102,2775,2784,2784,6,6,7,7,nordic_walking,nordic_walking,True,3.731035e-05,8.723149e-05,1.8040573e-05,1.1620111e-05,2.2322305e-05,1.3837228e-05,0.987346,0.0014158826,0.008604949,0.0017888843,6.356193e-06,0.00064759597,0.987346
pamap2,gnn_lstm,sequence,1,101,101,102,2776,2785,2785,6,6,7,7,nordic_walking,nordic_walking,True,7.465571e-05,0.00023815171,4.589021e-05,4.051736e-05,5.5072036e-05,6.91611e-05,0.9667214,0.0023774651,0.022887588,0.0057262117,2.3804394e-05,0.0017400536,0.9667214
pamap2,gnn_lstm,sequence,1,101,101,102,2777,2786,2786,6,6,7,7,nordic_walking,nordic_walking,True,3.596039e-05,0.00010228621,1.4683289e-05,1.17956315e-05,2.7084754e-05,1.5695918e-05,0.98880684,0.0009975143,0.007586344,0.001616344,6.1403866e-06,0.00077931705,0.98880684
pamap2,gnn_lstm,sequence,1,101,101,102,2778,2787,2787,6,6,7,7,nordic_walking,nordic_walking,True,2.4921057e-05,0.0001064821,1.2983858e-05,1.38579635e-05,3.0689516e-05,1.7053228e-05,0.98553604,0.0009830695,0.010788718,0.0014354686,6.54655e-06,0.0010441404,0.98553604
pamap2,gnn_lstm,sequence,1,101,101,102,2779,2788,2788,6,6,7,7,nordic_walking,nordic_walking,True,1.6888112e-05,0.0001464609,1.7193843e-05,3.578563e-05,5.703408e-05,3.7001322e-05,0.95403147,0.0016120205,0.03971277,0.0016406081,1.1906283e-05,0.0026808567,0.95403147
pamap2,gnn_lstm,sequence,1,101,101,102,2780,2789,2789,6,6,7,7,nordic_walking,nordic_walking,True,1.8699575e-05,0.00021831549,2.4324941e-05,7.393703e-05,8.097967e-05,7.4556665e-05,0.918881,0.0023538172,0.07149294,0.0026299278,2.1091935e-05,0.0041303686,0.918881
pamap2,gnn_lstm,sequence,1,101,101,102,2781,2790,2790,6,8,7,13,nordic_walking,descending_stairs,False,1.2261459e-05,0.00040833876,4.9606133e-05,0.00046804038,0.00018061024,0.0005204976,0.39664534,0.005139516,0.57496077,0.0062215407,9.93641e-05,0.015294116,0.57496077
pamap2,gnn_lstm,sequence,1,101,101,102,2782,2791,2791,6,8,7,13,nordic_walking,descending_stairs,False,1.1679388e-05,0.0005987682,5.757344e-05,0.00094938185,0.00021348555,0.0012569219,0.19826224,0.0047956645,0.7633341,0.0102328,0.00021028686,0.020077197,0.7633341
pamap2,gnn_lstm,sequence,1,101,101,102,2783,2792,2792,6,8,7,13,nordic_walking,descending_stairs,False,1.8708477e-05,0.00079780817,6.77442e-05,0.0010678694,0.00023374458,0.001159817,0.31867182,0.006058287,0.63768715,0.013656272,0.00021685628,0.02036386,0.63768715
pamap2,gnn_lstm,sequence,1,101,101,102,2784,2793,2793,6,8,7,13,nordic_walking,descending_stairs,False,9.6929674e-05,0.0029228919,0.00018044312,0.0025659462,0.00043564127,0.004389038,0.3999723,0.009339278,0.47427002,0.07704951,0.0008796197,0.027898408,0.47427002
pamap2,gnn_lstm,sequence,1,101,101,102,2785,2794,2794,6,8,7,13,nordic_walking,descending_stairs,False,2.5069923e-05,0.0015437504,0.00010990193,0.0032209826,0.0007098215,0.011610948,0.032370277,0.0039757276,0.8664055,0.028522044,0.0019301925,0.049575724,0.8664055
pamap2,gnn_lstm,sequence,1,101,101,102,2786,2795,2795,6,8,7,13,nordic_walking,descending_stairs,False,0.000102000005,0.0034927062,0.00024002201,0.00578737,0.0012780797,0.036976192,0.04403163,0.0077774776,0.7392385,0.10939986,0.0049259374,0.04675026,0.7392385
pamap2,gnn_lstm,sequence,1,101,101,102,2787,2796,2796,6,8,7,13,nordic_walking,descending_stairs,False,0.00015458367,0.0033381046,0.00028780938,0.004691415,0.00065787655,0.043088447,0.06562014,0.013940049,0.54313576,0.30800292,0.0038635267,0.0132192485,0.54313576
pamap2,gnn_lstm,sequence,1,101,101,102,2788,2797,2797,6,8,7,13,nordic_walking,descending_stairs,False,5.923257e-05,0.0016580656,0.00019197741,0.004653454,0.00046136286,0.046732686,0.019317254,0.01022804,0.7421866,0.16288558,0.002890164,0.008735631,0.7421866
pamap2,gnn_lstm,sequence,1,101,101,102,2789,2798,2798,6,8,7,13,nordic_walking,descending_stairs,False,1.8704413e-05,0.00059961336,0.00010264448,0.001869129,0.00030220347,0.018533705,0.013454329,0.0058629755,0.9127109,0.03691848,0.0010448749,0.00858231,0.9127109
pamap2,gnn_lstm,sequence,1,101,101,102,2790,2799,2799,6,8,7,13,nordic_walking,descending_stairs,False,2.5542954e-06,0.00013038689,2.567113e-05,0.00067380344,0.00013511947,0.0038702593,0.0063207857,0.0023671263,0.97506577,0.004241645,0.00020114682,0.0069657927,0.97506577
pamap2,gnn_lstm,sequence,1,101,101,102,2791,2800,2800,6,8,7,13,nordic_walking,descending_stairs,False,1.7176197e-07,1.7589238e-05,3.8929593e-06,0.00026394692,4.0021947e-05,0.00061013293,0.0014247407,0.0007793344,0.9928699,0.00033773092,3.0382264e-05,0.0036221698,0.9928699
pamap2,gnn_lstm,sequence,1,101,101,102,2792,2801,2801,6,8,7,13,nordic_walking,descending_stairs,False,2.1336671e-08,3.3150577e-06,8.8131446e-07,0.00013241611,1.2412281e-05,0.000107968044,0.000576757,0.0004065976,0.99709487,5.569933e-05,5.6680665e-06,0.0016035474,0.99709487
pamap2,gnn_lstm,sequence,1,101,101,102,2793,2802,2802,6,8,7,13,nordic_walking,descending_stairs,False,4.305336e-09,8.552219e-07,2.7979178e-07,8.554692e-05,5.265808e-06,3.6319107e-05,0.00023113444,0.000273509,0.9986828,1.5809488e-05,1.6195462e-06,0.000666967,0.9986828
pamap2,gnn_lstm,sequence,1,101,101,102,2794,2803,2803,6,8,7,13,nordic_walking,descending_stairs,False,1.4911953e-09,3.4631705e-07,1.19539e-07,6.550825e-05,2.9303403e-06,2.106162e-05,0.000120938465,0.00021828506,0.9992342,7.789241e-06,6.708764e-07,0.00032808585,0.9992342
pamap2,gnn_lstm,sequence,1,101,101,102,2795,2804,2804,6,8,7,13,nordic_walking,descending_stairs,False,2.7844603e-08,2.4897288e-06,8.7922376e-07,8.053628e-05,1.2591903e-05,3.289426e-05,0.0030862985,0.00092368375,0.99454737,4.029009e-05,2.4192252e-06,0.0012705788,0.99454737
pamap2,gnn_lstm,sequence,1,101,101,102,2796,2805,2805,6,6,7,7,nordic_walking,nordic_walking,True,4.0817363e-06,4.458576e-05,9.480118e-06,2.8390043e-05,5.9783997e-05,1.9713298e-05,0.81883234,0.003380316,0.17397685,0.00037781498,5.519882e-06,0.0032611429,0.81883234
pamap2,gnn_lstm,sequence,1,101,101,102,2797,2806,2806,6,6,7,7,nordic_walking,nordic_walking,True,3.7296923e-06,3.9539095e-06,4.478549e-07,2.0778761e-07,3.8106714e-06,1.2612358e-07,0.9994106,0.00015678552,0.0003520019,2.0842946e-05,1.2783318e-07,4.7313733e-05,0.9994106
pamap2,gnn_lstm,sequence,1,101,101,102,2798,2807,2807,6,6,7,7,nordic_walking,nordic_walking,True,5.3988824e-06,3.4339978e-06,2.840447e-07,9.191861e-08,2.943013e-06,8.095157e-08,0.9997346,9.338291e-05,0.00011524137,1.5092092e-05,8.621345e-08,2.9395645e-05,0.9997346
pamap2,gnn_lstm,sequence,1,101,101,102,2799,2808,2808,6,6,7,7,nordic_walking,nordic_walking,True,6.0818206e-06,4.8329557e-06,4.2584168e-07,1.5608485e-07,4.0371074e-06,1.433485e-07,0.9996137,0.00012708557,0.0001793223,2.3269555e-05,1.3391349e-07,4.0810803e-05,0.9996137
pamap2,gnn_lstm,sequence,1,101,101,102,2800,2809,2809,6,6,7,7,nordic_walking,nordic_walking,True,6.0119887e-06,5.4122784e-06,5.2427066e-07,2.0249597e-07,4.5431016e-06,1.7475232e-07,0.9995235,0.00014854189,0.00023567233,2.7241043e-05,1.5683412e-07,4.8003276e-05,0.9995235
pamap2,gnn_lstm,sequence,1,101,101,102,2801,2810,2810,6,6,7,7,nordic_walking,nordic_walking,True,6.0880875e-06,4.978909e-06,4.731806e-07,1.6641025e-07,3.7805726e-06,1.3648281e-07,0.99960786,0.00012836515,0.00018229078,2.4389865e-05,1.3012306e-07,4.1322706e-05,0.99960786
pamap2,gnn_lstm,sequence,1,101,101,102,2802,2811,2811,6,6,7,7,nordic_walking,nordic_walking,True,6.037912e-06,7.349326e-06,7.480565e-07,3.8658797e-07,4.995809e-06,2.5983664e-07,0.9992506,0.00021168946,0.00040676424,4.4110595e-05,2.2871991e-07,6.688527e-05,0.9992506
pamap2,gnn_lstm,sequence,1,101,101,102,2803,2812,2812,6,6,7,7,nordic_walking,nordic_walking,True,6.536554e-06,1.3444832e-05,1.4826364e-06,1.2464849e-06,8.18847e-06,7.892567e-07,0.9977703,0.00043785234,0.0014872603,0.00010702439,5.8084805e-07,0.00016529708,0.9977703
pamap2,gnn_lstm,sequence,1,101,101,102,2804,2813,2813,6,6,7,7,nordic_walking,nordic_walking,True,5.9664526e-06,1.8784385e-05,2.3125524e-06,2.8351285e-06,1.2736688e-05,1.584885e-06,0.9940106,0.0007090552,0.0047061467,0.00015553975,1.0311587e-06,0.0003733499,0.9940106
pamap2,gnn_lstm,sequence,1,101,101,102,2805,2814,2814,6,6,7,7,nordic_walking,nordic_walking,True,5.560911e-06,1.539321e-05,1.7304453e-06,1.7524453e-06,8.803797e-06,8.4261285e-07,0.9966202,0.00044258105,0.0025257808,0.000109308225,6.9291553e-07,0.00026731822,0.9966202
pamap2,gnn_lstm,sequence,1,101,101,102,2806,2815,2815,6,6,7,7,nordic_walking,nordic_walking,True,5.376988e-06,1.9993546e-05,2.4166054e-06,3.3252163e-06,1.1118675e-05,1.4313981e-06,0.99361247,0.0005906416,0.0051906197,0.00014705716,1.023462e-06,0.00041461675,0.99361247
pamap2,gnn_lstm,sequence,1,101,101,102,2807,2816,2816,6,6,7,7,nordic_walking,nordic_walking,True,6.176722e-06,3.8443836e-06,3.2036453e-07,1.1261081e-07,2.0038044e-06,6.438455e-08,0.99975544,8.659228e-05,9.911771e-05,1.8649951e-05,8.156158e-08,2.7729075e-05,0.99975544
pamap2,gnn_lstm,sequence,1,101,101,102,2808,2817,2817,6,6,7,7,nordic_walking,nordic_walking,True,7.82493e-06,3.3686235e-06,2.535067e-07,6.8353366e-08,1.8760625e-06,5.2826742e-08,0.9998247,6.664639e-05,5.8774862e-05,1.4410804e-05,6.172786e-08,2.1835313e-05,0.9998247
pamap2,gnn_lstm,sequence,1,101,101,102,2809,2818,2818,6,6,7,7,nordic_walking,nordic_walking,True,9.042214e-06,4.264377e-06,3.4233662e-07,9.3954675e-08,2.1434291e-06,7.200347e-08,0.9997892,7.731587e-05,7.1983544e-05,1.9313213e-05,7.982884e-08,2.6087699e-05,0.9997892
pamap2,gnn_lstm,sequence,1,101,101,102,2810,2819,2819,6,6,7,7,nordic_walking,nordic_walking,True,8.7198805e-06,5.5532278e-06,5.300157e-07,1.8643489e-07,2.870733e-06,1.2141192e-07,0.99966264,0.00011552202,0.00013709084,2.9523571e-05,1.2644229e-07,3.7021466e-05,0.99966264
pamap2,gnn_lstm,sequence,1,101,101,102,2811,2820,2820,6,6,7,7,nordic_walking,nordic_walking,True,7.494555e-06,6.521767e-06,6.673017e-07,2.846269e-07,3.2499474e-06,1.6647229e-07,0.999521,0.00015007047,0.000224916,3.9728176e-05,1.6860689e-07,4.5684134e-05,0.999521
pamap2,gnn_lstm,sequence,1,101,101,102,2812,2821,2821,6,6,7,7,nordic_walking,nordic_walking,True,7.444763e-06,1.0844967e-05,1.1087477e-06,6.666684e-07,5.37001e-06,4.4523512e-07,0.9989562,0.00024278721,0.000609652,7.6937875e-05,3.4762687e-07,8.823007e-05,0.9989562
pamap2,gnn_lstm,sequence,1,101,101,102,2813,2822,2822,6,6,7,7,nordic_walking,nordic_walking,True,1.3250555e-05,5.2349267e-05,6.0064044e-06,7.749188e-06,1.6740498e-05,6.602586e-06,0.9910631,0.0009846751,0.0066826744,0.0006644726,2.9973266e-06,0.0004993147,0.9910631
pamap2,gnn_lstm,sequence,1,101,101,102,2814,2823,2823,6,6,7,7,nordic_walking,nordic_walking,True,1.994446e-05,0.00020335375,2.5951278e-05,7.967519e-05,5.977871e-05,7.594913e-05,0.91420233,0.003403978,0.07491301,0.003593841,2.1606913e-05,0.0034006468,0.91420233
pamap2,gnn_lstm,sequence,1,101,101,102,2815,2824,2824,6,6,7,7,nordic_walking,nordic_walking,True,1.7023962e-05,0.00017146433,2.0145477e-05,5.473456e-05,5.4505887e-05,4.836992e-05,0.9343307,0.0023537562,0.05745259,0.0022862565,1.4901519e-05,0.0031955296,0.9343307
pamap2,gnn_lstm,sequence,1,101,101,102,2816,2825,2825,6,6,7,7,nordic_walking,nordic_walking,True,1.5032837e-05,0.000118294985,1.2067019e-05,2.838343e-05,3.9065835e-05,2.6125635e-05,0.9679092,0.0017743292,0.026862802,0.0014953497,8.876127e-06,0.0017103197,0.9679092
pamap2,gnn_lstm,sequence,1,101,101,102,2817,2826,2826,6,6,7,7,nordic_walking,nordic_walking,True,1.2715367e-05,6.4614804e-05,7.676341e-06,1.2483362e-05,2.7937802e-05,1.1633377e-05,0.9829926,0.0014133422,0.0137940785,0.00074809697,4.5194715e-06,0.0009103822,0.9829926
pamap2,gnn_lstm,sequence,1,101,101,102,2818,2827,2827,6,6,7,7,nordic_walking,nordic_walking,True,1.579456e-05,6.028757e-05,7.996451e-06,9.993684e-06,2.4870595e-05,1.04683395e-05,0.98653245,0.0014650747,0.010319656,0.00079877704,4.1630333e-06,0.00075053255,0.98653245
pamap2,gnn_lstm,sequence,1,101,101,102,2819,2828,2828,6,6,7,7,nordic_walking,nordic_walking,True,1.6076103e-05,6.548877e-05,1.02990525e-05,1.1904483e-05,2.9415982e-05,1.3064595e-05,0.9802869,0.0017984605,0.015830657,0.00088773563,5.063382e-06,0.0010450525,0.9802869
pamap2,gnn_lstm,sequence,1,101,101,102,2820,2829,2829,6,6,7,7,nordic_walking,nordic_walking,True,1.6894595e-05,5.2811803e-05,8.144558e-06,6.8896093e-06,2.2221404e-05,7.4505806e-06,0.988938,0.0012345555,0.008322496,0.0006450481,3.49233e-06,0.00074199704,0.988938
pamap2,gnn_lstm,sequence,1,101,101,102,2821,2830,2830,6,6,7,7,nordic_walking,nordic_walking,True,1.41423025e-05,6.973657e-05,1.33598405e-05,1.979213e-05,3.4427838e-05,1.8827803e-05,0.96129143,0.002519023,0.03352605,0.0010550136,6.744235e-06,0.0014315395,0.96129143
pamap2,gnn_lstm,sequence,1,101,101,102,2822,2831,2831,6,6,7,7,nordic_walking,nordic_walking,True,1.319636e-05,5.6427056e-05,1.0748965e-05,1.6879352e-05,3.1023206e-05,1.5483722e-05,0.96954614,0.0022829336,0.026143538,0.00084497756,5.104592e-06,0.001033651,0.96954614
pamap2,gnn_lstm,sequence,1,101,101,102,2823,2832,2832,6,8,7,13,nordic_walking,descending_stairs,False,5.4726606e-06,9.2800095e-05,2.2321927e-05,0.00027212585,0.00011593299,0.00022753756,0.3203771,0.010508184,0.6608095,0.002277689,3.2570024e-05,0.0052587595,0.6608095
pamap2,gnn_lstm,sequence,1,101,101,102,2824,2833,2833,6,8,7,13,nordic_walking,descending_stairs,False,3.0022917e-08,3.4330276e-06,1.0013133e-06,0.0002554579,1.5094996e-05,0.0001400515,0.0010464754,0.0011486933,0.9964239,0.000135552,7.4318214e-06,0.00082290935,0.9964239
pamap2,gnn_lstm,sequence,1,101,101,102,2825,2834,2834,6,8,7,13,nordic_walking,descending_stairs,False,1.601618e-09,4.9523413e-07,1.2348463e-07,0.00014800268,4.262133e-06,7.036764e-05,5.858626e-05,0.00025721182,0.99918884,1.6525379e-05,1.5342758e-06,0.00025393657,0.99918884
pamap2,gnn_lstm,sequence,1,101,101,102,2826,2835,2835,6,8,7,13,nordic_walking,descending_stairs,False,8.1254464e-10,3.2338662e-07,6.870409e-08,0.00018805113,3.506807e-06,5.634608e-05,3.2899497e-05,0.00021814439,0.9993143,1.0398316e-05,9.488704e-07,0.00017498714,0.9993143
pamap2,gnn_lstm,sequence,1,101,101,102,2827,2836,2836,6,8,7,13,nordic_walking,descending_stairs,False,6.2007355e-10,3.117978e-07,5.5749467e-08,0.0002382465,4.057277e-06,6.887487e-05,1.9679532e-05,0.0001802029,0.9993006,7.869415e-06,8.906417e-07,0.00017926769,0.9993006
pamap2,gnn_lstm,sequence,1,101,101,102,2828,2837,2837,6,8,7,13,nordic_walking,descending_stairs,False,7.127224e-10,4.7483775e-07,6.630309e-08,0.00038780787,6.087895e-06,9.566946e-05,1.6887245e-05,0.00015883542,0.9990721,7.3605743e-06,1.1194444e-06,0.0002535512,0.9990721
pamap2,gnn_lstm,sequence,1,101,101,102,2829,2838,2838,6,8,7,13,nordic_walking,descending_stairs,False,1.2253505e-09,9.864958e-07,1.03169214e-07,0.0007169307,1.1765305e-05,0.00014096028,2.0786765e-05,0.00015750501,0.9984787,8.490192e-06,1.8052974e-06,0.00046195826,0.9984787
pamap2,gnn_lstm,sequence,1,101,101,102,2830,2839,2839,6,8,7,13,nordic_walking,descending_stairs,False,2.4348354e-09,2.0260318e-06,1.8520092e-07,0.0009874727,2.2679285e-05,0.00018172718,3.2194133e-05,0.00016930778,0.99759465,1.0770107e-05,3.4086231e-06,0.0009955498,0.99759465
pamap2,gnn_lstm,sequence,1,101,101,102,2831,2840,2840,6,8,7,13,nordic_walking,descending_stairs,False,1.1267706e-08,8.677312e-06,6.1723625e-07,0.002124137,7.899339e-05,0.00036824663,7.18354e-05,0.00022914528,0.99262273,2.4096267e-05,1.5684256e-05,0.0044557783,0.99262273
pamap2,gnn_lstm,sequence,1,101,101,102,2832,2841,2841,6,8,7,13,nordic_walking,descending_stairs,False,1.7480911e-08,1.37721245e-05,9.93057e-07,0.001989222,8.7972e-05,0.00034311492,0.00012423944,0.000249427,0.98965454,3.564098e-05,2.5618263e-05,0.007475371,0.98965454
pamap2,gnn_lstm,sequence,1,101,101,102,2833,2842,2842,6,8,7,13,nordic_walking,descending_stairs,False,7.3474105e-08,3.1999232e-05,2.8509266e-06,0.001094926,0.00014769172,0.00040251605,0.000546614,0.00033321115,0.97067404,8.522053e-05,6.6433015e-05,0.026614346,0.97067404
pamap2,gnn_lstm,sequence,1,101,101,102,2834,2843,2843,6,8,7,13,nordic_walking,descending_stairs,False,4.6503348e-07,8.232746e-05,8.683998e-06,0.00070905563,0.000114241186,0.0003622208,0.007775786,0.0008727016,0.9613635,0.00051386695,8.324581e-05,0.028113866,0.9613635
pamap2,gnn_lstm,sequence,1,101,101,102,2835,2844,2844,6,6,7,7,nordic_walking,nordic_walking,True,3.1782387e-05,0.0005334152,4.767922e-05,0.00020873245,9.923906e-05,0.00016501958,0.86597985,0.0038597598,0.112353735,0.007935877,6.863699e-05,0.008716222,0.86597985
pamap2,gnn_lstm,sequence,1,101,101,102,2836,2845,2845,6,6,7,7,nordic_walking,nordic_walking,True,1.48311e-05,3.175803e-05,2.3791733e-06,1.494941e-06,7.174834e-06,1.2027789e-06,0.99850357,0.00029287004,0.00072700233,0.000262875,9.852455e-07,0.00015391277,0.99850357
pamap2,gnn_lstm,sequence,1,101,101,102,2837,2846,2846,6,6,7,7,nordic_walking,nordic_walking,True,1.9082085e-05,4.5529945e-05,2.8700467e-06,2.0075977e-06,7.862141e-06,1.6907377e-06,0.9983558,0.00030967625,0.0006968307,0.00037905073,1.376529e-06,0.00017825744,0.9983558
pamap2,gnn_lstm,sequence,1,101,101,102,2838,2847,2847,6,6,7,7,nordic_walking,nordic_walking,True,2.0191586e-05,4.434118e-05,2.6440173e-06,1.9633758e-06,7.95749e-06,1.6069353e-06,0.9985258,0.0003090748,0.0005856593,0.00034341562,1.2892535e-06,0.00015606504,0.9985258
pamap2,gnn_lstm,sequence,1,101,101,102,2839,2848,2848,6,6,7,7,nordic_walking,nordic_walking,True,3.0810515e-05,6.948132e-05,4.086129e-06,3.7401715e-06,1.2084768e-05,3.5346486e-06,0.9976974,0.00046502467,0.0008473895,0.00064581493,2.4363771e-06,0.00021823552,0.9976974
pamap2,gnn_lstm,sequence,1,101,101,102,2840,2849,2849,6,6,7,7,nordic_walking,nordic_walking,True,4.226335e-05,0.00011806615,7.502719e-06,8.839588e-06,2.0151136e-05,1.031504e-05,0.99520713,0.0008312653,0.0018412718,0.0015360587,5.796536e-06,0.00037137562,0.99520713
pamap2,gnn_lstm,sequence,1,101,101,102,2841,2850,2850,6,6,7,7,nordic_walking,nordic_walking,True,8.251336e-05,0.0003431407,2.5241417e-05,4.207262e-05,5.2694344e-05,7.6108365e-05,0.98099905,0.002238234,0.0072489358,0.00783631,3.1017105e-05,0.0010247512,0.98099905
pamap2,gnn_lstm,sequence,1,101,101,102,2842,2851,2851,6,6,7,7,nordic_walking,nordic_walking,True,5.6432633e-05,0.00019625202,1.820522e-05,2.3737723e-05,3.6859128e-05,3.8224414e-05,0.9866649,0.0018377297,0.006175928,0.0041780886,1.5267944e-05,0.00075832097,0.9866649
pamap2,gnn_lstm,sequence,1,101,101,102,2843,2852,2852,6,6,7,7,nordic_walking,nordic_walking,True,4.8154674e-05,0.0001445607,1.45803415e-05,1.6123273e-05,2.593841e-05,2.1378188e-05,0.98984677,0.00144335,0.004884031,0.00292966,9.005796e-06,0.0006164786,0.98984677
pamap2,gnn_lstm,sequence,1,101,101,102,2844,2853,2853,6,6,7,7,nordic_walking,nordic_walking,True,4.142233e-05,0.00015560411,1.6156928e-05,1.8962137e-05,2.9113498e-05,2.1414275e-05,0.9872678,0.001357398,0.0075051333,0.0025820879,9.543294e-06,0.0009954366,0.9872678
pamap2,gnn_lstm,sequence,1,101,101,102,2845,2854,2854,6,6,7,7,nordic_walking,nordic_walking,True,2.3917048e-05,5.511047e-05,5.7006705e-06,4.3989953e-06,1.3572142e-05,3.62991e-06,0.99601173,0.0006637855,0.0022090792,0.00060823426,2.5834845e-06,0.00039820408,0.99601173
pamap2,gnn_lstm,sequence,1,101,101,102,2846,2855,2855,6,6,7,7,nordic_walking,nordic_walking,True,1.2239895e-05,1.0597464e-05,1.0210135e-06,3.492805e-07,3.5668902e-06,2.4814415e-07,0.9994443,0.00017446314,0.00022246587,7.4137366e-05,2.7154096e-07,5.6347293e-05,0.9994443
pamap2,gnn_lstm,sequence,1,101,101,102,2847,2856,2856,6,6,7,7,nordic_walking,nordic_walking,True,8.886055e-06,4.5082097e-06,3.979845e-07,8.366525e-08,2.061477e-06,7.216757e-08,0.9997787,7.976032e-05,7.695218e-05,2.182771e-05,8.8550166e-08,2.6672524e-05,0.9997787
pamap2,gnn_lstm,sequence,1,101,101,102,2848,2857,2857,6,6,7,7,nordic_walking,nordic_walking,True,8.537637e-06,3.5267904e-06,2.7506502e-07,5.346902e-08,1.8193809e-06,5.1228778e-08,0.99983215,6.278115e-05,5.404482e-05,1.4903727e-05,6.424756e-08,2.1813623e-05,0.99983215
pamap2,gnn_lstm,sequence,1,101,101,102,2849,2858,2858,6,6,7,7,nordic_walking,nordic_walking,True,8.106981e-06,3.1207362e-06,2.2665623e-07,4.2739657e-08,1.6804472e-06,4.233537e-08,0.9998541,5.530915e-05,4.5401102e-05,1.2199896e-05,5.4216066e-08,1.977691e-05,0.9998541
pamap2,gnn_lstm,sequence,1,101,101,102,2850,2859,2859,6,6,7,7,nordic_walking,nordic_walking,True,7.687243e-06,2.6082068e-06,1.6990039e-07,3.144574e-08,1.5228792e-06,3.2958937e-08,0.999879,4.743239e-05,3.5257264e-05,9.248458e-06,4.28104e-08,1.6956936e-05,0.999879
pamap2,gnn_lstm,sequence,1,101,101,102,2851,2860,2860,6,6,7,7,nordic_walking,nordic_walking,True,7.5655494e-06,2.1081585e-06,1.1993274e-07,2.1347285e-08,1.2976548e-06,2.4243636e-08,0.99990344,4.0169925e-05,2.4840048e-05,6.8961353e-06,3.222806e-08,1.35340515e-05,0.99990344
pamap2,gnn_lstm,sequence,1,101,101,102,2852,2861,2861,6,6,7,7,nordic_walking,nordic_walking,True,7.4597565e-06,2.1103126e-06,1.1995778e-07,2.2822467e-08,1.3623046e-06,2.5408102e-08,0.99990046,4.176186e-05,2.595901e-05,6.9302528e-06,3.3029437e-08,1.3761519e-05,0.99990046
pamap2,gnn_lstm,sequence,1,101,101,102,2853,2862,2862,6,6,7,7,nordic_walking,nordic_walking,True,7.143741e-06,2.2622007e-06,1.3191745e-07,2.760371e-08,1.522748e-06,3.010125e-08,0.99988914,4.615138e-05,3.0940395e-05,7.6662145e-06,3.7703757e-08,1.5040511e-05,0.99988914
pamap2,gnn_lstm,sequence,1,101,101,102,2854,2863,2863,6,6,7,7,nordic_walking,nordic_walking,True,6.7974643e-06,2.281878e-06,1.3550938e-07,2.9469433e-08,1.632336e-06,3.1851716e-08,0.9998838,4.8163216e-05,3.3752338e-05,7.697755e-06,3.9597182e-08,1.5750997e-05,0.9998838
pamap2,gnn_lstm,sequence,1,101,101,102,2855,2864,2864,6,6,7,7,nordic_walking,nordic_walking,True,6.0679176e-06,2.241153e-06,1.3203554e-07,2.9199354e-08,1.5708204e-06,3.0550275e-08,0.99988556,4.6137004e-05,3.493631e-05,7.510277e-06,3.8330107e-08,1.5757185e-05,0.99988556
pamap2,gnn_lstm,sequence,1,101,101,102,2856,2865,2865,6,6,7,7,nordic_walking,nordic_walking,True,6.07936e-06,2.341608e-06,1.3225802e-07,2.9176569e-08,1.560874e-06,3.1735688e-08,0.9998869,4.5231616e-05,3.4255565e-05,7.770608e-06,3.9134864e-08,1.5799653e-05,0.9998869
pamap2,gnn_lstm,sequence,1,101,101,102,2857,2866,2866,6,6,7,7,nordic_walking,nordic_walking,True,6.8734544e-06,2.478487e-06,1.3822849e-07,2.9108033e-08,1.5630906e-06,3.4055997e-08,0.99988496,4.7366404e-05,3.2498774e-05,8.467775e-06,4.152612e-08,1.5517086e-05,0.99988496
pamap2,gnn_lstm,sequence,1,101,101,102,2858,2867,2867,6,6,7,7,nordic_walking,nordic_walking,True,7.5922885e-06,3.319439e-06,2.0041051e-07,4.7054048e-08,1.9937318e-06,5.6123522e-08,0.99984574,6.2199106e-05,4.6607554e-05,1.2575311e-05,6.166973e-08,1.9679906e-05,0.99984574
pamap2,gnn_lstm,sequence,1,101,101,102,2859,2868,2868,6,6,7,7,nordic_walking,nordic_walking,True,7.399403e-06,4.8901006e-06,2.9456197e-07,8.8799695e-08,2.7011367e-06,1.0464418e-07,0.99976784,8.746606e-05,8.109193e-05,2.0568821e-05,9.85523e-08,2.7538776e-05,0.99976784
pamap2,gnn_lstm,sequence,1,101,101,102,2860,2869,2869,6,6,7,7,nordic_walking,nordic_walking,True,8.81265e-06,1.190346e-05,6.5846984e-07,3.479588e-07,5.712557e-06,3.8561288e-07,0.9994506,0.00017328231,0.00023157679,5.362049e-05,2.809774e-07,6.274283e-05,0.9994506
pamap2,gnn_lstm,sequence,1,101,101,102,2861,2870,2870,6,6,7,7,nordic_walking,nordic_walking,True,2.1800075e-05,8.466861e-05,4.4351036e-06,5.8195515e-06,3.8145376e-05,1.04510455e-05,0.9952378,0.0007588437,0.0027489185,0.0005287894,4.167213e-06,0.0005560989,0.9952378
pamap2,gnn_lstm,sequence,1,101,101,102,2862,2871,2871,6,6,7,7,nordic_walking,nordic_walking,True,0.000115640745,0.0016192767,8.798482e-05,0.00039845333,0.0012983598,0.0027013924,0.79187447,0.008972287,0.1517546,0.016637918,0.00044751444,0.024092099,0.79187447
pamap2,gnn_lstm,sequence,1,101,101,102,2863,2872,2872,6,6,7,7,nordic_walking,nordic_walking,True,0.00017498682,0.0036728606,0.0001736557,0.0013492166,0.004186498,0.013999377,0.43132398,0.011344628,0.4109999,0.03250151,0.0018470741,0.088426426,0.43132398
pamap2,gnn_lstm,sequence,1,101,101,102,2864,2873,2873,6,8,7,13,nordic_walking,descending_stairs,False,0.00010664582,0.0036791582,0.00016930357,0.0020359848,0.008146899,0.022948422,0.080989406,0.004129441,0.5250806,0.015385733,0.0040908745,0.33323747,0.5250806
pamap2,gnn_lstm,sequence,1,101,101,102,2865,2874,2874,6,8,7,13,nordic_walking,descending_stairs,False,5.8427035e-05,0.0025141512,0.00012786734,0.0021215572,0.006721885,0.021854607,0.031041946,0.0026461207,0.56068087,0.009666585,0.0041802796,0.35838577,0.56068087
pamap2,gnn_lstm,sequence,1,101,101,102,2866,2875,2875,6,8,7,13,nordic_walking,descending_stairs,False,2.5420084e-05,0.0012307864,8.4880405e-05,0.0015018785,0.00560614,0.020740604,0.0065762247,0.0013075753,0.53479934,0.0038993747,0.004757819,0.41946995,0.53479934
pamap2,gnn_lstm,sequence,1,101,101,102,2867,2876,2876,6,11,7,24,nordic_walking,rope_jumping,False,1.4882908e-05,0.0005598015,7.2977185e-05,0.00038974851,0.0048350943,0.0061997836,0.0017332073,0.0003904487,0.1972806,0.00066209683,0.0037617956,0.7840996,0.7840996
pamap2,gnn_lstm,sequence,1,101,101,102,2868,2877,2877,6,11,7,24,nordic_walking,rope_jumping,False,1.367715e-05,0.00047578075,6.96081e-05,0.00026984536,0.0038659922,0.0029359017,0.0022591352,0.00033796483,0.15077478,0.00047721673,0.002601164,0.83591884,0.83591884
pamap2,gnn_lstm,sequence,1,101,101,102,2869,2878,2878,6,8,7,13,nordic_walking,descending_stairs,False,1.5553727e-05,0.00084724074,9.357788e-05,0.0011255736,0.0016641979,0.00581601,0.011939403,0.0012071234,0.69529575,0.0031633133,0.0020221488,0.27681014,0.69529575
pamap2,gnn_lstm,sequence,1,101,101,102,2870,2879,2879,6,8,7,13,nordic_walking,descending_stairs,False,3.181204e-05,0.0016087731,0.00014184015,0.0020295742,0.0004626701,0.0053255055,0.087386504,0.004338428,0.8244322,0.027358703,0.0010895953,0.045794316,0.8244322
pamap2,gnn_lstm,sequence,1,101,101,102,2871,2880,2880,6,8,7,13,nordic_walking,descending_stairs,False,8.233345e-05,0.0021173109,0.00023426494,0.0014813119,0.0003988498,0.0026191093,0.3773253,0.0073286286,0.5271236,0.044813875,0.0008560349,0.03561947,0.5271236
pamap2,gnn_lstm,sequence,1,101,101,102,2872,2881,2881,6,6,7,7,nordic_walking,nordic_walking,True,9.551209e-05,0.0003281042,2.8728187e-05,2.7365506e-05,3.1540127e-05,4.0839866e-05,0.98413056,0.001352737,0.0051462543,0.007828112,2.1180776e-05,0.0009690481,0.98413056
pamap2,gnn_lstm,sequence,1,101,101,102,2873,2882,2882,6,6,7,7,nordic_walking,nordic_walking,True,3.0164567e-05,4.2774725e-05,3.4255515e-06,1.4145313e-06,6.1612614e-06,1.3246461e-06,0.99861956,0.00027228543,0.00045002918,0.0004493597,1.1071876e-06,0.00012245135,0.99861956
pamap2,gnn_lstm,sequence,1,101,101,102,2874,2883,2883,6,6,7,7,nordic_walking,nordic_walking,True,1.3518469e-05,9.643632e-06,7.651032e-07,1.5519397e-07,2.3555513e-06,1.5432467e-07,0.9996841,9.409118e-05,0.00010128657,5.440062e-05,1.739307e-07,3.9411792e-05,0.9996841
pamap2,gnn_lstm,sequence,1,101,101,102,2875,2884,2884,6,6,7,7,nordic_walking,nordic_walking,True,1.2132002e-05,7.217785e-06,5.339969e-07,9.928914e-08,2.0364912e-06,1.0427505e-07,0.9997665,7.431065e-05,7.037952e-05,3.4856574e-05,1.2118979e-07,3.1800384e-05,0.9997665
pamap2,gnn_lstm,sequence,1,101,101,102,2876,2885,2885,6,6,7,7,nordic_walking,nordic_walking,True,1.1734544e-05,5.005053e-06,3.1662003e-07,5.7935843e-08,1.6693754e-06,6.458442e-08,0.9998354,5.874725e-05,4.2973887e-05,2.0944357e-05,7.703779e-08,2.3022345e-05,0.9998354
pamap2,gnn_lstm,sequence,1,101,101,102,2877,2886,2886,6,6,7,7,nordic_walking,nordic_walking,True,1.0802785e-05,4.000009e-06,2.5056508e-07,4.5321674e-08,1.621037e-06,5.1652467e-08,0.99985564,5.4342236e-05,3.7117814e-05,1.5751453e-05,6.247851e-08,2.0181395e-05,0.99985564
pamap2,gnn_lstm,sequence,1,101,101,102,2878,2887,2887,6,6,7,7,nordic_walking,nordic_walking,True,9.781759e-06,2.843824e-06,1.6954671e-07,2.9118768e-08,1.4400204e-06,3.4952517e-08,0.99988365,4.7673235e-05,2.8234605e-05,1.0368839e-05,4.4615767e-08,1.5719152e-05,0.99988365
pamap2,gnn_lstm,sequence,1,101,101,102,2879,2888,2888,6,6,7,7,nordic_walking,nordic_walking,True,9.762399e-06,2.3732675e-06,1.4483156e-07,2.5339235e-08,1.5073471e-06,3.069547e-08,0.9998871,4.973729e-05,2.643178e-05,8.470678e-06,3.9991242e-08,1.4303726e-05,0.9998871
pamap2,gnn_lstm,sequence,1,101,101,102,2880,2889,2889,6,6,7,7,nordic_walking,nordic_walking,True,9.263071e-06,2.5046538e-06,1.6501906e-07,3.068119e-08,1.6644384e-06,3.5708503e-08,0.99987197,5.6042387e-05,3.2790835e-05,9.510479e-06,4.5918103e-08,1.5932235e-05,0.99987197
pamap2,gnn_lstm,sequence,1,101,101,102,2881,2890,2890,6,6,7,7,nordic_walking,nordic_walking,True,9.575935e-06,3.0983613e-06,2.274732e-07,4.5228372e-08,2.0196965e-06,5.1021747e-08,0.99983764,6.8070076e-05,4.623817e-05,1.2881601e-05,6.291122e-08,2.0105997e-05,0.99983764
pamap2,gnn_lstm,sequence,1,101,101,102,2882,2891,2891,6,6,7,7,nordic_walking,nordic_walking,True,9.483268e-06,3.3773895e-06,2.7199403e-07,5.4456525e-08,2.1072349e-06,5.8595514e-08,0.99981624,7.5017146e-05,5.6127086e-05,1.5291176e-05,7.242e-08,2.1980795e-05,0.99981624
pamap2,gnn_lstm,sequence,1,101,101,102,2883,2892,2892,6,6,7,7,nordic_walking,nordic_walking,True,9.350778e-06,3.398786e-06,2.810748e-07,5.432358e-08,2.010732e-06,5.5653633e-08,0.9998191,7.180688e-05,5.6418223e-05,1.5386566e-05,7.003842e-08,2.1997992e-05,0.9998191
pamap2,gnn_lstm,sequence,1,101,101,102,2884,2893,2893,6,6,7,7,nordic_walking,nordic_walking,True,8.827345e-06,3.081979e-06,2.397714e-07,4.1620343e-08,1.6748073e-06,4.2582247e-08,0.9998492,5.8028585e-05,4.58281e-05,1.3089151e-05,5.6922026e-08,1.9922118e-05,0.9998492
pamap2,gnn_lstm,sequence,1,101,101,102,2885,2894,2894,6,6,7,7,nordic_walking,nordic_walking,True,7.8988005e-06,2.7268202e-06,1.9210849e-07,3.2242408e-08,1.4289197e-06,3.317908e-08,0.99987376,4.795635e-05,3.7456088e-05,1.07566075e-05,4.608788e-08,1.7658853e-05,0.99987376
pamap2,gnn_lstm,sequence,1,101,101,102,2886,2895,2895,6,6,7,7,nordic_walking,nordic_walking,True,7.5346393e-06,2.669921e-06,1.7992402e-07,3.25358e-08,1.3763275e-06,3.2191114e-08,0.9998779,4.6470534e-05,3.6417994e-05,1.0467477e-05,4.3890402e-08,1.689313e-05,0.9998779
pamap2,gnn_lstm,sequence,1,101,101,102,2887,2896,2896,6,6,7,7,nordic_walking,nordic_walking,True,8.336204e-06,2.8812858e-06,1.8590768e-07,3.41834e-08,1.3521249e-06,3.416776e-08,0.99987864,4.6014044e-05,3.4332825e-05,1.1369458e-05,4.548119e-08,1.6738642e-05,0.99987864
pamap2,gnn_lstm,sequence,1,101,101,102,2888,2897,2897,6,6,7,7,nordic_walking,nordic_walking,True,9.514027e-06,3.3120923e-06,2.1986129e-07,4.2168708e-08,1.5090936e-06,4.1310592e-08,0.9998654,5.093058e-05,3.7515158e-05,1.3259833e-05,5.3055594e-08,1.8288853e-05,0.9998654
pamap2,gnn_lstm,sequence,1,101,101,102,2889,2898,2898,6,6,7,7,nordic_walking,nordic_walking,True,1.06629495e-05,5.0147014e-06,3.582689e-07,7.948053e-08,1.8494808e-06,7.033759e-08,0.9998091,6.765046e-05,5.7360452e-05,2.2692375e-05,8.52157e-08,2.5084368e-05,0.9998091
pamap2,gnn_lstm,sequence,1,101,101,102,2890,2899,2899,6,6,7,7,nordic_walking,nordic_walking,True,1.0486289e-05,4.6111013e-06,3.1742647e-07,7.081918e-08,1.7345094e-06,6.17246e-08,0.9998234,6.4332075e-05,5.117606e-05,2.0231211e-05,7.5629735e-08,2.3526409e-05,0.9998234
pamap2,gnn_lstm,sequence,1,101,101,102,2891,2900,2900,6,6,7,7,nordic_walking,nordic_walking,True,9.617417e-06,4.2354045e-06,2.583165e-07,5.9879056e-08,1.527623e-06,5.242085e-08,0.99984396,5.7445835e-05,4.371053e-05,1.767777e-05,6.489144e-08,2.1337539e-05,0.99984396
pamap2,gnn_lstm,sequence,1,101,101,102,2892,2901,2901,6,6,7,7,nordic_walking,nordic_walking,True,8.7939625e-06,4.354739e-06,2.501151e-07,6.466335e-08,1.5671036e-06,5.636198e-08,0.9998379,6.042639e-05,4.6979047e-05,1.7933662e-05,6.780707e-08,2.1602997e-05,0.9998379
pamap2,gnn_lstm,sequence,1,101,101,102,2893,2902,2902,6,6,7,7,nordic_walking,nordic_walking,True,1.2155987e-05,6.686893e-06,4.3257796e-07,1.15029664e-07,2.1427838e-06,1.0538998e-07,0.9997627,8.589814e-05,6.841575e-05,3.169677e-05,1.17571915e-07,2.9433053e-05,0.9997627
pamap2,gnn_lstm,sequence,1,101,101,102,2894,2903,2903,6,6,7,7,nordic_walking,nordic_walking,True,1.21719695e-05,5.9568724e-06,4.2185457e-07,1.0004361e-07,2.1421274e-06,9.285387e-08,0.99977773,8.135098e-05,6.391496e-05,2.7748925e-05,1.0424202e-07,2.8417186e-05,0.99977773
pamap2,gnn_lstm,sequence,1,101,101,102,2895,2904,2904,6,6,7,7,nordic_walking,nordic_walking,True,1.0616547e-05,4.189096e-06,2.6540215e-07,5.5611263e-08,1.6731643e-06,5.416814e-08,0.99984705,5.578398e-05,4.1844745e-05,1.6869297e-05,6.425452e-08,2.1509572e-05,0.99984705
pamap2,gnn_lstm,sequence,1,101,101,102,2896,2905,2905,6,6,7,7,nordic_walking,nordic_walking,True,9.168643e-06,3.4252516e-06,2.0023462e-07,4.2827974e-08,1.5251371e-06,4.3065775e-08,0.99986994,4.8820286e-05,3.5560388e-05,1.2800494e-05,5.083184e-08,1.8374352e-05,0.99986994
pamap2,gnn_lstm,sequence,1,101,101,102,2897,2906,2906,6,6,7,7,nordic_walking,nordic_walking,True,9.245976e-06,3.658464e-06,2.2338237e-07,4.869978e-08,1.7311019e-06,5.1547214e-08,0.9998567,5.3691256e-05,4.084678e-05,1.3971969e-05,5.8015264e-08,1.973647e-05,0.9998567
pamap2,gnn_lstm,sequence,1,101,101,102,2898,2907,2907,6,6,7,7,nordic_walking,nordic_walking,True,9.416396e-06,5.4518505e-06,3.9132706e-07,9.475626e-08,2.3982252e-06,9.683309e-08,0.99977404,7.976931e-05,7.493339e-05,2.4001463e-05,1.0282517e-07,2.9288787e-05,0.99977404
pamap2,gnn_lstm,sequence,1,101,101,102,2899,2908,2908,6,6,7,7,nordic_walking,nordic_walking,True,9.896397e-06,6.344376e-06,5.0988723e-07,1.29997e-07,2.972639e-06,1.3244319e-07,0.9997067,0.0001033002,0.000103353406,3.085823e-05,1.3717384e-07,3.5693636e-05,0.9997067
pamap2,gnn_lstm,sequence,1,101,101,102,2900,2909,2909,6,6,7,7,nordic_walking,nordic_walking,True,1.1618149e-05,1.0688768e-05,1.0181941e-06,3.8992988e-07,5.5383152e-06,3.624992e-07,0.9993523,0.00020723278,0.00027682798,6.7166955e-05,3.2135324e-07,6.6519424e-05,0.9993523
pamap2,gnn_lstm,sequence,1,101,101,102,2901,2910,2910,6,6,7,7,nordic_walking,nordic_walking,True,9.3293975e-06,7.338164e-06,6.494024e-07,2.2576917e-07,4.088968e-06,2.1269287e-07,0.99955195,0.00015106477,0.00018694204,4.216721e-05,1.9665623e-07,4.583808e-05,0.99955195
pamap2,gnn_lstm,sequence,1,101,101,102,2902,2911,2911,6,6,7,7,nordic_walking,nordic_walking,True,7.874303e-06,6.8092104e-06,5.5021025e-07,2.308767e-07,4.1662947e-06,2.1012742e-07,0.99954563,0.00015273115,0.00020006578,3.772524e-05,1.8320615e-07,4.387806e-05,0.99954563
pamap2,gnn_lstm,sequence,1,101,101,102,2903,2912,2912,6,6,7,7,nordic_walking,nordic_walking,True,1.2464216e-05,4.0740793e-05,3.5779437e-06,4.2113475e-06,1.7515647e-05,4.551746e-06,0.9951267,0.000862762,0.003213537,0.00040262274,2.3109403e-06,0.00030886955,0.9951267
pamap2,gnn_lstm,sequence,1,101,101,102,2904,2913,2913,6,6,7,7,nordic_walking,nordic_walking,True,2.7621152e-05,0.00023094619,1.8861641e-05,4.035638e-05,7.7586024e-05,6.871159e-05,0.9671931,0.002539493,0.024477776,0.002959149,2.196433e-05,0.0023443694,0.9671931
pamap2,gnn_lstm,sequence,1,101,101,102,2905,2914,2914,6,6,7,7,nordic_walking,nordic_walking,True,1.9542986e-05,0.00014548044,1.04155915e-05,2.0217145e-05,5.409785e-05,2.7401498e-05,0.9806157,0.0015307025,0.014473231,0.001347378,1.00747e-05,0.0017458297,0.9806157
pamap2,gnn_lstm,sequence,1,101,101,102,2906,2915,2915,6,6,7,7,nordic_walking,nordic_walking,True,2.2610493e-05,0.00018410526,9.917815e-06,2.5003223e-05,6.334723e-05,3.228756e-05,0.9813892,0.0014033567,0.013284421,0.0014661293,1.1472118e-05,0.0021081248,0.9813892
pamap2,gnn_lstm,sequence,1,101,101,102,2907,2916,2916,6,6,7,7,nordic_walking,nordic_walking,True,4.8868256e-05,0.0004101544,1.848402e-05,6.5401495e-05,0.00012305881,9.2008544e-05,0.97053325,0.0021946938,0.018894777,0.0035221553,2.9712719e-05,0.0040673716,0.97053325
pamap2,gnn_lstm,sequence,1,101,101,102,2908,2917,2917,6,6,7,7,nordic_walking,nordic_walking,True,0.00015060011,0.0016268258,6.0011407e-05,0.00033425228,0.00044892813,0.0006398452,0.9097109,0.0042461646,0.0506856,0.014905312,0.00017541005,0.01701616,0.9097109
pamap2,gnn_lstm,sequence,1,101,101,102,2909,2918,2918,6,11,7,24,nordic_walking,rope_jumping,False,0.00021279971,0.0053932164,0.0002780208,0.00264372,0.004219235,0.007211061,0.1997425,0.0047661196,0.3652595,0.025647026,0.003839253,0.38078755,0.38078755
pamap2,gnn_lstm,sequence,1,101,101,102,2910,2919,2919,6,11,7,24,nordic_walking,rope_jumping,False,0.000103655475,0.0019818146,0.0001754361,0.0010673673,0.0072778133,0.00419568,0.012925921,0.0012523978,0.10231969,0.0038030648,0.007100668,0.8577965,0.8577965
pamap2,gnn_lstm,sequence,1,101,101,102,2911,2920,2920,6,11,7,24,nordic_walking,rope_jumping,False,0.000107941996,0.0021705194,0.00020048728,0.0015291163,0.0072065378,0.005604413,0.013930458,0.0016472042,0.15290067,0.0049700737,0.007555899,0.8021768,0.8021768
pamap2,gnn_lstm,sequence,1,101,101,102,2912,2921,2921,6,8,7,13,nordic_walking,descending_stairs,False,0.00031735163,0.004945441,0.0003918699,0.00460396,0.004359894,0.0092239855,0.1609253,0.007972884,0.43824592,0.037442375,0.0050943578,0.32647666,0.43824592
pamap2,gnn_lstm,sequence,1,101,101,102,2913,2922,2922,6,6,7,7,nordic_walking,nordic_walking,True,0.00028764436,0.0030505997,0.00022062956,0.0019825061,0.0009810295,0.003536499,0.61572325,0.011575499,0.25989184,0.0561069,0.00096823124,0.045675334,0.61572325
pamap2,gnn_lstm,sequence,1,101,101,102,2914,2923,2923,6,6,7,7,nordic_walking,nordic_walking,True,0.0001867212,0.0020221274,0.0001873142,0.0013753817,0.00048838375,0.0014984416,0.6861004,0.009462056,0.23033871,0.03754873,0.00053234247,0.030259337,0.6861004
pamap2,gnn_lstm,sequence,1,101,101,102,2915,2924,2924,6,6,7,7,nordic_walking,nordic_walking,True,9.366891e-05,0.00069296436,6.739028e-05,0.00028374614,9.430116e-05,0.00020382286,0.9140559,0.0050086295,0.05763466,0.01654943,8.115891e-05,0.0052344315,0.9140559
pamap2,gnn_lstm,sequence,1,101,101,102,2916,2925,2925,6,6,7,7,nordic_walking,nordic_walking,True,2.0100153e-05,2.6061141e-05,2.6773535e-06,1.5444228e-06,5.1633915e-06,8.042645e-07,0.9986381,0.0003330505,0.0005841557,0.00028174208,7.0437926e-07,0.0001059672,0.9986381
pamap2,gnn_lstm,sequence,1,101,101,102,2917,2926,2926,6,6,7,7,nordic_walking,nordic_walking,True,1.2705808e-05,1.5745638e-05,1.6678525e-06,9.031838e-07,4.0508626e-06,3.9974785e-07,0.9990349,0.0002491757,0.00045681407,0.00013832233,4.1823515e-07,8.489054e-05,0.9990349
pamap2,gnn_lstm,sequence,1,101,101,102,2918,2927,2927,6,6,7,7,nordic_walking,nordic_walking,True,8.211367e-06,7.826693e-06,7.074008e-07,2.8354012e-07,2.3436298e-06,1.2917691e-07,0.9995789,0.0001225781,0.00018418516,4.8573762e-05,1.6575981e-07,4.6206103e-05,0.9995789
pamap2,gnn_lstm,sequence,1,101,101,102,2919,2928,2928,6,6,7,7,nordic_walking,nordic_walking,True,6.4884375e-06,3.9128063e-06,2.7553133e-07,8.062524e-08,1.7391179e-06,5.3763852e-08,0.99981517,6.230436e-05,6.8800604e-05,1.6172862e-05,6.5768404e-08,2.4934046e-05,0.99981517
pamap2,gnn_lstm,sequence,1,101,101,102,2920,2929,2929,6,6,7,7,nordic_walking,nordic_walking,True,9.2883e-06,3.4172451e-06,2.1506867e-07,4.811644e-08,1.6815001e-06,4.4230237e-08,0.99986434,4.9501214e-05,3.9262486e-05,1.2405365e-05,5.2177427e-08,1.9776791e-05,0.99986434
pamap2,gnn_lstm,sequence,1,101,101,102,2921,2930,2930,6,6,7,7,nordic_walking,nordic_walking,True,9.024076e-06,3.273466e-06,2.0902932e-07,4.4208882e-08,1.607086e-06,4.1241336e-08,0.9998678,4.9028924e-05,3.782272e-05,1.1896737e-05,4.9939533e-08,1.9108942e-05,0.9998678
pamap2,gnn_lstm,sequence,1,101,101,102,2922,2931,2931,6,6,7,7,nordic_walking,nordic_walking,True,7.3794627e-06,3.0212643e-06,1.8855172e-07,4.1264602e-08,1.4570406e-06,3.6241826e-08,0.99987304,4.6631325e-05,3.876464e-05,1.0918835e-05,4.5624475e-08,1.8467043e-05,0.99987304
pamap2,gnn_lstm,sequence,1,101,101,102,2923,2932,2932,6,6,7,7,nordic_walking,nordic_walking,True,6.339768e-06,3.3107267e-06,2.0641428e-07,5.457825e-08,1.5850961e-06,4.279519e-08,0.9998517,5.3454034e-05,5.011017e-05,1.2274323e-05,5.2948213e-08,2.0838646e-05,0.9998517
pamap2,gnn_lstm,sequence,1,101,101,102,2924,2933,2933,6,6,7,7,nordic_walking,nordic_walking,True,6.3615635e-06,4.368692e-06,2.8336362e-07,9.0698016e-08,1.8477856e-06,6.3552996e-08,0.9997962,7.0839924e-05,7.527392e-05,1.8099265e-05,7.831149e-08,2.6590498e-05,0.9997962
pamap2,gnn_lstm,sequence,1,101,101,102,2925,2934,2934,6,6,7,7,nordic_walking,nordic_walking,True,7.4308496e-06,6.90866e-06,4.465697e-07,1.6670771e-07,2.1611029e-06,1.0563613e-07,0.99970955,9.183724e-05,0.000111663576,3.2339398e-05,1.3045191e-07,3.7257756e-05,0.99970955
pamap2,gnn_lstm,sequence,1,101,101,102,2926,2935,2935,6,6,7,7,nordic_walking,nordic_walking,True,8.897559e-06,1.0939479e-05,6.968954e-07,3.3230137e-07,2.8172578e-06,1.8369934e-07,0.9995685,0.00012393943,0.0001727656,5.605167e-05,2.2235974e-07,5.4656408e-05,0.9995685
pamap2,gnn_lstm,sequence,1,101,101,102,2927,2936,2936,6,6,7,7,nordic_walking,nordic_walking,True,1.2678789e-05,1.9200756e-05,1.1624224e-06,6.9810665e-07,3.955405e-06,3.792645e-07,0.99933296,0.00017678874,0.00025756264,0.00011093617,4.29003e-07,8.32209e-05,0.99933296
pamap2,gnn_lstm,sequence,1,101,101,102,2928,2937,2937,6,6,7,7,nordic_walking,nordic_walking,True,1.0654982e-05,1.1920638e-05,7.142574e-07,3.2210872e-07,2.7674835e-06,1.9807747e-07,0.999589,0.000121684716,0.00014972343,6.0465703e-05,2.285518e-07,5.230261e-05,0.999589
pamap2,gnn_lstm,sequence,1,101,101,102,2929,2938,2938,6,6,7,7,nordic_walking,nordic_walking,True,1.0710176e-05,7.0049e-06,3.6507035e-07,1.0066298e-07,1.7891862e-06,8.636017e-08,0.9998061,6.3369975e-05,5.5154796e-05,2.679162e-05,9.771751e-08,2.8410432e-05,0.9998061
pamap2,gnn_lstm,sequence,1,101,101,102,2930,2939,2939,6,6,7,7,nordic_walking,nordic_walking,True,1.3002036e-05,1.3905596e-05,7.6238496e-07,3.2989698e-07,2.9457706e-06,2.46013e-07,0.9995869,0.0001245631,0.0001362058,6.8330046e-05,2.5083358e-07,5.2531897e-05,0.9995869
pamap2,gnn_lstm,sequence,1,101,101,102,2931,2940,2940,6,6,7,7,nordic_walking,nordic_walking,True,4.120866e-05,0.00010381872,4.7274693e-06,6.6274088e-06,1.3825555e-05,5.5761666e-06,0.9968623,0.00055365684,0.0010116164,0.0011001853,3.6952856e-06,0.00029279408,0.9968623
pamap2,gnn_lstm,sequence,1,101,101,102,2932,2941,2941,6,6,7,7,nordic_walking,nordic_walking,True,9.8712924e-05,0.00042870129,1.9548188e-05,4.5644807e-05,4.532965e-05,6.623121e-05,0.98283744,0.0016925342,0.0048441445,0.008903872,3.0478805e-05,0.0009873378,0.98283744
pamap2,gnn_lstm,sequence,1,101,101,102,2933,2942,2942,6,6,7,7,nordic_walking,nordic_walking,True,0.0002617252,0.0016210116,6.669337e-05,0.00025100706,0.00014610443,0.0006261526,0.91748804,0.0045182416,0.0154562695,0.056521807,0.00021851988,0.0028243037,0.91748804
pamap2,gnn_lstm,sequence,1,101,101,102,2934,2943,2943,6,6,7,7,nordic_walking,nordic_walking,True,0.00067854236,0.0066051916,0.00022843776,0.0015282761,0.0005391049,0.0070892833,0.59583884,0.010040183,0.054530837,0.31186464,0.0017941379,0.009262593,0.59583884
pamap2,gnn_lstm,sequence,1,101,101,102,2935,2944,2944,6,6,7,7,nordic_walking,nordic_walking,True,0.000995318,0.012040115,0.00035525646,0.0025529529,0.0011124387,0.015577986,0.48128423,0.009798397,0.07887725,0.37298274,0.0032172431,0.021206127,0.48128423
pamap2,gnn_lstm,sequence,1,101,101,102,2936,2945,2945,6,6,7,7,nordic_walking,nordic_walking,True,0.0012859912,0.014280531,0.0004783567,0.0018892058,0.0026245667,0.018582143,0.57840943,0.008356855,0.099552065,0.21292898,0.0036667874,0.05794507,0.57840943
pamap2,gnn_lstm,sequence,1,101,101,102,2937,2946,2946,6,6,7,7,nordic_walking,nordic_walking,True,0.0013241506,0.010654019,0.0005013625,0.0011521813,0.0039049669,0.011692545,0.6588938,0.007188713,0.09955337,0.09871749,0.0029744022,0.10344293,0.6588938
pamap2,gnn_lstm,sequence,1,101,101,102,2938,2947,2947,6,6,7,7,nordic_walking,nordic_walking,True,0.0007467577,0.0034342848,0.00026758903,0.00026379566,0.0028734792,0.0019714902,0.81462306,0.0042936257,0.050495066,0.018457973,0.00088820764,0.10168467,0.81462306
pamap2,gnn_lstm,sequence,1,101,101,102,2939,2948,2948,6,6,7,7,nordic_walking,nordic_walking,True,0.00022387193,0.0005652345,5.0147708e-05,2.2244636e-05,0.00034496648,0.00010439686,0.9759176,0.0012551727,0.0070734313,0.0030095857,6.0360595e-05,0.011372951,0.9759176
pamap2,gnn_lstm,sequence,1,101,101,102,2940,2949,2949,6,6,7,7,nordic_walking,nordic_walking,True,8.796997e-05,0.00015579798,1.3419517e-05,4.8164025e-06,5.8460584e-05,1.2873391e-05,0.99501824,0.0005364826,0.0016605485,0.0009973072,9.371622e-06,0.0014447073,0.99501824
pamap2,gnn_lstm,sequence,1,101,101,102,2941,2950,2950,6,6,7,7,nordic_walking,nordic_walking,True,5.2520914e-05,7.7102886e-05,6.3191833e-06,2.18502e-06,2.6951913e-05,4.0897457e-06,0.9975867,0.0003824753,0.00081042683,0.00046396378,3.9181846e-06,0.0005833095,0.9975867
pamap2,gnn_lstm,sequence,1,101,101,102,2942,2951,2951,6,6,7,7,nordic_walking,nordic_walking,True,2.8548637e-05,3.140904e-05,2.3331813e-06,7.3385723e-07,1.1789021e-05,9.980943e-07,0.9990497,0.0002284724,0.00030089295,0.0001551392,1.1160317e-06,0.00018880251,0.9990497
pamap2,gnn_lstm,sequence,1,101,101,102,2943,2952,2952,6,6,7,7,nordic_walking,nordic_walking,True,1.919876e-05,1.659864e-05,1.1406887e-06,3.3308956e-07,5.839844e-06,4.12037e-07,0.9994733,0.00015986912,0.00016094223,8.004391e-05,4.42662e-07,8.2002916e-05,0.9994733
pamap2,gnn_lstm,sequence,1,101,101,102,2944,2953,2953,6,6,7,7,nordic_walking,nordic_walking,True,1.3290839e-05,8.006459e-06,5.101161e-07,1.2300447e-07,3.174712e-06,1.5137311e-07,0.9997272,9.723864e-05,7.734079e-05,3.3090124e-05,1.63938e-07,3.9730305e-05,0.9997272
pamap2,gnn_lstm,sequence,1,101,101,102,2945,2954,2954,6,6,7,7,nordic_walking,nordic_walking,True,9.790524e-06,4.18844e-06,2.3283171e-07,4.711741e-08,1.8345011e-06,6.035507e-08,0.9998524,5.598937e-05,3.8938724e-05,1.5249641e-05,6.6721526e-08,2.1072761e-05,0.9998524
pamap2,gnn_lstm,sequence,1,101,101,102,2946,2955,2955,6,6,7,7,nordic_walking,nordic_walking,True,8.926254e-06,3.9099177e-06,2.1247934e-07,4.233342e-08,1.5988608e-06,5.200003e-08,0.9998634,5.166122e-05,3.6448906e-05,1.4238902e-05,5.884592e-08,1.9451063e-05,0.9998634
pamap2,gnn_lstm,sequence,1,101,101,102,2947,2956,2956,6,6,7,7,nordic_walking,nordic_walking,True,9.873315e-06,5.8738224e-06,3.4056583e-07,7.3925705e-08,1.98259e-06,8.53451e-08,0.99980825,6.7825466e-05,5.4621727e-05,2.3208477e-05,9.538493e-08,2.7760863e-05,0.99980825
pamap2,gnn_lstm,sequence,1,101,101,102,2948,2957,2957,6,6,7,7,nordic_walking,nordic_walking,True,1.2798334e-05,1.21909725e-05,6.938377e-07,2.0932524e-07,3.0080819e-06,2.1003069e-07,0.9996517,0.000105384155,0.00010736372,5.525968e-05,2.2290247e-07,5.09295e-05,0.9996517
pamap2,gnn_lstm,sequence,1,101,101,102,2949,2958,2958,6,6,7,7,nordic_walking,nordic_walking,True,1.2072049e-05,1.2041498e-05,6.4456043e-07,1.9999834e-07,3.0557637e-06,1.896691e-07,0.99967825,9.265433e-05,0.000100290476,4.8367656e-05,2.0913124e-07,5.1964507e-05,0.99967825
pamap2,gnn_lstm,sequence,1,101,101,102,2950,2959,2959,6,6,7,7,nordic_walking,nordic_walking,True,1.2614202e-05,1.0124135e-05,5.6340724e-07,1.5974916e-07,3.247616e-06,1.6916829e-07,0.9997044,9.33338e-05,8.749281e-05,3.947508e-05,1.9205032e-07,4.8252314e-05,0.9997044
pamap2,gnn_lstm,sequence,1,101,101,102,2951,2960,2960,6,6,7,7,nordic_walking,nordic_walking,True,1.4288773e-05,1.0993973e-05,6.237408e-07,2.161482e-07,3.7674547e-06,2.4098546e-07,0.9996357,0.0001237511,0.00011124718,5.1001396e-05,2.344249e-07,4.791956e-05,0.9996357
pamap2,gnn_lstm,sequence,1,101,101,102,2952,2961,2961,6,6,7,7,nordic_walking,nordic_walking,True,2.032016e-05,2.18127e-05,1.2813606e-06,7.626686e-07,6.5881122e-06,8.0678865e-07,0.99917895,0.00026654935,0.00027291593,0.00014883108,6.386205e-07,8.0570695e-05,0.99917895
pamap2,gnn_lstm,sequence,1,101,101,102,2953,2962,2962,6,6,7,7,nordic_walking,nordic_walking,True,3.7145455e-05,6.814493e-05,4.345538e-06,4.6961113e-06,1.8062776e-05,5.782985e-06,0.9968656,0.0008105267,0.0011400928,0.00080274214,3.6126512e-06,0.00023935165,0.9968656
pamap2,gnn_lstm,sequence,1,101,101,102,2954,2963,2963,6,6,7,7,nordic_walking,nordic_walking,True,0.00011300355,0.00041131565,2.8858243e-05,5.9038128e-05,9.320975e-05,0.00012961545,0.97451866,0.0034034725,0.009521441,0.0100632375,5.4954067e-05,0.0016033106,0.97451866
pamap2,gnn_lstm,sequence,1,101,101,102,2955,2964,2964,6,6,7,7,nordic_walking,nordic_walking,True,0.0001165145,0.00044864623,3.605412e-05,7.693401e-05,0.000104137376,0.00015301176,0.96652436,0.003892434,0.014770224,0.011306869,5.957287e-05,0.0025112648,0.96652436
pamap2,gnn_lstm,sequence,1,101,101,102,2956,2965,2965,6,6,7,7,nordic_walking,nordic_walking,True,6.580909e-05,0.00021763121,1.8695318e-05,2.9697634e-05,4.7066005e-05,3.9450428e-05,0.9837711,0.0020611177,0.0080306,0.004175902,1.882939e-05,0.0015241733,0.9837711
pamap2,gnn_lstm,sequence,1,101,101,102,2957,2966,2966,6,6,7,7,nordic_walking,nordic_walking,True,2.9388922e-05,7.211677e-05,6.565978e-06,6.816632e-06,1.5622247e-05,5.4007683e-06,0.99495244,0.0008481058,0.0026067975,0.00094748125,3.7538543e-06,0.00050554355,0.99495244
pamap2,gnn_lstm,sequence,1,101,101,102,2958,2967,2967,6,6,7,7,nordic_walking,nordic_walking,True,1.3323568e-05,1.5371674e-05,1.456221e-06,7.017616e-07,4.2210067e-06,4.122502e-07,0.9991191,0.00026060903,0.0003671187,0.00013278227,4.6106203e-07,8.440871e-05,0.9991191
pamap2,gnn_lstm,sequence,1,101,101,102,2959,2968,2968,6,6,7,7,nordic_walking,nordic_walking,True,1.2303104e-05,1.4338493e-05,1.4195717e-06,6.9597075e-07,3.8418393e-06,4.1970864e-07,0.9991014,0.0002677362,0.00038842685,0.00013732744,4.4400642e-07,7.161245e-05,0.9991014
pamap2,gnn_lstm,sequence,1,101,101,102,2960,2969,2969,6,6,7,7,nordic_walking,nordic_walking,True,2.1591588e-05,3.378393e-05,3.7192299e-06,2.3094633e-06,6.318567e-06,1.6737109e-06,0.9976331,0.0005945838,0.0010311485,0.00053667603,1.6372346e-06,0.00013350492,0.9976331
pamap2,gnn_lstm,sequence,1,101,101,102,2961,2970,2970,6,6,7,7,nordic_walking,nordic_walking,True,3.7493854e-05,3.9720617e-05,4.1883436e-06,1.8766799e-06,7.653237e-06,2.2816955e-06,0.9978358,0.00064746174,0.0006309343,0.0006951917,2.1777716e-06,9.517546e-05,0.9978358
pamap2,gnn_lstm,sequence,1,101,101,102,2962,2971,2971,6,6,7,7,nordic_walking,nordic_walking,True,0.0001467247,0.00024601753,2.9988738e-05,1.9273351e-05,6.839411e-05,6.1262734e-05,0.98662764,0.0035024362,0.0029707362,0.0060066576,4.599227e-05,0.0002749158,0.98662764
pamap2,gnn_lstm,sequence,1,101,101,102,2963,2972,2972,6,6,7,7,nordic_walking,nordic_walking,True,0.0010396354,0.004618478,0.0007146508,0.0008522976,0.0019128732,0.008051367,0.78400433,0.039403073,0.04256854,0.11053721,0.0037805242,0.002517102,0.78400433
pamap2,gnn_lstm,sequence,1,101,101,102,2964,2973,2973,6,6,7,7,nordic_walking,nordic_walking,True,0.0035754514,0.02210001,0.0039177923,0.008399365,0.023210885,0.11361254,0.38517374,0.11134642,0.115376726,0.18075375,0.022176094,0.010357195,0.38517374
pamap2,gnn_lstm,sequence,1,101,101,102,2965,2974,2974,6,5,7,6,nordic_walking,cycling,False,0.005303309,0.026817385,0.00614687,0.024988629,0.08031671,0.31157124,0.119756185,0.12669817,0.12628536,0.11828666,0.03681566,0.017013831,0.31157124
pamap2,gnn_lstm,sequence,1,101,101,102,2966,2975,2975,6,5,7,6,nordic_walking,cycling,False,0.005140795,0.020144824,0.005609148,0.046471428,0.1442601,0.37289232,0.050106067,0.12057579,0.11391182,0.06668149,0.036721304,0.01748493,0.37289232
pamap2,gnn_lstm,sequence,1,101,101,102,2967,2976,2976,6,5,7,6,nordic_walking,cycling,False,0.0055845845,0.017234042,0.0052807797,0.07243163,0.18247615,0.33832687,0.029864447,0.13080247,0.10062824,0.053315546,0.045705467,0.018349726,0.33832687
pamap2,gnn_lstm,sequence,1,101,101,102,2968,2977,2977,6,5,7,6,nordic_walking,cycling,False,0.0073376307,0.020200284,0.008091388,0.08589871,0.1683135,0.25665525,0.033610404,0.164216,0.10693025,0.06289565,0.06451599,0.021334963,0.25665525
pamap2,gnn_lstm,sequence,1,101,101,102,2969,2978,2978,6,5,7,6,nordic_walking,cycling,False,0.011685469,0.030680614,0.015054106,0.064524524,0.15329896,0.21109846,0.044127353,0.18024193,0.10191492,0.0759168,0.08795627,0.023500562,0.21109846
pamap2,gnn_lstm,sequence,1,101,101,102,2970,2979,2979,6,10,7,17,nordic_walking,ironing,False,0.008536876,0.035401464,0.040220212,0.013929896,0.037378192,0.040689696,0.014399964,0.080282524,0.040171687,0.09425837,0.5848517,0.009879423,0.5848517
pamap2,gnn_lstm,sequence,1,101,101,102,2971,2980,2980,6,10,7,17,nordic_walking,ironing,False,0.0013135218,0.014790458,0.024465885,0.00058324926,0.0025878518,0.0029423498,0.00071501755,0.006872225,0.0038303188,0.03133255,0.9096899,0.0008767139,0.9096899
pamap2,gnn_lstm,sequence,1,101,101,102,2972,2981,2981,6,10,7,17,nordic_walking,ironing,False,0.0033694266,0.05581628,0.11235825,0.0008872868,0.00426448,0.005482686,0.0016553871,0.008975092,0.0072688228,0.04609061,0.7514978,0.0023338492,0.7514978
pamap2,gnn_lstm,sequence,1,101,101,102,2973,2982,2982,6,10,7,17,nordic_walking,ironing,False,0.0065540303,0.14533709,0.30495638,0.0012882386,0.0059630577,0.0075572296,0.0034622725,0.010238622,0.010797734,0.04848711,0.4502711,0.0050871656,0.4502711
pamap2,gnn_lstm,sequence,1,101,101,102,2974,2983,2983,6,10,7,17,nordic_walking,ironing,False,0.007610917,0.16247144,0.2775668,0.0015428689,0.006492094,0.008891021,0.005100069,0.011930684,0.012318791,0.055775892,0.44413084,0.0061686044,0.44413084
pamap2,gnn_lstm,sequence,1,101,101,102,2975,2984,2984,6,10,7,17,nordic_walking,ironing,False,0.007366212,0.16205904,0.21904749,0.0014748393,0.0058210655,0.009868696,0.0057104146,0.011761128,0.01237989,0.063857235,0.49440637,0.0062476564,0.49440637
pamap2,gnn_lstm,sequence,1,101,101,102,2976,2985,2985,5,2,6,3,cycling,standing,False,0.008860083,0.21929404,0.33811215,0.0012516397,0.0052784225,0.007716988,0.0060180863,0.010097822,0.011060535,0.05372301,0.33214754,0.0064396807,0.33811215
pamap2,gnn_lstm,sequence,1,101,101,102,2977,2986,2986,5,2,6,3,cycling,standing,False,0.008405998,0.23665543,0.42165408,0.00107834,0.004390776,0.0060305134,0.0042804484,0.008001576,0.009268636,0.043927692,0.25054654,0.0057600173,0.42165408
pamap2,gnn_lstm,sequence,1,101,101,102,2978,2987,2987,5,2,6,3,cycling,standing,False,0.006748034,0.24278943,0.54294837,0.00069747464,0.0032102852,0.0033261757,0.0023422942,0.005016301,0.006270409,0.02527231,0.15692292,0.004455969,0.54294837
pamap2,gnn_lstm,sequence,1,101,101,102,2979,2988,2988,5,2,6,3,cycling,standing,False,0.0061478275,0.22286664,0.6149359,0.00066449714,0.0031380975,0.00259593,0.0017976525,0.0044368515,0.0056052674,0.018846335,0.11459166,0.00437335,0.6149359
pamap2,gnn_lstm,sequence,1,101,101,102,2980,2989,2989,5,2,6,3,cycling,standing,False,0.006123058,0.2066816,0.6158351,0.0008777302,0.0035284539,0.0033538872,0.0017362093,0.005308701,0.00663849,0.023094112,0.12166582,0.0051568574,0.6158351
pamap2,gnn_lstm,sequence,1,101,101,102,2981,2990,2990,5,2,6,3,cycling,standing,False,0.005347104,0.22239524,0.64602363,0.00061666284,0.002510189,0.0024618912,0.0011798525,0.0036921785,0.0048714452,0.018140752,0.088303424,0.004457705,0.64602363
pamap2,gnn_lstm,sequence,1,101,101,102,2982,2991,2991,5,2,6,3,cycling,standing,False,0.0045204908,0.21040587,0.68287843,0.00047229728,0.0021451535,0.00194622,0.00093532214,0.0029557878,0.0040830118,0.013730116,0.07202715,0.003900061,0.68287843
pamap2,gnn_lstm,sequence,1,101,101,102,2983,2992,2992,5,2,6,3,cycling,standing,False,0.0049060914,0.18965586,0.67204934,0.00064640056,0.0029803468,0.0029315478,0.001259,0.00408995,0.005625192,0.0173218,0.09375425,0.004780186,0.67204934
pamap2,gnn_lstm,sequence,1,101,101,102,2984,2993,2993,5,2,6,3,cycling,standing,False,0.005765943,0.16341993,0.61493623,0.0010491103,0.0045804856,0.0052677398,0.0017883839,0.006597057,0.008693417,0.027618939,0.15423758,0.0060451054,0.61493623
pamap2,gnn_lstm,sequence,1,101,101,102,2985,2994,2994,5,2,6,3,cycling,standing,False,0.011507436,0.18520792,0.411458,0.0031746225,0.007378161,0.014162638,0.004766369,0.01660251,0.018525023,0.08336039,0.23306368,0.010793325,0.411458
pamap2,gnn_lstm,sequence,1,101,101,102,2986,2995,2995,5,9,6,16,cycling,vacuum_cleaning,False,0.024402032,0.1558597,0.10935306,0.005593446,0.008311277,0.043178003,0.012093675,0.042408835,0.031326354,0.3504147,0.20553721,0.01152176,0.3504147
pamap2,gnn_lstm,sequence,1,101,101,102,2987,2996,2996,5,9,6,16,cycling,vacuum_cleaning,False,0.020847153,0.097931065,0.02728222,0.0025969502,0.0046192952,0.043365985,0.0058868974,0.029889632,0.0134078665,0.5802936,0.16951439,0.004364996,0.5802936
pamap2,gnn_lstm,sequence,1,101,101,102,2988,2997,2997,5,9,6,16,cycling,vacuum_cleaning,False,0.015579981,0.028680496,0.0034810582,0.0015824946,0.0029527328,0.0702632,0.0010296679,0.01939545,0.0047936225,0.7755289,0.07551546,0.0011969043,0.7755289
pamap2,gnn_lstm,sequence,1,101,101,102,2989,2998,2998,5,9,6,16,cycling,vacuum_cleaning,False,0.008761975,0.0073851263,0.00061839,0.0011923787,0.002816907,0.240775,0.00024710724,0.015086658,0.003750033,0.6836734,0.035160985,0.0005320509,0.6836734
pamap2,gnn_lstm,sequence,1,101,101,102,2990,2999,2999,5,5,6,6,cycling,cycling,True,0.0025145316,0.0017127423,0.000109966306,0.0006168202,0.0018634707,0.66184646,3.978798e-05,0.006038413,0.0022917385,0.30884042,0.013945237,0.00018031454,0.66184646
pamap2,gnn_lstm,sequence,1,101,101,102,2991,3000,3000,5,5,6,6,cycling,cycling,True,0.0004811042,0.00038625894,1.9991978e-05,0.00023383995,0.00069387833,0.87770134,4.4475214e-06,0.0013784557,0.00079395744,0.111793585,0.006471433,4.1659907e-05,0.87770134
pamap2,gnn_lstm,sequence,1,101,101,102,2992,3001,3001,5,5,6,6,cycling,cycling,True,0.00015280578,0.00014364085,7.1680774e-06,0.00014222634,0.00035592262,0.934878,1.1414147e-06,0.00052377646,0.00041499184,0.058916587,0.004447184,1.6592754e-05,0.934878
pamap2,gnn_lstm,sequence,1,101,101,102,2993,3002,3002,5,5,6,6,cycling,cycling,True,3.7911323e-05,3.056711e-05,1.7068388e-06,6.6966786e-05,0.00017693579,0.98501205,2.66855e-07,0.00016774834,0.00025876382,0.012935452,0.0013043452,7.262451e-06,0.98501205
pamap2,gnn_lstm,sequence,1,101,101,102,2994,3003,3003,5,5,6,6,cycling,cycling,True,1.1161673e-05,6.920566e-06,4.4622126e-07,2.9848627e-05,9.349691e-05,0.99640626,8.650823e-08,6.375485e-05,0.00018203979,0.0028639098,0.00033856364,3.6104082e-06,0.99640626
pamap2,gnn_lstm,sequence,1,101,101,102,2995,3004,3004,5,5,6,6,cycling,cycling,True,7.1534973e-06,3.4733735e-06,2.2800205e-07,1.6892689e-05,6.5579385e-05,0.9983027,5.688886e-08,3.93784e-05,0.00015059809,0.0012680658,0.00014317382,2.6356408e-06,0.9983027
pamap2,gnn_lstm,sequence,1,101,101,102,2996,3005,3005,5,5,6,6,cycling,cycling,True,5.7806965e-06,2.9390035e-06,1.8840922e-07,1.3975172e-05,5.6221365e-05,0.99861634,4.917039e-08,3.189353e-05,0.00014152299,0.001010508,0.00011810634,2.4659835e-06,0.99861634
pamap2,gnn_lstm,sequence,1,101,101,102,2997,3006,3006,5,5,6,6,cycling,cycling,True,6.134925e-06,3.7588698e-06,2.4058036e-07,1.6662927e-05,6.7051325e-05,0.9983228,6.59665e-08,3.6204503e-05,0.0001538136,0.0012362023,0.00015429211,2.883037e-06,0.9983228
pamap2,gnn_lstm,sequence,1,101,101,102,2998,3007,3007,5,5,6,6,cycling,cycling,True,3.4884597e-06,2.964372e-06,2.1056067e-07,1.5198637e-05,7.641513e-05,0.998725,4.9013842e-08,2.9880164e-05,0.000171667,0.00079369574,0.00017819449,3.3146307e-06,0.998725
pamap2,gnn_lstm,sequence,1,101,101,102,2999,3008,3008,5,5,6,6,cycling,cycling,True,3.0772514e-06,2.6900257e-06,1.9513556e-07,1.3712243e-05,8.34166e-05,0.9988079,4.5166285e-08,2.9706562e-05,0.00018122124,0.00068798545,0.00018650579,3.5309404e-06,0.9988079
pamap2,gnn_lstm,sequence,1,101,101,102,3000,3009,3009,5,5,6,6,cycling,cycling,True,3.0990752e-06,2.5814843e-06,1.9543637e-07,1.387617e-05,8.783896e-05,0.9988424,4.563799e-08,3.002511e-05,0.00019979312,0.00063264475,0.00018351592,3.927504e-06,0.9988424
pamap2,gnn_lstm,sequence,1,101,101,102,3001,3010,3010,5,5,6,6,cycling,cycling,True,4.108414e-06,3.2367227e-06,2.6536298e-07,1.7520368e-05,0.0001025565,0.9985648,6.331305e-08,3.752593e-05,0.00024032027,0.0008012968,0.000223491,4.865221e-06,0.9985648
pamap2,gnn_lstm,sequence,1,101,101,102,3002,3011,3011,5,5,6,6,cycling,cycling,True,3.411528e-06,2.492937e-06,1.8648413e-07,1.40633565e-05,8.1699385e-05,0.99886584,4.186941e-08,3.0283165e-05,0.00018501941,0.00065465586,0.00015889762,3.4500965e-06,0.99886584
pamap2,gnn_lstm,sequence,1,101,101,102,3003,3012,3012,5,5,6,6,cycling,cycling,True,2.4301098e-06,1.7151837e-06,1.15538136e-07,9.494152e-06,6.365261e-05,0.99922216,2.338523e-08,2.1562797e-05,0.00013753003,0.00043166534,0.00010720599,2.4621108e-06,0.99922216
pamap2,gnn_lstm,sequence,1,101,101,102,3004,3013,3013,5,5,6,6,cycling,cycling,True,1.5259858e-06,9.578616e-07,5.214212e-08,5.22196e-06,4.226177e-05,0.9995766,9.137478e-09,1.24902435e-05,8.055581e-05,0.00022760486,5.1363284e-05,1.3510912e-06,0.9995766
pamap2,gnn_lstm,sequence,1,101,101,102,3005,3014,3014,5,5,6,6,cycling,cycling,True,1.1311558e-06,6.2868963e-07,3.0145255e-08,3.6847005e-06,2.903683e-05,0.9997136,4.821977e-09,8.333293e-06,5.7710684e-05,0.00015443326,3.0551273e-05,8.8639916e-07,0.9997136
pamap2,gnn_lstm,sequence,1,101,101,102,3006,3015,3015,5,5,6,6,cycling,cycling,True,1.2346546e-06,6.018144e-07,2.7864816e-08,3.6366014e-06,2.5712015e-05,0.9997385,4.4693667e-09,7.921024e-06,5.4035114e-05,0.00014336975,2.4124873e-05,8.0689716e-07,0.9997385
pamap2,gnn_lstm,sequence,1,101,101,102,3007,3016,3016,5,5,6,6,cycling,cycling,True,1.1561043e-06,5.33909e-07,2.5233438e-08,3.351043e-06,2.289149e-05,0.99975246,4.0908e-09,7.51101e-06,5.3757536e-05,0.00013572443,2.1870914e-05,7.3801726e-07,0.99975246
pamap2,gnn_lstm,sequence,1,101,101,102,3008,3017,3017,5,5,6,6,cycling,cycling,True,1.0404822e-06,4.6902005e-07,2.2167693e-08,3.0610158e-06,2.0635458e-05,0.9997694,3.532784e-09,6.9429316e-06,5.1095416e-05,0.00012686015,1.9963982e-05,6.5650687e-07,0.9997694
pamap2,gnn_lstm,sequence,1,101,101,102,3009,3018,3018,5,5,6,6,cycling,cycling,True,8.6416827e-07,3.9308242e-07,1.8360003e-08,2.6698444e-06,1.8146062e-05,0.99979407,2.7997304e-09,6.0595153e-06,4.7322275e-05,0.00011197684,1.7921231e-05,5.706294e-07,0.99979407
pamap2,gnn_lstm,sequence,1,101,101,102,3010,3019,3019,5,5,6,6,cycling,cycling,True,8.572385e-07,3.768026e-07,1.7452559e-08,2.5992513e-06,1.7578703e-05,0.9998012,2.6293094e-09,5.954326e-06,4.5442055e-05,0.00010863528,1.6765174e-05,5.36659e-07,0.9998012
pamap2,gnn_lstm,sequence,1,101,101,102,3011,3020,3020,5,5,6,6,cycling,cycling,True,8.005927e-07,3.4248424e-07,1.570805e-08,2.4262886e-06,1.6426291e-05,0.999814,2.3093711e-09,5.5694713e-06,4.293913e-05,0.00010167312,1.5336956e-05,4.924474e-07,0.999814
pamap2,gnn_lstm,sequence,1,101,101,102,3012,3021,3021,5,5,6,6,cycling,cycling,True,7.664092e-07,3.263731e-07,1.4959795e-08,2.3203202e-06,1.5811858e-05,0.9998217,2.139338e-09,5.263434e-06,4.1759293e-05,9.6756245e-05,1.4666077e-05,4.7885345e-07,0.9998217
pamap2,gnn_lstm,sequence,1,101,101,102,3013,3022,3022,5,5,6,6,cycling,cycling,True,7.737165e-07,3.270194e-07,1.509261e-08,2.3002142e-06,1.5786834e-05,0.99982387,2.1188957e-09,5.179466e-06,4.1647585e-05,9.512612e-05,1.44375745e-05,4.851815e-07,0.99982387
pamap2,gnn_lstm,sequence,1,101,101,102,3014,3023,3023,5,5,6,6,cycling,cycling,True,8.143442e-07,3.492748e-07,1.6825718e-08,2.432368e-06,1.6213322e-05,0.9998103,2.339617e-09,5.4187904e-06,4.4224413e-05,0.000103855295,1.5957543e-05,5.205505e-07,0.9998103
pamap2,gnn_lstm,sequence,1,101,101,102,3015,3024,3024,5,5,6,6,cycling,cycling,True,7.008321e-07,2.9037452e-07,1.3357953e-08,2.054514e-06,1.4277687e-05,0.99984086,1.7894419e-09,4.6155465e-06,3.9636157e-05,8.4042054e-05,1.2896515e-05,4.5301798e-07,0.99984086
pamap2,gnn_lstm,sequence,1,101,101,102,3016,3025,3025,5,5,6,6,cycling,cycling,True,6.819321e-07,2.730353e-07,1.2065451e-08,1.909435e-06,1.394556e-05,0.9998568,1.5993814e-09,4.3281943e-06,3.771709e-05,7.272996e-05,1.1189724e-05,4.3830224e-07,0.9998568
pamap2,gnn_lstm,sequence,1,101,101,102,3017,3026,3026,5,5,6,6,cycling,cycling,True,6.8827245e-07,2.6928677e-07,1.183633e-08,1.8631997e-06,1.3917661e-05,0.9998609,1.5463881e-09,4.243246e-06,3.7148853e-05,6.9833164e-05,1.0716985e-05,4.3730697e-07,0.9998609
pamap2,gnn_lstm,sequence,1,101,101,102,3018,3027,3027,5,5,6,6,cycling,cycling,True,6.94716e-07,2.6722225e-07,1.160807e-08,1.8438354e-06,1.3973026e-05,0.99986374,1.5154503e-09,4.216184e-06,3.664208e-05,6.792316e-05,1.0340706e-05,4.34462e-07,0.99986374
pamap2,gnn_lstm,sequence,1,101,101,102,3019,3028,3028,5,5,6,6,cycling,cycling,True,7.379701e-07,2.8064278e-07,1.2078407e-08,1.914565e-06,1.467484e-05,0.99986196,1.6010988e-09,4.3941336e-06,3.7152862e-05,6.803902e-05,1.0313388e-05,4.511353e-07,0.99986196
pamap2,gnn_lstm,sequence,1,101,101,102,3020,3029,3029,5,5,6,6,cycling,cycling,True,7.796146e-07,2.916156e-07,1.2697635e-08,1.971044e-06,1.51313025e-05,0.9998592,1.6823519e-09,4.5389274e-06,3.799825e-05,6.9127294e-05,1.0483296e-05,4.6877201e-07,0.9998592
pamap2,gnn_lstm,sequence,1,101,101,102,3021,3030,3030,5,5,6,6,cycling,cycling,True,7.7742146e-07,2.877077e-07,1.26691155e-08,1.9518184e-06,1.4882132e-05,0.99985933,1.6718472e-09,4.519374e-06,3.8344293e-05,6.8970585e-05,1.0453656e-05,4.6805863e-07,0.99985933
pamap2,gnn_lstm,sequence,1,101,101,102,3022,3031,3031,5,5,6,6,cycling,cycling,True,7.7177225e-07,2.8793733e-07,1.2537652e-08,1.956322e-06,1.4951147e-05,0.9998598,1.6797492e-09,4.5350707e-06,3.8406273e-05,6.84899e-05,1.0384494e-05,4.6779024e-07,0.9998598
pamap2,gnn_lstm,sequence,1,101,101,102,3023,3032,3032,5,5,6,6,cycling,cycling,True,7.2369176e-07,2.6807334e-07,1.1848057e-08,1.8528117e-06,1.40234e-05,0.99986315,1.5475778e-09,4.3139717e-06,3.74747e-05,6.750955e-05,1.0212695e-05,4.4134978e-07,0.99986315
pamap2,gnn_lstm,sequence,1,101,101,102,3024,3033,3033,5,5,6,6,cycling,cycling,True,7.597633e-07,2.6937244e-07,1.2112035e-08,1.8798763e-06,1.399708e-05,0.99986136,1.5852419e-09,4.4420713e-06,3.847698e-05,6.8207046e-05,1.0083882e-05,4.4762592e-07,0.99986136
pamap2,gnn_lstm,sequence,1,101,101,102,3025,3034,3034,5,5,6,6,cycling,cycling,True,8.0786424e-07,2.7601405e-07,1.2563166e-08,1.9371598e-06,1.4194754e-05,0.99985945,1.6659362e-09,4.640189e-06,4.0189807e-05,6.816049e-05,9.911284e-06,4.6529223e-07,0.99985945
pamap2,gnn_lstm,sequence,1,101,101,102,3026,3035,3035,5,5,6,6,cycling,cycling,True,7.7631785e-07,2.6632944e-07,1.2101231e-08,1.8986292e-06,1.3681384e-05,0.9998616,1.6047059e-09,4.528285e-06,3.9937993e-05,6.712074e-05,9.729916e-06,4.526685e-07,0.9998616
pamap2,gnn_lstm,sequence,1,101,101,102,3027,3036,3036,5,5,6,6,cycling,cycling,True,7.7096314e-07,2.6934816e-07,1.2080733e-08,1.903775e-06,1.3878694e-05,0.99986184,1.6226284e-09,4.539303e-06,3.9900006e-05,6.6607114e-05,9.757918e-06,4.5580492e-07,0.99986184
pamap2,gnn_lstm,sequence,1,101,101,102,3028,3037,3037,5,5,6,6,cycling,cycling,True,7.8650436e-07,2.7933626e-07,1.2416857e-08,1.9376266e-06,1.4451516e-05,0.99986017,1.6805862e-09,4.624929e-06,3.982562e-05,6.739505e-05,1.0014771e-05,4.6552782e-07,0.99986017
pamap2,gnn_lstm,sequence,1,101,101,102,3029,3038,3038,5,5,6,6,cycling,cycling,True,7.9652807e-07,2.8559268e-07,1.26324995e-08,1.9670651e-06,1.4835414e-05,0.9998585,1.7135927e-09,4.6801433e-06,3.955544e-05,6.858838e-05,1.0249638e-05,4.6886197e-07,0.9998585
pamap2,gnn_lstm,sequence,1,101,101,102,3030,3039,3039,5,5,6,6,cycling,cycling,True,8.3301467e-07,2.9863665e-07,1.2996827e-08,2.0323373e-06,1.5684262e-05,0.9998561,1.7963462e-09,4.864563e-06,3.948773e-05,6.9731206e-05,1.0404769e-05,4.7893616e-07,0.9998561
pamap2,gnn_lstm,sequence,1,101,101,102,3031,3040,3040,5,5,6,6,cycling,cycling,True,8.756497e-07,3.1132217e-07,1.3794925e-08,2.0970535e-06,1.6150183e-05,0.99985087,1.9025137e-09,5.036652e-06,4.0318682e-05,7.285524e-05,1.091523e-05,4.9557934e-07,0.99985087
pamap2,gnn_lstm,sequence,1,101,101,102,3032,3041,3041,5,5,6,6,cycling,cycling,True,8.4404894e-07,3.0448012e-07,1.3751251e-08,2.0549617e-06,1.5635167e-05,0.9998499,1.8706527e-09,4.9247105e-06,4.07516e-05,7.382808e-05,1.1218186e-05,4.930826e-07,0.9998499
pamap2,gnn_lstm,sequence,1,101,101,102,3033,3042,3042,5,5,6,6,cycling,cycling,True,8.436344e-07,3.01547e-07,1.3903649e-08,2.0654022e-06,1.5302003e-05,0.99984694,1.8861674e-09,4.9747455e-06,4.1596704e-05,7.601807e-05,1.146429e-05,4.91432e-07,0.99984694
pamap2,gnn_lstm,sequence,1,101,101,102,3034,3043,3043,5,5,6,6,cycling,cycling,True,8.0582913e-07,2.8987532e-07,1.3574235e-08,2.0393925e-06,1.4382902e-05,0.99984634,1.8398572e-09,4.860949e-06,4.1975494e-05,7.7181416e-05,1.1540267e-05,4.77683e-07,0.99984634
pamap2,gnn_lstm,sequence,1,101,101,102,3035,3044,3044,5,5,6,6,cycling,cycling,True,8.049109e-07,2.985738e-07,1.32298075e-08,2.1123076e-06,1.4983725e-05,0.9998468,1.9203443e-09,5.0276285e-06,4.152745e-05,7.662144e-05,1.1265442e-05,4.74021e-07,0.9998468
pamap2,gnn_lstm,sequence,1,101,101,102,3036,3045,3045,5,5,6,6,cycling,cycling,True,8.525736e-07,3.289115e-07,1.4065384e-08,2.2448787e-06,1.6668902e-05,0.9998424,2.1254314e-09,5.38235e-06,4.1296473e-05,7.855722e-05,1.1680599e-05,4.942055e-07,0.9998424
pamap2,gnn_lstm,sequence,1,101,101,102,3037,3046,3046,5,5,6,6,cycling,cycling,True,8.6104825e-07,3.4485396e-07,1.4694282e-08,2.3130738e-06,1.7544984e-05,0.99983716,2.2247082e-09,5.4876778e-06,4.083227e-05,8.2417326e-05,1.2451001e-05,5.047356e-07,0.99983716
pamap2,gnn_lstm,sequence,1,101,101,102,3038,3047,3047,5,5,6,6,cycling,cycling,True,8.0428146e-07,3.2662413e-07,1.41013565e-08,2.223931e-06,1.6537108e-05,0.99983895,2.0502633e-09,5.137175e-06,3.9603627e-05,8.327971e-05,1.2603513e-05,4.809909e-07,0.99983895
pamap2,gnn_lstm,sequence,1,101,101,102,3039,3048,3048,5,5,6,6,cycling,cycling,True,7.571823e-07,3.0933072e-07,1.3478385e-08,2.1384856e-06,1.5644815e-05,0.99984217,1.9092912e-09,4.862009e-06,3.8986036e-05,8.2131504e-05,1.2449022e-05,4.6584142e-07,0.99984217
pamap2,gnn_lstm,sequence,1,101,101,102,3040,3049,3049,5,5,6,6,cycling,cycling,True,7.412794e-07,3.0621663e-07,1.3411012e-08,2.1114627e-06,1.538863e-05,0.9998435,1.8683228e-09,4.7305507e-06,3.8899663e-05,8.1432176e-05,1.2415519e-05,4.6747044e-07,0.9998435
pamap2,gnn_lstm,sequence,1,101,101,102,3041,3050,3050,5,5,6,6,cycling,cycling,True,7.548697e-07,3.046214e-07,1.327401e-08,2.071153e-06,1.5446443e-05,0.99984837,1.8213379e-09,4.6676955e-06,3.857693e-05,7.756365e-05,1.1804737e-05,4.7216332e-07,0.99984837
pamap2,gnn_lstm,sequence,1,101,101,102,3042,3051,3051,5,5,6,6,cycling,cycling,True,8.199762e-07,3.1983194e-07,1.402325e-08,2.1334647e-06,1.6046295e-05,0.99984634,1.9287383e-09,4.853635e-06,3.951922e-05,7.780843e-05,1.1679286e-05,4.9649196e-07,0.99984634
pamap2,gnn_lstm,sequence,1,101,101,102,3043,3052,3052,5,5,6,6,cycling,cycling,True,9.05621e-07,3.382497e-07,1.4762659e-08,2.2234858e-06,1.6863178e-05,0.9998448,2.0683155e-09,5.125753e-06,4.0666175e-05,7.719638e-05,1.1321089e-05,5.242127e-07,0.9998448
pamap2,gnn_lstm,sequence,1,101,101,102,3044,3053,3053,5,5,6,6,cycling,cycling,True,9.941182e-07,3.49181e-07,1.5145499e-08,2.2728652e-06,1.750404e-05,0.9998468,2.1594637e-09,5.368773e-06,4.2230284e-05,7.333188e-05,1.05144445e-05,5.519009e-07,0.9998468
pamap2,gnn_lstm,sequence,1,101,101,102,3045,3054,3054,5,5,6,6,cycling,cycling,True,8.766783e-07,3.1508722e-07,1.3501276e-08,2.0897448e-06,1.6038293e-05,0.9998567,1.884546e-09,4.8692586e-06,4.0158702e-05,6.848499e-05,9.917289e-06,5.0876685e-07,0.9998567
pamap2,gnn_lstm,sequence,1,101,101,102,3046,3055,3055,5,5,6,6,cycling,cycling,True,8.0260867e-07,2.9435594e-07,1.2520791e-08,1.9764054e-06,1.5134137e-05,0.99986255,1.7253867e-09,4.565481e-06,3.890508e-05,6.564998e-05,9.594712e-06,4.82206e-07,0.99986255
pamap2,gnn_lstm,sequence,1,101,101,102,3047,3056,3056,5,5,6,6,cycling,cycling,True,7.9528894e-07,2.9061363e-07,1.2290452e-08,1.9544555e-06,1.5044676e-05,0.9998647,1.6952778e-09,4.5163347e-06,3.8896113e-05,6.390553e-05,9.3269155e-06,4.805989e-07,0.9998647
pamap2,gnn_lstm,sequence,1,101,101,102,3048,3057,3057,5,5,6,6,cycling,cycling,True,8.567451e-07,3.0870692e-07,1.2935698e-08,2.0441958e-06,1.5969734e-05,0.99986243,1.8222185e-09,4.7568833e-06,4.0314884e-05,6.353742e-05,9.243754e-06,5.098256e-07,0.99986243
pamap2,gnn_lstm,sequence,1,101,101,102,3049,3058,3058,5,5,6,6,cycling,cycling,True,9.376198e-07,3.3128194e-07,1.3869244e-08,2.1548592e-06,1.7061018e-05,0.9998585,1.9869912e-09,5.0559693e-06,4.194007e-05,6.4170665e-05,9.297994e-06,5.450837e-07,0.9998585
pamap2,gnn_lstm,sequence,1,101,101,102,3050,3059,3059,5,5,6,6,cycling,cycling,True,8.943999e-07,3.2007299e-07,1.3569909e-08,2.0856874e-06,1.6423031e-05,0.9998596,1.9090258e-09,4.8886377e-06,4.116836e-05,6.46551e-05,9.469889e-06,5.2909485e-07,0.9998596
pamap2,gnn_lstm,sequence,1,101,101,102,3051,3060,3060,5,5,6,6,cycling,cycling,True,9.383675e-07,3.3563478e-07,1.4354824e-08,2.1583842e-06,1.6956521e-05,0.99985456,2.0483724e-09,5.1007773e-06,4.2347645e-05,6.716803e-05,9.859696e-06,5.505022e-07,0.99985456
pamap2,gnn_lstm,sequence,1,101,101,102,3052,3061,3061,5,5,6,6,cycling,cycling,True,1.0226142e-06,3.644662e-07,1.5575097e-08,2.2899676e-06,1.826823e-05,0.9998473,2.2885056e-09,5.5033934e-06,4.3757598e-05,7.051912e-05,1.0330668e-05,5.82657e-07,0.9998473
pamap2,gnn_lstm,sequence,1,101,101,102,3053,3062,3062,5,5,6,6,cycling,cycling,True,9.79307e-07,3.5334318e-07,1.5102431e-08,2.2387655e-06,1.7871693e-05,0.9998487,2.2019546e-09,5.3798026e-06,4.2650274e-05,7.078098e-05,1.038954e-05,5.6050646e-07,0.9998487
pamap2,gnn_lstm,sequence,1,101,101,102,3054,3063,3063,5,5,6,6,cycling,cycling,True,9.795393e-07,3.623698e-07,1.5291091e-08,2.2980428e-06,1.8302308e-05,0.9998466,2.254993e-09,5.4531984e-06,4.2479252e-05,7.2198134e-05,1.0630138e-05,5.634304e-07,0.9998466
pamap2,gnn_lstm,sequence,1,101,101,102,3055,3064,3064,5,5,6,6,cycling,cycling,True,9.88252e-07,3.6463018e-07,1.5534566e-08,2.3238692e-06,1.8397042e-05,0.99984515,2.2617181e-09,5.464284e-06,4.2324715e-05,7.356326e-05,1.0817704e-05,5.6465063e-07,0.99984515
pamap2,gnn_lstm,sequence,1,101,101,102,3056,3065,3065,5,5,6,6,cycling,cycling,True,9.657829e-07,3.462923e-07,1.508778e-08,2.2742383e-06,1.7467008e-05,0.99984705,2.1279198e-09,5.2895125e-06,4.174522e-05,7.355063e-05,1.0671972e-05,5.453406e-07,0.99984705
pamap2,gnn_lstm,sequence,1,101,101,102,3057,3066,3066,5,5,6,6,cycling,cycling,True,8.952606e-07,3.1427112e-07,1.3908035e-08,2.1389112e-06,1.5937258e-05,0.9998534,1.8991537e-09,4.9452133e-06,4.0696323e-05,7.09207e-05,1.0192834e-05,5.0967225e-07,0.9998534
pamap2,gnn_lstm,sequence,1,101,101,102,3058,3067,3067,5,5,6,6,cycling,cycling,True,8.5925586e-07,3.0397695e-07,1.3302363e-08,2.094892e-06,1.5377047e-05,0.9998572,1.8287897e-09,4.8045476e-06,4.0550574e-05,6.852265e-05,9.833382e-06,5.0000506e-07,0.9998572
pamap2,gnn_lstm,sequence,1,101,101,102,3059,3068,3068,5,5,6,6,cycling,cycling,True,8.0569214e-07,2.8753712e-07,1.2582566e-08,2.0000741e-06,1.4574661e-05,0.99986136,1.7117877e-09,4.585058e-06,3.959726e-05,6.6749206e-05,9.5846035e-06,4.770137e-07,0.99986136
pamap2,gnn_lstm,sequence,1,101,101,102,3060,3069,3069,5,5,6,6,cycling,cycling,True,8.032629e-07,2.7504356e-07,1.2080975e-08,1.937839e-06,1.4100507e-05,0.9998648,1.6304419e-09,4.5181882e-06,3.9074206e-05,6.490986e-05,9.083296e-06,4.6054583e-07,0.9998648
pamap2,gnn_lstm,sequence,1,101,101,102,3061,3070,3070,5,5,6,6,cycling,cycling,True,7.7110644e-07,2.573687e-07,1.1236397e-08,1.8424623e-06,1.342493e-05,0.9998703,1.5004122e-09,4.3371247e-06,3.8034017e-05,6.200093e-05,8.556973e-06,4.3723145e-07,0.9998703
pamap2,gnn_lstm,sequence,1,101,101,102,3062,3071,3071,5,5,6,6,cycling,cycling,True,7.1842555e-07,2.4487505e-07,1.0569178e-08,1.71731e-06,1.27081685e-05,0.99987245,1.4519939e-09,4.2143233e-06,3.8326336e-05,6.071772e-05,8.58601e-06,4.2539335e-07,0.99987245
pamap2,gnn_lstm,sequence,1,101,101,102,3063,3072,3072,5,5,6,6,cycling,cycling,True,6.9768e-07,2.425916e-07,1.0336758e-08,1.6819051e-06,1.2326005e-05,0.99986875,1.5494412e-09,4.3856526e-06,4.0193212e-05,6.2566716e-05,8.7744975e-06,4.2092685e-07,0.99986875
pamap2,gnn_lstm,sequence,1,101,101,102,3064,3073,3073,5,5,6,6,cycling,cycling,True,6.148567e-07,2.2502653e-07,9.20143e-09,1.684189e-06,1.2113366e-05,0.9998677,1.4970496e-09,4.5071324e-06,3.821706e-05,6.5517714e-05,9.009318e-06,3.6683755e-07,0.9998677
pamap2,gnn_lstm,sequence,1,101,101,102,3065,3074,3074,5,5,6,6,cycling,cycling,True,6.067271e-07,2.4496137e-07,9.4820365e-09,1.8429856e-06,1.4509371e-05,0.99985194,1.7534988e-09,5.455948e-06,3.6861013e-05,7.718251e-05,1.08859995e-05,3.5322506e-07,0.99985194
pamap2,gnn_lstm,sequence,1,101,101,102,3066,3075,3075,5,5,6,6,cycling,cycling,True,7.28545e-07,3.2148182e-07,1.2100702e-08,2.2570123e-06,1.9523679e-05,0.9998141,2.3514637e-09,7.246711e-06,3.8421807e-05,0.00010223035,1.4888726e-05,3.9484036e-07,0.9998141
pamap2,gnn_lstm,sequence,1,101,101,102,3067,3076,3076,5,5,6,6,cycling,cycling,True,8.254864e-07,3.5368615e-07,1.3765554e-08,2.6063879e-06,2.109167e-05,0.9997775,2.6735008e-09,8.3259065e-06,3.9053582e-05,0.00013210574,1.7738876e-05,3.9194768e-07,0.9997775
pamap2,gnn_lstm,sequence,1,101,101,102,3068,3077,3077,5,5,6,6,cycling,cycling,True,8.35413e-07,3.5482137e-07,1.4146584e-08,2.8004952e-06,2.0708296e-05,0.99975663,2.7871314e-09,8.680607e-06,3.9925006e-05,0.00015062481,1.8945908e-05,3.8229982e-07,0.99975663
pamap2,gnn_lstm,sequence,1,101,101,102,3069,3078,3078,5,5,6,6,cycling,cycling,True,9.280907e-07,4.202225e-07,1.6772903e-08,3.2693474e-06,2.3953175e-05,0.9997123,3.4325014e-09,1.016545e-05,4.2355394e-05,0.00018352816,2.2609176e-05,4.2019445e-07,0.9997123
pamap2,gnn_lstm,sequence,1,101,101,102,3070,3079,3079,5,5,6,6,cycling,cycling,True,1.1625175e-06,5.5738633e-07,2.2931783e-08,4.0951145e-06,3.0583644e-05,0.9996282,4.918331e-09,1.310349e-05,4.8068687e-05,0.00024416627,2.9393246e-05,5.130596e-07,0.9996282
pamap2,gnn_lstm,sequence,1,101,101,102,3071,3080,3080,5,5,6,6,cycling,cycling,True,1.1936172e-06,5.370299e-07,2.3218405e-08,4.1267404e-06,2.883619e-05,0.9996519,4.9170783e-09,1.22261135e-05,5.1261308e-05,0.00022319281,2.6132344e-05,5.5008667e-07,0.9996519
pamap2,gnn_lstm,sequence,1,101,101,102,3072,3081,3081,5,5,6,6,cycling,cycling,True,1.0008262e-06,4.2488244e-07,1.8278907e-08,3.1393483e-06,2.1089105e-05,0.9997713,3.1403498e-09,7.585021e-06,4.6031837e-05,0.00013186563,1.7102893e-05,5.363043e-07,0.9997713
pamap2,gnn_lstm,sequence,1,101,101,102,3073,3082,3082,5,5,6,6,cycling,cycling,True,1.2391458e-06,5.288247e-07,2.2091362e-08,3.4721563e-06,2.3555674e-05,0.9997781,3.8176693e-09,7.765126e-06,4.9157672e-05,0.00011937896,1.6126767e-05,6.7582255e-07,0.9997781
pamap2,gnn_lstm,sequence,1,101,101,102,3074,3083,3083,5,5,6,6,cycling,cycling,True,1.1210473e-06,5.017647e-07,2.1086032e-08,3.0658034e-06,2.2704437e-05,0.99979883,3.486418e-09,6.888526e-06,4.876981e-05,0.00010212287,1.5308478e-05,7.009811e-07,0.99979883
pamap2,gnn_lstm,sequence,1,101,101,102,3075,3084,3084,5,5,6,6,cycling,cycling,True,1.0419697e-06,4.8255583e-07,2.1612156e-08,2.9043506e-06,2.081927e-05,0.99979705,3.4313519e-09,6.4012843e-06,5.2005882e-05,0.00010215941,1.6443928e-05,7.296952e-07,0.99979705
pamap2,gnn_lstm,sequence,1,101,101,102,3076,3085,3085,5,5,6,6,cycling,cycling,True,1.0217932e-06,4.7522144e-07,2.2886283e-08,2.9314328e-06,2.015912e-05,0.99978405,3.629475e-09,6.5964537e-06,5.749418e-05,0.00010851703,1.8125576e-05,7.626059e-07,0.99978405
pamap2,gnn_lstm,sequence,1,101,101,102,3077,3086,3086,5,5,6,6,cycling,cycling,True,9.464081e-07,4.1130542e-07,1.9401355e-08,2.6951739e-06,1.8138295e-05,0.9998018,3.0440275e-09,6.1382275e-06,5.2461528e-05,0.00010078364,1.5870686e-05,6.521482e-07,0.9998018
pamap2,gnn_lstm,sequence,1,101,101,102,3078,3087,3087,5,5,6,6,cycling,cycling,True,9.3375223e-07,3.7373403e-07,1.7856552e-08,2.5581332e-06,1.6794682e-05,0.99981254,2.716625e-09,5.905628e-06,5.0326587e-05,9.5586e-05,1.4351724e-05,5.9799584e-07,0.99981254
pamap2,gnn_lstm,sequence,1,101,101,102,3079,3088,3088,5,5,6,6,cycling,cycling,True,8.3389784e-07,3.283006e-07,1.5634646e-08,2.3222865e-06,1.5198187e-05,0.9998276,2.2867679e-09,5.3474027e-06,4.8080386e-05,8.6678665e-05,1.3007424e-05,5.471595e-07,0.9998276
pamap2,gnn_lstm,sequence,1,101,101,102,3080,3089,3089,5,5,6,6,cycling,cycling,True,8.542058e-07,3.3882435e-07,1.5832889e-08,2.3699465e-06,1.5754935e-05,0.9998276,2.349254e-09,5.442813e-06,4.7666337e-05,8.6452885e-05,1.2915263e-05,5.5377984e-07,0.9998276
pamap2,gnn_lstm,sequence,1,101,101,102,3081,3090,3090,5,5,6,6,cycling,cycling,True,8.9996655e-07,3.4876078e-07,1.5903563e-08,2.3903037e-06,1.6622926e-05,0.9998299,2.3810582e-09,5.6112735e-06,4.6013116e-05,8.511973e-05,1.2514444e-05,5.4881434e-07,0.9998299
pamap2,gnn_lstm,sequence,1,101,101,102,3082,3091,3091,5,5,6,6,cycling,cycling,True,1.0035956e-06,3.7492583e-07,1.696606e-08,2.505466e-06,1.807976e-05,0.9998253,2.5755866e-09,6.02131e-06,4.6005443e-05,8.754637e-05,1.2597956e-05,5.693698e-07,0.9998253
pamap2,gnn_lstm,sequence,1,101,101,102,3083,3092,3092,5,5,6,6,cycling,cycling,True,1.0625375e-06,4.1143514e-07,1.8998387e-08,2.6173627e-06,1.9342628e-05,0.9998167,2.8019627e-09,6.1359488e-06,4.716169e-05,9.209371e-05,1.3772655e-05,6.226388e-07,0.9998167
pamap2,gnn_lstm,sequence,1,101,101,102,3084,3093,3093,5,5,6,6,cycling,cycling,True,1.1378178e-06,4.291228e-07,1.9643986e-08,2.6639898e-06,2.044763e-05,0.999819,2.8508311e-09,6.2411373e-06,4.7072426e-05,8.902314e-05,1.3360471e-05,6.5180365e-07,0.999819
pamap2,gnn_lstm,sequence,1,101,101,102,3085,3094,3094,5,5,6,6,cycling,cycling,True,1.0706211e-06,3.7959475e-07,1.6871383e-08,2.4068404e-06,1.9037287e-05,0.9998388,2.376778e-09,5.6795584e-06,4.414363e-05,7.6380944e-05,1.137215e-05,6.010007e-07,0.9998388
pamap2,gnn_lstm,sequence,1,101,101,102,3086,3095,3095,5,5,6,6,cycling,cycling,True,1.113163e-06,3.754692e-07,1.6727315e-08,2.4010867e-06,1.895463e-05,0.99984205,2.3490907e-09,5.7200073e-06,4.4995762e-05,7.309261e-05,1.0724851e-05,6.098618e-07,0.99984205
pamap2,gnn_lstm,sequence,1,101,101,102,3087,3096,3096,5,5,6,6,cycling,cycling,True,1.1260628e-06,3.811538e-07,1.706718e-08,2.4050523e-06,1.9046944e-05,0.99984145,2.388049e-09,5.718422e-06,4.5570872e-05,7.291621e-05,1.0799027e-05,6.2460146e-07,0.99984145
pamap2,gnn_lstm,sequence,1,101,101,102,3088,3097,3097,5,5,6,6,cycling,cycling,True,1.1735407e-06,3.8369663e-07,1.7247709e-08,2.4079789e-06,1.9248508e-05,0.99984074,2.420468e-09,5.8476544e-06,4.5746234e-05,7.3025905e-05,1.066877e-05,6.2657455e-07,0.99984074
pamap2,gnn_lstm,sequence,1,101,101,102,3089,3098,3098,5,5,6,6,cycling,cycling,True,1.1405973e-06,3.5918978e-07,1.6133102e-08,2.3217115e-06,1.8330458e-05,0.99984515,2.2593898e-09,5.749328e-06,4.4579752e-05,7.1539434e-05,1.0156654e-05,5.863548e-07,0.99984515
pamap2,gnn_lstm,sequence,1,101,101,102,3090,3099,3099,5,5,6,6,cycling,cycling,True,9.84116e-07,3.0957693e-07,1.42087675e-08,2.093613e-06,1.5841637e-05,0.9998549,1.9206383e-09,5.184332e-06,4.3054435e-05,6.746054e-05,9.589442e-06,5.262773e-07,0.9998549
pamap2,gnn_lstm,sequence,1,101,101,102,3091,3100,3100,5,5,6,6,cycling,cycling,True,9.243303e-07,2.9443012e-07,1.3818277e-08,2.0383836e-06,1.4569151e-05,0.9998561,1.8758306e-09,5.001793e-06,4.457803e-05,6.651e-05,9.504516e-06,5.214817e-07,0.9998561
pamap2,gnn_lstm,sequence,1,101,101,102,3092,3101,3101,5,5,6,6,cycling,cycling,True,8.174706e-07,2.72369e-07,1.2726155e-08,1.9293134e-06,1.3333851e-05,0.9998597,1.7416493e-09,4.6691016e-06,4.4094188e-05,6.5304484e-05,9.435524e-06,4.9235115e-07,0.9998597
pamap2,gnn_lstm,sequence,1,101,101,102,3093,3102,3102,5,5,6,6,cycling,cycling,True,7.487919e-07,2.5881604e-07,1.2239842e-08,1.8554582e-06,1.25521265e-05,0.99986005,1.6529915e-09,4.448424e-06,4.360951e-05,6.620038e-05,9.703501e-06,4.7152807e-07,0.99986005
pamap2,gnn_lstm,sequence,1,101,101,102,3094,3103,3103,5,5,6,6,cycling,cycling,True,7.956929e-07,2.809717e-07,1.35481075e-08,1.9447732e-06,1.31623265e-05,0.9998518,1.8593974e-09,4.679679e-06,4.60615e-05,7.015868e-05,1.049215e-05,5.1146384e-07,0.9998518
pamap2,gnn_lstm,sequence,1,101,101,102,3095,3104,3104,5,5,6,6,cycling,cycling,True,9.167445e-07,3.2150294e-07,1.6007927e-08,2.116897e-06,1.4370675e-05,0.999838,2.2645552e-09,5.2077276e-06,4.992169e-05,7.6983764e-05,1.155862e-05,5.764976e-07,0.999838
pamap2,gnn_lstm,sequence,1,101,101,102,3096,3105,3105,5,5,6,6,cycling,cycling,True,9.187719e-07,3.2015927e-07,1.6171224e-08,2.14461e-06,1.4341286e-05,0.99983454,2.3002482e-09,5.323809e-06,5.050102e-05,7.953925e-05,1.17946265e-05,5.699004e-07,0.99983454
pamap2,gnn_lstm,sequence,1,101,101,102,3097,3106,3106,5,5,6,6,cycling,cycling,True,8.9749466e-07,3.2051983e-07,1.5910784e-08,2.1678552e-06,1.4452733e-05,0.9998337,2.2966515e-09,5.3225663e-06,4.9958533e-05,8.059082e-05,1.1938223e-05,5.623538e-07,0.9998337
pamap2,gnn_lstm,sequence,1,101,101,102,3098,3107,3107,5,5,6,6,cycling,cycling,True,8.472618e-07,3.163342e-07,1.5827334e-08,2.1263668e-06,1.4245226e-05,0.99983346,2.2307594e-09,5.1473858e-06,4.962097e-05,8.126247e-05,1.24226435e-05,5.5914717e-07,0.99983346
pamap2,gnn_lstm,sequence,1,101,101,102,3099,3108,3108,5,5,6,6,cycling,cycling,True,8.678308e-07,3.3837048e-07,1.7253791e-08,2.236587e-06,1.4897143e-05,0.9998233,2.4209519e-09,5.311836e-06,5.1503797e-05,8.72453e-05,1.3749095e-05,5.954034e-07,0.9998233
pamap2,gnn_lstm,sequence,1,101,101,102,3100,3109,3109,5,5,6,6,cycling,cycling,True,8.147102e-07,3.0561807e-07,1.4989588e-08,2.084815e-06,1.4327666e-05,0.99983704,2.0582682e-09,4.9913383e-06,4.5989495e-05,8.1449434e-05,1.2412031e-05,5.207735e-07,0.99983704
pamap2,gnn_lstm,sequence,1,101,101,102,3101,3110,3110,5,5,6,6,cycling,cycling,True,7.4744213e-07,2.6904502e-07,1.26434285e-08,1.8960317e-06,1.3463578e-05,0.9998535,1.6915089e-09,4.5773936e-06,4.1218635e-05,7.305693e-05,1.0840721e-05,4.5476253e-07,0.9998535
pamap2,gnn_lstm,sequence,1,101,101,102,3102,3111,3111,5,5,6,6,cycling,cycling,True,7.5269315e-07,2.6570038e-07,1.2390027e-08,1.8889095e-06,1.3413172e-05,0.99985623,1.6563434e-09,4.564786e-06,4.0820432e-05,7.118938e-05,1.0451271e-05,4.4986615e-07,0.99985623
pamap2,gnn_lstm,sequence,1,101,101,102,3103,3112,3112,5,5,6,6,cycling,cycling,True,7.9928634e-07,2.8042177e-07,1.2750688e-08,1.9706379e-06,1.4205802e-05,0.9998554,1.7717227e-09,4.79324e-06,4.152587e-05,7.031367e-05,1.02283575e-05,4.6887038e-07,0.9998554
pamap2,gnn_lstm,sequence,1,101,101,102,3104,3113,3113,5,5,6,6,cycling,cycling,True,7.598516e-07,2.674513e-07,1.1789356e-08,1.8738531e-06,1.3983708e-05,0.99986315,1.629839e-09,4.563129e-06,3.9414455e-05,6.582971e-05,9.58858e-06,4.4701972e-07,0.99986315
pamap2,gnn_lstm,sequence,1,101,101,102,3105,3114,3114,5,5,6,6,cycling,cycling,True,7.4422115e-07,2.621449e-07,1.1278847e-08,1.8321891e-06,1.40252905e-05,0.9998684,1.5567191e-09,4.455395e-06,3.8542108e-05,6.215005e-05,9.127267e-06,4.4197463e-07,0.9998684
pamap2,gnn_lstm,sequence,1,101,101,102,3106,3115,3115,5,5,6,6,cycling,cycling,True,7.6712723e-07,2.6933347e-07,1.1556208e-08,1.8729174e-06,1.4396927e-05,0.99986637,1.6101649e-09,4.5651195e-06,3.8879454e-05,6.311173e-05,9.238617e-06,4.502441e-07,0.99986637
pamap2,gnn_lstm,sequence,1,101,101,102,3107,3116,3116,5,5,6,6,cycling,cycling,True,7.513305e-07,2.6546127e-07,1.139024e-08,1.844277e-06,1.4284649e-05,0.9998677,1.5719227e-09,4.484507e-06,3.8614922e-05,6.2387066e-05,9.195198e-06,4.4717225e-07,0.9998677
pamap2,gnn_lstm,sequence,1,101,101,102,3108,3117,3117,5,5,6,6,cycling,cycling,True,8.1727234e-07,2.7964762e-07,1.2049049e-08,1.9270915e-06,1.5015541e-05,0.9998641,1.6872381e-09,4.7508074e-06,3.977977e-05,6.3607e-05,9.235768e-06,4.6770973e-07,0.9998641
pamap2,gnn_lstm,sequence,1,101,101,102,3109,3118,3118,5,5,6,6,cycling,cycling,True,8.5130614e-07,2.8716036e-07,1.2422285e-08,1.9637591e-06,1.535185e-05,0.99986243,1.7487908e-09,4.8780844e-06,4.052257e-05,6.396349e-05,9.242882e-06,4.804126e-07,0.99986243
pamap2,gnn_lstm,sequence,1,101,101,102,3110,3119,3119,5,5,6,6,cycling,cycling,True,8.8889124e-07,2.99258e-07,1.3040759e-08,2.022082e-06,1.5780453e-05,0.9998584,1.8431353e-09,5.0183935e-06,4.0871473e-05,6.6688306e-05,9.5983405e-06,4.928785e-07,0.9998584
pamap2,gnn_lstm,sequence,1,101,101,102,3111,3120,3120,5,5,6,6,cycling,cycling,True,9.4402645e-07,3.1540267e-07,1.3763786e-08,2.1094138e-06,1.6499866e-05,0.99985313,1.9777964e-09,5.2681694e-06,4.1441985e-05,6.977238e-05,9.976409e-06,5.079588e-07,0.99985313
pamap2,gnn_lstm,sequence,1,101,101,102,3112,3121,3121,5,5,6,6,cycling,cycling,True,1.0379018e-06,3.3689793e-07,1.4491105e-08,2.2222612e-06,1.7884822e-05,0.99984884,2.1568503e-09,5.7043353e-06,4.2566087e-05,7.0824404e-05,1.0005665e-05,5.3096954e-07,0.99984884
pamap2,gnn_lstm,sequence,1,101,101,102,3113,3122,3122,5,5,6,6,cycling,cycling,True,1.1168283e-06,3.5490075e-07,1.5080381e-08,2.3099635e-06,1.9211653e-05,0.9998449,2.2986932e-09,6.0578477e-06,4.2834035e-05,7.252421e-05,1.0146892e-05,5.46771e-07,0.9998449
pamap2,gnn_lstm,sequence,1,101,101,102,3114,3123,3123,5,5,6,6,cycling,cycling,True,1.1761036e-06,3.7087236e-07,1.5951196e-08,2.4081455e-06,2.003477e-05,0.9998393,2.4293356e-09,6.323452e-06,4.36277e-05,7.553577e-05,1.0581773e-05,5.649005e-07,0.9998393
pamap2,gnn_lstm,sequence,1,101,101,102,3115,3124,3124,5,5,6,6,cycling,cycling,True,1.2441167e-06,3.839361e-07,1.6648707e-08,2.5031336e-06,2.0729407e-05,0.99983525,2.559071e-09,6.6176863e-06,4.5020955e-05,7.696417e-05,1.0714473e-05,5.856644e-07,0.99983525
pamap2,gnn_lstm,sequence,1,101,101,102,3116,3125,3125,5,5,6,6,cycling,cycling,True,1.3153149e-06,3.992454e-07,1.7492805e-08,2.5923525e-06,2.140068e-05,0.99983096,2.7242715e-09,6.9195353e-06,4.694397e-05,7.790115e-05,1.0862966e-05,6.149619e-07,0.99983096
pamap2,gnn_lstm,sequence,1,101,101,102,3117,3126,3126,5,5,6,6,cycling,cycling,True,1.4093582e-06,4.217262e-07,1.8785018e-08,2.7059432e-06,2.2271275e-05,0.9998234,2.9921012e-09,7.3683923e-06,4.8791528e-05,8.1692815e-05,1.1318871e-05,6.4389087e-07,0.9998234
pamap2,gnn_lstm,sequence,1,101,101,102,3118,3127,3127,5,5,6,6,cycling,cycling,True,1.4591503e-06,4.2982685e-07,1.9270356e-08,2.7910496e-06,2.2761978e-05,0.9998171,3.162548e-09,7.78144e-06,4.942288e-05,8.592542e-05,1.1655732e-05,6.4337496e-07,0.9998171
pamap2,gnn_lstm,sequence,1,101,101,102,3119,3128,3128,5,5,6,6,cycling,cycling,True,1.5226684e-06,4.4206774e-07,1.9793461e-08,2.9165178e-06,2.369007e-05,0.99981016,3.41161e-09,8.400456e-06,5.0774663e-05,8.954892e-05,1.190253e-05,6.5022215e-07,0.99981016
pamap2,gnn_lstm,sequence,1,101,101,102,3120,3129,3129,5,5,6,6,cycling,cycling,True,1.4806776e-06,4.322216e-07,1.8941405e-08,2.9005469e-06,2.3925313e-05,0.99981123,3.363376e-09,8.512987e-06,4.9593084e-05,8.957148e-05,1.1768835e-05,6.2597195e-07,0.99981123
pamap2,gnn_lstm,sequence,1,101,101,102,3121,3130,3130,5,5,6,6,cycling,cycling,True,1.5011613e-06,4.4515514e-07,1.9101282e-08,2.9864493e-06,2.52519e-05,0.99980897,3.4873913e-09,8.842905e-06,4.9789396e-05,8.9678026e-05,1.1886398e-05,6.388112e-07,0.99980897
pamap2,gnn_lstm,sequence,1,101,101,102,3122,3131,3131,5,5,6,6,cycling,cycling,True,1.410768e-06,4.287587e-07,1.8616047e-08,2.8730553e-06,2.3892779e-05,0.99981326,3.2132885e-09,8.181475e-06,4.768879e-05,8.973162e-05,1.1992694e-05,6.119252e-07,0.99981326
pamap2,gnn_lstm,sequence,1,101,101,102,3123,3132,3132,5,5,6,6,cycling,cycling,True,1.3286461e-06,4.1747302e-07,1.8447496e-08,2.7391154e-06,2.2673776e-05,0.999816,3.0220006e-09,7.564216e-06,4.648046e-05,8.981792e-05,1.2345413e-05,6.0246913e-07,0.999816
pamap2,gnn_lstm,sequence,1,101,101,102,3124,3133,3133,5,5,6,6,cycling,cycling,True,1.2832515e-06,3.985425e-07,1.8127094e-08,2.62627e-06,2.0940137e-05,0.9998198,2.8453633e-09,7.157771e-06,4.6475274e-05,8.8602595e-05,1.2130913e-05,5.844034e-07,0.9998198
pamap2,gnn_lstm,sequence,1,101,101,102,3125,3134,3134,5,5,6,6,cycling,cycling,True,1.2368309e-06,3.799111e-07,1.7153837e-08,2.5545132e-06,1.9866444e-05,0.99982506,2.7088665e-09,6.9455564e-06,4.614081e-05,8.574872e-05,1.1480099e-05,5.619061e-07,0.99982506
pamap2,gnn_lstm,sequence,1,101,101,102,3126,3135,3135,5,5,6,6,cycling,cycling,True,1.1728656e-06,3.559662e-07,1.5677411e-08,2.4405626e-06,1.9141724e-05,0.9998337,2.5032454e-09,6.7048777e-06,4.462944e-05,8.074437e-05,1.0654624e-05,5.313186e-07,0.9998337
pamap2,gnn_lstm,sequence,1,101,101,102,3127,3136,3136,5,5,6,6,cycling,cycling,True,1.0811448e-06,3.2955353e-07,1.43205465e-08,2.2700692e-06,1.8098113e-05,0.9998442,2.2359803e-09,6.2275244e-06,4.3280594e-05,7.406425e-05,9.920551e-06,5.066098e-07,0.9998442
pamap2,gnn_lstm,sequence,1,101,101,102,3128,3137,3137,5,5,6,6,cycling,cycling,True,1.0293114e-06,3.1641454e-07,1.34229206e-08,2.1922613e-06,1.7868339e-05,0.9998499,2.109088e-09,6.0379566e-06,4.2239033e-05,7.035366e-05,9.52274e-06,4.9259046e-07,0.9998499
pamap2,gnn_lstm,sequence,1,101,101,102,3129,3138,3138,5,5,6,6,cycling,cycling,True,1.0421325e-06,3.232982e-07,1.3403788e-08,2.2159702e-06,1.8804874e-05,0.9998503,2.1542506e-09,6.178752e-06,4.233511e-05,6.875941e-05,9.467019e-06,5.054971e-07,0.9998503
pamap2,gnn_lstm,sequence,1,101,101,102,3130,3139,3139,5,5,6,6,cycling,cycling,True,1.0020564e-06,3.237781e-07,1.3390019e-08,2.1662818e-06,1.889882e-05,0.9998524,2.1013598e-09,5.944974e-06,4.1767707e-05,6.7431036e-05,9.650427e-06,5.1173396e-07,0.9998524
pamap2,gnn_lstm,sequence,1,101,101,102,3131,3140,3140,5,5,6,6,cycling,cycling,True,1.0335526e-06,3.4075015e-07,1.4301543e-08,2.2026738e-06,1.9449497e-05,0.99984765,2.2418811e-09,6.0437096e-06,4.264909e-05,6.9729285e-05,1.0233255e-05,5.386956e-07,0.99984765
pamap2,gnn_lstm,sequence,1,101,101,102,3132,3141,3141,5,5,6,6,cycling,cycling,True,1.0372512e-06,3.3619492e-07,1.4718922e-08,2.1897336e-06,1.8401171e-05,0.9998455,2.2404656e-09,5.959464e-06,4.3282344e-05,7.228051e-05,1.0450602e-05,5.3172886e-07,0.9998455
pamap2,gnn_lstm,sequence,1,101,101,102,3133,3142,3142,5,5,6,6,cycling,cycling,True,9.2808534e-07,2.9993194e-07,1.3419409e-08,2.0590512e-06,1.6133414e-05,0.99985147,1.9772761e-09,5.4926204e-06,4.228726e-05,7.083891e-05,1.0047477e-05,4.8425744e-07,0.99985147
pamap2,gnn_lstm,sequence,1,101,101,102,3134,3143,3143,5,5,6,6,cycling,cycling,True,9.2393225e-07,2.9339986e-07,1.280212e-08,2.087155e-06,1.5996038e-05,0.99985266,1.9703963e-09,5.6203075e-06,4.2524625e-05,6.977107e-05,9.587656e-06,4.7133085e-07,0.99985266
pamap2,gnn_lstm,sequence,1,101,101,102,3135,3144,3144,5,5,6,6,cycling,cycling,True,8.2490493e-07,2.6612602e-07,1.1618133e-08,1.9220208e-06,1.4662605e-05,0.9998605,1.7260681e-09,5.130851e-06,4.0328723e-05,6.666041e-05,9.20101e-06,4.331574e-07,0.9998605
pamap2,gnn_lstm,sequence,1,101,101,102,3136,3145,3145,5,5,6,6,cycling,cycling,True,7.5903796e-07,2.5074735e-07,1.0811082e-08,1.8242024e-06,1.3896481e-05,0.99986565,1.5707147e-09,4.7768704e-06,3.8444534e-05,6.499446e-05,9.019892e-06,4.086565e-07,0.99986565
pamap2,gnn_lstm,sequence,1,101,101,102,3137,3146,3146,5,5,6,6,cycling,cycling,True,7.847944e-07,2.620402e-07,1.121319e-08,1.8744047e-06,1.4443371e-05,0.9998628,1.6374817e-09,4.8818606e-06,3.8458104e-05,6.6670866e-05,9.301121e-06,4.1922814e-07,0.9998628
pamap2,gnn_lstm,sequence,1,101,101,102,3138,3147,3147,5,5,6,6,cycling,cycling,True,7.765775e-07,2.6701778e-07,1.1312839e-08,1.8601856e-06,1.4839019e-05,0.9998641,1.6283336e-09,4.8061574e-06,3.8052178e-05,6.54584e-05,9.425268e-06,4.2776313e-07,0.9998641
pamap2,gnn_lstm,sequence,1,101,101,102,3139,3148,3148,5,5,6,6,cycling,cycling,True,7.521171e-07,2.6223756e-07,1.12068435e-08,1.8226918e-06,1.4556157e-05,0.99986506,1.5581426e-09,4.610089e-06,3.712096e-05,6.573391e-05,9.554595e-06,4.2094135e-07,0.99986506
pamap2,gnn_lstm,sequence,1,101,101,102,3140,3149,3149,5,5,6,6,cycling,cycling,True,7.745398e-07,2.68855e-07,1.1662145e-08,1.8497925e-06,1.4702032e-05,0.99986315,1.5954003e-09,4.620239e-06,3.758164e-05,6.6836146e-05,9.714003e-06,4.3440951e-07,0.99986315
pamap2,gnn_lstm,sequence,1,101,101,102,3141,3150,3150,5,5,6,6,cycling,cycling,True,7.776493e-07,2.6747148e-07,1.1377802e-08,1.8231875e-06,1.4839672e-05,0.99986804,1.5522859e-09,4.5418988e-06,3.7306578e-05,6.277096e-05,9.18782e-06,4.402438e-07,0.99986804
pamap2,gnn_lstm,sequence,1,101,101,102,3142,3151,3151,5,5,6,6,cycling,cycling,True,8.5031826e-07,2.8417898e-07,1.21540795e-08,1.8945944e-06,1.5656018e-05,0.9998648,1.6742432e-09,4.7853055e-06,3.8569364e-05,6.342067e-05,9.262254e-06,4.6735556e-07,0.9998648
pamap2,gnn_lstm,sequence,1,101,101,102,3143,3152,3152,5,5,6,6,cycling,cycling,True,9.927019e-07,3.1383627e-07,1.3736397e-08,2.0642913e-06,1.6935173e-05,0.99985635,1.954205e-09,5.383026e-06,4.2004383e-05,6.599218e-05,9.455672e-06,5.1635635e-07,0.99985635
pamap2,gnn_lstm,sequence,1,101,101,102,3144,3153,3153,5,5,6,6,cycling,cycling,True,9.3010794e-07,3.0003454e-07,1.326156e-08,1.9901713e-06,1.6034915e-05,0.9998579,1.8667146e-09,5.166116e-06,4.1163934e-05,6.643368e-05,9.568898e-06,4.950802e-07,0.9998579
pamap2,gnn_lstm,sequence,1,101,101,102,3145,3154,3154,5,5,6,6,cycling,cycling,True,9.1256703e-07,2.9466548e-07,1.3259638e-08,1.988521e-06,1.5540123e-05,0.999856,1.8596109e-09,5.160842e-06,4.1280102e-05,6.850362e-05,9.782533e-06,4.8458116e-07,0.999856
pamap2,gnn_lstm,sequence,1,101,101,102,3146,3155,3155,5,5,6,6,cycling,cycling,True,8.478533e-07,2.8048166e-07,1.2490215e-08,1.9370389e-06,1.4847523e-05,0.999859,1.7514987e-09,4.9571404e-06,4.034917e-05,6.767358e-05,9.6672275e-06,4.6129614e-07,0.999859
pamap2,gnn_lstm,sequence,1,101,101,102,3147,3156,3156,5,5,6,6,cycling,cycling,True,7.797943e-07,2.6647783e-07,1.1793849e-08,1.8681102e-06,1.4109274e-05,0.9998627,1.6355152e-09,4.6914283e-06,3.9270435e-05,6.619247e-05,9.559859e-06,4.4055898e-07,0.9998627
pamap2,gnn_lstm,sequence,1,101,101,102,3148,3157,3157,5,5,6,6,cycling,cycling,True,7.392343e-07,2.5774352e-07,1.1425367e-08,1.8201462e-06,1.3594947e-05,0.9998646,1.5637511e-09,4.503135e-06,3.842133e-05,6.603522e-05,9.573781e-06,4.2646357e-07,0.9998646
pamap2,gnn_lstm,sequence,1,101,101,102,3149,3158,3158,5,5,6,6,cycling,cycling,True,7.0488596e-07,2.4903932e-07,1.0987898e-08,1.7753039e-06,1.3204525e-05,0.9998665,1.4900855e-09,4.3483024e-06,3.7444177e-05,6.572567e-05,9.523088e-06,4.111152e-07,0.9998665
pamap2,gnn_lstm,sequence,1,101,101,102,3150,3159,3159,5,5,6,6,cycling,cycling,True,7.0188617e-07,2.510452e-07,1.1048538e-08,1.7944226e-06,1.3245957e-05,0.99986553,1.5021347e-09,4.3532314e-06,3.738616e-05,6.6645356e-05,9.661605e-06,4.1138347e-07,0.99986553
pamap2,gnn_lstm,sequence,1,101,101,102,3151,3160,3160,5,5,6,6,cycling,cycling,True,6.8536906e-07,2.507692e-07,1.0937647e-08,1.7907051e-06,1.3216387e-05,0.999866,1.4912561e-09,4.2963993e-06,3.701876e-05,6.6628236e-05,9.724152e-06,4.0882583e-07,0.999866
pamap2,gnn_lstm,sequence,1,101,101,102,3152,3161,3161,5,5,6,6,cycling,cycling,True,7.174462e-07,2.6539638e-07,1.1509957e-08,1.8479348e-06,1.3880345e-05,0.9998635,1.5933876e-09,4.441746e-06,3.78002e-05,6.7215355e-05,9.911325e-06,4.302385e-07,0.9998635
pamap2,gnn_lstm,sequence,1,101,101,102,3153,3162,3162,5,5,6,6,cycling,cycling,True,6.92504e-07,2.5862406e-07,1.1295296e-08,1.8164961e-06,1.329888e-05,0.9998628,1.5541589e-09,4.326227e-06,3.734383e-05,6.888891e-05,1.0120902e-05,4.1744482e-07,0.9998628
pamap2,gnn_lstm,sequence,1,101,101,102,3154,3163,3163,5,5,6,6,cycling,cycling,True,7.499981e-07,2.7953178e-07,1.2509717e-08,1.9276513e-06,1.3665946e-05,0.99985313,1.7857645e-09,4.643635e-06,4.021482e-05,7.407107e-05,1.0819193e-05,4.5071414e-07,0.99985313
pamap2,gnn_lstm,sequence,1,101,101,102,3155,3164,3164,5,5,6,6,cycling,cycling,True,9.0263893e-07,3.2590498e-07,1.5082646e-08,2.1397404e-06,1.4822772e-05,0.99983096,2.4050968e-09,5.6168956e-06,4.6305064e-05,8.633124e-05,1.2033924e-05,5.097031e-07,0.99983096
pamap2,gnn_lstm,sequence,1,101,101,102,3156,3165,3165,5,5,6,6,cycling,cycling,True,1.163733e-06,4.1591562e-07,2.0148429e-08,2.633744e-06,1.7536815e-05,0.99977964,4.003569e-09,8.020115e-06,5.878785e-05,0.00011620751,1.4994253e-05,6.082764e-07,0.99977964
pamap2,gnn_lstm,sequence,1,101,101,102,3157,3166,3166,5,5,6,6,cycling,cycling,True,1.0435293e-06,4.0832583e-07,1.9404006e-08,2.8922004e-06,1.8809851e-05,0.9997515,4.3170107e-09,9.493937e-06,5.581015e-05,0.00014202789,1.7567958e-05,5.156522e-07,0.9997515
pamap2,gnn_lstm,sequence,1,101,101,102,3158,3167,3167,5,5,6,6,cycling,cycling,True,9.977424e-07,4.3875153e-07,2.0405544e-08,3.1648315e-06,2.1339367e-05,0.9997094,4.5092237e-09,1.0833413e-05,5.222273e-05,0.00017875977,2.234965e-05,4.7065245e-07,0.9997094
pamap2,gnn_lstm,sequence,1,101,101,102,3159,3168,3168,5,5,6,6,cycling,cycling,True,1.1097483e-06,5.4654123e-07,2.5175371e-08,3.809236e-06,2.6463915e-05,0.99964404,5.467784e-09,1.2663314e-05,5.371338e-05,0.00022762608,2.9366895e-05,5.2875487e-07,0.99964404
pamap2,gnn_lstm,sequence,1,101,101,102,3160,3169,3169,5,5,6,6,cycling,cycling,True,1.4194792e-06,7.4746737e-07,3.428864e-08,4.8586035e-06,3.5532663e-05,0.9995555,7.662599e-09,1.5882086e-05,5.955711e-05,0.00028802943,3.7560763e-05,6.734174e-07,0.9995555
pamap2,gnn_lstm,sequence,1,101,101,102,3161,3170,3170,5,5,6,6,cycling,cycling,True,1.9522065e-06,1.0547728e-06,4.894362e-08,6.4538644e-06,4.9367944e-05,0.99944216,1.1888196e-08,2.1023938e-05,7.147787e-05,0.00035937064,4.6192115e-05,9.267778e-07,0.99944216
pamap2,gnn_lstm,sequence,1,101,101,102,3162,3171,3171,5,5,6,6,cycling,cycling,True,2.1093697e-06,1.0677519e-06,5.1210268e-08,6.7883684e-06,4.910687e-05,0.999469,1.2179406e-08,1.996141e-05,7.7619516e-05,0.00033132677,4.194581e-05,1.0569388e-06,0.999469
pamap2,gnn_lstm,sequence,1,101,101,102,3163,3172,3172,5,5,6,6,cycling,cycling,True,1.7326613e-06,7.439947e-07,3.3746257e-08,4.8704665e-06,3.7201884e-05,0.9996729,7.2251347e-09,1.3542163e-05,6.8260626e-05,0.00017709985,2.2825798e-05,9.361547e-07,0.9996729
pamap2,gnn_lstm,sequence,1,101,101,102,3164,3173,3173,5,5,6,6,cycling,cycling,True,1.7702702e-06,7.253868e-07,3.0319807e-08,4.10788e-06,3.615826e-05,0.999746,5.9375616e-09,1.09070215e-05,6.399423e-05,0.00011828449,1.6837665e-05,1.0306512e-06,0.999746
pamap2,gnn_lstm,sequence,1,101,101,102,3165,3174,3174,5,5,6,6,cycling,cycling,True,2.273435e-06,9.099244e-07,3.6903007e-08,4.525415e-06,4.149091e-05,0.9997427,7.1155433e-09,1.1294689e-05,6.619936e-05,0.00011259484,1.6763794e-05,1.2608267e-06,0.9997427
pamap2,gnn_lstm,sequence,1,101,101,102,3166,3175,3175,5,5,6,6,cycling,cycling,True,2.176762e-06,8.1056396e-07,3.46355e-08,4.338068e-06,3.4506775e-05,0.999754,6.307377e-09,1.0181407e-05,6.330602e-05,0.000113404996,1.6162268e-05,1.1152347e-06,0.999754
pamap2,gnn_lstm,sequence,1,101,101,102,3167,3176,3176,5,5,6,6,cycling,cycling,True,1.5719452e-06,5.8970153e-07,2.6274508e-08,3.4355958e-06,2.5454754e-05,0.99978596,4.4756696e-09,8.046374e-06,5.8075842e-05,0.00010122561,1.4738377e-05,8.860441e-07,0.99978596
pamap2,gnn_lstm,sequence,1,101,101,102,3168,3177,3177,5,5,6,6,cycling,cycling,True,1.2689422e-06,4.916229e-07,2.2373854e-08,3.0737133e-06,2.1005359e-05,0.9997968,3.7902352e-09,7.189829e-06,5.668841e-05,9.8321914e-05,1.4344957e-05,7.686782e-07,0.9997968
pamap2,gnn_lstm,sequence,1,101,101,102,3169,3178,3178,5,5,6,6,cycling,cycling,True,1.1916213e-06,4.7018312e-07,2.1863869e-08,3.060315e-06,1.9895542e-05,0.9997913,3.768998e-09,7.2474236e-06,5.6910674e-05,0.000104115024,1.4948882e-05,7.197092e-07,0.9997913
pamap2,gnn_lstm,sequence,1,101,101,102,3170,3179,3179,5,5,6,6,cycling,cycling,True,1.0025819e-06,4.0573275e-07,1.9375154e-08,2.7422889e-06,1.7628809e-05,0.99980277,3.1521146e-09,6.463795e-06,5.450643e-05,9.908308e-05,1.4653873e-05,6.462485e-07,0.99980277
pamap2,gnn_lstm,sequence,1,101,101,102,3171,3180,3180,5,5,6,6,cycling,cycling,True,9.376295e-07,3.9203624e-07,1.8692766e-08,2.6828577e-06,1.7302258e-05,0.9998041,2.9913587e-09,6.2671684e-06,5.281475e-05,0.00010000042,1.4957872e-05,6.168354e-07,0.9998041
pamap2,gnn_lstm,sequence,1,101,101,102,3172,3181,3181,5,5,6,6,cycling,cycling,True,9.5258434e-07,3.8377746e-07,1.798932e-08,2.6618027e-06,1.7536864e-05,0.99980634,2.8635856e-09,6.344905e-06,4.9199723e-05,0.00010146244,1.4539305e-05,5.702241e-07,0.99980634
pamap2,gnn_lstm,sequence,1,101,101,102,3173,3182,3182,5,5,6,6,cycling,cycling,True,1.0411635e-06,4.0593994e-07,1.8779838e-08,2.7702256e-06,1.8858404e-05,0.9998012,3.0412863e-09,6.7890965e-06,4.8267706e-05,0.00010542244,1.4641014e-05,5.724917e-07,0.9998012
pamap2,gnn_lstm,sequence,1,101,101,102,3174,3183,3183,5,5,6,6,cycling,cycling,True,1.0487884e-06,4.2302923e-07,2.015219e-08,2.7798621e-06,1.9364792e-05,0.99979657,3.0988256e-09,6.6317452e-06,4.8934533e-05,0.00010792165,1.5728443e-05,6.085722e-07,0.99979657
pamap2,gnn_lstm,sequence,1,101,101,102,3175,3184,3184,5,5,6,6,cycling,cycling,True,1.2472581e-06,5.227072e-07,2.6443358e-08,3.238534e-06,2.2576194e-05,0.9997621,4.0220205e-09,7.5453863e-06,5.5296514e-05,0.00012725036,1.9431536e-05,7.484308e-07,0.9997621
pamap2,gnn_lstm,sequence,1,101,101,102,3176,3185,3185,5,5,6,6,cycling,cycling,True,1.4311306e-06,5.5901677e-07,2.7348571e-08,3.2944695e-06,2.439403e-05,0.9997662,4.353631e-09,8.196662e-06,5.6216624e-05,0.000120901925,1.7997101e-05,7.86552e-07,0.9997662
pamap2,gnn_lstm,sequence,1,101,101,102,3177,3186,3186,5,5,6,6,cycling,cycling,True,1.5175641e-06,5.407642e-07,2.5904448e-08,3.1754025e-06,2.4337756e-05,0.9997788,4.32674e-09,8.55317e-06,5.596384e-05,0.00011054928,1.577923e-05,7.623932e-07,0.9997788
pamap2,gnn_lstm,sequence,1,101,101,102,3178,3187,3187,5,5,6,6,cycling,cycling,True,1.2949366e-06,4.3695965e-07,2.1312749e-08,2.8608115e-06,2.009956e-05,0.99979883,3.5009649e-09,7.690894e-06,5.4369782e-05,9.999341e-05,1.370467e-05,6.5087676e-07,0.99979883
pamap2,gnn_lstm,sequence,1,101,101,102,3179,3188,3188,5,5,6,6,cycling,cycling,True,1.0347277e-06,3.5962614e-07,1.701793e-08,2.565351e-06,1.7244456e-05,0.9998185,2.7593376e-09,6.670317e-06,5.047156e-05,9.039655e-05,1.2320884e-05,5.5474834e-07,0.9998185
pamap2,gnn_lstm,sequence,1,101,101,102,3180,3189,3189,5,5,6,6,cycling,cycling,True,1.018476e-06,3.462633e-07,1.6315962e-08,2.5467134e-06,1.689469e-05,0.99982065,2.6261429e-09,6.630312e-06,4.8673068e-05,9.087656e-05,1.1993332e-05,5.228076e-07,0.99982065
pamap2,gnn_lstm,sequence,1,101,101,102,3181,3190,3190,5,5,6,6,cycling,cycling,True,9.994126e-07,3.3952463e-07,1.6184597e-08,2.479576e-06,1.6531669e-05,0.99982375,2.503182e-09,6.3621446e-06,4.7827754e-05,8.9234534e-05,1.1883037e-05,5.197578e-07,0.99982375
pamap2,gnn_lstm,sequence,1,101,101,102,3182,3191,3191,5,5,6,6,cycling,cycling,True,1.006597e-06,3.448677e-07,1.6562032e-08,2.4493002e-06,1.6586037e-05,0.9998246,2.4956617e-09,6.206408e-06,4.7686925e-05,8.863007e-05,1.1986199e-05,5.342577e-07,0.9998246
pamap2,gnn_lstm,sequence,1,101,101,102,3183,3192,3192,5,5,6,6,cycling,cycling,True,1.0187824e-06,3.5390403e-07,1.712502e-08,2.4686217e-06,1.6773329e-05,0.999824,2.5119402e-09,6.1027986e-06,4.7799724e-05,8.884226e-05,1.2153578e-05,5.525918e-07,0.999824
pamap2,gnn_lstm,sequence,1,101,101,102,3184,3193,3193,5,5,6,6,cycling,cycling,True,1.046025e-06,3.6314026e-07,1.8007228e-08,2.5119678e-06,1.6854432e-05,0.9998191,2.590706e-09,6.142615e-06,4.9080245e-05,9.173656e-05,1.26101395e-05,5.743881e-07,0.9998191
pamap2,gnn_lstm,sequence,1,101,101,102,3185,3194,3194,5,5,6,6,cycling,cycling,True,9.96695e-07,3.5330024e-07,1.7769738e-08,2.4456144e-06,1.6163669e-05,0.9998197,2.506574e-09,5.8880237e-06,4.9805272e-05,9.1202135e-05,1.2863495e-05,5.7823905e-07,0.9998197
pamap2,gnn_lstm,sequence,1,101,101,102,3186,3195,3195,5,5,6,6,cycling,cycling,True,8.282787e-07,2.9697193e-07,1.44584735e-08,2.108852e-06,1.3960818e-05,0.99984324,1.9404223e-09,4.9019095e-06,4.546187e-05,7.735648e-05,1.12962125e-05,5.1371643e-07,0.99984324
pamap2,gnn_lstm,sequence,1,101,101,102,3187,3196,3196,5,5,6,6,cycling,cycling,True,7.721925e-07,2.7572736e-07,1.3151493e-08,1.9832235e-06,1.316828e-05,0.999853,1.742794e-09,4.5531715e-06,4.345887e-05,7.1704126e-05,1.0556539e-05,4.8597735e-07,0.999853
pamap2,gnn_lstm,sequence,1,101,101,102,3188,3197,3197,5,5,6,6,cycling,cycling,True,7.8911654e-07,2.7110573e-07,1.2745201e-08,1.9656877e-06,1.3221651e-05,0.9998561,1.7093384e-09,4.603774e-06,4.2548945e-05,6.9909984e-05,1.0043836e-05,4.7231563e-07,0.9998561
pamap2,gnn_lstm,sequence,1,101,101,102,3189,3198,3198,5,5,6,6,cycling,cycling,True,8.1502463e-07,2.824348e-07,1.3194605e-08,2.031747e-06,1.3679046e-05,0.9998528,1.7937313e-09,4.7343588e-06,4.2757398e-05,7.208649e-05,1.034216e-05,4.8243726e-07,0.9998528
pamap2,gnn_lstm,sequence,1,101,101,102,3190,3199,3199,5,5,6,6,cycling,cycling,True,7.9655973e-07,2.8089391e-07,1.2991103e-08,2.0064049e-06,1.3737989e-05,0.9998543,1.7517111e-09,4.6473265e-06,4.154785e-05,7.175039e-05,1.0368712e-05,4.7321788e-07,0.9998543
pamap2,gnn_lstm,sequence,1,101,101,102,3191,3200,3200,5,5,6,6,cycling,cycling,True,8.1071977e-07,2.8669078e-07,1.3117068e-08,2.0207945e-06,1.4161491e-05,0.9998547,1.7650936e-09,4.6762216e-06,4.0975487e-05,7.1500144e-05,1.0376076e-05,4.7707874e-07,0.9998547
pamap2,gnn_lstm,sequence,1,101,101,102,3192,3201,3201,5,5,6,6,cycling,cycling,True,8.329659e-07,2.9667078e-07,1.354785e-08,2.041778e-06,1.46963575e-05,0.99985385,1.8074121e-09,4.7153126e-06,4.103004e-05,7.1485294e-05,1.05522195e-05,4.929562e-07,0.99985385
pamap2,gnn_lstm,sequence,1,101,101,102,3193,3202,3202,5,5,6,6,cycling,cycling,True,8.8649495e-07,3.174677e-07,1.4625493e-08,2.1293063e-06,1.5548809e-05,0.99984837,1.9507411e-09,4.9065275e-06,4.2028172e-05,7.4135016e-05,1.1092476e-05,5.2309144e-07,0.99984837
pamap2,gnn_lstm,sequence,1,101,101,102,3194,3203,3203,5,5,6,6,cycling,cycling,True,9.931053e-07,3.5113925e-07,1.6201604e-08,2.3051844e-06,1.6981574e-05,0.99984026,2.2054245e-09,5.318572e-06,4.3529748e-05,7.790767e-05,1.16135725e-05,5.650061e-07,0.99984026
pamap2,gnn_lstm,sequence,1,101,101,102,3195,3204,3204,5,5,6,6,cycling,cycling,True,1.0613159e-06,3.6704446e-07,1.7060843e-08,2.3983362e-06,1.7692784e-05,0.99983644,2.3447355e-09,5.5741452e-06,4.4676657e-05,7.9419035e-05,1.1741788e-05,5.8795337e-07,0.99983644
pamap2,gnn_lstm,sequence,1,101,101,102,3196,3205,3205,5,5,6,6,cycling,cycling,True,1.1300455e-06,3.720603e-07,1.7169933e-08,2.4602139e-06,1.8139192e-05,0.99983585,2.4082532e-09,5.8155865e-06,4.5043056e-05,7.921324e-05,1.1300482e-05,5.910372e-07,0.99983585
pamap2,gnn_lstm,sequence,1,101,101,102,3197,3206,3206,5,5,6,6,cycling,cycling,True,1.1145526e-06,3.5906442e-07,1.6450967e-08,2.4149622e-06,1.778237e-05,0.99984026,2.3099427e-09,5.7581346e-06,4.4703767e-05,7.626475e-05,1.0727921e-05,5.763482e-07,0.99984026
pamap2,gnn_lstm,sequence,1,101,101,102,3198,3207,3207,5,5,6,6,cycling,cycling,True,1.1290201e-06,3.6310936e-07,1.6487931e-08,2.4675876e-06,1.7951852e-05,0.9998398,2.3505777e-09,5.854702e-06,4.518741e-05,7.6004326e-05,1.0604752e-05,5.8098186e-07,0.9998398
pamap2,gnn_lstm,sequence,1,101,101,102,3199,3208,3208,5,5,6,6,cycling,cycling,True,1.0532253e-06,3.4107435e-07,1.5381778e-08,2.334059e-06,1.7094873e-05,0.9998468,2.1647257e-09,5.541785e-06,4.402551e-05,7.205596e-05,1.0108837e-05,5.5517324e-07,0.9998468
pamap2,gnn_lstm,sequence,1,101,101,102,3200,3209,3209,5,5,6,6,cycling,cycling,True,1.0445406e-06,3.4031402e-07,1.5282914e-08,2.3156629e-06,1.7075303e-05,0.99984765,2.1531605e-09,5.500441e-06,4.3905256e-05,7.153777e-05,1.0062715e-05,5.550938e-07,0.99984765
pamap2,gnn_lstm,sequence,1,101,101,102,3201,3210,3210,5,5,6,6,cycling,cycling,True,1.0546194e-06,3.4577215e-07,1.561934e-08,2.33476e-06,1.717298e-05,0.99984586,2.1947695e-09,5.5275495e-06,4.411053e-05,7.270316e-05,1.026465e-05,5.622732e-07,0.99984586
pamap2,gnn_lstm,sequence,1,101,101,102,3202,3211,3211,5,5,6,6,cycling,cycling,True,1.1022596e-06,3.6256364e-07,1.6629881e-08,2.4122446e-06,1.7603286e-05,0.9998406,2.3457651e-09,5.7075104e-06,4.5231296e-05,7.562611e-05,1.0714918e-05,5.8551393e-07,0.9998406
pamap2,gnn_lstm,sequence,1,101,101,102,3203,3212,3212,5,5,6,6,cycling,cycling,True,1.1073982e-06,3.6416702e-07,1.6853324e-08,2.4517024e-06,1.7440561e-05,0.99983776,2.388286e-09,5.7638727e-06,4.5366425e-05,7.8181896e-05,1.0944242e-05,5.81844e-07,0.99983776
pamap2,gnn_lstm,sequence,1,101,101,102,3204,3213,3213,5,5,6,6,cycling,cycling,True,1.011727e-06,3.369291e-07,1.5755933e-08,2.3185469e-06,1.6123908e-05,0.99984205,2.1908215e-09,5.419495e-06,4.4386554e-05,7.686083e-05,1.079961e-05,5.4757095e-07,0.99984205
pamap2,gnn_lstm,sequence,1,101,101,102,3205,3214,3214,5,5,6,6,cycling,cycling,True,9.943337e-07,3.345652e-07,1.5669327e-08,2.3251287e-06,1.5821055e-05,0.9998405,2.2101623e-09,5.4251595e-06,4.473726e-05,7.8377925e-05,1.0949074e-05,5.4245567e-07,0.9998405
pamap2,gnn_lstm,sequence,1,101,101,102,3206,3215,3215,5,5,6,6,cycling,cycling,True,9.491983e-07,3.3043167e-07,1.5262186e-08,2.297197e-06,1.5641464e-05,0.99984074,2.1840552e-09,5.3404247e-06,4.404448e-05,7.896698e-05,1.1110441e-05,5.291525e-07,0.99984074
pamap2,gnn_lstm,sequence,1,101,101,102,3207,3216,3216,5,5,6,6,cycling,cycling,True,9.2184985e-07,3.2554203e-07,1.5207709e-08,2.2579927e-06,1.5358466e-05,0.9998393,2.1608235e-09,5.27683e-06,4.369199e-05,8.0830345e-05,1.1464475e-05,5.185e-07,0.9998393
pamap2,gnn_lstm,sequence,1,101,101,102,3208,3217,3217,5,5,6,6,cycling,cycling,True,8.8553077e-07,3.1585475e-07,1.4695917e-08,2.1906274e-06,1.5030776e-05,0.9998416,2.083855e-09,5.1466372e-06,4.3164244e-05,7.977089e-05,1.1387636e-05,5.065418e-07,0.9998416
pamap2,gnn_lstm,sequence,1,101,101,102,3209,3218,3218,5,5,6,6,cycling,cycling,True,9.04395e-07,3.245146e-07,1.4962046e-08,2.2352822e-06,1.5457521e-05,0.9998386,2.1602575e-09,5.2801843e-06,4.3247637e-05,8.178153e-05,1.1621221e-05,5.110675e-07,0.9998386
pamap2,gnn_lstm,sequence,1,101,101,102,3210,3219,3219,5,5,6,6,cycling,cycling,True,8.9645323e-07,3.2446334e-07,1.4870272e-08,2.2351576e-06,1.5585823e-05,0.99983704,2.1522917e-09,5.2935675e-06,4.2361324e-05,8.3904946e-05,1.18766475e-05,4.997194e-07,0.99983704
pamap2,gnn_lstm,sequence,1,101,101,102,3211,3220,3220,5,5,6,6,cycling,cycling,True,9.1764105e-07,3.3368616e-07,1.5107007e-08,2.279368e-06,1.6171798e-05,0.99983513,2.2130824e-09,5.426833e-06,4.2230873e-05,8.493699e-05,1.2035614e-05,5.0484675e-07,0.99983513
pamap2,gnn_lstm,sequence,1,101,101,102,3212,3221,3221,5,5,6,6,cycling,cycling,True,9.210164e-07,3.3639728e-07,1.4871745e-08,2.287218e-06,1.6673866e-05,0.9998369,2.1994018e-09,5.4647967e-06,4.1315274e-05,8.373786e-05,1.1874721e-05,5.0034504e-07,0.9998369
pamap2,gnn_lstm,sequence,1,101,101,102,3213,3222,3222,5,5,6,6,cycling,cycling,True,9.57786e-07,3.5305746e-07,1.5193091e-08,2.3621255e-06,1.7810708e-05,0.99983513,2.2958926e-09,5.67342e-06,4.0945815e-05,8.419824e-05,1.1972252e-05,5.103819e-07,0.99983513
pamap2,gnn_lstm,sequence,1,101,101,102,3214,3223,3223,5,5,6,6,cycling,cycling,True,1.091259e-06,3.9533714e-07,1.6811644e-08,2.5794443e-06,2.0268866e-05,0.999826,2.648476e-09,6.3428092e-06,4.2445612e-05,8.786293e-05,1.2445839e-05,5.573287e-07,0.999826
pamap2,gnn_lstm,sequence,1,101,101,102,3215,3224,3224,5,5,6,6,cycling,cycling,True,1.1217192e-06,3.9603668e-07,1.6796992e-08,2.5921659e-06,2.0626529e-05,0.9998276,2.6307987e-09,6.396806e-06,4.2532887e-05,8.607289e-05,1.2097042e-05,5.6288695e-07,0.9998276
pamap2,gnn_lstm,sequence,1,101,101,102,3216,3225,3225,5,5,6,6,cycling,cycling,True,1.1696084e-06,4.076403e-07,1.7635314e-08,2.6313405e-06,2.072876e-05,0.99982506,2.7126978e-09,6.446013e-06,4.365846e-05,8.71033e-05,1.2287734e-05,5.8518106e-07,0.99982506
pamap2,gnn_lstm,sequence,1,101,101,102,3217,3226,3226,5,5,6,6,cycling,cycling,True,1.3382974e-06,4.4155848e-07,1.9675355e-08,2.7938247e-06,2.1963086e-05,0.99981624,3.0852927e-09,7.060713e-06,4.6972476e-05,9.003654e-05,1.2522534e-05,6.39939e-07,0.99981624
pamap2,gnn_lstm,sequence,1,101,101,102,3218,3227,3227,5,5,6,6,cycling,cycling,True,1.3653479e-06,4.4147183e-07,2.0097199e-08,2.8233844e-06,2.1576978e-05,0.99981445,3.179608e-09,7.2232406e-06,4.8902843e-05,9.015375e-05,1.2426162e-05,6.5137505e-07,0.99981445
pamap2,gnn_lstm,sequence,1,101,101,102,3219,3228,3228,5,5,6,6,cycling,cycling,True,1.1746498e-06,3.8689174e-07,1.7387851e-08,2.5783768e-06,1.9318199e-05,0.99982697,2.7045817e-09,6.5376025e-06,4.6147496e-05,8.4691135e-05,1.1623844e-05,5.805402e-07,0.99982697
pamap2,gnn_lstm,sequence,1,101,101,102,3220,3229,3229,5,5,6,6,cycling,cycling,True,1.0859346e-06,3.6563486e-07,1.613389e-08,2.4743997e-06,1.8550321e-05,0.999833,2.498245e-09,6.2383087e-06,4.445817e-05,8.185918e-05,1.128309e-05,5.477352e-07,0.999833
pamap2,gnn_lstm,sequence,1,101,101,102,3221,3230,3230,5,5,6,6,cycling,cycling,True,1.0950813e-06,3.8052949e-07,1.6513233e-08,2.5282905e-06,1.9272604e-05,0.99983203,2.5889961e-09,6.3387547e-06,4.4642988e-05,8.1627724e-05,1.1475954e-05,5.6214054e-07,0.99983203
pamap2,gnn_lstm,sequence,1,101,101,102,3222,3231,3231,5,5,6,6,cycling,cycling,True,1.0866531e-06,3.9307204e-07,1.6872821e-08,2.54654e-06,2.0041802e-05,0.9998306,2.6614067e-09,6.3586645e-06,4.4425382e-05,8.198453e-05,1.186586e-05,5.765301e-07,0.9998306
pamap2,gnn_lstm,sequence,1,101,101,102,3223,3232,3232,5,5,6,6,cycling,cycling,True,9.787583e-07,3.626307e-07,1.5481783e-08,2.3800787e-06,1.8733595e-05,0.9998386,2.3476312e-09,5.8017035e-06,4.2048327e-05,7.9030324e-05,1.1555122e-05,5.371492e-07,0.9998386
pamap2,gnn_lstm,sequence,1,101,101,102,3224,3233,3233,5,5,6,6,cycling,cycling,True,9.124381e-07,3.3819666e-07,1.4463705e-08,2.2547465e-06,1.7659953e-05,0.99984443,2.1142723e-09,5.3926105e-06,4.0368865e-05,7.687377e-05,1.1232116e-05,5.1005867e-07,0.99984443
pamap2,gnn_lstm,sequence,1,101,101,102,3225,3234,3234,5,5,6,6,cycling,cycling,True,9.0316354e-07,3.2968478e-07,1.4251491e-08,2.213176e-06,1.7141901e-05,0.9998455,2.031801e-09,5.2459595e-06,3.9749375e-05,7.71748e-05,1.1144251e-05,5.000364e-07,0.9998455
pamap2,gnn_lstm,sequence,1,101,101,102,3226,3235,3235,5,5,6,6,cycling,cycling,True,9.059248e-07,3.193443e-07,1.3672848e-08,2.1462054e-06,1.6793778e-05,0.9998522,1.9186779e-09,5.0894923e-06,3.9036244e-05,7.2645045e-05,1.033205e-05,4.936705e-07,0.9998522
pamap2,gnn_lstm,sequence,1,101,101,102,3227,3236,3236,5,5,6,6,cycling,cycling,True,9.5195406e-07,3.260082e-07,1.3913164e-08,2.16265e-06,1.7107717e-05,0.99985397,1.942365e-09,5.136693e-06,3.970614e-05,7.015937e-05,9.949414e-06,5.119916e-07,0.99985397
pamap2,gnn_lstm,sequence,1,101,101,102,3228,3237,3237,5,5,6,6,cycling,cycling,True,1.0374624e-06,3.4115766e-07,1.461277e-08,2.2515565e-06,1.7728436e-05,0.9998516,2.0699833e-09,5.406151e-06,4.127252e-05,6.999666e-05,9.764231e-06,5.3811647e-07,0.9998516
pamap2,gnn_lstm,sequence,1,101,101,102,3229,3238,3238,5,5,6,6,cycling,cycling,True,1.0163442e-06,3.3073553e-07,1.4230015e-08,2.197199e-06,1.72136e-05,0.99985385,2.013109e-09,5.322795e-06,4.1167736e-05,6.872629e-05,9.547821e-06,5.2731764e-07,0.99985385
pamap2,gnn_lstm,sequence,1,101,101,102,3230,3239,3239,5,5,6,6,cycling,cycling,True,9.805975e-07,3.1904486e-07,1.36644696e-08,2.1348046e-06,1.6716e-05,0.9998572,1.936515e-09,5.196268e-06,4.084189e-05,6.6842505e-05,9.29324e-06,5.144389e-07,0.9998572
pamap2,gnn_lstm,sequence,1,101,101,102,3231,3240,3240,5,5,6,6,cycling,cycling,True,9.573403e-07,3.0925096e-07,1.3199381e-08,2.0935536e-06,1.634753e-05,0.9998599,1.8663233e-09,5.1020547e-06,4.051497e-05,6.5159176e-05,9.030617e-06,5.0320097e-07,0.9998599
pamap2,gnn_lstm,sequence,1,101,101,102,3232,3241,3241,5,5,6,6,cycling,cycling,True,9.59242e-07,3.085651e-07,1.310907e-08,2.0862806e-06,1.6424367e-05,0.99986076,1.8508477e-09,5.089987e-06,4.023638e-05,6.470928e-05,8.969906e-06,5.0134184e-07,0.99986076
pamap2,gnn_lstm,sequence,1,101,101,102,3233,3242,3242,5,5,6,6,cycling,cycling,True,9.644035e-07,3.0913532e-07,1.3264165e-08,2.0917112e-06,1.639329e-05,0.9998598,1.857778e-09,5.1065763e-06,4.0323233e-05,6.534523e-05,9.079112e-06,5.0221087e-07,0.9998598
pamap2,gnn_lstm,sequence,1,101,101,102,3234,3243,3243,5,5,6,6,cycling,cycling,True,9.329416e-07,2.9962555e-07,1.2961494e-08,2.0439638e-06,1.5856715e-05,0.99986136,1.7934798e-09,4.9803525e-06,3.985435e-05,6.509803e-05,9.039521e-06,4.895124e-07,0.99986136
pamap2,gnn_lstm,sequence,1,101,101,102,3235,3244,3244,5,5,6,6,cycling,cycling,True,9.1276956e-07,2.9079644e-07,1.2765768e-08,2.0099526e-06,1.5319061e-05,0.99986243,1.7395426e-09,4.8841403e-06,3.9854775e-05,6.4825814e-05,8.976322e-06,4.81581e-07,0.99986243
pamap2,gnn_lstm,sequence,1,101,101,102,3236,3245,3245,5,5,6,6,cycling,cycling,True,8.361832e-07,2.6753713e-07,1.1941433e-08,1.9009448e-06,1.409569e-05,0.9998665,1.5843674e-09,4.5978454e-06,3.9097307e-05,6.349243e-05,8.813861e-06,4.532089e-07,0.9998665
pamap2,gnn_lstm,sequence,1,101,101,102,3237,3246,3246,5,5,6,6,cycling,cycling,True,7.880386e-07,2.5494433e-07,1.1352929e-08,1.841099e-06,1.3449545e-05,0.9998692,1.507085e-09,4.4414455e-06,3.892312e-05,6.202239e-05,8.651309e-06,4.3927554e-07,0.9998692
pamap2,gnn_lstm,sequence,1,101,101,102,3238,3247,3247,5,5,6,6,cycling,cycling,True,7.702186e-07,2.5025327e-07,1.1149167e-08,1.8173624e-06,1.3228436e-05,0.9998703,1.4830253e-09,4.405139e-06,3.9044957e-05,6.119234e-05,8.574331e-06,4.3462313e-07,0.9998703
pamap2,gnn_lstm,sequence,1,101,101,102,3239,3248,3248,5,5,6,6,cycling,cycling,True,7.3696197e-07,2.4426924e-07,1.09660805e-08,1.781912e-06,1.2820923e-05,0.9998702,1.4483864e-09,4.308308e-06,3.8819246e-05,6.183689e-05,8.775513e-06,4.2513443e-07,0.9998702
pamap2,gnn_lstm,sequence,1,101,101,102,3240,3249,3249,5,5,6,6,cycling,cycling,True,6.765673e-07,2.3025586e-07,1.0450686e-08,1.6912466e-06,1.2027618e-05,0.9998723,1.3515907e-09,4.0686286e-06,3.8011214e-05,6.164347e-05,8.88932e-06,4.0508283e-07,0.9998723
pamap2,gnn_lstm,sequence,1,101,101,102,3241,3250,3250,5,5,6,6,cycling,cycling,True,6.4366463e-07,2.211977e-07,9.8538795e-09,1.6455624e-06,1.1721536e-05,0.9998753,1.2804553e-09,3.9404995e-06,3.6837555e-05,6.057625e-05,8.6674e-06,3.8679755e-07,0.9998753
pamap2,gnn_lstm,sequence,1,101,101,102,3242,3251,3251,5,5,6,6,cycling,cycling,True,6.1517284e-07,2.1467821e-07,9.4521315e-09,1.599217e-06,1.1526468e-05,0.9998783,1.2114659e-09,3.7947386e-06,3.556811e-05,5.9534534e-05,8.557041e-06,3.7335144e-07,0.9998783
pamap2,gnn_lstm,sequence,1,101,101,102,3243,3252,3252,5,5,6,6,cycling,cycling,True,6.266601e-07,2.186121e-07,9.587785e-09,1.6166147e-06,1.17842565e-05,0.99987805,1.2208439e-09,3.8171756e-06,3.5355788e-05,5.9446356e-05,8.57295e-06,3.7776852e-07,0.99987805
pamap2,gnn_lstm,sequence,1,101,101,102,3244,3253,3253,5,5,6,6,cycling,cycling,True,6.4815674e-07,2.2694837e-07,9.96712e-09,1.6551829e-06,1.21822095e-05,0.99987674,1.2681926e-09,3.893011e-06,3.578789e-05,5.9754406e-05,8.696357e-06,3.9135458e-07,0.99987674
pamap2,gnn_lstm,sequence,1,101,101,102,3245,3254,3254,5,5,6,6,cycling,cycling,True,6.545894e-07,2.2888995e-07,1.01275885e-08,1.6637916e-06,1.2212983e-05,0.99987626,1.280183e-09,3.9004867e-06,3.5965655e-05,6.0004728e-05,8.75659e-06,3.9540265e-07,0.99987626
pamap2,gnn_lstm,sequence,1,101,101,102,3246,3255,3255,5,5,6,6,cycling,cycling,True,7.1635867e-07,2.5317473e-07,1.1116404e-08,1.8478524e-06,1.3156485e-05,0.9998685,1.4544271e-09,4.222578e-06,3.7264814e-05,6.437309e-05,9.302478e-06,4.224018e-07,0.9998685
pamap2,gnn_lstm,sequence,1,101,101,102,3247,3256,3256,5,5,6,6,cycling,cycling,True,6.790165e-07,2.471032e-07,1.1013676e-08,1.8424345e-06,1.2545041e-05,0.99986565,1.4210295e-09,4.109512e-06,3.6622827e-05,6.8008194e-05,9.837724e-06,4.0540323e-07,0.99986565
pamap2,gnn_lstm,sequence,1,101,101,102,3248,3257,3257,5,5,6,6,cycling,cycling,True,7.4051644e-07,2.7153524e-07,1.2164665e-08,1.8534807e-06,1.3050601e-05,0.9998561,1.7017654e-09,4.4554204e-06,4.0842704e-05,7.1543014e-05,1.0517421e-05,4.5777745e-07,0.9998561
pamap2,gnn_lstm,sequence,1,101,101,102,3249,3258,3258,5,5,6,6,cycling,cycling,True,8.7596055e-07,3.1820304e-07,1.4237987e-08,1.9925565e-06,1.4745806e-05,0.99983585,2.4165538e-09,5.6452186e-06,4.9737348e-05,7.888719e-05,1.1233102e-05,5.385876e-07,0.99983585
pamap2,gnn_lstm,sequence,1,101,101,102,3250,3259,3259,5,5,6,6,cycling,cycling,True,8.636767e-07,3.2615418e-07,1.4710393e-08,2.2299605e-06,1.6434225e-05,0.9998153,2.9204419e-09,7.08174e-06,5.3498083e-05,9.1168265e-05,1.2674038e-05,5.211909e-07,0.9998153
pamap2,gnn_lstm,sequence,1,101,101,102,3251,3260,3260,5,5,6,6,cycling,cycling,True,7.2283194e-07,3.0502898e-07,1.3762224e-08,2.2490042e-06,1.6646698e-05,0.99980456,2.7338605e-09,7.3083766e-06,4.875944e-05,0.00010422975,1.4839041e-05,4.4230143e-07,0.99980456
pamap2,gnn_lstm,sequence,1,101,101,102,3252,3261,3261,5,5,6,6,cycling,cycling,True,7.0806703e-07,3.2017786e-07,1.456916e-08,2.4009653e-06,1.8055338e-05,0.9997849,2.7837779e-09,7.667937e-06,4.6620007e-05,0.00012131629,1.7553055e-05,4.2784143e-07,0.9997849
pamap2,gnn_lstm,sequence,1,101,101,102,3253,3262,3262,5,5,6,6,cycling,cycling,True,8.195448e-07,3.7195076e-07,1.7176783e-08,2.7439605e-06,2.0976056e-05,0.99975795,3.204518e-09,8.4309e-06,4.713572e-05,0.00014101979,2.0068783e-05,4.6924157e-07,0.99975795
pamap2,gnn_lstm,sequence,1,101,101,102,3254,3263,3263,5,5,6,6,cycling,cycling,True,1.1654084e-06,5.2383297e-07,2.446558e-08,3.5285448e-06,2.879166e-05,0.9996953,4.740011e-09,1.1053565e-05,5.2726828e-05,0.00018130803,2.5060806e-05,6.066002e-07,0.9996953
pamap2,gnn_lstm,sequence,1,101,101,102,3255,3264,3264,5,5,6,6,cycling,cycling,True,1.8584304e-06,7.9444027e-07,3.696413e-08,4.6685527e-06,4.236389e-05,0.9996049,7.6555855e-09,1.5735688e-05,6.098248e-05,0.00023686707,3.1083062e-05,8.3273466e-07,0.9996049
pamap2,gnn_lstm,sequence,1,101,101,102,3256,3265,3265,5,5,6,6,cycling,cycling,True,2.3993002e-06,9.477465e-07,4.2032113e-08,4.988806e-06,5.1204526e-05,0.9996252,8.9206935e-09,1.7089977e-05,6.573142e-05,0.00020405717,2.7274933e-05,1.0605768e-06,0.9996252
pamap2,gnn_lstm,sequence,1,101,101,102,3257,3266,3266,5,5,6,6,cycling,cycling,True,3.5334185e-06,1.1268503e-06,4.437969e-08,5.669724e-06,6.895495e-05,0.999627,1.1504843e-08,2.273251e-05,7.4561205e-05,0.00017262025,2.2330018e-05,1.3487377e-06,0.999627
pamap2,gnn_lstm,sequence,1,101,101,102,3258,3267,3267,5,5,6,6,cycling,cycling,True,3.0265683e-06,9.219655e-07,3.753862e-08,4.9347445e-06,5.0456372e-05,0.99970347,8.532212e-09,1.6067568e-05,6.822211e-05,0.00013415684,1.758634e-05,1.2118314e-06,0.99970347
pamap2,gnn_lstm,sequence,1,101,101,102,3259,3268,3268,5,5,6,6,cycling,cycling,True,2.716707e-06,7.874374e-07,3.5260115e-08,4.791097e-06,3.7489037e-05,0.999723,7.508114e-09,1.3691862e-05,6.798858e-05,0.00013211303,1.6267195e-05,1.0464533e-06,0.999723
pamap2,gnn_lstm,sequence,1,101,101,102,3260,3269,3269,5,5,6,6,cycling,cycling,True,1.8293106e-06,5.4151104e-07,2.4763438e-08,3.7032928e-06,2.6107595e-05,0.99977237,4.8219473e-09,1.0258767e-05,6.12982e-05,0.00010944,1.3567762e-05,7.804395e-07,0.99977237
pamap2,gnn_lstm,sequence,1,101,101,102,3261,3270,3270,5,5,6,6,cycling,cycling,True,1.3562435e-06,4.1786336e-07,1.9003263e-08,3.0216072e-06,2.0501166e-05,0.99980253,3.4272696e-09,8.122567e-06,5.3616463e-05,9.752217e-05,1.2172526e-05,6.175101e-07,0.99980253
pamap2,gnn_lstm,sequence,1,101,101,102,3262,3271,3271,5,5,6,6,cycling,cycling,True,1.078553e-06,3.4100526e-07,1.5506611e-08,2.5524885e-06,1.7119326e-05,0.99982363,2.5763192e-09,6.718155e-06,4.73541e-05,8.937625e-05,1.1258317e-05,5.116206e-07,0.99982363
pamap2,gnn_lstm,sequence,1,101,101,102,3263,3272,3272,5,5,6,6,cycling,cycling,True,9.385479e-07,3.081631e-07,1.40379965e-08,2.3094847e-06,1.5516458e-05,0.999835,2.2036637e-09,5.9272534e-06,4.4600223e-05,8.395104e-05,1.0942855e-05,4.7408955e-07,0.999835
pamap2,gnn_lstm,sequence,1,101,101,102,3264,3273,3273,5,5,6,6,cycling,cycling,True,8.859015e-07,3.0061676e-07,1.3788154e-08,2.219108e-06,1.49782445e-05,0.9998386,2.0868878e-09,5.557861e-06,4.3558575e-05,8.2433246e-05,1.1058525e-05,4.6836507e-07,0.9998386
pamap2,gnn_lstm,sequence,1,101,101,102,3265,3274,3274,5,5,6,6,cycling,cycling,True,8.4597934e-07,2.9498912e-07,1.375258e-08,2.1566875e-06,1.4548143e-05,0.9998398,1.9991795e-09,5.281248e-06,4.3150543e-05,8.216492e-05,1.1315905e-05,4.676872e-07,0.9998398
pamap2,gnn_lstm,sequence,1,101,101,102,3266,3275,3275,5,5,6,6,cycling,cycling,True,8.529416e-07,3.0939702e-07,1.4807539e-08,2.2060162e-06,1.4845597e-05,0.9998343,2.0990547e-09,5.275436e-06,4.503448e-05,8.4515865e-05,1.2098993e-05,5.0251333e-07,0.9998343
pamap2,gnn_lstm,sequence,1,101,101,102,3267,3276,3276,5,5,6,6,cycling,cycling,True,9.514751e-07,3.6312917e-07,1.8073518e-08,2.4442347e-06,1.6490789e-05,0.9998161,2.5604523e-09,5.722783e-06,4.9827613e-05,9.331128e-05,1.40876555e-05,5.962782e-07,0.9998161
pamap2,gnn_lstm,sequence,1,101,101,102,3268,3277,3277,5,5,6,6,cycling,cycling,True,8.057661e-07,2.8463782e-07,1.31046685e-08,1.9846786e-06,1.4387265e-05,0.999853,1.7819638e-09,4.7734943e-06,4.155489e-05,7.212179e-05,1.0562561e-05,4.7648138e-07,0.999853
pamap2,gnn_lstm,sequence,1,101,101,102,3269,3278,3278,5,5,6,6,cycling,cycling,True,8.084802e-07,2.6766114e-07,1.1844921e-08,1.89906e-06,1.4287246e-05,0.9998635,1.6236558e-09,4.695774e-06,3.9427065e-05,6.541313e-05,9.285378e-06,4.4771232e-07,0.9998635
pamap2,gnn_lstm,sequence,1,101,101,102,3270,3279,3279,5,5,6,6,cycling,cycling,True,8.466814e-07,2.7371314e-07,1.2149139e-08,1.9300458e-06,1.4663125e-05,0.99986255,1.6655824e-09,4.8276997e-06,3.996287e-05,6.519813e-05,9.202968e-06,4.5842697e-07,0.99986255
pamap2,gnn_lstm,sequence,1,101,101,102,3271,3280,3280,5,5,6,6,cycling,cycling,True,8.376408e-07,2.7395353e-07,1.2236655e-08,1.9118336e-06,1.4554614e-05,0.9998629,1.6525961e-09,4.743644e-06,4.0053732e-05,6.48971e-05,9.292388e-06,4.636991e-07,0.9998629
pamap2,gnn_lstm,sequence,1,101,101,102,3272,3281,3281,5,5,6,6,cycling,cycling,True,8.323593e-07,2.7524212e-07,1.255251e-08,1.9082552e-06,1.4302733e-05,0.9998616,1.6712548e-09,4.698641e-06,4.0820963e-05,6.560242e-05,9.516069e-06,4.7265476e-07,0.9998616
pamap2,gnn_lstm,sequence,1,101,101,102,3273,3282,3282,5,5,6,6,cycling,cycling,True,8.662097e-07,2.8523866e-07,1.3061512e-08,1.9556428e-06,1.4608677e-05,0.9998598,1.759956e-09,4.8197094e-06,4.2246942e-05,6.541993e-05,9.5148725e-06,4.9577426e-07,0.9998598
pamap2,gnn_lstm,sequence,1,101,101,102,3274,3283,3283,5,5,6,6,cycling,cycling,True,8.812426e-07,2.932959e-07,1.3572798e-08,1.9857484e-06,1.47623805e-05,0.9998568,1.8313999e-09,4.879663e-06,4.3152308e-05,6.6801e-05,9.826141e-06,5.114269e-07,0.9998568
pamap2,gnn_lstm,sequence,1,101,101,102,3275,3284,3284,5,5,6,6,cycling,cycling,True,8.641443e-07,2.9127503e-07,1.3603601e-08,1.977699e-06,1.4513344e-05,0.9998559,1.8329218e-09,4.8463776e-06,4.3480966e-05,6.755099e-05,1.0013247e-05,5.1003633e-07,0.9998559
pamap2,gnn_lstm,sequence,1,101,101,102,3276,3285,3285,5,5,6,6,cycling,cycling,True,8.6399837e-07,2.9394747e-07,1.3557039e-08,2.014808e-06,1.4641924e-05,0.9998548,1.869071e-09,4.9191344e-06,4.35506e-05,6.833434e-05,1.0052064e-05,5.081665e-07,0.9998548
pamap2,gnn_lstm,sequence,1,101,101,102,3277,3286,3286,5,5,6,6,cycling,cycling,True,8.474967e-07,2.8842766e-07,1.3359686e-08,1.9801719e-06,1.4433761e-05,0.9998561,1.8253967e-09,4.848542e-06,4.3030184e-05,6.8068024e-05,1.0009222e-05,4.9839156e-07,0.9998561
pamap2,gnn_lstm,sequence,1,101,101,102,3278,3287,3287,5,5,6,6,cycling,cycling,True,8.085156e-07,2.7294732e-07,1.2554641e-08,1.9073966e-06,1.3922477e-05,0.9998597,1.6921324e-09,4.672144e-06,4.127974e-05,6.7205096e-05,9.738318e-06,4.682365e-07,0.9998597
pamap2,gnn_lstm,sequence,1,101,101,102,3279,3288,3288,5,5,6,6,cycling,cycling,True,7.758356e-07,2.6522395e-07,1.2175763e-08,1.8522866e-06,1.3585683e-05,0.99986196,1.6187336e-09,4.5166803e-06,4.0395065e-05,6.643774e-05,9.708832e-06,4.561946e-07,0.99986196
pamap2,gnn_lstm,sequence,1,101,101,102,3280,3289,3289,5,5,6,6,cycling,cycling,True,7.927881e-07,2.708358e-07,1.2494892e-08,1.8866402e-06,1.3745398e-05,0.99985945,1.6677612e-09,4.598761e-06,4.0546183e-05,6.8257024e-05,9.931096e-06,4.5976486e-07,0.99985945
pamap2,gnn_lstm,sequence,1,101,101,102,3281,3290,3290,5,5,6,6,cycling,cycling,True,8.113387e-07,2.790488e-07,1.28464945e-08,1.9364877e-06,1.4074598e-05,0.9998567,1.73592e-09,4.7115004e-06,4.0722778e-05,7.009943e-05,1.0178054e-05,4.655777e-07,0.9998567
pamap2,gnn_lstm,sequence,1,101,101,102,3282,3291,3291,5,5,6,6,cycling,cycling,True,9.03355e-07,3.0766307e-07,1.4154215e-08,2.097987e-06,1.5349677e-05,0.99984956,1.9682418e-09,5.136769e-06,4.2323332e-05,7.324682e-05,1.0583668e-05,5.005785e-07,0.99984956
pamap2,gnn_lstm,sequence,1,101,101,102,3283,3292,3292,5,5,6,6,cycling,cycling,True,9.890546e-07,3.4075754e-07,1.5690024e-08,2.2713173e-06,1.6701095e-05,0.9998406,2.237094e-09,5.5459964e-06,4.3797052e-05,7.787353e-05,1.1307219e-05,5.379372e-07,0.9998406
pamap2,gnn_lstm,sequence,1,101,101,102,3284,3293,3293,5,5,6,6,cycling,cycling,True,9.938885e-07,3.4321772e-07,1.5735973e-08,2.2899965e-06,1.6943051e-05,0.99984086,2.2526545e-09,5.586815e-06,4.3835713e-05,7.725522e-05,1.122154e-05,5.412291e-07,0.99984086
pamap2,gnn_lstm,sequence,1,101,101,102,3285,3294,3294,5,5,6,6,cycling,cycling,True,1.0533445e-06,3.5868774e-07,1.6281488e-08,2.3961197e-06,1.7760602e-05,0.9998379,2.38359e-09,5.855696e-06,4.45284e-05,7.83612e-05,1.1197454e-05,5.582737e-07,0.9998379
pamap2,gnn_lstm,sequence,1,101,101,102,3286,3295,3295,5,5,6,6,cycling,cycling,True,1.0020217e-06,3.4194773e-07,1.5343064e-08,2.3211965e-06,1.7200215e-05,0.99984264,2.2147921e-09,5.60288e-06,4.2844724e-05,7.662521e-05,1.0836345e-05,5.318328e-07,0.99984264
pamap2,gnn_lstm,sequence,1,101,101,102,3287,3296,3296,5,5,6,6,cycling,cycling,True,9.938354e-07,3.3909103e-07,1.508481e-08,2.2991305e-06,1.71571e-05,0.9998448,2.1522182e-09,5.487301e-06,4.208273e-05,7.557999e-05,1.0656661e-05,5.2814636e-07,0.9998448
pamap2,gnn_lstm,sequence,1,101,101,102,3288,3297,3297,5,5,6,6,cycling,cycling,True,9.762472e-07,3.3626384e-07,1.507323e-08,2.2591205e-06,1.689906e-05,0.9998455,2.107382e-09,5.348243e-06,4.1768493e-05,7.56391e-05,1.0770889e-05,5.277611e-07,0.9998455
pamap2,gnn_lstm,sequence,1,101,101,102,3289,3298,3298,5,5,6,6,cycling,cycling,True,1.0187861e-06,3.4672834e-07,1.581372e-08,2.291871e-06,1.713674e-05,0.99984276,2.190886e-09,5.4388893e-06,4.2979656e-05,7.6533855e-05,1.0966906e-05,5.5160604e-07,0.99984276
pamap2,gnn_lstm,sequence,1,101,101,102,3290,3299,3299,5,5,6,6,cycling,cycling,True,1.0429535e-06,3.49373e-07,1.6103911e-08,2.2898823e-06,1.7088507e-05,0.9998424,2.226588e-09,5.4696598e-06,4.3991407e-05,7.577236e-05,1.0889914e-05,5.66658e-07,0.9998424
pamap2,gnn_lstm,sequence,1,101,101,102,3291,3300,3300,5,5,6,6,cycling,cycling,True,1.0696964e-06,3.54469e-07,1.6122907e-08,2.3286284e-06,1.7372402e-05,0.9998425,2.2787208e-09,5.584715e-06,4.4524957e-05,7.4984855e-05,1.0673289e-05,5.747709e-07,0.9998425
pamap2,gnn_lstm,sequence,1,101,101,102,3292,3301,3301,5,5,6,6,cycling,cycling,True,1.0640254e-06,3.4961877e-07,1.5650336e-08,2.3148611e-06,1.7382981e-05,0.9998447,2.2352606e-09,5.5762325e-06,4.382978e-05,7.379912e-05,1.0404192e-05,5.6219324e-07,0.9998447
pamap2,gnn_lstm,sequence,1,101,101,102,3293,3302,3302,5,5,6,6,cycling,cycling,True,9.3190437e-07,3.1016722e-07,1.38900615e-08,2.1216508e-06,1.5725436e-05,0.9998534,1.9266049e-09,5.097124e-06,4.159856e-05,7.0264585e-05,9.965951e-06,5.075933e-07,0.9998534
pamap2,gnn_lstm,sequence,1,101,101,102,3294,3303,3303,5,5,6,6,cycling,cycling,True,8.5009015e-07,2.860466e-07,1.2936034e-08,2.0296677e-06,1.447184e-05,0.9998559,1.7718961e-09,4.841393e-06,4.0623177e-05,7.052215e-05,9.945904e-06,4.7073308e-07,0.9998559
pamap2,gnn_lstm,sequence,1,101,101,102,3295,3304,3304,5,5,6,6,cycling,cycling,True,8.3566835e-07,2.841072e-07,1.2807295e-08,2.0205334e-06,1.4330278e-05,0.99985623,1.7640933e-09,4.793381e-06,4.065098e-05,7.044259e-05,9.957734e-06,4.6921656e-07,0.99985623
pamap2,gnn_lstm,sequence,1,101,101,102,3296,3305,3305,5,5,6,6,cycling,cycling,True,8.657628e-07,2.9877646e-07,1.3341272e-08,2.0841626e-06,1.5004666e-05,0.99985206,1.8723738e-09,4.953283e-06,4.079987e-05,7.302903e-05,1.0377523e-05,4.815158e-07,0.99985206
pamap2,gnn_lstm,sequence,1,101,101,102,3297,3306,3306,5,5,6,6,cycling,cycling,True,9.140768e-07,3.1999534e-07,1.4217884e-08,2.187278e-06,1.601715e-05,0.99984586,2.0253326e-09,5.2038217e-06,4.0985167e-05,7.700059e-05,1.0982241e-05,4.976371e-07,0.99984586
pamap2,gnn_lstm,sequence,1,101,101,102,3298,3307,3307,5,5,6,6,cycling,cycling,True,9.684842e-07,3.344908e-07,1.4900245e-08,2.2799147e-06,1.6767366e-05,0.99984026,2.138517e-09,5.455791e-06,4.0951265e-05,8.1028695e-05,1.1370399e-05,5.03299e-07,0.99984026
pamap2,gnn_lstm,sequence,1,101,101,102,3299,3308,3308,5,5,6,6,cycling,cycling,True,1.0109349e-06,3.4434976e-07,1.5325428e-08,2.3513257e-06,1.7279643e-05,0.9998369,2.226117e-09,5.672224e-06,4.1154988e-05,8.316676e-05,1.14874965e-05,5.0764305e-07,0.9998369
pamap2,gnn_lstm,sequence,1,101,101,102,3300,3309,3309,5,5,6,6,cycling,cycling,True,1.0456062e-06,3.527005e-07,1.5523543e-08,2.4029653e-06,1.7868742e-05,0.9998354,2.2889979e-09,5.845181e-06,4.108257e-05,8.3984545e-05,1.14581235e-05,5.11097e-07,0.9998354
pamap2,gnn_lstm,sequence,1,101,101,102,3301,3310,3310,5,5,6,6,cycling,cycling,True,1.0382071e-06,3.499703e-07,1.536891e-08,2.377416e-06,1.789375e-05,0.99983585,2.244336e-09,5.77001e-06,4.0426574e-05,8.411708e-05,1.1495572e-05,5.059383e-07,0.99983585
pamap2,gnn_lstm,sequence,1,101,101,102,3302,3311,3311,5,5,6,6,cycling,cycling,True,1.0592832e-06,3.573821e-07,1.5672308e-08,2.375676e-06,1.8357621e-05,0.9998362,2.2812026e-09,5.789144e-06,4.0946095e-05,8.2804785e-05,1.1501543e-05,5.2446876e-07,0.9998362
pamap2,gnn_lstm,sequence,1,101,101,102,3303,3312,3312,5,5,6,6,cycling,cycling,True,1.2278173e-06,3.900598e-07,1.7417548e-08,2.5582858e-06,1.9781774e-05,0.9998282,2.597543e-09,6.419201e-06,4.3758017e-05,8.545225e-05,1.1598313e-05,5.724269e-07,0.9998282
pamap2,gnn_lstm,sequence,1,101,101,102,3304,3313,3313,5,5,6,6,cycling,cycling,True,1.351747e-06,4.0076478e-07,1.815617e-08,2.646637e-06,2.0394182e-05,0.99982613,2.7998042e-09,6.956422e-06,4.7046193e-05,8.338044e-05,1.1062648e-05,6.0464475e-07,0.99982613
pamap2,gnn_lstm,sequence,1,101,101,102,3305,3314,3314,5,5,6,6,cycling,cycling,True,1.2321397e-06,3.6771613e-07,1.6721081e-08,2.4851406e-06,1.8819974e-05,0.9998337,2.5608542e-09,6.562458e-06,4.674543e-05,7.8882505e-05,1.05533245e-05,5.743746e-07,0.9998337
pamap2,gnn_lstm,sequence,1,101,101,102,3306,3315,3315,5,5,6,6,cycling,cycling,True,1.0840602e-06,3.2988208e-07,1.46571395e-08,2.2831805e-06,1.7338778e-05,0.9998449,2.2360884e-09,6.0210955e-06,4.456682e-05,7.3144074e-05,9.8558685e-06,5.2565605e-07,0.9998449
pamap2,gnn_lstm,sequence,1,101,101,102,3307,3316,3316,5,5,6,6,cycling,cycling,True,9.567899e-07,2.9404123e-07,1.3017182e-08,2.062022e-06,1.584977e-05,0.99985516,1.9220754e-09,5.4674038e-06,4.216733e-05,6.820844e-05,9.278025e-06,4.795029e-07,0.99985516
pamap2,gnn_lstm,sequence,1,101,101,102,3308,3317,3317,5,5,6,6,cycling,cycling,True,8.7731263e-07,2.7181483e-07,1.1907103e-08,1.9351055e-06,1.4949552e-05,0.99986184,1.72926e-09,5.1366646e-06,4.0559542e-05,6.508105e-05,8.890524e-06,4.491682e-07,0.99986184
pamap2,gnn_lstm,sequence,1,101,101,102,3309,3318,3318,5,5,6,6,cycling,cycling,True,8.2265746e-07,2.539686e-07,1.1090344e-08,1.8392672e-06,1.4175212e-05,0.99986744,1.5894418e-09,4.9044033e-06,3.9717735e-05,6.2011335e-05,8.474979e-06,4.2759245e-07,0.99986744
pamap2,gnn_lstm,sequence,1,101,101,102,3310,3319,3319,5,5,6,6,cycling,cycling,True,7.889699e-07,2.4793601e-07,1.0725263e-08,1.7917315e-06,1.38720525e-05,0.99987054,1.5313983e-09,4.7451463e-06,3.9486873e-05,5.9793994e-05,8.265106e-06,4.235361e-07,0.99987054
pamap2,gnn_lstm,sequence,1,101,101,102,3311,3320,3320,5,5,6,6,cycling,cycling,True,7.626105e-07,2.4483572e-07,1.0367961e-08,1.7610681e-06,1.3840874e-05,0.99987304,1.481288e-09,4.619033e-06,3.845575e-05,5.858899e-05,8.155415e-06,4.1538917e-07,0.99987304
pamap2,gnn_lstm,sequence,1,101,101,102,3312,3321,3321,5,5,6,6,cycling,cycling,True,7.672923e-07,2.4818758e-07,1.0526331e-08,1.7707295e-06,1.4013362e-05,0.9998728,1.4859115e-09,4.597471e-06,3.81966e-05,5.8848247e-05,8.2349425e-06,4.1909243e-07,0.9998728
pamap2,gnn_lstm,sequence,1,101,101,102,3313,3322,3322,5,5,6,6,cycling,cycling,True,7.1814816e-07,2.2991122e-07,9.8449e-09,1.6769739e-06,1.30893195e-05,0.99987733,1.3496964e-09,4.3452155e-06,3.695311e-05,5.7188758e-05,7.969995e-06,3.9412268e-07,0.99987733
pamap2,gnn_lstm,sequence,1,101,101,102,3314,3323,3323,5,5,6,6,cycling,cycling,True,7.159257e-07,2.2749326e-07,9.760407e-09,1.6793389e-06,1.2864664e-05,0.9998772,1.3491145e-09,4.3490913e-06,3.73933e-05,5.720506e-05,7.933064e-06,3.9402005e-07,0.9998772
pamap2,gnn_lstm,sequence,1,101,101,102,3315,3324,3324,5,5,6,6,cycling,cycling,True,7.2524244e-07,2.2964662e-07,9.909381e-09,1.678405e-06,1.2933525e-05,0.99987686,1.3762688e-09,4.3925697e-06,3.8392096e-05,5.6537017e-05,7.919764e-06,4.0477843e-07,0.99987686
pamap2,gnn_lstm,sequence,1,101,101,102,3316,3325,3325,5,5,6,6,cycling,cycling,True,6.787477e-07,2.1812765e-07,9.4533705e-09,1.5994206e-06,1.2322344e-05,0.9998797,1.2797114e-09,4.157512e-06,3.718929e-05,5.579298e-05,7.8755065e-06,3.868849e-07,0.9998797
pamap2,gnn_lstm,sequence,1,101,101,102,3317,3326,3326,5,5,6,6,cycling,cycling,True,7.299004e-07,2.3549804e-07,1.0180906e-08,1.7106717e-06,1.3089352e-05,0.9998741,1.4087866e-09,4.411226e-06,3.8170172e-05,5.8823527e-05,8.290649e-06,4.0777778e-07,0.9998741
pamap2,gnn_lstm,sequence,1,101,101,102,3318,3327,3327,5,5,6,6,cycling,cycling,True,7.757969e-07,2.511474e-07,1.0794658e-08,1.7746062e-06,1.3977501e-05,0.99987113,1.5170318e-09,4.6239475e-06,3.8783277e-05,5.9753726e-05,8.506039e-06,4.2739958e-07,0.99987113
pamap2,gnn_lstm,sequence,1,101,101,102,3319,3328,3328,5,5,6,6,cycling,cycling,True,8.2749966e-07,2.6440608e-07,1.13327445e-08,1.8527876e-06,1.48017825e-05,0.9998673,1.6134497e-09,4.875109e-06,3.9115726e-05,6.172758e-05,8.732511e-06,4.3890373e-07,0.9998673
pamap2,gnn_lstm,sequence,1,101,101,102,3320,3329,3329,5,5,6,6,cycling,cycling,True,8.2823453e-07,2.6665396e-07,1.1413864e-08,1.8804127e-06,1.4952898e-05,0.99986625,1.6183608e-09,4.88957e-06,3.874719e-05,6.285842e-05,8.885054e-06,4.3723384e-07,0.99986625
pamap2,gnn_lstm,sequence,1,101,101,102,3321,3330,3330,5,5,6,6,cycling,cycling,True,7.8370795e-07,2.587855e-07,1.0999856e-08,1.8379232e-06,1.4597334e-05,0.99986887,1.5347527e-09,4.6809546e-06,3.7640428e-05,6.2039166e-05,8.83691e-06,4.2448164e-07,0.99986887
pamap2,gnn_lstm,sequence,1,101,101,102,3322,3331,3331,5,5,6,6,cycling,cycling,True,8.0887014e-07,2.6978452e-07,1.1615992e-08,1.8877143e-06,1.4946662e-05,0.99986506,1.6051799e-09,4.7434824e-06,3.7995716e-05,6.453403e-05,9.2672035e-06,4.3912925e-07,0.99986506
pamap2,gnn_lstm,sequence,1,101,101,102,3323,3332,3332,5,5,6,6,cycling,cycling,True,9.430103e-07,2.9868866e-07,1.3080258e-08,2.0392015e-06,1.6370614e-05,0.99985766,1.8397199e-09,5.2507835e-06,4.0511553e-05,6.691282e-05,9.462629e-06,4.8461203e-07,0.99985766
pamap2,gnn_lstm,sequence,1,101,101,102,3324,3333,3333,5,5,6,6,cycling,cycling,True,9.474372e-07,2.9364202e-07,1.2956909e-08,2.0355387e-06,1.6082311e-05,0.9998585,1.8145394e-09,5.259468e-06,4.0895964e-05,6.6260654e-05,9.266649e-06,4.822423e-07,0.9998585
pamap2,gnn_lstm,sequence,1,101,101,102,3325,3334,3334,5,5,6,6,cycling,cycling,True,9.01186e-07,2.796671e-07,1.2425907e-08,1.989368e-06,1.5169579e-05,0.9998603,1.726904e-09,5.0883687e-06,4.033941e-05,6.632488e-05,9.172516e-06,4.6193244e-07,0.9998603
pamap2,gnn_lstm,sequence,1,101,101,102,3326,3335,3335,5,5,6,6,cycling,cycling,True,8.978755e-07,2.822627e-07,1.2455177e-08,2.0171724e-06,1.51773775e-05,0.99985933,1.7550743e-09,5.1187344e-06,4.0525767e-05,6.6954875e-05,9.234897e-06,4.6300414e-07,0.99985933
pamap2,gnn_lstm,sequence,1,101,101,102,3327,3336,3336,5,5,6,6,cycling,cycling,True,8.36801e-07,2.6921933e-07,1.1590419e-08,1.9061647e-06,1.4753031e-05,0.999866,1.6196141e-09,4.8149614e-06,3.8729744e-05,6.333517e-05,8.849096e-06,4.4328382e-07,0.999866
pamap2,gnn_lstm,sequence,1,101,101,102,3328,3337,3337,5,5,6,6,cycling,cycling,True,8.1557266e-07,2.645462e-07,1.1339378e-08,1.8495103e-06,1.4563419e-05,0.99986887,1.5530008e-09,4.6353234e-06,3.770086e-05,6.2065556e-05,8.717181e-06,4.3642467e-07,0.99986887
pamap2,gnn_lstm,sequence,1,101,101,102,3329,3338,3338,5,5,6,6,cycling,cycling,True,8.0070635e-07,2.5991858e-07,1.1265018e-08,1.8249724e-06,1.4208717e-05,0.99986994,1.5085125e-09,4.5164447e-06,3.7427133e-05,6.1782695e-05,8.703517e-06,4.3297726e-07,0.99986994
pamap2,gnn_lstm,sequence,1,101,101,102,3330,3339,3339,5,5,6,6,cycling,cycling,True,7.952612e-07,2.662341e-07,1.1417617e-08,1.9212782e-06,1.4244031e-05,0.99986696,1.5588204e-09,4.582806e-06,3.775238e-05,6.415169e-05,8.987472e-06,4.3514342e-07,0.99986696
pamap2,gnn_lstm,sequence,1,101,101,102,3331,3340,3340,5,5,6,6,cycling,cycling,True,7.915687e-07,2.923427e-07,1.2172015e-08,2.1250673e-06,1.4975341e-05,0.99986124,1.705937e-09,4.7253816e-06,3.772276e-05,6.801166e-05,9.629992e-06,4.4934788e-07,0.99986124
pamap2,gnn_lstm,sequence,1,101,101,102,3332,3341,3341,5,5,6,6,cycling,cycling,True,9.4646845e-07,3.8884758e-07,1.5820492e-08,2.673766e-06,1.814807e-05,0.9998436,2.234913e-09,5.34341e-06,3.9975188e-05,7.725706e-05,1.1154182e-05,5.4593556e-07,0.9998436
pamap2,gnn_lstm,sequence,1,101,101,102,3333,3342,3342,5,5,6,6,cycling,cycling,True,1.0458612e-06,4.463664e-07,1.7726967e-08,3.2399967e-06,1.8881825e-05,0.9998246,2.5187543e-09,5.5423698e-06,4.0411203e-05,9.263634e-05,1.2529353e-05,5.904874e-07,0.9998246
pamap2,gnn_lstm,sequence,1,101,101,102,3334,3343,3343,5,5,6,6,cycling,cycling,True,1.1343187e-06,4.6577574e-07,1.8888507e-08,3.7337384e-06,1.8682978e-05,0.99980325,2.7596903e-09,5.933676e-06,4.2375003e-05,0.00010996607,1.3871647e-05,6.0299084e-07,0.99980325
pamap2,gnn_lstm,sequence,1,101,101,102,3335,3344,3344,5,5,6,6,cycling,cycling,True,2.1287794e-06,9.4263794e-07,3.9826816e-08,6.909267e-06,2.9311575e-05,0.999683,6.6048282e-09,9.918016e-06,5.7466008e-05,0.00018665085,2.2575656e-05,1.0039909e-06,0.999683
pamap2,gnn_lstm,sequence,1,101,101,102,3336,3345,3345,5,5,6,6,cycling,cycling,True,9.9439085e-06,6.2620243e-06,2.1920633e-07,1.9373008e-05,9.519701e-05,0.9991435,5.8310892e-08,2.7182687e-05,0.000104190054,0.0005362534,5.4110547e-05,3.763553e-06,0.9991435
pamap2,gnn_lstm,sequence,1,101,101,102,3337,3346,3346,5,5,6,6,cycling,cycling,True,0.00013538568,0.00015860435,4.5842335e-06,0.00014453134,0.0010324704,0.9952602,3.1176817e-06,0.00016587645,0.00035812537,0.0024444526,0.00024714644,4.5515426e-05,0.9952602
pamap2,gnn_lstm,sequence,1,101,101,102,3338,3347,3347,5,5,6,6,cycling,cycling,True,0.0024898455,0.0070365644,0.00022240607,0.0020565013,0.018900853,0.9482234,0.00031254312,0.0022708308,0.002510106,0.013185659,0.001827078,0.0009643077,0.9482234
pamap2,gnn_lstm,sequence,1,101,101,102,3339,3348,3348,5,5,6,6,cycling,cycling,True,0.016683055,0.089705124,0.0043221447,0.017518366,0.1355451,0.6402732,0.008676845,0.01882758,0.014949845,0.034815483,0.008528622,0.010154635,0.6402732
pamap2,gnn_lstm,sequence,1,101,101,102,3340,3349,3349,5,5,6,6,cycling,cycling,True,0.030952273,0.19148797,0.026355078,0.02987496,0.1498156,0.3595974,0.017445385,0.042335354,0.03258043,0.06456636,0.032911133,0.02207807,0.3595974
pamap2,gnn_lstm,sequence,1,101,101,102,3341,3350,3350,5,1,6,2,cycling,sitting,False,0.04588621,0.30849454,0.13981356,0.020610645,0.06843386,0.08966746,0.01770454,0.048164662,0.038471796,0.09823054,0.096282125,0.028240059,0.30849454
pamap2,gnn_lstm,sequence,1,101,101,102,3342,3351,3351,5,2,6,3,cycling,standing,False,0.032856077,0.23691651,0.28156906,0.018996073,0.04347139,0.029555257,0.015387982,0.05570152,0.046499938,0.075044006,0.13696922,0.027033001,0.28156906
pamap2,gnn_lstm,sequence,1,101,101,102,3343,3352,3352,4,2,5,3,running,standing,False,0.02208349,0.14706048,0.30531037,0.011738043,0.02945082,0.020134943,0.008218953,0.049188476,0.036075674,0.08553455,0.26752684,0.017677406,0.30531037
pamap2,gnn_lstm,sequence,1,101,101,102,3344,3353,3353,4,10,5,17,running,ironing,False,0.008913412,0.09014491,0.31831333,0.0028632355,0.009946002,0.008601991,0.0022367034,0.016972575,0.014483929,0.062196836,0.45914316,0.0061839516,0.45914316
pamap2,gnn_lstm,sequence,1,101,101,102,3345,3354,3354,4,2,5,3,running,standing,False,0.003923018,0.11724301,0.4496939,0.00078722043,0.0035610914,0.0038283165,0.0006898417,0.0055155973,0.006886109,0.03113865,0.3737499,0.002983328,0.4496939
pamap2,gnn_lstm,sequence,1,101,101,102,3346,3355,3355,4,10,5,17,running,ironing,False,0.0033369702,0.12422558,0.4078218,0.0006359885,0.0030022666,0.0037845818,0.0006282665,0.0045282664,0.0062455637,0.029800156,0.41338944,0.0026010503,0.41338944
pamap2,gnn_lstm,sequence,1,101,101,102,3347,3356,3356,4,10,5,17,running,ironing,False,0.0035627726,0.14427948,0.39208657,0.0007162848,0.003212585,0.0046014343,0.0008302541,0.0047054803,0.007034603,0.031182166,0.40466368,0.0031246434,0.40466368
pamap2,gnn_lstm,sequence,1,101,101,102,3348,3357,3357,4,10,5,17,running,ironing,False,0.0032127264,0.09711397,0.15146655,0.0011122406,0.003951391,0.009787803,0.0010759562,0.006366767,0.0095981825,0.04767187,0.66525894,0.00338365,0.66525894
pamap2,gnn_lstm,sequence,1,101,101,102,3349,3358,3358,4,10,5,17,running,ironing,False,0.0017583307,0.027087461,0.025050145,0.0010129607,0.0033794385,0.011719573,0.0007941658,0.0069090277,0.007909399,0.04953546,0.86287034,0.0019736562,0.86287034
pamap2,gnn_lstm,sequence,1,101,101,102,3350,3359,3359,4,10,5,17,running,ironing,False,0.00088794506,0.014596383,0.0094988225,0.00047078353,0.0020888282,0.007696214,0.00039086238,0.004043686,0.0044242493,0.032620735,0.9223074,0.0009741037,0.9223074
pamap2,gnn_lstm,sequence,1,101,101,102,3351,3360,3360,4,10,5,17,running,ironing,False,0.00057852996,0.010180287,0.004535068,0.00027252422,0.0015537962,0.005300979,0.00024276307,0.0027129976,0.0027345615,0.02392636,0.9473696,0.0005926206,0.9473696
pamap2,gnn_lstm,sequence,1,101,101,102,3352,3361,3361,4,10,5,17,running,ironing,False,0.00020145718,0.0027050595,0.0011765262,0.00011284321,0.0009562843,0.0016614997,9.60288e-05,0.0014982115,0.00090191484,0.009514907,0.98101807,0.00015724926,0.98101807
pamap2,gnn_lstm,sequence,1,101,101,102,3353,3362,3362,4,10,5,17,running,ironing,False,0.00012293101,0.0014363534,0.0006437967,8.7069355e-05,0.0008178633,0.0014971843,5.045415e-05,0.0011759679,0.0006549474,0.007548136,0.98587185,9.351403e-05,0.98587185
pamap2,gnn_lstm,sequence,1,101,101,102,3354,3363,3363,4,10,5,17,running,ironing,False,0.000112811984,0.0012886156,0.0005778637,8.6065935e-05,0.0008811664,0.0021104615,3.8767288e-05,0.0010722126,0.0006868076,0.0075617135,0.9854897,9.37288e-05,0.9854897
pamap2,gnn_lstm,sequence,1,101,101,102,3355,3364,3364,4,10,5,17,running,ironing,False,0.00028670317,0.0022453824,0.0007136678,0.0003169565,0.0021804154,0.008598454,0.0001045741,0.003002495,0.0020638355,0.019422485,0.9607458,0.0003193391,0.9607458
pamap2,gnn_lstm,sequence,1,101,101,102,3356,3365,3365,4,10,5,17,running,ironing,False,0.0022907665,0.0054327385,0.0006621665,0.006571978,0.02819547,0.22944884,0.000860179,0.03540336,0.028920496,0.110379815,0.54574466,0.006089606,0.54574466
pamap2,gnn_lstm,sequence,1,101,101,102,3357,3366,3366,4,5,5,6,running,cycling,False,0.0044304854,0.0032982505,0.00027993773,0.010033279,0.18957467,0.34925258,0.002265427,0.12733078,0.05187506,0.058850206,0.18038815,0.022421164,0.34925258
pamap2,gnn_lstm,sequence,1,101,101,102,3358,3367,3367,4,4,5,5,running,running,True,0.001246313,0.0004498221,2.2955339e-05,0.002055828,0.77019525,0.06251177,0.0018724705,0.06395286,0.022981288,0.0017258927,0.014584272,0.05840125,0.77019525
pamap2,gnn_lstm,sequence,1,101,101,102,3359,3368,3368,4,4,5,5,running,running,True,0.000116225565,2.3234852e-05,7.5839876e-07,9.449414e-05,0.9495875,0.002332975,0.00039818627,0.007085516,0.0018842068,1.41055425e-05,0.00056611496,0.037896674,0.9495875
pamap2,gnn_lstm,sequence,1,101,101,102,3360,3369,3369,4,4,5,5,running,running,True,2.8224082e-05,3.6445567e-06,9.197451e-08,1.38832875e-05,0.9729164,0.00021961168,0.00018612162,0.0019489005,0.00037274818,7.25511e-07,7.790139e-05,0.024231827,0.9729164
pamap2,gnn_lstm,sequence,1,101,101,102,3361,3370,3370,4,4,5,5,running,running,True,8.775605e-06,9.004192e-07,1.7915136e-08,3.20884e-06,0.98587936,3.29011e-05,0.00011941216,0.00065021886,8.8681634e-05,8.279847e-08,1.8046809e-05,0.013198375,0.98587936
pamap2,gnn_lstm,sequence,1,101,101,102,3362,3371,3371,4,4,5,5,running,running,True,3.722161e-06,4.097625e-07,7.1334814e-09,1.2713544e-06,0.9890155,9.979807e-06,9.784705e-05,0.0002860433,4.165632e-05,2.1697801e-08,7.428269e-06,0.0105361305,0.9890155
pamap2,gnn_lstm,sequence,1,101,101,102,3363,3372,3372,4,4,5,5,running,running,True,1.603619e-06,1.7342654e-07,2.1605913e-09,5.5833584e-07,0.9944411,3.3085373e-06,7.3710115e-05,0.00014754322,1.6738757e-05,6.314086e-09,2.8893537e-06,0.005312324,0.9944411
pamap2,gnn_lstm,sequence,1,101,101,102,3364,3373,3373,4,4,5,5,running,running,True,9.011657e-07,9.045456e-08,8.441421e-10,3.1154087e-07,0.99693763,1.468834e-06,5.7793037e-05,9.946706e-05,7.956867e-06,2.5375166e-09,1.4513047e-06,0.0028928434,0.99693763
pamap2,gnn_lstm,sequence,1,101,101,102,3365,3374,3374,4,4,5,5,running,running,True,4.945556e-07,4.1422812e-08,2.3090362e-10,1.662706e-07,0.9987128,6.4190357e-07,3.7826507e-05,8.093855e-05,3.0361293e-06,8.1200285e-10,6.058093e-07,0.0011634063,0.9987128
pamap2,gnn_lstm,sequence,1,101,101,102,3366,3375,3375,4,4,5,5,running,running,True,3.8664064e-07,3.2058878e-08,1.4499914e-10,1.2602834e-07,0.9990351,4.7342752e-07,3.3470627e-05,6.91597e-05,2.193782e-06,5.1439614e-10,4.2302085e-07,0.0008585855,0.9990351
pamap2,gnn_lstm,sequence,1,101,101,102,3367,3376,3376,4,4,5,5,running,running,True,3.5036774e-07,3.1463582e-08,1.4465196e-10,1.1936054e-07,0.9989839,4.558349e-07,3.3561573e-05,6.02633e-05,2.291246e-06,4.974871e-10,4.070745e-07,0.0009186086,0.9989839
pamap2,gnn_lstm,sequence,1,101,101,102,3368,3377,3377,4,4,5,5,running,running,True,3.2997787e-07,3.036979e-08,1.3787353e-10,1.1611859e-07,0.99898666,4.440325e-07,3.2883127e-05,5.740616e-05,2.2981237e-06,4.761722e-10,3.8763125e-07,0.00091948675,0.99898666
pamap2,gnn_lstm,sequence,1,101,101,102,3369,3378,3378,4,4,5,5,running,running,True,3.3397512e-07,3.0783003e-08,1.4207206e-10,1.1915361e-07,0.99896646,4.531716e-07,3.3435597e-05,5.8426278e-05,2.3855737e-06,4.904958e-10,3.9580044e-07,0.0009379115,0.99896646
pamap2,gnn_lstm,sequence,1,101,101,102,3370,3379,3379,4,4,5,5,running,running,True,3.5364621e-07,3.2178843e-08,1.4877932e-10,1.2950028e-07,0.99896884,4.789608e-07,3.371656e-05,6.381454e-05,2.46329e-06,5.168491e-10,4.142804e-07,0.00092965463,0.99896884
pamap2,gnn_lstm,sequence,1,101,101,102,3371,3380,3380,4,4,5,5,running,running,True,3.776612e-07,3.4573986e-08,1.6980567e-10,1.3733376e-07,0.99887913,5.133875e-07,3.5113273e-05,6.550309e-05,2.6881503e-06,5.7986016e-10,4.561906e-07,0.0010159399,0.99887913
pamap2,gnn_lstm,sequence,1,101,101,102,3372,3381,3381,4,4,5,5,running,running,True,3.534309e-07,3.2533677e-08,1.551045e-10,1.3055934e-07,0.99891305,4.9032116e-07,3.386397e-05,6.287184e-05,2.5806057e-06,5.3707705e-10,4.2859622e-07,0.000986171,0.99891305
pamap2,gnn_lstm,sequence,1,101,101,102,3373,3382,3382,4,4,5,5,running,running,True,3.9705253e-07,3.749384e-08,1.9695952e-10,1.532426e-07,0.9987453,5.7617956e-07,3.6263064e-05,6.7517285e-05,3.12312e-06,6.680999e-10,5.0281886e-07,0.0011459602,0.9987453
pamap2,gnn_lstm,sequence,1,101,101,102,3374,3383,3383,4,4,5,5,running,running,True,5.039386e-07,4.8145605e-08,2.9786343e-10,1.985564e-07,0.9984003,7.644239e-07,4.0529274e-05,7.8475714e-05,4.225628e-06,9.706397e-10,6.7421706e-07,0.0014743407,0.9984003
pamap2,gnn_lstm,sequence,1,101,101,102,3375,3384,3384,4,4,5,5,running,running,True,6.4783643e-07,6.5012735e-08,5.05962e-10,2.308111e-07,0.9976496,1.0088359e-06,4.9397546e-05,8.036271e-05,5.921962e-06,1.5202407e-09,9.91108e-07,0.0022117998,0.9976496
pamap2,gnn_lstm,sequence,1,101,101,102,3376,3385,3385,4,4,5,5,running,running,True,6.084087e-07,6.4583155e-08,5.19007e-10,2.1695135e-07,0.99750155,9.846642e-07,5.2076444e-05,7.3819014e-05,6.164008e-06,1.5319191e-09,9.837003e-07,0.0023634941,0.99750155
pamap2,gnn_lstm,sequence,1,101,101,102,3377,3386,3386,4,4,5,5,running,running,True,5.493687e-07,5.823597e-08,4.3558485e-10,2.0102419e-07,0.99774545,8.842991e-07,4.874583e-05,6.872035e-05,5.4824263e-06,1.3189513e-09,8.7070134e-07,0.0021289801,0.99774545
pamap2,gnn_lstm,sequence,1,101,101,102,3378,3387,3387,4,4,5,5,running,running,True,5.6562783e-07,5.7711155e-08,4.2254242e-10,2.0054443e-07,0.99791247,8.469826e-07,4.9048915e-05,7.0258524e-05,5.023327e-06,1.285969e-09,8.6171985e-07,0.0019605418,0.99791247
pamap2,gnn_lstm,sequence,1,101,101,102,3379,3388,3388,4,4,5,5,running,running,True,5.357371e-07,5.0883006e-08,3.3598624e-10,1.8111803e-07,0.99834824,6.9800956e-07,4.7084388e-05,7.185101e-05,3.894039e-06,1.0474852e-09,7.428898e-07,0.0015267676,0.99834824
pamap2,gnn_lstm,sequence,1,101,101,102,3380,3389,3389,4,4,5,5,running,running,True,4.854011e-07,4.5654197e-08,2.7869307e-10,1.6300292e-07,0.9985227,6.22596e-07,4.4471224e-05,6.86378e-05,3.4269183e-06,8.8751617e-10,6.5316306e-07,0.0013587866,0.9985227
pamap2,gnn_lstm,sequence,1,101,101,102,3381,3390,3390,4,4,5,5,running,running,True,4.4397325e-07,4.342653e-08,2.6179922e-10,1.577193e-07,0.99850476,6.0508205e-07,4.282605e-05,6.419915e-05,3.4886648e-06,8.39927e-10,6.156356e-07,0.0013828309,0.99850476
pamap2,gnn_lstm,sequence,1,101,101,102,3382,3391,3391,4,4,5,5,running,running,True,4.7211162e-07,4.766026e-08,3.0978037e-10,1.7296905e-07,0.99828404,6.807906e-07,4.4740176e-05,6.547237e-05,4.0847044e-06,9.770776e-10,6.9054005e-07,0.0015995218,0.99828404
pamap2,gnn_lstm,sequence,1,101,101,102,3383,3392,3392,4,4,5,5,running,running,True,4.3764774e-07,4.2879645e-08,2.565738e-10,1.729367e-07,0.998481,6.5098595e-07,4.001558e-05,6.926869e-05,3.8148605e-06,8.397164e-10,6.063784e-07,0.0014040074,0.998481
pamap2,gnn_lstm,sequence,1,101,101,102,3384,3393,3393,4,4,5,5,running,running,True,4.2698963e-07,3.9839207e-08,2.2410238e-10,1.6695755e-07,0.9986369,6.1039793e-07,3.7770973e-05,7.260417e-05,3.4370119e-06,7.483977e-10,5.621587e-07,0.001247484,0.9986369
pamap2,gnn_lstm,sequence,1,101,101,102,3385,3394,3394,4,4,5,5,running,running,True,4.7457522e-07,4.6834252e-08,3.0532205e-10,1.8623595e-07,0.9982151,7.418223e-07,4.0970797e-05,7.165251e-05,4.4919434e-06,9.766169e-10,6.9423686e-07,0.0016657119,0.9982151
pamap2,gnn_lstm,sequence,1,101,101,102,3386,3395,3395,4,4,5,5,running,running,True,4.6500108e-07,4.819205e-08,3.2770697e-10,1.8435286e-07,0.9980071,7.7143903e-07,4.158987e-05,6.8112124e-05,4.882466e-06,1.0289894e-09,7.2377713e-07,0.0018760664,0.9980071
pamap2,gnn_lstm,sequence,1,101,101,102,3387,3396,3396,4,4,5,5,running,running,True,5.0111055e-07,5.126114e-08,3.636883e-10,1.8998112e-07,0.9979328,7.929684e-07,4.472759e-05,7.087633e-05,5.0226818e-06,1.1271702e-09,7.830905e-07,0.0019442282,0.9979328
pamap2,gnn_lstm,sequence,1,101,101,102,3388,3397,3397,4,4,5,5,running,running,True,6.8092913e-07,7.240959e-08,6.2043093e-10,2.5324968e-07,0.9972995,1.0602487e-06,5.665352e-05,8.591028e-05,6.7943233e-06,1.813188e-09,1.1594399e-06,0.0025479007,0.9972995
pamap2,gnn_lstm,sequence,1,101,101,102,3389,3398,3398,4,4,5,5,running,running,True,9.768214e-07,1.2405326e-07,1.5403747e-09,3.5870505e-07,0.99503666,1.7172681e-06,8.608302e-05,9.892591e-05,1.255079e-05,3.908454e-09,2.1466772e-06,0.004760362,0.99503666
pamap2,gnn_lstm,sequence,1,101,101,102,3390,3399,3399,4,4,5,5,running,running,True,8.700063e-07,1.202688e-07,1.5440477e-09,3.1597227e-07,0.99462235,1.6105621e-06,9.33102e-05,8.521478e-05,1.2988578e-05,3.8079193e-09,2.079106e-06,0.0051810388,0.99462235
pamap2,gnn_lstm,sequence,1,101,101,102,3391,3400,3400,4,4,5,5,running,running,True,5.0879527e-07,5.9419865e-08,5.0012544e-10,1.8021309e-07,0.9974782,7.9079365e-07,6.187755e-05,6.226861e-05,5.8212877e-06,1.4280468e-09,9.2755977e-07,0.0023893972,0.9974782
pamap2,gnn_lstm,sequence,1,101,101,102,3392,3401,3401,4,4,5,5,running,running,True,4.2140934e-07,4.2295525e-08,2.7886105e-10,1.4015298e-07,0.99838924,5.5544183e-07,5.0465977e-05,5.7254256e-05,3.636882e-06,8.714845e-10,6.3009776e-07,0.0014976716,0.99838924
pamap2,gnn_lstm,sequence,1,101,101,102,3393,3402,3402,4,4,5,5,running,running,True,3.6390145e-07,3.303647e-08,1.6794631e-10,1.18075285e-07,0.99887615,4.4624764e-07,4.0416977e-05,5.8292437e-05,2.5244692e-06,5.736059e-10,4.594472e-07,0.0010212242,0.99887615
pamap2,gnn_lstm,sequence,1,101,101,102,3394,3403,3403,4,4,5,5,running,running,True,3.4155525e-07,3.174633e-08,1.565763e-10,1.15131684e-07,0.99889696,4.3610277e-07,3.8327158e-05,5.6293557e-05,2.4811766e-06,5.377224e-10,4.3351153e-07,0.0010044331,0.99889696
pamap2,gnn_lstm,sequence,1,101,101,102,3395,3404,3404,4,4,5,5,running,running,True,3.0793052e-07,2.9078844e-08,1.3656079e-10,1.0952179e-07,0.998949,4.1422516e-07,3.5388344e-05,5.380036e-05,2.3856114e-06,4.7680043e-10,3.88347e-07,0.00095826044,0.998949
pamap2,gnn_lstm,sequence,1,101,101,102,3396,3405,3405,4,4,5,5,running,running,True,3.2054876e-07,3.081745e-08,1.4970647e-10,1.197657e-07,0.9988871,4.512597e-07,3.6000456e-05,5.6149576e-05,2.6375105e-06,5.2149146e-10,4.1007493e-07,0.001016708,0.9988871
pamap2,gnn_lstm,sequence,1,101,101,102,3397,3406,3406,4,4,5,5,running,running,True,3.5535845e-07,3.3279257e-08,1.6713526e-10,1.2755187e-07,0.9988551,4.7745664e-07,3.7632544e-05,6.0229904e-05,2.715602e-06,5.738247e-10,4.4927685e-07,0.0010428049,0.9988551
pamap2,gnn_lstm,sequence,1,101,101,102,3398,3407,3407,4,4,5,5,running,running,True,3.634126e-07,3.4218512e-08,1.7725313e-10,1.298291e-07,0.998806,4.8842287e-07,3.851063e-05,6.0330014e-05,2.832605e-06,6.0277927e-10,4.6725663e-07,0.0010908208,0.998806
pamap2,gnn_lstm,sequence,1,101,101,102,3399,3408,3408,4,4,5,5,running,running,True,3.4599427e-07,3.3360607e-08,1.745243e-10,1.2625343e-07,0.99877125,4.811224e-07,3.8034843e-05,5.7166966e-05,2.8963086e-06,5.93126e-10,4.5732523e-07,0.0011291901,0.99877125
pamap2,gnn_lstm,sequence,1,101,101,102,3400,3409,3409,4,4,5,5,running,running,True,3.4171043e-07,3.3174633e-08,1.7434235e-10,1.2550221e-07,0.9987544,4.8013663e-07,3.7767742e-05,5.618738e-05,2.9089433e-06,5.926501e-10,4.5674304e-07,0.0011473239,0.9987544
pamap2,gnn_lstm,sequence,1,101,101,102,3401,3410,3410,4,4,5,5,running,running,True,3.9629904e-07,3.8827736e-08,2.201618e-10,1.521612e-07,0.9986141,5.697597e-07,4.070255e-05,6.380867e-05,3.4298018e-06,7.4065276e-10,5.4173444e-07,0.0012763347,0.9986141
pamap2,gnn_lstm,sequence,1,101,101,102,3402,3411,3411,4,4,5,5,running,running,True,4.896254e-07,4.8326964e-08,3.1035058e-10,1.809392e-07,0.9983683,6.748355e-07,4.680936e-05,7.050902e-05,4.0358327e-06,1.0011286e-09,7.040983e-07,0.0015082855,0.9983683
pamap2,gnn_lstm,sequence,1,101,101,102,3403,3412,3412,4,4,5,5,running,running,True,5.5214036e-07,6.047936e-08,4.5543458e-10,2.1115996e-07,0.99780554,8.561836e-07,5.4096196e-05,7.2305986e-05,5.546718e-06,1.3902699e-09,9.049866e-07,0.0020600446,0.99780554
pamap2,gnn_lstm,sequence,1,101,101,102,3404,3413,3413,4,4,5,5,running,running,True,5.1558374e-07,5.8391006e-08,4.2627837e-10,2.1053695e-07,0.99774534,8.7691615e-07,5.0009658e-05,6.992913e-05,5.7545585e-06,1.3180859e-09,8.634328e-07,0.0021263107,0.99774534
pamap2,gnn_lstm,sequence,1,101,101,102,3405,3414,3414,4,4,5,5,running,running,True,5.5097576e-07,6.108242e-08,4.561543e-10,2.2858477e-07,0.9976265,9.727381e-07,4.819212e-05,7.464028e-05,6.196172e-06,1.4085585e-09,9.094352e-07,0.0022417724,0.9976265
pamap2,gnn_lstm,sequence,1,101,101,102,3406,3415,3415,4,4,5,5,running,running,True,5.178157e-07,4.998396e-08,3.2809644e-10,1.9803078e-07,0.99825984,7.5858105e-07,4.3430322e-05,7.6264754e-05,4.4189555e-06,1.0552087e-09,7.318309e-07,0.0016139137,0.99825984
pamap2,gnn_lstm,sequence,1,101,101,102,3407,3416,3416,4,4,5,5,running,running,True,5.8017656e-07,5.9032125e-08,4.360296e-10,2.1756951e-07,0.9978465,8.9176785e-07,4.8363865e-05,7.759786e-05,5.419764e-06,1.3462383e-09,8.9098745e-07,0.0020195455,0.9978465
pamap2,gnn_lstm,sequence,1,101,101,102,3408,3417,3417,4,4,5,5,running,running,True,5.527706e-07,5.7867435e-08,4.380724e-10,2.0372757e-07,0.99775237,8.601891e-07,4.9405793e-05,7.304454e-05,5.468715e-06,1.3268581e-09,8.8086506e-07,0.0021170576,0.99775237
pamap2,gnn_lstm,sequence,1,101,101,102,3409,3418,3418,4,4,5,5,running,running,True,5.460247e-07,5.6885632e-08,4.3516796e-10,1.9588902e-07,0.99777967,8.2411657e-07,5.1612347e-05,7.189931e-05,5.3477697e-06,1.3155893e-09,8.7276806e-07,0.002088985,0.99777967
pamap2,gnn_lstm,sequence,1,101,101,102,3410,3419,3419,4,4,5,5,running,running,True,5.91803e-07,5.9023357e-08,4.5868423e-10,1.9938477e-07,0.9978962,8.0526894e-07,5.670532e-05,7.528242e-05,5.089306e-06,1.387445e-09,9.1697757e-07,0.0019641365,0.9978962
pamap2,gnn_lstm,sequence,1,101,101,102,3411,3420,3420,4,4,5,5,running,running,True,4.9926393e-07,4.5294815e-08,2.8256972e-10,1.6277414e-07,0.99852765,6.112334e-07,4.8182275e-05,7.175435e-05,3.5172748e-06,9.234758e-10,6.702588e-07,0.0013468923,0.99852765
pamap2,gnn_lstm,sequence,1,101,101,102,3412,3421,3421,4,4,5,5,running,running,True,4.9155716e-07,4.8107296e-08,3.138128e-10,1.7227293e-07,0.9983882,6.474325e-07,5.0971958e-05,6.934474e-05,3.9798874e-06,1.0153406e-09,7.063573e-07,0.001485505,0.9983882
pamap2,gnn_lstm,sequence,1,101,101,102,3413,3422,3422,4,4,5,5,running,running,True,4.2335532e-07,4.098066e-08,2.37117e-10,1.5296925e-07,0.9986091,5.6706983e-07,4.468386e-05,6.550156e-05,3.4091067e-06,7.9754003e-10,5.8151267e-07,0.0012756147,0.9986091
pamap2,gnn_lstm,sequence,1,101,101,102,3414,3423,3423,4,4,5,5,running,running,True,4.0764448e-07,3.7177863e-08,1.9535441e-10,1.4636834e-07,0.998806,5.290164e-07,4.1422278e-05,6.992473e-05,2.9799248e-06,6.8177586e-10,5.1688596e-07,0.0010781242,0.998806
pamap2,gnn_lstm,sequence,1,101,101,102,3415,3424,3424,4,4,5,5,running,running,True,3.9798775e-07,3.3881424e-08,1.6509007e-10,1.317629e-07,0.9989557,4.7214644e-07,3.974014e-05,7.097532e-05,2.5096047e-06,5.8615646e-10,4.697185e-07,0.0009295564,0.9989557
pamap2,gnn_lstm,sequence,1,101,101,102,3416,3425,3425,4,4,5,5,running,running,True,4.035438e-07,3.573412e-08,1.8364181e-10,1.3615532e-07,0.99885976,4.9519525e-07,4.08384e-05,6.855484e-05,2.725749e-06,6.377839e-10,5.0082843e-07,0.0010265852,0.99885976
pamap2,gnn_lstm,sequence,1,101,101,102,3417,3426,3426,4,4,5,5,running,running,True,3.731064e-07,3.562433e-08,1.8749637e-10,1.4587236e-07,0.9987619,5.2763613e-07,3.884032e-05,6.592755e-05,3.1177615e-06,6.5300393e-10,4.9306726e-07,0.0011287914,0.9987619
pamap2,gnn_lstm,sequence,1,101,101,102,3418,3427,3427,4,4,5,5,running,running,True,4.2003694e-07,4.1002377e-08,2.405094e-10,1.7637501e-07,0.9985287,6.393185e-07,3.9860337e-05,7.213041e-05,3.8945386e-06,8.1555945e-10,5.826016e-07,0.0013534653,0.9985287
pamap2,gnn_lstm,sequence,1,101,101,102,3419,3428,3428,4,4,5,5,running,running,True,5.296537e-07,5.2002456e-08,3.4752048e-10,2.2364112e-07,0.9981798,8.349612e-07,4.4006592e-05,8.5340245e-05,5.0433136e-06,1.1383137e-09,7.699201e-07,0.0016834865,0.9981798
pamap2,gnn_lstm,sequence,1,101,101,102,3420,3429,3429,4,4,5,5,running,running,True,7.301395e-07,9.75671e-08,9.465504e-10,3.538227e-07,0.9955253,1.8159337e-06,5.9245176e-05,9.927559e-05,1.314742e-05,2.7029596e-09,1.5686848e-06,0.0042985124,0.9955253
pamap2,gnn_lstm,sequence,1,101,101,102,3421,3430,3430,4,4,5,5,running,running,True,1.0729954e-06,2.1568155e-07,3.1688565e-09,5.675802e-07,0.98462385,4.8829806e-06,8.8615e-05,0.000114164664,4.4388213e-05,7.776782e-09,3.8653757e-06,0.015118376,0.98462385
pamap2,gnn_lstm,sequence,1,101,101,102,3422,3431,3431,4,4,5,5,running,running,True,1.2705028e-06,2.9364762e-07,5.048238e-09,7.087359e-07,0.97494996,7.2767634e-06,0.00010135379,0.00012869289,7.23529e-05,1.1851448e-08,5.532202e-06,0.024732511,0.97494996
pamap2,gnn_lstm,sequence,1,101,101,102,3423,3432,3432,4,4,5,5,running,running,True,2.4238602e-06,7.139073e-07,2.0255294e-08,1.307905e-06,0.93037766,1.7222044e-05,0.00017778824,0.0001839523,0.00019911226,4.0608473e-08,1.5618612e-05,0.069024175,0.93037766
pamap2,gnn_lstm,sequence,1,101,101,102,3424,3433,3433,4,4,5,5,running,running,True,4.035357e-06,1.4962865e-06,6.4647615e-08,2.0580537e-06,0.8463507,2.9727897e-05,0.00034027535,0.00023459617,0.00043122555,1.136053e-07,3.7107355e-05,0.15256853,0.8463507
pamap2,gnn_lstm,sequence,1,101,101,102,3425,3434,3434,4,11,5,24,running,rope_jumping,False,6.543739e-06,4.40346e-06,3.5902357e-07,3.99878e-06,0.49583197,7.0066184e-05,0.00061428675,0.0002549839,0.001510352,5.078703e-07,0.000119862314,0.5015827,0.5015827
pamap2,gnn_lstm,sequence,1,101,101,102,3426,3435,3435,4,4,5,5,running,running,True,6.349354e-06,3.5956434e-06,2.4469338e-07,3.5032078e-06,0.6485217,5.2734293e-05,0.00068944873,0.0002623096,0.001037614,3.658972e-07,9.5094874e-05,0.349327,0.6485217
pamap2,gnn_lstm,sequence,1,101,101,102,3427,3436,3436,4,4,5,5,running,running,True,2.3214338e-06,5.367346e-07,1.40861145e-08,8.8747214e-07,0.9690698,7.2342755e-06,0.00030272905,0.00015781044,8.7830806e-05,2.8885859e-08,1.15999865e-05,0.030359285,0.9690698
pamap2,gnn_lstm,sequence,1,101,101,102,3428,3437,3437,4,4,5,5,running,running,True,1.3164823e-06,1.965563e-07,2.9842142e-09,4.7795197e-07,0.9927112,2.3314865e-06,0.00016295614,0.00012289763,2.1255257e-05,7.4452227e-09,3.6647543e-06,0.006973626,0.9927112
pamap2,gnn_lstm,sequence,1,101,101,102,3429,3438,3438,4,4,5,5,running,running,True,1.1809154e-06,1.7666487e-07,2.48132e-09,4.618599e-07,0.99360317,2.1846124e-06,0.000138513,0.000117404095,1.881431e-05,6.2751626e-09,3.184664e-06,0.006114882,0.99360317
pamap2,gnn_lstm,sequence,1,101,101,102,3430,3439,3439,4,4,5,5,running,running,True,6.240847e-07,6.742146e-08,5.21956e-10,2.3910462e-07,0.9977842,9.2723576e-07,6.268902e-05,8.563115e-05,6.096142e-06,1.6300247e-09,1.0364622e-06,0.0020585668,0.9977842
pamap2,gnn_lstm,sequence,1,101,101,102,3431,3440,3440,4,4,5,5,running,running,True,5.180787e-07,4.8486342e-08,3.0171127e-10,1.9012322e-07,0.9984754,6.966752e-07,4.7566926e-05,8.008855e-05,4.0012706e-06,1.010441e-09,7.112592e-07,0.0013906915,0.9984754
pamap2,gnn_lstm,sequence,1,101,101,102,3432,3441,3441,4,4,5,5,running,running,True,5.0503957e-07,4.2931593e-08,2.3912786e-10,1.7005183e-07,0.9987452,6.114785e-07,4.403446e-05,8.3869534e-05,3.2008647e-06,8.2534246e-10,6.17149e-07,0.0011217243,0.9987452
pamap2,gnn_lstm,sequence,1,101,101,102,3433,3442,3442,4,4,5,5,running,running,True,5.261145e-07,4.4540755e-08,2.5318866e-10,1.7568979e-07,0.998711,6.32778e-07,4.4374323e-05,8.597816e-05,3.2693422e-06,8.6744295e-10,6.461809e-07,0.0011533211,0.998711
pamap2,gnn_lstm,sequence,1,101,101,102,3434,3443,3443,4,4,5,5,running,running,True,5.272713e-07,4.7750135e-08,2.9685765e-10,1.92276e-07,0.99848723,7.0298915e-07,4.5136785e-05,8.3300634e-05,3.958316e-06,9.887002e-10,7.009033e-07,0.0013781192,0.99848723
pamap2,gnn_lstm,sequence,1,101,101,102,3435,3444,3444,4,4,5,5,running,running,True,5.0556804e-07,4.9107644e-08,3.235911e-10,2.0231082e-07,0.99823076,7.7524237e-07,4.3557844e-05,7.9828824e-05,4.7117e-06,1.0588774e-09,7.278999e-07,0.0016388687,0.99823076
pamap2,gnn_lstm,sequence,1,101,101,102,3436,3445,3445,4,4,5,5,running,running,True,5.948317e-07,6.4753706e-08,5.038961e-10,2.6949053e-07,0.99739254,1.1558627e-06,4.7028996e-05,9.190013e-05,7.5245457e-06,1.5733371e-09,9.929603e-07,0.0024579822,0.99739254
pamap2,gnn_lstm,sequence,1,101,101,102,3437,3446,3446,4,4,5,5,running,running,True,7.103068e-07,7.407292e-08,6.3286004e-10,2.9508453e-07,0.9971384,1.2709578e-06,5.1398078e-05,0.000101188125,8.087939e-06,1.914379e-09,1.1858e-06,0.00269747,0.9971384
pamap2,gnn_lstm,sequence,1,101,101,102,3438,3447,3447,4,4,5,5,running,running,True,9.025037e-07,1.0393834e-07,1.0904877e-09,3.6802138e-07,0.9957345,1.776228e-06,6.359562e-05,0.000113667855,1.1995e-05,3.0710858e-09,1.7711196e-06,0.004071308,0.9957345
pamap2,gnn_lstm,sequence,1,101,101,102,3439,3448,3448,4,4,5,5,running,running,True,7.8694e-07,9.196572e-08,8.9031815e-10,3.4721305e-07,0.9961403,1.6240641e-06,5.7975485e-05,0.00010906613,1.106452e-05,2.5793332e-09,1.5310923e-06,0.0036772613,0.9961403
pamap2,gnn_lstm,sequence,1,101,101,102,3440,3449,3449,4,4,5,5,running,running,True,8.2072916e-07,1.0004756e-07,1.0275186e-09,3.5950663e-07,0.9955888,1.7689902e-06,6.195337e-05,0.00011089839,1.24907e-05,2.910338e-09,1.7028965e-06,0.0042212284,0.9955888
pamap2,gnn_lstm,sequence,1,101,101,102,3441,3450,3450,4,4,5,5,running,running,True,1.4137586e-06,2.104475e-07,3.4492704e-09,5.651554e-07,0.98906296,3.7104485e-06,0.00010472811,0.00014454793,3.0282052e-05,8.309432e-09,4.1497588e-06,0.010647427,0.98906296
pamap2,gnn_lstm,sequence,1,101,101,102,3442,3451,3451,4,4,5,5,running,running,True,2.327157e-06,4.2667517e-07,1.0650225e-08,8.7776215e-07,0.9769563,6.626584e-06,0.00019361248,0.00017717438,6.3043655e-05,2.2062366e-08,9.377361e-06,0.022590257,0.9769563
pamap2,gnn_lstm,sequence,1,101,101,102,3443,3452,3452,4,4,5,5,running,running,True,2.001609e-06,4.0169357e-07,9.377649e-09,7.871216e-07,0.9776579,5.8707037e-06,0.00021126492,0.00015737563,6.200702e-05,1.977833e-08,8.5100555e-06,0.021893814,0.9776579
pamap2,gnn_lstm,sequence,1,101,101,102,3444,3453,3453,4,4,5,5,running,running,True,9.6764e-07,1.6174387e-07,2.2582383e-09,4.122628e-07,0.99182725,2.4230542e-06,0.00011426557,0.00010380539,2.2685195e-05,5.6246345e-09,2.9185967e-06,0.007925134,0.99182725
pamap2,gnn_lstm,sequence,1,101,101,102,3445,3454,3454,4,4,5,5,running,running,True,7.287702e-07,1.04775054e-07,1.1314771e-09,3.136043e-07,0.9952383,1.5854478e-06,8.44307e-05,9.1412716e-05,1.352456e-05,3.1153553e-09,1.741918e-06,0.0045678667,0.9952383
pamap2,gnn_lstm,sequence,1,101,101,102,3446,3455,3455,4,4,5,5,running,running,True,5.5354724e-07,5.776792e-08,4.2105525e-10,2.178235e-07,0.99800664,8.265799e-07,5.8513993e-05,8.6223605e-05,5.656092e-06,1.3525417e-09,8.8002815e-07,0.0018405038,0.99800664
pamap2,gnn_lstm,sequence,1,101,101,102,3447,3456,3456,4,4,5,5,running,running,True,6.619046e-07,7.130676e-08,5.9570215e-10,2.4659897e-07,0.99754566,9.761878e-07,6.831633e-05,9.230576e-05,6.8376976e-06,1.8210086e-09,1.1401903e-06,0.0022837825,0.99754566
pamap2,gnn_lstm,sequence,1,101,101,102,3448,3457,3457,4,4,5,5,running,running,True,6.664598e-07,8.2471566e-08,7.585813e-10,2.7413373e-07,0.99676824,1.2006221e-06,7.3070194e-05,9.1803464e-05,9.267843e-06,2.235876e-09,1.334855e-06,0.0030540498,0.99676824
pamap2,gnn_lstm,sequence,1,101,101,102,3449,3458,3458,4,4,5,5,running,running,True,5.7944806e-07,7.559053e-08,6.6776956e-10,2.598064e-07,0.9966858,1.1895853e-06,6.5087e-05,8.461254e-05,9.4616025e-06,1.9818387e-09,1.2022587e-06,0.003151661,0.9966858
pamap2,gnn_lstm,sequence,1,101,101,102,3450,3459,3459,4,4,5,5,running,running,True,6.872315e-07,9.881784e-08,1.029382e-09,3.0440015e-07,0.99508935,1.6566727e-06,7.560399e-05,9.092919e-05,1.4009024e-05,2.8787255e-09,1.6526078e-06,0.0047257068,0.99508935
pamap2,gnn_lstm,sequence,1,101,101,102,3451,3460,3460,4,4,5,5,running,running,True,8.945415e-07,1.3246708e-07,1.6915206e-09,3.5998877e-07,0.9935773,2.0263712e-06,0.00010036568,0.000100759455,1.7900367e-05,4.3867256e-09,2.373168e-06,0.006197927,0.9935773
pamap2,gnn_lstm,sequence,1,101,101,102,3452,3461,3461,4,4,5,5,running,running,True,1.0870704e-06,1.8276683e-07,2.7717582e-09,4.2241015e-07,0.99078536,2.583404e-06,0.00014065817,0.00010730796,2.561361e-05,6.760241e-09,3.441306e-06,0.008933342,0.99078536
pamap2,gnn_lstm,sequence,1,101,101,102,3453,3462,3462,4,4,5,5,running,running,True,8.064902e-07,1.232173e-07,1.508543e-09,3.2514438e-07,0.99399924,1.8155966e-06,0.00010126822,9.050534e-05,1.647442e-05,3.9350763e-09,2.1420271e-06,0.0057871956,0.99399924
pamap2,gnn_lstm,sequence,1,101,101,102,3454,3463,3463,4,4,5,5,running,running,True,8.152596e-07,1.2625742e-07,1.5235521e-09,3.4686155e-07,0.99364775,2.0469608e-06,9.226824e-05,9.344556e-05,1.7976829e-05,4.0239523e-09,2.1527403e-06,0.0061430703,0.99364775
pamap2,gnn_lstm,sequence,1,101,101,102,3455,3464,3464,4,4,5,5,running,running,True,7.7541443e-07,9.952944e-08,1.0699754e-09,3.020825e-07,0.9958068,1.467785e-06,8.224142e-05,9.453426e-05,1.17630425e-05,2.9551985e-09,1.6620465e-06,0.004000234,0.9958068
pamap2,gnn_lstm,sequence,1,101,101,102,3456,3465,3465,4,4,5,5,running,running,True,9.1800905e-07,1.1865194e-07,1.4266354e-09,3.414275e-07,0.9953052,1.6376708e-06,9.8014716e-05,0.00010322556,1.3252356e-05,3.796677e-09,2.0442578e-06,0.004475325,0.9953052
pamap2,gnn_lstm,sequence,1,101,101,102,3457,3466,3466,4,4,5,5,running,running,True,9.978683e-07,1.4431302e-07,1.8461435e-09,3.9273075e-07,0.9941592,2.0368398e-06,0.00011056557,0.00010601961,1.7047647e-05,4.827857e-09,2.4952692e-06,0.005601171,0.9941592
pamap2,gnn_lstm,sequence,1,101,101,102,3458,3467,3467,4,4,5,5,running,running,True,6.8791553e-07,7.93506e-08,6.97436e-10,2.6634703e-07,0.99711084,1.1587232e-06,6.6819615e-05,8.7695385e-05,7.972106e-06,2.0815516e-09,1.2536376e-06,0.0027231092,0.99711084
pamap2,gnn_lstm,sequence,1,101,101,102,3459,3468,3468,4,4,5,5,running,running,True,6.420213e-07,6.6590346e-08,5.209831e-10,2.4173326e-07,0.9976888,1.0120024e-06,5.5985223e-05,8.566037e-05,6.313709e-06,1.6228521e-09,1.0212146e-06,0.0021603813,0.9976888
pamap2,gnn_lstm,sequence,1,101,101,102,3460,3469,3469,4,4,5,5,running,running,True,5.8922666e-07,5.417037e-08,3.6929038e-10,2.0481544e-07,0.9982932,7.7778355e-07,5.0315568e-05,8.337361e-05,4.4633716e-06,1.19316e-09,8.091211e-07,0.0015662017,0.9982932
pamap2,gnn_lstm,sequence,1,101,101,102,3461,3470,3470,4,4,5,5,running,running,True,6.437441e-07,6.251541e-08,4.7935284e-10,2.1442885e-07,0.99796474,8.6050517e-07,5.8032274e-05,8.186346e-05,5.2092005e-06,1.4725339e-09,9.555221e-07,0.0018873917,0.99796474
pamap2,gnn_lstm,sequence,1,101,101,102,3462,3471,3471,4,4,5,5,running,running,True,6.1083847e-07,6.278227e-08,4.852321e-10,2.1154631e-07,0.9978529,8.7658924e-07,5.8152975e-05,7.69205e-05,5.5005985e-06,1.4842254e-09,9.4448217e-07,0.002003793,0.9978529
pamap2,gnn_lstm,sequence,1,101,101,102,3463,3472,3472,4,4,5,5,running,running,True,5.056508e-07,4.986836e-08,3.2975023e-10,1.8315014e-07,0.998279,7.2625284e-07,4.8149243e-05,7.106441e-05,4.4039953e-06,1.0676005e-09,7.187337e-07,0.0015952208,0.998279
pamap2,gnn_lstm,sequence,1,101,101,102,3464,3473,3473,4,4,5,5,running,running,True,4.487502e-07,4.1756035e-08,2.3784907e-10,1.7014617e-07,0.99863607,6.3417923e-07,4.1423526e-05,7.4519914e-05,3.5894793e-06,8.110799e-10,5.7726544e-07,0.0012425376,0.99863607
pamap2,gnn_lstm,sequence,1,101,101,102,3465,3474,3474,4,4,5,5,running,running,True,4.865988e-07,4.3761577e-08,2.5988597e-10,1.6588736e-07,0.99859124,6.285716e-07,4.375346e-05,7.458787e-05,3.5002918e-06,8.6303514e-10,6.256519e-07,0.0012849359,0.99859124
pamap2,gnn_lstm,sequence,1,101,101,102,3466,3475,3475,4,4,5,5,running,running,True,4.755599e-07,4.3794735e-08,2.6515745e-10,1.5982e-07,0.99854386,6.1608495e-07,4.499553e-05,7.011416e-05,3.5352255e-06,8.7372837e-10,6.30345e-07,0.0013355399,0.99854386
pamap2,gnn_lstm,sequence,1,101,101,102,3467,3476,3476,4,4,5,5,running,running,True,4.0254287e-07,3.773584e-08,2.0779359e-10,1.4623363e-07,0.9986921,5.5510515e-07,4.015824e-05,6.577123e-05,3.2053038e-06,7.092488e-10,5.26238e-07,0.001197074,0.9986921
pamap2,gnn_lstm,sequence,1,101,101,102,3468,3477,3477,4,4,5,5,running,running,True,4.2077693e-07,3.9249965e-08,2.2045955e-10,1.5155975e-07,0.99866843,5.720869e-07,4.1682335e-05,6.781757e-05,3.3041763e-06,7.498659e-10,5.5067767e-07,0.0012170889,0.99866843
pamap2,gnn_lstm,sequence,1,101,101,102,3469,3478,3478,4,4,5,5,running,running,True,4.472098e-07,3.9520263e-08,2.1066038e-10,1.5648824e-07,0.9987889,5.725434e-07,4.1212217e-05,7.539059e-05,3.0372673e-06,7.307262e-10,5.4909214e-07,0.0010897343,0.9987889
pamap2,gnn_lstm,sequence,1,101,101,102,3470,3479,3479,4,4,5,5,running,running,True,5.183316e-07,4.6245248e-08,2.6711833e-10,1.793949e-07,0.99864846,6.562462e-07,4.439597e-05,8.139172e-05,3.424968e-06,8.973582e-10,6.542129e-07,0.0012204079,0.99864846
pamap2,gnn_lstm,sequence,1,101,101,102,3471,3480,3480,4,4,5,5,running,running,True,5.164245e-07,4.8701498e-08,3.0359565e-10,1.7990784e-07,0.99845886,6.8181953e-07,4.584733e-05,7.471567e-05,3.7816976e-06,9.841828e-10,7.0212366e-07,0.0014147488,0.99845886
pamap2,gnn_lstm,sequence,1,101,101,102,3472,3481,3481,4,4,5,5,running,running,True,4.542305e-07,4.3881148e-08,2.650576e-10,1.6123731e-07,0.99849904,6.217916e-07,4.3139757e-05,6.663779e-05,3.5832206e-06,8.6221674e-10,6.245068e-07,0.0013856473,0.99849904
pamap2,gnn_lstm,sequence,1,101,101,102,3473,3482,3482,4,4,5,5,running,running,True,4.043263e-07,3.724471e-08,2.0121908e-10,1.4133634e-07,0.99873716,5.3755616e-07,3.9392413e-05,6.51176e-05,3.0054048e-06,6.7907496e-10,5.154661e-07,0.0011536587,0.99873716
pamap2,gnn_lstm,sequence,1,101,101,102,3474,3483,3483,4,4,5,5,running,running,True,3.8782557e-07,3.4115587e-08,1.6699087e-10,1.344173e-07,0.9989215,4.911242e-07,3.773348e-05,6.82522e-05,2.6085881e-06,5.8449073e-10,4.5897497e-07,0.0009683974,0.9989215
pamap2,gnn_lstm,sequence,1,101,101,102,3475,3484,3484,4,4,5,5,running,running,True,4.235888e-07,4.027504e-08,2.2521927e-10,1.5885912e-07,0.9986626,5.880505e-07,4.1248135e-05,6.893653e-05,3.3912565e-06,7.6102685e-10,5.534564e-07,0.0012220639,0.9986626
pamap2,gnn_lstm,sequence,1,101,101,102,3476,3485,3485,4,4,5,5,running,running,True,4.3028734e-07,4.2472216e-08,2.5629038e-10,1.6533635e-07,0.9984781,6.342507e-07,4.273935e-05,6.6544955e-05,3.907641e-06,8.497193e-10,5.946551e-07,0.0014068616,0.9984781
pamap2,gnn_lstm,sequence,1,101,101,102,3477,3486,3486,4,4,5,5,running,running,True,4.1644742e-07,4.0413596e-08,2.385626e-10,1.6044427e-07,0.9985379,6.148381e-07,4.191261e-05,6.646737e-05,3.807507e-06,8.0369644e-10,5.6361563e-07,0.0013481997,0.9985379
pamap2,gnn_lstm,sequence,1,101,101,102,3478,3487,3487,4,4,5,5,running,running,True,4.5960866e-07,4.3190052e-08,2.596084e-10,1.7021682e-07,0.9985241,6.50055e-07,4.3411375e-05,7.183468e-05,3.8256753e-06,8.7188495e-10,6.1256e-07,0.0013548873,0.9985241
pamap2,gnn_lstm,sequence,1,101,101,102,3479,3488,3488,4,4,5,5,running,running,True,5.4786585e-07,5.414053e-08,3.7887155e-10,1.9779094e-07,0.99812585,7.88829e-07,5.0557763e-05,7.5838165e-05,4.8472007e-06,1.2019266e-09,8.0290187e-07,0.001740529,0.99812585
pamap2,gnn_lstm,sequence,1,101,101,102,3480,3489,3489,4,4,5,5,running,running,True,5.0842755e-07,5.4759457e-08,3.9842302e-10,1.8909003e-07,0.9978986,7.997787e-07,5.1995074e-05,6.915761e-05,5.3206145e-06,1.235381e-09,8.102225e-07,0.0019726027,0.9978986
pamap2,gnn_lstm,sequence,1,101,101,102,3481,3490,3490,4,4,5,5,running,running,True,4.867019e-07,5.8771505e-08,4.514594e-10,1.957517e-07,0.99745876,8.985003e-07,5.361743e-05,6.486701e-05,6.4609153e-06,1.3680992e-09,8.691422e-07,0.0024138638,0.99745876
pamap2,gnn_lstm,sequence,1,101,101,102,3482,3491,3491,4,4,5,5,running,running,True,5.598188e-07,7.5287495e-08,6.6638906e-10,2.3416953e-07,0.9964805,1.2152757e-06,6.141327e-05,6.844394e-05,9.302043e-06,1.9239366e-09,1.1327086e-06,0.003377088,0.9964805
pamap2,gnn_lstm,sequence,1,101,101,102,3483,3492,3492,4,4,5,5,running,running,True,6.5913605e-07,8.483657e-08,8.224814e-10,2.558422e-07,0.9963277,1.2874772e-06,6.889693e-05,7.451929e-05,9.660316e-06,2.2963156e-09,1.3143762e-06,0.0035156223,0.9963277
pamap2,gnn_lstm,sequence,1,101,101,102,3484,3493,3493,4,4,5,5,running,running,True,8.1564104e-07,1.1317226e-07,1.3095911e-09,3.1010188e-07,0.99485344,1.738006e-06,8.239856e-05,8.215422e-05,1.3467085e-05,3.4224965e-09,1.8446257e-06,0.004963787,0.99485344
pamap2,gnn_lstm,sequence,1,101,101,102,3485,3494,3494,4,4,5,5,running,running,True,5.673579e-07,6.514434e-08,5.405577e-10,2.1381061e-07,0.997262,9.993212e-07,5.548137e-05,7.07462e-05,6.9145244e-06,1.5911132e-09,9.935084e-07,0.0026020182,0.997262
pamap2,gnn_lstm,sequence,1,101,101,102,3486,3495,3495,4,4,5,5,running,running,True,5.3625934e-07,5.9328254e-08,4.6957e-10,1.9693462e-07,0.9975314,8.9937424e-07,5.3590713e-05,6.876631e-05,6.1733294e-06,1.4069905e-09,8.998692e-07,0.0023374883,0.9975314
pamap2,gnn_lstm,sequence,1,101,101,102,3487,3496,3496,4,4,5,5,running,running,True,5.8830693e-07,6.3069514e-08,4.9911836e-10,2.1692463e-07,0.99759656,9.46517e-07,5.5307715e-05,7.613402e-05,6.2511904e-06,1.5167974e-09,9.599667e-07,0.0022628615,0.99759656
pamap2,gnn_lstm,sequence,1,101,101,102,3488,3497,3497,4,4,5,5,running,running,True,7.3873076e-07,8.176298e-08,7.585899e-10,2.6474234e-07,0.99706465,1.1508363e-06,6.883528e-05,8.699073e-05,7.784034e-06,2.184548e-09,1.3094458e-06,0.0027681305,0.99706465
pamap2,gnn_lstm,sequence,1,101,101,102,3489,3498,3498,4,4,5,5,running,running,True,7.403009e-07,8.924093e-08,8.7761653e-10,2.803527e-07,0.9965802,1.2787582e-06,7.2974304e-05,8.6607164e-05,9.223651e-06,2.4705975e-09,1.433811e-06,0.0032471574,0.9965802
pamap2,gnn_lstm,sequence,1,101,101,102,3490,3499,3499,4,4,5,5,running,running,True,9.227999e-07,1.6385293e-07,2.17736e-09,4.2400865e-07,0.9905856,3.0332446e-06,9.1930655e-05,9.406874e-05,2.6391705e-05,5.474436e-09,2.808028e-06,0.0091946535,0.9905856
pamap2,gnn_lstm,sequence,1,101,101,102,3491,3500,3500,4,4,5,5,running,running,True,1.0576753e-06,2.2969623e-07,3.593473e-09,5.4297567e-07,0.9828814,5.1233346e-06,9.9897945e-05,0.000101885555,4.8987007e-05,8.47324e-09,4.0968816e-06,0.01685664,0.9828814
pamap2,gnn_lstm,sequence,1,101,101,102,3492,3501,3501,4,4,5,5,running,running,True,9.687325e-07,1.8701687e-07,2.699842e-09,4.6689541e-07,0.98655033,4.122942e-06,8.973643e-05,9.955649e-05,3.803323e-05,6.56495e-09,3.3114682e-06,0.013213221,0.98655033
pamap2,gnn_lstm,sequence,1,101,101,102,3493,3502,3502,4,4,5,5,running,running,True,2.0274836e-06,6.664007e-07,1.8071804e-08,1.102475e-06,0.934937,1.4813376e-05,0.00020093108,0.00014320402,0.00018646303,3.5276205e-08,1.3653048e-05,0.06450022,0.934937
pamap2,gnn_lstm,sequence,1,101,101,102,3494,3503,3503,4,4,5,5,running,running,True,2.6777227e-06,1.2587344e-06,4.346642e-08,1.7333911e-06,0.85922354,2.6986972e-05,0.00029737086,0.00016342901,0.0004224026,7.902236e-08,2.672048e-05,0.13983376,0.85922354
pamap2,gnn_lstm,sequence,1,101,101,102,3495,3504,3504,4,4,5,5,running,running,True,3.334065e-06,2.1300525e-06,9.46946e-08,2.5001473e-06,0.7316857,4.357077e-05,0.00038802353,0.00017377574,0.0008169127,1.5887395e-07,4.7559366e-05,0.2668363,0.7316857
pamap2,gnn_lstm,sequence,1,101,101,102,3496,3505,3505,4,11,5,24,running,rope_jumping,False,4.8185757e-06,3.961725e-06,2.7876834e-07,3.753434e-06,0.48640287,7.281591e-05,0.000484773,0.0001881395,0.0015910883,4.0378387e-07,9.7262615e-05,0.51114976,0.51114976
pamap2,gnn_lstm,sequence,1,101,101,102,3497,3506,3506,4,4,5,5,running,running,True,5.7357634e-06,3.752114e-06,2.5145727e-07,3.7241118e-06,0.6022554,6.33051e-05,0.00056914747,0.00022302444,0.001215681,3.715922e-07,9.326472e-05,0.39556637,0.6022554
pamap2,gnn_lstm,sequence,1,101,101,102,3498,3507,3507,4,4,5,5,running,running,True,6.385507e-06,4.2650504e-06,3.314791e-07,3.7451462e-06,0.5457391,6.4278516e-05,0.0006417289,0.00021980284,0.0013151014,4.5526244e-07,0.00010929599,0.45189548,0.5457391
pamap2,gnn_lstm,sequence,1,101,101,102,3499,3508,3508,4,4,5,5,running,running,True,3.937861e-06,1.5063287e-06,6.8721924e-08,1.6943102e-06,0.8754163,2.151512e-05,0.00049864943,0.00017268398,0.0003250696,1.1039002e-07,3.5189034e-05,0.12352329,0.8754163
pamap2,gnn_lstm,sequence,1,101,101,102,3500,3509,3509,4,4,5,5,running,running,True,8.854465e-07,1.5451383e-07,2.160042e-09,3.4753248e-07,0.99222565,2.0950336e-06,0.000121967176,7.75951e-05,1.951227e-05,5.1816413e-09,2.6685875e-06,0.007549163,0.99222565
pamap2,gnn_lstm,sequence,1,101,101,102,3501,3510,3510,4,4,5,5,running,running,True,5.485478e-07,6.653903e-08,5.75491e-10,2.0107656e-07,0.9972984,8.9518636e-07,6.657474e-05,6.391773e-05,6.597176e-06,1.649606e-09,1.0182696e-06,0.0025617455,0.9972984
pamap2,gnn_lstm,sequence,1,101,101,102,3502,3511,3511,4,4,5,5,running,running,True,5.405574e-07,5.9059236e-08,4.7107723e-10,1.8490535e-07,0.9978003,7.6616794e-07,6.191944e-05,6.5064836e-05,5.230268e-06,1.3816054e-09,9.0003283e-07,0.0020649808,0.9978003
pamap2,gnn_lstm,sequence,1,101,101,102,3503,3512,3512,4,4,5,5,running,running,True,4.660305e-07,4.7699093e-08,3.2923153e-10,1.58808e-07,0.99825734,6.287924e-07,5.2640993e-05,6.160826e-05,4.0823793e-06,1.0150915e-09,7.046064e-07,0.001622374,0.99825734
pamap2,gnn_lstm,sequence,1,101,101,102,3504,3513,3513,4,4,5,5,running,running,True,3.7393295e-07,3.741989e-08,2.1587582e-10,1.3475099e-07,0.99858886,5.26647e-07,4.2405303e-05,5.6032473e-05,3.3099307e-06,7.1302747e-10,5.2557976e-07,0.001307761,0.99858886
pamap2,gnn_lstm,sequence,1,101,101,102,3505,3514,3514,4,4,5,5,running,running,True,3.31438e-07,3.299442e-08,1.7490931e-10,1.2275575e-07,0.9987243,4.79918e-07,3.7951384e-05,5.33567e-05,2.9664373e-06,5.9162814e-10,4.5094697e-07,0.001179862,0.9987243
pamap2,gnn_lstm,sequence,1,101,101,102,3506,3515,3515,4,4,5,5,running,running,True,3.351127e-07,3.263864e-08,1.7031576e-10,1.2254459e-07,0.9987602,4.7616038e-07,3.7068206e-05,5.4750974e-05,2.8629381e-06,5.7647637e-10,4.4565235e-07,0.0011436321,0.9987602
pamap2,gnn_lstm,sequence,1,101,101,102,3507,3516,3516,4,4,5,5,running,running,True,3.4304068e-07,3.1460022e-08,1.5706121e-10,1.17169286e-07,0.99886876,4.4739062e-07,3.640977e-05,5.7176367e-05,2.5420893e-06,5.359052e-10,4.316199e-07,0.001033797,0.99886876
pamap2,gnn_lstm,sequence,1,101,101,102,3508,3517,3517,4,4,5,5,running,running,True,3.4889234e-07,3.198114e-08,1.613057e-10,1.17776494e-07,0.99885833,4.5084664e-07,3.7296813e-05,5.7382364e-05,2.5740667e-06,5.501473e-10,4.397355e-07,0.0010429183,0.99885833
pamap2,gnn_lstm,sequence,1,101,101,102,3509,3518,3518,4,4,5,5,running,running,True,3.531866e-07,3.33522e-08,1.7625983e-10,1.2034266e-07,0.99877495,4.683092e-07,3.920086e-05,5.567232e-05,2.7856076e-06,5.944193e-10,4.6182635e-07,0.0011260526,0.99877495
pamap2,gnn_lstm,sequence,1,101,101,102,3510,3519,3519,4,4,5,5,running,running,True,3.5050326e-07,3.3117715e-08,1.755301e-10,1.18241445e-07,0.99877673,4.6205446e-07,3.9656137e-05,5.482498e-05,2.7676724e-06,5.9085065e-10,4.5921664e-07,0.0011245677,0.99877673
pamap2,gnn_lstm,sequence,1,101,101,102,3511,3520,3520,4,4,5,5,running,running,True,3.7392502e-07,3.420682e-08,1.7944685e-10,1.2270571e-07,0.9988153,4.690455e-07,4.065174e-05,5.897693e-05,2.7035142e-06,6.077374e-10,4.751478e-07,0.0010809175,0.9988153
pamap2,gnn_lstm,sequence,1,101,101,102,3512,3521,3521,4,4,5,5,running,running,True,4.182293e-07,3.803925e-08,2.0285758e-10,1.371408e-07,0.9987903,5.139365e-07,4.2416043e-05,6.5000146e-05,2.8123516e-06,6.8485145e-10,5.271376e-07,0.0010977769,0.9987903
pamap2,gnn_lstm,sequence,1,101,101,102,3513,3522,3522,4,4,5,5,running,running,True,3.9299968e-07,3.6507565e-08,1.8821197e-10,1.4000119e-07,0.99881566,5.202539e-07,3.9289556e-05,6.533029e-05,2.8502463e-06,6.4536565e-10,4.9505485e-07,0.0010753159,0.99881566
pamap2,gnn_lstm,sequence,1,101,101,102,3514,3523,3523,4,4,5,5,running,running,True,3.5018303e-07,3.3063767e-08,1.6165694e-10,1.3528687e-07,0.9988668,4.9913115e-07,3.4964745e-05,6.301287e-05,2.7587798e-06,5.6383376e-10,4.3987512e-07,0.0010311059,0.9988668
pamap2,gnn_lstm,sequence,1,101,101,102,3515,3524,3524,4,4,5,5,running,running,True,3.5909812e-07,3.4349682e-08,1.756109e-10,1.4407573e-07,0.9987753,5.3689524e-07,3.4499964e-05,6.40205e-05,3.0278238e-06,6.047045e-10,4.6160017e-07,0.0011215544,0.9987753
pamap2,gnn_lstm,sequence,1,101,101,102,3516,3525,3525,4,4,5,5,running,running,True,3.7205143e-07,3.3969826e-08,1.7884509e-10,1.3489685e-07,0.9987637,5.146624e-07,3.544304e-05,6.30125e-05,2.9166597e-06,6.0458444e-10,4.7072226e-07,0.0011333221,0.9987637
pamap2,gnn_lstm,sequence,1,101,101,102,3517,3526,3526,4,4,5,5,running,running,True,4.0874866e-07,3.7392507e-08,2.1493585e-10,1.3824288e-07,0.9986235,5.426108e-07,3.94684e-05,6.227676e-05,3.1718723e-06,7.059637e-10,5.359599e-07,0.0012699729,0.9986235
pamap2,gnn_lstm,sequence,1,101,101,102,3518,3527,3527,4,4,5,5,running,running,True,4.0552203e-07,3.8510613e-08,2.2718705e-10,1.428961e-07,0.99854624,5.633763e-07,4.0272676e-05,6.1015628e-05,3.389956e-06,7.4457673e-10,5.518162e-07,0.0013474269,0.99854624
pamap2,gnn_lstm,sequence,1,101,101,102,3519,3528,3528,4,4,5,5,running,running,True,3.914478e-07,3.7757545e-08,2.2566815e-10,1.3647993e-07,0.9985139,5.478061e-07,4.0322833e-05,5.7491823e-05,3.362799e-06,7.308177e-10,5.452433e-07,0.0013833165,0.9985139
pamap2,gnn_lstm,sequence,1,101,101,102,3520,3529,3529,4,4,5,5,running,running,True,4.304932e-07,4.1267697e-08,2.62603e-10,1.442486e-07,0.99842715,5.780116e-07,4.4555432e-05,5.954544e-05,3.5651976e-06,8.3344986e-10,6.065597e-07,0.0014633803,0.99842715
pamap2,gnn_lstm,sequence,1,101,101,102,3521,3530,3530,4,4,5,5,running,running,True,4.9520935e-07,4.6281983e-08,3.0879732e-10,1.5635685e-07,0.99840146,6.1159636e-07,5.078176e-05,6.489978e-05,3.6870158e-06,9.676536e-10,6.881519e-07,0.0014772818,0.99840146
pamap2,gnn_lstm,sequence,1,101,101,102,3522,3531,3531,4,4,5,5,running,running,True,5.2294627e-07,4.971864e-08,3.536999e-10,1.5947363e-07,0.9983011,6.269876e-07,5.685327e-05,6.62171e-05,3.9113133e-06,1.078679e-09,7.526937e-07,0.0015699362,0.9983011
pamap2,gnn_lstm,sequence,1,101,101,102,3523,3532,3532,4,4,5,5,running,running,True,3.802143e-07,3.35653e-08,1.790407e-10,1.1608052e-07,0.9988381,4.4805918e-07,4.2834796e-05,5.8622085e-05,2.6014695e-06,6.0474487e-10,4.766028e-07,0.0010563212,0.9988381
pamap2,gnn_lstm,sequence,1,101,101,102,3524,3533,3533,4,4,5,5,running,running,True,3.351151e-07,3.0083257e-08,1.4207274e-10,1.1220412e-07,0.99897504,4.2032846e-07,3.8112834e-05,5.8429785e-05,2.3748412e-06,5.0552607e-10,4.0598377e-07,0.00092473254,0.99897504
pamap2,gnn_lstm,sequence,1,101,101,102,3525,3534,3534,4,4,5,5,running,running,True,3.218696e-07,2.8558125e-08,1.2697961e-10,1.13964056e-07,0.9990508,4.1444284e-07,3.535343e-05,6.148367e-05,2.263542e-06,4.618765e-10,3.76851e-07,0.0008488073,0.9990508
pamap2,gnn_lstm,sequence,1,101,101,102,3526,3535,3535,4,4,5,5,running,running,True,3.482651e-07,3.0164692e-08,1.357819e-10,1.2004301e-07,0.99904627,4.3117075e-07,3.601004e-05,6.5527296e-05,2.2724626e-06,4.8911775e-10,4.000514e-07,0.00084852864,0.99904627
pamap2,gnn_lstm,sequence,1,101,101,102,3527,3536,3536,4,4,5,5,running,running,True,3.5190206e-07,3.0950268e-08,1.4340366e-10,1.2163288e-07,0.9990029,4.4139122e-07,3.66121e-05,6.4711865e-05,2.378516e-06,5.1150123e-10,4.1318143e-07,0.0008920223,0.9990029
pamap2,gnn_lstm,sequence,1,101,101,102,3528,3537,3537,4,4,5,5,running,running,True,3.1907416e-07,2.8585738e-08,1.3038558e-10,1.11982935e-07,0.9990121,4.1352746e-07,3.5241283e-05,5.9438906e-05,2.3230625e-06,4.680477e-10,3.81008e-07,0.000889676,0.9990121
pamap2,gnn_lstm,sequence,1,101,101,102,3529,3538,3538,4,4,5,5,running,running,True,3.1304722e-07,2.8169763e-08,1.3050963e-10,1.0739255e-07,0.99899036,4.056823e-07,3.5606336e-05,5.642831e-05,2.3301943e-06,4.6630444e-10,3.777421e-07,0.0009140262,0.99899036
pamap2,gnn_lstm,sequence,1,101,101,102,3530,3539,3539,4,4,5,5,running,running,True,3.3349724e-07,3.0197697e-08,1.4346388e-10,1.165022e-07,0.9989536,4.3527277e-07,3.6855647e-05,5.944149e-05,2.4692474e-06,5.111698e-10,4.0476968e-07,0.00094624446,0.9989536
pamap2,gnn_lstm,sequence,1,101,101,102,3531,3540,3540,4,4,5,5,running,running,True,3.7420796e-07,3.3475924e-08,1.6911512e-10,1.2388153e-07,0.9988802,4.6325928e-07,3.9737024e-05,6.222343e-05,2.6007976e-06,5.861702e-10,4.606029e-07,0.0010137194,0.9988802
pamap2,gnn_lstm,sequence,1,101,101,102,3532,3541,3541,4,4,5,5,running,running,True,3.778154e-07,3.455929e-08,1.8129034e-10,1.2411746e-07,0.99882025,4.7160273e-07,4.136705e-05,6.004302e-05,2.7226329e-06,6.1935723e-10,4.7893525e-07,0.0010742231,0.99882025
pamap2,gnn_lstm,sequence,1,101,101,102,3533,3542,3542,4,4,5,5,running,running,True,3.5836857e-07,3.3788073e-08,1.7771594e-10,1.2058791e-07,0.9987967,4.6577833e-07,4.0928186e-05,5.6376226e-05,2.7624483e-06,6.066641e-10,4.6518792e-07,0.0011017668,0.9987967
pamap2,gnn_lstm,sequence,1,101,101,102,3534,3543,3543,4,4,5,5,running,running,True,3.311384e-07,3.0824058e-08,1.5003533e-10,1.1484026e-07,0.9989108,4.366094e-07,3.799556e-05,5.6318717e-05,2.5386444e-06,5.275324e-10,4.135352e-07,0.0009910143,0.9989108
pamap2,gnn_lstm,sequence,1,101,101,102,3535,3544,3544,4,4,5,5,running,running,True,3.2427033e-07,2.9382807e-08,1.3365203e-10,1.155028e-07,0.99900985,4.265027e-07,3.5534136e-05,5.9773985e-05,2.3483258e-06,4.8055465e-10,3.8626376e-07,0.0008912424,0.99900985
pamap2,gnn_lstm,sequence,1,101,101,102,3536,3545,3545,4,4,5,5,running,running,True,3.4153337e-07,3.1375297e-08,1.4801528e-10,1.2141403e-07,0.9989511,4.499564e-07,3.603811e-05,6.051829e-05,2.4547032e-06,5.2040994e-10,4.1726352e-07,0.000948626,0.9989511
pamap2,gnn_lstm,sequence,1,101,101,102,3537,3546,3546,4,4,5,5,running,running,True,3.2979472e-07,3.049054e-08,1.3939458e-10,1.204661e-07,0.99897975,4.43311e-07,3.410286e-05,5.9934635e-05,2.3588266e-06,4.922897e-10,4.0195596e-07,0.0009223984,0.99897975
pamap2,gnn_lstm,sequence,1,101,101,102,3538,3547,3547,4,4,5,5,running,running,True,3.1162634e-07,2.9195249e-08,1.3128731e-10,1.1754538e-07,0.9989844,4.351758e-07,3.207195e-05,5.7594665e-05,2.3189586e-06,4.6278845e-10,3.8310264e-07,0.0009223345,0.9989844
pamap2,gnn_lstm,sequence,1,101,101,102,3539,3548,3548,4,4,5,5,running,running,True,3.3667385e-07,3.148732e-08,1.50923e-10,1.2283039e-07,0.9989008,4.6235695e-07,3.3760403e-05,5.8302492e-05,2.4966191e-06,5.1729515e-10,4.2021628e-07,0.0010032062,0.9989008
pamap2,gnn_lstm,sequence,1,101,101,102,3540,3549,3549,4,4,5,5,running,running,True,3.534143e-07,3.2348687e-08,1.5493962e-10,1.266511e-07,0.9989176,4.7024508e-07,3.4394357e-05,6.135376e-05,2.4825865e-06,5.312539e-10,4.313665e-07,0.000982774,0.9989176
pamap2,gnn_lstm,sequence,1,101,101,102,3541,3550,3550,4,4,5,5,running,running,True,3.7892434e-07,3.6366625e-08,1.9221172e-10,1.409825e-07,0.9987357,5.312552e-07,3.6638452e-05,6.170978e-05,2.9578098e-06,6.4009803e-10,4.949161e-07,0.0011613534,0.9987357
pamap2,gnn_lstm,sequence,1,101,101,102,3542,3551,3551,4,4,5,5,running,running,True,4.0881594e-07,4.2011244e-08,2.5471314e-10,1.6132348e-07,0.99835545,6.5619696e-07,3.8549722e-05,6.1099985e-05,3.968826e-06,8.192045e-10,5.9069924e-07,0.0015390206,0.99835545
pamap2,gnn_lstm,sequence,1,101,101,102,3543,3552,3552,4,4,5,5,running,running,True,4.5953016e-07,5.2993762e-08,3.8761638e-10,1.8681453e-07,0.9975199,8.96137e-07,4.3021697e-05,6.0990773e-05,6.050203e-06,1.1685872e-09,7.771307e-07,0.0023676616,0.9975199
pamap2,gnn_lstm,sequence,1,101,101,102,3544,3553,3553,4,4,5,5,running,running,True,4.7423094e-07,5.4353453e-08,4.1124304e-10,1.8924995e-07,0.9973967,9.2676436e-07,4.416817e-05,6.265361e-05,6.3756074e-06,1.2272533e-09,8.044821e-07,0.002487627,0.9973967
pamap2,gnn_lstm,sequence,1,101,101,102,3545,3554,3554,4,4,5,5,running,running,True,5.117094e-07,5.3554295e-08,3.9106232e-10,1.9229628e-07,0.99775285,8.609019e-07,4.445932e-05,6.750199e-05,5.4593947e-06,1.1925777e-09,8.006845e-07,0.0021272274,0.99775285
pamap2,gnn_lstm,sequence,1,101,101,102,3546,3555,3555,4,4,5,5,running,running,True,5.660678e-07,6.307223e-08,5.190303e-10,2.102564e-07,0.9972952,9.761151e-07,5.1543422e-05,6.9857066e-05,6.560045e-06,1.5109894e-09,9.683783e-07,0.00257401,0.9972952
pamap2,gnn_lstm,sequence,1,101,101,102,3547,3556,3556,4,4,5,5,running,running,True,6.422508e-07,8.707784e-08,8.9142566e-10,2.4924805e-07,0.99571437,1.3469815e-06,6.8304296e-05,7.049711e-05,1.0522161e-05,2.3890394e-09,1.3857293e-06,0.0041325623,0.99571437
pamap2,gnn_lstm,sequence,1,101,101,102,3548,3557,3557,4,4,5,5,running,running,True,5.920197e-07,8.081727e-08,7.984168e-10,2.3160025e-07,0.9961361,1.1878482e-06,7.0684735e-05,6.691805e-05,9.602398e-06,2.1730306e-09,1.2623395e-06,0.0037132173,0.9961361
pamap2,gnn_lstm,sequence,1,101,101,102,3549,3558,3558,4,4,5,5,running,running,True,7.2132946e-07,1.0438321e-07,1.1587172e-09,2.8810933e-07,0.9953134,1.4886762e-06,8.498375e-05,7.5716336e-05,1.2179695e-05,3.0533547e-09,1.6626399e-06,0.004509405,0.9953134
pamap2,gnn_lstm,sequence,1,101,101,102,3550,3559,3559,4,4,5,5,running,running,True,9.995771e-07,1.7601349e-07,2.5026938e-09,4.2310953e-07,0.9913994,2.6511186e-06,0.00011430824,9.017742e-05,2.334301e-05,6.052008e-09,2.9659961e-06,0.008365586,0.9913994
pamap2,gnn_lstm,sequence,1,101,101,102,3551,3560,3560,4,4,5,5,running,running,True,7.9434903e-07,1.3502252e-07,1.6573766e-09,3.4735982e-07,0.992857,2.2291927e-06,9.022512e-05,8.056527e-05,1.9325156e-05,4.212721e-09,2.1889634e-06,0.0069471244,0.992857
pamap2,gnn_lstm,sequence,1,101,101,102,3552,3561,3561,4,4,5,5,running,running,True,5.4498673e-07,8.092945e-08,7.465994e-10,2.4221382e-07,0.99579084,1.3448566e-06,6.290684e-05,6.6308035e-05,1.0934551e-05,2.0946846e-09,1.2339875e-06,0.0040655313,0.99579084
pamap2,gnn_lstm,sequence,1,101,101,102,3553,3562,3562,4,4,5,5,running,running,True,4.92516e-07,6.2034196e-08,4.997186e-10,2.0412361e-07,0.99712497,9.740004e-07,5.3978158e-05,6.4267515e-05,7.264369e-06,1.4791255e-09,9.268529e-07,0.0027469068,0.99712497
pamap2,gnn_lstm,sequence,1,101,101,102,3554,3563,3563,4,4,5,5,running,running,True,5.681242e-07,6.550338e-08,5.4014504e-10,2.1801941e-07,0.997326,9.691004e-07,5.7043708e-05,7.1213566e-05,6.740928e-06,1.5979886e-09,9.990861e-07,0.0025362321,0.997326
pamap2,gnn_lstm,sequence,1,101,101,102,3555,3564,3564,4,4,5,5,running,running,True,7.573103e-07,1.02957706e-07,1.1193392e-09,2.9909828e-07,0.99563193,1.47519e-06,8.0581674e-05,8.076285e-05,1.1428945e-05,2.9920524e-09,1.663042e-06,0.004191025,0.99563193
pamap2,gnn_lstm,sequence,1,101,101,102,3556,3565,3565,4,4,5,5,running,running,True,7.749878e-07,1.1135888e-07,1.2443694e-09,3.1258517e-07,0.9949714,1.6963992e-06,8.1741295e-05,8.0088605e-05,1.3292283e-05,3.2984036e-09,1.8004287e-06,0.004848779,0.9949714
pamap2,gnn_lstm,sequence,1,101,101,102,3557,3566,3566,4,4,5,5,running,running,True,8.6306954e-07,1.2704031e-07,1.5238745e-09,3.4222825e-07,0.9940211,2.027499e-06,8.409318e-05,8.3088256e-05,1.5648924e-05,3.9266306e-09,2.08421e-06,0.005790625,0.9940211
pamap2,gnn_lstm,sequence,1,101,101,102,3558,3567,3567,4,4,5,5,running,running,True,1.0820543e-06,1.6216433e-07,2.233458e-09,4.118169e-07,0.9925447,2.58306e-06,9.782681e-05,9.460952e-05,1.9969775e-05,5.4970983e-09,2.7271833e-06,0.00723591,0.9925447
pamap2,gnn_lstm,sequence,1,101,101,102,3559,3568,3568,4,4,5,5,running,running,True,8.559226e-07,9.865962e-08,1.0198759e-09,3.0068472e-07,0.99646026,1.3885672e-06,7.455871e-05,8.825942e-05,9.2819155e-06,2.7926363e-09,1.5661201e-06,0.0033634398,0.99646026
pamap2,gnn_lstm,sequence,1,101,101,102,3560,3569,3569,4,4,5,5,running,running,True,5.87927e-07,5.7742348e-08,4.1063195e-10,2.059887e-07,0.9981091,8.102373e-07,5.1692943e-05,7.588001e-05,4.7622293e-06,1.2845723e-09,8.5020076e-07,0.001756037,0.9981091
pamap2,gnn_lstm,sequence,1,101,101,102,3561,3570,3570,4,4,5,5,running,running,True,4.834595e-07,4.7258794e-08,2.9762087e-10,1.8027147e-07,0.9983829,6.920392e-07,4.4330776e-05,7.065464e-05,4.0708483e-06,9.697548e-10,6.7162046e-07,0.0014960349,0.9983829
pamap2,gnn_lstm,sequence,1,101,101,102,3562,3571,3571,4,4,5,5,running,running,True,4.7984844e-07,4.7166154e-08,3.033643e-10,1.7771212e-07,0.9983205,6.9953626e-07,4.504046e-05,6.90867e-05,4.255726e-06,9.854928e-10,6.742886e-07,0.0015590147,0.9983205
pamap2,gnn_lstm,sequence,1,101,101,102,3563,3572,3572,4,4,5,5,running,running,True,5.3750887e-07,5.3201404e-08,3.6723727e-10,1.9346113e-07,0.99817324,7.580726e-07,5.070396e-05,7.402605e-05,4.691351e-06,1.1708479e-09,7.772163e-07,0.0016949269,0.99817324
pamap2,gnn_lstm,sequence,1,101,101,102,3564,3573,3573,4,4,5,5,running,running,True,5.914152e-07,5.8789695e-08,4.3685913e-10,2.0306202e-07,0.9980567,7.898884e-07,5.8176225e-05,7.752536e-05,4.986539e-06,1.3586058e-09,8.820991e-07,0.001800131,0.9980567
pamap2,gnn_lstm,sequence,1,101,101,102,3565,3574,3574,4,4,5,5,running,running,True,4.96841e-07,4.8446395e-08,3.1835337e-10,1.7330468e-07,0.99836844,6.603476e-07,5.21312e-05,7.135956e-05,4.1607645e-06,1.0379737e-09,7.0590295e-07,0.0015018582,0.99836844
pamap2,gnn_lstm,sequence,1,101,101,102,3566,3575,3575,4,4,5,5,running,running,True,3.9427914e-07,3.8630052e-08,2.2472257e-10,1.4488599e-07,0.99858725,5.554079e-07,4.43508e-05,6.2414525e-05,3.5418723e-06,7.638283e-10,5.464077e-07,0.0013007802,0.99858725
pamap2,gnn_lstm,sequence,1,101,101,102,3567,3576,3576,4,4,5,5,running,running,True,3.7274057e-07,3.6871384e-08,2.1211023e-10,1.35626e-07,0.9986041,5.2662693e-07,4.3857548e-05,5.8707756e-05,3.4201908e-06,7.203598e-10,5.212281e-07,0.0012882402,0.9986041
pamap2,gnn_lstm,sequence,1,101,101,102,3568,3577,3577,4,4,5,5,running,running,True,3.87614e-07,3.698799e-08,2.0520721e-10,1.3975293e-07,0.9986908,5.257337e-07,4.282925e-05,6.21048e-05,3.2059904e-06,7.0545264e-10,5.2137483e-07,0.001199498,0.9986908
pamap2,gnn_lstm,sequence,1,101,101,102,3569,3578,3578,4,4,5,5,running,running,True,4.5488989e-07,4.738719e-08,3.140294e-10,1.6666378e-07,0.9983039,6.415734e-07,5.177063e-05,6.4395055e-05,4.195591e-06,1.0075311e-09,6.9215594e-07,0.0015737639,0.9983039
pamap2,gnn_lstm,sequence,1,101,101,102,3570,3579,3579,4,4,5,5,running,running,True,4.3542056e-07,4.844807e-08,3.2472283e-10,1.6877493e-07,0.9981364,6.8996206e-07,5.0458733e-05,6.149492e-05,4.663571e-06,1.0351824e-09,6.991445e-07,0.0017448528,0.9981364
pamap2,gnn_lstm,sequence,1,101,101,102,3571,3580,3580,4,4,5,5,running,running,True,4.032851e-07,4.651778e-08,3.0093514e-10,1.716795e-07,0.9980557,7.3148453e-07,4.4266068e-05,5.8940568e-05,4.92686e-06,9.700734e-10,6.614073e-07,0.001834076,0.9980557
pamap2,gnn_lstm,sequence,1,101,101,102,3572,3581,3581,4,4,5,5,running,running,True,5.067366e-07,6.6715664e-08,5.387337e-10,2.3157607e-07,0.9966763,1.2130514e-06,4.8574675e-05,6.627345e-05,8.71761e-06,1.5952701e-09,9.93157e-07,0.0031971158,0.9966763
pamap2,gnn_lstm,sequence,1,101,101,102,3573,3582,3582,4,4,5,5,running,running,True,6.4149185e-07,8.275542e-08,7.709483e-10,2.6257666e-07,0.99576193,1.509731e-06,5.3127555e-05,7.2857736e-05,1.0527731e-05,2.1525823e-09,1.3056713e-06,0.004097791,0.99576193
pamap2,gnn_lstm,sequence,1,101,101,102,3574,3583,3583,4,4,5,5,running,running,True,9.376286e-07,1.3850705e-07,1.7861859e-09,3.6318193e-07,0.99201113,2.6001608e-06,7.290437e-05,8.5054555e-05,1.9305873e-05,4.399151e-09,2.3857574e-06,0.007805112,0.99201113
pamap2,gnn_lstm,sequence,1,101,101,102,3575,3584,3584,4,4,5,5,running,running,True,9.3533e-07,1.346989e-07,1.7334252e-09,3.531001e-07,0.99237096,2.4673209e-06,7.223833e-05,8.3785366e-05,1.80005e-05,4.262756e-09,2.3202508e-06,0.0074488777,0.99237096
pamap2,gnn_lstm,sequence,1,101,101,102,3576,3585,3585,4,4,5,5,running,running,True,7.8300775e-07,1.0160331e-07,1.1269619e-09,2.8833887e-07,0.99488837,1.6977044e-06,6.399592e-05,7.6036544e-05,1.1895636e-05,2.91056e-09,1.6701218e-06,0.004955159,0.99488837
pamap2,gnn_lstm,sequence,1,101,101,102,3577,3586,3586,4,4,5,5,running,running,True,1.0023105e-06,1.3700853e-07,1.8300559e-09,3.5152541e-07,0.9934394,2.1184558e-06,8.3851824e-05,8.584768e-05,1.5423615e-05,4.4143253e-09,2.3311372e-06,0.006369445,0.9934394
pamap2,gnn_lstm,sequence,1,101,101,102,3578,3587,3587,4,4,5,5,running,running,True,1.2962665e-06,1.9809704e-07,3.2133294e-09,4.6547012e-07,0.99078393,2.9342295e-06,0.00011133415,9.8954486e-05,2.2661095e-05,7.298339e-09,3.458624e-06,0.008974758,0.99078393
pamap2,gnn_lstm,sequence,1,101,101,102,3579,3588,3588,4,4,5,5,running,running,True,1.2042407e-06,1.8654342e-07,2.939047e-09,4.405108e-07,0.9912034,2.7424958e-06,0.00010989276,9.583938e-05,2.177231e-05,6.7472334e-09,3.2263376e-06,0.008561331,0.9912034
pamap2,gnn_lstm,sequence,1,101,101,102,3580,3589,3589,4,4,5,5,running,running,True,7.437305e-07,1.0764558e-07,1.2141055e-09,2.9547775e-07,0.9947424,1.6691318e-06,7.562961e-05,7.555356e-05,1.3032112e-05,3.1395784e-09,1.7189391e-06,0.005088861,0.9947424
pamap2,gnn_lstm,sequence,1,101,101,102,3581,3590,3590,4,4,5,5,running,running,True,4.4866078e-07,5.281142e-08,3.8895823e-10,1.7755467e-07,0.9976376,8.0945534e-07,4.847665e-05,5.9910075e-05,5.722504e-06,1.1757794e-09,7.705535e-07,0.002245996,0.9976376
pamap2,gnn_lstm,sequence,1,101,101,102,3582,3591,3591,4,4,5,5,running,running,True,3.6019097e-07,3.4230887e-08,1.8700232e-10,1.3042329e-07,0.9986946,5.023135e-07,3.8120925e-05,5.803729e-05,3.056687e-06,6.3000166e-10,4.7835834e-07,0.0012047492,0.9986946
pamap2,gnn_lstm,sequence,1,101,101,102,3583,3592,3592,4,4,5,5,running,running,True,4.1192243e-07,3.958347e-08,2.2788588e-10,1.4953326e-07,0.99859995,5.6418946e-07,4.169689e-05,6.358574e-05,3.3388844e-06,7.6011303e-10,5.6123906e-07,0.0012896059,0.99859995
pamap2,gnn_lstm,sequence,1,101,101,102,3584,3593,3593,4,4,5,5,running,running,True,4.1164154e-07,4.105757e-08,2.45219e-10,1.5638253e-07,0.9985007,5.944593e-07,4.2325606e-05,6.278323e-05,3.6492156e-06,8.1082e-10,5.838756e-07,0.0013888791,0.9985007
pamap2,gnn_lstm,sequence,1,101,101,102,3585,3594,3594,4,4,5,5,running,running,True,4.0584573e-07,4.3122096e-08,2.7404293e-10,1.5406312e-07,0.9982868,6.273429e-07,4.456043e-05,5.8249763e-05,4.09538e-06,8.8122803e-10,6.2013936e-07,0.0016044128,0.9982868
pamap2,gnn_lstm,sequence,1,101,101,102,3586,3595,3595,4,4,5,5,running,running,True,4.450567e-07,4.918533e-08,3.4753012e-10,1.6378561e-07,0.99799997,7.010865e-07,5.0491835e-05,5.8423608e-05,4.740476e-06,1.0699498e-09,7.2353043e-07,0.0018842858,0.99799997
pamap2,gnn_lstm,sequence,1,101,101,102,3587,3596,3596,4,4,5,5,running,running,True,5.1992214e-07,5.4795102e-08,4.1171389e-10,1.7612665e-07,0.9979826,7.289763e-07,5.6823323e-05,6.327479e-05,4.764637e-06,1.234298e-09,8.195842e-07,0.0018901275,0.9979826
pamap2,gnn_lstm,sequence,1,101,101,102,3588,3597,3597,4,4,5,5,running,running,True,4.5004467e-07,4.2359044e-08,2.6639366e-10,1.421934e-07,0.9985222,5.596988e-07,4.799687e-05,6.0439143e-05,3.3496974e-06,8.4396284e-10,6.1578555e-07,0.0013642446,0.9985222
pamap2,gnn_lstm,sequence,1,101,101,102,3589,3598,3598,4,4,5,5,running,running,True,3.8369782e-07,3.5342826e-08,1.977977e-10,1.2070618e-07,0.99873275,4.766729e-07,4.278904e-05,5.6061555e-05,2.8078375e-06,6.5131184e-10,4.998525e-07,0.0011640212,0.99873275
pamap2,gnn_lstm,sequence,1,101,101,102,3590,3599,3599,4,4,5,5,running,running,True,3.1688805e-07,2.954996e-08,1.4119274e-10,1.1004742e-07,0.99892634,4.249398e-07,3.5956098e-05,5.389851e-05,2.4374851e-06,4.9516474e-10,3.9400362e-07,0.0009801459,0.99892634
pamap2,gnn_lstm,sequence,1,101,101,102,3591,3600,3600,4,4,5,5,running,running,True,3.205519e-07,2.9684152e-08,1.401422e-10,1.1355672e-07,0.99894255,4.3396193e-07,3.5047724e-05,5.608472e-05,2.436581e-06,4.9205545e-10,3.9266524e-07,0.0009626293,0.99894255
pamap2,gnn_lstm,sequence,1,101,101,102,3592,3601,3601,4,4,5,5,running,running,True,3.602017e-07,3.192378e-08,1.6066787e-10,1.1358012e-07,0.9988902,4.4167996e-07,3.815451e-05,5.7366575e-05,2.45973e-06,5.4632926e-10,4.3659458e-07,0.0010104368,0.9988902
pamap2,gnn_lstm,sequence,1,101,101,102,3593,3602,3602,4,4,5,5,running,running,True,3.5057317e-07,2.9999654e-08,1.4994227e-10,1.0408523e-07,0.9989349,4.1084147e-07,3.839538e-05,5.5630546e-05,2.305402e-06,5.1156984e-10,4.163445e-07,0.00096740475,0.9989349
pamap2,gnn_lstm,sequence,1,101,101,102,3594,3603,3603,4,4,5,5,running,running,True,3.0032214e-07,2.577713e-08,1.1412826e-10,9.329686e-08,0.9990711,3.6260192e-07,3.4450168e-05,5.283188e-05,2.0113905e-06,4.09455e-10,3.4478336e-07,0.0008385199,0.9990711
pamap2,gnn_lstm,sequence,1,101,101,102,3595,3604,3604,4,4,5,5,running,running,True,2.8771188e-07,2.5106774e-08,1.08745256e-10,9.321096e-08,0.9990884,3.5889394e-07,3.3654607e-05,5.2306088e-05,2.0007228e-06,3.9491233e-10,3.317774e-07,0.0008225863,0.9990884
pamap2,gnn_lstm,sequence,1,101,101,102,3596,3605,3605,4,4,5,5,running,running,True,3.01106e-07,2.5669516e-08,1.1257053e-10,9.4210755e-08,0.9990877,3.6055408e-07,3.457829e-05,5.4017295e-05,1.9871634e-06,4.0639467e-10,3.4394407e-07,0.00082061737,0.9990877
pamap2,gnn_lstm,sequence,1,101,101,102,3597,3606,3606,4,4,5,5,running,running,True,3.329807e-07,2.856196e-08,1.2742198e-10,1.0654159e-07,0.99906105,3.9739325e-07,3.577677e-05,5.9260517e-05,2.0904329e-06,4.575113e-10,3.8091474e-07,0.00084054185,0.99906105
pamap2,gnn_lstm,sequence,1,101,101,102,3598,3607,3607,4,4,5,5,running,running,True,3.4081978e-07,3.049475e-08,1.3900706e-10,1.15181074e-07,0.99901104,4.270254e-07,3.591425e-05,6.0026432e-05,2.2422294e-06,4.9319326e-10,4.0275862e-07,0.00088939624,0.99901104
pamap2,gnn_lstm,sequence,1,101,101,102,3599,3608,3608,4,4,5,5,running,running,True,3.3620276e-07,3.160711e-08,1.5041315e-10,1.2098221e-07,0.99892527,4.53761e-07,3.6028036e-05,5.8310376e-05,2.5032036e-06,5.2643434e-10,4.159817e-07,0.0009764433,0.99892527
pamap2,gnn_lstm,sequence,1,101,101,102,3600,3609,3609,4,4,5,5,running,running,True,3.0940694e-07,2.8874892e-08,1.3078973e-10,1.161875e-07,0.9989905,4.31486e-07,3.350963e-05,5.7812933e-05,2.400733e-06,4.672411e-10,3.7367687e-07,0.0009144475,0.9989905
pamap2,gnn_lstm,sequence,1,101,101,102,3601,3610,3610,4,4,5,5,running,running,True,3.2385083e-07,2.9307904e-08,1.3262025e-10,1.1882421e-07,0.99900764,4.3520126e-07,3.3802804e-05,6.116912e-05,2.3666437e-06,4.74172e-10,3.8281132e-07,0.0008936648,0.99900764
pamap2,gnn_lstm,sequence,1,101,101,102,3602,3611,3611,4,4,5,5,running,running,True,3.4570488e-07,3.1504104e-08,1.4982716e-10,1.2636866e-07,0.99893576,4.65598e-07,3.490146e-05,6.272295e-05,2.5375678e-06,5.2489985e-10,4.1977356e-07,0.0009627123,0.99893576
pamap2,gnn_lstm,sequence,1,101,101,102,3603,3612,3612,4,4,5,5,running,running,True,3.7769004e-07,3.6088498e-08,1.9226998e-10,1.4835024e-07,0.9987184,5.5832487e-07,3.649383e-05,6.498752e-05,3.2023781e-06,6.552724e-10,4.917037e-07,0.0011752888,0.9987184
pamap2,gnn_lstm,sequence,1,101,101,102,3604,3613,3613,4,4,5,5,running,running,True,4.5276568e-07,4.766762e-08,3.1602093e-10,1.9064049e-07,0.9979831,8.3985947e-07,3.9393766e-05,6.790495e-05,5.2930973e-06,1.0132344e-09,6.853191e-07,0.0019020538,0.9979831
pamap2,gnn_lstm,sequence,1,101,101,102,3605,3614,3614,4,4,5,5,running,running,True,6.4475574e-07,8.3662805e-08,7.718728e-10,2.8633053e-07,0.9954549,1.7724893e-06,5.0262788e-05,8.205461e-05,1.2556377e-05,2.2096323e-09,1.3025779e-06,0.0043960437,0.9954549
pamap2,gnn_lstm,sequence,1,101,101,102,3606,3615,3615,4,4,5,5,running,running,True,1.0907754e-06,1.8049577e-07,2.5307854e-09,4.702951e-07,0.98828065,4.099267e-06,7.830911e-05,0.00010374806,3.227264e-05,6.239108e-09,3.137249e-06,0.011496076,0.98828065
pamap2,gnn_lstm,sequence,1,101,101,102,3607,3616,3616,4,4,5,5,running,running,True,2.7537787e-06,9.096505e-07,2.9275016e-08,1.4383492e-06,0.9123926,2.222048e-05,0.00020110718,0.00015844704,0.000247996,5.3642744e-08,1.8814177e-05,0.08695372,0.9123926
pamap2,gnn_lstm,sequence,1,101,101,102,3608,3617,3617,4,4,5,5,running,running,True,3.973136e-06,2.5883562e-06,1.3668514e-07,3.023588e-06,0.6442315,6.377591e-05,0.00030797996,0.00017799373,0.001057185,2.1570447e-07,5.8149362e-05,0.35409355,0.6442315
pamap2,gnn_lstm,sequence,1,101,101,102,3609,3618,3618,4,4,5,5,running,running,True,3.7336386e-06,2.086047e-06,1.0011555e-07,2.5439215e-06,0.721926,5.127498e-05,0.00028482854,0.00016993379,0.0007743321,1.6110017e-07,4.6831014e-05,0.27673817,0.721926
pamap2,gnn_lstm,sequence,1,101,101,102,3610,3619,3619,4,4,5,5,running,running,True,4.3924492e-06,1.9968697e-06,1.01520484e-07,2.3992186e-06,0.76866764,4.4924065e-05,0.00031706705,0.00018506937,0.0006202191,1.5981944e-07,4.635329e-05,0.23010978,0.76866764
pamap2,gnn_lstm,sequence,1,101,101,102,3611,3620,3620,4,4,5,5,running,running,True,6.6577295e-06,3.1858553e-06,2.247466e-07,3.2300286e-06,0.67235565,5.9126847e-05,0.00047946424,0.0002238351,0.00089016766,3.2183522e-07,8.0294114e-05,0.32589784,0.67235565
pamap2,gnn_lstm,sequence,1,101,101,102,3612,3621,3621,4,4,5,5,running,running,True,6.423426e-06,2.893046e-06,1.9166494e-07,2.912068e-06,0.7279269,4.8936683e-05,0.0005430787,0.00022520282,0.000748706,2.792107e-07,7.159719e-05,0.27042288,0.7279269
pamap2,gnn_lstm,sequence,1,101,101,102,3613,3622,3622,4,4,5,5,running,running,True,3.0242636e-06,8.800295e-07,3.0232023e-08,1.226638e-06,0.9367304,1.4332902e-05,0.00031912068,0.00015405106,0.00017217395,5.3972386e-08,1.8602715e-05,0.0625861,0.9367304
pamap2,gnn_lstm,sequence,1,101,101,102,3614,3623,3623,4,4,5,5,running,running,True,1.2621697e-06,2.640751e-07,4.741526e-09,5.345571e-07,0.98374325,4.527895e-06,0.00014043522,9.743689e-05,4.384388e-05,1.0503376e-08,4.761371e-06,0.015963618,0.98374325
pamap2,gnn_lstm,sequence,1,101,101,102,3615,3624,3624,4,4,5,5,running,running,True,8.262803e-07,1.2988501e-07,1.6008385e-09,3.3494734e-07,0.9931728,2.1713481e-06,8.725238e-05,8.1124665e-05,1.809052e-05,4.07892e-09,2.141451e-06,0.006635064,0.9931728
pamap2,gnn_lstm,sequence,1,101,101,102,3616,3625,3625,4,4,5,5,running,running,True,9.77174e-07,1.5557946e-07,2.1068713e-09,3.9359253e-07,0.9921347,2.5617067e-06,9.667342e-05,9.088541e-05,2.1121426e-05,5.21597e-09,2.6362043e-06,0.0076498757,0.9921347
pamap2,gnn_lstm,sequence,1,101,101,102,3617,3626,3626,4,4,5,5,running,running,True,6.727851e-07,9.243957e-08,9.5348e-10,2.6756848e-07,0.9955884,1.4481317e-06,7.095979e-05,7.527159e-05,1.1348476e-05,2.5772307e-09,1.4746362e-06,0.0042501246,0.9955884
pamap2,gnn_lstm,sequence,1,101,101,102,3618,3627,3627,4,4,5,5,running,running,True,4.3972597e-07,4.9536304e-08,3.5129882e-10,1.6982722e-07,0.99783796,7.5390386e-07,4.7032187e-05,6.035684e-05,5.1841025e-06,1.082605e-09,7.3125585e-07,0.0020472887,0.99783796
pamap2,gnn_lstm,sequence,1,101,101,102,3619,3628,3628,4,4,5,5,running,running,True,4.4539362e-07,5.1354554e-08,3.7608894e-10,1.6951343e-07,0.99776256,7.57726e-07,4.9503407e-05,5.7249326e-05,5.208126e-06,1.138728e-09,7.6190054e-07,0.0021231913,0.99776256
pamap2,gnn_lstm,sequence,1,101,101,102,3620,3629,3629,4,4,5,5,running,running,True,4.71571e-07,5.2436466e-08,3.870676e-10,1.707961e-07,0.9978763,7.3303306e-07,5.176533e-05,5.8154776e-05,4.8709862e-06,1.1592506e-09,7.7940973e-07,0.0020066958,0.9978763
pamap2,gnn_lstm,sequence,1,101,101,102,3621,3630,3630,4,4,5,5,running,running,True,6.351871e-07,7.7593484e-08,7.150627e-10,2.34195e-07,0.99698716,1.0394497e-06,6.6944944e-05,6.766454e-05,7.186999e-06,1.9769515e-09,1.186128e-06,0.0028678798,0.99698716
pamap2,gnn_lstm,sequence,1,101,101,102,3622,3631,3631,4,4,5,5,running,running,True,5.30533e-07,5.7962247e-08,4.3914347e-10,1.8939463e-07,0.99784803,7.892685e-07,5.346436e-05,6.311565e-05,4.986656e-06,1.2956624e-09,8.5516905e-07,0.0020279433,0.99784803
pamap2,gnn_lstm,sequence,1,101,101,102,3623,3632,3632,4,4,5,5,running,running,True,3.7098832e-07,3.792386e-08,2.2059087e-10,1.3369393e-07,0.99855834,5.2785225e-07,4.0669587e-05,5.360415e-05,3.2098815e-06,7.0746775e-10,5.2590264e-07,0.0013425665,0.99855834
pamap2,gnn_lstm,sequence,1,101,101,102,3624,3633,3633,4,4,5,5,running,running,True,2.9688502e-07,2.9175519e-08,1.39173e-10,1.0719617e-07,0.9988845,4.1874247e-07,3.357693e-05,4.9347786e-05,2.4071999e-06,4.756415e-10,3.8495548e-07,0.0010288787,0.9988845
pamap2,gnn_lstm,sequence,1,101,101,102,3625,3634,3634,4,4,5,5,running,running,True,2.8607576e-07,2.7400288e-08,1.2398675e-10,1.02397806e-07,0.9989704,3.966787e-07,3.2004093e-05,4.9551516e-05,2.204169e-06,4.2952694e-10,3.5742968e-07,0.00094465766,0.9989704
pamap2,gnn_lstm,sequence,1,101,101,102,3626,3635,3635,4,4,5,5,running,running,True,2.9113258e-07,2.6591872e-08,1.1614547e-10,9.959583e-08,0.999044,3.805383e-07,3.149756e-05,5.1583796e-05,2.0318566e-06,4.0474238e-10,3.4591125e-07,0.00086969923,0.999044
pamap2,gnn_lstm,sequence,1,101,101,102,3627,3636,3636,4,4,5,5,running,running,True,2.8543275e-07,2.5539354e-08,1.0877001e-10,9.63415e-08,0.9990833,3.6716202e-07,3.063725e-05,5.1863397e-05,1.9395125e-06,3.8204173e-10,3.3142305e-07,0.0008310985,0.9990833
pamap2,gnn_lstm,sequence,1,101,101,102,3628,3637,3637,4,4,5,5,running,running,True,2.7646828e-07,2.5696238e-08,1.12046886e-10,9.762801e-08,0.99903524,3.7652075e-07,3.0814692e-05,5.0027054e-05,2.07693e-06,3.931455e-10,3.3338264e-07,0.00088063575,0.99903524
pamap2,gnn_lstm,sequence,1,101,101,102,3629,3638,3638,4,4,5,5,running,running,True,2.7453436e-07,2.66109e-08,1.1960763e-10,1.00935075e-07,0.9989717,3.9345863e-07,3.133577e-05,4.8485912e-05,2.2313664e-06,4.1644735e-10,3.4522643e-07,0.000945168,0.9989717
pamap2,gnn_lstm,sequence,1,101,101,102,3630,3639,3639,4,4,5,5,running,running,True,2.8317749e-07,2.8687186e-08,1.3738362e-10,1.10621585e-07,0.9988527,4.346469e-07,3.224445e-05,4.8622285e-05,2.5738707e-06,4.7019816e-10,3.7390623e-07,0.0010626395,0.9988527
pamap2,gnn_lstm,sequence,1,101,101,102,3631,3640,3640,4,4,5,5,running,running,True,2.7438355e-07,2.6619654e-08,1.2221363e-10,1.023451e-07,0.99893814,4.0149558e-07,3.0774077e-05,4.842135e-05,2.3212694e-06,4.2001982e-10,3.4746876e-07,0.000979204,0.99893814
pamap2,gnn_lstm,sequence,1,101,101,102,3632,3641,3641,4,4,5,5,running,running,True,2.7078553e-07,2.529622e-08,1.1391259e-10,9.365116e-08,0.9989839,3.719976e-07,3.0237568e-05,4.7072284e-05,2.1066496e-06,3.9074882e-10,3.347603e-07,0.0009355508,0.9989839
pamap2,gnn_lstm,sequence,1,101,101,102,3633,3642,3642,4,4,5,5,running,running,True,2.6816986e-07,2.4891497e-08,1.11541734e-10,9.1762026e-08,0.99899715,3.6563628e-07,3.0456938e-05,4.6654408e-05,2.0786563e-06,3.8509454e-10,3.2974256e-07,0.00092244876,0.99899715
pamap2,gnn_lstm,sequence,1,101,101,102,3634,3643,3643,4,4,5,5,running,running,True,2.7192408e-07,2.6231797e-08,1.2144258e-10,9.6085444e-08,0.998934,3.8568967e-07,3.157664e-05,4.6009343e-05,2.2394129e-06,4.1645865e-10,3.4692033e-07,0.0009850834,0.998934
pamap2,gnn_lstm,sequence,1,101,101,102,3635,3644,3644,4,4,5,5,running,running,True,2.8482597e-07,2.7875634e-08,1.3369558e-10,1.0066895e-07,0.99888176,4.0344574e-07,3.296045e-05,4.6598423e-05,2.3562707e-06,4.5161735e-10,3.7075398e-07,0.0010351557,0.99888176
pamap2,gnn_lstm,sequence,1,101,101,102,3636,3645,3645,4,4,5,5,running,running,True,3.3162442e-07,3.3726895e-08,1.7859869e-10,1.217484e-07,0.9987011,4.845438e-07,3.6587113e-05,5.084867e-05,2.8713187e-06,5.87184e-10,4.51663e-07,0.0012071285,0.9987011
pamap2,gnn_lstm,sequence,1,101,101,102,3637,3646,3646,4,4,5,5,running,running,True,3.6930288e-07,3.6735948e-08,1.9830697e-10,1.3192712e-07,0.9986854,5.164358e-07,3.775397e-05,5.5529894e-05,2.9077164e-06,6.445238e-10,4.9344624e-07,0.0012168085,0.9986854
pamap2,gnn_lstm,sequence,1,101,101,102,3638,3647,3647,4,4,5,5,running,running,True,3.359817e-07,3.351124e-08,1.6972679e-10,1.2589044e-07,0.99877506,4.8744965e-07,3.4623787e-05,5.4255404e-05,2.7425885e-06,5.6534116e-10,4.4085607e-07,0.0011318364,0.99877506
pamap2,gnn_lstm,sequence,1,101,101,102,3639,3648,3648,4,4,5,5,running,running,True,3.1154892e-07,3.139228e-08,1.5793082e-10,1.1789367e-07,0.9987752,4.6446507e-07,3.3435444e-05,5.0762366e-05,2.7079054e-06,5.272435e-10,4.1401805e-07,0.0011366252,0.9987752
pamap2,gnn_lstm,sequence,1,101,101,102,3640,3649,3649,4,4,5,5,running,running,True,2.5430546e-07,2.4664672e-08,1.0820166e-10,9.458002e-08,0.9989943,3.7072118e-07,2.9047613e-05,4.5977817e-05,2.1276983e-06,3.7571452e-10,3.1863183e-07,0.0009274095,0.9989943
pamap2,gnn_lstm,sequence,1,101,101,102,3641,3650,3650,4,4,5,5,running,running,True,2.6805137e-07,2.5001091e-08,1.1199439e-10,9.272994e-08,0.998992,3.6594628e-07,3.019047e-05,4.6781595e-05,2.0793693e-06,3.857483e-10,3.3053428e-07,0.00092778384,0.998992
pamap2,gnn_lstm,sequence,1,101,101,102,3642,3651,3651,4,4,5,5,running,running,True,3.112568e-07,2.8006378e-08,1.3153555e-10,1.01277195e-07,0.99895847,3.965847e-07,3.3087174e-05,5.156856e-05,2.1640146e-06,4.477494e-10,3.77057e-07,0.0009534273,0.99895847
pamap2,gnn_lstm,sequence,1,101,101,102,3643,3652,3652,4,4,5,5,running,running,True,3.094088e-07,2.7999217e-08,1.3192296e-10,1.0037984e-07,0.99895835,3.9471317e-07,3.3426782e-05,5.1040046e-05,2.1691035e-06,4.488113e-10,3.7611963e-07,0.0009537232,0.99895835
pamap2,gnn_lstm,sequence,1,101,101,102,3644,3653,3653,4,4,5,5,running,running,True,2.9127304e-07,2.7171948e-08,1.2794116e-10,9.681054e-08,0.9989466,3.8492914e-07,3.3356617e-05,4.7947397e-05,2.1893848e-06,4.3646037e-10,3.6314773e-07,0.00096870295,0.9989466
pamap2,gnn_lstm,sequence,1,101,101,102,3645,3654,3654,4,4,5,5,running,running,True,2.6769465e-07,2.5318858e-08,1.1642017e-10,8.955793e-08,0.99897254,3.593955e-07,3.2180084e-05,4.441715e-05,2.0692103e-06,3.98069e-10,3.3828542e-07,0.0009477218,0.99897254
pamap2,gnn_lstm,sequence,1,101,101,102,3646,3655,3655,4,4,5,5,running,running,True,2.41221e-07,2.1631271e-08,8.864385e-11,7.82258e-08,0.9991309,3.0866494e-07,2.8962066e-05,4.3481272e-05,1.6966377e-06,3.1302602e-10,2.8472616e-07,0.0007939664,0.9991309
pamap2,gnn_lstm,sequence,1,101,101,102,3647,3656,3656,4,4,5,5,running,running,True,2.6800944e-07,2.3902755e-08,1.0009762e-10,8.622452e-08,0.99911195,3.3444772e-07,3.0652183e-05,4.717013e-05,1.7774763e-06,3.5149114e-10,3.123949e-07,0.000807474,0.99911195
pamap2,gnn_lstm,sequence,1,101,101,102,3648,3657,3657,4,4,5,5,running,running,True,2.4638635e-07,2.1556614e-08,8.4108887e-11,7.9929244e-08,0.99919254,3.068364e-07,2.8225584e-05,4.649651e-05,1.6076924e-06,3.015947e-10,2.7695202e-07,0.00073017756,0.99919254
pamap2,gnn_lstm,sequence,1,101,101,102,3649,3658,3658,4,4,5,5,running,running,True,2.2879416e-07,2.047332e-08,7.669072e-11,7.956627e-08,0.9992186,3.0199303e-07,2.6629605e-05,4.5867382e-05,1.5892385e-06,2.8072103e-10,2.5724705e-07,0.0007064368,0.9992186
pamap2,gnn_lstm,sequence,1,101,101,102,3650,3659,3659,4,4,5,5,running,running,True,2.21221e-07,1.989004e-08,7.27377e-11,7.912258e-08,0.9992342,2.985548e-07,2.547443e-05,4.574888e-05,1.5564272e-06,2.6818348e-10,2.4736053e-07,0.0006921905,0.9992342
pamap2,gnn_lstm,sequence,1,101,101,102,3651,3660,3660,4,4,5,5,running,running,True,2.342199e-07,2.0486254e-08,7.4619574e-11,8.211564e-08,0.9992455,3.0513038e-07,2.5522162e-05,4.8608756e-05,1.5299181e-06,2.7472444e-10,2.5515905e-07,0.00067793333,0.9992455
pamap2,gnn_lstm,sequence,1,101,101,102,3652,3661,3661,4,4,5,5,running,running,True,2.509161e-07,2.105273e-08,7.8720155e-11,8.1115715e-08,0.99924076,3.035086e-07,2.6555812e-05,4.9904484e-05,1.5025762e-06,2.853091e-10,2.6846917e-07,0.00068041927,0.99924076
pamap2,gnn_lstm,sequence,1,101,101,102,3653,3662,3662,4,4,5,5,running,running,True,2.4618666e-07,2.0347315e-08,7.557367e-11,7.77991e-08,0.99925524,2.9369497e-07,2.6532833e-05,4.918757e-05,1.4693842e-06,2.7553526e-10,2.608426e-07,0.0006667221,0.99925524
pamap2,gnn_lstm,sequence,1,101,101,102,3654,3663,3663,4,4,5,5,running,running,True,2.32838e-07,1.99708e-08,7.3821234e-11,7.823217e-08,0.9992466,2.9600352e-07,2.6501295e-05,4.7463276e-05,1.5401071e-06,2.7330058e-10,2.5155728e-07,0.0006769721,0.9992466
pamap2,gnn_lstm,sequence,1,101,101,102,3655,3664,3664,4,4,5,5,running,running,True,2.2524065e-07,1.999624e-08,7.434057e-11,7.874708e-08,0.99922645,2.986075e-07,2.6409201e-05,4.5764107e-05,1.5956614e-06,2.756782e-10,2.492074e-07,0.0006989043,0.99922645
pamap2,gnn_lstm,sequence,1,101,101,102,3656,3665,3665,4,4,5,5,running,running,True,2.3562207e-07,2.0854749e-08,7.8953115e-11,8.226971e-08,0.99920887,3.0940316e-07,2.7018765e-05,4.7438632e-05,1.6400863e-06,2.9150693e-10,2.6147103e-07,0.00071412,0.99920887
pamap2,gnn_lstm,sequence,1,101,101,102,3657,3666,3666,4,4,5,5,running,running,True,2.6407244e-07,2.2830703e-08,8.7843344e-11,9.060565e-08,0.9992011,3.3320214e-07,2.8218023e-05,5.2646363e-05,1.6791575e-06,3.2311828e-10,2.8784805e-07,0.00071543525,0.9992011
pamap2,gnn_lstm,sequence,1,101,101,102,3658,3667,3667,4,4,5,5,running,running,True,2.6753452e-07,2.316567e-08,8.882056e-11,9.397974e-08,0.9992017,3.417305e-07,2.7858772e-05,5.4538483e-05,1.7019391e-06,3.2752961e-10,2.9112522e-07,0.0007131366,0.9992017
pamap2,gnn_lstm,sequence,1,101,101,102,3659,3668,3668,4,4,5,5,running,running,True,2.555198e-07,2.2626955e-08,8.622486e-11,9.3147364e-08,0.9991974,3.3943266e-07,2.7285942e-05,5.304314e-05,1.7312973e-06,3.1962444e-10,2.822311e-07,0.00071950094,0.9991974
pamap2,gnn_lstm,sequence,1,101,101,102,3660,3669,3669,4,4,5,5,running,running,True,2.5011585e-07,2.2780245e-08,8.845973e-11,9.412571e-08,0.99916685,3.4578883e-07,2.7533668e-05,5.1575873e-05,1.8259339e-06,3.27279e-10,2.8332758e-07,0.0007512484,0.99916685
pamap2,gnn_lstm,sequence,1,101,101,102,3661,3670,3670,4,4,5,5,running,running,True,2.6388471e-07,2.4433517e-08,9.849077e-11,1.01866135e-07,0.9991185,3.7233661e-07,2.8513487e-05,5.3536212e-05,1.9785753e-06,3.6082953e-10,3.0534483e-07,0.00079633197,0.9991185
pamap2,gnn_lstm,sequence,1,101,101,102,3662,3671,3671,4,4,5,5,running,running,True,2.8626997e-07,2.5590431e-08,1.06304174e-10,1.027409e-07,0.9991014,3.77052e-07,2.9502411e-05,5.5361725e-05,1.9526206e-06,3.816765e-10,3.2818286e-07,0.00081076723,0.9991014
pamap2,gnn_lstm,sequence,1,101,101,102,3663,3672,3672,4,4,5,5,running,running,True,2.8528834e-07,2.5487658e-08,1.0619316e-10,1.0160751e-07,0.99909794,3.7627836e-07,2.9489649e-05,5.483074e-05,1.9515676e-06,3.8111864e-10,3.2811135e-07,0.00081465987,0.99909794
pamap2,gnn_lstm,sequence,1,101,101,102,3664,3673,3673,4,4,5,5,running,running,True,2.6441762e-07,2.3458107e-08,9.777328e-11,8.9864784e-08,0.99910456,3.4312296e-07,2.8912458e-05,4.9866616e-05,1.8515578e-06,3.4811126e-10,3.0818532e-07,0.0008137677,0.99910456
pamap2,gnn_lstm,sequence,1,101,101,102,3665,3674,3674,4,4,5,5,running,running,True,2.79074e-07,2.3710635e-08,1.0633207e-10,8.580225e-08,0.99905866,3.358035e-07,3.1896645e-05,4.881469e-05,1.9132094e-06,3.7144063e-10,3.2746948e-07,0.00085764215,0.99905866
pamap2,gnn_lstm,sequence,1,101,101,102,3666,3675,3675,4,4,5,5,running,running,True,3.558964e-07,3.0906822e-08,1.5483806e-10,1.18527794e-07,0.9989066,4.2575113e-07,3.855089e-05,6.0497365e-05,2.4981891e-06,5.4355165e-10,4.4145602e-07,0.0009905617,0.9989066
pamap2,gnn_lstm,sequence,1,101,101,102,3667,3676,3676,4,4,5,5,running,running,True,4.317801e-07,5.0913723e-08,3.206189e-10,2.150448e-07,0.99831474,6.2479063e-07,5.744063e-05,7.825369e-05,4.6249506e-06,1.0346348e-09,8.0688767e-07,0.0015428918,0.99831474
pamap2,gnn_lstm,sequence,1,101,101,102,3668,3677,3677,4,4,5,5,running,running,True,8.350552e-07,1.9027729e-07,1.4776939e-09,1.1026115e-06,0.9965456,2.1154506e-06,0.000108183696,0.00021570982,1.7227228e-05,4.8833964e-09,3.1176114e-06,0.0031059177,0.9965456
pamap2,gnn_lstm,sequence,1,101,101,102,3669,3678,3678,4,4,5,5,running,running,True,4.0713066e-06,2.5539812e-06,3.8804206e-08,1.5024846e-05,0.9869877,2.0005493e-05,0.0003622622,0.0011980132,0.00016190462,1.0947217e-07,3.5659225e-05,0.011212609,0.9869877
pamap2,gnn_lstm,sequence,1,101,101,102,3670,3679,3679,4,4,5,5,running,running,True,4.3822216e-05,5.0266288e-05,1.7383023e-06,0.00023523111,0.95700103,0.0003650194,0.0011161746,0.007849701,0.0015097557,5.0114095e-06,0.00055715133,0.03126505,0.95700103
pamap2,gnn_lstm,sequence,1,101,101,102,3671,3680,3680,4,4,5,5,running,running,True,0.0004141392,0.0006088506,4.5651275e-05,0.0025257138,0.8894517,0.0063711833,0.0032366693,0.033904023,0.008648458,0.0001761183,0.0051318742,0.049485676,0.8894517
pamap2,gnn_lstm,sequence,1,101,101,102,3672,3681,3681,4,4,5,5,running,running,True,0.0025560716,0.0054449006,0.00094176613,0.022201631,0.68293023,0.04053557,0.014172244,0.076236814,0.04149244,0.0023616825,0.01718797,0.09393866,0.68293023
pamap2,gnn_lstm,sequence,1,101,101,102,3673,3682,3682,4,4,5,5,running,running,True,0.007669162,0.017625393,0.0052662496,0.0802113,0.40967664,0.09365123,0.04717181,0.1428461,0.09086555,0.011649546,0.021476189,0.07189081,0.40967664
pamap2,gnn_lstm,sequence,1,101,101,102,3674,3683,3683,11,5,24,6,rope_jumping,cycling,False,0.014778624,0.032702006,0.0140381865,0.0843519,0.16622517,0.2333335,0.076500274,0.15997921,0.12123012,0.044424366,0.022591837,0.029844826,0.2333335
pamap2,gnn_lstm,sequence,1,101,101,102,3675,3684,3684,11,5,24,6,rope_jumping,cycling,False,0.022287896,0.04537112,0.027066741,0.05789505,0.104963794,0.26383904,0.045985643,0.1402593,0.090010114,0.11025064,0.06860678,0.023463873,0.26383904
pamap2,gnn_lstm,sequence,1,101,101,102,3676,3685,3685,11,10,24,17,rope_jumping,ironing,False,0.016279014,0.062349323,0.08298581,0.014064522,0.035285294,0.06965509,0.012258281,0.063192666,0.03769406,0.16693328,0.42665985,0.012642773,0.42665985
pamap2,gnn_lstm,sequence,1,101,101,102,3677,3686,3686,11,10,24,17,rope_jumping,ironing,False,0.0022299504,0.028419657,0.05099204,0.00071784365,0.0033791012,0.0061228387,0.0007447164,0.0065508145,0.0053714216,0.044252686,0.84982765,0.0013912842,0.84982765
pamap2,gnn_lstm,sequence,1,101,101,102,3678,3687,3687,11,10,24,17,rope_jumping,ironing,False,0.0011435454,0.013340608,0.017625848,0.00051291287,0.002385677,0.005395473,0.0004009745,0.0045975484,0.003731366,0.032780886,0.9172829,0.0008022531,0.9172829
pamap2,gnn_lstm,sequence,1,101,101,102,3679,3688,3688,11,10,24,17,rope_jumping,ironing,False,0.0005673522,0.006497245,0.0067064953,0.0002989086,0.001653884,0.003922754,0.00021835839,0.0030506402,0.0022988524,0.021261005,0.9531034,0.00042108833,0.9531034
pamap2,gnn_lstm,sequence,1,101,101,102,3680,3689,3689,11,10,24,17,rope_jumping,ironing,False,0.0005371915,0.0064151045,0.0044747675,0.00034084107,0.001878702,0.0063447123,0.0002053536,0.003196112,0.0028338286,0.023613323,0.94966644,0.0004935535,0.94966644
pamap2,gnn_lstm,sequence,1,101,101,102,3681,3690,3690,11,10,24,17,rope_jumping,ironing,False,0.00043920966,0.0062421607,0.003166924,0.000295566,0.0018074627,0.008464253,0.00014377151,0.0026496626,0.002808794,0.023515934,0.949998,0.00046822432,0.949998
pamap2,gnn_lstm,sequence,1,101,101,102,3682,3691,3691,11,10,24,17,rope_jumping,ironing,False,0.0002559538,0.0032408477,0.0015794421,0.00019877056,0.0012345772,0.0061908113,6.852316e-05,0.001859393,0.0017742858,0.019172108,0.96417004,0.00025525663,0.96417004
pamap2,gnn_lstm,sequence,1,101,101,102,3683,3692,3692,11,10,24,17,rope_jumping,ironing,False,0.0005876499,0.002771735,0.00073439395,0.00084927026,0.003493468,0.025906721,0.000112946014,0.0062212353,0.0038650047,0.05411552,0.900796,0.0005460398,0.900796
pamap2,gnn_lstm,sequence,1,101,101,102,3684,3693,3693,11,10,24,17,rope_jumping,ironing,False,0.0018699125,0.004744958,0.000648775,0.0030896694,0.010796226,0.06275287,0.0002567038,0.021741124,0.007714728,0.12886953,0.7558265,0.0016890441,0.7558265
pamap2,gnn_lstm,sequence,1,101,101,102,3685,3694,3694,11,10,24,17,rope_jumping,ironing,False,0.0073449663,0.0065462827,0.00051458325,0.012875399,0.10561116,0.14783855,0.0029026484,0.16073415,0.031117113,0.14785287,0.36091727,0.015745087,0.36091727
pamap2,gnn_lstm,sequence,1,101,101,102,3686,3695,3695,11,7,24,12,rope_jumping,ascending_stairs,False,0.0065649166,0.0032235656,0.00033019195,0.017983824,0.16512594,0.10152009,0.00840393,0.41039068,0.05412835,0.11552028,0.09118178,0.025626471,0.41039068
pamap2,gnn_lstm,sequence,1,101,101,102,3687,3696,3696,11,7,24,12,rope_jumping,ascending_stairs,False,0.0028222222,0.0016945489,0.0003181251,0.021103462,0.0250924,0.037272703,0.009507741,0.4965167,0.047980532,0.3151267,0.036933504,0.0056314054,0.4965167
pamap2,gnn_lstm,sequence,1,101,101,102,3688,3697,3697,11,9,24,16,rope_jumping,vacuum_cleaning,False,0.0012881547,0.0005482813,0.00018619097,0.004731689,0.002250182,0.011438525,0.0047722966,0.3274105,0.013333653,0.6219843,0.011619753,0.0004363687,0.6219843
pamap2,gnn_lstm,sequence,1,101,101,102,3689,3698,3698,11,9,24,16,rope_jumping,vacuum_cleaning,False,0.0004684119,0.00019065148,0.00010060147,0.0013329028,0.00037703916,0.006083296,0.0019047775,0.20038137,0.006664699,0.77769494,0.0047354535,6.6032946e-05,0.77769494
pamap2,gnn_lstm,sequence,1,101,101,102,3690,3699,3699,11,9,24,16,rope_jumping,vacuum_cleaning,False,0.00073096214,0.0001946096,0.000126533,0.0006537685,0.0010490741,0.0075137606,0.008710128,0.29937166,0.015530919,0.6611801,0.0046194536,0.0003190129,0.6611801
pamap2,gnn_lstm,sequence,1,101,101,102,3691,3700,3700,11,7,24,12,rope_jumping,ascending_stairs,False,0.001486408,0.0004171906,0.00019290659,0.0007038363,0.01191868,0.013075558,0.08494767,0.51004606,0.093028724,0.26949176,0.0058869505,0.008804299,0.51004606
pamap2,gnn_lstm,sequence,1,101,101,102,3692,3701,3701,11,7,24,12,rope_jumping,ascending_stairs,False,0.00087507645,0.00024457497,9.115931e-05,0.00028732282,0.014144085,0.0053550894,0.28531745,0.478119,0.13220024,0.06670377,0.0018426405,0.014819651,0.478119
pamap2,gnn_lstm,sequence,1,101,101,102,3693,3702,3702,11,6,24,7,rope_jumping,nordic_walking,False,0.00011193782,7.0247654e-05,1.7322238e-05,0.00014963167,0.039828323,0.0011373941,0.3211826,0.2578366,0.29387802,0.0016636358,0.0004784833,0.08364582,0.3211826
pamap2,gnn_lstm,sequence,1,101,101,102,3694,3703,3703,11,11,24,24,rope_jumping,rope_jumping,True,1.6897957e-05,2.915818e-05,3.2314936e-06,8.648713e-05,0.11641212,0.00051441137,0.1007479,0.053562514,0.34828228,8.412629e-05,0.00026162388,0.37999928,0.37999928
pamap2,gnn_lstm,sequence,1,101,101,102,3695,3704,3704,11,11,24,24,rope_jumping,rope_jumping,True,4.9163496e-06,1.2354139e-05,1.0169058e-06,2.29036e-05,0.1454946,0.00016007973,0.022785343,0.007697032,0.09903503,9.516569e-06,0.00015967264,0.72461766,0.72461766
pamap2,gnn_lstm,sequence,1,101,101,102,3696,3705,3705,11,11,24,24,rope_jumping,rope_jumping,True,4.890664e-06,8.10536e-06,5.617999e-07,6.331163e-06,0.17627117,5.9015263e-05,0.01281835,0.0020548603,0.01900149,2.6522914e-06,0.00013345224,0.7896393,0.7896393
pamap2,gnn_lstm,sequence,1,101,101,102,3697,3706,3706,11,11,24,24,rope_jumping,rope_jumping,True,7.076095e-06,8.1228545e-06,3.0589737e-07,6.1343126e-06,0.4164456,5.3018608e-05,0.017717924,0.0020552871,0.010227433,1.5231508e-06,0.00010741046,0.5533702,0.5533702
pamap2,gnn_lstm,sequence,1,101,101,102,3698,3707,3707,11,4,24,5,rope_jumping,running,False,5.5069754e-06,4.495631e-06,1.337592e-07,2.9974015e-06,0.5632274,2.5428564e-05,0.006577282,0.00069863297,0.0025297275,5.0608315e-07,7.1915274e-05,0.426856,0.5632274
pamap2,gnn_lstm,sequence,1,101,101,102,3699,3708,3708,11,4,24,5,rope_jumping,running,False,3.5292642e-06,1.884629e-06,3.9728558e-08,1.5449241e-06,0.82208455,1.1951012e-05,0.0032096955,0.00043985408,0.0007523384,1.4042695e-07,3.1477837e-05,0.17346296,0.82208455
pamap2,gnn_lstm,sequence,1,101,101,102,3700,3709,3709,11,4,24,5,rope_jumping,running,False,5.4952566e-06,3.6644026e-06,1.0631022e-07,2.5194943e-06,0.6727696,1.942279e-05,0.007089239,0.00077265303,0.0018909252,3.7050538e-07,6.304686e-05,0.31738293,0.6727696
pamap2,gnn_lstm,sequence,1,101,101,102,3701,3710,3710,11,11,24,24,rope_jumping,rope_jumping,True,6.5918885e-06,7.8122575e-06,3.9344715e-07,4.4756302e-06,0.35046914,3.8056678e-05,0.011762825,0.0012481833,0.0062832525,1.2632345e-06,0.0001419009,0.630036,0.630036
pamap2,gnn_lstm,sequence,1,101,101,102,3702,3711,3711,11,11,24,24,rope_jumping,rope_jumping,True,4.7035205e-06,8.48339e-06,5.2907285e-07,5.6616805e-06,0.23176028,4.821616e-05,0.009036269,0.0012438291,0.009799684,1.6037817e-06,0.00016654203,0.74792415,0.74792415
pamap2,gnn_lstm,sequence,1,101,101,102,3703,3712,3712,11,11,24,24,rope_jumping,rope_jumping,True,7.1563886e-06,1.4772472e-05,1.1581911e-06,9.922404e-06,0.1853603,8.343348e-05,0.030224528,0.0038444109,0.030329365,4.530745e-06,0.00021563823,0.7499048,0.7499048
pamap2,gnn_lstm,sequence,1,101,101,102,3704,3713,3713,11,11,24,24,rope_jumping,rope_jumping,True,1.4238285e-05,3.1126016e-05,2.445499e-06,2.8314107e-05,0.15946451,0.0001693366,0.23726371,0.020152006,0.1391083,1.964801e-05,0.00020407984,0.4435423,0.4435423
pamap2,gnn_lstm,sequence,1,101,101,102,3705,3714,3714,11,11,24,24,rope_jumping,rope_jumping,True,2.9266555e-06,1.6880187e-05,1.6423784e-06,3.7070862e-05,0.08669139,0.00025425843,0.032637097,0.009553041,0.25690353,1.1876684e-05,0.00019983007,0.61369044,0.61369044
pamap2,gnn_lstm,sequence,1,101,101,102,3706,3715,3715,11,11,24,24,rope_jumping,rope_jumping,True,1.5352025e-06,8.380966e-06,8.6079285e-07,7.5963653e-06,0.049558546,8.9595764e-05,0.0040033134,0.0009073661,0.034952674,2.6275331e-06,0.00015839716,0.91030914,0.91030914
pamap2,gnn_lstm,sequence,1,101,101,102,3707,3716,3716,11,11,24,24,rope_jumping,rope_jumping,True,1.8144611e-06,6.0711404e-06,4.0135959e-07,5.5479163e-06,0.13536601,6.388497e-05,0.003298517,0.0006418007,0.014470942,1.0822766e-06,0.00012755438,0.8460164,0.8460164
pamap2,gnn_lstm,sequence,1,101,101,102,3708,3717,3717,11,11,24,24,rope_jumping,rope_jumping,True,8.349755e-07,6.4866827e-06,7.4430386e-07,5.3894782e-06,0.022733744,7.805872e-05,0.0014266478,0.0002871002,0.026284996,1.81925e-06,0.00011910651,0.949055,0.949055
pamap2,gnn_lstm,sequence,1,101,101,102,3709,3718,3718,11,11,24,24,rope_jumping,rope_jumping,True,6.6171316e-07,8.571053e-06,1.6810242e-06,7.807956e-06,0.0062791724,0.00013123656,0.0010980582,0.00028947188,0.06589116,4.741834e-06,0.0001474047,0.92614007,0.92614007
pamap2,gnn_lstm,sequence,1,101,101,102,3710,3719,3719,11,11,24,24,rope_jumping,rope_jumping,True,5.4405507e-07,7.0894475e-06,1.5632824e-06,4.5507322e-06,0.0040386734,8.626574e-05,0.00053568877,0.00010768892,0.031474452,3.1229752e-06,0.00013104471,0.9636093,0.9636093
pamap2,gnn_lstm,sequence,1,101,101,102,3711,3720,3720,11,11,24,24,rope_jumping,rope_jumping,True,3.6558876e-07,8.337084e-06,2.2716347e-06,6.6788903e-06,0.0017951519,0.00013549271,0.00029016827,8.3000254e-05,0.06226562,4.900086e-06,0.00016099996,0.93524706,0.93524706
pamap2,gnn_lstm,sequence,1,101,101,102,3712,3721,3721,11,11,24,24,rope_jumping,rope_jumping,True,4.471681e-07,8.130213e-06,2.114019e-06,6.350515e-06,0.0024624455,0.00012993574,0.0003936088,0.000114640774,0.05676178,4.772678e-06,0.00016175717,0.939954,0.939954
pamap2,gnn_lstm,sequence,1,101,101,102,3713,3722,3722,11,11,24,24,rope_jumping,rope_jumping,True,3.4242106e-07,5.411521e-06,1.2754119e-06,3.0473298e-06,0.002530083,6.2197876e-05,0.00019212012,3.936333e-05,0.018986223,1.9454833e-06,0.00010912705,0.9780687,0.9780687
pamap2,gnn_lstm,sequence,1,101,101,102,3714,3723,3723,11,11,24,24,rope_jumping,rope_jumping,True,3.1645035e-07,5.430017e-06,1.3960154e-06,3.0759284e-06,0.0020155932,6.6177396e-05,0.00015263268,3.3764343e-05,0.02020315,2.0671632e-06,0.00011373395,0.97740275,0.97740275
pamap2,gnn_lstm,sequence,1,101,101,102,3715,3724,3724,11,11,24,24,rope_jumping,rope_jumping,True,8.691383e-07,5.577616e-06,6.3790503e-07,3.774148e-06,0.02375437,4.8752056e-05,0.0009443919,0.00016312687,0.0122622,1.2346962e-06,0.00011403251,0.96270114,0.96270114
pamap2,gnn_lstm,sequence,1,101,101,102,3716,3725,3725,11,11,24,24,rope_jumping,rope_jumping,True,2.9247275e-07,3.7560246e-06,5.772869e-07,2.3095288e-06,0.0063146953,3.4478184e-05,0.00019037222,3.2817654e-05,0.008792805,7.863585e-07,7.727834e-05,0.9845499,0.9845499
pamap2,gnn_lstm,sequence,1,101,101,102,3717,3726,3726,11,11,24,24,rope_jumping,rope_jumping,True,1.7355151e-07,4.148903e-06,9.0960674e-07,2.4853719e-06,0.0018092608,4.8000387e-05,8.809195e-05,1.828298e-05,0.015897939,1.1690225e-06,8.2452534e-05,0.9820472,0.9820472
pamap2,gnn_lstm,sequence,1,101,101,102,3718,3727,3727,11,11,24,24,rope_jumping,rope_jumping,True,1.6842523e-07,3.6978538e-06,7.8933783e-07,2.2058753e-06,0.0020026036,4.247492e-05,8.3420884e-05,1.754035e-05,0.013430556,1.0003893e-06,7.762538e-05,0.984338,0.984338
pamap2,gnn_lstm,sequence,1,101,101,102,3719,3728,3728,11,11,24,24,rope_jumping,rope_jumping,True,2.0958318e-07,3.5529738e-06,7.968885e-07,1.7360952e-06,0.0022246733,3.6483627e-05,7.109215e-05,1.4035247e-05,0.008873216,9.056415e-07,7.854788e-05,0.9886947,0.9886947
pamap2,gnn_lstm,sequence,1,101,101,102,3720,3729,3729,11,11,24,24,rope_jumping,rope_jumping,True,1.9748516e-07,3.924809e-06,9.2001187e-07,1.8320505e-06,0.0017152935,4.0945684e-05,7.3634576e-05,1.3985005e-05,0.011246328,1.092912e-06,8.094097e-05,0.98682076,0.98682076
pamap2,gnn_lstm,sequence,1,101,101,102,3721,3730,3730,11,11,24,24,rope_jumping,rope_jumping,True,3.4799163e-07,4.2162465e-06,8.031652e-07,2.0834625e-06,0.004205691,3.6306803e-05,0.00020201973,3.1269632e-05,0.009438768,1.1304753e-06,8.44165e-05,0.9859929,0.9859929
pamap2,gnn_lstm,sequence,1,101,101,102,3722,3731,3731,11,11,24,24,rope_jumping,rope_jumping,True,5.089031e-07,5.8035675e-06,1.1862587e-06,3.2786625e-06,0.004503854,5.527185e-05,0.00037607425,6.1540835e-05,0.016232647,2.0156112e-06,0.000109519286,0.9786483,0.9786483
pamap2,gnn_lstm,sequence,1,101,101,102,3723,3732,3732,11,11,24,24,rope_jumping,rope_jumping,True,6.155392e-07,7.376999e-06,1.6166496e-06,4.565594e-06,0.0046173306,8.09385e-05,0.00058632303,0.000115351,0.028212624,3.1999925e-06,0.00013365787,0.96623635,0.96623635
pamap2,gnn_lstm,sequence,1,101,101,102,3724,3733,3733,11,11,24,24,rope_jumping,rope_jumping,True,1.0461491e-06,8.181447e-06,1.430605e-06,4.9576915e-06,0.010868754,7.922795e-05,0.0012719547,0.00023647056,0.026485745,3.1950826e-06,0.00014913072,0.96089,0.96089
pamap2,gnn_lstm,sequence,1,101,101,102,3725,3734,3734,11,11,24,24,rope_jumping,rope_jumping,True,2.2878037e-06,9.108769e-06,1.2541582e-06,5.334066e-06,0.034985196,7.3806754e-05,0.0029176872,0.00054740324,0.019789984,2.996583e-06,0.00018678015,0.94147825,0.94147825
pamap2,gnn_lstm,sequence,1,101,101,102,3726,3735,3735,11,11,24,24,rope_jumping,rope_jumping,True,4.0072887e-06,8.046056e-06,5.7039495e-07,6.0200664e-06,0.21806404,6.0371385e-05,0.0076958984,0.0014233586,0.01296834,1.6203512e-06,0.00017579675,0.75959206,0.75959206
pamap2,gnn_lstm,sequence,1,101,101,102,3727,3736,3736,11,11,24,24,rope_jumping,rope_jumping,True,4.603563e-06,6.369995e-06,3.323881e-07,5.5013634e-06,0.42779487,4.714812e-05,0.009104353,0.001835578,0.008435968,1.0042796e-06,0.0001402847,0.5526239,0.5526239
pamap2,gnn_lstm,sequence,1,101,101,102,3728,3737,3737,11,11,24,24,rope_jumping,rope_jumping,True,5.1979455e-06,6.8800805e-06,3.777241e-07,5.9945755e-06,0.4340425,5.2359992e-05,0.00921909,0.0020752214,0.00879184,1.1427761e-06,0.00015853731,0.5456409,0.5456409
pamap2,gnn_lstm,sequence,1,101,101,102,3729,3738,3738,11,11,24,24,rope_jumping,rope_jumping,True,4.9670157e-06,6.024764e-06,3.6331025e-07,4.5436855e-06,0.38779163,4.367926e-05,0.005157096,0.001211464,0.0054615927,8.9178786e-07,0.00015836705,0.60015935,0.60015935
pamap2,gnn_lstm,sequence,1,101,101,102,3730,3739,3739,11,11,24,24,rope_jumping,rope_jumping,True,4.2119086e-06,7.3988585e-06,7.890324e-07,4.850032e-06,0.12774707,6.436659e-05,0.0026055633,0.0008858644,0.008726234,1.7075458e-06,0.0002204662,0.8597315,0.8597315
pamap2,gnn_lstm,sequence,1,101,101,102,3731,3740,3740,11,11,24,24,rope_jumping,rope_jumping,True,3.3098775e-06,7.115693e-06,1.0072227e-06,4.14214e-06,0.06148164,6.475258e-05,0.0014299517,0.000518137,0.008458479,1.914604e-06,0.000220809,0.9278087,0.9278087
pamap2,gnn_lstm,sequence,1,101,101,102,3732,3741,3741,11,11,24,24,rope_jumping,rope_jumping,True,2.7934695e-06,5.345036e-06,6.1732e-07,3.3426536e-06,0.088712715,4.7449576e-05,0.0009618647,0.00029569425,0.0046116505,9.988389e-07,0.00016836186,0.90518916,0.90518916
pamap2,gnn_lstm,sequence,1,101,101,102,3733,3742,3742,11,11,24,24,rope_jumping,rope_jumping,True,1.9371294e-06,5.3445165e-06,8.5330674e-07,2.9662465e-06,0.032831777,5.050659e-05,0.00062599446,0.00020847018,0.006288267,1.3367829e-06,0.00016187468,0.9598207,0.9598207
pamap2,gnn_lstm,sequence,1,101,101,102,3734,3743,3743,11,11,24,24,rope_jumping,rope_jumping,True,1.7389543e-06,5.8778883e-06,1.0076857e-06,3.2309108e-06,0.024192292,5.8660695e-05,0.0006585032,0.00023158953,0.008691186,1.7361606e-06,0.00017512281,0.965979,0.965979
pamap2,gnn_lstm,sequence,1,101,101,102,3735,3744,3744,11,11,24,24,rope_jumping,rope_jumping,True,1.3015094e-06,5.103596e-06,8.334825e-07,2.9818539e-06,0.020825205,5.275265e-05,0.0004455921,0.00014522379,0.0074386173,1.3225173e-06,0.00014471902,0.9709363,0.9709363
pamap2,gnn_lstm,sequence,1,101,101,102,3736,3745,3745,11,11,24,24,rope_jumping,rope_jumping,True,5.9039445e-07,4.925214e-06,9.707371e-07,3.3953315e-06,0.0074810437,6.305567e-05,0.00026684647,8.722379e-05,0.013374128,1.5468017e-06,0.00011989326,0.9785963,0.9785963
pamap2,gnn_lstm,sequence,1,101,101,102,3737,3746,3746,11,11,24,24,rope_jumping,rope_jumping,True,1.8608974e-07,4.206304e-06,8.1064604e-07,3.8423477e-06,0.0026244826,6.966938e-05,0.00011151679,3.547819e-05,0.023962963,1.3267685e-06,8.909593e-05,0.97309643,0.97309643
pamap2,gnn_lstm,sequence,1,101,101,102,3738,3747,3747,11,11,24,24,rope_jumping,rope_jumping,True,1.6290898e-07,4.4100702e-06,1.0581442e-06,2.8398274e-06,0.0013165072,6.956822e-05,6.215701e-05,1.8976098e-05,0.02242163,1.4641716e-06,9.202554e-05,0.97600937,0.97600937
pamap2,gnn_lstm,sequence,1,101,101,102,3739,3748,3748,11,11,24,24,rope_jumping,rope_jumping,True,1.8250927e-07,4.884521e-06,1.2760908e-06,2.605604e-06,0.0010895587,7.441371e-05,5.264221e-05,1.6642924e-05,0.021404617,1.686068e-06,9.966708e-05,0.9772519,0.9772519
pamap2,gnn_lstm,sequence,1,101,101,102,3740,3749,3749,11,11,24,24,rope_jumping,rope_jumping,True,1.9631287e-07,4.5345714e-06,1.2188221e-06,2.101472e-06,0.0011548215,6.423133e-05,4.723249e-05,1.4151637e-05,0.015881522,1.4680547e-06,9.5928204e-05,0.98273253,0.98273253
pamap2,gnn_lstm,sequence,1,101,101,102,3741,3750,3750,11,11,24,24,rope_jumping,rope_jumping,True,2.2131621e-07,5.9721683e-06,1.6196915e-06,3.2180646e-06,0.0010684369,9.713576e-05,5.5035798e-05,1.9256087e-05,0.0255864,2.227452e-06,0.000118967604,0.9730415,0.9730415
pamap2,gnn_lstm,sequence,1,101,101,102,3742,3751,3751,11,11,24,24,rope_jumping,rope_jumping,True,2.2684819e-07,7.5620496e-06,2.095714e-06,5.255046e-06,0.0009864296,0.00013851706,7.077465e-05,2.8160695e-05,0.04594258,3.3842064e-06,0.00013995898,0.9526751,0.9526751
pamap2,gnn_lstm,sequence,1,101,101,102,3743,3752,3752,11,11,24,24,rope_jumping,rope_jumping,True,2.4547614e-07,9.485852e-06,2.618854e-06,8.571265e-06,0.0009635968,0.00020743294,8.1586164e-05,3.898981e-05,0.07605223,4.94759e-06,0.0001685765,0.9224616,0.9224616
pamap2,gnn_lstm,sequence,1,101,101,102,3744,3753,3753,11,11,24,24,rope_jumping,rope_jumping,True,2.5552868e-07,1.18443e-05,3.3706103e-06,1.5547303e-05,0.0008722995,0.00033708868,0.00011818299,7.33028e-05,0.1751045,8.965086e-06,0.00019948506,0.8232552,0.8232552
pamap2,gnn_lstm,sequence,1,101,101,102,3745,3754,3754,11,11,24,24,rope_jumping,rope_jumping,True,2.8553418e-07,1.0001471e-05,3.060218e-06,9.386503e-06,0.0009355051,0.00023056008,0.0001056699,5.4181462e-05,0.09630635,6.4833143e-06,0.00018561285,0.90215296,0.90215296
pamap2,gnn_lstm,sequence,1,101,101,102,3746,3755,3755,11,11,24,24,rope_jumping,rope_jumping,True,2.6651472e-07,9.647848e-06,2.804834e-06,8.583364e-06,0.0009755442,0.00020917054,8.83654e-05,4.3044052e-05,0.07726979,5.289999e-06,0.0001741232,0.9212133,0.9212133
pamap2,gnn_lstm,sequence,1,101,101,102,3747,3756,3756,11,11,24,24,rope_jumping,rope_jumping,True,2.0124527e-07,8.243116e-06,2.1501446e-06,8.41298e-06,0.0010106578,0.00018367726,8.036028e-05,3.830845e-05,0.07600609,4.149246e-06,0.00014777009,0.92250997,0.92250997
pamap2,gnn_lstm,sequence,1,101,101,102,3748,3757,3757,11,11,24,24,rope_jumping,rope_jumping,True,1.8243864e-07,8.836083e-06,2.1948695e-06,9.658245e-06,0.0009509937,0.00020466514,6.877379e-05,3.4138546e-05,0.08553531,4.22523e-06,0.00014518882,0.9130358,0.9130358
pamap2,gnn_lstm,sequence,1,101,101,102,3749,3758,3758,11,11,24,24,rope_jumping,rope_jumping,True,2.0597507e-07,9.850753e-06,2.5369714e-06,1.1222074e-05,0.00090972264,0.00023910293,7.8681776e-05,4.0436218e-05,0.10560713,5.281394e-06,0.00015804976,0.89293784,0.89293784
pamap2,gnn_lstm,sequence,1,101,101,102,3750,3759,3759,11,11,24,24,rope_jumping,rope_jumping,True,1.9985897e-07,1.1168314e-05,2.8039394e-06,1.7687506e-05,0.0007990541,0.00035260123,0.000110826746,6.736306e-05,0.21705557,8.363914e-06,0.00017001596,0.7814044,0.7814044
pamap2,gnn_lstm,sequence,1,101,101,102,3751,3760,3760,11,11,24,24,rope_jumping,rope_jumping,True,2.0857505e-07,7.592091e-06,1.9917227e-06,5.804245e-06,0.00091678416,0.00016009562,6.17037e-05,2.6862397e-05,0.054776706,3.4720995e-06,0.00013902306,0.94389963,0.94389963
pamap2,gnn_lstm,sequence,1,101,101,102,3752,3761,3761,11,11,24,24,rope_jumping,rope_jumping,True,2.0949665e-07,8.226328e-06,2.136393e-06,6.906168e-06,0.0009395946,0.00017949054,5.9678972e-05,2.8121392e-05,0.060276832,3.726558e-06,0.00014663191,0.93834853,0.93834853
pamap2,gnn_lstm,sequence,1,101,101,102,3753,3762,3762,11,11,24,24,rope_jumping,rope_jumping,True,2.3496972e-07,1.128064e-05,2.9747025e-06,1.554242e-05,0.0008938955,0.00035030278,8.972503e-05,6.156592e-05,0.16202188,7.803587e-06,0.00019065186,0.8363541,0.8363541
pamap2,gnn_lstm,sequence,1,101,101,102,3754,3763,3763,11,11,24,24,rope_jumping,rope_jumping,True,2.6349883e-07,1.237508e-05,3.3922981e-06,1.8636445e-05,0.0009074989,0.0004195886,0.000104963,8.053013e-05,0.20393123,9.852217e-06,0.00020902354,0.7943027,0.7943027
pamap2,gnn_lstm,sequence,1,101,101,102,3755,3764,3764,11,11,24,24,rope_jumping,rope_jumping,True,2.767974e-07,1.2987543e-05,3.708177e-06,2.0486732e-05,0.0008739618,0.00044662936,0.00013172752,0.00010010537,0.24781747,1.1855081e-05,0.00021460587,0.7503662,0.7503662
pamap2,gnn_lstm,sequence,1,101,101,102,3756,3765,3765,11,11,24,24,rope_jumping,rope_jumping,True,2.7985092e-07,1.0944195e-05,3.1729762e-06,1.2234867e-05,0.0009441678,0.00031070478,0.00011013556,6.911419e-05,0.13746399,8.01534e-06,0.00020021963,0.86086714,0.86086714
pamap2,gnn_lstm,sequence,1,101,101,102,3757,3766,3766,11,11,24,24,rope_jumping,rope_jumping,True,2.914934e-07,7.2785556e-06,2.1307521e-06,4.789531e-06,0.001144892,0.00014283246,7.739435e-05,3.3486976e-05,0.040309202,3.5131134e-06,0.00015218188,0.95812196,0.95812196
pamap2,gnn_lstm,sequence,1,101,101,102,3758,3767,3767,11,11,24,24,rope_jumping,rope_jumping,True,3.9619775e-07,5.5826e-06,1.7124553e-06,3.2082276e-06,0.0019788262,8.490911e-05,0.000100197954,3.5109148e-05,0.018819584,2.3436864e-06,0.00013771032,0.9788304,0.9788304
pamap2,gnn_lstm,sequence,1,101,101,102,3759,3768,3768,11,11,24,24,rope_jumping,rope_jumping,True,3.6203176e-07,6.1313963e-06,1.8752993e-06,3.5739602e-06,0.0016556792,9.7712786e-05,9.06207e-05,3.3739696e-05,0.022851795,2.6284408e-06,0.00014326474,0.9751126,0.9751126
pamap2,gnn_lstm,sequence,1,101,101,102,3760,3769,3769,11,11,24,24,rope_jumping,rope_jumping,True,2.2616176e-07,7.339576e-06,1.9863203e-06,6.0940315e-06,0.001103422,0.000156683,7.646672e-05,3.555056e-05,0.053052023,3.5101002e-06,0.00014722376,0.9454095,0.9454095
pamap2,gnn_lstm,sequence,1,101,101,102,3761,3770,3770,11,11,24,24,rope_jumping,rope_jumping,True,2.394004e-07,7.2021767e-06,2.0270859e-06,5.8115847e-06,0.0011003966,0.00015025226,8.466793e-05,3.7726924e-05,0.05335318,3.6374524e-06,0.00014433877,0.9451104,0.9451104
pamap2,gnn_lstm,sequence,1,101,101,102,3762,3771,3771,11,11,24,24,rope_jumping,rope_jumping,True,2.661435e-07,4.107265e-06,9.612032e-07,2.739566e-06,0.0025818036,6.388635e-05,0.000105443854,3.24954e-05,0.01690655,1.3763348e-06,9.3215895e-05,0.98020715,0.98020715
pamap2,gnn_lstm,sequence,1,101,101,102,3763,3772,3772,11,11,24,24,rope_jumping,rope_jumping,True,1.7596606e-07,3.9631072e-06,9.516175e-07,2.4910953e-06,0.0015574984,6.832948e-05,4.9649494e-05,1.696148e-05,0.01702841,1.2258098e-06,8.9969144e-05,0.9811803,0.9811803
pamap2,gnn_lstm,sequence,1,101,101,102,3764,3773,3773,11,11,24,24,rope_jumping,rope_jumping,True,2.0020948e-07,3.8683525e-06,1.0226514e-06,1.8182394e-06,0.0014557872,5.7166813e-05,3.6728135e-05,1.2006539e-05,0.011291549,1.0892528e-06,8.71684e-05,0.9870516,0.9870516
pamap2,gnn_lstm,sequence,1,101,101,102,3765,3774,3774,11,11,24,24,rope_jumping,rope_jumping,True,2.4105177e-07,3.8017438e-06,1.050637e-06,1.4607003e-06,0.0015325955,5.1544863e-05,2.8825369e-05,9.555752e-06,0.007950038,9.91329e-07,8.579451e-05,0.9903342,0.9903342
pamap2,gnn_lstm,sequence,1,101,101,102,3766,3775,3775,11,11,24,24,rope_jumping,rope_jumping,True,2.0978128e-07,4.8028874e-06,1.3368934e-06,2.153366e-06,0.0012137183,7.415982e-05,3.0164978e-05,1.1171937e-05,0.013361193,1.3534885e-06,9.918997e-05,0.98520064,0.98520064
pamap2,gnn_lstm,sequence,1,101,101,102,3767,3776,3776,11,11,24,24,rope_jumping,rope_jumping,True,2.4510607e-07,6.440578e-06,1.8275297e-06,3.429181e-06,0.0010945929,0.00011492378,4.121185e-05,1.7399147e-05,0.024330627,2.2643446e-06,0.00012538454,0.97426164,0.97426164
pamap2,gnn_lstm,sequence,1,101,101,102,3768,3777,3777,11,11,24,24,rope_jumping,rope_jumping,True,2.40294e-07,5.8880123e-06,1.6714313e-06,2.7943593e-06,0.0011154895,9.7413606e-05,3.9749673e-05,1.50526685e-05,0.019852448,1.9495833e-06,0.00011418517,0.9787531,0.9787531
pamap2,gnn_lstm,sequence,1,101,101,102,3769,3778,3778,11,11,24,24,rope_jumping,rope_jumping,True,1.5752725e-07,6.0574894e-06,1.4739336e-06,3.555639e-06,0.0008621137,0.000116468844,4.0102048e-05,1.560086e-05,0.03309561,2.117069e-06,0.00010896324,0.96574765,0.96574765
pamap2,gnn_lstm,sequence,1,101,101,102,3770,3779,3779,11,11,24,24,rope_jumping,rope_jumping,True,1.6895883e-07,6.4597148e-06,1.5860057e-06,4.4148373e-06,0.0009121508,0.00013222553,5.123868e-05,2.0597687e-05,0.04202767,2.5446357e-06,0.00011743067,0.9567235,0.9567235
pamap2,gnn_lstm,sequence,1,101,101,102,3771,3780,3780,11,11,24,24,rope_jumping,rope_jumping,True,1.5896632e-07,5.984929e-06,1.4583962e-06,3.2912512e-06,0.0008794198,0.00010317906,4.1099993e-05,1.4417731e-05,0.028989641,1.9903157e-06,0.000104857674,0.9698546,0.9698546
pamap2,gnn_lstm,sequence,1,101,101,102,3772,3781,3781,11,11,24,24,rope_jumping,rope_jumping,True,1.200848e-07,6.129456e-06,1.3414987e-06,4.583895e-06,0.0007913658,0.00013077987,3.990695e-05,1.6232932e-05,0.046140675,2.1792519e-06,0.00010522508,0.9527614,0.9527614
pamap2,gnn_lstm,sequence,1,101,101,102,3773,3782,3782,11,11,24,24,rope_jumping,rope_jumping,True,1.2521743e-07,6.5114896e-06,1.4452028e-06,4.9206783e-06,0.00079619157,0.00013580763,4.2026288e-05,1.711219e-05,0.04848262,2.3446437e-06,0.00010872415,0.9504022,0.9504022
pamap2,gnn_lstm,sequence,1,101,101,102,3774,3783,3783,11,11,24,24,rope_jumping,rope_jumping,True,1.06493026e-07,5.462456e-06,1.1647066e-06,2.9644107e-06,0.0007226855,9.1050584e-05,3.1797128e-05,1.0236247e-05,0.029071135,1.5775834e-06,8.793689e-05,0.9699738,0.9699738
pamap2,gnn_lstm,sequence,1,101,101,102,3775,3784,3784,11,11,24,24,rope_jumping,rope_jumping,True,7.441463e-08,4.9549944e-06,9.284684e-07,2.9463588e-06,0.0006347276,8.721189e-05,3.201573e-05,9.428429e-06,0.035305135,1.3925963e-06,7.560535e-05,0.96384555,0.96384555
pamap2,gnn_lstm,sequence,1,101,101,102,3776,3785,3785,11,11,24,24,rope_jumping,rope_jumping,True,7.4006074e-08,4.8622774e-06,8.7991623e-07,2.717922e-06,0.0006825662,7.679825e-05,3.6543777e-05,9.104545e-06,0.03137983,1.2811425e-06,7.171374e-05,0.9677336,0.9677336
pamap2,gnn_lstm,sequence,1,101,101,102,3777,3786,3786,11,11,24,24,rope_jumping,rope_jumping,True,8.949209e-08,4.9794135e-06,9.976088e-07,2.5412473e-06,0.0006820031,7.488288e-05,3.690259e-05,9.391948e-06,0.028151773,1.3938385e-06,7.6472184e-05,0.97095853,0.97095853
pamap2,gnn_lstm,sequence,1,101,101,102,3778,3787,3787,11,11,24,24,rope_jumping,rope_jumping,True,1.04801586e-07,6.009755e-06,1.2974444e-06,3.910734e-06,0.0006574602,0.00011031711,5.042186e-05,1.5502459e-05,0.05014431,2.2430104e-06,9.355628e-05,0.9489148,0.9489148
pamap2,gnn_lstm,sequence,1,101,101,102,3779,3788,3788,11,11,24,24,rope_jumping,rope_jumping,True,1.2965597e-07,6.147365e-06,1.4013037e-06,3.8435273e-06,0.000759107,0.00010841498,5.627076e-05,1.7390888e-05,0.043952264,2.3421833e-06,0.000101268146,0.9549914,0.9549914
pamap2,gnn_lstm,sequence,1,101,101,102,3780,3789,3789,11,11,24,24,rope_jumping,rope_jumping,True,1.588122e-07,7.3751557e-06,1.7858146e-06,5.023787e-06,0.00078502257,0.00013400044,6.620016e-05,2.237549e-05,0.054465584,3.1242528e-06,0.000119954435,0.94438934,0.94438934
pamap2,gnn_lstm,sequence,1,101,101,102,3781,3790,3790,11,11,24,24,rope_jumping,rope_jumping,True,1.9849863e-07,8.812971e-06,2.231875e-06,6.969838e-06,0.0008489796,0.00017738585,7.406054e-05,2.979752e-05,0.068583846,4.172444e-06,0.00014646865,0.930117,0.930117
pamap2,gnn_lstm,sequence,1,101,101,102,3782,3791,3791,11,11,24,24,rope_jumping,rope_jumping,True,2.0563412e-07,9.006566e-06,2.2705938e-06,8.7331855e-06,0.0009318534,0.00018894422,0.00011785056,4.4542026e-05,0.09611098,5.0681074e-06,0.00014624391,0.90243435,0.90243435
pamap2,gnn_lstm,sequence,1,101,101,102,3783,3792,3792,11,11,24,24,rope_jumping,rope_jumping,True,2.383738e-07,8.4080475e-06,2.3108266e-06,7.268701e-06,0.0010072261,0.00016621625,0.00011737233,4.458275e-05,0.07511303,4.7108997e-06,0.00014976086,0.9233789,0.9233789
pamap2,gnn_lstm,sequence,1,101,101,102,3784,3793,3793,11,11,24,24,rope_jumping,rope_jumping,True,2.761597e-07,8.319027e-06,2.3346388e-06,6.367127e-06,0.001151281,0.00015584088,9.3934024e-05,3.7263246e-05,0.05259135,4.0093673e-06,0.00015448719,0.9457945,0.9457945
pamap2,gnn_lstm,sequence,1,101,101,102,3785,3794,3794,11,11,24,24,rope_jumping,rope_jumping,True,2.7084712e-07,6.2011745e-06,1.720996e-06,3.998407e-06,0.0013638223,0.00011003004,7.374271e-05,2.7937042e-05,0.029590176,2.4986123e-06,0.00012933402,0.9686903,0.9686903
pamap2,gnn_lstm,sequence,1,101,101,102,3786,3795,3795,11,11,24,24,rope_jumping,rope_jumping,True,3.1817356e-07,4.8469456e-06,1.4685548e-06,2.3156817e-06,0.0017096406,7.031006e-05,5.1020994e-05,1.8128656e-05,0.012820673,1.5740096e-06,0.000111596644,0.98520815,0.98520815
pamap2,gnn_lstm,sequence,1,101,101,102,3787,3796,3796,11,11,24,24,rope_jumping,rope_jumping,True,3.0354258e-07,5.1340044e-06,1.5408858e-06,2.274627e-06,0.0015723228,7.1398434e-05,4.0647978e-05,1.4509967e-05,0.011947162,1.5274459e-06,0.00011033344,0.9862329,0.9862329
pamap2,gnn_lstm,sequence,1,101,101,102,3788,3797,3797,11,11,24,24,rope_jumping,rope_jumping,True,2.7174264e-07,5.2722035e-06,1.5704169e-06,2.3259934e-06,0.0013423472,7.531229e-05,4.1427822e-05,1.4444783e-05,0.014212379,1.6301013e-06,0.0001082385,0.98419476,0.98419476
pamap2,gnn_lstm,sequence,1,101,101,102,3789,3798,3798,11,11,24,24,rope_jumping,rope_jumping,True,2.6152554e-07,4.951388e-06,1.4622616e-06,2.119338e-06,0.0013239884,6.923617e-05,4.212872e-05,1.40581615e-05,0.013513378,1.5405916e-06,0.00010348105,0.98492336,0.98492336
pamap2,gnn_lstm,sequence,1,101,101,102,3790,3799,3799,11,11,24,24,rope_jumping,rope_jumping,True,2.769954e-07,4.4704966e-06,1.2925555e-06,1.764234e-06,0.0015481015,5.781912e-05,3.5522575e-05,1.1585901e-05,0.009397994,1.2405019e-06,9.71192e-05,0.98884284,0.98884284
pamap2,gnn_lstm,sequence,1,101,101,102,3791,3800,3800,11,11,24,24,rope_jumping,rope_jumping,True,2.3118396e-07,4.497269e-06,1.2556226e-06,1.8825234e-06,0.0013881106,5.8495603e-05,3.4839297e-05,1.1120705e-05,0.010763452,1.2269911e-06,9.378242e-05,0.9876413,0.9876413
pamap2,gnn_lstm,sequence,1,101,101,102,3792,3801,3801,11,11,24,24,rope_jumping,rope_jumping,True,2.4378397e-07,4.5742927e-06,1.323279e-06,1.8590883e-06,0.0013020936,6.0068025e-05,3.70649e-05,1.1791761e-05,0.011456561,1.338612e-06,9.5107745e-05,0.9870279,0.9870279
pamap2,gnn_lstm,sequence,1,101,101,102,3793,3802,3802,11,11,24,24,rope_jumping,rope_jumping,True,2.6569188e-07,4.226291e-06,1.2141794e-06,1.5600517e-06,0.0014381172,5.3751457e-05,3.31942e-05,1.0443366e-05,0.008788487,1.1783987e-06,9.200602e-05,0.9895755,0.9895755
pamap2,gnn_lstm,sequence,1,101,101,102,3794,3803,3803,11,11,24,24,rope_jumping,rope_jumping,True,2.9544046e-07,3.5686255e-06,1.0081401e-06,1.2954073e-06,0.0018888852,4.379343e-05,3.5644913e-05,1.0529724e-05,0.0064622792,9.764213e-07,8.749757e-05,0.9914642,0.9914642
pamap2,gnn_lstm,sequence,1,101,101,102,3795,3804,3804,11,11,24,24,rope_jumping,rope_jumping,True,3.8271597e-07,3.9815773e-06,1.192264e-06,1.4668904e-06,0.0020927764,4.6178408e-05,5.656634e-05,1.4881649e-05,0.007404882,1.2527023e-06,9.6885015e-05,0.9902796,0.9902796
pamap2,gnn_lstm,sequence,1,101,101,102,3796,3805,3805,11,11,24,24,rope_jumping,rope_jumping,True,3.0174903e-07,4.351068e-06,1.1944105e-06,1.6972193e-06,0.0017189395,4.592623e-05,7.0285656e-05,1.5368665e-05,0.009774726,1.388636e-06,9.5729156e-05,0.98827016,0.98827016
pamap2,gnn_lstm,sequence,1,101,101,102,3797,3806,3806,11,11,24,24,rope_jumping,rope_jumping,True,4.598811e-07,5.105533e-06,1.1120163e-06,2.9619966e-06,0.0039793397,4.9537146e-05,0.00015890195,3.5937694e-05,0.009619728,1.6212086e-06,0.0001269896,0.9860183,0.9860183
pamap2,gnn_lstm,sequence,1,101,101,102,3798,3807,3807,11,11,24,24,rope_jumping,rope_jumping,True,7.34921e-07,9.882868e-06,2.5767283e-06,7.780267e-06,0.0044019613,0.000107406035,0.00017387926,7.4044714e-05,0.016755184,4.0189684e-06,0.00028143186,0.97818106,0.97818106
pamap2,gnn_lstm,sequence,1,101,101,102,3799,3808,3808,11,11,24,24,rope_jumping,rope_jumping,True,1.1342213e-06,1.1908646e-05,3.6947492e-06,9.4752795e-06,0.004649884,0.00013123726,0.0002078265,0.000118880685,0.01985619,6.3734856e-06,0.0003629356,0.97464037,0.97464037
pamap2,gnn_lstm,sequence,1,101,101,102,3800,3809,3809,11,11,24,24,rope_jumping,rope_jumping,True,2.9411508e-06,1.2220763e-05,3.0263457e-06,9.546693e-06,0.0187409,0.00011393312,0.00053398486,0.00041595811,0.0133265555,5.931126e-06,0.00042791822,0.966407,0.966407
pamap2,gnn_lstm,sequence,1,101,101,102,3801,3810,3810,11,11,24,24,rope_jumping,rope_jumping,True,8.065719e-06,1.12467305e-05,1.3092684e-06,1.8796885e-05,0.19508174,0.00015353464,0.0015179142,0.002917219,0.011892479,4.1999515e-06,0.0004948876,0.78789866,0.78789866
pamap2,gnn_lstm,sequence,1,101,101,102,3802,3811,3811,11,11,24,24,rope_jumping,rope_jumping,True,2.2621211e-06,6.3051657e-06,1.0963947e-06,5.832682e-06,0.033638842,7.332129e-05,0.00040596587,0.00035889077,0.007947846,2.1496974e-06,0.00022546368,0.95733196,0.95733196
pamap2,gnn_lstm,sequence,1,101,101,102,3803,3812,3812,11,11,24,24,rope_jumping,rope_jumping,True,1.6810097e-06,6.902328e-06,1.8144322e-06,4.963919e-06,0.012183028,8.1783335e-05,0.00036114728,0.00024341018,0.012065914,3.312519e-06,0.00022097891,0.9748249,0.9748249
pamap2,gnn_lstm,sequence,1,101,101,102,3804,3813,3813,11,11,24,24,rope_jumping,rope_jumping,True,2.36337e-06,1.21839485e-05,4.3082646e-06,9.7730535e-06,0.008996,0.00018929658,0.0004507716,0.00040645344,0.028973658,8.726987e-06,0.00039836467,0.96054804,0.96054804
pamap2,gnn_lstm,sequence,1,101,101,102,3805,3814,3814,11,11,24,24,rope_jumping,rope_jumping,True,2.2424588e-06,1.677748e-05,6.716456e-06,1.48778645e-05,0.006589131,0.00027622384,0.00025744562,0.00026738265,0.032644942,1.1451212e-05,0.00056287873,0.95935,0.95935
pamap2,gnn_lstm,sequence,1,101,101,102,3806,3815,3815,11,11,24,24,rope_jumping,rope_jumping,True,3.4178277e-06,3.3489527e-05,1.554726e-05,4.2368618e-05,0.006998273,0.0007357533,0.00026523756,0.0005010494,0.07194511,2.8854804e-05,0.0010880434,0.9183428,0.9183428
pamap2,gnn_lstm,sequence,1,101,101,102,3807,3816,3816,11,11,24,24,rope_jumping,rope_jumping,True,4.4142093e-06,3.9050577e-05,2.2028635e-05,7.020823e-05,0.00803662,0.001129109,0.00045905026,0.0012709971,0.1547384,5.2795684e-05,0.0012858174,0.8328915,0.8328915
pamap2,gnn_lstm,sequence,1,101,101,102,3808,3817,3817,11,11,24,24,rope_jumping,rope_jumping,True,3.1437266e-06,2.9652168e-05,1.4000789e-05,9.773822e-05,0.009202693,0.0012534522,0.0009793193,0.0031598543,0.38612676,5.5892713e-05,0.0007295532,0.598348,0.598348
pamap2,gnn_lstm,sequence,1,101,101,102,3809,3818,3818,11,11,24,24,rope_jumping,rope_jumping,True,6.375555e-07,1.7599841e-05,6.384613e-06,7.5155374e-05,0.0023604773,0.00085208664,0.00025600646,0.00054152217,0.4222335,2.5122647e-05,0.00033204787,0.57329935,0.57329935
pamap2,gnn_lstm,sequence,1,101,101,102,3810,3819,3819,11,8,24,13,rope_jumping,descending_stairs,False,3.73756e-07,1.5181077e-05,5.5603277e-06,7.079365e-05,0.0012659304,0.0007784191,0.0001960225,0.00038268077,0.5538617,2.3685372e-05,0.00023174575,0.44316792,0.5538617
pamap2,gnn_lstm,sequence,1,101,101,102,3811,3820,3820,11,11,24,24,rope_jumping,rope_jumping,True,4.6011527e-07,1.4650638e-05,5.7248e-06,5.1905372e-05,0.0015766799,0.0006376891,0.00023092834,0.00037769377,0.4231768,2.115131e-05,0.00024774804,0.57365865,0.57365865
pamap2,gnn_lstm,sequence,1,101,101,102,3812,3821,3821,11,8,24,13,rope_jumping,descending_stairs,False,8.634731e-08,5.913706e-06,2.3200319e-06,6.929802e-05,0.00028646085,0.0004932953,0.00012724892,0.00035626086,0.91608,1.9534475e-05,5.7498302e-05,0.08250209,0.91608
pamap2,gnn_lstm,sequence,1,101,101,102,3813,3822,3822,11,8,24,13,rope_jumping,descending_stairs,False,1.3611532e-08,1.8553642e-06,6.034721e-07,4.5605888e-05,5.2031828e-05,0.000223591,5.9263297e-05,0.00016980167,0.98490036,1.0089254e-05,1.2058432e-05,0.014524704,0.98490036
pamap2,gnn_lstm,sequence,1,101,101,102,3814,3823,3823,11,11,24,24,rope_jumping,rope_jumping,True,1.9178647e-07,1.2192457e-05,3.5025946e-06,3.7342736e-05,0.0007117939,0.0005394985,0.00014564245,0.0001562289,0.48870474,1.5251564e-05,0.00016932968,0.5095043,0.5095043
pamap2,gnn_lstm,sequence,1,101,101,102,3815,3824,3824,11,11,24,24,rope_jumping,rope_jumping,True,2.2223027e-07,1.16154015e-05,3.2218838e-06,2.0806221e-05,0.0008320576,0.00039757835,0.00013981812,0.00010233195,0.27140307,1.0897309e-05,0.00018663716,0.72689176,0.72689176
pamap2,gnn_lstm,sequence,1,101,101,102,3816,3825,3825,11,11,24,24,rope_jumping,rope_jumping,True,2.216067e-07,1.2259768e-05,3.3770577e-06,2.5514024e-05,0.0007985576,0.00045785724,0.00018798864,0.00014198209,0.37293035,1.3833964e-05,0.00019092976,0.62523717,0.62523717
pamap2,gnn_lstm,sequence,1,101,101,102,3817,3826,3826,11,11,24,24,rope_jumping,rope_jumping,True,2.4976674e-07,1.2262715e-05,3.4464442e-06,1.8802695e-05,0.0008628198,0.00038389902,0.00015909312,0.000102719125,0.24477549,1.1175055e-05,0.00020313516,0.7534669,0.7534669
pamap2,gnn_lstm,sequence,1,101,101,102,3818,3827,3827,11,11,24,24,rope_jumping,rope_jumping,True,2.6631244e-07,1.0946936e-05,3.1249265e-06,1.2704311e-05,0.0009377012,0.00029502096,0.00012846156,7.2958595e-05,0.14628354,8.142749e-06,0.0001975752,0.85204965,0.85204965
pamap2,gnn_lstm,sequence,1,101,101,102,3819,3828,3828,11,11,24,24,rope_jumping,rope_jumping,True,3.0672302e-07,8.573673e-06,2.611451e-06,7.0682468e-06,0.0011522422,0.00017282939,0.00012810367,5.58764e-05,0.0680558,5.235671e-06,0.00017585384,0.9302354,0.9302354
pamap2,gnn_lstm,sequence,1,101,101,102,3820,3829,3829,11,11,24,24,rope_jumping,rope_jumping,True,3.0267634e-07,9.30641e-06,2.8310712e-06,8.650645e-06,0.001138459,0.00020251905,0.00015160168,7.085114e-05,0.09096951,6.3049038e-06,0.00018908958,0.90725064,0.90725064
pamap2,gnn_lstm,sequence,1,101,101,102,3821,3830,3830,11,11,24,24,rope_jumping,rope_jumping,True,3.0648928e-07,8.221294e-06,2.4047206e-06,6.541554e-06,0.0012397463,0.00016676677,0.00011800705,5.1971478e-05,0.05900851,4.6750865e-06,0.00017499005,0.9392179,0.9392179
pamap2,gnn_lstm,sequence,1,101,101,102,3822,3831,3831,11,11,24,24,rope_jumping,rope_jumping,True,5.089004e-07,7.854094e-06,2.022025e-06,7.1417403e-06,0.0031408411,0.00015727872,0.00029301454,0.00013364859,0.052826352,4.5291317e-06,0.00018304845,0.9432436,0.9432436
pamap2,gnn_lstm,sequence,1,101,101,102,3823,3832,3832,11,11,24,24,rope_jumping,rope_jumping,True,3.3978148e-07,5.9899885e-06,1.4122744e-06,5.733463e-06,0.0027960343,0.00012020801,0.00016160737,7.4109084e-05,0.037697148,2.737645e-06,0.00014112983,0.95899355,0.95899355
pamap2,gnn_lstm,sequence,1,101,101,102,3824,3833,3833,11,11,24,24,rope_jumping,rope_jumping,True,2.1940484e-07,5.4415586e-06,1.3804179e-06,4.1214257e-06,0.0014964767,0.000101736914,5.8869067e-05,2.4756328e-05,0.02684559,1.9540855e-06,0.00011860757,0.97134084,0.97134084
pamap2,gnn_lstm,sequence,1,101,101,102,3825,3834,3834,11,11,24,24,rope_jumping,rope_jumping,True,2.3518594e-07,5.5930273e-06,1.5431971e-06,3.306265e-06,0.001283467,9.362588e-05,4.5610424e-05,1.8308598e-05,0.021335348,1.9008729e-06,0.0001166526,0.9770945,0.9770945
pamap2,gnn_lstm,sequence,1,101,101,102,3826,3835,3835,11,11,24,24,rope_jumping,rope_jumping,True,2.2656123e-07,4.141784e-06,1.1467257e-06,1.8498805e-06,0.0014472799,5.753097e-05,3.2914675e-05,1.1251172e-05,0.0103694415,1.1425797e-06,9.248358e-05,0.98798054,0.98798054
pamap2,gnn_lstm,sequence,1,101,101,102,3827,3836,3836,11,11,24,24,rope_jumping,rope_jumping,True,2.3992308e-07,4.5606866e-06,1.2895822e-06,2.1255494e-06,0.001376618,6.698398e-05,3.7255577e-05,1.3127684e-05,0.01257677,1.371476e-06,0.00010113363,0.98581856,0.98581856
pamap2,gnn_lstm,sequence,1,101,101,102,3828,3837,3837,11,11,24,24,rope_jumping,rope_jumping,True,2.63389e-07,5.258224e-06,1.5305749e-06,2.593779e-06,0.0012660966,8.1690465e-05,4.7684225e-05,1.7237058e-05,0.017301321,1.850781e-06,0.00011529744,0.9811593,0.9811593
pamap2,gnn_lstm,sequence,1,101,101,102,3829,3838,3838,11,11,24,24,rope_jumping,rope_jumping,True,2.857654e-07,4.905374e-06,1.4429629e-06,2.158938e-06,0.0014043911,6.9376554e-05,4.6559275e-05,1.5452066e-05,0.013104904,1.6185343e-06,0.00010995495,0.9852389,0.9852389
pamap2,gnn_lstm,sequence,1,101,101,102,3830,3839,3839,11,11,24,24,rope_jumping,rope_jumping,True,3.0182332e-07,6.9954217e-06,2.0041894e-06,4.3653836e-06,0.0012391094,0.00012908886,6.790993e-05,2.8214361e-05,0.03159519,3.0194035e-06,0.00014813397,0.96677566,0.96677566
pamap2,gnn_lstm,sequence,1,101,101,102,3831,3840,3840,11,11,24,24,rope_jumping,rope_jumping,True,3.188715e-07,8.675496e-06,2.6676641e-06,6.602292e-06,0.0011172913,0.00017921314,0.00010064217,4.68272e-05,0.05970235,4.956631e-06,0.0001775037,0.93865305,0.93865305
pamap2,gnn_lstm,sequence,1,101,101,102,3832,3841,3841,11,11,24,24,rope_jumping,rope_jumping,True,3.2937876e-07,6.801686e-06,2.070012e-06,3.73874e-06,0.001255872,0.00010935497,8.2154984e-05,2.9710443e-05,0.027940914,3.0142087e-06,0.00014404576,0.97042197,0.97042197
pamap2,gnn_lstm,sequence,1,101,101,102,3833,3842,3842,11,11,24,24,rope_jumping,rope_jumping,True,4.0821774e-07,7.703149e-06,2.443772e-06,4.900737e-06,0.0015515264,0.00012967567,0.00012413725,4.9853832e-05,0.035691436,3.9660285e-06,0.00017384226,0.96226007,0.96226007
pamap2,gnn_lstm,sequence,1,101,101,102,3834,3843,3843,11,11,24,24,rope_jumping,rope_jumping,True,1.0496135e-06,8.22175e-06,2.172804e-06,6.131232e-06,0.006702898,0.00014682073,0.0004886282,0.00027796603,0.036162894,4.7762514e-06,0.00022164383,0.95597684,0.95597684
pamap2,gnn_lstm,sequence,1,101,101,102,3835,3844,3844,11,11,24,24,rope_jumping,rope_jumping,True,9.372319e-07,6.832016e-06,1.8760992e-06,4.0746954e-06,0.0059265676,9.993952e-05,0.00031961006,0.00014219598,0.01979224,3.140536e-06,0.0001842989,0.9735184,0.9735184
pamap2,gnn_lstm,sequence,1,101,101,102,3836,3845,3845,11,11,24,24,rope_jumping,rope_jumping,True,9.3859063e-07,7.4593327e-06,2.3900145e-06,4.2391157e-06,0.004151203,0.00010913677,0.00029123185,0.00012481985,0.022907235,3.944634e-06,0.0002027495,0.97219455,0.97219455
pamap2,gnn_lstm,sequence,1,101,101,102,3837,3846,3846,11,11,24,24,rope_jumping,rope_jumping,True,1.1705682e-06,7.039396e-06,2.1179626e-06,3.693982e-06,0.0058758925,9.014424e-05,0.00036412693,0.00015028375,0.017283786,3.478933e-06,0.00019821097,0.97602004,0.97602004
pamap2,gnn_lstm,sequence,1,101,101,102,3838,3847,3847,11,11,24,24,rope_jumping,rope_jumping,True,1.1391671e-06,6.327062e-06,1.8155883e-06,3.0178549e-06,0.005982929,7.240338e-05,0.00028928256,0.00010099519,0.011849137,2.720161e-06,0.00017499634,0.9815152,0.9815152
pamap2,gnn_lstm,sequence,1,101,101,102,3839,3848,3848,11,11,24,24,rope_jumping,rope_jumping,True,1.2316974e-06,6.9835733e-06,2.0742607e-06,3.2992784e-06,0.005792571,7.952376e-05,0.00036330713,0.0001225775,0.014361404,3.2924356e-06,0.0001873608,0.9790765,0.9790765
pamap2,gnn_lstm,sequence,1,101,101,102,3840,3849,3849,11,11,24,24,rope_jumping,rope_jumping,True,5.2478317e-06,7.843331e-06,1.1160893e-06,4.364681e-06,0.088426486,6.4705084e-05,0.0024959978,0.0007989616,0.008476545,2.255001e-06,0.00023496315,0.8994814,0.8994814
pamap2,gnn_lstm,sequence,1,101,101,102,3841,3850,3850,11,11,24,24,rope_jumping,rope_jumping,True,4.9548244e-06,7.2708435e-06,1.0288829e-06,3.9305187e-06,0.08793769,5.6883102e-05,0.0019809897,0.0005528719,0.0063924845,1.8372039e-06,0.00021923771,0.9028408,0.9028408
pamap2,gnn_lstm,sequence,1,101,101,102,3842,3851,3851,11,11,24,24,rope_jumping,rope_jumping,True,3.1231195e-06,6.5884688e-06,8.6429657e-07,3.6347801e-06,0.06449102,5.055596e-05,0.0017767394,0.0003844191,0.007299541,1.5620209e-06,0.00017695544,0.925805,0.925805
pamap2,gnn_lstm,sequence,1,101,101,102,3843,3852,3852,11,11,24,24,rope_jumping,rope_jumping,True,3.0674453e-06,5.9384756e-06,3.5061356e-07,4.6686055e-06,0.25639382,4.6103854e-05,0.004420931,0.00069890247,0.0073978617,8.4465756e-07,0.00013130948,0.73089623,0.73089623
pamap2,gnn_lstm,sequence,1,101,101,102,3844,3853,3853,11,11,24,24,rope_jumping,rope_jumping,True,2.906132e-06,7.778511e-06,5.950041e-07,5.7120915e-06,0.1446463,5.9719398e-05,0.0057896357,0.00091784995,0.01430034,1.5209736e-06,0.00016212312,0.83410555,0.83410555
pamap2,gnn_lstm,sequence,1,101,101,102,3845,3854,3854,11,11,24,24,rope_jumping,rope_jumping,True,2.7481578e-06,8.381052e-06,7.8770506e-07,5.6568115e-06,0.091494694,6.618469e-05,0.0051721893,0.00087381306,0.017575433,2.013385e-06,0.00017698672,0.8846211,0.8846211
pamap2,gnn_lstm,sequence,1,101,101,102,3846,3855,3855,11,11,24,24,rope_jumping,rope_jumping,True,2.3562918e-06,5.982585e-06,4.4559584e-07,4.0481473e-06,0.13148116,4.713627e-05,0.0025069385,0.00040930015,0.0075124074,9.405516e-07,0.00013809402,0.85789114,0.85789114
pamap2,gnn_lstm,sequence,1,101,101,102,3847,3856,3856,11,11,24,24,rope_jumping,rope_jumping,True,1.1504088e-06,5.708752e-06,5.778185e-07,4.150778e-06,0.040371373,5.607688e-05,0.001176221,0.00022004877,0.011860857,1.1444582e-06,0.00011828611,0.94618434,0.94618434
pamap2,gnn_lstm,sequence,1,101,101,102,3848,3857,3857,11,11,24,24,rope_jumping,rope_jumping,True,3.4397044e-07,5.1558063e-06,1.0409807e-06,3.8638855e-06,0.0039085913,6.968249e-05,0.00023124875,5.7209978e-05,0.021310193,1.6897992e-06,0.0001015805,0.9743094,0.9743094
pamap2,gnn_lstm,sequence,1,101,101,102,3849,3858,3858,11,11,24,24,rope_jumping,rope_jumping,True,2.1992012e-07,6.108523e-06,1.5149734e-06,4.6041964e-06,0.0014306396,0.0001055522,8.043762e-05,2.8191811e-05,0.032933693,2.3128184e-06,0.00012216893,0.9652846,0.9652846
pamap2,gnn_lstm,sequence,1,101,101,102,3850,3859,3859,11,11,24,24,rope_jumping,rope_jumping,True,2.5845958e-07,7.995594e-06,2.2250956e-06,6.3858156e-06,0.0011441207,0.00015294201,8.2904975e-05,3.4312707e-05,0.050916452,3.7387642e-06,0.00015029154,0.9474983,0.9474983
pamap2,gnn_lstm,sequence,1,101,101,102,3851,3860,3860,11,11,24,24,rope_jumping,rope_jumping,True,2.5287446e-07,7.7742725e-06,2.180408e-06,5.6819895e-06,0.0010646982,0.00014715159,8.018657e-05,3.187105e-05,0.048923053,3.6558656e-06,0.00014592514,0.9495875,0.9495875
pamap2,gnn_lstm,sequence,1,101,101,102,3852,3861,3861,11,11,24,24,rope_jumping,rope_jumping,True,2.528773e-07,8.625587e-06,2.3756427e-06,7.4039913e-06,0.0010340104,0.00018439259,9.1734386e-05,3.9636252e-05,0.068558164,4.504297e-06,0.00015798336,0.9299108,0.9299108
pamap2,gnn_lstm,sequence,1,101,101,102,3853,3862,3862,11,11,24,24,rope_jumping,rope_jumping,True,2.6691657e-07,1.017795e-05,2.8089719e-06,1.1713319e-05,0.0010550319,0.00026571666,0.00011154378,6.211544e-05,0.11503441,6.619009e-06,0.0001867362,0.8832529,0.8832529
pamap2,gnn_lstm,sequence,1,101,101,102,3854,3863,3863,11,11,24,24,rope_jumping,rope_jumping,True,2.763999e-07,1.0297212e-05,2.898549e-06,1.0689052e-05,0.0010107885,0.00025272844,9.723387e-05,5.2131036e-05,0.09859335,6.22052e-06,0.00018732937,0.899776,0.899776
pamap2,gnn_lstm,sequence,1,101,101,102,3855,3864,3864,11,11,24,24,rope_jumping,rope_jumping,True,3.025722e-07,1.3339452e-05,3.856214e-06,2.0111396e-05,0.0009707769,0.00041138142,0.00013852626,9.657347e-05,0.21087758,1.1147411e-05,0.00022629034,0.78723013,0.78723013
pamap2,gnn_lstm,sequence,1,101,101,102,3856,3865,3865,11,11,24,24,rope_jumping,rope_jumping,True,2.7447132e-07,1.540075e-05,4.5342986e-06,3.6933066e-05,0.000821436,0.00059886626,0.00017071277,0.00016132499,0.41908914,1.7591865e-05,0.00023192925,0.5788519,0.5788519
pamap2,gnn_lstm,sequence,1,101,101,102,3857,3866,3866,11,11,24,24,rope_jumping,rope_jumping,True,3.3331114e-07,1.30743165e-05,3.9005704e-06,1.720607e-05,0.0010669869,0.00035167663,0.00012178895,7.788251e-05,0.1504663,9.273688e-06,0.00022376014,0.84764785,0.84764785
pamap2,gnn_lstm,sequence,1,101,101,102,3858,3867,3867,11,11,24,24,rope_jumping,rope_jumping,True,2.8273013e-07,9.599852e-06,2.8161837e-06,9.289716e-06,0.0010288694,0.00021859439,9.1405345e-05,4.6605925e-05,0.081559926,5.474042e-06,0.00017813747,0.9168491,0.9168491
pamap2,gnn_lstm,sequence,1,101,101,102,3859,3868,3868,11,11,24,24,rope_jumping,rope_jumping,True,2.4283975e-07,6.6381167e-06,1.7980243e-06,5.5129785e-06,0.001209823,0.00014044621,8.322822e-05,3.651142e-05,0.047734037,3.2488472e-06,0.0001418369,0.9506367,0.9506367
pamap2,gnn_lstm,sequence,1,101,101,102,3860,3869,3869,11,11,24,24,rope_jumping,rope_jumping,True,2.473447e-07,5.127319e-06,1.4570721e-06,2.4916858e-06,0.0013337155,7.4439704e-05,4.4943878e-05,1.535841e-05,0.015409047,1.6262939e-06,0.00010902948,0.9830025,0.9830025
pamap2,gnn_lstm,sequence,1,101,101,102,3861,3870,3870,11,11,24,24,rope_jumping,rope_jumping,True,2.5645352e-07,5.255768e-06,1.5383924e-06,2.3924179e-06,0.0012473458,7.428241e-05,4.5823377e-05,1.5158056e-05,0.015619685,1.7180006e-06,0.00010859367,0.98287797,0.98287797
pamap2,gnn_lstm,sequence,1,101,101,102,3862,3871,3871,11,11,24,24,rope_jumping,rope_jumping,True,2.7670455e-07,5.114646e-06,1.5096301e-06,2.2943586e-06,0.0013432328,7.1041555e-05,5.1554216e-05,1.6381575e-05,0.014757649,1.7258677e-06,0.0001099818,0.98363924,0.98363924
pamap2,gnn_lstm,sequence,1,101,101,102,3863,3872,3872,11,11,24,24,rope_jumping,rope_jumping,True,3.1206798e-07,5.0492768e-06,1.5025835e-06,2.2147863e-06,0.0015552429,6.679263e-05,5.118556e-05,1.634852e-05,0.012250287,1.6375506e-06,0.00011304387,0.9859364,0.9859364
pamap2,gnn_lstm,sequence,1,101,101,102,3864,3873,3873,11,11,24,24,rope_jumping,rope_jumping,True,3.4309727e-07,5.4946586e-06,1.6888742e-06,2.561668e-06,0.0015752147,7.454431e-05,6.6540335e-05,2.1359443e-05,0.014993945,1.985018e-06,0.00012384345,0.9831324,0.9831324
pamap2,gnn_lstm,sequence,1,101,101,102,3865,3874,3874,11,11,24,24,rope_jumping,rope_jumping,True,4.3934006e-07,6.17249e-06,1.9747342e-06,3.071023e-06,0.0017886951,8.3402876e-05,0.000100597696,3.140316e-05,0.017688572,2.575974e-06,0.00014267236,0.98015034,0.98015034
pamap2,gnn_lstm,sequence,1,101,101,102,3866,3875,3875,11,11,24,24,rope_jumping,rope_jumping,True,7.241617e-07,7.788219e-06,2.4250169e-06,4.6332666e-06,0.0030997086,0.000101997524,0.00022869915,7.828853e-05,0.022024712,3.911408e-06,0.00019735491,0.9742498,0.9742498
pamap2,gnn_lstm,sequence,1,101,101,102,3867,3876,3876,11,11,24,24,rope_jumping,rope_jumping,True,1.5504935e-06,1.7838202e-05,6.164752e-06,1.5019408e-05,0.005827469,0.0002826718,0.00042374633,0.0002724561,0.04624258,1.0710165e-05,0.0005056232,0.9463942,0.9463942
pamap2,gnn_lstm,sequence,1,101,101,102,3868,3877,3877,11,11,24,24,rope_jumping,rope_jumping,True,5.33685e-06,6.1994775e-05,2.5125095e-05,7.344992e-05,0.015145119,0.0010137593,0.0009486122,0.0011549159,0.0969033,4.123855e-05,0.0015991912,0.88302803,0.88302803
pamap2,gnn_lstm,sequence,1,101,101,102,3869,3878,3878,11,11,24,24,rope_jumping,rope_jumping,True,1.8135144e-05,0.00025457182,0.00011207725,0.0005020811,0.03285302,0.005401202,0.001795786,0.004445936,0.2422501,0.00021875462,0.004932576,0.70721585,0.70721585
pamap2,gnn_lstm,sequence,1,101,101,102,3870,3879,3879,11,11,24,24,rope_jumping,rope_jumping,True,0.00015603761,0.0010936458,0.00025190698,0.0036845221,0.31085,0.017180156,0.0050039864,0.02500685,0.1530902,0.00056977017,0.01281097,0.47030193,0.47030193
pamap2,gnn_lstm,sequence,1,101,101,102,3871,3880,3880,11,11,24,24,rope_jumping,rope_jumping,True,0.0005610284,0.003731918,0.0008731644,0.01845669,0.321521,0.028626133,0.008664339,0.03145197,0.17511655,0.0012407737,0.013431953,0.39632446,0.39632446
pamap2,gnn_lstm,sequence,1,101,101,102,3872,3881,3881,11,4,24,5,rope_jumping,running,False,0.0017032545,0.011651888,0.0030097333,0.07940356,0.3000059,0.05037025,0.018928291,0.047665946,0.22092181,0.0034568359,0.016257327,0.24662523,0.3000059
pamap2,gnn_lstm,sequence,1,101,101,102,3873,3882,3882,11,4,24,5,rope_jumping,running,False,0.005296848,0.02289559,0.0052878587,0.1264112,0.39080504,0.07394085,0.04885544,0.11007329,0.115650706,0.0075741108,0.0155575555,0.07765162,0.39080504
