dataset,model,eval_unit,fold,fold_subject,test_subject,validation_subject,row_in_fold,source_window_index,original_window_index,y_true_id,y_pred_id,y_true_raw,y_pred_raw,y_true_label,y_pred_label,correct,proba_0,proba_1,proba_2,proba_3,proba_4,proba_5,proba_6,proba_7,proba_8,proba_9,proba_10,proba_11,confidence
pamap2,gnn_attention_adj,window,1,101,101,102,0,0,0,0,1,1,2,lying,sitting,False,0.040232692,0.7295725,0.13900732,0.0014798652,0.012464305,0.0015575339,0.009851801,0.0043211905,0.014776476,0.005274333,0.037852913,0.003609168,0.7295725
pamap2,gnn_attention_adj,window,1,101,101,102,1,1,1,0,1,1,2,lying,sitting,False,0.022976933,0.59376127,0.16751902,0.0020057978,0.012481259,0.0037573827,0.009895025,0.006181967,0.019398607,0.013882104,0.14376165,0.0043789786,0.59376127
pamap2,gnn_attention_adj,window,1,101,101,102,2,2,2,0,1,1,2,lying,sitting,False,0.016821692,0.3857939,0.18082812,0.00300167,0.014629328,0.009608766,0.017629053,0.010350682,0.0333525,0.025629932,0.29520893,0.0071453745,0.3857939
pamap2,gnn_attention_adj,window,1,101,101,102,3,3,3,0,10,1,17,lying,ironing,False,0.0097509045,0.19110897,0.17812617,0.002613638,0.010571055,0.015621731,0.011117043,0.011507763,0.035841644,0.035722595,0.490996,0.0070224865,0.490996
pamap2,gnn_attention_adj,window,1,101,101,102,4,4,4,0,10,1,17,lying,ironing,False,0.0060723065,0.13013457,0.1709829,0.0027152647,0.009206985,0.01642255,0.00922829,0.012230892,0.035038423,0.039281677,0.56156415,0.0071219048,0.56156415
pamap2,gnn_attention_adj,window,1,101,101,102,5,5,5,0,10,1,17,lying,ironing,False,0.0055905813,0.13868539,0.10499584,0.001515375,0.007683111,0.015798219,0.0072240774,0.007824757,0.026146198,0.037913628,0.6419195,0.0047034086,0.6419195
pamap2,gnn_attention_adj,window,1,101,101,102,6,6,6,0,10,1,17,lying,ironing,False,0.00954203,0.25279897,0.09737545,0.0012670108,0.010242629,0.014055528,0.008863569,0.006496837,0.027191037,0.031529658,0.5359012,0.0047360472,0.5359012
pamap2,gnn_attention_adj,window,1,101,101,102,7,7,7,0,10,1,17,lying,ironing,False,0.007860655,0.26289922,0.06183372,0.0009637204,0.0103172595,0.013662851,0.0091901375,0.0050248085,0.02396115,0.03210551,0.56808966,0.004091289,0.56808966
pamap2,gnn_attention_adj,window,1,101,101,102,8,8,8,0,10,1,17,lying,ironing,False,0.0035820813,0.12945718,0.040443335,0.0006597441,0.006581291,0.014883254,0.0056184316,0.0039200443,0.018168906,0.035803646,0.7378908,0.002991319,0.7378908
pamap2,gnn_attention_adj,window,1,101,101,102,9,9,9,0,10,1,17,lying,ironing,False,0.005350614,0.17826717,0.05654889,0.0007731784,0.008402239,0.015102856,0.0073890565,0.004667699,0.022683661,0.031801607,0.6652905,0.0037225764,0.6652905
pamap2,gnn_attention_adj,window,1,101,101,102,10,10,10,0,10,1,17,lying,ironing,False,0.0031383617,0.10092701,0.051881794,0.00095183845,0.0064334623,0.015983868,0.006130622,0.005217759,0.019921191,0.039425235,0.7464852,0.0035037056,0.7464852
pamap2,gnn_attention_adj,window,1,101,101,102,11,11,11,0,10,1,17,lying,ironing,False,0.0030529462,0.08679013,0.083945654,0.0012909044,0.005243317,0.013007003,0.0035875265,0.006521814,0.017424487,0.039848868,0.7359302,0.0033570637,0.7359302
pamap2,gnn_attention_adj,window,1,101,101,102,12,12,12,0,10,1,17,lying,ironing,False,0.0034068478,0.07563625,0.07954731,0.0016911264,0.006010027,0.018825287,0.004929921,0.008476099,0.021326995,0.04921244,0.7266944,0.004243252,0.7266944
pamap2,gnn_attention_adj,window,1,101,101,102,13,13,13,0,9,1,16,lying,vacuum_cleaning,False,0.0047904938,0.004381188,0.019981282,0.0020838953,0.00065988034,0.10829316,9.4688185e-05,0.016856344,0.008957861,0.60447717,0.22844696,0.0009770328,0.60447717
pamap2,gnn_attention_adj,window,1,101,101,102,14,14,14,0,9,1,16,lying,vacuum_cleaning,False,0.0074098622,0.00033923396,0.0048494507,0.008990289,7.24497e-05,0.0043605613,9.482076e-06,0.023229102,0.001408609,0.94717604,0.0019501369,0.00020481704,0.94717604
pamap2,gnn_attention_adj,window,1,101,101,102,15,15,15,0,9,1,16,lying,vacuum_cleaning,False,0.023909034,0.0012000968,0.0062360214,0.2038779,0.00049703504,0.016308986,0.0002004497,0.24693032,0.032670848,0.46516058,0.0014886038,0.0015201384,0.46516058
pamap2,gnn_attention_adj,window,1,101,101,102,16,16,16,0,9,1,16,lying,vacuum_cleaning,False,0.04082754,0.0050109057,0.013998322,0.1331292,0.0020045373,0.039148364,0.0011531278,0.291911,0.05721653,0.4045434,0.007067059,0.0039899987,0.4045434
pamap2,gnn_attention_adj,window,1,101,101,102,17,17,17,0,0,1,1,lying,lying,True,0.7828172,0.056646958,0.037573878,0.009137722,0.0077389483,0.0030590375,0.0006553816,0.025737923,0.0077587273,0.060552403,0.004030193,0.004291677,0.7828172
pamap2,gnn_attention_adj,window,1,101,101,102,18,18,18,0,0,1,1,lying,lying,True,0.92328364,0.05167857,0.01111642,0.0012512003,0.00349812,0.000113330505,0.00012317864,0.0034749166,0.0015631437,0.0025485202,0.0002442659,0.001104686,0.92328364
pamap2,gnn_attention_adj,window,1,101,101,102,19,19,19,0,0,1,1,lying,lying,True,0.9052524,0.061232287,0.016594956,0.0015777472,0.0041318433,0.00018001236,0.00025337827,0.0041071363,0.0022556668,0.0025903543,0.00031855112,0.001505723,0.9052524
pamap2,gnn_attention_adj,window,1,101,101,102,20,20,20,0,0,1,1,lying,lying,True,0.91210306,0.053414293,0.020407036,0.0012640955,0.0033387356,0.00016987982,0.00025568972,0.0035265367,0.0021902497,0.0017361898,0.00021492953,0.0013792703,0.91210306
pamap2,gnn_attention_adj,window,1,101,101,102,21,21,21,0,0,1,1,lying,lying,True,0.9694387,0.020417472,0.0054964568,0.00015209026,0.0010943688,0.00010935194,6.0390168e-05,0.0009924925,0.0009941981,0.00073186174,5.9250648e-05,0.00045341943,0.9694387
pamap2,gnn_attention_adj,window,1,101,101,102,22,22,22,0,0,1,1,lying,lying,True,0.8252772,0.06958718,0.026366133,0.0026397677,0.011327176,0.0048413537,0.0031893037,0.014824753,0.016939644,0.015444001,0.0020237272,0.007539717,0.8252772
pamap2,gnn_attention_adj,window,1,101,101,102,23,23,23,0,0,1,1,lying,lying,True,0.68703085,0.15080196,0.064977266,0.008064987,0.018828012,0.0018258411,0.0036204879,0.02881309,0.012110282,0.013025455,0.0023169573,0.008584745,0.68703085
pamap2,gnn_attention_adj,window,1,101,101,102,24,24,24,0,0,1,1,lying,lying,True,0.9644212,0.02550478,0.0069157714,0.00020991416,0.0010129071,1.660175e-05,2.730489e-05,0.00079524954,0.0004687927,0.00029650953,1.9944437e-05,0.00031095961,0.9644212
pamap2,gnn_attention_adj,window,1,101,101,102,25,25,25,0,0,1,1,lying,lying,True,0.96508104,0.025425473,0.006473707,0.00019753173,0.0009944263,1.4982767e-05,2.6033575e-05,0.00075347436,0.00044712157,0.00027092913,1.820533e-05,0.00029702217,0.96508104
pamap2,gnn_attention_adj,window,1,101,101,102,26,26,26,0,0,1,1,lying,lying,True,0.964332,0.026115995,0.006476336,0.0002053274,0.0010203365,1.47339715e-05,2.6536254e-05,0.00076450803,0.00044977752,0.00027473824,1.8641374e-05,0.00030104766,0.964332
pamap2,gnn_attention_adj,window,1,101,101,102,27,27,27,0,0,1,1,lying,lying,True,0.96376014,0.025713583,0.00718554,0.00022820281,0.0010563702,1.7882547e-05,2.8725553e-05,0.0008447247,0.0004911161,0.00032282024,2.1603882e-05,0.0003292051,0.96376014
pamap2,gnn_attention_adj,window,1,101,101,102,28,28,28,0,0,1,1,lying,lying,True,0.9645239,0.024725275,0.007412369,0.00022476936,0.001032788,1.893469e-05,2.852182e-05,0.00085488305,0.0004982571,0.00032724216,2.1288277e-05,0.00033187223,0.9645239
pamap2,gnn_attention_adj,window,1,101,101,102,29,29,29,0,0,1,1,lying,lying,True,0.96537745,0.024673814,0.0068561155,0.00020354295,0.0009936797,1.6023625e-05,2.5994974e-05,0.0007819729,0.0004600038,0.00028540817,1.8445946e-05,0.00030755386,0.96537745
pamap2,gnn_attention_adj,window,1,101,101,102,30,30,30,0,0,1,1,lying,lying,True,0.9548077,0.031097518,0.0091606425,0.00040685633,0.0014902204,2.5178068e-05,4.0113937e-05,0.0012351904,0.0006331954,0.00058627164,4.12373e-05,0.0004758742,0.9548077
pamap2,gnn_attention_adj,window,1,101,101,102,31,31,31,0,0,1,1,lying,lying,True,0.96225345,0.029695002,0.0047011073,0.00023251126,0.0012018874,1.1824551e-05,1.9529423e-05,0.0007601133,0.0003861256,0.0004132008,2.7693399e-05,0.00029754755,0.96225345
pamap2,gnn_attention_adj,window,1,101,101,102,32,32,32,0,0,1,1,lying,lying,True,0.96180385,0.030611241,0.004454775,0.00020357133,0.001260618,9.0221665e-06,2.9337805e-05,0.0007045856,0.00040851094,0.0002018456,1.45844615e-05,0.0002980673,0.96180385
pamap2,gnn_attention_adj,window,1,101,101,102,33,33,33,0,0,1,1,lying,lying,True,0.9682129,0.027064161,0.0028891081,9.4787094e-05,0.0008677721,3.3583312e-06,1.3793604e-05,0.0003611037,0.00023144318,8.7571396e-05,6.049968e-06,0.00016809691,0.9682129
pamap2,gnn_attention_adj,window,1,101,101,102,34,34,34,0,0,1,1,lying,lying,True,0.9682847,0.027020883,0.0028818292,9.401365e-05,0.0008588943,3.274128e-06,1.3552555e-05,0.0003566983,0.00022825251,8.6137035e-05,5.9341382e-06,0.00016584832,0.9682847
pamap2,gnn_attention_adj,window,1,101,101,102,35,35,35,0,0,1,1,lying,lying,True,0.9685957,0.026769752,0.0028473465,9.299058e-05,0.0008488241,3.1727538e-06,1.3142562e-05,0.00035103582,0.00022404543,8.487998e-05,5.7904062e-06,0.00016340382,0.9685957
pamap2,gnn_attention_adj,window,1,101,101,102,36,36,36,0,0,1,1,lying,lying,True,0.96855474,0.026794646,0.0028673115,9.2510425e-05,0.0008463686,3.1739364e-06,1.3113362e-05,0.00035035462,0.00022379956,8.4909996e-05,5.7963002e-06,0.00016345334,0.96855474
pamap2,gnn_attention_adj,window,1,101,101,102,37,37,37,0,0,1,1,lying,lying,True,0.96852154,0.026803492,0.0028726351,9.41603e-05,0.0008529701,3.2413989e-06,1.3297339e-05,0.00035493998,0.00022638994,8.637702e-05,5.898167e-06,0.00016506115,0.96852154
pamap2,gnn_attention_adj,window,1,101,101,102,38,38,38,0,0,1,1,lying,lying,True,0.9683764,0.02694385,0.002869657,9.432755e-05,0.0008582825,3.2467844e-06,1.3430471e-05,0.00035592093,0.00022731302,8.6159984e-05,5.912335e-06,0.00016555663,0.9683764
pamap2,gnn_attention_adj,window,1,101,101,102,39,39,39,0,0,1,1,lying,lying,True,0.9683546,0.027046317,0.002818575,9.193307e-05,0.00085143506,3.1007116e-06,1.3110903e-05,0.00034720497,0.00022254964,8.329702e-05,5.734791e-06,0.00016207098,0.9683546
pamap2,gnn_attention_adj,window,1,101,101,102,40,40,40,0,0,1,1,lying,lying,True,0.96844065,0.026932787,0.0028302562,9.335411e-05,0.00085531606,3.1737745e-06,1.3298247e-05,0.00035211668,0.00022500432,8.4568914e-05,5.803034e-06,0.0001636668,0.96844065
pamap2,gnn_attention_adj,window,1,101,101,102,41,41,41,0,0,1,1,lying,lying,True,0.9683717,0.027001306,0.002825345,9.3554845e-05,0.0008595471,3.1625057e-06,1.3315662e-05,0.00035245277,0.00022525815,8.450783e-05,5.8011155e-06,0.0001640968,0.9683717
pamap2,gnn_attention_adj,window,1,101,101,102,42,42,42,0,0,1,1,lying,lying,True,0.96829534,0.027079685,0.0028370342,9.2398106e-05,0.00085397623,3.124074e-06,1.3202293e-05,0.00034921666,0.00022353511,8.368668e-05,5.7613006e-06,0.00016298282,0.96829534
pamap2,gnn_attention_adj,window,1,101,101,102,43,43,43,0,0,1,1,lying,lying,True,0.96828943,0.027105384,0.0028314164,9.1587004e-05,0.0008492726,3.0654217e-06,1.3002293e-05,0.0003452626,0.00022141504,8.2802435e-05,5.701616e-06,0.00016162005,0.96828943
pamap2,gnn_attention_adj,window,1,101,101,102,44,44,44,0,0,1,1,lying,lying,True,0.9682109,0.027135247,0.0028551952,9.3405775e-05,0.00085786,3.1499685e-06,1.3272238e-05,0.00035177657,0.00022476628,8.455047e-05,5.8169094e-06,0.00016404201,0.9682109
pamap2,gnn_attention_adj,window,1,101,101,102,45,45,45,0,0,1,1,lying,lying,True,0.9682712,0.027094727,0.0028369552,9.322755e-05,0.00085796625,3.1371833e-06,1.3244943e-05,0.00035130518,0.0002242341,8.438656e-05,5.797466e-06,0.00016373058,0.9682712
pamap2,gnn_attention_adj,window,1,101,101,102,46,46,46,0,0,1,1,lying,lying,True,0.96844983,0.026980678,0.0028019655,9.121147e-05,0.00084713486,3.0417484e-06,1.2961506e-05,0.00034418763,0.00022035078,8.2210776e-05,5.6449667e-06,0.00016076269,0.96844983
pamap2,gnn_attention_adj,window,1,101,101,102,47,47,47,0,0,1,1,lying,lying,True,0.9679578,0.02743106,0.0028121427,9.312452e-05,0.0008656988,3.052291e-06,1.3323522e-05,0.00034893167,0.00022381633,8.221416e-05,5.6958106e-06,0.00016304165,0.9679578
pamap2,gnn_attention_adj,window,1,101,101,102,48,48,48,0,0,1,1,lying,lying,True,0.9678629,0.0275194,0.0028149576,9.284449e-05,0.0008685697,3.0594697e-06,1.3360029e-05,0.00034903272,0.00022433736,8.230988e-05,5.7181696e-06,0.00016352486,0.9678629
pamap2,gnn_attention_adj,window,1,101,101,102,49,49,49,0,0,1,1,lying,lying,True,0.96827936,0.02715391,0.0027990954,9.113404e-05,0.00085003924,3.0037959e-06,1.2937764e-05,0.00034283331,0.00021988672,8.1557984e-05,5.6223344e-06,0.00016052497,0.96827936
pamap2,gnn_attention_adj,window,1,101,101,102,50,50,50,0,0,1,1,lying,lying,True,0.9683279,0.027092535,0.00280093,9.217001e-05,0.00085392507,3.0255292e-06,1.2999485e-05,0.00034626195,0.000220763,8.237511e-05,5.643804e-06,0.00016146377,0.9683279
pamap2,gnn_attention_adj,window,1,101,101,102,51,51,51,0,0,1,1,lying,lying,True,0.9684314,0.02701247,0.0027860503,9.175378e-05,0.00085005356,3.003219e-06,1.2890848e-05,0.00034459966,0.00021954949,8.210203e-05,5.6107997e-06,0.00016058203,0.9684314
pamap2,gnn_attention_adj,window,1,101,101,102,52,52,52,0,0,1,1,lying,lying,True,0.96843296,0.026968073,0.0028178797,9.254909e-05,0.00085087895,3.0865117e-06,1.3050088e-05,0.00034825035,0.00022186874,8.3632745e-05,5.72139e-06,0.00016211023,0.96843296
pamap2,gnn_attention_adj,window,1,101,101,102,53,53,53,0,0,1,1,lying,lying,True,0.96819544,0.027154196,0.002846834,9.388439e-05,0.00086026645,3.1537206e-06,1.3348492e-05,0.0003531779,0.00022516625,8.4610336e-05,5.8163837e-06,0.00016420562,0.96819544
pamap2,gnn_attention_adj,window,1,101,101,102,54,54,54,0,0,1,1,lying,lying,True,0.9679055,0.027420092,0.0028571913,9.439199e-05,0.0008689411,3.1605553e-06,1.35426235e-05,0.00035463407,0.00022697101,8.436468e-05,5.843655e-06,0.00016526732,0.9679055
pamap2,gnn_attention_adj,window,1,101,101,102,55,55,55,0,0,1,1,lying,lying,True,0.9680066,0.027394125,0.0028119157,9.20588e-05,0.00086049864,3.038304e-06,1.3173509e-05,0.000346048,0.00022247944,8.211166e-05,5.6945446e-06,0.00016225566,0.9680066
pamap2,gnn_attention_adj,window,1,101,101,102,56,56,56,0,0,1,1,lying,lying,True,0.9684812,0.026960474,0.0027946266,9.0980546e-05,0.00084621634,3.018471e-06,1.28993315e-05,0.00034318314,0.0002195838,8.1807986e-05,5.6085573e-06,0.00016040247,0.9684812
pamap2,gnn_attention_adj,window,1,101,101,102,57,57,57,0,0,1,1,lying,lying,True,0.96831906,0.02703182,0.0028436643,9.43191e-05,0.00085964345,3.1600243e-06,1.3366273e-05,0.00035493923,0.0002251731,8.471149e-05,5.7922266e-06,0.00016426606,0.96831906
pamap2,gnn_attention_adj,window,1,101,101,102,58,58,58,0,0,1,1,lying,lying,True,0.96781987,0.02751236,0.0028495889,9.462906e-05,0.0008722639,3.1005131e-06,1.3416225e-05,0.00035432147,0.00022532462,8.416499e-05,5.811201e-06,0.00016505552,0.96781987
pamap2,gnn_attention_adj,window,1,101,101,102,59,59,59,0,0,1,1,lying,lying,True,0.96812105,0.027271142,0.0028231323,9.271218e-05,0.0008575199,3.0189146e-06,1.30360095e-05,0.000346925,0.0002209903,8.2654864e-05,5.6850586e-06,0.0001621653,0.96812105
pamap2,gnn_attention_adj,window,1,101,101,102,60,60,60,0,0,1,1,lying,lying,True,0.9679842,0.027365021,0.002846141,9.362734e-05,0.0008647969,3.1028972e-06,1.3308544e-05,0.00035154584,0.00022439136,8.393581e-05,5.7955267e-06,0.00016421676,0.9679842
pamap2,gnn_attention_adj,window,1,101,101,102,61,61,61,0,0,1,1,lying,lying,True,0.9679519,0.027408168,0.0028465085,9.355639e-05,0.0008601161,3.060416e-06,1.3199009e-05,0.00034882338,0.0002228578,8.3173014e-05,5.7563793e-06,0.0001628961,0.9679519
pamap2,gnn_attention_adj,window,1,101,101,102,62,62,62,0,0,1,1,lying,lying,True,0.9678821,0.027521841,0.0028156245,9.226465e-05,0.00085888896,2.9745243e-06,1.3058222e-05,0.00034437055,0.00022050003,8.146933e-05,5.650661e-06,0.00016127175,0.9678821
pamap2,gnn_attention_adj,window,1,101,101,102,63,63,63,0,0,1,1,lying,lying,True,0.9677127,0.027668623,0.0028121306,9.376281e-05,0.00087267655,3.001271e-06,1.3278394e-05,0.00034954547,0.00022303764,8.226917e-05,5.697035e-06,0.00016336452,0.9677127
pamap2,gnn_attention_adj,window,1,101,101,102,64,64,64,0,0,1,1,lying,lying,True,0.967721,0.027620021,0.0028308148,9.512824e-05,0.0008787723,3.1129e-06,1.3572207e-05,0.00035500887,0.00022717653,8.388659e-05,5.8193687e-06,0.00016561619,0.967721
pamap2,gnn_attention_adj,window,1,101,101,102,65,65,65,0,0,1,1,lying,lying,True,0.96803,0.027390493,0.0028039285,9.20504e-05,0.00085596903,2.9793027e-06,1.2981625e-05,0.00034344845,0.00022020441,8.149833e-05,5.6387003e-06,0.0001608457,0.96803
pamap2,gnn_attention_adj,window,1,101,101,102,66,66,66,0,0,1,1,lying,lying,True,0.96811223,0.027282929,0.0028123728,9.343616e-05,0.0008611738,3.0338865e-06,1.311246e-05,0.0003484411,0.00022211297,8.286982e-05,5.698251e-06,0.00016253542,0.96811223
pamap2,gnn_attention_adj,window,1,101,101,102,67,67,67,0,0,1,1,lying,lying,True,0.9680912,0.02729764,0.002810333,9.392407e-05,0.00086554186,3.0519025e-06,1.3218154e-05,0.00034971852,0.00022341423,8.290889e-05,5.7084126e-06,0.00016332667,0.9680912
pamap2,gnn_attention_adj,window,1,101,101,102,68,68,68,0,0,1,1,lying,lying,True,0.9678776,0.027508687,0.0028112407,9.321267e-05,0.0008690121,3.0471026e-06,1.3294393e-05,0.00034832957,0.00022399124,8.2399885e-05,5.7226757e-06,0.00016346874,0.9678776
pamap2,gnn_attention_adj,window,1,101,101,102,69,69,69,0,0,1,1,lying,lying,True,0.9673222,0.027987037,0.0028488606,9.531274e-05,0.0008885967,3.1093864e-06,1.3766332e-05,0.00035635612,0.00022859125,8.367244e-05,5.857095e-06,0.00016676601,0.9673222
pamap2,gnn_attention_adj,window,1,101,101,102,70,70,70,0,0,1,1,lying,lying,True,0.96757364,0.027770882,0.0028420496,9.417119e-05,0.0008745043,3.036082e-06,1.339784e-05,0.0003511155,0.00022434775,8.275976e-05,5.759131e-06,0.00016429371,0.96757364
pamap2,gnn_attention_adj,window,1,101,101,102,71,71,71,0,0,1,1,lying,lying,True,0.96758616,0.027818412,0.002800683,9.2399576e-05,0.0008715017,2.9446269e-06,1.3141541e-05,0.0003443544,0.00022149258,8.092814e-05,5.645443e-06,0.00016227971,0.96758616
pamap2,gnn_attention_adj,window,1,101,101,102,72,72,72,0,0,1,1,lying,lying,True,0.967927,0.027489476,0.0027984744,9.258378e-05,0.00086235424,2.9651937e-06,1.3056149e-05,0.00034487539,0.00022070846,8.133431e-05,5.6239764e-06,0.00016149177,0.967927
pamap2,gnn_attention_adj,window,1,101,101,102,73,73,73,0,0,1,1,lying,lying,True,0.9679166,0.027495474,0.002791248,9.314969e-05,0.00086798565,2.9872215e-06,1.3147585e-05,0.000347257,0.00022197154,8.189273e-05,5.6536164e-06,0.00016247577,0.9679166
pamap2,gnn_attention_adj,window,1,101,101,102,74,74,74,0,0,1,1,lying,lying,True,0.9677482,0.0276631,0.0028004819,9.24066e-05,0.00086585025,2.9568587e-06,1.3110493e-05,0.0003444014,0.00022109468,8.107049e-05,5.638086e-06,0.000161688,0.9677482
pamap2,gnn_attention_adj,window,1,101,101,102,75,75,75,0,0,1,1,lying,lying,True,0.9678825,0.02751015,0.0028112778,9.3070936e-05,0.0008662905,3.0143967e-06,1.32233745e-05,0.00034747436,0.00022266615,8.19511e-05,5.682195e-06,0.0001626972,0.9678825
pamap2,gnn_attention_adj,window,1,101,101,102,76,76,76,0,0,1,1,lying,lying,True,0.96814907,0.027285619,0.0027870848,9.1922586e-05,0.0008582099,2.9714315e-06,1.30007675e-05,0.00034395917,0.0002201576,8.117409e-05,5.594318e-06,0.00016114693,0.96814907
pamap2,gnn_attention_adj,window,1,101,101,102,77,77,77,0,0,1,1,lying,lying,True,0.96821433,0.027247543,0.0027781078,9.0841924e-05,0.0008506917,2.9200921e-06,1.2785152e-05,0.00033976824,0.00021766505,8.036475e-05,5.5343894e-06,0.00015947116,0.96821433
pamap2,gnn_attention_adj,window,1,101,101,102,78,78,78,0,0,1,1,lying,lying,True,0.96820474,0.027273342,0.0027708802,9.0318485e-05,0.0008480693,2.8763245e-06,1.2649953e-05,0.0003373969,0.000215975,7.981463e-05,5.494472e-06,0.00015850979,0.96820474
pamap2,gnn_attention_adj,window,1,101,101,102,79,79,79,0,0,1,1,lying,lying,True,0.9679243,0.02750558,0.0027947156,9.152899e-05,0.0008594307,2.9407945e-06,1.2976237e-05,0.00034190208,0.00021971052,8.057025e-05,5.589772e-06,0.00016080361,0.9679243
pamap2,gnn_attention_adj,window,1,101,101,102,80,80,80,0,0,1,1,lying,lying,True,0.9677132,0.027701639,0.002804642,9.189531e-05,0.0008621851,2.9495277e-06,1.3037801e-05,0.00034232976,0.00022051012,8.094572e-05,5.646771e-06,0.00016107885,0.9677132
pamap2,gnn_attention_adj,window,1,101,101,102,81,81,81,0,0,1,1,lying,lying,True,0.967817,0.02755896,0.0028230802,9.360761e-05,0.0008671869,3.0316082e-06,1.3260211e-05,0.00034921375,0.00022322171,8.264845e-05,5.723632e-06,0.00016311683,0.967817
pamap2,gnn_attention_adj,window,1,101,101,102,82,82,82,0,0,1,1,lying,lying,True,0.96773493,0.02764088,0.002817545,9.357825e-05,0.0008716369,3.0321373e-06,1.3316389e-05,0.0003493034,0.0002239595,8.245769e-05,5.7273187e-06,0.00016361353,0.96773493
pamap2,gnn_attention_adj,window,1,101,101,102,83,83,83,0,0,1,1,lying,lying,True,0.9675531,0.027807813,0.0028292765,9.346916e-05,0.00087511097,3.0198782e-06,1.3358757e-05,0.00034886395,0.00022421208,8.207116e-05,5.7260127e-06,0.00016399984,0.9675531
pamap2,gnn_attention_adj,window,1,101,101,102,84,84,84,0,0,1,1,lying,lying,True,0.96766436,0.027708406,0.0028188003,9.3159615e-05,0.00087351183,3.044956e-06,1.33665135e-05,0.0003486704,0.00022472235,8.225244e-05,5.738032e-06,0.00016390205,0.96766436
pamap2,gnn_attention_adj,window,1,101,101,102,85,85,85,0,0,1,1,lying,lying,True,0.9678179,0.027570708,0.0028213307,9.226425e-05,0.00086313905,3.026752e-06,1.3184186e-05,0.00034562568,0.0002226606,8.20192e-05,5.712851e-06,0.00016240668,0.9678179
pamap2,gnn_attention_adj,window,1,101,101,102,86,86,86,0,0,1,1,lying,lying,True,0.96792966,0.027482593,0.0027980618,9.2804425e-05,0.0008642684,2.9899322e-06,1.3087988e-05,0.0003454165,0.00022168683,8.178784e-05,5.663234e-06,0.00016208486,0.96792966
pamap2,gnn_attention_adj,window,1,101,101,102,87,87,87,0,0,1,1,lying,lying,True,0.96783596,0.027516862,0.002841255,9.4101015e-05,0.00086730235,3.0693088e-06,1.3335903e-05,0.00035101417,0.00022423806,8.3222076e-05,5.7636926e-06,0.00016382596,0.96783596
pamap2,gnn_attention_adj,window,1,101,101,102,88,88,88,0,0,1,1,lying,lying,True,0.9675716,0.027794154,0.0028272904,9.345161e-05,0.0008727752,3.0234114e-06,1.3347425e-05,0.000348764,0.00022396742,8.224793e-05,5.7378647e-06,0.00016353803,0.9675716
pamap2,gnn_attention_adj,window,1,101,101,102,89,89,89,0,0,1,1,lying,lying,True,0.96774143,0.027688634,0.0027857863,9.183097e-05,0.0008657785,2.938487e-06,1.3053161e-05,0.00034233663,0.00022066447,8.0628575e-05,5.6201916e-06,0.00016127736,0.96774143
pamap2,gnn_attention_adj,window,1,101,101,102,90,90,90,0,0,1,1,lying,lying,True,0.9680654,0.027400563,0.0027712232,9.065375e-05,0.0008544625,2.902428e-06,1.2824652e-05,0.00033922418,0.00021790466,7.9878606e-05,5.5237997e-06,0.00015947522,0.9680654
pamap2,gnn_attention_adj,window,1,101,101,102,91,91,91,0,0,1,1,lying,lying,True,0.9677243,0.027697798,0.0027890985,9.2034854e-05,0.00086806156,2.9456432e-06,1.3114695e-05,0.00034353376,0.00022125796,8.0537386e-05,5.60596e-06,0.00016169649,0.9677243
pamap2,gnn_attention_adj,window,1,101,101,102,92,92,92,0,0,1,1,lying,lying,True,0.9674856,0.027882483,0.0028195593,9.395353e-05,0.00087734073,3.0051083e-06,1.3360399e-05,0.00034885987,0.00022418254,8.204101e-05,5.7304533e-06,0.00016381631,0.9674856
pamap2,gnn_attention_adj,window,1,101,101,102,93,93,93,0,0,1,1,lying,lying,True,0.9676669,0.027685488,0.002827786,9.4445335e-05,0.0008773077,3.0582435e-06,1.3431847e-05,0.00035250894,0.00022526622,8.3204846e-05,5.7703137e-06,0.0001648674,0.9676669
pamap2,gnn_attention_adj,window,1,101,101,102,94,94,94,0,0,1,1,lying,lying,True,0.96758056,0.02780342,0.002804057,9.351872e-05,0.00087852956,2.9895293e-06,1.3355391e-05,0.00034873415,0.00022382173,8.15512e-05,5.6778763e-06,0.00016384677,0.96758056
pamap2,gnn_attention_adj,window,1,101,101,102,95,95,95,0,0,1,1,lying,lying,True,0.9677423,0.02771665,0.0027680402,9.1311005e-05,0.00086380617,2.8542024e-06,1.2885116e-05,0.00033959077,0.00021791628,7.9324054e-05,5.5090745e-06,0.00015986168,0.9677423
pamap2,gnn_attention_adj,window,1,101,101,102,96,96,96,0,0,1,1,lying,lying,True,0.96801513,0.027431617,0.0027854969,9.135592e-05,0.0008557167,2.9103066e-06,1.2843654e-05,0.0003409363,0.00021811642,8.044773e-05,5.5541336e-06,0.00015990218,0.96801513
pamap2,gnn_attention_adj,window,1,101,101,102,97,97,97,0,0,1,1,lying,lying,True,0.9681558,0.02731957,0.0027690143,9.032598e-05,0.00085036654,2.9014866e-06,1.27503945e-05,0.00033784797,0.00021730966,7.9801466e-05,5.5151195e-06,0.00015888135,0.9681558
pamap2,gnn_attention_adj,window,1,101,101,102,98,98,98,0,0,1,1,lying,lying,True,0.9679152,0.027533729,0.0027780454,9.151642e-05,0.0008595644,2.91589e-06,1.2912354e-05,0.0003410006,0.00021905256,8.0322905e-05,5.5651817e-06,0.00016015486,0.9679152
pamap2,gnn_attention_adj,window,1,101,101,102,99,99,99,0,0,1,1,lying,lying,True,0.9678067,0.027596204,0.002796681,9.3632145e-05,0.0008702351,2.9819498e-06,1.3210565e-05,0.00034801074,0.0002224108,8.167231e-05,5.646983e-06,0.00016258302,0.9678067
pamap2,gnn_attention_adj,window,1,101,101,102,100,100,100,0,0,1,1,lying,lying,True,0.96767396,0.027704189,0.0028042302,9.4497285e-05,0.0008783949,3.0185279e-06,1.3427231e-05,0.00035161152,0.000224659,8.2166305e-05,5.6924573e-06,0.00016405131,0.96767396
pamap2,gnn_attention_adj,window,1,101,101,102,101,101,101,0,0,1,1,lying,lying,True,0.96791685,0.02744789,0.0028283005,9.401146e-05,0.0008679524,3.0765696e-06,1.333951e-05,0.0003512402,0.00022449305,8.3249986e-05,5.756138e-06,0.00016385666,0.96791685
pamap2,gnn_attention_adj,window,1,101,101,102,102,102,102,0,0,1,1,lying,lying,True,0.9679405,0.0274837,0.0027914552,9.210766e-05,0.0008625114,2.9684693e-06,1.3047956e-05,0.00034444797,0.00022074838,8.135941e-05,5.6299477e-06,0.00016148233,0.9679405
pamap2,gnn_attention_adj,window,1,101,101,102,103,103,103,0,0,1,1,lying,lying,True,0.967888,0.027566148,0.0027657638,9.172645e-05,0.00086478936,2.8968386e-06,1.2932263e-05,0.00034218316,0.00021901925,8.027823e-05,5.546492e-06,0.0001606751,0.967888
pamap2,gnn_attention_adj,window,1,101,101,102,104,104,104,0,0,1,1,lying,lying,True,0.9679739,0.027458947,0.0027864224,9.2102404e-05,0.0008613489,2.9471223e-06,1.2975762e-05,0.00034349822,0.00021995553,8.1099526e-05,5.602472e-06,0.000161072,0.9679739
pamap2,gnn_attention_adj,window,1,101,101,102,105,105,105,0,0,1,1,lying,lying,True,0.96796376,0.027464898,0.002786235,9.231609e-05,0.0008630032,2.973862e-06,1.30493145e-05,0.00034417288,0.0002210893,8.137051e-05,5.632048e-06,0.0001615475,0.96796376
pamap2,gnn_attention_adj,window,1,101,101,102,106,106,106,0,0,1,1,lying,lying,True,0.96755904,0.027815761,0.002809167,9.393782e-05,0.00087947864,3.01426e-06,1.3404514e-05,0.00034953043,0.00022474823,8.198435e-05,5.716276e-06,0.00016422152,0.96755904
pamap2,gnn_attention_adj,window,1,101,101,102,107,107,107,0,0,1,1,lying,lying,True,0.9671088,0.027856365,0.003020348,0.000110817615,0.00094181224,3.7297077e-06,1.5402671e-05,0.00040230516,0.00025078192,9.852882e-05,6.808026e-06,0.00018427965,0.9671088
pamap2,gnn_attention_adj,window,1,101,101,102,108,108,108,0,0,1,1,lying,lying,True,0.96405524,0.0273356,0.0053869095,0.00024317187,0.0011463767,1.0872307e-05,2.1751468e-05,0.00076572405,0.00039239592,0.000320562,1.9942383e-05,0.0003015209,0.96405524
pamap2,gnn_attention_adj,window,1,101,101,102,109,109,109,0,0,1,1,lying,lying,True,0.9575657,0.030472316,0.00714596,0.00038740414,0.00139426,2.3323188e-05,2.4804163e-05,0.0011536834,0.00051185547,0.00086258526,5.463037e-05,0.00040351538,0.9575657
pamap2,gnn_attention_adj,window,1,101,101,102,110,110,110,0,0,1,1,lying,lying,True,0.9566986,0.028943107,0.009269011,0.00040267603,0.001485696,3.054842e-05,4.819826e-05,0.0013334074,0.00071425503,0.00053521764,3.661817e-05,0.00050264905,0.9566986
pamap2,gnn_attention_adj,window,1,101,101,102,111,111,111,0,0,1,1,lying,lying,True,0.9654638,0.025507258,0.0061665284,0.00018820963,0.000978803,1.2440352e-05,2.3570927e-05,0.0007045726,0.0004162387,0.000239788,1.5653048e-05,0.00028304526,0.9654638
pamap2,gnn_attention_adj,window,1,101,101,102,112,112,112,0,0,1,1,lying,lying,True,0.96538395,0.025579657,0.0061851856,0.000187154,0.0009769372,1.235254e-05,2.3451445e-05,0.00070005946,0.0004151824,0.00023813176,1.5591904e-05,0.0002823347,0.96538395
pamap2,gnn_attention_adj,window,1,101,101,102,113,113,113,0,0,1,1,lying,lying,True,0.9651249,0.025870124,0.0061483155,0.0001878859,0.0009843044,1.2176462e-05,2.3600523e-05,0.00069966674,0.0004148597,0.00023609947,1.5546864e-05,0.00028245364,0.9651249
pamap2,gnn_attention_adj,window,1,101,101,102,114,114,114,0,0,1,1,lying,lying,True,0.96558493,0.025404759,0.0061653587,0.00018812825,0.00097215024,1.2273691e-05,2.3256795e-05,0.00070091436,0.00041314214,0.00023840634,1.5460631e-05,0.00028120616,0.96558493
pamap2,gnn_attention_adj,window,1,101,101,102,115,115,115,0,0,1,1,lying,lying,True,0.9655862,0.025410285,0.0061582853,0.00018808596,0.00097190763,1.2292262e-05,2.329918e-05,0.0007014027,0.0004131336,0.00023859995,1.5481366e-05,0.00028102155,0.9655862
pamap2,gnn_attention_adj,window,1,101,101,102,116,116,116,0,0,1,1,lying,lying,True,0.9656245,0.02551383,0.0060582194,0.0001842228,0.0009661274,1.18685e-05,2.289754e-05,0.00068766234,0.00040613965,0.00023269495,1.5149991e-05,0.0002767097,0.9656245
pamap2,gnn_attention_adj,window,1,101,101,102,117,117,117,0,0,1,1,lying,lying,True,0.9653859,0.025655985,0.006125444,0.00018667434,0.00097446685,1.2057826e-05,2.3199505e-05,0.0006947756,0.00041072117,0.00023553599,1.5398064e-05,0.00027976648,0.9653859
pamap2,gnn_attention_adj,window,1,101,101,102,118,118,118,0,0,1,1,lying,lying,True,0.9654659,0.025421238,0.006240014,0.00019031331,0.0009780652,1.2524948e-05,2.3445655e-05,0.0007082214,0.0004172515,0.00024291698,1.575498e-05,0.00028436,0.9654659
pamap2,gnn_attention_adj,window,1,101,101,102,119,119,119,0,0,1,1,lying,lying,True,0.9655915,0.02530062,0.0062312176,0.00019124344,0.0009769339,1.25556635e-05,2.3464496e-05,0.0007112733,0.0004174819,0.00024350414,1.5705076e-05,0.0002845142,0.9655915
pamap2,gnn_attention_adj,window,1,101,101,102,120,120,120,0,0,1,1,lying,lying,True,0.9654478,0.02555074,0.0061540455,0.00018760812,0.000976011,1.2255212e-05,2.3416995e-05,0.0007000053,0.00041417536,0.00023688316,1.5456963e-05,0.0002816815,0.9654478
pamap2,gnn_attention_adj,window,1,101,101,102,121,121,121,0,0,1,1,lying,lying,True,0.965123,0.026044197,0.00603086,0.00018312351,0.0009776218,1.1599364e-05,2.3063427e-05,0.0006807016,0.00040630615,0.00022735755,1.5075322e-05,0.0002770766,0.965123
pamap2,gnn_attention_adj,window,1,101,101,102,122,122,122,0,0,1,1,lying,lying,True,0.964834,0.026352508,0.0059828907,0.00018581774,0.0009935101,1.1556048e-05,2.339106e-05,0.00068505073,0.00040846158,0.00022836406,1.5239762e-05,0.00027932617,0.964834
pamap2,gnn_attention_adj,window,1,101,101,102,123,123,123,0,0,1,1,lying,lying,True,0.96542233,0.025631273,0.0061104964,0.00018693863,0.0009757237,1.2067369e-05,2.324277e-05,0.0006955815,0.00041118366,0.00023556489,1.538712e-05,0.00028013828,0.96542233
pamap2,gnn_attention_adj,window,1,101,101,102,124,124,124,0,0,1,1,lying,lying,True,0.9656704,0.02537248,0.00614641,0.0001854238,0.0009636772,1.1999734e-05,2.279385e-05,0.00069069973,0.00040770252,0.00023517349,1.5231766e-05,0.00027795832,0.9656704
pamap2,gnn_attention_adj,window,1,101,101,102,125,125,125,0,0,1,1,lying,lying,True,0.96554303,0.025560286,0.0061004413,0.00018407169,0.000964125,1.178593e-05,2.2764474e-05,0.00068511436,0.00040533615,0.00023160689,1.508663e-05,0.00027633065,0.96554303
pamap2,gnn_attention_adj,window,1,101,101,102,126,126,126,0,0,1,1,lying,lying,True,0.96564984,0.02541605,0.006121307,0.00018530161,0.0009654044,1.1999649e-05,2.2927621e-05,0.00069148414,0.00040806184,0.00023443425,1.5209408e-05,0.0002780004,0.96564984
pamap2,gnn_attention_adj,window,1,101,101,102,127,127,127,0,0,1,1,lying,lying,True,0.9655078,0.025542857,0.0061161155,0.00018689422,0.00097406394,1.2043131e-05,2.3101531e-05,0.0006954626,0.00041020967,0.00023603864,1.5344038e-05,0.00028003752,0.9655078
pamap2,gnn_attention_adj,window,1,101,101,102,128,128,128,0,0,1,1,lying,lying,True,0.9653325,0.02569622,0.006126758,0.00018745911,0.000978978,1.2115667e-05,2.333675e-05,0.00069727364,0.00041265893,0.000236141,1.5454674e-05,0.00028116375,0.9653325
pamap2,gnn_attention_adj,window,1,101,101,102,129,129,129,0,0,1,1,lying,lying,True,0.96548,0.02555495,0.006144337,0.00018620782,0.0009697991,1.1977819e-05,2.300758e-05,0.0006919222,0.00040937972,0.0002341017,1.5246186e-05,0.00027902314,0.96548
pamap2,gnn_attention_adj,window,1,101,101,102,130,130,130,0,0,1,1,lying,lying,True,0.9654214,0.025693795,0.006077538,0.00018529716,0.00097091595,1.171819e-05,2.2874328e-05,0.0006870814,0.00040595644,0.00023125218,1.5083952e-05,0.0002772516,0.9654214
pamap2,gnn_attention_adj,window,1,101,101,102,131,131,131,0,0,1,1,lying,lying,True,0.9653386,0.025779616,0.0060689575,0.00018523286,0.0009741395,1.174707e-05,2.300919e-05,0.00068763806,0.0004071691,0.00023098949,1.5126219e-05,0.00027784583,0.9653386
pamap2,gnn_attention_adj,window,1,101,101,102,132,132,132,0,0,1,1,lying,lying,True,0.9655096,0.025437007,0.006201133,0.00018845886,0.00097487844,1.2299085e-05,2.3228604e-05,0.0007021097,0.00041374742,0.00023963409,1.5538148e-05,0.00028230358,0.9655096
pamap2,gnn_attention_adj,window,1,101,101,102,133,133,133,0,0,1,1,lying,lying,True,0.9654137,0.02551588,0.006212612,0.00018953922,0.00097652024,1.2290255e-05,2.325928e-05,0.00070349965,0.0004139313,0.00024058916,1.5611135e-05,0.00028253815,0.9654137
pamap2,gnn_attention_adj,window,1,101,101,102,134,134,134,0,0,1,1,lying,lying,True,0.96533626,0.025648426,0.0061660786,0.00018822693,0.000977649,1.2185414e-05,2.3317556e-05,0.0006997308,0.00041294715,0.00023806188,1.5534084e-05,0.00028154263,0.96533626
pamap2,gnn_attention_adj,window,1,101,101,102,135,135,135,0,0,1,1,lying,lying,True,0.96526426,0.025798123,0.0061000087,0.0001878607,0.0009804177,1.1872742e-05,2.3189417e-05,0.000694918,0.0004095276,0.00023432275,1.5314703e-05,0.00028009588,0.96526426
pamap2,gnn_attention_adj,window,1,101,101,102,136,136,136,0,0,1,1,lying,lying,True,0.9654134,0.025644869,0.0060955337,0.00018855244,0.0009810297,1.19833785e-05,2.3208464e-05,0.0006980467,0.0004110387,0.00023581488,1.5337942e-05,0.0002812023,0.9654134
pamap2,gnn_attention_adj,window,1,101,101,102,137,137,137,0,0,1,1,lying,lying,True,0.96530473,0.025662022,0.0061755576,0.0001892951,0.000980428,1.2208605e-05,2.342507e-05,0.0007019657,0.00041460613,0.00023765216,1.5505619e-05,0.00028261432,0.96530473
pamap2,gnn_attention_adj,window,1,101,101,102,138,138,138,0,0,1,1,lying,lying,True,0.96527284,0.02572259,0.0061641624,0.00018826645,0.0009766236,1.2027611e-05,2.32189e-05,0.0006968547,0.0004115244,0.00023582441,1.5393294e-05,0.00028067274,0.96527284
pamap2,gnn_attention_adj,window,1,101,101,102,139,139,139,0,0,1,1,lying,lying,True,0.9653286,0.025739945,0.0060939435,0.0001871083,0.0009786916,1.1984167e-05,2.3248713e-05,0.0006951337,0.00041085287,0.00023491007,1.5355636e-05,0.00028022222,0.9653286
pamap2,gnn_attention_adj,window,1,101,101,102,140,140,140,0,0,1,1,lying,lying,True,0.9654316,0.025648598,0.006098422,0.00018620114,0.0009731204,1.1904985e-05,2.300105e-05,0.0006906573,0.00040853786,0.00023394334,1.5274849e-05,0.00027877986,0.9654316
pamap2,gnn_attention_adj,window,1,101,101,102,141,141,141,0,0,1,1,lying,lying,True,0.9655775,0.025518902,0.006092417,0.00018605139,0.00096888974,1.1796393e-05,2.283369e-05,0.0006899154,0.00040635213,0.00023264301,1.5085758e-05,0.00027770133,0.9655775
pamap2,gnn_attention_adj,window,1,101,101,102,142,142,142,0,0,1,1,lying,lying,True,0.96558285,0.025550481,0.006069451,0.00018442367,0.00096646347,1.1703217e-05,2.2720125e-05,0.0006849822,0.0004046827,0.00023082174,1.50036e-05,0.00027642294,0.96558285
pamap2,gnn_attention_adj,window,1,101,101,102,143,143,143,0,0,1,1,lying,lying,True,0.9656165,0.02554285,0.00604995,0.00018340089,0.0009640692,1.1753366e-05,2.2660888e-05,0.0006820067,0.00040442598,0.00023164928,1.51054e-05,0.00027565836,0.9656165
pamap2,gnn_attention_adj,window,1,101,101,102,144,144,144,0,0,1,1,lying,lying,True,0.9657786,0.025406938,0.0060455757,0.00018253819,0.0009561978,1.1558937e-05,2.2313947e-05,0.00067806494,0.00040007525,0.00023000597,1.487873e-05,0.0002733596,0.9657786
pamap2,gnn_attention_adj,window,1,101,101,102,145,145,145,0,0,1,1,lying,lying,True,0.9653809,0.025766406,0.006058866,0.00018411696,0.00096848706,1.1578831e-05,2.2730545e-05,0.00068264443,0.00040354495,0.00022983321,1.5009665e-05,0.00027572122,0.9653809
pamap2,gnn_attention_adj,window,1,101,101,102,146,146,146,0,0,1,1,lying,lying,True,0.9653094,0.025807777,0.006068597,0.0001862422,0.0009738758,1.1697873e-05,2.2969556e-05,0.0006887986,0.0004062769,0.00023169265,1.5137017e-05,0.00027746754,0.9653094
pamap2,gnn_attention_adj,window,1,101,101,102,147,147,147,0,0,1,1,lying,lying,True,0.9653175,0.025812104,0.0060686744,0.00018521484,0.0009713032,1.1606206e-05,2.282715e-05,0.0006844701,0.00040462535,0.00023005581,1.5059807e-05,0.00027650277,0.9653175
pamap2,gnn_attention_adj,window,1,101,101,102,148,148,148,0,0,1,1,lying,lying,True,0.9651773,0.025954137,0.006064507,0.00018483931,0.00097327796,1.1653072e-05,2.2951832e-05,0.00068339537,0.00040565126,0.00023040817,1.5189228e-05,0.00027657812,0.9651773
pamap2,gnn_attention_adj,window,1,101,101,102,149,149,149,0,0,1,1,lying,lying,True,0.9654358,0.025702149,0.0060637686,0.00018445766,0.0009675885,1.1729255e-05,2.2789205e-05,0.00068374723,0.00040503845,0.00023175703,1.5162738e-05,0.00027613004,0.9654358
pamap2,gnn_attention_adj,window,1,101,101,102,150,150,150,0,0,1,1,lying,lying,True,0.9652174,0.025855934,0.0061065024,0.00018552358,0.0009761839,1.1833518e-05,2.3047893e-05,0.0006882002,0.0004084753,0.00023277993,1.5298632e-05,0.00027880308,0.9652174
pamap2,gnn_attention_adj,window,1,101,101,102,151,151,151,0,0,1,1,lying,lying,True,0.96543115,0.02566427,0.006087861,0.0001855643,0.00097243616,1.1886e-05,2.2975171e-05,0.0006886609,0.00040807392,0.00023345894,1.5265841e-05,0.00027837273,0.96543115
pamap2,gnn_attention_adj,window,1,101,101,102,152,152,152,0,0,1,1,lying,lying,True,0.9655197,0.02557328,0.0060899844,0.000185942,0.0009716183,1.1883758e-05,2.2938788e-05,0.0006895146,0.0004079872,0.00023332096,1.5207171e-05,0.00027853288,0.9655197
pamap2,gnn_attention_adj,window,1,101,101,102,153,153,153,0,0,1,1,lying,lying,True,0.9649313,0.026088338,0.006126438,0.00018894202,0.0009891931,1.1882181e-05,2.3497567e-05,0.00069686095,0.00041259362,0.00023340437,1.538066e-05,0.0002820694,0.9649313
pamap2,gnn_attention_adj,window,1,101,101,102,154,154,154,0,0,1,1,lying,lying,True,0.9651773,0.02586211,0.00610149,0.0001892954,0.0009877167,1.2001169e-05,2.3430064e-05,0.0006996997,0.00041287873,0.00023608301,1.5444115e-05,0.00028250748,0.9651773
pamap2,gnn_attention_adj,window,1,101,101,102,155,155,155,0,0,1,1,lying,lying,True,0.9652528,0.02584046,0.006068473,0.00018789395,0.0009827589,1.1796442e-05,2.3166749e-05,0.0006945013,0.00040900227,0.00023368464,1.5259558e-05,0.0002800872,0.9652528
pamap2,gnn_attention_adj,window,1,101,101,102,156,156,156,0,0,1,1,lying,lying,True,0.9651621,0.02583738,0.00615899,0.00018769542,0.0009805766,1.1951685e-05,2.3247852e-05,0.0006955857,0.00041135852,0.00023454969,1.535215e-05,0.00028114894,0.9651621
pamap2,gnn_attention_adj,window,1,101,101,102,157,157,157,0,0,1,1,lying,lying,True,0.96539026,0.025647847,0.006142198,0.00018635482,0.0009710981,1.1899186e-05,2.2852832e-05,0.00069014187,0.00040777455,0.00023551796,1.53429e-05,0.0002787174,0.96539026
pamap2,gnn_attention_adj,window,1,101,101,102,158,158,158,0,0,1,1,lying,lying,True,0.9652793,0.025882812,0.006039348,0.00018471203,0.0009723992,1.1551925e-05,2.274758e-05,0.00068212487,0.00040347225,0.00023056834,1.5114993e-05,0.0002759876,0.9652793
pamap2,gnn_attention_adj,window,1,101,101,102,159,159,159,0,0,1,1,lying,lying,True,0.9650626,0.026103344,0.006032622,0.00018427246,0.0009778492,1.1480194e-05,2.2979151e-05,0.0006811924,0.00040461976,0.0002274589,1.5027959e-05,0.00027648648,0.9650626
pamap2,gnn_attention_adj,window,1,101,101,102,160,160,160,0,0,1,1,lying,lying,True,0.9654988,0.025563378,0.0061121224,0.00018647731,0.00097284716,1.1964238e-05,2.3023369e-05,0.0006928063,0.00040915995,0.00023478149,1.5279322e-05,0.00027936778,0.9654988
pamap2,gnn_attention_adj,window,1,101,101,102,161,161,161,0,0,1,1,lying,lying,True,0.9654493,0.025513705,0.006170777,0.0001902066,0.0009806972,1.2301002e-05,2.3342845e-05,0.00070530275,0.00041470618,0.00024096108,1.5628959e-05,0.0002832338,0.9654493
pamap2,gnn_attention_adj,window,1,101,101,102,162,162,162,0,0,1,1,lying,lying,True,0.9651415,0.025834743,0.0061439574,0.00019116927,0.0009902411,1.2210849e-05,2.363751e-05,0.0007071709,0.00041606993,0.0002395249,1.5644286e-05,0.00028425196,0.9651415
pamap2,gnn_attention_adj,window,1,101,101,102,163,163,163,0,0,1,1,lying,lying,True,0.9655107,0.02554357,0.006098204,0.000188717,0.0009787222,1.2067645e-05,2.3217513e-05,0.0006997138,0.0004114396,0.00023707419,1.5373083e-05,0.00028116873,0.9655107
pamap2,gnn_attention_adj,window,1,101,101,102,164,164,164,0,0,1,1,lying,lying,True,0.9657389,0.025339685,0.006092381,0.00018725407,0.00097098015,1.2038985e-05,2.2931134e-05,0.0006951924,0.00040922282,0.00023651162,1.5282829e-05,0.0002795801,0.9657389
pamap2,gnn_attention_adj,window,1,101,101,102,165,165,165,0,0,1,1,lying,lying,True,0.9654567,0.025579244,0.0061292183,0.00018701608,0.00097493053,1.2039681e-05,2.314022e-05,0.0006956925,0.00041070973,0.00023562719,1.5332282e-05,0.00028031153,0.9654567
pamap2,gnn_attention_adj,window,1,101,101,102,166,166,166,0,0,1,1,lying,lying,True,0.96541667,0.025629839,0.0061339927,0.00018578605,0.000971839,1.1892296e-05,2.295354e-05,0.0006908209,0.0004084137,0.00023353603,1.5208303e-05,0.00027894392,0.96541667
pamap2,gnn_attention_adj,window,1,101,101,102,167,167,167,0,0,1,1,lying,lying,True,0.96534836,0.025740951,0.006102065,0.00018535173,0.0009717086,1.1717126e-05,2.2831016e-05,0.0006865419,0.0004061056,0.00023169385,1.51322865e-05,0.00027756687,0.96534836
pamap2,gnn_attention_adj,window,1,101,101,102,168,168,168,0,0,1,1,lying,lying,True,0.9653907,0.025672778,0.00610874,0.00018676091,0.00097488164,1.1911635e-05,2.30581e-05,0.00069309154,0.00040896668,0.00023454307,1.528035e-05,0.00027930853,0.9653907
pamap2,gnn_attention_adj,window,1,101,101,102,169,169,169,0,0,1,1,lying,lying,True,0.96538746,0.025578368,0.006159309,0.00019099218,0.0009836138,1.2327049e-05,2.3487904e-05,0.0007078856,0.00041590087,0.00024120638,1.5653048e-05,0.0002837545,0.96538746
pamap2,gnn_attention_adj,window,1,101,101,102,170,170,170,0,0,1,1,lying,lying,True,0.9649083,0.025819356,0.0063125594,0.00019915016,0.0010030506,1.2981726e-05,2.4456196e-05,0.0007317314,0.00042847914,0.0002517453,1.6466218e-05,0.00029180755,0.9649083
pamap2,gnn_attention_adj,window,1,101,101,102,171,171,171,0,0,1,1,lying,lying,True,0.96466,0.02638019,0.0060641817,0.00019433624,0.0010001203,1.2139588e-05,2.4035216e-05,0.0007073546,0.00041601155,0.00024201132,1.6129417e-05,0.00028344413,0.96466
pamap2,gnn_attention_adj,window,1,101,101,102,172,172,172,0,0,1,1,lying,lying,True,0.9637005,0.02791615,0.005605383,0.00018596639,0.0010096291,1.0205079e-05,2.3091914e-05,0.0006574639,0.00039008487,0.00021833344,1.5148929e-05,0.0002681133,0.9637005
pamap2,gnn_attention_adj,window,1,101,101,102,173,173,173,0,0,1,1,lying,lying,True,0.9633601,0.028578013,0.005338568,0.00017900142,0.0010240425,9.293696e-06,2.2727283e-05,0.0006299017,0.0003794863,0.0002019733,1.4270071e-05,0.00026268928,0.9633601
pamap2,gnn_attention_adj,window,1,101,101,102,174,174,174,0,0,1,1,lying,lying,True,0.9633986,0.029076578,0.0049417624,0.00016416585,0.001011711,8.048762e-06,2.1432785e-05,0.00058127515,0.00035679122,0.0001792233,1.2872254e-05,0.00024756932,0.9633986
pamap2,gnn_attention_adj,window,1,101,101,102,175,175,175,0,0,1,1,lying,lying,True,0.962952,0.028338876,0.0055136513,0.0002142607,0.0011361224,1.2700393e-05,2.7735923e-05,0.0007769583,0.00043918935,0.0002663117,1.8429473e-05,0.0003038311,0.962952
pamap2,gnn_attention_adj,window,1,101,101,102,176,176,176,0,0,1,1,lying,lying,True,0.93571424,0.04620715,0.009323783,0.0010295197,0.0023992439,4.3919154e-05,7.5823715e-05,0.0022530826,0.0009561192,0.0012081276,0.00010078759,0.00068823027,0.93571424
pamap2,gnn_attention_adj,window,1,101,101,102,177,177,177,0,0,1,1,lying,lying,True,0.8924481,0.05342245,0.023118664,0.003715739,0.004234116,0.0003152242,0.00017316453,0.008270043,0.0025241503,0.00933798,0.00074540195,0.001694938,0.8924481
pamap2,gnn_attention_adj,window,1,101,101,102,178,178,178,0,0,1,1,lying,lying,True,0.7811728,0.057689734,0.055346396,0.00940089,0.010825602,0.0032973096,0.001366661,0.027601125,0.012290546,0.030794658,0.0028009457,0.0074131936,0.7811728
pamap2,gnn_attention_adj,window,1,101,101,102,179,179,179,0,0,1,1,lying,lying,True,0.40577194,0.058896642,0.18660328,0.046689335,0.014513054,0.013435059,0.0054764925,0.093117386,0.043879155,0.10085019,0.0100850165,0.02068249,0.40577194
pamap2,gnn_attention_adj,window,1,101,101,102,180,180,180,0,0,1,1,lying,lying,True,0.44361445,0.040615994,0.11785507,0.029485106,0.009978843,0.02038028,0.0013520156,0.09472319,0.039368093,0.17552382,0.013865989,0.01323715,0.44361445
pamap2,gnn_attention_adj,window,1,101,101,102,181,181,181,0,0,1,1,lying,lying,True,0.38443047,0.024654975,0.12824814,0.059296526,0.0047053252,0.0053019533,0.000526519,0.092659384,0.012239114,0.27533448,0.0060064197,0.0065967767,0.38443047
pamap2,gnn_attention_adj,window,1,101,101,102,182,182,182,0,0,1,1,lying,lying,True,0.53084767,0.013169756,0.13003993,0.023583667,0.0016532306,0.001335605,7.27844e-05,0.045235556,0.0035602055,0.2469787,0.001400628,0.0021223102,0.53084767
pamap2,gnn_attention_adj,window,1,101,101,102,183,183,183,0,0,1,1,lying,lying,True,0.6275965,0.016831147,0.16624057,0.009554715,0.002133663,0.0016498499,9.345133e-05,0.02580647,0.0038067284,0.14223355,0.0014818885,0.002571488,0.6275965
pamap2,gnn_attention_adj,window,1,101,101,102,184,184,184,0,0,1,1,lying,lying,True,0.7905817,0.013946586,0.09944394,0.0035677187,0.0016863772,0.0014617067,8.424868e-05,0.0150533635,0.0029991088,0.068444744,0.00073824276,0.0019921951,0.7905817
pamap2,gnn_attention_adj,window,1,101,101,102,185,185,185,0,0,1,1,lying,lying,True,0.81506187,0.016437365,0.10181197,0.0036018074,0.0017621015,0.000869279,8.0618855e-05,0.012706008,0.0026277106,0.042603027,0.00056636264,0.0018718472,0.81506187
pamap2,gnn_attention_adj,window,1,101,101,102,186,186,186,0,0,1,1,lying,lying,True,0.776602,0.021208484,0.15049894,0.0052102106,0.001969447,0.00041824573,7.290339e-05,0.011844358,0.002379781,0.027383054,0.00046552785,0.0019470109,0.776602
pamap2,gnn_attention_adj,window,1,101,101,102,187,187,187,0,0,1,1,lying,lying,True,0.7974545,0.020717472,0.13992253,0.0044163736,0.0018074599,0.00031592074,6.260455e-05,0.0101269735,0.002077582,0.020993313,0.00035955026,0.0017456928,0.7974545
pamap2,gnn_attention_adj,window,1,101,101,102,188,188,188,0,0,1,1,lying,lying,True,0.7904561,0.020827852,0.1517989,0.003837219,0.0017343669,0.00026785576,5.7161167e-05,0.00936308,0.0019767536,0.017639192,0.00031841133,0.0017231015,0.7904561
pamap2,gnn_attention_adj,window,1,101,101,102,189,189,189,0,0,1,1,lying,lying,True,0.7833316,0.020578556,0.15550214,0.0038708337,0.001816771,0.00032854924,6.290213e-05,0.009965684,0.002145742,0.020181416,0.00036414404,0.001851518,0.7833316
pamap2,gnn_attention_adj,window,1,101,101,102,190,190,190,0,0,1,1,lying,lying,True,0.78125024,0.020475589,0.15801315,0.0038216445,0.0018015184,0.00032732802,6.257503e-05,0.009967321,0.0021428526,0.019924633,0.00036059108,0.001852481,0.78125024
pamap2,gnn_attention_adj,window,1,101,101,102,191,191,191,0,0,1,1,lying,lying,True,0.78557944,0.01861343,0.15278588,0.0039058598,0.0017023752,0.00036260582,5.8897414e-05,0.010247705,0.002135539,0.02245809,0.00035731486,0.0017928691,0.78557944
pamap2,gnn_attention_adj,window,1,101,101,102,192,192,192,0,0,1,1,lying,lying,True,0.78399247,0.01884974,0.15445682,0.0039057392,0.0017307233,0.0003654566,6.099971e-05,0.010290905,0.0021690626,0.021987475,0.00035879912,0.0018318177,0.78399247
pamap2,gnn_attention_adj,window,1,101,101,102,193,193,193,0,0,1,1,lying,lying,True,0.79404175,0.01987094,0.15263477,0.0033504118,0.00163286,0.000244938,5.2525564e-05,0.00870215,0.0018795287,0.015663298,0.00027475585,0.0016520637,0.79404175
pamap2,gnn_attention_adj,window,1,101,101,102,194,194,194,0,0,1,1,lying,lying,True,0.79000574,0.019672628,0.15624215,0.0033023101,0.0016172534,0.00025121367,5.125108e-05,0.008742544,0.00188277,0.016292129,0.00028336933,0.0016565595,0.79000574
pamap2,gnn_attention_adj,window,1,101,101,102,195,195,195,0,0,1,1,lying,lying,True,0.7865507,0.019600103,0.15932438,0.00327349,0.0016045294,0.00025249316,4.9832062e-05,0.008734503,0.0018748933,0.01678979,0.0002901872,0.0016550956,0.7865507
pamap2,gnn_attention_adj,window,1,101,101,102,196,196,196,0,0,1,1,lying,lying,True,0.7947574,0.019448819,0.1529346,0.0031231018,0.0015806867,0.0002417846,4.9251645e-05,0.0083966,0.0018267116,0.01575555,0.00027231668,0.0016132,0.7947574
pamap2,gnn_attention_adj,window,1,101,101,102,197,197,197,0,0,1,1,lying,lying,True,0.8018375,0.01962153,0.14743344,0.0030656669,0.0015726719,0.0002243952,4.907619e-05,0.0081260055,0.0017808033,0.014464864,0.00025229648,0.0015718009,0.8018375
pamap2,gnn_attention_adj,window,1,101,101,102,198,198,198,0,0,1,1,lying,lying,True,0.80563426,0.019863702,0.14484596,0.0030321605,0.0015621284,0.00020619808,4.816923e-05,0.007883171,0.0017328294,0.013421662,0.00023595813,0.0015337515,0.80563426
pamap2,gnn_attention_adj,window,1,101,101,102,199,199,199,0,0,1,1,lying,lying,True,0.80552226,0.020114096,0.14493777,0.0030454919,0.0015777437,0.00020405039,4.9013444e-05,0.007874832,0.0017410092,0.013156638,0.00023456625,0.001542515,0.80552226
pamap2,gnn_attention_adj,window,1,101,101,102,200,200,200,0,0,1,1,lying,lying,True,0.8026098,0.019859513,0.14709638,0.003092746,0.0015782544,0.00021418952,4.912313e-05,0.008049113,0.0017658501,0.013878231,0.00024381166,0.001563118,0.8026098
pamap2,gnn_attention_adj,window,1,101,101,102,201,201,201,0,0,1,1,lying,lying,True,0.79808605,0.01956388,0.1506839,0.0031162407,0.0015730944,0.00022677299,4.8765825e-05,0.008237498,0.0017924589,0.014829892,0.00025662017,0.0015848716,0.79808605
pamap2,gnn_attention_adj,window,1,101,101,102,202,202,202,0,0,1,1,lying,lying,True,0.79636735,0.019513717,0.15204196,0.0031089194,0.0015799224,0.00023332944,4.927142e-05,0.008314268,0.0018130699,0.015113566,0.00026181422,0.0016028264,0.79636735
pamap2,gnn_attention_adj,window,1,101,101,102,203,203,203,0,0,1,1,lying,lying,True,0.7966373,0.019733986,0.15179947,0.0031284934,0.0015908027,0.00023031773,4.9922885e-05,0.008309169,0.0018158581,0.0148396455,0.0002598299,0.0016052101,0.7966373
pamap2,gnn_attention_adj,window,1,101,101,102,204,204,204,0,0,1,1,lying,lying,True,0.8014829,0.019746972,0.14796196,0.0030887264,0.0015787365,0.00022007835,4.9407932e-05,0.008117437,0.0017804591,0.014151513,0.0002479252,0.0015737796,0.8014829
pamap2,gnn_attention_adj,window,1,101,101,102,205,205,205,0,0,1,1,lying,lying,True,0.8069994,0.019937405,0.14352897,0.0030638464,0.0015685016,0.0002045734,4.872232e-05,0.007898403,0.0017335026,0.013250948,0.00023347692,0.0015323558,0.8069994
pamap2,gnn_attention_adj,window,1,101,101,102,206,206,206,0,0,1,1,lying,lying,True,0.80433327,0.020321444,0.14569776,0.0031187355,0.0016007436,0.00020576442,5.0541967e-05,0.008005688,0.0017669379,0.013100717,0.0002355816,0.0015627665,0.80433327
pamap2,gnn_attention_adj,window,1,101,101,102,207,207,207,0,0,1,1,lying,lying,True,0.8060284,0.020055844,0.14413561,0.003090565,0.0015847032,0.00020918711,4.9910548e-05,0.007975379,0.0017584512,0.013323552,0.00023721012,0.0015510777,0.8060284
pamap2,gnn_attention_adj,window,1,101,101,102,208,208,208,0,0,1,1,lying,lying,True,0.7999423,0.019979132,0.14911257,0.003146377,0.0015981818,0.00021995108,5.0233895e-05,0.008194799,0.0017984622,0.014117659,0.00024998232,0.0015903844,0.7999423
pamap2,gnn_attention_adj,window,1,101,101,102,209,209,209,0,0,1,1,lying,lying,True,0.797497,0.019704215,0.15144819,0.0031338686,0.0015778341,0.00022131257,4.883311e-05,0.008224352,0.0017887709,0.014518741,0.00025214718,0.0015847774,0.797497
pamap2,gnn_attention_adj,window,1,101,101,102,210,210,210,0,0,1,1,lying,lying,True,0.8009492,0.019663345,0.14860487,0.0031064614,0.0015684104,0.00021609092,4.8525155e-05,0.008110543,0.0017657285,0.0141571965,0.00024524896,0.0015644428,0.8009492
pamap2,gnn_attention_adj,window,1,101,101,102,211,211,211,0,0,1,1,lying,lying,True,0.8058518,0.019849842,0.14437021,0.0030587239,0.0015696624,0.0002104608,4.9023307e-05,0.00796706,0.00174795,0.013544248,0.00023821581,0.0015427428,0.8058518
pamap2,gnn_attention_adj,window,1,101,101,102,212,212,212,0,0,1,1,lying,lying,True,0.8069294,0.020027196,0.143401,0.003077399,0.0015820567,0.00020805848,4.9878257e-05,0.007957199,0.0017534157,0.013233223,0.00023511093,0.0015459937,0.8069294
pamap2,gnn_attention_adj,window,1,101,101,102,213,213,213,0,0,1,1,lying,lying,True,0.80423844,0.020242026,0.14575109,0.0031259498,0.0015974013,0.0002075164,5.0572697e-05,0.008023129,0.0017700754,0.013193445,0.00023645094,0.0015639478,0.80423844
pamap2,gnn_attention_adj,window,1,101,101,102,214,214,214,0,0,1,1,lying,lying,True,0.8036722,0.01989379,0.14635047,0.0031028201,0.0015733769,0.0002096725,4.910866e-05,0.008032595,0.0017556249,0.01357061,0.00023835372,0.0015514109,0.8036722
pamap2,gnn_attention_adj,window,1,101,101,102,215,215,215,0,0,1,1,lying,lying,True,0.7970211,0.019650528,0.15147296,0.0031555006,0.001581797,0.00022803423,4.940479e-05,0.008324315,0.0018052271,0.01485965,0.0002577764,0.0015938217,0.7970211
pamap2,gnn_attention_adj,window,1,101,101,102,216,216,216,0,0,1,1,lying,lying,True,0.79735714,0.01956261,0.15093726,0.003139683,0.0015827537,0.00023326678,4.964117e-05,0.0083496235,0.0018133905,0.0151131535,0.00026182583,0.0015997073,0.79735714
pamap2,gnn_attention_adj,window,1,101,101,102,217,217,217,0,0,1,1,lying,lying,True,0.8006079,0.019644516,0.14871585,0.0030917707,0.0015734744,0.00022203312,4.919389e-05,0.008152721,0.0017827487,0.014334608,0.00024953551,0.0015755752,0.8006079
pamap2,gnn_attention_adj,window,1,101,101,102,218,218,218,0,0,1,1,lying,lying,True,0.8050707,0.019938998,0.1449364,0.0030739463,0.0015804113,0.0002125639,4.9760994e-05,0.008016728,0.0017625719,0.013563036,0.00023984136,0.0015550787,0.8050707
pamap2,gnn_attention_adj,window,1,101,101,102,219,219,219,0,0,1,1,lying,lying,True,0.8075061,0.020147849,0.14305095,0.003053946,0.0015833958,0.0002042393,4.9791055e-05,0.007896642,0.0017445257,0.012990154,0.00023220303,0.00154025,0.8075061
pamap2,gnn_attention_adj,window,1,101,101,102,220,220,220,0,0,1,1,lying,lying,True,0.8085048,0.020098865,0.1424214,0.003037754,0.001572318,0.00020033674,4.9128917e-05,0.00781871,0.0017278235,0.012814815,0.00022843899,0.0015255379,0.8085048
pamap2,gnn_attention_adj,window,1,101,101,102,221,221,221,0,0,1,1,lying,lying,True,0.8069733,0.019935256,0.14352797,0.0030491103,0.0015699778,0.00020736658,4.9191727e-05,0.007912589,0.0017424545,0.013261865,0.00023472784,0.0015362318,0.8069733
pamap2,gnn_attention_adj,window,1,101,101,102,222,222,222,0,0,1,1,lying,lying,True,0.80277085,0.019617941,0.14690472,0.0030574563,0.0015677145,0.00022057793,4.9105256e-05,0.008083132,0.0017725077,0.014145302,0.00024670266,0.001563961,0.80277085
pamap2,gnn_attention_adj,window,1,101,101,102,223,223,223,0,0,1,1,lying,lying,True,0.80354744,0.019604832,0.1463175,0.0030446125,0.0015627219,0.00021833851,4.875574e-05,0.008042151,0.0017623251,0.014051105,0.00024472116,0.0015554475,0.80354744
pamap2,gnn_attention_adj,window,1,101,101,102,224,224,224,0,0,1,1,lying,lying,True,0.8053195,0.019869033,0.14476538,0.0030921048,0.001575429,0.00021090847,4.9379218e-05,0.008016612,0.0017555478,0.013558419,0.00023823559,0.0015494778,0.8053195
pamap2,gnn_attention_adj,window,1,101,101,102,225,225,225,0,0,1,1,lying,lying,True,0.8081437,0.020107584,0.14238577,0.003080587,0.0015846129,0.0002047537,5.0005747e-05,0.007924897,0.0017467499,0.012999339,0.000231665,0.0015403846,0.8081437
pamap2,gnn_attention_adj,window,1,101,101,102,226,226,226,0,0,1,1,lying,lying,True,0.8080386,0.020338302,0.14213106,0.0031208459,0.0016032811,0.00020575074,5.0974693e-05,0.00797936,0.0017611707,0.012985656,0.00023419307,0.0015509812,0.8080386
pamap2,gnn_attention_adj,window,1,101,101,102,227,227,227,0,0,1,1,lying,lying,True,0.8062351,0.020110868,0.14405839,0.003095309,0.0015913848,0.00020811394,5.0459243e-05,0.00797828,0.0017643336,0.013117811,0.00023448694,0.0015555073,0.8062351
pamap2,gnn_attention_adj,window,1,101,101,102,228,228,228,0,0,1,1,lying,lying,True,0.8017495,0.01977416,0.14766318,0.00310178,0.0015869075,0.00022209331,5.026822e-05,0.008167377,0.0017940927,0.014062025,0.00024740645,0.0015812063,0.8017495
pamap2,gnn_attention_adj,window,1,101,101,102,229,229,229,0,0,1,1,lying,lying,True,0.8011375,0.01954609,0.14825122,0.0030565371,0.0015723512,0.00022576947,4.942131e-05,0.00815472,0.0017889376,0.014388562,0.0002505641,0.0015782359,0.8011375
pamap2,gnn_attention_adj,window,1,101,101,102,230,230,230,0,0,1,1,lying,lying,True,0.8002621,0.020046527,0.14869563,0.003118914,0.0016120053,0.0002250417,5.149505e-05,0.008227396,0.0018194105,0.014084162,0.0002520427,0.0016051664,0.8002621
pamap2,gnn_attention_adj,window,1,101,101,102,231,231,231,0,0,1,1,lying,lying,True,0.8029162,0.020237943,0.14648382,0.00312563,0.0016169909,0.00021821445,5.1915562e-05,0.008148054,0.0018071414,0.013556954,0.00024486217,0.001592248,0.8029162
pamap2,gnn_attention_adj,window,1,101,101,102,232,232,232,0,0,1,1,lying,lying,True,0.81045693,0.01999315,0.14047195,0.003042048,0.0015698866,0.00020273513,4.9308677e-05,0.0078396695,0.0017275104,0.012897382,0.00022894295,0.0015204671,0.81045693
pamap2,gnn_attention_adj,window,1,101,101,102,233,233,233,0,0,1,1,lying,lying,True,0.81216806,0.019927692,0.13926572,0.003024212,0.0015565944,0.00019706164,4.8564245e-05,0.007746459,0.0017045485,0.012635849,0.00022296302,0.0015021376,0.81216806
pamap2,gnn_attention_adj,window,1,101,101,102,234,234,234,0,0,1,1,lying,lying,True,0.8097055,0.020154163,0.14134689,0.0030487825,0.0015779,0.00019907593,4.9633614e-05,0.007814655,0.0017292514,0.012622364,0.00022579092,0.0015259803,0.8097055
pamap2,gnn_attention_adj,window,1,101,101,102,235,235,235,0,0,1,1,lying,lying,True,0.8040048,0.020119743,0.14575452,0.003115659,0.0015984733,0.00021328572,5.0754483e-05,0.00807828,0.0017819201,0.013471076,0.00024083171,0.0015706476,0.8040048
pamap2,gnn_attention_adj,window,1,101,101,102,236,236,236,0,0,1,1,lying,lying,True,0.79975593,0.019788986,0.14951663,0.0031021067,0.0015878092,0.00022222113,5.0056653e-05,0.008184273,0.0017980844,0.014155821,0.00024893618,0.0015891541,0.79975593
pamap2,gnn_attention_adj,window,1,101,101,102,237,237,237,0,0,1,1,lying,lying,True,0.802428,0.019622102,0.14726537,0.0030672604,0.001565222,0.00021803328,4.8705093e-05,0.008092917,0.0017648534,0.014123305,0.00024517556,0.0015590364,0.802428
pamap2,gnn_attention_adj,window,1,101,101,102,238,238,238,0,0,1,1,lying,lying,True,0.8054569,0.01961117,0.14482342,0.003059068,0.001559705,0.00021260745,4.8684546e-05,0.00800474,0.0017482701,0.013694758,0.00023756604,0.0015431725,0.8054569
pamap2,gnn_attention_adj,window,1,101,101,102,239,239,239,0,0,1,1,lying,lying,True,0.8073603,0.019874532,0.1430311,0.003081592,0.0015723113,0.00020829908,4.9352744e-05,0.007957986,0.001745437,0.013345166,0.00023472914,0.0015391512,0.8073603
pamap2,gnn_attention_adj,window,1,101,101,102,240,240,240,0,0,1,1,lying,lying,True,0.80934936,0.02003538,0.14150032,0.003061447,0.0015711304,0.00020158221,4.927986e-05,0.007854034,0.0017284726,0.012896698,0.00022873517,0.0015236437,0.80934936
pamap2,gnn_attention_adj,window,1,101,101,102,241,241,241,0,0,1,1,lying,lying,True,0.8086029,0.02034588,0.1420617,0.003092642,0.001594563,0.00020044018,5.0573577e-05,0.007888407,0.0017462715,0.012648466,0.00022817712,0.00153994,0.8086029
pamap2,gnn_attention_adj,window,1,101,101,102,242,242,242,0,0,1,1,lying,lying,True,0.80486536,0.020311147,0.14473502,0.0031694563,0.0016099992,0.00021049887,5.1229486e-05,0.008093991,0.0017815316,0.013361246,0.00024016651,0.0015703132,0.80486536
pamap2,gnn_attention_adj,window,1,101,101,102,243,243,243,0,0,1,1,lying,lying,True,0.7988206,0.020078976,0.1498319,0.00318456,0.0016096818,0.0002225155,5.1076215e-05,0.008298248,0.0018140319,0.0142333135,0.0002526912,0.0016022545,0.7988206
pamap2,gnn_attention_adj,window,1,101,101,102,244,244,244,0,0,1,1,lying,lying,True,0.79933494,0.019537006,0.15003008,0.0030842081,0.0015661954,0.0002218639,4.8691734e-05,0.00817297,0.001780893,0.014398872,0.0002490271,0.0015752092,0.79933494
pamap2,gnn_attention_adj,window,1,101,101,102,245,245,245,0,0,1,1,lying,lying,True,0.8001232,0.019640569,0.14917982,0.003079359,0.0015745778,0.00022327383,4.9313436e-05,0.008176736,0.0017877475,0.014337349,0.00025003697,0.0015780247,0.8001232
pamap2,gnn_attention_adj,window,1,101,101,102,246,246,246,0,0,1,1,lying,lying,True,0.7964896,0.02011356,0.1512282,0.0032630991,0.001635775,0.00023302567,5.2672814e-05,0.008507913,0.0018577833,0.014717314,0.0002618447,0.0016391441,0.7964896
pamap2,gnn_attention_adj,window,1,101,101,102,247,247,247,0,0,1,1,lying,lying,True,0.7840313,0.023162227,0.15614176,0.0045616836,0.0019018548,0.00025110325,7.027086e-05,0.010132572,0.0021161123,0.015484274,0.0003060714,0.0018408138,0.7840313
pamap2,gnn_attention_adj,window,1,101,101,102,248,248,248,0,0,1,1,lying,lying,True,0.84201735,0.02099477,0.08729795,0.007729372,0.0018242458,0.00024384756,5.916128e-05,0.013538427,0.0017871183,0.02271506,0.00033288362,0.0014598281,0.84201735
pamap2,gnn_attention_adj,window,1,101,101,102,249,249,249,0,0,1,1,lying,lying,True,0.8265492,0.014492857,0.040402662,0.008019346,0.0018024478,0.00069464516,8.323957e-05,0.02496286,0.0024182512,0.07858241,0.0005347836,0.0014572646,0.8265492
pamap2,gnn_attention_adj,window,1,101,101,102,250,250,250,0,0,1,1,lying,lying,True,0.88630974,0.0070352317,0.014237029,0.0027043913,0.00071996264,0.00060092536,3.1412772e-05,0.016408319,0.001422955,0.06971879,0.00019465787,0.0006165277,0.88630974
pamap2,gnn_attention_adj,window,1,101,101,102,251,251,251,0,0,1,1,lying,lying,True,0.5356384,0.01006283,0.034796562,0.021819724,0.0015040677,0.0017900063,0.00014739505,0.08021342,0.004375782,0.30700365,0.0008947297,0.0017534812,0.5356384
pamap2,gnn_attention_adj,window,1,101,101,102,252,252,252,0,0,1,1,lying,lying,True,0.89535236,0.027093265,0.022846326,0.0035461087,0.00430629,0.0007600079,0.00010928359,0.013097996,0.003578444,0.025747338,0.0011032721,0.0024592632,0.89535236
pamap2,gnn_attention_adj,window,1,101,101,102,253,253,253,0,0,1,1,lying,lying,True,0.90758467,0.0579446,0.011911989,0.0014634435,0.0054530925,0.00029624588,0.00027627114,0.0052106865,0.00314553,0.004331887,0.00046994182,0.0019116623,0.90758467
pamap2,gnn_attention_adj,window,1,101,101,102,254,254,254,0,0,1,1,lying,lying,True,0.80339533,0.10797863,0.023270791,0.0063898508,0.011952832,0.00090863917,0.00066563324,0.015821353,0.0066984696,0.01659428,0.0022323313,0.0040918137,0.80339533
pamap2,gnn_attention_adj,window,1,101,101,102,255,255,255,0,0,1,1,lying,lying,True,0.75199354,0.12990022,0.028330822,0.015286875,0.015613611,0.00085783226,0.0008237259,0.024736725,0.008783608,0.01576378,0.0027250573,0.0051842434,0.75199354
pamap2,gnn_attention_adj,window,1,101,101,102,256,256,256,0,0,1,1,lying,lying,True,0.8993551,0.057895835,0.017157197,0.0022263697,0.0043327482,0.00038475025,0.00026048877,0.0065889964,0.002906611,0.006569113,0.0006541213,0.0016686503,0.8993551
pamap2,gnn_attention_adj,window,1,101,101,102,257,257,257,0,0,1,1,lying,lying,True,0.9600387,0.023134848,0.009996713,0.00036576932,0.0013688699,0.00012059568,6.908947e-05,0.001731571,0.0010655099,0.0014090117,0.00010078279,0.0005986073,0.9600387
pamap2,gnn_attention_adj,window,1,101,101,102,258,258,258,0,0,1,1,lying,lying,True,0.94313025,0.03511362,0.014310109,0.0005594724,0.0017204834,7.069454e-05,4.803303e-05,0.0016729303,0.0009298859,0.0016527346,0.00014281139,0.0006488898,0.94313025
pamap2,gnn_attention_adj,window,1,101,101,102,259,259,259,0,0,1,1,lying,lying,True,0.9409575,0.037781086,0.013424343,0.0005300349,0.0020583647,8.917629e-05,0.00010834083,0.0019110787,0.0012762991,0.000965693,9.995217e-05,0.0007981626,0.9409575
pamap2,gnn_attention_adj,window,1,101,101,102,260,260,260,0,0,1,1,lying,lying,True,0.94577646,0.036023013,0.010900556,0.000578577,0.0017975954,6.0882197e-05,5.77107e-05,0.0017814026,0.0009025388,0.0013875986,0.000116532465,0.0006171979,0.94577646
pamap2,gnn_attention_adj,window,1,101,101,102,261,261,261,0,0,1,1,lying,lying,True,0.9548294,0.031401783,0.008088441,0.00046429585,0.0015787148,3.662859e-05,4.878312e-05,0.0014450151,0.0007201988,0.0008252231,6.1013452e-05,0.00050045276,0.9548294
pamap2,gnn_attention_adj,window,1,101,101,102,262,262,262,0,0,1,1,lying,lying,True,0.96387744,0.028857252,0.00450813,0.00016135581,0.0010959636,9.5772675e-06,2.5196403e-05,0.0006083184,0.00038929217,0.00018651743,1.4342492e-05,0.00026670878,0.96387744
pamap2,gnn_attention_adj,window,1,101,101,102,263,263,263,0,0,1,1,lying,lying,True,0.96523106,0.02775442,0.0044201105,0.00014994609,0.0010317962,8.918532e-06,2.2861488e-05,0.00057281816,0.00036764328,0.00017568216,1.3152447e-05,0.0002516432,0.96523106
pamap2,gnn_attention_adj,window,1,101,101,102,264,264,264,0,0,1,1,lying,lying,True,0.9657273,0.026291395,0.005213445,0.00016983408,0.0010168398,1.1178294e-05,2.3554796e-05,0.00064321,0.00039694132,0.00021734252,1.5400778e-05,0.00027344495,0.9657273
pamap2,gnn_attention_adj,window,1,101,101,102,265,265,265,0,0,1,1,lying,lying,True,0.96646076,0.024417,0.006146175,0.00018990356,0.0010037331,1.450906e-05,2.4655008e-05,0.00072306773,0.00043662032,0.0002665322,1.7722823e-05,0.00029929524,0.96646076
pamap2,gnn_attention_adj,window,1,101,101,102,266,266,266,0,0,1,1,lying,lying,True,0.9687043,0.022605935,0.0059491536,0.0001683374,0.00091609784,1.3758289e-05,2.1673395e-05,0.00066752743,0.00040881417,0.00025056116,1.5861675e-05,0.00027802994,0.9687043
pamap2,gnn_attention_adj,window,1,101,101,102,267,267,267,0,0,1,1,lying,lying,True,0.9686149,0.022945449,0.005743556,0.00016236458,0.0009206698,1.3068855e-05,2.1291811e-05,0.0006472892,0.0004010505,0.00024128634,1.5460046e-05,0.0002736898,0.9686149
pamap2,gnn_attention_adj,window,1,101,101,102,268,268,268,0,0,1,1,lying,lying,True,0.96372706,0.024137063,0.008163542,0.00027230766,0.0011695188,2.6274265e-05,3.2523563e-05,0.0009964377,0.0005814528,0.00046156393,2.9922709e-05,0.0004022729,0.96372706
pamap2,gnn_attention_adj,window,1,101,101,102,269,269,269,0,0,1,1,lying,lying,True,0.9571787,0.024795601,0.012020845,0.00044821584,0.0013522167,5.675066e-05,3.5713434e-05,0.0014838313,0.00075801427,0.0012489351,7.5845535e-05,0.00054527394,0.9571787
pamap2,gnn_attention_adj,window,1,101,101,102,270,270,270,0,0,1,1,lying,lying,True,0.9575349,0.022706116,0.013533884,0.0004561591,0.0013754126,6.771799e-05,4.7790454e-05,0.00168713,0.0008923525,0.001029517,5.8464415e-05,0.0006106046,0.9575349
pamap2,gnn_attention_adj,window,1,101,101,102,271,271,271,0,0,1,1,lying,lying,True,0.96190023,0.02271321,0.010670024,0.00032397883,0.0011846608,4.364814e-05,3.994693e-05,0.0012663477,0.0007263259,0.0006198607,3.7886733e-05,0.00047390928,0.96190023
pamap2,gnn_attention_adj,window,1,101,101,102,272,272,272,0,0,1,1,lying,lying,True,0.954574,0.028086673,0.0115212295,0.00043082927,0.0015252462,4.8527654e-05,4.9848688e-05,0.0014728642,0.00082419516,0.0008291533,5.8653433e-05,0.00057869265,0.954574
pamap2,gnn_attention_adj,window,1,101,101,102,273,273,273,0,0,1,1,lying,lying,True,0.95786786,0.026702067,0.009983667,0.0003934616,0.0014759836,4.412766e-05,4.9194176e-05,0.0013915796,0.0007906299,0.000706752,4.8858754e-05,0.0005457656,0.95786786
pamap2,gnn_attention_adj,window,1,101,101,102,274,274,274,0,0,1,1,lying,lying,True,0.9675115,0.022955112,0.0064720022,0.00019158042,0.0009765836,1.7530958e-05,2.5188881e-05,0.0007584946,0.00046253248,0.00030105788,1.9285397e-05,0.00030916874,0.9675115
pamap2,gnn_attention_adj,window,1,101,101,102,275,275,275,0,0,1,1,lying,lying,True,0.96720505,0.02388075,0.0060674464,0.00017643742,0.0009629566,1.3988711e-05,2.3155982e-05,0.00068689935,0.00042528356,0.00025272433,1.6544496e-05,0.00028867368,0.96720505
pamap2,gnn_attention_adj,window,1,101,101,102,276,276,276,0,0,1,1,lying,lying,True,0.96711606,0.02394077,0.0060862787,0.00017784812,0.0009670814,1.3945174e-05,2.3211005e-05,0.000689718,0.00042592364,0.00025299576,1.6542295e-05,0.00028979202,0.96711606
pamap2,gnn_attention_adj,window,1,101,101,102,277,277,277,0,0,1,1,lying,lying,True,0.9668742,0.02413688,0.00611043,0.00018068962,0.0009751141,1.3933831e-05,2.3374936e-05,0.00069478934,0.0004274093,0.0002551159,1.6717393e-05,0.00029146962,0.9668742
pamap2,gnn_attention_adj,window,1,101,101,102,278,278,278,0,0,1,1,lying,lying,True,0.9668992,0.023914631,0.006279864,0.000182735,0.00097061775,1.4589141e-05,2.3613447e-05,0.00070527126,0.00043438943,0.00026291693,1.7165536e-05,0.00029483315,0.9668992
pamap2,gnn_attention_adj,window,1,101,101,102,279,279,279,0,0,1,1,lying,lying,True,0.96719813,0.023543132,0.0063601937,0.00018245135,0.0009568323,1.4960146e-05,2.3530138e-05,0.0007076243,0.0004362273,0.0002653601,1.71899e-05,0.00029437972,0.96719813
pamap2,gnn_attention_adj,window,1,101,101,102,280,280,280,0,0,1,1,lying,lying,True,0.9671962,0.023636075,0.006282583,0.00018160265,0.00095860136,1.4624859e-05,2.3415749e-05,0.0007030127,0.00043249564,0.00026167394,1.6963097e-05,0.00029274166,0.9671962
pamap2,gnn_attention_adj,window,1,101,101,102,281,281,281,0,0,1,1,lying,lying,True,0.9670349,0.02390099,0.0061912746,0.00017947718,0.00096526806,1.42758745e-05,2.3350054e-05,0.0006948624,0.0004295914,0.00025759227,1.6848628e-05,0.00029158843,0.9670349
pamap2,gnn_attention_adj,window,1,101,101,102,282,282,282,0,0,1,1,lying,lying,True,0.96673834,0.024212116,0.0061667305,0.00018053022,0.00097554445,1.40517795e-05,2.352521e-05,0.00069530716,0.00042991125,0.00025471716,1.677864e-05,0.00029246273,0.96673834
pamap2,gnn_attention_adj,window,1,101,101,102,283,283,283,0,0,1,1,lying,lying,True,0.9670652,0.023858348,0.0062026596,0.000180104,0.000965012,1.4221629e-05,2.3287606e-05,0.0006964679,0.00042896872,0.00025738377,1.6768858e-05,0.0002915995,0.9670652
pamap2,gnn_attention_adj,window,1,101,101,102,284,284,284,0,0,1,1,lying,lying,True,0.9670183,0.023838872,0.006240699,0.00018325282,0.00096987485,1.4469067e-05,2.344994e-05,0.00070469646,0.0004324511,0.0002628841,1.7080576e-05,0.00029411033,0.9670183
pamap2,gnn_attention_adj,window,1,101,101,102,285,285,285,0,0,1,1,lying,lying,True,0.96718305,0.023575388,0.0063218405,0.0001839828,0.0009655854,1.5000315e-05,2.3661727e-05,0.0007122799,0.00043749288,0.0002680656,1.7340883e-05,0.00029637798,0.96718305
pamap2,gnn_attention_adj,window,1,101,101,102,286,286,286,0,0,1,1,lying,lying,True,0.96699965,0.023721727,0.0063416897,0.00018419542,0.00097154704,1.5188212e-05,2.4048404e-05,0.0007165204,0.00044159903,0.0002680171,1.7452074e-05,0.00029837684,0.96699965
pamap2,gnn_attention_adj,window,1,101,101,102,287,287,287,0,0,1,1,lying,lying,True,0.9668354,0.023925109,0.006329535,0.0001828216,0.0009693965,1.4721662e-05,2.3772172e-05,0.0007075741,0.00043670667,0.0002622185,1.7155224e-05,0.00029558226,0.9668354
pamap2,gnn_attention_adj,window,1,101,101,102,288,288,288,0,0,1,1,lying,lying,True,0.96775013,0.023275254,0.006160129,0.00017557395,0.0009340028,1.4345289e-05,2.2754666e-05,0.00068725104,0.00042296562,0.00025656438,1.6521866e-05,0.0002846321,0.96775013
pamap2,gnn_attention_adj,window,1,101,101,102,289,289,289,0,0,1,1,lying,lying,True,0.9678101,0.023315148,0.0060735643,0.00017459948,0.00093391375,1.4137467e-05,2.2625545e-05,0.0006820914,0.00042039368,0.0002541602,1.6403863e-05,0.00028284887,0.9678101
pamap2,gnn_attention_adj,window,1,101,101,102,290,290,290,0,0,1,1,lying,lying,True,0.96682835,0.024149021,0.0061626546,0.00017987884,0.0009676746,1.3867644e-05,2.3271892e-05,0.00069012167,0.00042674455,0.00025180355,1.6566528e-05,0.0002899911,0.96682835
pamap2,gnn_attention_adj,window,1,101,101,102,291,291,291,0,0,1,1,lying,lying,True,0.96677065,0.024161234,0.0061856206,0.00018057191,0.0009726058,1.4157802e-05,2.3540204e-05,0.00069628895,0.00043043538,0.00025572456,1.6853679e-05,0.00029227565,0.96677065
pamap2,gnn_attention_adj,window,1,101,101,102,292,292,292,0,0,1,1,lying,lying,True,0.96697694,0.023932042,0.0062175263,0.00018017106,0.00096445007,1.4260053e-05,2.3312565e-05,0.0006955776,0.00042971544,0.0002575258,1.6849013e-05,0.00029160822,0.96697694
pamap2,gnn_attention_adj,window,1,101,101,102,293,293,293,0,0,1,1,lying,lying,True,0.96696633,0.023784436,0.0063322186,0.00018404053,0.0009676368,1.486585e-05,2.3765351e-05,0.00071086327,0.00043787522,0.00026467085,1.7229368e-05,0.000296074,0.96696633
pamap2,gnn_attention_adj,window,1,101,101,102,294,294,294,0,0,1,1,lying,lying,True,0.9668045,0.023962682,0.006311419,0.00018508421,0.00097289175,1.4712883e-05,2.3900986e-05,0.0007111213,0.00043801032,0.00026232793,1.7156559e-05,0.00029623287,0.9668045
pamap2,gnn_attention_adj,window,1,101,101,102,295,295,295,0,0,1,1,lying,lying,True,0.96713847,0.023853028,0.006186758,0.00017751842,0.00095065404,1.3745983e-05,2.2766171e-05,0.0006826837,0.0004216943,0.00025007338,1.6305898e-05,0.00028622127,0.96713847
pamap2,gnn_attention_adj,window,1,101,101,102,296,296,296,0,0,1,1,lying,lying,True,0.9667723,0.024156373,0.0061895875,0.0001821859,0.0009717207,1.3992163e-05,2.3448201e-05,0.0006980896,0.00042904165,0.00025469039,1.6680662e-05,0.00029175455,0.9667723
pamap2,gnn_attention_adj,window,1,101,101,102,297,297,297,0,0,1,1,lying,lying,True,0.966764,0.02416479,0.006180748,0.0001826732,0.0009747511,1.405345e-05,2.34918e-05,0.0007000637,0.00042984437,0.0002562841,1.678696e-05,0.00029254358,0.966764
pamap2,gnn_attention_adj,window,1,101,101,102,298,298,298,0,0,1,1,lying,lying,True,0.966923,0.02399896,0.0062146275,0.00018053733,0.00096248393,1.4042512e-05,2.3232167e-05,0.0006942167,0.0004274256,0.0002547308,1.6647104e-05,0.0002901384,0.966923
pamap2,gnn_attention_adj,window,1,101,101,102,299,299,299,0,0,1,1,lying,lying,True,0.9667624,0.024146568,0.006211018,0.00018153226,0.00097049377,1.4074379e-05,2.344729e-05,0.0006969327,0.00042972478,0.00025504315,1.6743285e-05,0.0002919339,0.9667624
pamap2,gnn_attention_adj,window,1,101,101,102,300,300,300,0,0,1,1,lying,lying,True,0.9670323,0.02379903,0.0062769465,0.00018216486,0.0009643288,1.4532795e-05,2.340919e-05,0.00070219097,0.0004328285,0.00026171395,1.7037843e-05,0.00029344918,0.9670323
pamap2,gnn_attention_adj,window,1,101,101,102,301,301,301,0,0,1,1,lying,lying,True,0.96668655,0.024038022,0.006340235,0.00018538699,0.00097737,1.4850029e-05,2.4058641e-05,0.0007137803,0.00044011505,0.00026446304,1.7344033e-05,0.00029794162,0.96668655
pamap2,gnn_attention_adj,window,1,101,101,102,302,302,302,0,0,1,1,lying,lying,True,0.96690434,0.024006585,0.0062112696,0.0001815662,0.00096612494,1.41869305e-05,2.3430212e-05,0.0006981107,0.0004297383,0.00025644773,1.6782291e-05,0.00029142093,0.96690434
pamap2,gnn_attention_adj,window,1,101,101,102,303,303,303,0,0,1,1,lying,lying,True,0.96689725,0.024029473,0.0061993795,0.00018168196,0.00096623116,1.40756165e-05,2.3311202e-05,0.000696682,0.00042830745,0.0002560065,1.6741851e-05,0.0002908485,0.96689725
pamap2,gnn_attention_adj,window,1,101,101,102,304,304,304,0,0,1,1,lying,lying,True,0.96655434,0.024323836,0.0062372056,0.00018232696,0.00097366504,1.4023857e-05,2.3527351e-05,0.00069717254,0.00043037394,0.00025453485,1.6801672e-05,0.00029222725,0.96655434
pamap2,gnn_attention_adj,window,1,101,101,102,305,305,305,0,0,1,1,lying,lying,True,0.9665297,0.024412714,0.0061684637,0.00018190323,0.0009801061,1.3956432e-05,2.3697688e-05,0.00069646037,0.00043080896,0.0002525893,1.6741935e-05,0.00029286736,0.9665297
pamap2,gnn_attention_adj,window,1,101,101,102,306,306,306,0,0,1,1,lying,lying,True,0.9668191,0.024070472,0.0062266514,0.00018171978,0.0009697838,1.4196005e-05,2.3476903e-05,0.00069798395,0.00043082103,0.00025648088,1.682698e-05,0.00029259766,0.9668191
pamap2,gnn_attention_adj,window,1,101,101,102,307,307,307,0,0,1,1,lying,lying,True,0.9669234,0.023841087,0.0063351486,0.00018328238,0.00096551166,1.457332e-05,2.3500763e-05,0.0007057306,0.000433997,0.00026224586,1.7057186e-05,0.00029446793,0.9669234
pamap2,gnn_attention_adj,window,1,101,101,102,308,308,308,0,0,1,1,lying,lying,True,0.9668441,0.023956798,0.006316552,0.0001817652,0.0009637224,1.43488305e-05,2.3342931e-05,0.0006993069,0.00043116361,0.000259222,1.6939464e-05,0.00029260467,0.9668441
pamap2,gnn_attention_adj,window,1,101,101,102,309,309,309,0,0,1,1,lying,lying,True,0.9667174,0.023986515,0.006383018,0.00018540812,0.0009696068,1.4564574e-05,2.3638338e-05,0.0007090305,0.00043573155,0.00026228727,1.7111419e-05,0.0002956161,0.9667174
pamap2,gnn_attention_adj,window,1,101,101,102,310,310,310,0,0,1,1,lying,lying,True,0.9668161,0.023903057,0.006349893,0.00018615244,0.00097263354,1.48312e-05,2.3903187e-05,0.0007150998,0.00043893178,0.00026515615,1.7274859e-05,0.00029708375,0.9668161
pamap2,gnn_attention_adj,window,1,101,101,102,311,311,311,0,0,1,1,lying,lying,True,0.9661976,0.02441782,0.0063863955,0.00018983337,0.001000105,1.5121296e-05,2.475645e-05,0.0007291482,0.0004477332,0.00026974638,1.7836112e-05,0.00030394478,0.9661976
pamap2,gnn_attention_adj,window,1,101,101,102,312,312,312,0,0,1,1,lying,lying,True,0.96633744,0.024380442,0.0063324473,0.00018556321,0.0009906137,1.4647925e-05,2.418349e-05,0.00071421085,0.00044001697,0.000263515,1.741848e-05,0.00029947914,0.96633744
pamap2,gnn_attention_adj,window,1,101,101,102,313,313,313,0,0,1,1,lying,lying,True,0.9668813,0.024038257,0.006207104,0.00018172695,0.00096718513,1.4008027e-05,2.3295304e-05,0.0006963593,0.00042827052,0.00025468023,1.6628934e-05,0.00029119506,0.9668813
pamap2,gnn_attention_adj,window,1,101,101,102,314,314,314,0,0,1,1,lying,lying,True,0.96698564,0.023879746,0.0062498664,0.00018312504,0.0009649695,1.4244128e-05,2.3260121e-05,0.00070065405,0.00042996876,0.0002594578,1.6850032e-05,0.00029225872,0.96698564
pamap2,gnn_attention_adj,window,1,101,101,102,315,315,315,0,0,1,1,lying,lying,True,0.96653837,0.024145544,0.0063812374,0.0001864587,0.0009788693,1.4676718e-05,2.3880193e-05,0.0007124537,0.00043847354,0.00026470007,1.7358916e-05,0.0002978863,0.96653837
pamap2,gnn_attention_adj,window,1,101,101,102,316,316,316,0,0,1,1,lying,lying,True,0.9664346,0.02427497,0.006371428,0.0001852733,0.0009775119,1.4456872e-05,2.3780929e-05,0.0007071453,0.00043613868,0.0002611731,1.7204708e-05,0.00029630342,0.9664346
pamap2,gnn_attention_adj,window,1,101,101,102,317,317,317,0,0,1,1,lying,lying,True,0.9665462,0.02418976,0.006343182,0.0001854087,0.0009779063,1.4462238e-05,2.38078e-05,0.00070854876,0.0004364868,0.00026063563,1.710338e-05,0.00029657767,0.9665462
pamap2,gnn_attention_adj,window,1,101,101,102,318,318,318,0,0,1,1,lying,lying,True,0.9665713,0.024181461,0.006314414,0.00018602313,0.000983357,1.450903e-05,2.3873557e-05,0.00071034016,0.00043779044,0.0002618702,1.717907e-05,0.00029805838,0.9665713
pamap2,gnn_attention_adj,window,1,101,101,102,319,319,319,0,0,1,1,lying,lying,True,0.9664885,0.024325566,0.0062480955,0.00018670673,0.000987737,1.4425369e-05,2.4041421e-05,0.0007117063,0.0004373524,0.00026123275,1.7200991e-05,0.00029749388,0.9664885
pamap2,gnn_attention_adj,window,1,101,101,102,320,320,320,0,0,1,1,lying,lying,True,0.96662885,0.024215188,0.00623572,0.00018553298,0.0009804044,1.4393958e-05,2.3779745e-05,0.00070717605,0.0004351983,0.00026116453,1.7179995e-05,0.00029547457,0.96662885
pamap2,gnn_attention_adj,window,1,101,101,102,321,321,321,0,0,1,1,lying,lying,True,0.9668103,0.02399379,0.0063112644,0.00018394874,0.00096530805,1.4172015e-05,2.3244153e-05,0.00070006656,0.0004299687,0.0002586309,1.6859387e-05,0.0002923713,0.9668103
pamap2,gnn_attention_adj,window,1,101,101,102,322,322,322,0,0,1,1,lying,lying,True,0.9663921,0.024301274,0.006358713,0.00018800271,0.0009868843,1.4551928e-05,2.402227e-05,0.0007156019,0.0004390268,0.00026358443,1.7318556e-05,0.00029891994,0.9663921
pamap2,gnn_attention_adj,window,1,101,101,102,323,323,323,0,0,1,1,lying,lying,True,0.9661324,0.024523243,0.0063812765,0.00018907133,0.0009936349,1.4615629e-05,2.438129e-05,0.0007186581,0.00044221774,0.00026263954,1.7399349e-05,0.0003005015,0.9661324
pamap2,gnn_attention_adj,window,1,101,101,102,324,324,324,0,0,1,1,lying,lying,True,0.96649665,0.024328472,0.0062808236,0.00018440343,0.00097453815,1.4052218e-05,2.3558996e-05,0.0007005369,0.0004313132,0.00025575867,1.6836279e-05,0.00029312028,0.96649665
pamap2,gnn_attention_adj,window,1,101,101,102,325,325,325,0,0,1,1,lying,lying,True,0.9666609,0.024194391,0.006262612,0.00018282974,0.0009700639,1.40382235e-05,2.3381996e-05,0.000697581,0.00042979588,0.00025546204,1.6761242e-05,0.00029216224,0.9666609
pamap2,gnn_attention_adj,window,1,101,101,102,326,326,326,0,0,1,1,lying,lying,True,0.9665483,0.02440538,0.0061905645,0.00018075503,0.0009701813,1.3600226e-05,2.3197244e-05,0.0006879009,0.00042507725,0.00024915117,1.6453907e-05,0.0002894002,0.9665483
pamap2,gnn_attention_adj,window,1,101,101,102,327,327,327,0,0,1,1,lying,lying,True,0.96666706,0.024273163,0.006200605,0.0001810564,0.00096803834,1.3724904e-05,2.322553e-05,0.00069045316,0.00042591654,0.00025048864,1.6484499e-05,0.00028972072,0.96666706
pamap2,gnn_attention_adj,window,1,101,101,102,328,328,328,0,0,1,1,lying,lying,True,0.9661999,0.02450978,0.0063376892,0.00018871539,0.0009921616,1.4415341e-05,2.4169949e-05,0.000716356,0.0004388811,0.00026181157,1.7276514e-05,0.00029896398,0.9661999
pamap2,gnn_attention_adj,window,1,101,101,102,329,329,329,0,0,1,1,lying,lying,True,0.965875,0.02461416,0.006496344,0.00019272901,0.0010037344,1.5116303e-05,2.4961202e-05,0.00073462236,0.00044995107,0.0002698619,1.7872631e-05,0.00030560204,0.965875
pamap2,gnn_attention_adj,window,1,101,101,102,330,330,330,0,0,1,1,lying,lying,True,0.9661697,0.024411611,0.0064340155,0.00019052651,0.0009941556,1.4972769e-05,2.460322e-05,0.0007264068,0.00044637834,0.00026708745,1.7628108e-05,0.00030278743,0.9661697
pamap2,gnn_attention_adj,window,1,101,101,102,331,331,331,0,0,1,1,lying,lying,True,0.9662679,0.024358405,0.006415273,0.00018866318,0.0009872195,1.473407e-05,2.427695e-05,0.000719853,0.00044184463,0.00026444255,1.741088e-05,0.00030002816,0.9662679
pamap2,gnn_attention_adj,window,1,101,101,102,332,332,332,0,0,1,1,lying,lying,True,0.9665344,0.024276026,0.0062825843,0.00018448608,0.0009772781,1.4209551e-05,2.3692945e-05,0.0007049752,0.0004331318,0.00025782362,1.6940241e-05,0.0002944129,0.9665344
pamap2,gnn_attention_adj,window,1,101,101,102,333,333,333,0,0,1,1,lying,lying,True,0.9668095,0.024120765,0.0062188124,0.00018048138,0.0009625944,1.3733906e-05,2.300306e-05,0.000689797,0.00042415573,0.0002518205,1.6477907e-05,0.0002887808,0.9668095
pamap2,gnn_attention_adj,window,1,101,101,102,334,334,334,0,0,1,1,lying,lying,True,0.96644455,0.024459846,0.006201984,0.00018327251,0.000980995,1.3908035e-05,2.3640412e-05,0.00069818075,0.00043053442,0.00025324334,1.6765322e-05,0.00029308573,0.96644455
pamap2,gnn_attention_adj,window,1,101,101,102,335,335,335,0,0,1,1,lying,lying,True,0.966609,0.024314368,0.006202087,0.00018137266,0.0009730179,1.3920156e-05,2.3358185e-05,0.0006925034,0.00042855885,0.00025369064,1.6762515e-05,0.00029139302,0.966609
pamap2,gnn_attention_adj,window,1,101,101,102,336,336,336,0,0,1,1,lying,lying,True,0.96663105,0.024139391,0.0063162474,0.00018498041,0.0009760885,1.4417539e-05,2.363758e-05,0.0007052485,0.0004352277,0.00026078534,1.7118295e-05,0.00029579978,0.96663105
pamap2,gnn_attention_adj,window,1,101,101,102,337,337,337,0,0,1,1,lying,lying,True,0.9666859,0.024022853,0.0063731237,0.00018543584,0.0009723411,1.4612473e-05,2.3697155e-05,0.0007089861,0.00043676616,0.0002627183,1.7187383e-05,0.0002963474,0.9666859
pamap2,gnn_attention_adj,window,1,101,101,102,338,338,338,0,0,1,1,lying,lying,True,0.96659756,0.024079526,0.006386727,0.00018635846,0.0009777825,1.4747996e-05,2.3910503e-05,0.0007141483,0.00043918358,0.0002646552,1.733379e-05,0.00029806737,0.96659756
pamap2,gnn_attention_adj,window,1,101,101,102,339,339,339,0,0,1,1,lying,lying,True,0.9669657,0.023828309,0.006323995,0.00018231742,0.0009599238,1.4446867e-05,2.3286897e-05,0.0007008193,0.00043164723,0.00026021292,1.6950336e-05,0.00029229894,0.9669657
pamap2,gnn_attention_adj,window,1,101,101,102,340,340,340,0,0,1,1,lying,lying,True,0.96685725,0.024026264,0.0062461733,0.00018170686,0.0009635411,1.4084782e-05,2.3259294e-05,0.00069626496,0.00042837282,0.0002555836,1.6716702e-05,0.00029067814,0.96685725
pamap2,gnn_attention_adj,window,1,101,101,102,341,341,341,0,0,1,1,lying,lying,True,0.9668059,0.024076104,0.006230451,0.00018388931,0.0009693535,1.4118354e-05,2.3434483e-05,0.0007009482,0.0004301439,0.0002567238,1.6783702e-05,0.00029217344,0.9668059
pamap2,gnn_attention_adj,window,1,101,101,102,342,342,342,0,0,1,1,lying,lying,True,0.9667303,0.0240686,0.006296558,0.0001841738,0.000971508,1.442701e-05,2.3643457e-05,0.00070532627,0.00043410482,0.00025994898,1.704604e-05,0.00029438047,0.9667303
pamap2,gnn_attention_adj,window,1,101,101,102,343,343,343,0,0,1,1,lying,lying,True,0.9666822,0.024054265,0.006345375,0.0001853667,0.00097333797,1.4566822e-05,2.3697112e-05,0.00070930936,0.00043585576,0.0002630061,1.7200126e-05,0.00029591672,0.9666822
pamap2,gnn_attention_adj,window,1,101,101,102,344,344,344,0,0,1,1,lying,lying,True,0.9671336,0.023742212,0.00626612,0.00018104118,0.0009533921,1.4240005e-05,2.2984583e-05,0.0006945427,0.00042716146,0.00025865325,1.6799817e-05,0.00028943078,0.9671336
pamap2,gnn_attention_adj,window,1,101,101,102,345,345,345,0,0,1,1,lying,lying,True,0.966771,0.02403027,0.0063003786,0.0001845925,0.0009689039,1.434014e-05,2.3586257e-05,0.0007049071,0.00043307486,0.00025844114,1.690868e-05,0.00029360305,0.966771
pamap2,gnn_attention_adj,window,1,101,101,102,346,346,346,0,0,1,1,lying,lying,True,0.96661,0.024221443,0.006285971,0.00018381121,0.00096925325,1.4002761e-05,2.341705e-05,0.0006991936,0.00042957204,0.00025476032,1.6723907e-05,0.00029187757,0.96661
pamap2,gnn_attention_adj,window,1,101,101,102,347,347,347,0,0,1,1,lying,lying,True,0.96625113,0.024552315,0.0062862625,0.00018476228,0.0009829239,1.4066292e-05,2.3865468e-05,0.0007047028,0.0004330724,0.0002554134,1.6919392e-05,0.0002945538,0.96625113
pamap2,gnn_attention_adj,window,1,101,101,102,348,348,348,0,0,1,1,lying,lying,True,0.9664859,0.024328308,0.006285796,0.00018409686,0.0009756703,1.4136771e-05,2.3722236e-05,0.00070390163,0.0004321471,0.00025590588,1.6850838e-05,0.00029352514,0.9664859
pamap2,gnn_attention_adj,window,1,101,101,102,349,349,349,0,0,1,1,lying,lying,True,0.96664846,0.024087928,0.0063558733,0.0001850402,0.00096898444,1.4528287e-05,2.3718936e-05,0.0007075432,0.0004355073,0.00026068834,1.7089927e-05,0.00029459313,0.96664846
pamap2,gnn_attention_adj,window,1,101,101,102,350,350,350,0,0,1,1,lying,lying,True,0.966411,0.024253806,0.0064134914,0.00018673182,0.00097396126,1.4532492e-05,2.3900624e-05,0.0007109803,0.00043749795,0.00026077672,1.7146942e-05,0.0002961849,0.966411
pamap2,gnn_attention_adj,window,1,101,101,102,351,351,351,0,0,1,1,lying,lying,True,0.9668059,0.02393661,0.0063723954,0.00018279736,0.0009603484,1.4460302e-05,2.3468994e-05,0.0007028807,0.00043282044,0.00025883084,1.6907918e-05,0.00029268296,0.9668059
pamap2,gnn_attention_adj,window,1,101,101,102,352,352,352,0,0,1,1,lying,lying,True,0.9668951,0.023970032,0.006268146,0.00018167429,0.0009594474,1.4171812e-05,2.328491e-05,0.00069665426,0.0004289143,0.00025571362,1.6722122e-05,0.00029018873,0.9668951
pamap2,gnn_attention_adj,window,1,101,101,102,353,353,353,0,0,1,1,lying,lying,True,0.9669086,0.024077745,0.0061831824,0.00017897415,0.0009565568,1.3617667e-05,2.2853897e-05,0.0006845128,0.0004217897,0.00024921005,1.6312255e-05,0.0002866301,0.9669086
pamap2,gnn_attention_adj,window,1,101,101,102,354,354,354,0,0,1,1,lying,lying,True,0.9668956,0.024085037,0.006191198,0.00017822605,0.00095738034,1.3584187e-05,2.2768421e-05,0.000682785,0.0004213171,0.00024906886,1.6310278e-05,0.00028680422,0.9668956
pamap2,gnn_attention_adj,window,1,101,101,102,355,355,355,0,0,1,1,lying,lying,True,0.96677476,0.024034914,0.0063244533,0.00018146934,0.0009612329,1.4058327e-05,2.3180342e-05,0.0006954295,0.00042815352,0.000254761,1.6649998e-05,0.00029095812,0.96677476
pamap2,gnn_attention_adj,window,1,101,101,102,356,356,356,0,0,1,1,lying,lying,True,0.96669924,0.023945477,0.0064423475,0.00018512123,0.0009660195,1.4721372e-05,2.3691788e-05,0.0007104551,0.0004370078,0.0002629626,1.7162052e-05,0.00029582038,0.96669924
pamap2,gnn_attention_adj,window,1,101,101,102,357,357,357,0,0,1,1,lying,lying,True,0.9668878,0.023821719,0.0064082807,0.00018336182,0.0009562015,1.4490905e-05,2.3313261e-05,0.00070313,0.00043222166,0.00026020585,1.6910335e-05,0.0002924622,0.9668878
pamap2,gnn_attention_adj,window,1,101,101,102,358,358,358,0,0,1,1,lying,lying,True,0.9669368,0.023899209,0.006294783,0.00018249167,0.00095915253,1.414315e-05,2.3192675e-05,0.0006981621,0.00042854334,0.00025608926,1.6662048e-05,0.00029073225,0.9669368
pamap2,gnn_attention_adj,window,1,101,101,102,359,359,359,0,0,1,1,lying,lying,True,0.9667668,0.024058824,0.0062724976,0.00018431726,0.0009717257,1.432481e-05,2.3642973e-05,0.00070578384,0.00043316282,0.0002581021,1.6893295e-05,0.00029387488,0.9667668
pamap2,gnn_attention_adj,window,1,101,101,102,360,360,360,0,0,1,1,lying,lying,True,0.96697,0.023869472,0.0062755127,0.00018229529,0.00096417934,1.4364804e-05,2.3473203e-05,0.0007023155,0.0004316868,0.00025736532,1.6806654e-05,0.00029259367,0.96697
pamap2,gnn_attention_adj,window,1,101,101,102,361,361,361,0,0,1,1,lying,lying,True,0.9667662,0.023962997,0.006352015,0.00018473722,0.00097232906,1.4658703e-05,2.3828348e-05,0.00071116735,0.00043686724,0.00026166887,1.7119792e-05,0.00029627793,0.9667662
pamap2,gnn_attention_adj,window,1,101,101,102,362,362,362,0,0,1,1,lying,lying,True,0.9665862,0.02419158,0.006331746,0.00018313478,0.000969484,1.4224441e-05,2.3552733e-05,0.00070156256,0.0004319861,0.00025654578,1.6863612e-05,0.00029319158,0.9665862
pamap2,gnn_attention_adj,window,1,101,101,102,363,363,363,0,0,1,1,lying,lying,True,0.96664274,0.024093932,0.0063618002,0.00018406774,0.0009682564,1.4450268e-05,2.3700439e-05,0.0007063515,0.00043448692,0.0002589328,1.697141e-05,0.0002942261,0.96664274
pamap2,gnn_attention_adj,window,1,101,101,102,364,364,364,0,0,1,1,lying,lying,True,0.96693426,0.023810506,0.006359332,0.00018373175,0.0009606119,1.4614778e-05,2.3516452e-05,0.0007074194,0.0004340196,0.0002615512,1.7004639e-05,0.00029345442,0.96693426
pamap2,gnn_attention_adj,window,1,101,101,102,365,365,365,0,0,1,1,lying,lying,True,0.9669823,0.023879498,0.006279807,0.00018117193,0.0009557484,1.41140235e-05,2.3079028e-05,0.000695609,0.00042689408,0.00025593818,1.6663516e-05,0.00028934467,0.9669823
pamap2,gnn_attention_adj,window,1,101,101,102,366,366,366,0,0,1,1,lying,lying,True,0.96686494,0.024028555,0.0062519116,0.00018005024,0.0009591357,1.3987526e-05,2.3203758e-05,0.00069317187,0.00042658733,0.00025268123,1.6539987e-05,0.0002892403,0.96686494
pamap2,gnn_attention_adj,window,1,101,101,102,367,367,367,0,0,1,1,lying,lying,True,0.9665432,0.024358543,0.0062193023,0.00018134734,0.00097310386,1.3972154e-05,2.3643954e-05,0.0006969684,0.00042998252,0.0002516594,1.6642374e-05,0.0002916031,0.9665432
pamap2,gnn_attention_adj,window,1,101,101,102,368,368,368,0,0,1,1,lying,lying,True,0.9666117,0.024226272,0.006266556,0.00018235603,0.00097376877,1.4270145e-05,2.3713512e-05,0.00070161885,0.0004331846,0.00025600192,1.6884254e-05,0.00029367593,0.9666117
pamap2,gnn_attention_adj,window,1,101,101,102,369,369,369,0,0,1,1,lying,lying,True,0.96682054,0.023938973,0.0063466677,0.00018346154,0.00096333225,1.4518698e-05,2.356743e-05,0.0007048804,0.0004338606,0.00025987087,1.697939e-05,0.00029338326,0.96682054
pamap2,gnn_attention_adj,window,1,101,101,102,370,370,370,0,0,1,1,lying,lying,True,0.966695,0.024019327,0.0063859024,0.00018447645,0.0009651184,1.4489647e-05,2.3589306e-05,0.0007067006,0.00043412973,0.00026028653,1.7012224e-05,0.0002939397,0.966695
pamap2,gnn_attention_adj,window,1,101,101,102,371,371,371,0,0,1,1,lying,lying,True,0.9667221,0.024027629,0.006348872,0.00018392106,0.00096663623,1.4567257e-05,2.3660603e-05,0.0007059983,0.0004349357,0.00026070297,1.7111599e-05,0.0002939639,0.9667221
pamap2,gnn_attention_adj,window,1,101,101,102,372,372,372,0,0,1,1,lying,lying,True,0.96675795,0.024091495,0.006271232,0.00018237214,0.00096505607,1.4203542e-05,2.344801e-05,0.0006994687,0.00043042665,0.0002561447,1.681018e-05,0.00029140819,0.96675795
pamap2,gnn_attention_adj,window,1,101,101,102,373,373,373,0,0,1,1,lying,lying,True,0.9669641,0.023898778,0.0062841224,0.00018019597,0.00095371506,1.4132817e-05,2.313364e-05,0.0006944899,0.00042712287,0.00025463622,1.660926e-05,0.0002889427,0.9669641
pamap2,gnn_attention_adj,window,1,101,101,102,374,374,374,0,0,1,1,lying,lying,True,0.96695954,0.023880206,0.0063028154,0.00018050765,0.00095437065,1.4203769e-05,2.3145998e-05,0.00069505355,0.0004281018,0.00025575698,1.6687041e-05,0.00028966638,0.96695954
pamap2,gnn_attention_adj,window,1,101,101,102,375,375,375,0,0,1,1,lying,lying,True,0.966745,0.023970798,0.006382774,0.00018394474,0.00096511305,1.45616295e-05,2.3608645e-05,0.0007073842,0.00043458573,0.00026100493,1.7044318e-05,0.00029425416,0.966745
pamap2,gnn_attention_adj,window,1,101,101,102,376,376,376,0,0,1,1,lying,lying,True,0.9665942,0.02408143,0.006403904,0.00018550635,0.00097145233,1.4638578e-05,2.3865134e-05,0.000712713,0.00043718313,0.00026181477,1.7131524e-05,0.0002961365,0.9665942
pamap2,gnn_attention_adj,window,1,101,101,102,377,377,377,0,0,1,1,lying,lying,True,0.9671891,0.023637444,0.006314077,0.00018114847,0.0009486221,1.4378202e-05,2.313033e-05,0.000699336,0.00042839866,0.0002580819,1.6698725e-05,0.0002894209,0.9671891
pamap2,gnn_attention_adj,window,1,101,101,102,378,378,378,0,0,1,1,lying,lying,True,0.96724194,0.02365749,0.006262123,0.00017847058,0.00094545184,1.4209001e-05,2.2963803e-05,0.0006927431,0.00042546305,0.0002552244,1.6551345e-05,0.00028729386,0.96724194
pamap2,gnn_attention_adj,window,1,101,101,102,379,379,379,0,0,1,1,lying,lying,True,0.96722335,0.02376332,0.006201337,0.00017660708,0.0009437896,1.3822769e-05,2.267471e-05,0.00068284845,0.0004208582,0.0002504548,1.6298483e-05,0.0002847744,0.96722335
pamap2,gnn_attention_adj,window,1,101,101,102,380,380,380,0,0,1,1,lying,lying,True,0.9667867,0.024100095,0.0062585585,0.00018021156,0.0009605652,1.3948192e-05,2.3125338e-05,0.0006911955,0.00042621352,0.00025338493,1.6628417e-05,0.00028933305,0.9667867
pamap2,gnn_attention_adj,window,1,101,101,102,381,381,381,0,0,1,1,lying,lying,True,0.96678066,0.024050118,0.006313786,0.00018098185,0.00095784327,1.3964289e-05,2.309535e-05,0.0006936107,0.0004260867,0.00025391096,1.659264e-05,0.00028936157,0.96678066
pamap2,gnn_attention_adj,window,1,101,101,102,382,382,382,0,0,1,1,lying,lying,True,0.96704257,0.023860857,0.0062646456,0.0001786565,0.00094768044,1.3981054e-05,2.2932152e-05,0.0006889714,0.00042385602,0.00025271514,1.6467784e-05,0.00028660204,0.96704257
pamap2,gnn_attention_adj,window,1,101,101,102,383,383,383,0,0,1,1,lying,lying,True,0.9669708,0.02389041,0.00627366,0.00018170981,0.0009558742,1.42496565e-05,2.3269993e-05,0.00069809915,0.00042879264,0.00025677567,1.6743541e-05,0.000289675,0.9669708
pamap2,gnn_attention_adj,window,1,101,101,102,384,384,384,0,0,1,1,lying,lying,True,0.96715575,0.023782121,0.006234709,0.00017860415,0.0009461838,1.3929876e-05,2.279319e-05,0.0006879195,0.00042292156,0.0002525462,1.6408632e-05,0.00028606807,0.96715575
pamap2,gnn_attention_adj,window,1,101,101,102,385,385,385,0,0,1,1,lying,lying,True,0.96700716,0.023903973,0.0062479284,0.00017925717,0.00095283566,1.3950653e-05,2.292661e-05,0.00068999,0.00042442515,0.00025331392,1.6521622e-05,0.00028764407,0.96700716
pamap2,gnn_attention_adj,window,1,101,101,102,386,386,386,0,0,1,1,lying,lying,True,0.96692586,0.023909071,0.0063065398,0.00018061727,0.00095570396,1.4151113e-05,2.3066199e-05,0.00069479237,0.00042727383,0.00025647177,1.6729084e-05,0.00028968585,0.96692586
pamap2,gnn_attention_adj,window,1,101,101,102,387,387,387,0,0,1,1,lying,lying,True,0.9666967,0.023937771,0.0064379326,0.00018543897,0.0009681774,1.4961262e-05,2.394792e-05,0.0007158247,0.00043976973,0.00026534172,1.7333434e-05,0.00029694993,0.9666967
pamap2,gnn_attention_adj,window,1,101,101,102,388,388,388,0,0,1,1,lying,lying,True,0.9666367,0.023875734,0.0065361294,0.00018726679,0.0009693706,1.5338028e-05,2.4186596e-05,0.000723791,0.0004444852,0.0002697756,1.7596878e-05,0.00029964445,0.9666367
pamap2,gnn_attention_adj,window,1,101,101,102,389,389,389,0,0,1,1,lying,lying,True,0.9666864,0.023964081,0.006434329,0.00018505893,0.0009657317,1.4776427e-05,2.3726498e-05,0.00071190903,0.00043724736,0.00026390998,1.723113e-05,0.00029556858,0.9666864
pamap2,gnn_attention_adj,window,1,101,101,102,390,390,390,0,0,1,1,lying,lying,True,0.9667686,0.02400366,0.0063354755,0.00018409717,0.0009643684,1.43287725e-05,2.3555067e-05,0.0007060781,0.00043224113,0.00025786026,1.6802129e-05,0.00029278194,0.9667686
pamap2,gnn_attention_adj,window,1,101,101,102,391,391,391,0,0,1,1,lying,lying,True,0.9669506,0.023875253,0.0062985783,0.00018252248,0.0009595706,1.4257678e-05,2.3308085e-05,0.00070099294,0.00042993145,0.00025694715,1.6714537e-05,0.00029129925,0.9669506
pamap2,gnn_attention_adj,window,1,101,101,102,392,392,392,0,0,1,1,lying,lying,True,0.96661055,0.024033394,0.00642071,0.00018571624,0.00097332575,1.4938231e-05,2.4048311e-05,0.00071676786,0.00044018644,0.00026527152,1.7401917e-05,0.00029762145,0.96661055
pamap2,gnn_attention_adj,window,1,101,101,102,393,393,393,0,0,1,1,lying,lying,True,0.9667455,0.02387286,0.006439166,0.0001857581,0.0009703621,1.5201462e-05,2.4132267e-05,0.0007209953,0.0004418662,0.0002684213,1.7532439e-05,0.00029826284,0.9667455
pamap2,gnn_attention_adj,window,1,101,101,102,394,394,394,0,0,1,1,lying,lying,True,0.9672857,0.023490092,0.006348047,0.000182157,0.00094976835,1.4648323e-05,2.3237712e-05,0.0007049828,0.00043146798,0.00026154195,1.6846214e-05,0.00029152082,0.9672857
pamap2,gnn_attention_adj,window,1,101,101,102,395,395,395,0,0,1,1,lying,lying,True,0.96690947,0.023938539,0.006268516,0.00018239395,0.00096291525,1.4387307e-05,2.3494891e-05,0.00070181896,0.00043192293,0.00025786462,1.6870106e-05,0.0002918391,0.96690947
pamap2,gnn_attention_adj,window,1,101,101,102,396,396,396,0,0,1,1,lying,lying,True,0.9670715,0.023896566,0.006201324,0.00017938369,0.00095011375,1.3824143e-05,2.2950733e-05,0.0006886635,0.0004229906,0.0002503278,1.6325757e-05,0.0002860516,0.9670715
pamap2,gnn_attention_adj,window,1,101,101,102,397,397,397,0,0,1,1,lying,lying,True,0.9669415,0.02391822,0.006266919,0.00018174849,0.0009592308,1.4283442e-05,2.3475755e-05,0.00070157985,0.00042997452,0.0002558066,1.6691345e-05,0.00029054575,0.9669415
pamap2,gnn_attention_adj,window,1,101,101,102,398,398,398,0,0,1,1,lying,lying,True,0.9668505,0.023787579,0.0064255632,0.0001859442,0.0009679183,1.5123954e-05,2.4015177e-05,0.0007200776,0.00044085033,0.0002673519,1.7386114e-05,0.0002976502,0.9668505
pamap2,gnn_attention_adj,window,1,101,101,102,399,399,399,0,0,1,1,lying,lying,True,0.96680194,0.023812039,0.006446864,0.00018574699,0.0009682422,1.5185976e-05,2.4072278e-05,0.0007208924,0.00044148322,0.00026809573,1.745157e-05,0.00029788652,0.96680194
pamap2,gnn_attention_adj,window,1,101,101,102,400,400,400,0,0,1,1,lying,lying,True,0.96670824,0.023890158,0.0064668884,0.00018615012,0.0009681872,1.50560545e-05,2.4039575e-05,0.00071916427,0.00044097824,0.00026602368,1.73474e-05,0.00029766542,0.96670824
pamap2,gnn_attention_adj,window,1,101,101,102,401,401,401,0,0,1,1,lying,lying,True,0.9665874,0.024109278,0.0063830484,0.00018467558,0.00097252487,1.4678427e-05,2.390054e-05,0.0007121033,0.00043722842,0.000262015,1.7200602e-05,0.00029588037,0.9665874
pamap2,gnn_attention_adj,window,1,101,101,102,402,402,402,0,0,1,1,lying,lying,True,0.96677166,0.024011418,0.0063158134,0.00018360592,0.00096799905,1.4478723e-05,2.3713772e-05,0.00070743,0.00043410974,0.00025902488,1.694663e-05,0.00029381693,0.96677166
pamap2,gnn_attention_adj,window,1,101,101,102,403,403,403,0,0,1,1,lying,lying,True,0.96671057,0.024191372,0.0062174676,0.00018247805,0.00096930086,1.4077638e-05,2.356999e-05,0.0006993001,0.00042998072,0.00025392062,1.6707583e-05,0.00029125222,0.96671057
pamap2,gnn_attention_adj,window,1,101,101,102,404,404,404,0,0,1,1,lying,lying,True,0.96713233,0.023801608,0.0062011797,0.00018037642,0.0009570346,1.4306345e-05,2.3330571e-05,0.0006981172,0.00042871176,0.00025666383,1.6733184e-05,0.00028950357,0.96713233
pamap2,gnn_attention_adj,window,1,101,101,102,405,405,405,0,0,1,1,lying,lying,True,0.9671104,0.023693481,0.006307945,0.00018249624,0.00095709914,1.4654401e-05,2.3449244e-05,0.00070655707,0.0004324403,0.00026240715,1.7012848e-05,0.0002921164,0.9671104
pamap2,gnn_attention_adj,window,1,101,101,102,406,406,406,0,0,1,1,lying,lying,True,0.96652985,0.02383129,0.0065883766,0.000197408,0.0009931633,1.6058975e-05,2.4939422e-05,0.0007509019,0.00045586194,0.00028462094,1.8473072e-05,0.00030905334,0.96652985
pamap2,gnn_attention_adj,window,1,101,101,102,407,407,407,0,0,1,1,lying,lying,True,0.9663667,0.024113016,0.0064894753,0.0001970803,0.0009957311,1.555083e-05,2.4810159e-05,0.0007432384,0.00045050954,0.0002796501,1.8311039e-05,0.00030582992,0.9663667
pamap2,gnn_attention_adj,window,1,101,101,102,408,408,408,0,0,1,1,lying,lying,True,0.96697193,0.023901917,0.006287386,0.000182025,0.00094972743,1.377821e-05,2.2988892e-05,0.0006938911,0.0004226515,0.00025071247,1.6279475e-05,0.00028664313,0.96697193
pamap2,gnn_attention_adj,window,1,101,101,102,409,409,409,0,0,1,1,lying,lying,True,0.9560566,0.030065376,0.008707136,0.00039605054,0.0015594325,3.130646e-05,5.030929e-05,0.0013161383,0.0007283355,0.0005376885,3.9048417e-05,0.00051248475,0.9560566
pamap2,gnn_attention_adj,window,1,101,101,102,410,410,410,0,0,1,1,lying,lying,True,0.9300227,0.054059226,0.0071762037,0.0010718188,0.0026952617,2.6143334e-05,6.0562652e-05,0.0022093586,0.0007955718,0.0011605395,8.925945e-05,0.0006332875,0.9300227
pamap2,gnn_attention_adj,window,1,101,101,102,411,411,411,0,0,1,1,lying,lying,True,0.934698,0.0506409,0.005214485,0.0011007112,0.003128115,2.5903397e-05,5.6620967e-05,0.0023132064,0.00085926877,0.0012114447,8.2018894e-05,0.0006691822,0.934698
pamap2,gnn_attention_adj,window,1,101,101,102,412,412,412,0,0,1,1,lying,lying,True,0.71762323,0.13320906,0.04870613,0.015322243,0.014414239,0.0010463031,0.0012119095,0.028529063,0.008114569,0.02275441,0.0034847416,0.0055841506,0.71762323
pamap2,gnn_attention_adj,window,1,101,101,102,413,413,413,0,5,1,6,lying,cycling,False,0.073926374,0.0156678,0.015434665,0.029358894,0.0074676108,0.24627282,0.01815411,0.15742959,0.18034664,0.2208009,0.021862261,0.013278253,0.24627282
pamap2,gnn_attention_adj,window,1,101,101,102,414,414,414,0,9,1,16,lying,vacuum_cleaning,False,0.0045848684,0.010785459,0.009236245,0.007425492,0.003027287,0.2426858,0.028343506,0.1606998,0.090292946,0.34980008,0.08816895,0.0049495897,0.34980008
pamap2,gnn_attention_adj,window,1,101,101,102,415,415,415,0,9,1,16,lying,vacuum_cleaning,False,0.0056443242,0.011894652,0.01830452,0.0076366626,0.0050033797,0.27966183,0.026499258,0.07438669,0.084052384,0.31193462,0.16631934,0.0086623505,0.31193462
pamap2,gnn_attention_adj,window,1,101,101,102,416,416,416,0,10,1,17,lying,ironing,False,0.0012148351,0.047377333,0.022559639,0.00034284432,0.0027387582,0.012617308,0.0016593215,0.0023030883,0.009019833,0.03506045,0.86367637,0.0014302541,0.86367637
pamap2,gnn_attention_adj,window,1,101,101,102,417,417,417,0,10,1,17,lying,ironing,False,0.0042071296,0.15442911,0.05218779,0.00082070107,0.006679693,0.012525104,0.004612866,0.0042647654,0.016387288,0.03679171,0.7042305,0.0028633976,0.7042305
pamap2,gnn_attention_adj,window,1,101,101,102,418,418,418,0,10,1,17,lying,ironing,False,0.014539754,0.321484,0.17182173,0.0026260768,0.011531714,0.01037046,0.008979649,0.009589192,0.026440717,0.033021882,0.38402978,0.0055650994,0.38402978
pamap2,gnn_attention_adj,window,1,101,101,102,419,419,419,0,1,1,2,lying,sitting,False,0.021313127,0.6331369,0.13973771,0.0019525931,0.013379219,0.0034376963,0.010878078,0.005851289,0.018116087,0.013190377,0.1346941,0.004312777,0.6331369
pamap2,gnn_attention_adj,window,1,101,101,102,420,420,420,0,1,1,2,lying,sitting,False,0.033281133,0.5997192,0.2338755,0.0027593435,0.012261185,0.0024659438,0.012471279,0.007548682,0.019255826,0.0085442215,0.06299462,0.004823026,0.5997192
pamap2,gnn_attention_adj,window,1,101,101,102,421,421,421,0,1,1,2,lying,sitting,False,0.05316814,0.65354586,0.21357878,0.0021061506,0.010568209,0.0013622245,0.010762439,0.0059891944,0.015299437,0.004497622,0.025290534,0.0038314634,0.65354586
pamap2,gnn_attention_adj,window,1,101,101,102,422,422,422,0,1,1,2,lying,sitting,False,0.05238324,0.70742357,0.16777527,0.0017006043,0.010949812,0.0011600769,0.010686514,0.004881827,0.013783158,0.0038924718,0.02191778,0.003445661,0.70742357
pamap2,gnn_attention_adj,window,1,101,101,102,423,423,423,1,1,2,2,sitting,sitting,True,0.049912896,0.7157745,0.16148032,0.0015761508,0.011207376,0.0011830373,0.010048526,0.0046675983,0.01371332,0.0038774614,0.023139266,0.0034195287,0.7157745
pamap2,gnn_attention_adj,window,1,101,101,102,424,424,424,1,1,2,2,sitting,sitting,True,0.05261683,0.7429009,0.14004512,0.0013608987,0.010977269,0.0009656483,0.009366724,0.004025246,0.012230215,0.003330751,0.019114908,0.0030654483,0.7429009
pamap2,gnn_attention_adj,window,1,101,101,102,425,425,425,1,1,2,2,sitting,sitting,True,0.048228983,0.75269634,0.1326238,0.0013366847,0.011239046,0.0009730748,0.009214799,0.0038843008,0.012051366,0.003538746,0.02117635,0.0030365773,0.75269634
pamap2,gnn_attention_adj,window,1,101,101,102,426,426,426,1,1,2,2,sitting,sitting,True,0.04660873,0.7692276,0.118916534,0.0011784838,0.01129558,0.0009400851,0.008394518,0.0034458956,0.011408295,0.0035463974,0.022153279,0.0028845773,0.7692276
pamap2,gnn_attention_adj,window,1,101,101,102,427,427,427,1,1,2,2,sitting,sitting,True,0.054789525,0.7602822,0.12627596,0.0011590116,0.010903144,0.00083649234,0.007818883,0.0034938757,0.011191363,0.002991342,0.017418524,0.0028396938,0.7602822
pamap2,gnn_attention_adj,window,1,101,101,102,428,428,428,1,1,2,2,sitting,sitting,True,0.04811697,0.7619094,0.12288573,0.0012530037,0.011409513,0.0009811532,0.008366349,0.0035963936,0.011752788,0.0037285956,0.023012722,0.0029873871,0.7619094
pamap2,gnn_attention_adj,window,1,101,101,102,429,429,429,1,1,2,2,sitting,sitting,True,0.032355342,0.7578902,0.11765776,0.0012574089,0.011260306,0.0013975641,0.008079005,0.0036093546,0.012333988,0.0057656476,0.045430414,0.002962945,0.7578902
pamap2,gnn_attention_adj,window,1,101,101,102,430,430,430,1,1,2,2,sitting,sitting,True,0.02765981,0.55194813,0.2255223,0.0027352378,0.013391306,0.004045156,0.013718061,0.008149205,0.024083253,0.011788879,0.11141147,0.005547159,0.55194813
pamap2,gnn_attention_adj,window,1,101,101,102,431,431,431,1,1,2,2,sitting,sitting,True,0.022760583,0.36887205,0.30197948,0.004035507,0.014067462,0.008028316,0.01754906,0.013201016,0.038168047,0.018322185,0.18460718,0.008409135,0.36887205
pamap2,gnn_attention_adj,window,1,101,101,102,432,432,432,1,1,2,2,sitting,sitting,True,0.018600082,0.37265062,0.22490782,0.0027637992,0.013042489,0.009018661,0.013135206,0.010466525,0.03241747,0.022262514,0.27404365,0.0066911383,0.37265062
pamap2,gnn_attention_adj,window,1,101,101,102,433,433,433,1,10,2,17,sitting,ironing,False,0.01091225,0.2647608,0.13371016,0.001942894,0.011224028,0.0133939525,0.010948845,0.008660436,0.030253874,0.03275843,0.47575676,0.0056775296,0.47575676
pamap2,gnn_attention_adj,window,1,101,101,102,434,434,434,1,10,2,17,sitting,ironing,False,0.0024041685,0.09299575,0.03343618,0.0005284835,0.0048316955,0.013685351,0.003745249,0.0032856215,0.014158882,0.03613584,0.79253364,0.0022590565,0.79253364
pamap2,gnn_attention_adj,window,1,101,101,102,435,435,435,1,10,2,17,sitting,ironing,False,0.0010696143,0.04750787,0.017786363,0.00026242866,0.002800677,0.012698673,0.0019656303,0.0019627793,0.009393314,0.032553803,0.87062556,0.0013732705,0.87062556
pamap2,gnn_attention_adj,window,1,101,101,102,436,436,436,1,10,2,17,sitting,ironing,False,0.00042431694,0.017563257,0.019590598,0.00030879502,0.0012163139,0.009753381,0.000633229,0.0020005777,0.004805901,0.042549867,0.90037465,0.00077903277,0.90037465
pamap2,gnn_attention_adj,window,1,101,101,102,437,437,437,1,10,2,17,sitting,ironing,False,0.0031860538,0.011355427,0.020582458,0.0020482934,0.0014241226,0.114701174,0.00036377466,0.011403731,0.0136452,0.23241463,0.5873697,0.001505456,0.5873697
pamap2,gnn_attention_adj,window,1,101,101,102,438,438,438,1,10,2,17,sitting,ironing,False,0.0023574894,0.004160714,0.0073823435,0.00077159866,0.0007536642,0.2797063,0.00029385733,0.0088756,0.012079115,0.27201244,0.41060334,0.0010036879,0.41060334
pamap2,gnn_attention_adj,window,1,101,101,102,439,439,439,1,10,2,17,sitting,ironing,False,0.0023807345,0.014548906,0.00895227,0.0012756857,0.002036389,0.16307595,0.0024398498,0.008847606,0.02458312,0.20620129,0.5638674,0.0017908538,0.5638674
pamap2,gnn_attention_adj,window,1,101,101,102,440,440,440,1,10,2,17,sitting,ironing,False,0.0026861841,0.045735642,0.07072443,0.0051420466,0.0058046128,0.028006034,0.00736922,0.015886916,0.022512846,0.12814891,0.6631197,0.0048634713,0.6631197
pamap2,gnn_attention_adj,window,1,101,101,102,441,441,441,1,10,2,17,sitting,ironing,False,0.0007416454,0.008082036,0.01226639,0.00040805514,0.001154443,0.052598663,0.0004907941,0.0038422286,0.0074570607,0.089612365,0.8222748,0.0010715788,0.8222748
pamap2,gnn_attention_adj,window,1,101,101,102,442,442,442,1,10,2,17,sitting,ironing,False,0.0005700905,0.009425604,0.010984666,0.000344521,0.0014017227,0.040238578,0.0007675739,0.0031777648,0.0077304426,0.06979297,0.85439366,0.0011723408,0.85439366
pamap2,gnn_attention_adj,window,1,101,101,102,443,443,443,1,10,2,17,sitting,ironing,False,0.0006123483,0.017854676,0.0138917975,0.00042021333,0.0022833804,0.022922164,0.0017957712,0.003013795,0.009122802,0.053437047,0.8730621,0.0015840009,0.8730621
pamap2,gnn_attention_adj,window,1,101,101,102,444,444,444,1,10,2,17,sitting,ironing,False,0.0014743803,0.036448736,0.028065208,0.0005036315,0.0034406038,0.022549946,0.0024897174,0.0035973564,0.0138879325,0.044451684,0.840723,0.002367855,0.840723
pamap2,gnn_attention_adj,window,1,101,101,102,445,445,445,1,10,2,17,sitting,ironing,False,0.0009595172,0.03212055,0.017694956,0.00028348187,0.0023720483,0.01584301,0.0014203719,0.0020842992,0.009072678,0.035490137,0.8812195,0.0014394,0.8812195
pamap2,gnn_attention_adj,window,1,101,101,102,446,446,446,1,10,2,17,sitting,ironing,False,0.0023816093,0.055048283,0.045638498,0.00075748726,0.00461226,0.021445986,0.00299325,0.004729983,0.018150061,0.0394188,0.8015488,0.0032749537,0.8015488
pamap2,gnn_attention_adj,window,1,101,101,102,447,447,447,1,10,2,17,sitting,ironing,False,0.0061707026,0.10939107,0.09233539,0.0014707033,0.008673133,0.02651254,0.007200377,0.008430185,0.03303357,0.040981997,0.6596577,0.0061426517,0.6596577
pamap2,gnn_attention_adj,window,1,101,101,102,448,448,448,1,10,2,17,sitting,ironing,False,0.0070464434,0.118752316,0.0968838,0.0014213405,0.00896911,0.026698716,0.0070476294,0.00837792,0.033229228,0.040791005,0.64458746,0.006195045,0.64458746
pamap2,gnn_attention_adj,window,1,101,101,102,449,449,449,1,10,2,17,sitting,ironing,False,0.0076800026,0.13233656,0.105738215,0.0015017792,0.009498314,0.025364188,0.0076898052,0.008692448,0.034582417,0.03919191,0.62129736,0.0064269574,0.62129736
pamap2,gnn_attention_adj,window,1,101,101,102,450,450,450,1,10,2,17,sitting,ironing,False,0.007701361,0.13586943,0.10676581,0.0014887216,0.009547674,0.024657555,0.007733211,0.008615904,0.034452163,0.0383767,0.6184062,0.0063853073,0.6184062
pamap2,gnn_attention_adj,window,1,101,101,102,451,451,451,1,10,2,17,sitting,ironing,False,0.007475358,0.1362218,0.10541118,0.0014996511,0.009558006,0.024260007,0.00794464,0.00861434,0.03435513,0.038057648,0.6202617,0.0063404767,0.6202617
pamap2,gnn_attention_adj,window,1,101,101,102,452,452,452,1,10,2,17,sitting,ironing,False,0.008019184,0.14866504,0.1112665,0.0015329985,0.009957211,0.023115149,0.008361922,0.0087078065,0.034849502,0.036828067,0.60224617,0.006450482,0.60224617
pamap2,gnn_attention_adj,window,1,101,101,102,453,453,453,1,10,2,17,sitting,ironing,False,0.00806289,0.14817628,0.11189022,0.0015284427,0.009942182,0.023150032,0.008249661,0.008690639,0.034823924,0.036887392,0.6021323,0.0064660315,0.6021323
pamap2,gnn_attention_adj,window,1,101,101,102,454,454,454,1,10,2,17,sitting,ironing,False,0.007904886,0.14073986,0.10931755,0.001507046,0.009760213,0.024133444,0.007937755,0.008667412,0.03488993,0.037572134,0.61108935,0.006480439,0.61108935
pamap2,gnn_attention_adj,window,1,101,101,102,455,455,455,1,10,2,17,sitting,ironing,False,0.0033419223,0.059337758,0.05628237,0.0010345168,0.0061317943,0.029986147,0.0044701165,0.006599682,0.025970789,0.04394452,0.7579385,0.0049618864,0.7579385
pamap2,gnn_attention_adj,window,1,101,101,102,456,456,456,1,10,2,17,sitting,ironing,False,0.0006025927,0.014358591,0.010649645,0.00025250678,0.0017430531,0.026767908,0.0010785182,0.0022736625,0.008164116,0.047952607,0.884862,0.001294849,0.884862
pamap2,gnn_attention_adj,window,1,101,101,102,457,457,457,1,10,2,17,sitting,ironing,False,0.00059315976,0.012959317,0.010043724,0.00025354943,0.0016378042,0.030156571,0.0010311588,0.0023178605,0.00784246,0.055543516,0.87641317,0.0012076399,0.87641317
pamap2,gnn_attention_adj,window,1,101,101,102,458,458,458,1,10,2,17,sitting,ironing,False,0.0019520061,0.035806637,0.04058189,0.0008054579,0.00399803,0.02917841,0.002736601,0.0053028218,0.017811926,0.05167479,0.8068252,0.0033262346,0.8068252
pamap2,gnn_attention_adj,window,1,101,101,102,459,459,459,1,10,2,17,sitting,ironing,False,0.0027128486,0.04685561,0.04156411,0.00090414786,0.0049164635,0.030664166,0.0037442164,0.0055246875,0.020358525,0.053338427,0.78561646,0.0038003372,0.78561646
pamap2,gnn_attention_adj,window,1,101,101,102,460,460,460,1,10,2,17,sitting,ironing,False,0.001638763,0.0330412,0.017739082,0.0003464533,0.0027264988,0.02581175,0.0016006912,0.0025932004,0.010661805,0.049940072,0.85218495,0.0017155323,0.85218495
pamap2,gnn_attention_adj,window,1,101,101,102,461,461,461,1,10,2,17,sitting,ironing,False,0.0053903037,0.11316514,0.041396428,0.00055297394,0.0061823893,0.02137661,0.0036264402,0.00373384,0.017559398,0.044879958,0.7391086,0.003027911,0.7391086
pamap2,gnn_attention_adj,window,1,101,101,102,462,462,462,1,10,2,17,sitting,ironing,False,0.0069047348,0.1479934,0.049849406,0.0005872742,0.007158566,0.019366443,0.0041247103,0.0038741862,0.01895054,0.04170048,0.6961741,0.0033161603,0.6961741
pamap2,gnn_attention_adj,window,1,101,101,102,463,463,463,1,10,2,17,sitting,ironing,False,0.007119405,0.15093307,0.050600287,0.0005823757,0.00721197,0.019228775,0.0040741204,0.0038615656,0.018965175,0.041584354,0.69251126,0.0033275886,0.69251126
pamap2,gnn_attention_adj,window,1,101,101,102,464,464,464,1,10,2,17,sitting,ironing,False,0.0071729394,0.15266365,0.05043293,0.0005778112,0.0072456733,0.019109905,0.0040726103,0.003837207,0.018933311,0.041470777,0.6911602,0.0033230088,0.6911602
pamap2,gnn_attention_adj,window,1,101,101,102,465,465,465,1,10,2,17,sitting,ironing,False,0.0071238377,0.15241884,0.05009092,0.0005720693,0.0072218166,0.019000523,0.0040447447,0.003805474,0.018837458,0.041350048,0.69222873,0.0033055372,0.69222873
pamap2,gnn_attention_adj,window,1,101,101,102,466,466,466,1,10,2,17,sitting,ironing,False,0.0069893757,0.15533462,0.049972497,0.0005669352,0.007214327,0.018291546,0.0040661516,0.0037376054,0.018572044,0.04067383,0.69132555,0.0032555172,0.69132555
pamap2,gnn_attention_adj,window,1,101,101,102,467,467,467,1,10,2,17,sitting,ironing,False,0.006909799,0.15396704,0.049650352,0.0005652458,0.0071582333,0.018253991,0.00402932,0.0037198402,0.018412495,0.040871173,0.69323266,0.0032298134,0.69323266
pamap2,gnn_attention_adj,window,1,101,101,102,468,468,468,1,10,2,17,sitting,ironing,False,0.006633384,0.14498778,0.0477279,0.0005501616,0.006908767,0.018847475,0.0038601812,0.00367533,0.018108899,0.04173325,0.70380336,0.0031635438,0.70380336
pamap2,gnn_attention_adj,window,1,101,101,102,469,469,469,1,10,2,17,sitting,ironing,False,0.00653428,0.14376234,0.04670967,0.0005405571,0.0068645496,0.018826615,0.0038333198,0.003627273,0.017974617,0.041700054,0.70649517,0.0031315722,0.70649517
pamap2,gnn_attention_adj,window,1,101,101,102,470,470,470,1,10,2,17,sitting,ironing,False,0.0067724036,0.14982887,0.04822524,0.000547557,0.007036697,0.01844728,0.0039173225,0.003654429,0.018210711,0.04111638,0.6990572,0.0031859544,0.6990572
pamap2,gnn_attention_adj,window,1,101,101,102,471,471,471,1,10,2,17,sitting,ironing,False,0.0068399827,0.14900075,0.048269078,0.00054721656,0.0070411917,0.01872726,0.003909183,0.0036751437,0.018333748,0.041309476,0.6991426,0.0032044293,0.6991426
pamap2,gnn_attention_adj,window,1,101,101,102,472,472,472,1,10,2,17,sitting,ironing,False,0.0068250354,0.14938267,0.047973208,0.00054864894,0.007055728,0.018678194,0.003931543,0.0036667,0.018285066,0.041431777,0.6990213,0.0032001254,0.6990213
pamap2,gnn_attention_adj,window,1,101,101,102,473,473,473,1,10,2,17,sitting,ironing,False,0.006814468,0.15251371,0.048692066,0.0005540757,0.0070956293,0.018152246,0.0039634937,0.0036565547,0.018167611,0.041050397,0.6961484,0.0031913936,0.6961484
pamap2,gnn_attention_adj,window,1,101,101,102,474,474,474,1,10,2,17,sitting,ironing,False,0.0067516733,0.15651643,0.049366772,0.0005518446,0.0071154144,0.017477246,0.0040038503,0.0036179277,0.018068088,0.04007838,0.6932884,0.0031639657,0.6932884
pamap2,gnn_attention_adj,window,1,101,101,102,475,475,475,1,10,2,17,sitting,ironing,False,0.0067048795,0.16061497,0.049327463,0.0005481776,0.007143763,0.016892051,0.0040394817,0.0035642236,0.017875638,0.039468598,0.69069606,0.0031246566,0.69069606
pamap2,gnn_attention_adj,window,1,101,101,102,476,476,476,1,10,2,17,sitting,ironing,False,0.0067129824,0.15637994,0.049001765,0.0005544105,0.007134754,0.017461056,0.0040457603,0.0036175179,0.018045232,0.04027506,0.693608,0.003163553,0.693608
pamap2,gnn_attention_adj,window,1,101,101,102,477,477,477,1,10,2,17,sitting,ironing,False,0.005637341,0.13660434,0.043813623,0.00052076805,0.006500866,0.017805073,0.0037854358,0.0034545797,0.017054835,0.040893197,0.7210015,0.002928474,0.7210015
pamap2,gnn_attention_adj,window,1,101,101,102,478,478,478,1,10,2,17,sitting,ironing,False,0.005408721,0.14952813,0.042876154,0.00050064136,0.006589476,0.01575347,0.0039385175,0.0032445858,0.016498711,0.038161848,0.71471286,0.0027868368,0.71471286
pamap2,gnn_attention_adj,window,1,101,101,102,479,479,479,1,10,2,17,sitting,ironing,False,0.0054428186,0.157926,0.04406951,0.0004982306,0.0068194056,0.014938183,0.0041374033,0.0032097383,0.016873179,0.03612545,0.70711994,0.0028401634,0.70711994
pamap2,gnn_attention_adj,window,1,101,101,102,480,480,480,1,10,2,17,sitting,ironing,False,0.0012023258,0.018049259,0.010120083,0.00024394723,0.0021289785,0.041646544,0.0014490198,0.0026720671,0.010798485,0.062325455,0.8477822,0.0015815885,0.8477822
pamap2,gnn_attention_adj,window,1,101,101,102,481,481,481,1,10,2,17,sitting,ironing,False,0.0017021345,0.0045012594,0.009179263,0.0004815173,0.00067023165,0.17208362,0.00020044718,0.0061128763,0.008415377,0.2210616,0.57473296,0.00085870194,0.57473296
pamap2,gnn_attention_adj,window,1,101,101,102,482,482,482,1,9,2,16,sitting,vacuum_cleaning,False,0.004283129,0.0035000679,0.017486185,0.005627949,0.0006440085,0.120501466,0.00033309645,0.023727095,0.009820987,0.68291545,0.13012731,0.001033246,0.68291545
pamap2,gnn_attention_adj,window,1,101,101,102,483,483,483,1,9,2,16,sitting,vacuum_cleaning,False,0.00408016,0.00053819583,0.0019014113,0.012321599,0.00024130878,0.34402028,0.00035724812,0.07808024,0.043069955,0.5058349,0.008831942,0.000722764,0.5058349
pamap2,gnn_attention_adj,window,1,101,101,102,484,484,484,1,5,2,6,sitting,cycling,False,0.001418068,8.049071e-05,0.00023828603,0.0008328144,4.4291995e-05,0.5775185,9.669962e-05,0.023540124,0.014765457,0.377964,0.003346682,0.0001546155,0.5775185
pamap2,gnn_attention_adj,window,1,101,101,102,485,485,485,1,9,2,16,sitting,vacuum_cleaning,False,0.0009867514,0.0007567792,0.0015240873,0.00038430587,0.00011551875,0.23991778,0.00012775119,0.0071893684,0.004393955,0.63263696,0.11180148,0.0001652024,0.63263696
pamap2,gnn_attention_adj,window,1,101,101,102,486,486,486,1,10,2,17,sitting,ironing,False,0.0052693,0.04372682,0.013566464,0.0009028205,0.0027381282,0.057640087,0.001030126,0.005465128,0.011712197,0.1564987,0.69995683,0.0014933371,0.69995683
pamap2,gnn_attention_adj,window,1,101,101,102,487,487,487,1,1,2,2,sitting,sitting,True,0.071849115,0.66112846,0.050430566,0.00262662,0.0283521,0.009329618,0.014942664,0.007100574,0.033502746,0.020145234,0.09245582,0.008136487,0.66112846
pamap2,gnn_attention_adj,window,1,101,101,102,488,488,488,1,0,2,1,sitting,lying,False,0.6008695,0.20914043,0.053530976,0.0077556106,0.031221835,0.0058761733,0.0055187517,0.018635338,0.031988416,0.01267034,0.008361351,0.014431309,0.6008695
pamap2,gnn_attention_adj,window,1,101,101,102,489,489,489,1,0,2,1,sitting,lying,False,0.78492147,0.09265899,0.05782638,0.0067727533,0.010419897,0.0015595064,0.001515468,0.015620056,0.008811948,0.011772463,0.0021952605,0.0059258044,0.78492147
pamap2,gnn_attention_adj,window,1,101,101,102,490,490,490,1,0,2,1,sitting,lying,False,0.90084285,0.044278085,0.0319456,0.001315548,0.0036763763,0.0007917292,0.0003977446,0.005467719,0.00404743,0.004471948,0.0005491323,0.0022159864,0.90084285
pamap2,gnn_attention_adj,window,1,101,101,102,491,491,491,1,0,2,1,sitting,lying,False,0.8749891,0.05399416,0.046544764,0.0011874823,0.0042107697,0.000911045,0.00049863715,0.0059411,0.0048523955,0.0036348156,0.0005716183,0.0026641742,0.8749891
pamap2,gnn_attention_adj,window,1,101,101,102,492,492,492,1,0,2,1,sitting,lying,False,0.87157655,0.057187013,0.051091146,0.0011817731,0.0039860397,0.00048806387,0.00039545354,0.005076448,0.0040374016,0.0022503552,0.00035147098,0.0023782398,0.87157655
pamap2,gnn_attention_adj,window,1,101,101,102,493,493,493,1,0,2,1,sitting,lying,False,0.87657136,0.056515507,0.048238534,0.0010615414,0.003796113,0.00044185374,0.00036503447,0.004690172,0.0037718606,0.0020238059,0.00031680058,0.0022073914,0.87657136
pamap2,gnn_attention_adj,window,1,101,101,102,494,494,494,1,0,2,1,sitting,lying,False,0.8764678,0.056783415,0.048239555,0.001051961,0.0037764346,0.0004346765,0.00036216533,0.0046476554,0.0037404199,0.0019963968,0.0003133921,0.0021860495,0.8764678
pamap2,gnn_attention_adj,window,1,101,101,102,495,495,495,1,0,2,1,sitting,lying,False,0.8720546,0.0584922,0.050765473,0.0010943168,0.0038376143,0.00041717896,0.00036444853,0.0047154515,0.0037611402,0.0019696117,0.000312848,0.0022151012,0.8720546
pamap2,gnn_attention_adj,window,1,101,101,102,496,496,496,1,0,2,1,sitting,lying,False,0.8670764,0.05973092,0.053204246,0.001156859,0.004029927,0.00046979229,0.00039645686,0.0050292052,0.004032668,0.0021526625,0.0003492049,0.0023716444,0.8670764
pamap2,gnn_attention_adj,window,1,101,101,102,497,497,497,1,0,2,1,sitting,lying,False,0.86516315,0.06012933,0.054253254,0.0011770003,0.0040986533,0.00048858323,0.00040676436,0.0051425276,0.004131789,0.002216048,0.00036212028,0.0024308106,0.86516315
pamap2,gnn_attention_adj,window,1,101,101,102,498,498,498,1,0,2,1,sitting,lying,False,0.8677276,0.059636336,0.052709926,0.001176308,0.0040309383,0.00045955257,0.00039754313,0.005012029,0.0040114974,0.0021261496,0.0003421752,0.0023701242,0.8677276
pamap2,gnn_attention_adj,window,1,101,101,102,499,499,499,1,0,2,1,sitting,lying,False,0.8684913,0.061728492,0.050301593,0.001243618,0.0040537585,0.00041872775,0.0003780524,0.0046796533,0.0038199022,0.002225445,0.00036365126,0.002295737,0.8684913
pamap2,gnn_attention_adj,window,1,101,101,102,500,500,500,1,0,2,1,sitting,lying,False,0.88735706,0.05820656,0.038783856,0.0009500369,0.0035141918,0.00031835318,0.0002576385,0.003441162,0.0029622603,0.0020767543,0.00032945297,0.0018026384,0.88735706
pamap2,gnn_attention_adj,window,1,101,101,102,501,501,501,1,0,2,1,sitting,lying,False,0.9035299,0.051582042,0.031503733,0.0007711812,0.0031195967,0.00026636137,0.00024643165,0.0031143015,0.002628499,0.0014658178,0.00021797641,0.0015541739,0.9035299
pamap2,gnn_attention_adj,window,1,101,101,102,502,502,502,1,0,2,1,sitting,lying,False,0.9204842,0.048031066,0.022699498,0.00045750695,0.0023533546,0.00013443049,0.00015255823,0.0019608568,0.0017709441,0.0008097869,0.00011880727,0.0010270284,0.9204842
pamap2,gnn_attention_adj,window,1,101,101,102,503,503,503,1,0,2,1,sitting,lying,False,0.9197208,0.04826871,0.023155235,0.00046348324,0.002365652,0.00013537765,0.00015372547,0.0019818037,0.0017848144,0.0008141081,0.00011967779,0.0010365881,0.9197208
pamap2,gnn_attention_adj,window,1,101,101,102,504,504,504,1,0,2,1,sitting,lying,False,0.91936004,0.048348513,0.023428766,0.00046507633,0.002365976,0.00013500372,0.00015324807,0.001986813,0.0017837936,0.00081445894,0.00011943967,0.0010388327,0.91936004
pamap2,gnn_attention_adj,window,1,101,101,102,505,505,505,1,0,2,1,sitting,lying,False,0.91957027,0.04839763,0.023286903,0.00046167886,0.0023449655,0.00013082697,0.00015106262,0.0019595227,0.0017585043,0.0007969468,0.00011672792,0.0010248402,0.91957027
pamap2,gnn_attention_adj,window,1,101,101,102,506,506,506,1,0,2,1,sitting,lying,False,0.9178548,0.049169794,0.02395306,0.00047954152,0.0023997405,0.00013736711,0.000158073,0.0020247616,0.0018175265,0.0008255522,0.00012234345,0.0010573872,0.9178548
pamap2,gnn_attention_adj,window,1,101,101,102,507,507,507,1,0,2,1,sitting,lying,False,0.9156071,0.049889658,0.025012942,0.0005061646,0.0024830906,0.00015063636,0.00016879821,0.0021419008,0.0019142893,0.00088310946,0.00013229504,0.0011100823,0.9156071
pamap2,gnn_attention_adj,window,1,101,101,102,508,508,508,1,0,2,1,sitting,lying,False,0.9159032,0.04975738,0.024916038,0.0005032356,0.0024693587,0.00014883284,0.00016636521,0.0021237917,0.0018988961,0.0008799011,0.00013139752,0.0011016842,0.9159032
pamap2,gnn_attention_adj,window,1,101,101,102,509,509,509,1,0,2,1,sitting,lying,False,0.91649365,0.049532115,0.024731664,0.00049752556,0.002441737,0.00014144242,0.0001620945,0.0020854552,0.0018565386,0.0008473477,0.0001255297,0.0010848134,0.91649365
pamap2,gnn_attention_adj,window,1,101,101,102,510,510,510,1,0,2,1,sitting,lying,False,0.9172297,0.049267232,0.024308816,0.00049031543,0.0024362667,0.00014117328,0.00016110735,0.0020676772,0.0018478053,0.0008452346,0.00012523682,0.0010794493,0.9172297
pamap2,gnn_attention_adj,window,1,101,101,102,511,511,511,1,0,2,1,sitting,lying,False,0.9176258,0.04914086,0.02409615,0.00048418972,0.0024266408,0.00014039598,0.00015985478,0.0020501462,0.00183872,0.0008400318,0.00012462807,0.0010726949,0.9176258
pamap2,gnn_attention_adj,window,1,101,101,102,512,512,512,1,0,2,1,sitting,lying,False,0.9177988,0.048924893,0.024228802,0.00048331928,0.0024008094,0.00013744379,0.00015697858,0.002038287,0.001817316,0.00082986505,0.00012208587,0.0010613533,0.9177988
pamap2,gnn_attention_adj,window,1,101,101,102,513,513,513,1,0,2,1,sitting,lying,False,0.9176057,0.04911437,0.024280485,0.000483336,0.0023912382,0.00013546001,0.00015632117,0.0020276927,0.0018075645,0.0008219831,0.00012117361,0.0010548048,0.9176057
pamap2,gnn_attention_adj,window,1,101,101,102,514,514,514,1,0,2,1,sitting,lying,False,0.91651523,0.049576346,0.024674578,0.000497265,0.002436069,0.0001417289,0.00016237184,0.0020826869,0.0018574934,0.00084841065,0.00012603393,0.0010818029,0.91651523
pamap2,gnn_attention_adj,window,1,101,101,102,515,515,515,1,0,2,1,sitting,lying,False,0.9164024,0.049503095,0.024823152,0.00050114735,0.002438319,0.00014263888,0.00016302738,0.0020981329,0.0018631368,0.00085300824,0.00012626046,0.0010857532,0.9164024
pamap2,gnn_attention_adj,window,1,101,101,102,516,516,516,1,0,2,1,sitting,lying,False,0.91436476,0.050531577,0.025418654,0.0005236989,0.0025272565,0.00015382982,0.00017383593,0.0021869591,0.0019468319,0.00090386067,0.00013598317,0.001132694,0.91436476
pamap2,gnn_attention_adj,window,1,101,101,102,517,517,517,1,0,2,1,sitting,lying,False,0.9140339,0.050718267,0.02558373,0.00052209245,0.002527112,0.00015264371,0.00017322699,0.002180472,0.0019439403,0.0008973483,0.0001355239,0.0011317211,0.9140339
pamap2,gnn_attention_adj,window,1,101,101,102,518,518,518,1,0,2,1,sitting,lying,False,0.91594356,0.049830392,0.02503305,0.0004945743,0.0024301773,0.00014000184,0.00016143444,0.002076182,0.0018500397,0.0008371623,0.00012480124,0.0010785995,0.91594356
pamap2,gnn_attention_adj,window,1,101,101,102,519,519,519,1,0,2,1,sitting,lying,False,0.91501075,0.050084315,0.02549966,0.0005092704,0.0024697008,0.00014503502,0.00016554898,0.0021289706,0.0018904259,0.0008635069,0.00012876699,0.001104062,0.91501075
pamap2,gnn_attention_adj,window,1,101,101,102,520,520,520,1,0,2,1,sitting,lying,False,0.91534483,0.049913697,0.02542862,0.0005050323,0.0024490582,0.00014254548,0.00016270575,0.0021068454,0.0018698531,0.00085652096,0.0001271485,0.0010932313,0.91534483
pamap2,gnn_attention_adj,window,1,101,101,102,521,521,521,1,0,2,1,sitting,lying,False,0.91630405,0.049355917,0.025137115,0.0004981628,0.0024177455,0.00014089771,0.00016004281,0.002087948,0.0018466827,0.0008483152,0.00012485214,0.0010782895,0.91630405
pamap2,gnn_attention_adj,window,1,101,101,102,522,522,522,1,0,2,1,sitting,lying,False,0.91653085,0.049372558,0.024904376,0.00049708714,0.0024191153,0.00014072776,0.0001606302,0.0020830273,0.0018447386,0.00084638374,0.00012490532,0.0010756402,0.91653085
pamap2,gnn_attention_adj,window,1,101,101,102,523,523,523,1,0,2,1,sitting,lying,False,0.9156727,0.049890812,0.025219956,0.00050139223,0.0024299813,0.00013980007,0.00016139609,0.0020853376,0.0018498217,0.0008435158,0.00012518912,0.0010801271,0.9156727
pamap2,gnn_attention_adj,window,1,101,101,102,524,524,524,1,0,2,1,sitting,lying,False,0.91611207,0.049628645,0.025039444,0.0004977597,0.0024302125,0.00014098862,0.00016097982,0.002083496,0.001851484,0.0008482397,0.00012574084,0.0010809739,0.91611207
pamap2,gnn_attention_adj,window,1,101,101,102,525,525,525,1,0,2,1,sitting,lying,False,0.9149844,0.050147492,0.025483675,0.0005078529,0.0024683229,0.00014447315,0.0001647979,0.002120024,0.001885023,0.00086350885,0.00012904652,0.0011013811,0.9149844
pamap2,gnn_attention_adj,window,1,101,101,102,526,526,526,1,0,2,1,sitting,lying,False,0.91490984,0.05011416,0.025546353,0.00051059306,0.0024763432,0.00014563592,0.00016566495,0.0021319955,0.0018923773,0.00086992915,0.00012976916,0.0011073144,0.91490984
pamap2,gnn_attention_adj,window,1,101,101,102,527,527,527,1,0,2,1,sitting,lying,False,0.9154223,0.04987234,0.025334746,0.0005063212,0.0024642602,0.00014445232,0.00016364937,0.002115564,0.0018794561,0.0008674287,0.00012890699,0.0011003767,0.9154223
pamap2,gnn_attention_adj,window,1,101,101,102,528,528,528,1,0,2,1,sitting,lying,False,0.91515416,0.04989518,0.025497012,0.0005136387,0.0024747448,0.00014669755,0.00016602446,0.002141468,0.001896447,0.0008757326,0.00013013885,0.0011087531,0.91515416
pamap2,gnn_attention_adj,window,1,101,101,102,529,529,529,1,0,2,1,sitting,lying,False,0.91512436,0.049969226,0.02546329,0.00051248586,0.0024715862,0.00014684562,0.0001662231,0.0021373034,0.0018969956,0.000874534,0.00013022548,0.0011069932,0.91512436
pamap2,gnn_attention_adj,window,1,101,101,102,530,530,530,1,0,2,1,sitting,lying,False,0.9154959,0.049481925,0.02537434,0.0005104129,0.0024860587,0.00015914856,0.00017238138,0.002194771,0.0019475864,0.0009164414,0.00013652247,0.0011245052,0.9154959
pamap2,gnn_attention_adj,window,1,101,101,102,531,531,531,1,0,2,1,sitting,lying,False,0.9129127,0.050313383,0.026269827,0.00054584915,0.0026416092,0.00018939075,0.0001931687,0.002384144,0.0021265568,0.0010439773,0.00015860601,0.0012207194,0.9129127
pamap2,gnn_attention_adj,window,1,101,101,102,532,532,532,1,0,2,1,sitting,lying,False,0.8854188,0.060983192,0.037844773,0.000997668,0.0036036943,0.00030823261,0.00031624167,0.0035365259,0.0030827264,0.0017823791,0.00029661445,0.0018291856,0.8854188
pamap2,gnn_attention_adj,window,1,101,101,102,533,533,533,1,0,2,1,sitting,lying,False,0.8931751,0.05973869,0.03324619,0.00086635357,0.0033309502,0.00024887576,0.00022743232,0.0028802818,0.0025722114,0.0018381453,0.00029960944,0.0015760757,0.8931751
pamap2,gnn_attention_adj,window,1,101,101,102,534,534,534,1,0,2,1,sitting,lying,False,0.89341503,0.05512928,0.035219032,0.0009457303,0.0036437062,0.00036421182,0.00030775275,0.0036593173,0.003171799,0.001950327,0.0003062771,0.001887579,0.89341503
pamap2,gnn_attention_adj,window,1,101,101,102,535,535,535,1,0,2,1,sitting,lying,False,0.8996475,0.052729324,0.032937106,0.0008175746,0.0033986773,0.00031603174,0.00027516662,0.0033625078,0.0028877284,0.0016512218,0.00025220794,0.0017250386,0.8996475
pamap2,gnn_attention_adj,window,1,101,101,102,536,536,536,1,0,2,1,sitting,lying,False,0.90600675,0.051613346,0.029481,0.0006902268,0.0031284923,0.00025821346,0.0002417101,0.0029433894,0.002565509,0.0013446985,0.00020613095,0.0015204421,0.90600675
pamap2,gnn_attention_adj,window,1,101,101,102,537,537,537,1,0,2,1,sitting,lying,False,0.90862364,0.05075815,0.028469434,0.0006524687,0.0029888481,0.00023174961,0.00022614961,0.002791531,0.0024172987,0.0012228342,0.00018487281,0.0014329617,0.90862364
pamap2,gnn_attention_adj,window,1,101,101,102,538,538,538,1,0,2,1,sitting,lying,False,0.90999895,0.05050439,0.027772423,0.00063274306,0.0029107442,0.00021706984,0.00021841605,0.0027013388,0.0023319288,0.0011584618,0.00017427685,0.0013792865,0.90999895
pamap2,gnn_attention_adj,window,1,101,101,102,539,539,539,1,0,2,1,sitting,lying,False,0.9104923,0.050157577,0.0277592,0.00062632206,0.002877148,0.0002132231,0.00021583322,0.0026873755,0.0023026064,0.0011354365,0.00016970519,0.0013632068,0.9104923
pamap2,gnn_attention_adj,window,1,101,101,102,540,540,540,1,0,2,1,sitting,lying,False,0.91237533,0.049905647,0.026715374,0.000590367,0.0027845586,0.00019410488,0.00020412385,0.0025395546,0.002188687,0.0010497699,0.0001566592,0.0012958295,0.91237533
pamap2,gnn_attention_adj,window,1,101,101,102,541,541,541,1,0,2,1,sitting,lying,False,0.91306466,0.04956247,0.026524672,0.00058027153,0.002753331,0.00018990104,0.0001993879,0.0025027597,0.0021591038,0.0010324619,0.00015331268,0.0012776114,0.91306466
pamap2,gnn_attention_adj,window,1,101,101,102,542,542,542,1,0,2,1,sitting,lying,False,0.9103302,0.050372656,0.027489576,0.00061259145,0.0028907133,0.00023353328,0.00022399917,0.0027231297,0.0023618832,0.001201865,0.00018201888,0.0013777846,0.9103302
pamap2,gnn_attention_adj,window,1,101,101,102,543,543,543,1,0,2,1,sitting,lying,False,0.9097425,0.050863706,0.027588004,0.0006165501,0.0028994898,0.00023069211,0.00022583673,0.0027216715,0.0023643675,0.001187546,0.00018130109,0.0013782851,0.9097425
pamap2,gnn_attention_adj,window,1,101,101,102,544,544,544,1,0,2,1,sitting,lying,False,0.91211873,0.050649248,0.026564462,0.00057785993,0.002735491,0.0001799105,0.00019936795,0.0024546308,0.0021320265,0.0009836813,0.00014874733,0.0012558232,0.91211873
pamap2,gnn_attention_adj,window,1,101,101,102,545,545,545,1,0,2,1,sitting,lying,False,0.9128923,0.050605524,0.026028793,0.00056615256,0.0027033119,0.00017432217,0.00019676785,0.0024054532,0.0020961126,0.00095466163,0.00014489242,0.001231811,0.9128923
pamap2,gnn_attention_adj,window,1,101,101,102,546,546,546,1,0,2,1,sitting,lying,False,0.9126929,0.050674874,0.026088288,0.0005713469,0.0027170724,0.0001762738,0.00019832852,0.0024210848,0.0021086617,0.00096494635,0.00014643185,0.0012397331,0.9126929
pamap2,gnn_attention_adj,window,1,101,101,102,547,547,547,1,0,2,1,sitting,lying,False,0.9120811,0.050674118,0.026522849,0.0005849693,0.002741199,0.0001813644,0.00020231234,0.002477694,0.0021392074,0.0009864633,0.00014908018,0.0012596733,0.9120811
pamap2,gnn_attention_adj,window,1,101,101,102,548,548,548,1,0,2,1,sitting,lying,False,0.911443,0.05079286,0.026955334,0.0005910694,0.0027565444,0.0001833314,0.00020353233,0.002503808,0.0021538741,0.000996069,0.00015046613,0.001270008,0.911443
pamap2,gnn_attention_adj,window,1,101,101,102,549,549,549,1,0,2,1,sitting,lying,False,0.91124636,0.05094981,0.02692851,0.00059784274,0.0027736623,0.00018433663,0.00020527458,0.0025164946,0.0021647858,0.0010040113,0.00015176789,0.0012771621,0.91124636
pamap2,gnn_attention_adj,window,1,101,101,102,550,550,550,1,0,2,1,sitting,lying,False,0.91134185,0.050925326,0.026940113,0.0005967285,0.0027549246,0.0001808093,0.00020392198,0.0025048123,0.002147611,0.0009876505,0.00014886292,0.0012674412,0.91134185
pamap2,gnn_attention_adj,window,1,101,101,102,551,551,551,1,0,2,1,sitting,lying,False,0.911091,0.05117274,0.026990963,0.00059307,0.0027472894,0.00017924086,0.00020361734,0.00249103,0.0021438794,0.00097712,0.0001481421,0.0012619345,0.911091
pamap2,gnn_attention_adj,window,1,101,101,102,552,552,552,1,0,2,1,sitting,lying,False,0.9104365,0.051328987,0.027276106,0.0006051725,0.00278881,0.00018538111,0.00020870227,0.0025424429,0.0021847098,0.0010022961,0.00015241852,0.0012883367,0.9104365
pamap2,gnn_attention_adj,window,1,101,101,102,553,553,553,1,0,2,1,sitting,lying,False,0.9111329,0.05073713,0.0271044,0.00060036895,0.002784492,0.00019247463,0.00020969518,0.002563639,0.002198313,0.0010272268,0.00015558126,0.0012937909,0.9111329
pamap2,gnn_attention_adj,window,1,101,101,102,554,554,554,1,0,2,1,sitting,lying,False,0.90942717,0.051319532,0.02782563,0.00063114293,0.0028558718,0.00020301982,0.00021961873,0.0026651367,0.0022735428,0.0010767725,0.00016370656,0.0013388508,0.90942717
pamap2,gnn_attention_adj,window,1,101,101,102,555,555,555,1,0,2,1,sitting,lying,False,0.90837854,0.051538784,0.028437458,0.0006492653,0.0029001904,0.00020709357,0.00022243042,0.0027160803,0.0023111599,0.0011050306,0.00016756753,0.0013664183,0.90837854
pamap2,gnn_attention_adj,window,1,101,101,102,556,556,556,1,0,2,1,sitting,lying,False,0.87454385,0.055055924,0.04792172,0.0013242377,0.0042906892,0.00063601637,0.00043416576,0.0054024025,0.004361403,0.0029962924,0.00045049976,0.0025828353,0.87454385
pamap2,gnn_attention_adj,window,1,101,101,102,557,557,557,1,0,2,1,sitting,lying,False,0.87690717,0.058794126,0.04371783,0.0012581352,0.0041831345,0.0005221926,0.00034634423,0.004501299,0.0037796411,0.0031790077,0.00049732835,0.0023137734,0.87690717
pamap2,gnn_attention_adj,window,1,101,101,102,558,558,558,1,0,2,1,sitting,lying,False,0.8854737,0.06114356,0.03451556,0.0011881076,0.0041562193,0.00044093042,0.00040982442,0.0041264226,0.0036694848,0.0023288657,0.0003953342,0.0021519677,0.8854737
pamap2,gnn_attention_adj,window,1,101,101,102,559,559,559,1,0,2,1,sitting,lying,False,0.902602,0.054299343,0.028528262,0.00087771524,0.003368831,0.00030573367,0.00028697847,0.003214365,0.002843083,0.001752073,0.00027588816,0.0016457507,0.902602
pamap2,gnn_attention_adj,window,1,101,101,102,560,560,560,1,0,2,1,sitting,lying,False,0.91040105,0.05094077,0.02560584,0.0007601315,0.0030944129,0.00026328256,0.0002526823,0.002898639,0.002575299,0.0014984094,0.00022721889,0.0014822226,0.91040105
pamap2,gnn_attention_adj,window,1,101,101,102,561,561,561,1,0,2,1,sitting,lying,False,0.9258297,0.04893544,0.01760472,0.00039773094,0.0022222996,0.00010004982,0.00013654235,0.0016067118,0.0015329969,0.00065972627,9.948097e-05,0.0008745985,0.9258297
pamap2,gnn_attention_adj,window,1,101,101,102,562,562,562,1,0,2,1,sitting,lying,False,0.92881256,0.047944795,0.016201526,0.00035911202,0.002109948,8.6584914e-05,0.00012445169,0.00147034,0.0014158296,0.00058171764,8.634726e-05,0.0008066943,0.92881256
pamap2,gnn_attention_adj,window,1,101,101,102,563,563,563,1,0,2,1,sitting,lying,False,0.92741597,0.047861237,0.017142834,0.0003948739,0.0022083758,9.92968e-05,0.00013450664,0.0016005134,0.0015204173,0.0006558116,9.721942e-05,0.00086902303,0.92741597
pamap2,gnn_attention_adj,window,1,101,101,102,564,564,564,1,0,2,1,sitting,lying,False,0.9217821,0.04944104,0.020115064,0.00046846675,0.002401254,0.0001260899,0.00015030445,0.0018329647,0.0017183201,0.0008425135,0.00012754543,0.0009944797,0.9217821
pamap2,gnn_attention_adj,window,1,101,101,102,565,565,565,1,0,2,1,sitting,lying,False,0.91842777,0.0500262,0.022184657,0.0005143859,0.002500131,0.00014645534,0.0001640455,0.0020215183,0.0018554562,0.00094523735,0.00014273399,0.001071484,0.91842777
pamap2,gnn_attention_adj,window,1,101,101,102,566,566,566,1,0,2,1,sitting,lying,False,0.92602575,0.047727764,0.018439773,0.00040670144,0.0022170614,0.00010746287,0.00014106826,0.0016866175,0.0015762304,0.0006763142,0.00010020184,0.00089497707,0.92602575
pamap2,gnn_attention_adj,window,1,101,101,102,567,567,567,1,0,2,1,sitting,lying,False,0.92781854,0.047323257,0.017585112,0.00037836417,0.0021179037,9.287392e-05,0.00012927435,0.0015623855,0.0014663822,0.00060237414,8.811762e-05,0.0008354269,0.92781854
pamap2,gnn_attention_adj,window,1,101,101,102,568,568,568,1,0,2,1,sitting,lying,False,0.92761344,0.04749402,0.017615814,0.0003779647,0.0021214064,9.287588e-05,0.0001297363,0.0015613728,0.0014680175,0.00060086674,8.8155284e-05,0.00083631946,0.92761344
pamap2,gnn_attention_adj,window,1,101,101,102,569,569,569,1,0,2,1,sitting,lying,False,0.9275952,0.04756487,0.01762373,0.00037600577,0.0021099206,9.097926e-05,0.00012831343,0.0015480899,0.0014544172,0.0005922186,8.68888e-05,0.00082939136,0.9275952
pamap2,gnn_attention_adj,window,1,101,101,102,570,570,570,1,0,2,1,sitting,lying,False,0.92859083,0.047116082,0.017235463,0.00036541134,0.0020752943,8.786574e-05,0.0001244501,0.0015115296,0.0014211388,0.0005772499,8.4126565e-05,0.0008105212,0.92859083
pamap2,gnn_attention_adj,window,1,101,101,102,571,571,571,1,0,2,1,sitting,lying,False,0.9282437,0.0471943,0.017416889,0.00037254914,0.002090875,8.9608555e-05,0.00012644341,0.0015346102,0.0014381794,0.0005868482,8.5433276e-05,0.0008206699,0.9282437
pamap2,gnn_attention_adj,window,1,101,101,102,572,572,572,1,0,2,1,sitting,lying,False,0.9267763,0.04789892,0.0178763,0.00039180415,0.0021577815,9.609874e-05,0.00013374856,0.0016006721,0.0014991148,0.00062228256,9.158356e-05,0.0008554485,0.9267763
pamap2,gnn_attention_adj,window,1,101,101,102,573,573,573,1,0,2,1,sitting,lying,False,0.92802835,0.047429856,0.017311824,0.0003748134,0.0021156229,9.1938746e-05,0.00012848077,0.0015439461,0.0014572503,0.0006000962,8.82319e-05,0.0008297399,0.92802835
pamap2,gnn_attention_adj,window,1,101,101,102,574,574,574,1,0,2,1,sitting,lying,False,0.92628413,0.04765465,0.018168744,0.00040633668,0.0022356927,0.00011162532,0.00014343832,0.0016978006,0.0015952562,0.0006949125,0.00010340898,0.0009039569,0.92628413
pamap2,gnn_attention_adj,window,1,101,101,102,575,575,575,1,0,2,1,sitting,lying,False,0.9255425,0.048559293,0.01788179,0.00041481375,0.002288317,0.00011179887,0.00014783906,0.001713084,0.0016211477,0.00069851085,0.00010562358,0.000915376,0.9255425
pamap2,gnn_attention_adj,window,1,101,101,102,576,576,576,1,0,2,1,sitting,lying,False,0.86849236,0.07591495,0.034815006,0.0012975693,0.0049398085,0.0004417657,0.0005258118,0.0042853286,0.0041456018,0.0022733232,0.00048357158,0.0023848636,0.86849236
pamap2,gnn_attention_adj,window,1,101,101,102,577,577,577,1,0,2,1,sitting,lying,False,0.7333568,0.16292144,0.031738214,0.0049017994,0.02020263,0.0016503778,0.0020083447,0.011991265,0.014962527,0.0061159767,0.0026225985,0.0075280047,0.7333568
pamap2,gnn_attention_adj,window,1,101,101,102,578,578,578,1,1,2,2,sitting,sitting,True,0.25826696,0.54944986,0.04349792,0.0041733654,0.037392296,0.0054201786,0.014849194,0.009356133,0.036783945,0.010998941,0.019206906,0.010604407,0.54944986
pamap2,gnn_attention_adj,window,1,101,101,102,579,579,579,1,1,2,2,sitting,sitting,True,0.107112095,0.7033817,0.08428408,0.003051565,0.021429786,0.0018845795,0.018553305,0.006261862,0.020260049,0.006986198,0.020715749,0.0060789217,0.7033817
pamap2,gnn_attention_adj,window,1,101,101,102,580,580,580,1,1,2,2,sitting,sitting,True,0.060371228,0.84630966,0.05637224,0.0005641324,0.010002482,0.00037743605,0.005396983,0.001681109,0.0067961426,0.0017648475,0.008600692,0.0017629989,0.84630966
pamap2,gnn_attention_adj,window,1,101,101,102,581,581,581,1,1,2,2,sitting,sitting,True,0.06903283,0.83806974,0.058116313,0.0005491891,0.009924833,0.00035040447,0.0049555255,0.0016774777,0.006683994,0.001590006,0.0072926655,0.0017570632,0.83806974
pamap2,gnn_attention_adj,window,1,101,101,102,582,582,582,1,1,2,2,sitting,sitting,True,0.0707836,0.84087133,0.05584815,0.00050242525,0.0096194865,0.00031106675,0.004569944,0.0015591037,0.006300938,0.0014433543,0.0065362514,0.001654342,0.84087133
pamap2,gnn_attention_adj,window,1,101,101,102,583,583,583,1,1,2,2,sitting,sitting,True,0.07027783,0.8428287,0.054655507,0.0004981931,0.00959728,0.00030486987,0.004576126,0.0015390839,0.0062333047,0.0014294551,0.006428912,0.0016307547,0.8428287
pamap2,gnn_attention_adj,window,1,101,101,102,584,584,584,1,1,2,2,sitting,sitting,True,0.06969721,0.8472786,0.051892836,0.00047131153,0.00944861,0.00028554557,0.0044311886,0.0014605488,0.006006956,0.0013656162,0.0061040483,0.0015576266,0.8472786
pamap2,gnn_attention_adj,window,1,101,101,102,585,585,585,1,1,2,2,sitting,sitting,True,0.068906546,0.85112655,0.04992803,0.00044620768,0.009253739,0.00026746263,0.0042783925,0.0013897466,0.005785204,0.0013039843,0.0058254926,0.0014886417,0.85112655
pamap2,gnn_attention_adj,window,1,101,101,102,586,586,586,1,1,2,2,sitting,sitting,True,0.06964498,0.85030806,0.04998299,0.00044828662,0.009277184,0.00026839532,0.0042710872,0.001394882,0.0058055436,0.0013044075,0.005798959,0.0014953144,0.85030806
pamap2,gnn_attention_adj,window,1,101,101,102,587,587,587,1,1,2,2,sitting,sitting,True,0.069322765,0.8511539,0.04976533,0.00043955544,0.009206842,0.00026391807,0.0041971765,0.0013737805,0.005743966,0.0012898792,0.005764817,0.0014781248,0.8511539
pamap2,gnn_attention_adj,window,1,101,101,102,588,588,588,1,1,2,2,sitting,sitting,True,0.06902501,0.8497846,0.050724033,0.00045456112,0.009312289,0.00027501292,0.0043270085,0.0014139923,0.0058695865,0.0013318601,0.0059686867,0.0015133619,0.8497846
pamap2,gnn_attention_adj,window,1,101,101,102,589,589,589,1,1,2,2,sitting,sitting,True,0.06968575,0.8473714,0.051944923,0.00046789373,0.009411525,0.0002840552,0.004397736,0.0014541171,0.00598828,0.0013583547,0.006085674,0.0015503387,0.8473714
pamap2,gnn_attention_adj,window,1,101,101,102,590,590,590,1,1,2,2,sitting,sitting,True,0.06914527,0.85037464,0.049883254,0.00045599256,0.009386403,0.00027653459,0.004376489,0.0014130928,0.0058903103,0.0013358565,0.0059450953,0.001517016,0.85037464
pamap2,gnn_attention_adj,window,1,101,101,102,591,591,591,1,1,2,2,sitting,sitting,True,0.06846263,0.85158914,0.049831416,0.00044594554,0.009259502,0.00026894815,0.004292295,0.0013882401,0.0057926476,0.0013102044,0.005869409,0.0014896967,0.85158914
pamap2,gnn_attention_adj,window,1,101,101,102,592,592,592,1,1,2,2,sitting,sitting,True,0.06909053,0.85063875,0.050204873,0.00044487428,0.009256113,0.000268699,0.0042523826,0.0013900392,0.0057995436,0.0013057924,0.005854868,0.0014935177,0.85063875
pamap2,gnn_attention_adj,window,1,101,101,102,593,593,593,1,1,2,2,sitting,sitting,True,0.06940671,0.8515451,0.04941455,0.000436423,0.009199238,0.0002615023,0.004190686,0.0013657281,0.0057222364,0.001279082,0.0057080574,0.001470738,0.8515451
pamap2,gnn_attention_adj,window,1,101,101,102,594,594,594,1,1,2,2,sitting,sitting,True,0.069129415,0.8516089,0.049556322,0.00043901367,0.009200498,0.00026242106,0.0042171725,0.0013717876,0.0057306797,0.0012836255,0.005727751,0.0014724362,0.8516089
pamap2,gnn_attention_adj,window,1,101,101,102,595,595,595,1,1,2,2,sitting,sitting,True,0.069873475,0.8475675,0.051912922,0.00046260498,0.009343354,0.00027860087,0.0043354123,0.0014414412,0.005930513,0.0013371304,0.0059826323,0.0015344543,0.8475675
pamap2,gnn_attention_adj,window,1,101,101,102,596,596,596,1,1,2,2,sitting,sitting,True,0.06965488,0.84757376,0.052005917,0.00046426157,0.009355736,0.0002804829,0.004355862,0.0014451034,0.0059470437,0.0013455402,0.006031742,0.0015396526,0.84757376
pamap2,gnn_attention_adj,window,1,101,101,102,597,597,597,1,1,2,2,sitting,sitting,True,0.06839408,0.85119516,0.050229218,0.0004471152,0.00925708,0.000269968,0.004292437,0.0013941863,0.005804253,0.0013145482,0.0059082396,0.0014937023,0.85119516
pamap2,gnn_attention_adj,window,1,101,101,102,598,598,598,1,1,2,2,sitting,sitting,True,0.0700837,0.8482769,0.05128948,0.0004542361,0.009306824,0.0002742615,0.0042644013,0.0014185725,0.0058755227,0.0013221484,0.00591358,0.0015203394,0.8482769
pamap2,gnn_attention_adj,window,1,101,101,102,599,599,599,1,1,2,2,sitting,sitting,True,0.06907824,0.84977996,0.05100377,0.00044795478,0.009236386,0.00027051932,0.0042468235,0.0014015493,0.005818775,0.0013114118,0.0059031746,0.0015014362,0.84977996
pamap2,gnn_attention_adj,window,1,101,101,102,600,600,600,1,1,2,2,sitting,sitting,True,0.06923163,0.8493802,0.051092904,0.00045204206,0.009276446,0.00027256817,0.00428563,0.0014108678,0.0058481717,0.0013184062,0.0059199333,0.0015111421,0.8493802
pamap2,gnn_attention_adj,window,1,101,101,102,601,601,601,1,1,2,2,sitting,sitting,True,0.06922034,0.84957546,0.050917063,0.00045149194,0.009283218,0.00027230705,0.0042815474,0.0014089189,0.0058448543,0.0013187672,0.0059165414,0.0015095217,0.84957546
pamap2,gnn_attention_adj,window,1,101,101,102,602,602,602,1,1,2,2,sitting,sitting,True,0.06954591,0.8481827,0.051516924,0.0004622247,0.009376469,0.00027967012,0.0043671094,0.0014385103,0.0059378743,0.0013434181,0.0060131247,0.001536041,0.8481827
pamap2,gnn_attention_adj,window,1,101,101,102,603,603,603,1,1,2,2,sitting,sitting,True,0.06955483,0.8482609,0.051647775,0.00045926962,0.009325283,0.00027618333,0.0043285545,0.0014317761,0.0059021297,0.0013302824,0.0059568393,0.001526271,0.8482609
pamap2,gnn_attention_adj,window,1,101,101,102,604,604,604,1,1,2,2,sitting,sitting,True,0.06924488,0.85060763,0.050212584,0.0004441776,0.009228116,0.00026663733,0.004232794,0.0013870487,0.0057790857,0.001298739,0.005809891,0.0014883898,0.85060763
pamap2,gnn_attention_adj,window,1,101,101,102,605,605,605,1,1,2,2,sitting,sitting,True,0.07058209,0.84767836,0.051147014,0.0004600088,0.009382179,0.00027779117,0.0043139667,0.001431104,0.0059253215,0.0013350046,0.005933331,0.001533835,0.84767836
pamap2,gnn_attention_adj,window,1,101,101,102,606,606,606,1,1,2,2,sitting,sitting,True,0.07091242,0.84797364,0.050650056,0.00045705674,0.00938226,0.00027548277,0.0042925207,0.0014208939,0.005900691,0.0013280525,0.005878824,0.0015280616,0.84797364
pamap2,gnn_attention_adj,window,1,101,101,102,607,607,607,1,1,2,2,sitting,sitting,True,0.06914997,0.85056406,0.05045951,0.00044130484,0.00919102,0.00026518386,0.004203472,0.0013828819,0.0057613268,0.0012917221,0.0058055054,0.0014841408,0.85056406
pamap2,gnn_attention_adj,window,1,101,101,102,608,608,608,1,1,2,2,sitting,sitting,True,0.0698946,0.84858,0.05144358,0.0004492148,0.009240767,0.00026937533,0.0042245146,0.0014074995,0.005826359,0.0013038799,0.005852703,0.0015075488,0.84858
pamap2,gnn_attention_adj,window,1,101,101,102,609,609,609,1,1,2,2,sitting,sitting,True,0.06972783,0.8481972,0.051734205,0.00045517666,0.009284701,0.0002734989,0.0042781453,0.0014235523,0.0058695837,0.0013188684,0.0059180036,0.0015192059,0.8481972
pamap2,gnn_attention_adj,window,1,101,101,102,610,610,610,1,1,2,2,sitting,sitting,True,0.06987509,0.84778184,0.05176411,0.00045929814,0.009335918,0.00027726023,0.0043142466,0.0014326607,0.005915015,0.0013336558,0.0059791966,0.0015317935,0.84778184
pamap2,gnn_attention_adj,window,1,101,101,102,611,611,611,1,1,2,2,sitting,sitting,True,0.07045143,0.847376,0.05182235,0.00045652792,0.009304604,0.00027345933,0.0042616846,0.0014263621,0.0058834357,0.0013198042,0.0058985488,0.0015259116,0.847376
pamap2,gnn_attention_adj,window,1,101,101,102,612,612,612,1,1,2,2,sitting,sitting,True,0.069620736,0.8498416,0.05042099,0.00044656047,0.009275442,0.00026977685,0.004243012,0.0013963223,0.005818645,0.0013086253,0.005857054,0.0015012716,0.8498416
pamap2,gnn_attention_adj,window,1,101,101,102,613,613,613,1,1,2,2,sitting,sitting,True,0.07003904,0.8488285,0.05076559,0.00045345144,0.009327653,0.0002739921,0.004288137,0.0014137457,0.005871793,0.0013217684,0.005898517,0.0015178072,0.8488285
pamap2,gnn_attention_adj,window,1,101,101,102,614,614,614,1,1,2,2,sitting,sitting,True,0.069653496,0.8481743,0.05187847,0.00045527244,0.009260003,0.00027291806,0.0042633424,0.0014228751,0.0058601145,0.0013195623,0.005922679,0.0015170278,0.8481743
pamap2,gnn_attention_adj,window,1,101,101,102,615,615,615,1,1,2,2,sitting,sitting,True,0.06977086,0.84782135,0.052007046,0.00045731268,0.009289378,0.00027463122,0.004284681,0.0014291921,0.005885009,0.00132273,0.00593348,0.0015243917,0.84782135
pamap2,gnn_attention_adj,window,1,101,101,102,616,616,616,1,1,2,2,sitting,sitting,True,0.07052865,0.84733844,0.05168105,0.00045727676,0.009335562,0.00027590906,0.0042731836,0.0014285069,0.0059057646,0.0013254589,0.005919444,0.0015307559,0.84733844
pamap2,gnn_attention_adj,window,1,101,101,102,617,617,617,1,1,2,2,sitting,sitting,True,0.06939239,0.8490567,0.051252842,0.0004528993,0.009280969,0.0002726866,0.004276038,0.0014149763,0.0058539975,0.0013193024,0.0059151705,0.0015120093,0.8490567
pamap2,gnn_attention_adj,window,1,101,101,102,618,618,618,1,1,2,2,sitting,sitting,True,0.06966023,0.84877706,0.051167272,0.0004555315,0.0093090795,0.00027391486,0.004301446,0.0014186638,0.0058708065,0.0013241548,0.0059226216,0.001519256,0.84877706
pamap2,gnn_attention_adj,window,1,101,101,102,619,619,619,1,1,2,2,sitting,sitting,True,0.069636516,0.8475463,0.052066084,0.0004635937,0.009351803,0.0002800232,0.0043535903,0.0014436102,0.0059436075,0.0013434155,0.006031112,0.0015403063,0.8475463
pamap2,gnn_attention_adj,window,1,101,101,102,620,620,620,1,1,2,2,sitting,sitting,True,0.070325814,0.8479042,0.05150598,0.00045437287,0.009294124,0.00027247335,0.004253657,0.0014196777,0.0058633853,0.0013153623,0.005871628,0.0015193424,0.8479042
pamap2,gnn_attention_adj,window,1,101,101,102,621,621,621,1,1,2,2,sitting,sitting,True,0.0700943,0.8493844,0.05060596,0.00044613786,0.009246396,0.00026623285,0.00421433,0.0013943791,0.005787513,0.0012950089,0.005767939,0.0014973691,0.8493844
pamap2,gnn_attention_adj,window,1,101,101,102,622,622,622,1,1,2,2,sitting,sitting,True,0.07015939,0.84821904,0.05128456,0.00045451126,0.009306717,0.00027360403,0.0042733247,0.0014186002,0.0058731805,0.0013195238,0.0058973124,0.0015201957,0.84821904
pamap2,gnn_attention_adj,window,1,101,101,102,623,623,623,1,1,2,2,sitting,sitting,True,0.070076026,0.84737986,0.051859543,0.0004613543,0.009363932,0.00027928207,0.0043320665,0.001439493,0.005940288,0.0013373923,0.005991307,0.0015394515,0.84737986
pamap2,gnn_attention_adj,window,1,101,101,102,624,624,624,1,1,2,2,sitting,sitting,True,0.07117704,0.84612536,0.051999215,0.0004639445,0.0093976995,0.0002799539,0.0043071224,0.0014462762,0.005959506,0.0013388521,0.005955546,0.0015493447,0.84612536
pamap2,gnn_attention_adj,window,1,101,101,102,625,625,625,1,1,2,2,sitting,sitting,True,0.070495434,0.84623873,0.05229223,0.00047105056,0.009419022,0.00028367795,0.0043855016,0.0014620082,0.005997075,0.001355893,0.0060421084,0.0015572543,0.84623873
pamap2,gnn_attention_adj,window,1,101,101,102,626,626,626,1,1,2,2,sitting,sitting,True,0.06975593,0.8476659,0.051840536,0.00046346267,0.009356013,0.00027994285,0.00434893,0.0014419481,0.0059406636,0.0013453605,0.0060239527,0.0015373301,0.8476659
pamap2,gnn_attention_adj,window,1,101,101,102,627,627,627,1,1,2,2,sitting,sitting,True,0.069492415,0.8492777,0.05070096,0.00045457514,0.009343177,0.00027699422,0.0043206513,0.0014164917,0.005895377,0.001332567,0.0059689786,0.0015200789,0.8492777
pamap2,gnn_attention_adj,window,1,101,101,102,628,628,628,1,1,2,2,sitting,sitting,True,0.07048241,0.84780025,0.051352702,0.00045432887,0.009321113,0.0002747289,0.0042531374,0.001420302,0.0058867186,0.0013225034,0.00590791,0.0015238597,0.84780025
pamap2,gnn_attention_adj,window,1,101,101,102,629,629,629,1,1,2,2,sitting,sitting,True,0.06935178,0.84895194,0.051248178,0.00045553953,0.009309306,0.00027495943,0.004302664,0.0014201028,0.0058767926,0.001329132,0.005960075,0.00151954,0.84895194
pamap2,gnn_attention_adj,window,1,101,101,102,630,630,630,1,1,2,2,sitting,sitting,True,0.06959484,0.8491995,0.050751,0.00045539517,0.009334787,0.00027514296,0.0043080584,0.0014169037,0.0058778105,0.0013293509,0.00593821,0.0015189891,0.8491995
pamap2,gnn_attention_adj,window,1,101,101,102,631,631,631,1,1,2,2,sitting,sitting,True,0.06994969,0.84958506,0.05050225,0.0004462071,0.0092476625,0.0002672643,0.0042217784,0.0013939624,0.005795081,0.0012986833,0.005794716,0.0014976478,0.84958506
pamap2,gnn_attention_adj,window,1,101,101,102,632,632,632,1,1,2,2,sitting,sitting,True,0.07010596,0.849724,0.050285053,0.00044375216,0.009243531,0.0002662806,0.004206483,0.0013874326,0.0057827365,0.0012935058,0.0057669966,0.0014941955,0.849724
pamap2,gnn_attention_adj,window,1,101,101,102,633,633,633,1,1,2,2,sitting,sitting,True,0.07048978,0.8490224,0.050684243,0.00044317904,0.009228174,0.00026558086,0.0041699256,0.0013899805,0.0057794275,0.0012880658,0.005744266,0.0014950597,0.8490224
pamap2,gnn_attention_adj,window,1,101,101,102,634,634,634,1,1,2,2,sitting,sitting,True,0.070022896,0.84882385,0.051057573,0.0004493015,0.009266213,0.00026981637,0.0042419303,0.0014067177,0.005828711,0.0013027617,0.0058230357,0.0015071705,0.84882385
pamap2,gnn_attention_adj,window,1,101,101,102,635,635,635,1,1,2,2,sitting,sitting,True,0.06902783,0.85019046,0.050547156,0.00044962802,0.009280643,0.00027112896,0.00430246,0.001403223,0.005829972,0.00131218,0.005881755,0.0015035459,0.85019046
pamap2,gnn_attention_adj,window,1,101,101,102,636,636,636,1,1,2,2,sitting,sitting,True,0.07040313,0.84819925,0.051133193,0.0004522967,0.0093112355,0.00027232003,0.0042501846,0.0014129839,0.005861486,0.0013150534,0.0058693113,0.0015195608,0.84819925
pamap2,gnn_attention_adj,window,1,101,101,102,637,637,637,1,1,2,2,sitting,sitting,True,0.07003431,0.8485881,0.051105104,0.00045193138,0.009303563,0.0002725192,0.0042543584,0.0014125637,0.005857695,0.001317105,0.0058867433,0.0015161015,0.8485881
pamap2,gnn_attention_adj,window,1,101,101,102,638,638,638,1,1,2,2,sitting,sitting,True,0.06941361,0.8492421,0.05105178,0.00045206104,0.009288818,0.00027232483,0.004285446,0.0014121655,0.005852202,0.0013165058,0.0059011765,0.0015118045,0.8492421
pamap2,gnn_attention_adj,window,1,101,101,102,639,639,639,1,1,2,2,sitting,sitting,True,0.07047253,0.84692264,0.05199473,0.00046172363,0.009350667,0.00027812005,0.0043118885,0.0014399599,0.0059343483,0.0013337954,0.005960473,0.0015391031,0.84692264
pamap2,gnn_attention_adj,window,1,101,101,102,640,640,640,1,1,2,2,sitting,sitting,True,0.06962636,0.84768736,0.05200646,0.00046140773,0.009337041,0.00027925955,0.004337804,0.0014396143,0.0059336256,0.0013390468,0.006016319,0.0015356889,0.84768736
pamap2,gnn_attention_adj,window,1,101,101,102,641,641,641,1,1,2,2,sitting,sitting,True,0.06872985,0.85083616,0.050258327,0.00044878968,0.009264032,0.00027013634,0.004297191,0.0013977004,0.005809385,0.0013130592,0.0058791866,0.0014961882,0.85083616
pamap2,gnn_attention_adj,window,1,101,101,102,642,642,642,1,1,2,2,sitting,sitting,True,0.06949651,0.8503299,0.050233997,0.00044491806,0.009244562,0.00026647022,0.004228473,0.0013890325,0.005778524,0.001298586,0.005796916,0.0014921298,0.8503299
pamap2,gnn_attention_adj,window,1,101,101,102,643,643,643,1,1,2,2,sitting,sitting,True,0.06901062,0.849485,0.05109271,0.0004549218,0.009297769,0.00027393844,0.0043208255,0.0014182203,0.0058627953,0.0013251783,0.0059447996,0.0015132467,0.849485
pamap2,gnn_attention_adj,window,1,101,101,102,644,644,644,1,1,2,2,sitting,sitting,True,0.069572836,0.8487397,0.051292483,0.0004555021,0.009300758,0.00027430698,0.004301521,0.0014213016,0.0058752894,0.0013232715,0.005926234,0.0015167831,0.8487397
pamap2,gnn_attention_adj,window,1,101,101,102,645,645,645,1,1,2,2,sitting,sitting,True,0.068863064,0.84990263,0.050954342,0.00045222888,0.009265419,0.00027225167,0.0043009706,0.0014108663,0.005839908,0.0013177604,0.0059159473,0.0015046339,0.84990263
pamap2,gnn_attention_adj,window,1,101,101,102,646,646,646,1,1,2,2,sitting,sitting,True,0.068028115,0.8513238,0.05039291,0.00044777166,0.00925074,0.00027189046,0.004303707,0.0013974322,0.005815575,0.0013196479,0.005953726,0.0014947973,0.8513238
pamap2,gnn_attention_adj,window,1,101,101,102,647,647,647,1,1,2,2,sitting,sitting,True,0.06958282,0.8474421,0.052270968,0.0004613994,0.009325989,0.00028016852,0.0043143397,0.0014406204,0.0059358054,0.0013452015,0.0060627284,0.0015379424,0.8474421
pamap2,gnn_attention_adj,window,1,101,101,102,648,648,648,1,1,2,2,sitting,sitting,True,0.07010152,0.8470378,0.05212847,0.00046310175,0.009368282,0.00028003778,0.004331009,0.0014447254,0.0059474306,0.0013415683,0.006012492,0.001543702,0.8470378
pamap2,gnn_attention_adj,window,1,101,101,102,649,649,649,1,1,2,2,sitting,sitting,True,0.06969409,0.8488108,0.051142387,0.00045442037,0.009303894,0.00027359472,0.0042839763,0.0014168137,0.00586562,0.0013227388,0.005914752,0.0015168871,0.8488108
pamap2,gnn_attention_adj,window,1,101,101,102,650,650,650,1,1,2,2,sitting,sitting,True,0.07087354,0.8479445,0.05109762,0.00045164005,0.009285732,0.00026899728,0.0042296806,0.0014097744,0.005835896,0.0013034546,0.005786186,0.0015129274,0.8479445
pamap2,gnn_attention_adj,window,1,101,101,102,651,651,651,1,1,2,2,sitting,sitting,True,0.07092467,0.8479138,0.05096011,0.00045269032,0.0093168095,0.000271388,0.004239615,0.0014124182,0.0058549386,0.0013119982,0.005823998,0.0015175103,0.8479138
pamap2,gnn_attention_adj,window,1,101,101,102,652,652,652,1,1,2,2,sitting,sitting,True,0.07042152,0.8477272,0.051581707,0.00045480253,0.009291187,0.0002722993,0.004231927,0.0014194233,0.005857238,0.0013212587,0.005900377,0.0015211061,0.8477272
pamap2,gnn_attention_adj,window,1,101,101,102,653,653,653,1,1,2,2,sitting,sitting,True,0.069921836,0.8382866,0.057170562,0.00055840187,0.009932353,0.000343632,0.0049414705,0.0016750669,0.0066279145,0.0016038439,0.007189704,0.0017486701,0.8382866
pamap2,gnn_attention_adj,window,1,101,101,102,654,654,654,1,1,2,2,sitting,sitting,True,0.064179875,0.79450244,0.07676323,0.0012682141,0.013699273,0.00091524096,0.0105917035,0.0032166503,0.011409215,0.0037197452,0.016580323,0.0031541816,0.79450244
pamap2,gnn_attention_adj,window,1,101,101,102,655,655,655,1,1,2,2,sitting,sitting,True,0.05820322,0.8166296,0.06590756,0.0010664482,0.012837619,0.0007827212,0.008997145,0.0026916463,0.00996409,0.003582626,0.016633686,0.002703647,0.8166296
pamap2,gnn_attention_adj,window,1,101,101,102,656,656,656,1,1,2,2,sitting,sitting,True,0.06560933,0.7972359,0.07228886,0.0012720809,0.014035515,0.00093099393,0.01068089,0.0031864794,0.011466858,0.0037830044,0.016351823,0.0031582192,0.7972359
pamap2,gnn_attention_adj,window,1,101,101,102,657,657,657,1,1,2,2,sitting,sitting,True,0.06903119,0.85075617,0.049551338,0.0004553094,0.009326559,0.00027777854,0.0042376895,0.0013945001,0.0058481484,0.0013915311,0.006216105,0.0015136601,0.85075617
pamap2,gnn_attention_adj,window,1,101,101,102,658,658,658,1,1,2,2,sitting,sitting,True,0.07086375,0.83993036,0.05621111,0.0005135407,0.00963924,0.0003173808,0.0044479836,0.0015639204,0.00630876,0.001543417,0.006982339,0.0016780873,0.83993036
pamap2,gnn_attention_adj,window,1,101,101,102,659,659,659,1,1,2,2,sitting,sitting,True,0.07270147,0.83175576,0.06087792,0.00055871456,0.0098874,0.00034853668,0.0046352297,0.0016957277,0.0066710613,0.0016381984,0.0074278186,0.0018021694,0.83175576
pamap2,gnn_attention_adj,window,1,101,101,102,660,660,660,1,1,2,2,sitting,sitting,True,0.051899537,0.81521446,0.07674322,0.0009848223,0.011976205,0.0007218278,0.008711336,0.0026937504,0.009607447,0.003081924,0.015820375,0.002545136,0.81521446
pamap2,gnn_attention_adj,window,1,101,101,102,661,661,661,1,1,2,2,sitting,sitting,True,0.06345731,0.7616497,0.08318697,0.0019511594,0.016729524,0.0015396952,0.016336462,0.0045106197,0.015794003,0.0056462977,0.024775108,0.004423075,0.7616497
pamap2,gnn_attention_adj,window,1,101,101,102,662,662,662,1,1,2,2,sitting,sitting,True,0.03548975,0.6412926,0.12709452,0.004597831,0.020053688,0.0036476275,0.04885869,0.009255773,0.026935501,0.013615923,0.06159938,0.0075587803,0.6412926
pamap2,gnn_attention_adj,window,1,101,101,102,663,663,663,1,1,2,2,sitting,sitting,True,0.03811237,0.75188756,0.10212657,0.0018550018,0.015014593,0.0018125329,0.021330548,0.00464996,0.016406601,0.0064488216,0.035983134,0.0043723304,0.75188756
pamap2,gnn_attention_adj,window,1,101,101,102,664,664,664,1,1,2,2,sitting,sitting,True,0.06375693,0.768513,0.11692801,0.0010392969,0.010435029,0.00068328873,0.007283692,0.0031218582,0.0099998405,0.002483522,0.013079868,0.0026756125,0.768513
pamap2,gnn_attention_adj,window,1,101,101,102,665,665,665,1,1,2,2,sitting,sitting,True,0.06667853,0.78143686,0.10584328,0.0008942724,0.010230283,0.0005887413,0.006571735,0.0027617498,0.009184927,0.0021557228,0.011187951,0.0024660132,0.78143686
pamap2,gnn_attention_adj,window,1,101,101,102,666,666,666,1,1,2,2,sitting,sitting,True,0.067221195,0.78420866,0.10397571,0.00085588504,0.010073665,0.00055985054,0.0063362382,0.002664329,0.008934344,0.0020632162,0.010709512,0.002397401,0.78420866
pamap2,gnn_attention_adj,window,1,101,101,102,667,667,667,1,1,2,2,sitting,sitting,True,0.06773022,0.78417116,0.10454269,0.00083557214,0.009901759,0.0005395389,0.0061715525,0.0026220165,0.008772218,0.0019983333,0.010363109,0.0023518135,0.78417116
pamap2,gnn_attention_adj,window,1,101,101,102,668,668,668,1,1,2,2,sitting,sitting,True,0.067592524,0.78561246,0.10323421,0.00083156204,0.0099467635,0.0005390035,0.0061714053,0.0026050468,0.00875167,0.0019996904,0.010367612,0.0023480675,0.78561246
pamap2,gnn_attention_adj,window,1,101,101,102,669,669,669,1,1,2,2,sitting,sitting,True,0.06771219,0.78199464,0.10544875,0.000868819,0.010082044,0.00056603784,0.0063610096,0.0027002557,0.009008998,0.0020807744,0.010757052,0.0024194343,0.78199464
pamap2,gnn_attention_adj,window,1,101,101,102,670,670,670,1,1,2,2,sitting,sitting,True,0.06653649,0.7823689,0.10530742,0.0008958844,0.010166336,0.00058032945,0.0066274535,0.002745713,0.009115174,0.0021459877,0.011062502,0.0024479334,0.7823689
pamap2,gnn_attention_adj,window,1,101,101,102,671,671,671,1,1,2,2,sitting,sitting,True,0.050972074,0.5917002,0.24474518,0.0034400949,0.012278217,0.0023714425,0.01531353,0.008746058,0.02019573,0.0071459156,0.037813306,0.0052782213,0.5917002
pamap2,gnn_attention_adj,window,1,101,101,102,672,672,672,1,10,2,17,sitting,ironing,False,0.006005023,0.119894676,0.08905196,0.0022724278,0.006960135,0.017815119,0.0045165136,0.0087116305,0.0198491,0.059207372,0.66155434,0.0041616783,0.66155434
pamap2,gnn_attention_adj,window,1,101,101,102,673,673,673,1,9,2,16,sitting,vacuum_cleaning,False,0.0052726544,0.00833392,0.058879234,0.00969643,0.00160545,0.069530934,0.0005381432,0.031677455,0.01272979,0.5414603,0.2578187,0.0024570613,0.5414603
pamap2,gnn_attention_adj,window,1,101,101,102,674,674,674,1,9,2,16,sitting,vacuum_cleaning,False,0.0069643008,0.0007266379,0.010063994,0.0040031574,0.00017382273,0.028674295,3.4223875e-05,0.020168021,0.0029375518,0.9134971,0.012321947,0.0004349501,0.9134971
pamap2,gnn_attention_adj,window,1,101,101,102,675,675,675,1,9,2,16,sitting,vacuum_cleaning,False,0.0036330645,0.009047915,0.05089885,0.004993285,0.0014404631,0.060287,0.00031238087,0.020799953,0.010612579,0.42707774,0.40895766,0.001939117,0.42707774
pamap2,gnn_attention_adj,window,1,101,101,102,676,676,676,1,10,2,17,sitting,ironing,False,0.0068090074,0.1768849,0.11323644,0.002121565,0.007680495,0.012710949,0.0059908093,0.007959393,0.02019861,0.048995428,0.59341407,0.0039983583,0.59341407
pamap2,gnn_attention_adj,window,1,101,101,102,677,677,677,1,1,2,2,sitting,sitting,True,0.04018623,0.76221466,0.11536865,0.0013523906,0.012292302,0.0013202545,0.010896526,0.0037750374,0.013062645,0.0048282333,0.031393517,0.0033097016,0.76221466
pamap2,gnn_attention_adj,window,1,101,101,102,678,678,678,1,1,2,2,sitting,sitting,True,0.051129993,0.81169844,0.08917633,0.0007505547,0.010292843,0.0006006806,0.0064269225,0.0023642706,0.008739763,0.002377584,0.01423038,0.00221222,0.81169844
pamap2,gnn_attention_adj,window,1,101,101,102,679,679,679,1,1,2,2,sitting,sitting,True,0.05240902,0.81280273,0.089105465,0.0007162473,0.010057695,0.00055712386,0.0061688637,0.0022885022,0.008457851,0.0022051544,0.013088805,0.0021424622,0.81280273
pamap2,gnn_attention_adj,window,1,101,101,102,680,680,680,1,1,2,2,sitting,sitting,True,0.05259827,0.81218064,0.089521326,0.0007169468,0.010087428,0.00055901625,0.006199952,0.0022986615,0.008489092,0.002192761,0.013003251,0.002152631,0.81218064
pamap2,gnn_attention_adj,window,1,101,101,102,681,681,681,1,1,2,2,sitting,sitting,True,0.052398294,0.8178986,0.085594736,0.0006749285,0.009970764,0.00052730273,0.0059869927,0.002181981,0.008184373,0.0020940446,0.01241693,0.0020710956,0.8178986
pamap2,gnn_attention_adj,window,1,101,101,102,682,682,682,1,1,2,2,sitting,sitting,True,0.052765835,0.81765205,0.08586935,0.0006648741,0.009931536,0.00052175415,0.0058277454,0.0021654507,0.008134187,0.0020730894,0.012334009,0.0020600248,0.81765205
pamap2,gnn_attention_adj,window,1,101,101,102,683,683,683,1,1,2,2,sitting,sitting,True,0.05282997,0.81726086,0.08598879,0.00066856015,0.009966406,0.0005260348,0.005854295,0.0021758915,0.008168837,0.0020852026,0.012404155,0.0020710563,0.81726086
pamap2,gnn_attention_adj,window,1,101,101,102,684,684,684,1,1,2,2,sitting,sitting,True,0.053598277,0.81301594,0.088712566,0.00069446396,0.010034324,0.00054258306,0.005973451,0.002251525,0.008360577,0.0021249643,0.01256781,0.0021235733,0.81301594
pamap2,gnn_attention_adj,window,1,101,101,102,685,685,685,1,1,2,2,sitting,sitting,True,0.053470965,0.8157387,0.08718969,0.0006705084,0.009898931,0.0005209946,0.005816313,0.0021843216,0.008163243,0.0020619489,0.012215105,0.0020692344,0.8157387
pamap2,gnn_attention_adj,window,1,101,101,102,686,686,686,1,1,2,2,sitting,sitting,True,0.053525098,0.81586766,0.08711679,0.0006694476,0.009898381,0.0005179414,0.0058106123,0.0021810888,0.008143681,0.0020541253,0.012148378,0.002066747,0.81586766
pamap2,gnn_attention_adj,window,1,101,101,102,687,687,687,1,1,2,2,sitting,sitting,True,0.053586822,0.8142245,0.088160925,0.0006806166,0.009948192,0.00052922725,0.005865377,0.0022146143,0.008244691,0.002086818,0.012365333,0.0020929447,0.8142245
pamap2,gnn_attention_adj,window,1,101,101,102,688,688,688,1,1,2,2,sitting,sitting,True,0.053443853,0.81331974,0.08868742,0.0006928463,0.010009405,0.00053863804,0.0059775775,0.002244973,0.008332222,0.0021162452,0.012520398,0.0021166266,0.81331974
pamap2,gnn_attention_adj,window,1,101,101,102,689,689,689,1,1,2,2,sitting,sitting,True,0.05352713,0.8124404,0.089083,0.0007000184,0.010059485,0.00054789096,0.0060127927,0.0022655425,0.008404661,0.0021427511,0.012680575,0.002135786,0.8124404
pamap2,gnn_attention_adj,window,1,101,101,102,690,690,690,1,1,2,2,sitting,sitting,True,0.0538382,0.8103257,0.09068692,0.00070619746,0.010071806,0.00055296277,0.0059789224,0.0022927958,0.008461065,0.0021551272,0.012776461,0.0021539151,0.8103257
pamap2,gnn_attention_adj,window,1,101,101,102,691,691,691,1,1,2,2,sitting,sitting,True,0.053294674,0.8127743,0.08898168,0.0006990077,0.01006669,0.0005459779,0.0060241967,0.0022615776,0.008388288,0.0021425607,0.012686434,0.002134569,0.8127743
pamap2,gnn_attention_adj,window,1,101,101,102,692,692,692,1,1,2,2,sitting,sitting,True,0.053024027,0.8136371,0.088712625,0.0006911602,0.0099977,0.00053981063,0.0059915385,0.002240631,0.0083295535,0.0021203808,0.01260137,0.0021141516,0.8136371
pamap2,gnn_attention_adj,window,1,101,101,102,693,693,693,1,1,2,2,sitting,sitting,True,0.052916516,0.8137342,0.088794574,0.0006899472,0.0099759465,0.00053805084,0.0059820185,0.0022361262,0.008315969,0.002116847,0.012589881,0.0021098917,0.8137342
pamap2,gnn_attention_adj,window,1,101,101,102,694,694,694,1,1,2,2,sitting,sitting,True,0.05361808,0.8103679,0.09071638,0.00071240315,0.010066478,0.0005542872,0.006068492,0.0022991993,0.008482524,0.0021622516,0.012793306,0.0021587005,0.8103679
pamap2,gnn_attention_adj,window,1,101,101,102,695,695,695,1,1,2,2,sitting,sitting,True,0.05396728,0.8095768,0.09099697,0.0007171806,0.010111554,0.00055769976,0.0060928673,0.0023143555,0.008525987,0.0021687609,0.0127969105,0.002173633,0.8095768
pamap2,gnn_attention_adj,window,1,101,101,102,696,696,696,1,1,2,2,sitting,sitting,True,0.053798337,0.8114572,0.08997981,0.0006985725,0.010039218,0.0005434848,0.005957426,0.0022678874,0.008391021,0.0021281752,0.012600997,0.002137959,0.8114572
pamap2,gnn_attention_adj,window,1,101,101,102,697,697,697,1,1,2,2,sitting,sitting,True,0.05375705,0.81019175,0.09097482,0.00070516655,0.010052721,0.0005512051,0.005984454,0.002291575,0.0084537715,0.0021460042,0.012738699,0.0021528539,0.81019175
pamap2,gnn_attention_adj,window,1,101,101,102,698,698,698,1,1,2,2,sitting,sitting,True,0.051827632,0.7931813,0.10169732,0.0008968062,0.01082136,0.00071159494,0.007401121,0.0027789748,0.009799013,0.0026544426,0.015714874,0.002515582,0.7931813
pamap2,gnn_attention_adj,window,1,101,101,102,699,699,699,1,2,2,3,sitting,standing,False,0.024112588,0.33358443,0.3462065,0.0041738176,0.011893684,0.007729745,0.0102506,0.013098238,0.031125365,0.021435678,0.18913522,0.0072542164,0.3462065
pamap2,gnn_attention_adj,window,1,101,101,102,700,700,700,1,2,2,3,sitting,standing,False,0.015904535,0.17253909,0.34393397,0.0063538784,0.009888982,0.011780489,0.005216493,0.016710991,0.026147386,0.0471142,0.33660153,0.007808505,0.34393397
pamap2,gnn_attention_adj,window,1,101,101,102,701,701,701,1,2,2,3,sitting,standing,False,0.033873297,0.14874119,0.54783624,0.017089978,0.013668295,0.009565446,0.009284567,0.029161338,0.0337623,0.037717782,0.10523138,0.014068162,0.54783624
pamap2,gnn_attention_adj,window,1,101,101,102,702,702,702,1,2,2,3,sitting,standing,False,0.046511482,0.18174815,0.61374104,0.010357635,0.011625649,0.0048174188,0.0067653307,0.021585792,0.02866485,0.016030474,0.04678675,0.011365446,0.61374104
pamap2,gnn_attention_adj,window,1,101,101,102,703,703,703,1,2,2,3,sitting,standing,False,0.0512851,0.19234742,0.62493503,0.008603657,0.010603842,0.003738393,0.005667209,0.019105371,0.025478879,0.01265401,0.03562881,0.009952253,0.62493503
pamap2,gnn_attention_adj,window,1,101,101,102,704,704,704,1,2,2,3,sitting,standing,False,0.052328914,0.1957526,0.6236448,0.008373547,0.010548574,0.0036063427,0.005594353,0.01872803,0.025178751,0.012152409,0.034296755,0.009794847,0.6236448
pamap2,gnn_attention_adj,window,1,101,101,102,705,705,705,1,2,2,3,sitting,standing,False,0.05196575,0.19562244,0.62426174,0.008331987,0.0105151255,0.0035935175,0.005560994,0.018652624,0.025097562,0.012138818,0.03450316,0.00975628,0.62426174
pamap2,gnn_attention_adj,window,1,101,101,102,706,706,706,1,2,2,3,sitting,standing,False,0.05126302,0.19313669,0.62842137,0.00826965,0.010371573,0.003562029,0.005456243,0.018610213,0.024910945,0.012080117,0.03423407,0.009684108,0.62842137
pamap2,gnn_attention_adj,window,1,101,101,102,707,707,707,1,2,2,3,sitting,standing,False,0.051489923,0.19292578,0.6285489,0.0082836775,0.010377489,0.0035579083,0.005447474,0.01863764,0.024894966,0.01209533,0.03404378,0.009697073,0.6285489
pamap2,gnn_attention_adj,window,1,101,101,102,708,708,708,1,2,2,3,sitting,standing,False,0.050618574,0.19324872,0.62606657,0.008450395,0.0104967365,0.003653928,0.005591067,0.01879838,0.025246432,0.012413833,0.03559912,0.00981628,0.62606657
pamap2,gnn_attention_adj,window,1,101,101,102,709,709,709,1,2,2,3,sitting,standing,False,0.05200022,0.19589743,0.6214277,0.008519667,0.01064537,0.0036857787,0.005663967,0.018889084,0.025323777,0.012517333,0.035546914,0.009882836,0.6214277
pamap2,gnn_attention_adj,window,1,101,101,102,710,710,710,1,2,2,3,sitting,standing,False,0.054609176,0.2007815,0.61771536,0.0083217705,0.010646463,0.0035356462,0.0055659763,0.018545123,0.024860281,0.012087646,0.03359409,0.009736975,0.61771536
pamap2,gnn_attention_adj,window,1,101,101,102,711,711,711,1,2,2,3,sitting,standing,False,0.05429473,0.2011517,0.6173443,0.008313556,0.010652526,0.0035443897,0.005590058,0.018519884,0.024916463,0.012072792,0.03386478,0.009734718,0.6173443
pamap2,gnn_attention_adj,window,1,101,101,102,712,712,712,1,2,2,3,sitting,standing,False,0.054365255,0.20125882,0.616889,0.008349517,0.010685552,0.003555438,0.0056232163,0.01857429,0.024998352,0.012078782,0.033851665,0.0097700395,0.616889
pamap2,gnn_attention_adj,window,1,101,101,102,713,713,713,1,2,2,3,sitting,standing,False,0.05420906,0.19905733,0.61876404,0.008420127,0.0106790345,0.0035923512,0.0056234268,0.01874879,0.0250855,0.012190027,0.033803105,0.009827232,0.61876404
pamap2,gnn_attention_adj,window,1,101,101,102,714,714,714,1,2,2,3,sitting,standing,False,0.05416046,0.19878519,0.62078726,0.008274958,0.010564046,0.0035234229,0.0055042827,0.018546011,0.024796024,0.012023377,0.03332483,0.009710061,0.62078726
pamap2,gnn_attention_adj,window,1,101,101,102,715,715,715,1,2,2,3,sitting,standing,False,0.054151848,0.19910023,0.6212468,0.008208916,0.010517603,0.0034918198,0.005465611,0.01844649,0.024679894,0.011922666,0.033116482,0.009651641,0.6212468
pamap2,gnn_attention_adj,window,1,101,101,102,716,716,716,1,2,2,3,sitting,standing,False,0.053957194,0.1984717,0.62063533,0.008317148,0.010582471,0.0035524166,0.0055321446,0.018613866,0.02487569,0.0121045755,0.033619847,0.009737732,0.62063533
pamap2,gnn_attention_adj,window,1,101,101,102,717,717,717,1,2,2,3,sitting,standing,False,0.054346558,0.20007615,0.6172369,0.008419291,0.0107197715,0.003602234,0.0056485212,0.018724492,0.025116296,0.012223887,0.034053735,0.009832172,0.6172369
pamap2,gnn_attention_adj,window,1,101,101,102,718,718,718,1,2,2,3,sitting,standing,False,0.054811396,0.20266685,0.61519355,0.008327212,0.010713071,0.0035445148,0.0056310645,0.018510234,0.024952492,0.012067319,0.03383247,0.009749838,0.61519355
pamap2,gnn_attention_adj,window,1,101,101,102,719,719,719,1,2,2,3,sitting,standing,False,0.05554045,0.20393205,0.6139525,0.008266299,0.010727047,0.0035172217,0.0055951383,0.01841883,0.024828171,0.012001903,0.033497103,0.009723315,0.6139525
pamap2,gnn_attention_adj,window,1,101,101,102,720,720,720,1,2,2,3,sitting,standing,False,0.0549639,0.20028125,0.6189797,0.008272781,0.010611101,0.003502769,0.005524221,0.018531676,0.024783889,0.011946043,0.032886516,0.009716251,0.6189797
pamap2,gnn_attention_adj,window,1,101,101,102,721,721,721,1,2,2,3,sitting,standing,False,0.054198965,0.19678308,0.6228486,0.008347163,0.01054455,0.0035343505,0.0054995054,0.018712679,0.024846308,0.012048948,0.03287948,0.009756435,0.6228486
pamap2,gnn_attention_adj,window,1,101,101,102,722,722,722,1,2,2,3,sitting,standing,False,0.053012587,0.19583915,0.6250757,0.008288081,0.010437548,0.0035180163,0.0054507796,0.018594949,0.024746276,0.012023373,0.033338208,0.0096753435,0.6250757
pamap2,gnn_attention_adj,window,1,101,101,102,723,723,723,1,2,2,3,sitting,standing,False,0.052873287,0.19526394,0.62574565,0.008300855,0.0104212845,0.003520558,0.0054359348,0.018612733,0.024725458,0.012052755,0.03337024,0.009677294,0.62574565
pamap2,gnn_attention_adj,window,1,101,101,102,724,724,724,1,2,2,3,sitting,standing,False,0.05256581,0.19520393,0.62477505,0.008368977,0.010487209,0.0035697792,0.0054978733,0.018695429,0.024916116,0.012190298,0.033984616,0.009744861,0.62477505
pamap2,gnn_attention_adj,window,1,101,101,102,725,725,725,1,2,2,3,sitting,standing,False,0.05351775,0.19708058,0.6209785,0.008459606,0.010631367,0.0036138697,0.005598155,0.018824829,0.025096407,0.012289611,0.034072913,0.009836402,0.6209785
pamap2,gnn_attention_adj,window,1,101,101,102,726,726,726,1,2,2,3,sitting,standing,False,0.05330066,0.19526415,0.62285244,0.008493673,0.010597599,0.0036368584,0.0055855936,0.018938133,0.02513271,0.01235015,0.033992972,0.009855008,0.62285244
pamap2,gnn_attention_adj,window,1,101,101,102,727,727,727,1,2,2,3,sitting,standing,False,0.05230147,0.19332552,0.62675875,0.0084074475,0.01045612,0.0035950511,0.005501957,0.018828893,0.024997294,0.012218253,0.03383621,0.009773023,0.62675875
pamap2,gnn_attention_adj,window,1,101,101,102,728,728,728,1,2,2,3,sitting,standing,False,0.052913103,0.19401035,0.62555707,0.008414877,0.010499953,0.0035960078,0.0055063274,0.01886281,0.024979781,0.01223378,0.033637762,0.009788232,0.62555707
pamap2,gnn_attention_adj,window,1,101,101,102,729,729,729,1,2,2,3,sitting,standing,False,0.052198354,0.19278908,0.6258008,0.008533215,0.0105473185,0.0036611757,0.0055809626,0.019045154,0.02522814,0.0124084335,0.03433135,0.009876054,0.6258008
pamap2,gnn_attention_adj,window,1,101,101,102,730,730,730,1,2,2,3,sitting,standing,False,0.051983584,0.19409865,0.625755,0.008414919,0.010485611,0.0036016733,0.005540435,0.018817581,0.025068147,0.012221655,0.03423725,0.009775464,0.625755
pamap2,gnn_attention_adj,window,1,101,101,102,731,731,731,1,2,2,3,sitting,standing,False,0.05229976,0.1943625,0.6270657,0.008293014,0.010392852,0.003530718,0.0054506655,0.018643813,0.024821084,0.012006951,0.033456534,0.00967629,0.6270657
pamap2,gnn_attention_adj,window,1,101,101,102,732,732,732,1,2,2,3,sitting,standing,False,0.05283036,0.19414821,0.62653553,0.0083544245,0.01043746,0.0035493334,0.005472646,0.01875902,0.024879942,0.012074702,0.033229403,0.009728949,0.62653553
pamap2,gnn_attention_adj,window,1,101,101,102,733,733,733,1,2,2,3,sitting,standing,False,0.05327546,0.1950501,0.6248982,0.008385704,0.010490704,0.0035620327,0.0055030305,0.018790696,0.024918662,0.0121164685,0.033249073,0.0097598815,0.6248982
pamap2,gnn_attention_adj,window,1,101,101,102,734,734,734,1,2,2,3,sitting,standing,False,0.052840535,0.19388427,0.626008,0.008403665,0.010473058,0.003582802,0.005488568,0.018828768,0.024930134,0.012215169,0.033574224,0.009770793,0.626008
pamap2,gnn_attention_adj,window,1,101,101,102,735,735,735,1,2,2,3,sitting,standing,False,0.052960142,0.19414508,0.62521243,0.008430883,0.010520584,0.0035992304,0.0055176644,0.018878732,0.02501543,0.012244428,0.033667192,0.009808077,0.62521243
pamap2,gnn_attention_adj,window,1,101,101,102,736,736,736,1,2,2,3,sitting,standing,False,0.052766863,0.19474211,0.62477523,0.008403177,0.010514775,0.0035913181,0.0055117416,0.01880234,0.024982149,0.01223009,0.033897582,0.009782648,0.62477523
pamap2,gnn_attention_adj,window,1,101,101,102,737,737,737,1,2,2,3,sitting,standing,False,0.051523097,0.1909191,0.62794596,0.008579901,0.010488813,0.0036813046,0.0055708266,0.019124035,0.025264336,0.012487967,0.034528952,0.009885655,0.62794596
pamap2,gnn_attention_adj,window,1,101,101,102,738,738,738,1,2,2,3,sitting,standing,False,0.052492887,0.19249186,0.62508726,0.00863224,0.010585993,0.0036977876,0.0056180675,0.019178612,0.025312543,0.012556688,0.034405407,0.009940628,0.62508726
pamap2,gnn_attention_adj,window,1,101,101,102,739,739,739,1,2,2,3,sitting,standing,False,0.05296216,0.19564807,0.62291205,0.008479428,0.010577745,0.003617947,0.0055890214,0.018871455,0.025119035,0.012300064,0.034089595,0.009833451,0.62291205
pamap2,gnn_attention_adj,window,1,101,101,102,740,740,740,1,2,2,3,sitting,standing,False,0.053027496,0.19570051,0.6233813,0.008420356,0.010553217,0.0035982481,0.005559179,0.01881038,0.02506089,0.012215799,0.03387369,0.009798918,0.6233813
pamap2,gnn_attention_adj,window,1,101,101,102,741,741,741,1,2,2,3,sitting,standing,False,0.05233103,0.19291379,0.62704897,0.008464136,0.0104543045,0.0036024295,0.0055229953,0.018922927,0.02504888,0.012228899,0.03366415,0.009797468,0.62704897
pamap2,gnn_attention_adj,window,1,101,101,102,742,742,742,1,2,2,3,sitting,standing,False,0.051205374,0.18991786,0.6314907,0.008434825,0.01032587,0.0035935713,0.0054492364,0.018939018,0.02497497,0.012213592,0.03370017,0.009754729,0.6314907
pamap2,gnn_attention_adj,window,1,101,101,102,743,743,743,1,2,2,3,sitting,standing,False,0.051112264,0.18924923,0.63272274,0.008404287,0.010288219,0.0035736412,0.0054058773,0.018902,0.02488221,0.0121897245,0.03354142,0.009728339,0.63272274
pamap2,gnn_attention_adj,window,1,101,101,102,744,744,744,1,2,2,3,sitting,standing,False,0.05145727,0.18940453,0.63041204,0.008555585,0.010424043,0.0036541303,0.0055061444,0.019126084,0.025153048,0.01242297,0.034016795,0.009867328,0.63041204
pamap2,gnn_attention_adj,window,1,101,101,102,745,745,745,1,2,2,3,sitting,standing,False,0.050706167,0.18670475,0.63239044,0.008688517,0.01043584,0.0037295525,0.0055639767,0.019399539,0.025425768,0.012595611,0.034389704,0.009970041,0.63239044
pamap2,gnn_attention_adj,window,1,101,101,102,746,746,746,1,2,2,3,sitting,standing,False,0.051293388,0.18730834,0.6331566,0.008547227,0.010362739,0.0036510655,0.0054564825,0.01920859,0.02511802,0.012406607,0.0336242,0.009866723,0.6331566
pamap2,gnn_attention_adj,window,1,101,101,102,747,747,747,1,2,2,3,sitting,standing,False,0.0532574,0.19414608,0.6254326,0.008432199,0.010500653,0.0035798177,0.00549356,0.018870382,0.024929728,0.012220926,0.0333419,0.009794759,0.6254326
pamap2,gnn_attention_adj,window,1,101,101,102,748,748,748,1,2,2,3,sitting,standing,False,0.054039165,0.19753152,0.6215761,0.008392674,0.010567695,0.003551073,0.005531676,0.018723117,0.024880221,0.012135908,0.033308413,0.009762402,0.6215761
pamap2,gnn_attention_adj,window,1,101,101,102,749,749,749,1,2,2,3,sitting,standing,False,0.05349366,0.19589058,0.62397057,0.008380526,0.010502541,0.0035485902,0.0054957997,0.018741095,0.024855021,0.012117186,0.033255517,0.009749006,0.62397057
pamap2,gnn_attention_adj,window,1,101,101,102,750,750,750,1,2,2,3,sitting,standing,False,0.052141458,0.19275391,0.6287938,0.008317411,0.010359836,0.003537196,0.005406792,0.018706061,0.02476506,0.01209636,0.03343175,0.009690351,0.6287938
pamap2,gnn_attention_adj,window,1,101,101,102,751,751,751,1,2,2,3,sitting,standing,False,0.051592074,0.19129251,0.6309356,0.008305713,0.010294437,0.0035325205,0.005364405,0.018694306,0.024702761,0.012113767,0.033506643,0.009665299,0.6309356
pamap2,gnn_attention_adj,window,1,101,101,102,752,752,752,1,2,2,3,sitting,standing,False,0.05174133,0.19072731,0.630621,0.008382127,0.010349376,0.0035719683,0.005410365,0.0188469,0.024863109,0.012201868,0.03354603,0.009738625,0.630621
pamap2,gnn_attention_adj,window,1,101,101,102,753,753,753,1,2,2,3,sitting,standing,False,0.051126532,0.18963185,0.6322738,0.008384966,0.0103023155,0.0035753835,0.005409803,0.018879814,0.024906592,0.012170462,0.033610765,0.00972771,0.6322738
pamap2,gnn_attention_adj,window,1,101,101,102,754,754,754,1,2,2,3,sitting,standing,False,0.05090902,0.18863328,0.63255817,0.008474797,0.010329739,0.0036176567,0.0054492853,0.019025553,0.025041817,0.012301,0.033868138,0.009791563,0.63255817
pamap2,gnn_attention_adj,window,1,101,101,102,755,755,755,1,2,2,3,sitting,standing,False,0.05178562,0.19121741,0.6286681,0.008486206,0.010449367,0.0036292267,0.005506666,0.018991359,0.02511031,0.012330571,0.033990167,0.009835054,0.6286681
pamap2,gnn_attention_adj,window,1,101,101,102,756,756,756,1,2,2,3,sitting,standing,False,0.052898046,0.19298694,0.6266307,0.008448433,0.01048871,0.003602477,0.0055011427,0.018941794,0.025016846,0.012243958,0.03342156,0.00981942,0.6266307
pamap2,gnn_attention_adj,window,1,101,101,102,757,757,757,1,2,2,3,sitting,standing,False,0.05324739,0.19370851,0.62644094,0.008398878,0.0104678245,0.0035658737,0.005477417,0.01887337,0.024912482,0.012123812,0.033006977,0.009776455,0.62644094
pamap2,gnn_attention_adj,window,1,101,101,102,758,758,758,1,2,2,3,sitting,standing,False,0.05198343,0.19356272,0.62685096,0.008390601,0.010428119,0.0035834734,0.0054847617,0.018769102,0.024927095,0.012219952,0.034063585,0.0097361775,0.62685096
pamap2,gnn_attention_adj,window,1,101,101,102,759,759,759,1,2,2,3,sitting,standing,False,0.051031668,0.1905885,0.63011885,0.008436445,0.010368335,0.0036209016,0.0054663187,0.018899532,0.025007335,0.012327337,0.034370553,0.009764284,0.63011885
pamap2,gnn_attention_adj,window,1,101,101,102,760,760,760,1,2,2,3,sitting,standing,False,0.05095703,0.19025646,0.6304289,0.008475346,0.010369343,0.0036228285,0.0054841214,0.018960973,0.025054704,0.012323974,0.034280505,0.009785816,0.6304289
pamap2,gnn_attention_adj,window,1,101,101,102,761,761,761,1,2,2,3,sitting,standing,False,0.043364815,0.16293712,0.6421635,0.010428876,0.010722937,0.004728978,0.0062046084,0.022320433,0.02813475,0.01565008,0.04217134,0.011172582,0.6421635
pamap2,gnn_attention_adj,window,1,101,101,102,762,762,762,1,2,2,3,sitting,standing,False,0.03156607,0.12828344,0.6434941,0.012263735,0.010625696,0.0063531813,0.005207507,0.024132432,0.027508054,0.026884222,0.07187203,0.011809501,0.6434941
pamap2,gnn_attention_adj,window,1,101,101,102,763,763,763,1,2,2,3,sitting,standing,False,0.024449103,0.1005546,0.63977164,0.011787134,0.010444194,0.008374857,0.004651198,0.024608165,0.02929007,0.03524677,0.09818279,0.0126393745,0.63977164
pamap2,gnn_attention_adj,window,1,101,101,102,764,764,764,1,2,2,3,sitting,standing,False,0.0253862,0.10059815,0.6768856,0.009929099,0.009617521,0.0070886104,0.004433514,0.022472246,0.028348658,0.027086586,0.07631335,0.011840509,0.6768856
pamap2,gnn_attention_adj,window,1,101,101,102,765,765,765,1,2,2,3,sitting,standing,False,0.028365428,0.112740055,0.6860102,0.009593097,0.0094416225,0.0058912775,0.004591931,0.021732217,0.02747315,0.02173423,0.061236072,0.011190785,0.6860102
pamap2,gnn_attention_adj,window,1,101,101,102,766,766,766,1,2,2,3,sitting,standing,False,0.029606892,0.11793681,0.6874875,0.0094052125,0.0093574915,0.0055035194,0.0046222676,0.021443734,0.027099432,0.020028168,0.0566143,0.010894708,0.6874875
pamap2,gnn_attention_adj,window,1,101,101,102,767,767,767,1,2,2,3,sitting,standing,False,0.03006911,0.11859988,0.6888734,0.009350719,0.009308748,0.0054140007,0.004603087,0.02142988,0.026950756,0.019642405,0.05494205,0.010815967,0.6888734
pamap2,gnn_attention_adj,window,1,101,101,102,768,768,768,1,2,2,3,sitting,standing,False,0.029658968,0.11799461,0.689015,0.009422245,0.0093042,0.005433298,0.004616139,0.021490188,0.027014501,0.019757347,0.055455577,0.010837919,0.689015
pamap2,gnn_attention_adj,window,1,101,101,102,769,769,769,1,2,2,3,sitting,standing,False,0.029453613,0.11682406,0.6892324,0.009394636,0.009292627,0.005495375,0.0045728153,0.021440538,0.026987836,0.020099962,0.0563461,0.01085997,0.6892324
pamap2,gnn_attention_adj,window,1,101,101,102,770,770,770,1,2,2,3,sitting,standing,False,0.029255206,0.1162926,0.69171435,0.009117533,0.00916252,0.0054123504,0.0044435477,0.021028925,0.02665347,0.019889442,0.056328915,0.010701136,0.69171435
pamap2,gnn_attention_adj,window,1,101,101,102,771,771,771,1,2,2,3,sitting,standing,False,0.02940839,0.11754674,0.68928343,0.009226939,0.009249047,0.0054253684,0.004505964,0.02110847,0.026753869,0.01997298,0.056768604,0.010750223,0.68928343
pamap2,gnn_attention_adj,window,1,101,101,102,772,772,772,1,2,2,3,sitting,standing,False,0.029857771,0.11890961,0.6865672,0.009275489,0.009337367,0.0054456214,0.004534657,0.02107288,0.026774162,0.020176504,0.057257313,0.010791416,0.6865672
pamap2,gnn_attention_adj,window,1,101,101,102,773,773,773,1,2,2,3,sitting,standing,False,0.030354004,0.119940594,0.6840351,0.009340298,0.009451805,0.005508551,0.004602654,0.021182828,0.026980525,0.020292636,0.057418443,0.010892539,0.6840351
pamap2,gnn_attention_adj,window,1,101,101,102,774,774,774,1,2,2,3,sitting,standing,False,0.03005665,0.11967059,0.6862517,0.009269298,0.009351456,0.00541436,0.0045525464,0.021061845,0.026783133,0.019996723,0.0568029,0.010788843,0.6862517
pamap2,gnn_attention_adj,window,1,101,101,102,775,775,775,1,2,2,3,sitting,standing,False,0.029864952,0.1197646,0.6872946,0.009126561,0.00927623,0.0053430544,0.0044779684,0.020810608,0.02652405,0.019874578,0.056975108,0.010667648,0.6872946
pamap2,gnn_attention_adj,window,1,101,101,102,776,776,776,1,2,2,3,sitting,standing,False,0.02974315,0.11945792,0.6851283,0.009257691,0.009364803,0.0054626754,0.0045459843,0.020971918,0.0267859,0.020286936,0.05820929,0.010785515,0.6851283
pamap2,gnn_attention_adj,window,1,101,101,102,777,777,777,1,2,2,3,sitting,standing,False,0.02970893,0.11929079,0.6848916,0.0092099495,0.009374285,0.005493402,0.004543136,0.020931933,0.026842592,0.020324579,0.05858664,0.010802172,0.6848916
pamap2,gnn_attention_adj,window,1,101,101,102,778,778,778,1,2,2,3,sitting,standing,False,0.030401118,0.11168201,0.6755487,0.01147135,0.010330685,0.00635066,0.005152995,0.024679277,0.029161625,0.023688208,0.058981683,0.012551717,0.6755487
pamap2,gnn_attention_adj,window,1,101,101,102,779,779,779,1,2,2,3,sitting,standing,False,0.032751136,0.040809464,0.3989998,0.018834444,0.010437124,0.032235023,0.0031868413,0.048610814,0.030144673,0.20575452,0.16115226,0.017083898,0.3989998
pamap2,gnn_attention_adj,window,1,101,101,102,780,780,780,1,9,2,16,sitting,vacuum_cleaning,False,0.016139641,0.0047758664,0.054292947,0.010153072,0.0012285445,0.049364872,0.00031985602,0.035733394,0.009660285,0.7604677,0.05531035,0.0025534641,0.7604677
pamap2,gnn_attention_adj,window,1,101,101,102,781,781,781,1,9,2,16,sitting,vacuum_cleaning,False,0.00614799,0.0076677026,0.035144664,0.0056593684,0.0011480848,0.09725074,0.00032638118,0.02134912,0.011123938,0.55670846,0.2559101,0.0015634478,0.55670846
pamap2,gnn_attention_adj,window,1,101,101,102,782,782,782,1,10,2,17,sitting,ironing,False,0.0033529466,0.0681271,0.11214111,0.0022474625,0.0043816245,0.013668025,0.0021884444,0.008408785,0.01305513,0.06247344,0.70691735,0.0030386338,0.70691735
pamap2,gnn_attention_adj,window,1,101,101,102,783,783,783,1,10,2,17,sitting,ironing,False,0.011558247,0.32399362,0.17125842,0.0022887008,0.010164878,0.008214648,0.007287651,0.00845869,0.02189434,0.030512493,0.399702,0.0046663145,0.399702
pamap2,gnn_attention_adj,window,1,101,101,102,784,784,784,1,1,2,2,sitting,sitting,True,0.03997175,0.5825132,0.23884737,0.0026047376,0.0124354325,0.0029259445,0.009526989,0.0076611405,0.020070724,0.009433974,0.06897011,0.0050385688,0.5825132
pamap2,gnn_attention_adj,window,1,101,101,102,785,785,785,1,1,2,2,sitting,sitting,True,0.03510477,0.71861064,0.14801273,0.0013503941,0.011188885,0.0014828038,0.0064202286,0.0041885674,0.012837898,0.006415023,0.051092513,0.0032955722,0.71861064
pamap2,gnn_attention_adj,window,1,101,101,102,786,786,786,1,1,2,2,sitting,sitting,True,0.037092045,0.6875597,0.17999296,0.001588539,0.011019025,0.0014792458,0.0073749437,0.004816466,0.013639519,0.0061364803,0.045743864,0.003557158,0.6875597
pamap2,gnn_attention_adj,window,1,101,101,102,787,787,787,1,1,2,2,sitting,sitting,True,0.063932225,0.5795947,0.2785934,0.0026561562,0.009668902,0.001359596,0.010529375,0.007301885,0.016692715,0.004414711,0.021028876,0.0042275283,0.5795947
pamap2,gnn_attention_adj,window,1,101,101,102,788,788,788,2,1,3,2,standing,sitting,False,0.071918525,0.6826251,0.19100699,0.001539876,0.009029982,0.0007640537,0.007803771,0.0045123864,0.011740566,0.0027375754,0.013331626,0.0029896058,0.6826251
pamap2,gnn_attention_adj,window,1,101,101,102,789,789,789,2,1,3,2,standing,sitting,False,0.075192034,0.7064923,0.16735667,0.0013809506,0.009139747,0.0006867921,0.007687412,0.0040577753,0.011005443,0.0024817316,0.0117087765,0.0028103646,0.7064923
pamap2,gnn_attention_adj,window,1,101,101,102,790,790,790,2,1,3,2,standing,sitting,False,0.07719029,0.7293933,0.14972724,0.0010810192,0.008769338,0.0005360284,0.0062513947,0.0033559497,0.009517623,0.002016209,0.009708545,0.0024530394,0.7293933
pamap2,gnn_attention_adj,window,1,101,101,102,791,791,791,2,1,3,2,standing,sitting,False,0.07601401,0.7104864,0.16744114,0.0011979863,0.008644886,0.0005875662,0.006517539,0.0036919776,0.01009618,0.0021728475,0.010563605,0.0025858555,0.7104864
pamap2,gnn_attention_adj,window,1,101,101,102,792,792,792,2,1,3,2,standing,sitting,False,0.07858894,0.68942726,0.18553519,0.0012728189,0.008320237,0.00061011576,0.0066589033,0.003959123,0.010430134,0.0021752873,0.010377513,0.0026444895,0.68942726
pamap2,gnn_attention_adj,window,1,101,101,102,793,793,793,2,1,3,2,standing,sitting,False,0.08112551,0.6925678,0.1818304,0.0011953956,0.008221035,0.00057751115,0.0064466563,0.0038190768,0.010109732,0.0020210824,0.009525505,0.0025602572,0.6925678
pamap2,gnn_attention_adj,window,1,101,101,102,794,794,794,2,1,3,2,standing,sitting,False,0.08168939,0.69551027,0.17885602,0.001172688,0.008217986,0.00056652474,0.0063481904,0.003750941,0.009998184,0.0019899528,0.009366306,0.0025335927,0.69551027
pamap2,gnn_attention_adj,window,1,101,101,102,795,795,795,2,1,3,2,standing,sitting,False,0.08213068,0.6941288,0.18020152,0.0011619364,0.008158796,0.0005584608,0.006259268,0.0037424574,0.009939835,0.0019625986,0.00923778,0.0025177994,0.6941288
pamap2,gnn_attention_adj,window,1,101,101,102,796,796,796,2,1,3,2,standing,sitting,False,0.08260229,0.6993278,0.17513569,0.0011386756,0.008170311,0.00054388697,0.0062602325,0.003662867,0.009769601,0.0019236229,0.008987,0.0024779695,0.6993278
pamap2,gnn_attention_adj,window,1,101,101,102,797,797,797,2,1,3,2,standing,sitting,False,0.08172565,0.6972728,0.17777352,0.0011545453,0.008118646,0.0005504355,0.0063310494,0.0037072122,0.009824798,0.0019442317,0.009114477,0.0024826722,0.6972728
pamap2,gnn_attention_adj,window,1,101,101,102,798,798,798,2,1,3,2,standing,sitting,False,0.07878833,0.6974584,0.1798416,0.0011633749,0.008113328,0.0005636755,0.006395752,0.0037390136,0.009901521,0.0019930045,0.009551067,0.0024908993,0.6974584
pamap2,gnn_attention_adj,window,1,101,101,102,799,799,799,2,1,3,2,standing,sitting,False,0.07817357,0.7027903,0.17569804,0.0011303046,0.008107123,0.0005508891,0.0064292173,0.0036609021,0.009731039,0.0019500173,0.009332393,0.002446251,0.7027903
pamap2,gnn_attention_adj,window,1,101,101,102,800,800,800,2,1,3,2,standing,sitting,False,0.078689404,0.70512444,0.17305747,0.0011163373,0.008149659,0.0005472406,0.006389111,0.003622447,0.009688631,0.0019341231,0.009242603,0.0024385173,0.70512444
pamap2,gnn_attention_adj,window,1,101,101,102,801,801,801,2,1,3,2,standing,sitting,False,0.07905092,0.7101786,0.16801248,0.0010959541,0.008201987,0.00053702085,0.0063883383,0.0035480275,0.009576107,0.0019091753,0.009084077,0.0024173534,0.7101786
pamap2,gnn_attention_adj,window,1,101,101,102,802,802,802,2,1,3,2,standing,sitting,False,0.078835145,0.71315974,0.16565992,0.0010809154,0.008173423,0.0005272563,0.0063835448,0.0034985526,0.00946461,0.0018845253,0.0089456495,0.0023867078,0.71315974
pamap2,gnn_attention_adj,window,1,101,101,102,803,803,803,2,1,3,2,standing,sitting,False,0.078865156,0.71522397,0.16378035,0.001073454,0.008172013,0.0005215629,0.006398039,0.0034680862,0.009401406,0.0018720486,0.008851872,0.002372079,0.71522397
pamap2,gnn_attention_adj,window,1,101,101,102,804,804,804,2,1,3,2,standing,sitting,False,0.07373023,0.66615176,0.20168298,0.0017455888,0.009260976,0.0008728798,0.009190028,0.0051009906,0.012662036,0.0029147204,0.013487759,0.0032000435,0.66615176
pamap2,gnn_attention_adj,window,1,101,101,102,805,805,805,2,1,3,2,standing,sitting,False,0.06190248,0.7106536,0.16853888,0.001561428,0.009678512,0.0008208458,0.008027725,0.004332739,0.01177215,0.0031683191,0.016553588,0.0029898111,0.7106536
pamap2,gnn_attention_adj,window,1,101,101,102,806,806,806,2,1,3,2,standing,sitting,False,0.05484598,0.7204291,0.15657532,0.0016197733,0.010729091,0.0010024125,0.0089728385,0.00440785,0.012702954,0.0038799555,0.021555247,0.0032794515,0.7204291
pamap2,gnn_attention_adj,window,1,101,101,102,807,807,807,2,1,3,2,standing,sitting,False,0.046609692,0.5495904,0.29697594,0.00299792,0.011133303,0.0021243165,0.011354226,0.00860062,0.020095408,0.0065679946,0.038869187,0.0050810045,0.5495904
pamap2,gnn_attention_adj,window,1,101,101,102,808,808,808,2,1,3,2,standing,sitting,False,0.041940555,0.49287835,0.32496327,0.003610813,0.01268691,0.0033223329,0.013735832,0.010895532,0.026156332,0.008446227,0.054881245,0.0064825397,0.49287835
pamap2,gnn_attention_adj,window,1,101,101,102,809,809,809,2,1,3,2,standing,sitting,False,0.039623667,0.54178375,0.2539068,0.00320786,0.014304381,0.0040701325,0.016046835,0.009904754,0.027659621,0.00988426,0.073009804,0.0065981587,0.54178375
pamap2,gnn_attention_adj,window,1,101,101,102,810,810,810,2,1,3,2,standing,sitting,False,0.03896764,0.6434494,0.178146,0.001978986,0.013741157,0.0030734823,0.01231053,0.0062720594,0.021437978,0.008243496,0.06739926,0.004979991,0.6434494
pamap2,gnn_attention_adj,window,1,101,101,102,811,811,811,2,1,3,2,standing,sitting,False,0.03358759,0.6211644,0.16256024,0.0019296691,0.014677455,0.0042675347,0.013114074,0.006494814,0.0238999,0.010850623,0.102127425,0.0053262883,0.6211644
pamap2,gnn_attention_adj,window,1,101,101,102,812,812,812,2,1,3,2,standing,sitting,False,0.018367425,0.49573168,0.12246771,0.0015482339,0.013673297,0.0074730427,0.010224103,0.006375977,0.024009643,0.020523183,0.27468547,0.004920181,0.49573168
pamap2,gnn_attention_adj,window,1,101,101,102,813,813,813,2,10,3,17,standing,ironing,False,0.014796768,0.35522765,0.13323028,0.0018989844,0.013383249,0.0118778935,0.01199339,0.008394039,0.030219115,0.027348986,0.38574418,0.0058854986,0.38574418
pamap2,gnn_attention_adj,window,1,101,101,102,814,814,814,2,10,3,17,standing,ironing,False,0.0035599703,0.08420243,0.09918683,0.0012965557,0.0043097707,0.011549784,0.0018834971,0.0059592864,0.012668123,0.046230156,0.7264815,0.0026720662,0.7264815
pamap2,gnn_attention_adj,window,1,101,101,102,815,815,815,2,2,3,3,standing,standing,True,0.012037322,0.11209339,0.3880035,0.00886073,0.0074694757,0.011265903,0.0030950152,0.019491035,0.02003606,0.06963635,0.3414675,0.00654373,0.3880035
pamap2,gnn_attention_adj,window,1,101,101,102,816,816,816,2,2,3,3,standing,standing,True,0.025266038,0.10813862,0.5977425,0.021539683,0.012778969,0.01089288,0.0098130535,0.037364855,0.039476745,0.034129236,0.0859265,0.016930893,0.5977425
pamap2,gnn_attention_adj,window,1,101,101,102,817,817,817,2,2,3,3,standing,standing,True,0.022878991,0.105566576,0.6138245,0.021691186,0.012165245,0.010123531,0.009868552,0.03825147,0.040645324,0.029578304,0.07818525,0.017221086,0.6138245
pamap2,gnn_attention_adj,window,1,101,101,102,818,818,818,2,2,3,3,standing,standing,True,0.024633054,0.105822936,0.6094804,0.021038705,0.013382674,0.010658182,0.010915294,0.038942035,0.04393801,0.028312579,0.074189,0.018687138,0.6094804
pamap2,gnn_attention_adj,window,1,101,101,102,819,819,819,2,2,3,3,standing,standing,True,0.03080885,0.1339504,0.65909976,0.011886875,0.010700837,0.006072566,0.0070671067,0.026573807,0.032356143,0.017245276,0.052065384,0.0121729085,0.65909976
pamap2,gnn_attention_adj,window,1,101,101,102,820,820,820,2,2,3,3,standing,standing,True,0.027030874,0.12763487,0.68236387,0.009642523,0.0094024725,0.005323659,0.005555256,0.023064151,0.028858364,0.01616576,0.054346487,0.010611742,0.68236387
pamap2,gnn_attention_adj,window,1,101,101,102,821,821,821,2,2,3,3,standing,standing,True,0.023748089,0.12021083,0.6758593,0.009331933,0.009369239,0.005909404,0.005237939,0.02205474,0.028608643,0.018916031,0.07012593,0.010627963,0.6758593
pamap2,gnn_attention_adj,window,1,101,101,102,822,822,822,2,2,3,3,standing,standing,True,0.022351561,0.11651651,0.6805539,0.009079855,0.00916934,0.0059561427,0.005163741,0.021990571,0.028689006,0.018560622,0.071431346,0.010537498,0.6805539
pamap2,gnn_attention_adj,window,1,101,101,102,823,823,823,2,2,3,3,standing,standing,True,0.02300295,0.11758518,0.7000828,0.008724007,0.008579933,0.005186097,0.0050620325,0.02178474,0.028095815,0.015415024,0.056538053,0.009943366,0.7000828
pamap2,gnn_attention_adj,window,1,101,101,102,824,824,824,2,2,3,3,standing,standing,True,0.023756394,0.12153671,0.70198333,0.008505501,0.008454068,0.0048702327,0.0050312174,0.021341115,0.027607564,0.014400547,0.052839026,0.009674401,0.70198333
pamap2,gnn_attention_adj,window,1,101,101,102,825,825,825,2,2,3,3,standing,standing,True,0.023488114,0.12069862,0.7033589,0.008450786,0.008393429,0.004868379,0.005004848,0.02123935,0.027593622,0.014358985,0.052920856,0.009624156,0.7033589
pamap2,gnn_attention_adj,window,1,101,101,102,826,826,826,2,2,3,3,standing,standing,True,0.023686228,0.12178047,0.7011694,0.008526564,0.0084839305,0.0049207825,0.0051113195,0.021426903,0.027873592,0.014318996,0.052998092,0.009703781,0.7011694
pamap2,gnn_attention_adj,window,1,101,101,102,827,827,827,2,2,3,3,standing,standing,True,0.02428416,0.12440037,0.7003202,0.008541875,0.008502498,0.0048193247,0.0052012857,0.02150168,0.027894702,0.0138462465,0.051023163,0.00966457,0.7003202
pamap2,gnn_attention_adj,window,1,101,101,102,828,828,828,2,2,3,3,standing,standing,True,0.024621066,0.12549913,0.7008049,0.0085469065,0.008481356,0.0047302186,0.0052145217,0.021486588,0.027798068,0.013585055,0.049613316,0.009618807,0.7008049
pamap2,gnn_attention_adj,window,1,101,101,102,829,829,829,2,2,3,3,standing,standing,True,0.024469499,0.12576106,0.7013371,0.008445789,0.008437079,0.0046932893,0.005184537,0.021358298,0.027690902,0.013438864,0.049624044,0.009559543,0.7013371
pamap2,gnn_attention_adj,window,1,101,101,102,830,830,830,2,2,3,3,standing,standing,True,0.024570046,0.12660636,0.7012118,0.008506928,0.008424309,0.0046440978,0.0052397717,0.021434566,0.027701326,0.013268005,0.048853323,0.009539527,0.7012118
pamap2,gnn_attention_adj,window,1,101,101,102,831,831,831,2,2,3,3,standing,standing,True,0.024826724,0.12655987,0.70191395,0.00853916,0.008414384,0.0046292953,0.005248714,0.021550896,0.027702685,0.0131853465,0.047891565,0.009537452,0.70191395
pamap2,gnn_attention_adj,window,1,101,101,102,832,832,832,2,2,3,3,standing,standing,True,0.024390537,0.12534837,0.7005712,0.008580549,0.008484733,0.004757502,0.005267607,0.02165888,0.02792621,0.013536241,0.049835086,0.009643102,0.7005712
pamap2,gnn_attention_adj,window,1,101,101,102,833,833,833,2,2,3,3,standing,standing,True,0.021481354,0.09917081,0.67494845,0.013993758,0.010451374,0.0071288114,0.00641005,0.029417513,0.033950735,0.022585945,0.0665298,0.013931397,0.67494845
pamap2,gnn_attention_adj,window,1,101,101,102,834,834,834,2,2,3,3,standing,standing,True,0.022239275,0.096645445,0.58296806,0.01713518,0.01245427,0.012048367,0.006464648,0.03322889,0.035061,0.04294638,0.12362286,0.015185565,0.58296806
pamap2,gnn_attention_adj,window,1,101,101,102,835,835,835,2,2,3,3,standing,standing,True,0.024981722,0.11883504,0.5490429,0.013401307,0.010905888,0.01005629,0.00481595,0.025819195,0.027559761,0.051160246,0.15198918,0.011432534,0.5490429
pamap2,gnn_attention_adj,window,1,101,101,102,836,836,836,2,2,3,3,standing,standing,True,0.012826147,0.054828417,0.35685045,0.023141954,0.0112423245,0.02310957,0.0053525628,0.039785784,0.031094769,0.13624774,0.2909633,0.014556976,0.35685045
pamap2,gnn_attention_adj,window,1,101,101,102,837,837,837,2,10,3,17,standing,ironing,False,0.011020943,0.040322784,0.25335142,0.016675385,0.010308558,0.04256614,0.004664003,0.039854765,0.032317407,0.16112818,0.373648,0.014142423,0.373648
pamap2,gnn_attention_adj,window,1,101,101,102,838,838,838,2,2,3,3,standing,standing,True,0.027567914,0.07862958,0.56911033,0.019318651,0.013830588,0.015653655,0.0067032967,0.0377738,0.038534988,0.060710404,0.112968154,0.019198606,0.56911033
pamap2,gnn_attention_adj,window,1,101,101,102,839,839,839,2,2,3,3,standing,standing,True,0.027114717,0.10799743,0.6667374,0.010189802,0.010074282,0.006811246,0.0044437926,0.02218699,0.028028134,0.02706859,0.07735871,0.011988885,0.6667374
pamap2,gnn_attention_adj,window,1,101,101,102,840,840,840,2,2,3,3,standing,standing,True,0.027682114,0.10943491,0.6857359,0.009280528,0.009439089,0.005869906,0.0041606026,0.020823767,0.026583366,0.02343525,0.06630001,0.011254543,0.6857359
pamap2,gnn_attention_adj,window,1,101,101,102,841,841,841,2,2,3,3,standing,standing,True,0.02879191,0.110574566,0.6855118,0.00945338,0.009583056,0.0058256583,0.004253376,0.021118976,0.026749717,0.023178298,0.063524604,0.0114345495,0.6855118
pamap2,gnn_attention_adj,window,1,101,101,102,842,842,842,2,2,3,3,standing,standing,True,0.030159459,0.10985453,0.6886364,0.009461828,0.009553122,0.005730171,0.004136133,0.021197455,0.026336286,0.023271667,0.060225967,0.011436939,0.6886364
pamap2,gnn_attention_adj,window,1,101,101,102,843,843,843,2,2,3,3,standing,standing,True,0.03088674,0.11019398,0.6910454,0.00938847,0.0094733955,0.0055734203,0.0040460564,0.021027224,0.025929442,0.023020968,0.058090873,0.011324009,0.6910454
pamap2,gnn_attention_adj,window,1,101,101,102,844,844,844,2,2,3,3,standing,standing,True,0.030860681,0.110200666,0.68843335,0.009450517,0.009558544,0.0056735524,0.0040590945,0.021090318,0.026030159,0.02356067,0.0596755,0.011407004,0.68843335
pamap2,gnn_attention_adj,window,1,101,101,102,845,845,845,2,2,3,3,standing,standing,True,0.030796558,0.11017301,0.68796647,0.009496141,0.009581448,0.005706718,0.0040904707,0.021149943,0.026152773,0.023601297,0.05983441,0.0114507815,0.68796647
pamap2,gnn_attention_adj,window,1,101,101,102,846,846,846,2,2,3,3,standing,standing,True,0.03114785,0.11184853,0.6882596,0.00945757,0.009586367,0.005602992,0.004136398,0.021105882,0.026171764,0.02290527,0.058381796,0.011395927,0.6882596
pamap2,gnn_attention_adj,window,1,101,101,102,847,847,847,2,2,3,3,standing,standing,True,0.031413704,0.11327818,0.68866324,0.0095673455,0.009604781,0.0055097784,0.0042270203,0.021318268,0.026304234,0.02220136,0.056514073,0.0113980435,0.68866324
pamap2,gnn_attention_adj,window,1,101,101,102,848,848,848,2,2,3,3,standing,standing,True,0.031391192,0.11424689,0.6876169,0.009522318,0.0096233385,0.0055005015,0.004250752,0.021240136,0.026341464,0.022044644,0.056853663,0.011368342,0.6876169
pamap2,gnn_attention_adj,window,1,101,101,102,849,849,849,2,2,3,3,standing,standing,True,0.030702537,0.11358132,0.6906041,0.009373163,0.009464799,0.0054213447,0.0042070206,0.021037811,0.026210561,0.021618538,0.05656783,0.011210989,0.6906041
pamap2,gnn_attention_adj,window,1,101,101,102,850,850,850,2,2,3,3,standing,standing,True,0.030611208,0.11425767,0.6899484,0.009355678,0.00947754,0.005403194,0.0042253197,0.020989366,0.026231728,0.021482581,0.05682985,0.011187407,0.6899484
pamap2,gnn_attention_adj,window,1,101,101,102,851,851,851,2,2,3,3,standing,standing,True,0.030489579,0.11332089,0.6898759,0.009360017,0.009483026,0.0054477886,0.0041848435,0.020966224,0.02617599,0.021871114,0.057607077,0.011217548,0.6898759
pamap2,gnn_attention_adj,window,1,101,101,102,852,852,852,2,2,3,3,standing,standing,True,0.030123342,0.112612836,0.690847,0.0092286365,0.009405407,0.005444771,0.004120995,0.02075111,0.026024485,0.021964263,0.058341034,0.011136139,0.690847
pamap2,gnn_attention_adj,window,1,101,101,102,853,853,853,2,2,3,3,standing,standing,True,0.029662741,0.11154898,0.6926938,0.00919086,0.009334459,0.0054539717,0.0041128574,0.02078733,0.026061531,0.021812778,0.0582374,0.011103343,0.6926938
pamap2,gnn_attention_adj,window,1,101,101,102,854,854,854,2,2,3,3,standing,standing,True,0.029979212,0.11206509,0.69246393,0.009248905,0.00937443,0.0054467544,0.0041528842,0.020929104,0.026158467,0.021636248,0.057395563,0.011149379,0.69246393
pamap2,gnn_attention_adj,window,1,101,101,102,855,855,855,2,2,3,3,standing,standing,True,0.031250145,0.114788495,0.6891824,0.009437657,0.009551652,0.005397242,0.004240373,0.02114278,0.026227713,0.021514636,0.056006197,0.011260646,0.6891824
pamap2,gnn_attention_adj,window,1,101,101,102,856,856,856,2,2,3,3,standing,standing,True,0.033163898,0.11808386,0.68099546,0.009887078,0.009979322,0.005539033,0.004466375,0.021755515,0.026786325,0.022020254,0.05566626,0.011656643,0.68099546
pamap2,gnn_attention_adj,window,1,101,101,102,857,857,857,2,2,3,3,standing,standing,True,0.034396842,0.12270233,0.67917913,0.0098988,0.0100372,0.0053008874,0.0045469953,0.021697296,0.026647625,0.020991186,0.053044833,0.011556917,0.67917913
pamap2,gnn_attention_adj,window,1,101,101,102,858,858,858,2,2,3,3,standing,standing,True,0.034377124,0.12261414,0.68153906,0.009835272,0.009940945,0.0052282773,0.0045426097,0.021701807,0.02660207,0.020489085,0.051657867,0.0114717465,0.68153906
pamap2,gnn_attention_adj,window,1,101,101,102,859,859,859,2,2,3,3,standing,standing,True,0.0339294,0.12062003,0.68158364,0.009839903,0.009949785,0.005351003,0.0044980017,0.021696035,0.026664523,0.021130228,0.053194113,0.011543289,0.68158364
pamap2,gnn_attention_adj,window,1,101,101,102,860,860,860,2,2,3,3,standing,standing,True,0.033776566,0.11937389,0.68289214,0.009743358,0.009888883,0.0053646327,0.004406752,0.021548046,0.02647313,0.021395044,0.053640142,0.011497492,0.68289214
pamap2,gnn_attention_adj,window,1,101,101,102,861,861,861,2,2,3,3,standing,standing,True,0.034248915,0.118622735,0.6850779,0.0097412765,0.009835981,0.0053005195,0.004343426,0.021589868,0.026264494,0.021319345,0.052174784,0.011480699,0.6850779
pamap2,gnn_attention_adj,window,1,101,101,102,862,862,862,2,2,3,3,standing,standing,True,0.03527103,0.12086364,0.6825176,0.009859744,0.009967376,0.0052623358,0.004424146,0.021758327,0.026351912,0.02108464,0.051088415,0.011550803,0.6825176
pamap2,gnn_attention_adj,window,1,101,101,102,863,863,863,2,2,3,3,standing,standing,True,0.035247616,0.12235043,0.68303764,0.009747499,0.009903633,0.005152073,0.0044278675,0.021578936,0.026217695,0.020507237,0.050415374,0.0114140455,0.68303764
pamap2,gnn_attention_adj,window,1,101,101,102,864,864,864,2,2,3,3,standing,standing,True,0.03438698,0.12097168,0.68360794,0.009699826,0.009852971,0.005222045,0.0044028703,0.021478204,0.026270866,0.02082225,0.05188392,0.011400405,0.68360794
pamap2,gnn_attention_adj,window,1,101,101,102,865,865,865,2,2,3,3,standing,standing,True,0.033627857,0.12213966,0.67736053,0.0101542035,0.010151841,0.0054107527,0.0046761255,0.022076113,0.027092798,0.021238456,0.054324355,0.011747372,0.67736053
pamap2,gnn_attention_adj,window,1,101,101,102,866,866,866,2,2,3,3,standing,standing,True,0.034197476,0.124054216,0.68031096,0.010182951,0.010079963,0.005233639,0.004823646,0.022508819,0.02731028,0.019649474,0.049971145,0.011677404,0.68031096
pamap2,gnn_attention_adj,window,1,101,101,102,867,867,867,2,2,3,3,standing,standing,True,0.033440217,0.12264593,0.6775619,0.010220582,0.010153677,0.0053833053,0.004741894,0.022377696,0.027195808,0.020852096,0.053665873,0.011761124,0.6775619
pamap2,gnn_attention_adj,window,1,101,101,102,868,868,868,2,2,3,3,standing,standing,True,0.029353058,0.11081296,0.6800498,0.010234423,0.009867809,0.005920346,0.004364813,0.022111444,0.026868239,0.024497142,0.06413273,0.011787283,0.6800498
pamap2,gnn_attention_adj,window,1,101,101,102,869,869,869,2,2,3,3,standing,standing,True,0.028283795,0.105377205,0.68975896,0.009590805,0.009430153,0.0059533794,0.004076659,0.021419363,0.02648658,0.024386924,0.063756846,0.011479357,0.68975896
pamap2,gnn_attention_adj,window,1,101,101,102,870,870,870,2,2,3,3,standing,standing,True,0.029555574,0.1072859,0.68874645,0.009541245,0.009504719,0.0058654984,0.0040510767,0.021285053,0.02626782,0.024257727,0.062161844,0.011477088,0.68874645
pamap2,gnn_attention_adj,window,1,101,101,102,871,871,871,2,2,3,3,standing,standing,True,0.031442445,0.10986735,0.68782663,0.009693872,0.009679313,0.0057165977,0.0041156383,0.021478835,0.026212826,0.023794433,0.058561396,0.011610612,0.68782663
pamap2,gnn_attention_adj,window,1,101,101,102,872,872,872,2,2,3,3,standing,standing,True,0.032042645,0.11267782,0.6903145,0.009670296,0.009609505,0.0054523177,0.0041929022,0.0215444,0.026145568,0.022194544,0.05471402,0.011441482,0.6903145
pamap2,gnn_attention_adj,window,1,101,101,102,873,873,873,2,2,3,3,standing,standing,True,0.032446742,0.11489748,0.68999916,0.00974601,0.00963883,0.0053336085,0.0042916667,0.021676144,0.026261682,0.021386849,0.052902203,0.0114195915,0.68999916
pamap2,gnn_attention_adj,window,1,101,101,102,874,874,874,2,2,3,3,standing,standing,True,0.022141274,0.11100419,0.5335682,0.015012784,0.014100501,0.012296307,0.0074368617,0.029122058,0.03741203,0.045267932,0.15680481,0.015833016,0.5335682
pamap2,gnn_attention_adj,window,1,101,101,102,875,875,875,2,10,3,17,standing,ironing,False,0.0051495843,0.07607405,0.12354162,0.0022066936,0.00612061,0.017119866,0.0025348435,0.009051366,0.018860916,0.057098936,0.67734635,0.004895164,0.67734635
pamap2,gnn_attention_adj,window,1,101,101,102,876,876,876,2,2,3,3,standing,standing,True,0.01600952,0.19383259,0.38024122,0.006866872,0.014125509,0.012740894,0.01682415,0.019981949,0.051054947,0.028296143,0.246714,0.013312194,0.38024122
pamap2,gnn_attention_adj,window,1,101,101,102,877,877,877,2,2,3,3,standing,standing,True,0.02334099,0.29758704,0.41184193,0.0056742276,0.013432824,0.007204978,0.017773123,0.016935801,0.042129423,0.016251951,0.13744026,0.010387474,0.41184193
pamap2,gnn_attention_adj,window,1,101,101,102,878,878,878,2,2,3,3,standing,standing,True,0.024716,0.28227875,0.48098025,0.0062250765,0.011406291,0.0055819163,0.016833568,0.018006526,0.038357865,0.013221147,0.09290253,0.009490085,0.48098025
pamap2,gnn_attention_adj,window,1,101,101,102,879,879,879,2,2,3,3,standing,standing,True,0.02347955,0.29680434,0.44004086,0.0056923525,0.012919298,0.006181616,0.016362868,0.01699199,0.040162254,0.013878139,0.117173366,0.01031344,0.44004086
pamap2,gnn_attention_adj,window,1,101,101,102,880,880,880,2,2,3,3,standing,standing,True,0.019991463,0.23143609,0.48806742,0.0062338924,0.011912261,0.00715622,0.014980731,0.018689927,0.044126563,0.015392715,0.13069604,0.011316663,0.48806742
pamap2,gnn_attention_adj,window,1,101,101,102,881,881,881,2,2,3,3,standing,standing,True,0.026123412,0.26785132,0.47811145,0.006684013,0.012381136,0.0064161597,0.016734842,0.01867434,0.041332226,0.014509139,0.10028227,0.0108996695,0.47811145
pamap2,gnn_attention_adj,window,1,101,101,102,882,882,882,2,10,3,17,standing,ironing,False,0.0050932914,0.083399475,0.12701249,0.002471179,0.007017905,0.017903898,0.0035139304,0.010074759,0.023016449,0.05265687,0.6621454,0.0056944047,0.6621454
pamap2,gnn_attention_adj,window,1,101,101,102,883,883,883,2,10,3,17,standing,ironing,False,0.0075989915,0.07177634,0.26142055,0.0075890888,0.008790043,0.019681225,0.004396611,0.019863335,0.026385957,0.083123006,0.4806044,0.008770454,0.4806044
pamap2,gnn_attention_adj,window,1,101,101,102,884,884,884,2,2,3,3,standing,standing,True,0.027077159,0.10692983,0.6442946,0.010779886,0.010632543,0.007940426,0.0045983694,0.023405967,0.029115818,0.031524613,0.09112106,0.012579754,0.6442946
pamap2,gnn_attention_adj,window,1,101,101,102,885,885,885,2,2,3,3,standing,standing,True,0.029165689,0.11480465,0.66457415,0.009751621,0.01010562,0.0063894833,0.0043322556,0.021352604,0.027154675,0.025921721,0.07481449,0.011633045,0.66457415
pamap2,gnn_attention_adj,window,1,101,101,102,886,886,886,2,2,3,3,standing,standing,True,0.030158207,0.1133191,0.6700705,0.010017154,0.010112803,0.0062572705,0.004352861,0.021756679,0.02709872,0.02567384,0.069372885,0.011809988,0.6700705
pamap2,gnn_attention_adj,window,1,101,101,102,887,887,887,2,10,3,17,standing,ironing,False,0.0057988637,0.07884729,0.17140959,0.0037134108,0.007140184,0.017121674,0.003255574,0.012568317,0.021402873,0.063711576,0.608804,0.006226594,0.608804
pamap2,gnn_attention_adj,window,1,101,101,102,888,888,888,2,2,3,3,standing,standing,True,0.01143825,0.13757154,0.3961679,0.010209161,0.01404297,0.014147371,0.015005515,0.025384871,0.052389275,0.037222214,0.27045813,0.015962878,0.3961679
pamap2,gnn_attention_adj,window,1,101,101,102,889,889,889,2,1,3,2,standing,sitting,False,0.033531565,0.42237025,0.2989276,0.0056977696,0.016149908,0.0066575157,0.022933321,0.014401528,0.036289148,0.017417341,0.11587673,0.009747332,0.42237025
pamap2,gnn_attention_adj,window,1,101,101,102,890,890,890,2,1,3,2,standing,sitting,False,0.034175362,0.4281107,0.3084063,0.004953069,0.015149485,0.0060721063,0.018876001,0.013117013,0.033749186,0.0158585,0.11271963,0.00881276,0.4281107
pamap2,gnn_attention_adj,window,1,101,101,102,891,891,891,2,1,3,2,standing,sitting,False,0.03710387,0.4499348,0.31819192,0.0051586414,0.01477473,0.0049525956,0.020213444,0.013458685,0.03248188,0.012933232,0.082229204,0.008567021,0.4499348
pamap2,gnn_attention_adj,window,1,101,101,102,892,892,892,2,1,3,2,standing,sitting,False,0.038585495,0.5542155,0.2220385,0.003827049,0.016098537,0.004483053,0.021370986,0.010094895,0.028728206,0.011935294,0.08114029,0.0074820947,0.5542155
pamap2,gnn_attention_adj,window,1,101,101,102,893,893,893,2,1,3,2,standing,sitting,False,0.038822647,0.51902485,0.23567475,0.0044828025,0.016975382,0.005347946,0.02347411,0.011592175,0.03184885,0.013677866,0.090632856,0.00844572,0.51902485
pamap2,gnn_attention_adj,window,1,101,101,102,894,894,894,2,1,3,2,standing,sitting,False,0.04212901,0.48777047,0.29209727,0.0045863325,0.015331913,0.0044733826,0.018622018,0.012031178,0.030023022,0.011762346,0.07301891,0.008154163,0.48777047
pamap2,gnn_attention_adj,window,1,101,101,102,895,895,895,2,1,3,2,standing,sitting,False,0.039500345,0.5115866,0.27152276,0.003975446,0.014769863,0.004205673,0.016556438,0.010438576,0.027254997,0.011902166,0.08096971,0.00731743,0.5115866
pamap2,gnn_attention_adj,window,1,101,101,102,896,896,896,2,1,3,2,standing,sitting,False,0.041027278,0.4849694,0.29437816,0.004356179,0.014929975,0.00449294,0.01732946,0.011622571,0.02961347,0.011947406,0.07737946,0.007953679,0.4849694
pamap2,gnn_attention_adj,window,1,101,101,102,897,897,897,2,1,3,2,standing,sitting,False,0.04280824,0.48141456,0.2951239,0.0045176707,0.015341765,0.0046857125,0.018168377,0.01218766,0.030923588,0.011911567,0.07463014,0.008286834,0.48141456
pamap2,gnn_attention_adj,window,1,101,101,102,898,898,898,2,1,3,2,standing,sitting,False,0.039929662,0.52951324,0.24894547,0.0038805737,0.015731111,0.0044020936,0.018227588,0.01038041,0.02813114,0.011675,0.08168902,0.0074947192,0.52951324
pamap2,gnn_attention_adj,window,1,101,101,102,899,899,899,2,1,3,2,standing,sitting,False,0.030294165,0.54805344,0.1946057,0.0030478528,0.016052274,0.0053059617,0.018524706,0.008550559,0.028234748,0.014453623,0.12603413,0.0068428395,0.54805344
pamap2,gnn_attention_adj,window,1,101,101,102,900,900,900,2,10,3,17,standing,ironing,False,0.010102751,0.2067087,0.20506229,0.003135047,0.010219033,0.011634618,0.0077861315,0.011308886,0.028370282,0.036655493,0.4626341,0.0063826605,0.4626341
pamap2,gnn_attention_adj,window,1,101,101,102,901,901,901,2,10,3,17,standing,ironing,False,0.006313932,0.10921733,0.112095624,0.0035358048,0.008997242,0.018644828,0.008044223,0.011722054,0.026067363,0.06499387,0.6239564,0.006411393,0.6239564
pamap2,gnn_attention_adj,window,1,101,101,102,902,902,902,2,2,3,3,standing,standing,True,0.02650152,0.24209465,0.27457234,0.011069196,0.020599741,0.017088274,0.03683202,0.025209174,0.0578641,0.04511991,0.2254832,0.01756584,0.27457234
pamap2,gnn_attention_adj,window,1,101,101,102,903,903,903,2,1,3,2,standing,sitting,False,0.03529032,0.30487442,0.25665691,0.010117868,0.022432316,0.015551916,0.041892074,0.023583448,0.056883205,0.03712137,0.1784103,0.01718589,0.30487442
pamap2,gnn_attention_adj,window,1,101,101,102,904,904,904,2,1,3,2,standing,sitting,False,0.03076071,0.42799693,0.25309932,0.0060975687,0.017848322,0.008131576,0.030870182,0.015254895,0.040162798,0.021059968,0.1381604,0.010557333,0.42799693
pamap2,gnn_attention_adj,window,1,101,101,102,905,905,905,2,1,3,2,standing,sitting,False,0.04145291,0.53492564,0.25294113,0.003782282,0.01527506,0.0041288217,0.01798225,0.010232369,0.027912166,0.010938124,0.07305753,0.0073716887,0.53492564
pamap2,gnn_attention_adj,window,1,101,101,102,906,906,906,2,1,3,2,standing,sitting,False,0.04656636,0.5675573,0.23820458,0.0032297384,0.014962868,0.0034937921,0.01580191,0.009058087,0.025268793,0.009208016,0.05993915,0.0067094215,0.5675573
pamap2,gnn_attention_adj,window,1,101,101,102,907,907,907,2,1,3,2,standing,sitting,False,0.03768813,0.42057985,0.35059756,0.0055644177,0.014242287,0.0048855906,0.018365433,0.014067895,0.0319882,0.01334335,0.07996094,0.008716358,0.42057985
pamap2,gnn_attention_adj,window,1,101,101,102,908,908,908,2,1,3,2,standing,sitting,False,0.03331725,0.37507957,0.36968565,0.0065894737,0.01460705,0.005934221,0.02102119,0.016264435,0.03627856,0.015834287,0.09544588,0.009942468,0.37507957
pamap2,gnn_attention_adj,window,1,101,101,102,909,909,909,2,1,3,2,standing,sitting,False,0.041925497,0.43272275,0.34631813,0.0053481944,0.014551646,0.004679145,0.019259717,0.014029771,0.032459985,0.011946502,0.06794587,0.008812843,0.43272275
pamap2,gnn_attention_adj,window,1,101,101,102,910,910,910,2,1,3,2,standing,sitting,False,0.046560828,0.45691344,0.3435243,0.00412729,0.013699016,0.0038915141,0.0142881,0.011948417,0.028871814,0.009627449,0.058848765,0.0076990984,0.45691344
pamap2,gnn_attention_adj,window,1,101,101,102,911,911,911,2,10,3,17,standing,ironing,False,0.006687106,0.08195551,0.1452561,0.002517812,0.00714462,0.02055582,0.0028207547,0.010935219,0.023933675,0.056953095,0.63502645,0.0062137707,0.63502645
pamap2,gnn_attention_adj,window,1,101,101,102,912,912,912,2,10,3,17,standing,ironing,False,0.012606898,0.06863585,0.34420297,0.01064299,0.009487952,0.022990732,0.0038870357,0.025735348,0.028485497,0.09545271,0.36692148,0.010950583,0.36692148
pamap2,gnn_attention_adj,window,1,101,101,102,913,913,913,2,2,3,3,standing,standing,True,0.028157776,0.10332271,0.6407675,0.011198675,0.010293079,0.0080995085,0.0041068452,0.023803098,0.027381279,0.036562577,0.09409183,0.0122151,0.6407675
pamap2,gnn_attention_adj,window,1,101,101,102,914,914,914,2,2,3,3,standing,standing,True,0.030523224,0.10466954,0.66589,0.0107376985,0.010083474,0.006949358,0.0040158625,0.022870388,0.026616616,0.03108097,0.07448339,0.012079525,0.66589
pamap2,gnn_attention_adj,window,1,101,101,102,915,915,915,2,2,3,3,standing,standing,True,0.029912373,0.101697,0.66990143,0.010755792,0.0100015495,0.00702487,0.0039832103,0.023072882,0.026736585,0.03113574,0.073617496,0.012161094,0.66990143
pamap2,gnn_attention_adj,window,1,101,101,102,916,916,916,2,2,3,3,standing,standing,True,0.029193018,0.10252752,0.6693646,0.010883407,0.010121388,0.007033704,0.0041861227,0.023279147,0.027379842,0.030170523,0.07354146,0.012319365,0.6693646
pamap2,gnn_attention_adj,window,1,101,101,102,917,917,917,2,2,3,3,standing,standing,True,0.029152416,0.10448705,0.6785814,0.010257918,0.009824816,0.006476286,0.004088513,0.022415139,0.026785662,0.027396776,0.06863402,0.011900011,0.6785814
pamap2,gnn_attention_adj,window,1,101,101,102,918,918,918,2,2,3,3,standing,standing,True,0.030266624,0.10763401,0.67740095,0.010099097,0.009863313,0.0062860125,0.0040789996,0.022015532,0.026485952,0.026878597,0.067204244,0.011786728,0.67740095
pamap2,gnn_attention_adj,window,1,101,101,102,919,919,919,2,2,3,3,standing,standing,True,0.031435605,0.10816867,0.6832956,0.009925966,0.009669464,0.0059286617,0.003915631,0.021679807,0.02565741,0.02615358,0.06262901,0.011540635,0.6832956
pamap2,gnn_attention_adj,window,1,101,101,102,920,920,920,2,2,3,3,standing,standing,True,0.030910904,0.10498694,0.68758744,0.0098576825,0.009489366,0.005959009,0.0037961465,0.02165379,0.025439147,0.026553394,0.062300663,0.011465495,0.68758744
pamap2,gnn_attention_adj,window,1,101,101,102,921,921,921,2,2,3,3,standing,standing,True,0.031333912,0.10562087,0.6873595,0.009795816,0.009524239,0.0059431284,0.0038156023,0.021545667,0.025504198,0.026363093,0.06169748,0.011496493,0.6873595
pamap2,gnn_attention_adj,window,1,101,101,102,922,922,922,2,2,3,3,standing,standing,True,0.031277005,0.10581689,0.6902289,0.009661516,0.009476494,0.0058430526,0.0038478917,0.021431293,0.025580164,0.025405752,0.059960626,0.011470326,0.6902289
pamap2,gnn_attention_adj,window,1,101,101,102,923,923,923,2,2,3,3,standing,standing,True,0.03205721,0.10687832,0.69302654,0.009561777,0.009432245,0.005644306,0.0038377785,0.021289753,0.02535943,0.024513599,0.05699569,0.01140327,0.69302654
pamap2,gnn_attention_adj,window,1,101,101,102,924,924,924,2,2,3,3,standing,standing,True,0.033073585,0.109831326,0.6886609,0.009828295,0.009701793,0.0056405487,0.004035065,0.021633172,0.025827432,0.024164358,0.05596406,0.0116394535,0.6886609
pamap2,gnn_attention_adj,window,1,101,101,102,925,925,925,2,2,3,3,standing,standing,True,0.034530953,0.11435772,0.68328494,0.010442098,0.010061503,0.0055336314,0.004307863,0.02254097,0.026281584,0.023418618,0.053296268,0.01194383,0.68328494
pamap2,gnn_attention_adj,window,1,101,101,102,926,926,926,2,2,3,3,standing,standing,True,0.03634883,0.11991213,0.6858587,0.010480611,0.009958469,0.005084715,0.0044589983,0.02286148,0.02609613,0.020778326,0.046468556,0.01169297,0.6858587
pamap2,gnn_attention_adj,window,1,101,101,102,927,927,927,2,2,3,3,standing,standing,True,0.038141135,0.12834652,0.68335116,0.010200417,0.009917916,0.004735209,0.0046696393,0.022452584,0.02618561,0.018354386,0.04227681,0.011368599,0.68335116
pamap2,gnn_attention_adj,window,1,101,101,102,928,928,928,2,2,3,3,standing,standing,True,0.036407962,0.12581767,0.68748844,0.01005556,0.009737784,0.0047673024,0.0046373443,0.022339124,0.026263624,0.018198585,0.043034144,0.011252434,0.68748844
pamap2,gnn_attention_adj,window,1,101,101,102,929,929,929,2,2,3,3,standing,standing,True,0.035656817,0.12388876,0.6858851,0.010308773,0.009868068,0.004953312,0.004708283,0.022717703,0.026647856,0.018954262,0.044917084,0.011494077,0.6858851
pamap2,gnn_attention_adj,window,1,101,101,102,930,930,930,2,2,3,3,standing,standing,True,0.03421278,0.11597253,0.677736,0.011512384,0.010465004,0.0058340444,0.005014369,0.024586147,0.028312804,0.022482228,0.05125448,0.012617199,0.677736
pamap2,gnn_attention_adj,window,1,101,101,102,931,931,931,2,2,3,3,standing,standing,True,0.033788748,0.1127251,0.6621795,0.011692359,0.010740405,0.00645073,0.0044758352,0.02395004,0.027135989,0.028921267,0.06527156,0.012668339,0.6621795
pamap2,gnn_attention_adj,window,1,101,101,102,932,932,932,2,2,3,3,standing,standing,True,0.03112994,0.1069398,0.64293635,0.011336715,0.010612771,0.007776545,0.0041875807,0.023856888,0.027402807,0.035653032,0.0856689,0.01249865,0.64293635
pamap2,gnn_attention_adj,window,1,101,101,102,933,933,933,2,2,3,3,standing,standing,True,0.030800506,0.10480447,0.6644965,0.010802756,0.0101718195,0.0070249727,0.004053518,0.023060557,0.026803685,0.031282224,0.07450909,0.012189919,0.6644965
pamap2,gnn_attention_adj,window,1,101,101,102,934,934,934,2,2,3,3,standing,standing,True,0.030774787,0.10014093,0.6818003,0.010585045,0.009702135,0.0065295934,0.003816239,0.022777494,0.025934808,0.029912695,0.06606495,0.011961004,0.6818003
pamap2,gnn_attention_adj,window,1,101,101,102,935,935,935,2,2,3,3,standing,standing,True,0.03101674,0.100164205,0.69538033,0.009967938,0.00932669,0.005949843,0.0036853577,0.021995047,0.025254384,0.026846712,0.058827072,0.011585594,0.69538033
pamap2,gnn_attention_adj,window,1,101,101,102,936,936,936,2,2,3,3,standing,standing,True,0.033426758,0.10201274,0.69896495,0.0100421505,0.009455493,0.0056813415,0.0037912305,0.022278013,0.025330968,0.025150781,0.052098364,0.011767264,0.69896495
pamap2,gnn_attention_adj,window,1,101,101,102,937,937,937,2,2,3,3,standing,standing,True,0.025336506,0.08909225,0.6327009,0.014345966,0.011337586,0.009919033,0.0050494187,0.028532568,0.031701345,0.04198011,0.09528792,0.01471645,0.6327009
pamap2,gnn_attention_adj,window,1,101,101,102,938,938,938,2,2,3,3,standing,standing,True,0.016668672,0.06060569,0.39690974,0.017971147,0.013290175,0.027341299,0.006195774,0.039501548,0.03894673,0.10372886,0.2607027,0.01813764,0.39690974
pamap2,gnn_attention_adj,window,1,101,101,102,939,939,939,2,2,3,3,standing,standing,True,0.014784784,0.05820328,0.38817698,0.01795478,0.011603205,0.025925815,0.0053887283,0.03780885,0.03440391,0.11189436,0.27843878,0.015416527,0.38817698
pamap2,gnn_attention_adj,window,1,101,101,102,940,940,940,2,2,3,3,standing,standing,True,0.024599131,0.112128615,0.54274833,0.0115226265,0.012331089,0.012216614,0.0054055396,0.025786223,0.032811515,0.045466147,0.16127793,0.013706224,0.54274833
pamap2,gnn_attention_adj,window,1,101,101,102,941,941,941,2,2,3,3,standing,standing,True,0.02333069,0.089380704,0.54605514,0.014452085,0.01219575,0.014480209,0.0052419533,0.030786313,0.033492584,0.057210125,0.15840736,0.014967054,0.54605514
pamap2,gnn_attention_adj,window,1,101,101,102,942,942,942,2,2,3,3,standing,standing,True,0.025915751,0.08728018,0.56654733,0.015860396,0.012763476,0.013984914,0.0055423616,0.03228656,0.034523875,0.056706097,0.13233267,0.01625646,0.56654733
pamap2,gnn_attention_adj,window,1,101,101,102,943,943,943,2,2,3,3,standing,standing,True,0.027166555,0.08624669,0.64343965,0.014711774,0.011278226,0.009848199,0.005003878,0.029383834,0.031571496,0.041783474,0.08456627,0.014999893,0.64343965
pamap2,gnn_attention_adj,window,1,101,101,102,944,944,944,2,2,3,3,standing,standing,True,0.03161732,0.095600665,0.70814633,0.010042573,0.009152692,0.0057289456,0.0036585776,0.02253793,0.025226166,0.025377067,0.05114498,0.011766683,0.70814633
pamap2,gnn_attention_adj,window,1,101,101,102,945,945,945,2,2,3,3,standing,standing,True,0.031946823,0.096297085,0.70930266,0.009997478,0.009114352,0.005625298,0.0036536485,0.022462266,0.025112934,0.024884012,0.04991035,0.011693057,0.70930266
pamap2,gnn_attention_adj,window,1,101,101,102,946,946,946,2,2,3,3,standing,standing,True,0.03201497,0.09637777,0.71084523,0.010075378,0.009092342,0.005581412,0.0037127407,0.022717893,0.025291177,0.024243519,0.048340574,0.01170701,0.71084523
pamap2,gnn_attention_adj,window,1,101,101,102,947,947,947,2,2,3,3,standing,standing,True,0.0334085,0.097296014,0.70892423,0.010186155,0.009209944,0.005558772,0.0036922009,0.022828266,0.02512352,0.024575038,0.047405206,0.011792118,0.70892423
pamap2,gnn_attention_adj,window,1,101,101,102,948,948,948,2,2,3,3,standing,standing,True,0.035622403,0.09844769,0.70739925,0.010242435,0.009295653,0.005454953,0.0035972402,0.022777062,0.02460658,0.025029643,0.045727476,0.011799666,0.70739925
pamap2,gnn_attention_adj,window,1,101,101,102,949,949,949,2,2,3,3,standing,standing,True,0.03575458,0.09917195,0.70460415,0.010337708,0.009378966,0.00551224,0.003626725,0.022785436,0.024656918,0.025528751,0.04679113,0.0118514085,0.70460415
pamap2,gnn_attention_adj,window,1,101,101,102,950,950,950,2,2,3,3,standing,standing,True,0.032283973,0.09682103,0.70403403,0.010076981,0.00927058,0.005819173,0.003650015,0.022580901,0.0251838,0.02604496,0.05242659,0.011807921,0.70403403
pamap2,gnn_attention_adj,window,1,101,101,102,951,951,951,2,2,3,3,standing,standing,True,0.029653184,0.09665676,0.70470464,0.009708424,0.009065823,0.005839073,0.0036649655,0.021886503,0.02536301,0.025557747,0.056377754,0.011522152,0.70470464
pamap2,gnn_attention_adj,window,1,101,101,102,952,952,952,2,2,3,3,standing,standing,True,0.029732019,0.09672618,0.7026877,0.009800837,0.009148209,0.0059544486,0.0037264156,0.022024678,0.025642142,0.025861342,0.05705593,0.011640153,0.7026877
pamap2,gnn_attention_adj,window,1,101,101,102,953,953,953,2,2,3,3,standing,standing,True,0.02988689,0.09631266,0.70220083,0.009936671,0.009222174,0.006015299,0.003774926,0.022276493,0.025853775,0.02600234,0.05673319,0.011784698,0.70220083
pamap2,gnn_attention_adj,window,1,101,101,102,954,954,954,2,2,3,3,standing,standing,True,0.030496433,0.09708416,0.7053779,0.009830322,0.009166587,0.005810154,0.0037554267,0.0221617,0.025623271,0.025044834,0.05395557,0.011693635,0.7053779
pamap2,gnn_attention_adj,window,1,101,101,102,955,955,955,2,2,3,3,standing,standing,True,0.03106623,0.09720659,0.7056925,0.0100175245,0.009206524,0.005779309,0.0037839825,0.022460392,0.025652582,0.024960954,0.052401032,0.011772399,0.7056925
pamap2,gnn_attention_adj,window,1,101,101,102,956,956,956,2,2,3,3,standing,standing,True,0.032685347,0.09853502,0.7039968,0.010066386,0.009300679,0.005700663,0.0037246023,0.02242344,0.025284473,0.025306365,0.051184386,0.0117919585,0.7039968
pamap2,gnn_attention_adj,window,1,101,101,102,957,957,957,2,2,3,3,standing,standing,True,0.03398414,0.09812933,0.7060333,0.010111844,0.009264038,0.005589261,0.003637439,0.022504026,0.024882548,0.02535427,0.048741817,0.011768,0.7060333
pamap2,gnn_attention_adj,window,1,101,101,102,958,958,958,2,2,3,3,standing,standing,True,0.03439704,0.09773318,0.7070273,0.010158459,0.009254111,0.005579921,0.0036337802,0.022646243,0.024874914,0.025256012,0.047644295,0.011794811,0.7070273
pamap2,gnn_attention_adj,window,1,101,101,102,959,959,959,2,2,3,3,standing,standing,True,0.034740526,0.09925365,0.70805144,0.009995696,0.00919582,0.0054097013,0.0036021343,0.022363557,0.024615094,0.024514623,0.046631463,0.011626341,0.70805144
pamap2,gnn_attention_adj,window,1,101,101,102,960,960,960,2,2,3,3,standing,standing,True,0.035348453,0.100911066,0.7054703,0.010131691,0.009308407,0.00540142,0.003676107,0.022529336,0.024745544,0.024409892,0.046374943,0.011692848,0.7054703
pamap2,gnn_attention_adj,window,1,101,101,102,961,961,961,2,2,3,3,standing,standing,True,0.034998268,0.10031307,0.704587,0.010165936,0.00934625,0.0054941066,0.003689056,0.0225869,0.024889946,0.024795253,0.047370054,0.011764239,0.704587
pamap2,gnn_attention_adj,window,1,101,101,102,962,962,962,2,2,3,3,standing,standing,True,0.03398682,0.0985868,0.70711875,0.010020185,0.009210741,0.005513431,0.0036231207,0.022389596,0.024778336,0.024924299,0.04817849,0.011669407,0.70711875
pamap2,gnn_attention_adj,window,1,101,101,102,963,963,963,2,2,3,3,standing,standing,True,0.03240938,0.099694096,0.7053118,0.009999408,0.009232626,0.005576757,0.0037581092,0.022343168,0.0252741,0.024419235,0.050326493,0.011654827,0.7053118
pamap2,gnn_attention_adj,window,1,101,101,102,964,964,964,2,2,3,3,standing,standing,True,0.031369977,0.09950047,0.7048418,0.009886155,0.009200631,0.0056443447,0.0037916175,0.02217647,0.025483593,0.024371365,0.052107956,0.011625597,0.7048418
pamap2,gnn_attention_adj,window,1,101,101,102,965,965,965,2,2,3,3,standing,standing,True,0.031864136,0.09904881,0.70627856,0.0097777285,0.009149455,0.005591027,0.0037002147,0.022014063,0.025164314,0.024477158,0.0513782,0.011556364,0.70627856
pamap2,gnn_attention_adj,window,1,101,101,102,966,966,966,2,2,3,3,standing,standing,True,0.03291344,0.09900934,0.7070649,0.009987564,0.009187367,0.0055276155,0.003704179,0.022338357,0.025084315,0.024441987,0.04909529,0.011645606,0.7070649
pamap2,gnn_attention_adj,window,1,101,101,102,967,967,967,2,2,3,3,standing,standing,True,0.03330203,0.09925595,0.70785654,0.0099894805,0.009169644,0.005459806,0.003682678,0.022349268,0.02494929,0.024246108,0.048125245,0.011613955,0.70785654
pamap2,gnn_attention_adj,window,1,101,101,102,968,968,968,2,2,3,3,standing,standing,True,0.033293188,0.09954468,0.7077537,0.009943067,0.00917734,0.005468085,0.003701049,0.0223408,0.0250339,0.02404561,0.048086338,0.0116122905,0.7077537
pamap2,gnn_attention_adj,window,1,101,101,102,969,969,969,2,2,3,3,standing,standing,True,0.03231239,0.09945288,0.7065689,0.00997667,0.009188669,0.0055517885,0.0037694813,0.022354608,0.025316333,0.024145909,0.04972491,0.011637475,0.7065689
pamap2,gnn_attention_adj,window,1,101,101,102,970,970,970,2,2,3,3,standing,standing,True,0.0318536,0.099327885,0.7068549,0.009920482,0.009159415,0.0055588866,0.0037698024,0.022273645,0.025348263,0.02405767,0.050276693,0.011598848,0.7068549
pamap2,gnn_attention_adj,window,1,101,101,102,971,971,971,2,2,3,3,standing,standing,True,0.030703187,0.098001525,0.70719117,0.009855046,0.009115411,0.00563827,0.003758207,0.02215348,0.025471417,0.024341898,0.052166972,0.011603404,0.70719117
pamap2,gnn_attention_adj,window,1,101,101,102,972,972,972,2,2,3,3,standing,standing,True,0.029562483,0.09685375,0.7066474,0.009716045,0.009075804,0.0057856506,0.003767697,0.021995224,0.025704069,0.024631074,0.054666046,0.011594765,0.7066474
pamap2,gnn_attention_adj,window,1,101,101,102,973,973,973,2,2,3,3,standing,standing,True,0.028970422,0.09691124,0.7066526,0.009665988,0.009041526,0.005796789,0.0037924836,0.0219169,0.025805013,0.024449082,0.055448454,0.011549491,0.7066526
pamap2,gnn_attention_adj,window,1,101,101,102,974,974,974,2,2,3,3,standing,standing,True,0.029596968,0.0973682,0.70662296,0.009752554,0.009080239,0.0057501537,0.003789358,0.022050673,0.025706382,0.024418185,0.05428802,0.011576331,0.70662296
pamap2,gnn_attention_adj,window,1,101,101,102,975,975,975,2,2,3,3,standing,standing,True,0.030909853,0.099957734,0.70445657,0.009934116,0.009228064,0.0056543327,0.0038770004,0.02229163,0.025779068,0.02396736,0.052284483,0.01165977,0.70445657
pamap2,gnn_attention_adj,window,1,101,101,102,976,976,976,2,2,3,3,standing,standing,True,0.030815339,0.09990392,0.7047642,0.009992298,0.009229933,0.005654442,0.003906148,0.022419203,0.025869684,0.023819877,0.051944375,0.011680614,0.7047642
pamap2,gnn_attention_adj,window,1,101,101,102,977,977,977,2,2,3,3,standing,standing,True,0.030165985,0.09870455,0.7053181,0.009904234,0.009167622,0.0057059187,0.0038553025,0.022239327,0.025807353,0.024190145,0.05329769,0.011643693,0.7053181
pamap2,gnn_attention_adj,window,1,101,101,102,978,978,978,2,2,3,3,standing,standing,True,0.029831218,0.09789661,0.70668596,0.009651194,0.009067582,0.0057059163,0.003764842,0.021878928,0.025594542,0.024284268,0.05411798,0.011521075,0.70668596
pamap2,gnn_attention_adj,window,1,101,101,102,979,979,979,2,2,3,3,standing,standing,True,0.029609254,0.098221645,0.7064158,0.009637086,0.009053204,0.0056950897,0.0037752185,0.02180702,0.025601134,0.024210827,0.054488856,0.011484945,0.7064158
pamap2,gnn_attention_adj,window,1,101,101,102,980,980,980,2,2,3,3,standing,standing,True,0.029912177,0.098262824,0.70518494,0.009761156,0.009127115,0.0057438146,0.0038073559,0.021986218,0.025714431,0.02447549,0.054437652,0.011586846,0.70518494
pamap2,gnn_attention_adj,window,1,101,101,102,981,981,981,2,2,3,3,standing,standing,True,0.031223673,0.09900352,0.7053653,0.009861902,0.009181711,0.005655054,0.003777224,0.022158746,0.025473028,0.02443137,0.052243873,0.011624605,0.7053653
pamap2,gnn_attention_adj,window,1,101,101,102,982,982,982,2,2,3,3,standing,standing,True,0.0318903,0.09958771,0.7067595,0.00987854,0.009147753,0.005527718,0.0037440937,0.022167742,0.025220752,0.024081646,0.050439313,0.011554924,0.7067595
pamap2,gnn_attention_adj,window,1,101,101,102,983,983,983,2,2,3,3,standing,standing,True,0.03199524,0.0985547,0.7071688,0.009946985,0.009156726,0.005570999,0.0037261911,0.022284316,0.025232298,0.024425134,0.050306965,0.011631633,0.7071688
pamap2,gnn_attention_adj,window,1,101,101,102,984,984,984,2,2,3,3,standing,standing,True,0.03212208,0.09925776,0.70281446,0.010155439,0.009345081,0.0057117217,0.0038146747,0.022543984,0.02555432,0.025025172,0.051825784,0.011829501,0.70281446
pamap2,gnn_attention_adj,window,1,101,101,102,985,985,985,2,2,3,3,standing,standing,True,0.03130172,0.10054502,0.70091313,0.010088346,0.009388906,0.00576733,0.003932171,0.022538148,0.025966823,0.024485355,0.053248856,0.011824255,0.70091313
pamap2,gnn_attention_adj,window,1,101,101,102,986,986,986,2,2,3,3,standing,standing,True,0.024775228,0.101788126,0.6726301,0.010741384,0.009977603,0.006942213,0.004600995,0.023061723,0.028777141,0.02717456,0.0772598,0.012271092,0.6726301
pamap2,gnn_attention_adj,window,1,101,101,102,987,987,987,2,2,3,3,standing,standing,True,0.023829691,0.11399319,0.6383741,0.01048749,0.010836358,0.007808081,0.0053475867,0.02338589,0.030823896,0.026371475,0.09634309,0.0123992525,0.6383741
pamap2,gnn_attention_adj,window,1,101,101,102,988,988,988,2,2,3,3,standing,standing,True,0.02558463,0.124298625,0.601575,0.01238133,0.012534533,0.009196639,0.0072266697,0.026869822,0.03479161,0.027460242,0.10418349,0.013897354,0.601575
pamap2,gnn_attention_adj,window,1,101,101,102,989,989,989,2,10,3,17,standing,ironing,False,0.0053467825,0.10935942,0.22171217,0.0042681596,0.008434881,0.013173298,0.0062258653,0.014667786,0.02719213,0.04431637,0.5384711,0.0068319873,0.5384711
pamap2,gnn_attention_adj,window,1,101,101,102,990,990,990,2,10,3,17,standing,ironing,False,0.018852074,0.31565675,0.20790568,0.0032819037,0.011726578,0.010674116,0.0071312487,0.011360146,0.026255336,0.036298964,0.34480268,0.006054538,0.34480268
pamap2,gnn_attention_adj,window,1,101,101,102,991,991,991,2,1,3,2,standing,sitting,False,0.031184815,0.79274374,0.08872984,0.0012078051,0.0121035855,0.001236014,0.01002403,0.003204266,0.0116087375,0.0056083235,0.03945547,0.0028933287,0.79274374
pamap2,gnn_attention_adj,window,1,101,101,102,992,992,992,2,1,3,2,standing,sitting,False,0.03773095,0.7354271,0.12692164,0.001802979,0.013066481,0.0016452059,0.012851469,0.0046062777,0.015046624,0.0062974547,0.040765993,0.0038377207,0.7354271
pamap2,gnn_attention_adj,window,1,101,101,102,993,993,993,2,1,3,2,standing,sitting,False,0.037461728,0.7022591,0.15642226,0.002031342,0.01286918,0.0018385472,0.014343668,0.0054533402,0.016719729,0.0061311033,0.0402873,0.0041826824,0.7022591
pamap2,gnn_attention_adj,window,1,101,101,102,994,994,994,2,1,3,2,standing,sitting,False,0.028060418,0.70071816,0.124080874,0.0016294195,0.013484423,0.0026595497,0.011538723,0.0046869293,0.017327067,0.009100358,0.082682274,0.004031737,0.70071816
pamap2,gnn_attention_adj,window,1,101,101,102,995,995,995,2,1,3,2,standing,sitting,False,0.02668692,0.757608,0.09039846,0.001281913,0.013453227,0.0020644602,0.011902921,0.0035933137,0.015009453,0.00751399,0.06703063,0.0034566345,0.757608
pamap2,gnn_attention_adj,window,1,101,101,102,996,996,996,2,1,3,2,standing,sitting,False,0.032592233,0.8626317,0.054106515,0.0005055714,0.010596039,0.00055323157,0.006677264,0.0015714117,0.007691885,0.0025165721,0.018722402,0.001835198,0.8626317
pamap2,gnn_attention_adj,window,1,101,101,102,997,997,997,2,1,3,2,standing,sitting,False,0.03454114,0.887421,0.042801898,0.00032847543,0.009190007,0.0003095165,0.004867686,0.0011007965,0.0057304013,0.0015701347,0.010791342,0.0013475477,0.887421
pamap2,gnn_attention_adj,window,1,101,101,102,998,998,998,2,1,3,2,standing,sitting,False,0.035668246,0.8890838,0.042077195,0.00030695394,0.008961587,0.00028292986,0.004548151,0.0010473779,0.005490705,0.0014448075,0.009794603,0.0012936542,0.8890838
pamap2,gnn_attention_adj,window,1,101,101,102,999,999,999,2,1,3,2,standing,sitting,False,0.035371155,0.8882108,0.041856714,0.00031725038,0.009203739,0.0003021816,0.0047309385,0.0010722529,0.005674279,0.0015233988,0.010401373,0.001335911,0.8882108
pamap2,gnn_attention_adj,window,1,101,101,102,1000,1000,1000,2,1,3,2,standing,sitting,False,0.03508448,0.8907645,0.040642165,0.00029743018,0.009054047,0.00028633577,0.0045065912,0.0010168591,0.0055012973,0.0014607519,0.010096534,0.0012889798,0.8907645
pamap2,gnn_attention_adj,window,1,101,101,102,1001,1001,1001,2,1,3,2,standing,sitting,False,0.035815075,0.8869348,0.043123595,0.00031449753,0.009113138,0.0002980879,0.0046135876,0.0010744948,0.005647095,0.0014893695,0.010243245,0.0013330692,0.8869348
pamap2,gnn_attention_adj,window,1,101,101,102,1002,1002,1002,2,1,3,2,standing,sitting,False,0.0366495,0.8849201,0.044442926,0.00032140416,0.00910067,0.00029951736,0.0046202512,0.0011016154,0.005684803,0.0014751628,0.0100355605,0.0013485083,0.8849201
pamap2,gnn_attention_adj,window,1,101,101,102,1003,1003,1003,2,1,3,2,standing,sitting,False,0.037764702,0.88538384,0.04430243,0.0003119267,0.00892705,0.00028019317,0.004429776,0.0010785328,0.0055193654,0.0013946806,0.009296239,0.0013111761,0.88538384
pamap2,gnn_attention_adj,window,1,101,101,102,1004,1004,1004,2,1,3,2,standing,sitting,False,0.037708648,0.8891038,0.041812655,0.00029768536,0.008800827,0.0002622766,0.0043284106,0.0010261985,0.0053210864,0.0013351758,0.008748826,0.0012543652,0.8891038
pamap2,gnn_attention_adj,window,1,101,101,102,1005,1005,1005,2,1,3,2,standing,sitting,False,0.0345818,0.7999088,0.091957055,0.0009945887,0.012182191,0.0010034257,0.00939404,0.0029076373,0.011237309,0.0039616204,0.029089944,0.0027816242,0.7999088
pamap2,gnn_attention_adj,window,1,101,101,102,1006,1006,1006,2,1,3,2,standing,sitting,False,0.023770707,0.8170371,0.06465314,0.0007134875,0.010684171,0.0011507053,0.0057184016,0.002269594,0.009653582,0.0060125724,0.05614414,0.0021923454,0.8170371
pamap2,gnn_attention_adj,window,1,101,101,102,1007,1007,1007,2,1,3,2,standing,sitting,False,0.033952,0.6196316,0.21216461,0.0024107902,0.0128357895,0.0025384608,0.012858512,0.006797255,0.02011334,0.007971546,0.06380872,0.004917435,0.6196316
pamap2,gnn_attention_adj,window,1,101,101,102,1008,1008,1008,2,1,3,2,standing,sitting,False,0.04208345,0.6703835,0.18914531,0.0018055071,0.012423652,0.0018209118,0.011027676,0.005540531,0.017211381,0.0053235954,0.038988348,0.004246195,0.6703835
pamap2,gnn_attention_adj,window,1,101,101,102,1009,1009,1009,2,1,3,2,standing,sitting,False,0.04273125,0.66063756,0.19806668,0.0018610214,0.012341793,0.0018428692,0.010950674,0.005752223,0.017465727,0.0053284266,0.03871179,0.0043099914,0.66063756
pamap2,gnn_attention_adj,window,1,101,101,102,1010,1010,1010,2,1,3,2,standing,sitting,False,0.043465268,0.63639176,0.21675655,0.002037344,0.012352968,0.0020068542,0.011244326,0.006346798,0.018532824,0.0056465496,0.040666267,0.0045525497,0.63639176
pamap2,gnn_attention_adj,window,1,101,101,102,1011,1011,1011,2,1,3,2,standing,sitting,False,0.043568596,0.63471603,0.22130215,0.0020073135,0.012024932,0.0019262187,0.01097249,0.006298571,0.018170314,0.005450025,0.03911874,0.0044445707,0.63471603
pamap2,gnn_attention_adj,window,1,101,101,102,1012,1012,1012,2,1,3,2,standing,sitting,False,0.04452137,0.6292936,0.22760063,0.0020143404,0.011829536,0.0018954179,0.010781485,0.0063748676,0.018084316,0.005346427,0.037837483,0.0044204737,0.6292936
pamap2,gnn_attention_adj,window,1,101,101,102,1013,1013,1013,2,1,3,2,standing,sitting,False,0.045086276,0.6271877,0.23241372,0.0019690555,0.011505258,0.0018099785,0.010398399,0.006311237,0.01769,0.0051380284,0.03617525,0.0043151756,0.6271877
pamap2,gnn_attention_adj,window,1,101,101,102,1014,1014,1014,2,1,3,2,standing,sitting,False,0.045885604,0.6152335,0.24187373,0.0020778226,0.011508789,0.0018761986,0.010607794,0.0066284146,0.018143635,0.00528104,0.036444146,0.00443937,0.6152335
pamap2,gnn_attention_adj,window,1,101,101,102,1015,1015,1015,2,1,3,2,standing,sitting,False,0.04628847,0.5940733,0.26034883,0.0022067118,0.011422741,0.001965096,0.010573914,0.0070619835,0.01889364,0.005448027,0.037097245,0.004620024,0.5940733
pamap2,gnn_attention_adj,window,1,101,101,102,1016,1016,1016,2,1,3,2,standing,sitting,False,0.04660231,0.5801322,0.27243266,0.0022898428,0.01138481,0.0020265419,0.010568639,0.00735741,0.019395445,0.0055553964,0.037508782,0.0047460697,0.5801322
pamap2,gnn_attention_adj,window,1,101,101,102,1017,1017,1017,2,1,3,2,standing,sitting,False,0.046090245,0.5818768,0.27130407,0.0022741575,0.0113586495,0.0020075438,0.010561034,0.007292888,0.019285979,0.005541135,0.03768574,0.004721653,0.5818768
pamap2,gnn_attention_adj,window,1,101,101,102,1018,1018,1018,2,1,3,2,standing,sitting,False,0.0469818,0.5667586,0.28604883,0.002330733,0.011163293,0.0020214817,0.010313273,0.0075346637,0.019591948,0.0055251927,0.036930755,0.0047994074,0.5667586
pamap2,gnn_attention_adj,window,1,101,101,102,1019,1019,1019,2,1,3,2,standing,sitting,False,0.04671899,0.54263204,0.30821273,0.002491682,0.011004605,0.0021038451,0.010360899,0.008049069,0.020338591,0.005697141,0.03741478,0.004975507,0.54263204
pamap2,gnn_attention_adj,window,1,101,101,102,1020,1020,1020,2,1,3,2,standing,sitting,False,0.04663593,0.5445217,0.30759093,0.0024666118,0.0109341,0.0020616231,0.010306691,0.0079731485,0.020116186,0.0056204214,0.03685306,0.0049196105,0.5445217
pamap2,gnn_attention_adj,window,1,101,101,102,1021,1021,1021,2,1,3,2,standing,sitting,False,0.0475643,0.5468433,0.30484644,0.0024748063,0.011002053,0.0020605878,0.01034681,0.007967647,0.020095898,0.0056124525,0.03624871,0.004936973,0.5468433
pamap2,gnn_attention_adj,window,1,101,101,102,1022,1022,1022,2,1,3,2,standing,sitting,False,0.0472824,0.5410902,0.30535465,0.002631546,0.0113591235,0.0022292156,0.010889885,0.008311149,0.020994397,0.0060117603,0.038654953,0.005190759,0.5410902
pamap2,gnn_attention_adj,window,1,101,101,102,1023,1023,1023,2,1,3,2,standing,sitting,False,0.047028925,0.5347173,0.30985263,0.002713159,0.011445169,0.0022953008,0.011098095,0.008519615,0.02139517,0.006162123,0.039469033,0.005303365,0.5347173
pamap2,gnn_attention_adj,window,1,101,101,102,1024,1024,1024,2,1,3,2,standing,sitting,False,0.04771622,0.54689336,0.30454567,0.0024424482,0.011055828,0.0020606006,0.010177848,0.007901949,0.020109164,0.005599418,0.036535773,0.0049617207,0.54689336
pamap2,gnn_attention_adj,window,1,101,101,102,1025,1025,1025,2,2,3,3,standing,standing,True,0.031178677,0.31133243,0.48501468,0.0047732284,0.010698741,0.0045344345,0.012134048,0.015190235,0.033081837,0.010356843,0.07373266,0.007972212,0.48501468
pamap2,gnn_attention_adj,window,1,101,101,102,1026,1026,1026,2,10,3,17,standing,ironing,False,0.006081896,0.10531005,0.15613732,0.0017687042,0.0065132612,0.013187791,0.0024037345,0.00843528,0.021335982,0.040670868,0.6332826,0.004872518,0.6332826
pamap2,gnn_attention_adj,window,1,101,101,102,1027,1027,1027,2,10,3,17,standing,ironing,False,0.003043494,0.04571345,0.11999902,0.0025092443,0.00445852,0.017225886,0.0019337822,0.009179572,0.01438669,0.07607568,0.70164615,0.003828438,0.70164615
pamap2,gnn_attention_adj,window,1,101,101,102,1028,1028,1028,2,10,3,17,standing,ironing,False,0.0055540237,0.060404528,0.20031685,0.0037604964,0.006335761,0.021329831,0.002783066,0.013591752,0.022322554,0.07149921,0.58583975,0.006262186,0.58583975
pamap2,gnn_attention_adj,window,1,101,101,102,1029,1029,1029,2,10,3,17,standing,ironing,False,0.0074306754,0.07683067,0.27396128,0.005569375,0.009576615,0.023463547,0.0057047615,0.019477066,0.036381688,0.05605638,0.475206,0.010341947,0.475206
pamap2,gnn_attention_adj,window,1,101,101,102,1030,1030,1030,2,2,3,3,standing,standing,True,0.016070668,0.10225991,0.5307953,0.010325444,0.011583223,0.013245756,0.0067327386,0.025700074,0.037943374,0.038615,0.19318038,0.013548109,0.5307953
pamap2,gnn_attention_adj,window,1,101,101,102,1031,1031,1031,2,2,3,3,standing,standing,True,0.014489519,0.07538062,0.45095322,0.011349835,0.011551909,0.020441795,0.0056593874,0.029127548,0.038287908,0.06349756,0.26440418,0.014856505,0.45095322
pamap2,gnn_attention_adj,window,1,101,101,102,1032,1032,1032,2,2,3,3,standing,standing,True,0.012475504,0.06922196,0.3600427,0.009987393,0.010677203,0.02441441,0.0046686972,0.026484007,0.0343105,0.07803311,0.35666683,0.0130177215,0.3600427
pamap2,gnn_attention_adj,window,1,101,101,102,1033,1033,1033,2,2,3,3,standing,standing,True,0.020596894,0.10496983,0.49912417,0.010091781,0.012527614,0.015615476,0.00607953,0.025707992,0.03809362,0.04721711,0.20535351,0.014622437,0.49912417
pamap2,gnn_attention_adj,window,1,101,101,102,1034,1034,1034,2,2,3,3,standing,standing,True,0.022044994,0.11012051,0.5591045,0.009284238,0.011484346,0.011815552,0.005300056,0.023315512,0.03451104,0.038436014,0.16129358,0.013289708,0.5591045
pamap2,gnn_attention_adj,window,1,101,101,102,1035,1035,1035,2,2,3,3,standing,standing,True,0.022940993,0.11127095,0.6067226,0.00936875,0.0109022185,0.009299757,0.005125104,0.022409651,0.032254722,0.0321763,0.12489267,0.01263624,0.6067226
pamap2,gnn_attention_adj,window,1,101,101,102,1036,1036,1036,2,2,3,3,standing,standing,True,0.023465062,0.11433371,0.6384898,0.009008895,0.010457195,0.0076763476,0.005154474,0.02126737,0.031248719,0.0258689,0.1009564,0.012073141,0.6384898
pamap2,gnn_attention_adj,window,1,101,101,102,1037,1037,1037,2,2,3,3,standing,standing,True,0.023334283,0.114255644,0.65195113,0.008667691,0.010052649,0.0070518446,0.004969261,0.020476459,0.030279571,0.0238844,0.093465954,0.011611057,0.65195113
pamap2,gnn_attention_adj,window,1,101,101,102,1038,1038,1038,2,2,3,3,standing,standing,True,0.023219496,0.11384034,0.65157443,0.0086458735,0.010055353,0.0071133836,0.0049847914,0.020539269,0.030411398,0.023924991,0.094054066,0.011636636,0.65157443
pamap2,gnn_attention_adj,window,1,101,101,102,1039,1039,1039,2,2,3,3,standing,standing,True,0.023270382,0.115657315,0.65041053,0.00865146,0.010145573,0.007054455,0.0051078866,0.020476168,0.030650463,0.02333642,0.093574084,0.011665267,0.65041053
pamap2,gnn_attention_adj,window,1,101,101,102,1040,1040,1040,2,2,3,3,standing,standing,True,0.024006661,0.11867484,0.65134954,0.0086495355,0.01024194,0.006849021,0.0052176826,0.020291187,0.030641148,0.022455249,0.08995127,0.011671868,0.65134954
pamap2,gnn_attention_adj,window,1,101,101,102,1041,1041,1041,2,2,3,3,standing,standing,True,0.023857908,0.11859209,0.64861524,0.008763052,0.010303785,0.0069401446,0.005240085,0.020428915,0.030713018,0.022916492,0.091916494,0.011712729,0.64861524
pamap2,gnn_attention_adj,window,1,101,101,102,1042,1042,1042,2,2,3,3,standing,standing,True,0.022782926,0.114776574,0.6458238,0.00889507,0.010286403,0.00732562,0.0052827955,0.020966923,0.031262856,0.023903353,0.09684743,0.011846308,0.6458238
pamap2,gnn_attention_adj,window,1,101,101,102,1043,1043,1043,2,2,3,3,standing,standing,True,0.02248968,0.11335336,0.6504152,0.008814975,0.010121249,0.007229464,0.005214488,0.020847237,0.031100044,0.02357197,0.09509576,0.011746616,0.6504152
pamap2,gnn_attention_adj,window,1,101,101,102,1044,1044,1044,2,2,3,3,standing,standing,True,0.023263488,0.11332824,0.6485351,0.008743563,0.010169165,0.0073062168,0.0050631133,0.020842947,0.03078965,0.024446787,0.09571071,0.011801069,0.6485351
pamap2,gnn_attention_adj,window,1,101,101,102,1045,1045,1045,2,2,3,3,standing,standing,True,0.023674557,0.114076816,0.6501597,0.008714746,0.010161497,0.0071753017,0.005007286,0.020688197,0.030503081,0.024260772,0.093816854,0.011761189,0.6501597
pamap2,gnn_attention_adj,window,1,101,101,102,1046,1046,1046,2,2,3,3,standing,standing,True,0.024185235,0.11886026,0.64261764,0.008995637,0.010520045,0.0071318657,0.005236678,0.020739129,0.030803394,0.02407308,0.094915286,0.011921687,0.64261764
pamap2,gnn_attention_adj,window,1,101,101,102,1047,1047,1047,2,2,3,3,standing,standing,True,0.025493482,0.12376225,0.6419117,0.009084829,0.010721319,0.00688515,0.005373315,0.020560438,0.030676793,0.023125395,0.090449214,0.011956174,0.6419117
pamap2,gnn_attention_adj,window,1,101,101,102,1048,1048,1048,2,2,3,3,standing,standing,True,0.025248917,0.12162718,0.6464826,0.009087594,0.010629176,0.0068897987,0.0054016304,0.020748375,0.030879702,0.022810528,0.08818749,0.012007088,0.6464826
pamap2,gnn_attention_adj,window,1,101,101,102,1049,1049,1049,2,2,3,3,standing,standing,True,0.023888841,0.116508916,0.6497611,0.009000912,0.010353675,0.0070580817,0.005241736,0.020823479,0.03083401,0.02343332,0.091215424,0.011880548,0.6497611
pamap2,gnn_attention_adj,window,1,101,101,102,1050,1050,1050,2,2,3,3,standing,standing,True,0.023461983,0.11561059,0.64346325,0.008907005,0.010415028,0.0073782606,0.005254274,0.020997925,0.031254105,0.024383312,0.09690035,0.011973923,0.64346325
pamap2,gnn_attention_adj,window,1,101,101,102,1051,1051,1051,2,2,3,3,standing,standing,True,0.0239857,0.117074944,0.63963604,0.008905032,0.010511044,0.0074289176,0.005194088,0.020935837,0.031096993,0.024958923,0.09826255,0.012009926,0.63963604
pamap2,gnn_attention_adj,window,1,101,101,102,1052,1052,1052,2,2,3,3,standing,standing,True,0.023521803,0.11393678,0.6387014,0.009062393,0.0104898205,0.0077016484,0.005174194,0.02138732,0.031300437,0.025950365,0.100648515,0.012125347,0.6387014
pamap2,gnn_attention_adj,window,1,101,101,102,1053,1053,1053,2,2,3,3,standing,standing,True,0.023048129,0.111325,0.64764315,0.008947466,0.010248511,0.0075108213,0.0051370263,0.021283958,0.03121852,0.025041014,0.09658188,0.012014529,0.64764315
pamap2,gnn_attention_adj,window,1,101,101,102,1054,1054,1054,2,2,3,3,standing,standing,True,0.022959346,0.112648055,0.64858866,0.008729878,0.010161509,0.007367999,0.005115412,0.020927608,0.031048965,0.02437676,0.09624254,0.011833251,0.64858866
pamap2,gnn_attention_adj,window,1,101,101,102,1055,1055,1055,2,2,3,3,standing,standing,True,0.022143746,0.109849185,0.65272063,0.008673411,0.0099745365,0.0074177855,0.0051154997,0.021047635,0.031209132,0.024104564,0.09598015,0.011763731,0.65272063
pamap2,gnn_attention_adj,window,1,101,101,102,1056,1056,1056,2,2,3,3,standing,standing,True,0.022145102,0.1104755,0.654224,0.00861525,0.00993563,0.007304036,0.005112687,0.020883063,0.031089287,0.023668986,0.09486105,0.011685376,0.654224
pamap2,gnn_attention_adj,window,1,101,101,102,1057,1057,1057,2,2,3,3,standing,standing,True,0.022487074,0.11274542,0.65260893,0.008598457,0.009994862,0.007170768,0.0051054433,0.020625452,0.030868893,0.023493642,0.09466757,0.011633457,0.65260893
pamap2,gnn_attention_adj,window,1,101,101,102,1058,1058,1058,2,2,3,3,standing,standing,True,0.023001378,0.11345526,0.6525436,0.008706146,0.010095743,0.007164172,0.0051611043,0.02073518,0.030956114,0.023471909,0.09296289,0.011746485,0.6525436
pamap2,gnn_attention_adj,window,1,101,101,102,1059,1059,1059,2,2,3,3,standing,standing,True,0.023484878,0.11513033,0.655753,0.008597528,0.010039744,0.0068824766,0.005058857,0.020339888,0.0303959,0.022841025,0.089888245,0.011588141,0.655753
pamap2,gnn_attention_adj,window,1,101,101,102,1060,1060,1060,2,2,3,3,standing,standing,True,0.023623515,0.11789194,0.6448694,0.008866823,0.010387643,0.0071500577,0.0053027626,0.02068381,0.031076537,0.023596596,0.09471335,0.011837446,0.6448694
pamap2,gnn_attention_adj,window,1,101,101,102,1061,1061,1061,2,2,3,3,standing,standing,True,0.02384403,0.12221217,0.6449123,0.008995805,0.010497311,0.0068939985,0.0055876495,0.020709574,0.03130847,0.02219714,0.09100839,0.011833127,0.6449123
pamap2,gnn_attention_adj,window,1,101,101,102,1062,1062,1062,2,2,3,3,standing,standing,True,0.024509067,0.13009313,0.6435511,0.008903932,0.010555334,0.006487653,0.0058092335,0.020444268,0.031075198,0.020461543,0.0865076,0.011601863,0.6435511
pamap2,gnn_attention_adj,window,1,101,101,102,1063,1063,1063,2,2,3,3,standing,standing,True,0.024664678,0.13480258,0.6434938,0.009432896,0.010675806,0.006242817,0.006260494,0.02129693,0.031659655,0.019130794,0.08064411,0.011695435,0.6434938
pamap2,gnn_attention_adj,window,1,101,101,102,1064,1064,1064,2,2,3,3,standing,standing,True,0.02697784,0.14531265,0.6494042,0.009465122,0.010492924,0.0055170096,0.0065455628,0.021590844,0.031309664,0.0161633,0.06591144,0.011309265,0.6494042
pamap2,gnn_attention_adj,window,1,101,101,102,1065,1065,1065,2,2,3,3,standing,standing,True,0.030050233,0.15980966,0.6489011,0.008850558,0.010165705,0.004797273,0.0066052806,0.020573042,0.029964054,0.013914231,0.055802643,0.0105663175,0.6489011
pamap2,gnn_attention_adj,window,1,101,101,102,1066,1066,1066,2,2,3,3,standing,standing,True,0.029699385,0.15376642,0.6481397,0.009157161,0.010446841,0.0050472645,0.006369221,0.020784361,0.0301206,0.015288737,0.060198683,0.010981553,0.6481397
pamap2,gnn_attention_adj,window,1,101,101,102,1067,1067,1067,2,2,3,3,standing,standing,True,0.026548985,0.13605613,0.63597184,0.010134717,0.011171951,0.006332723,0.006301212,0.02187679,0.03142327,0.020812001,0.08116339,0.012207012,0.63597184
pamap2,gnn_attention_adj,window,1,101,101,102,1068,1068,1068,2,2,3,3,standing,standing,True,0.020809125,0.108232595,0.5446316,0.011402036,0.011761936,0.011926751,0.0053241313,0.025221925,0.03289577,0.042752847,0.17181095,0.01323035,0.5446316
pamap2,gnn_attention_adj,window,1,101,101,102,1069,1069,1069,2,10,3,17,standing,ironing,False,0.014333761,0.06283021,0.31348893,0.013084559,0.009996996,0.025965853,0.0037074191,0.028642492,0.026950682,0.12284645,0.36653885,0.011613711,0.36653885
pamap2,gnn_attention_adj,window,1,101,101,102,1070,1070,1070,2,10,3,17,standing,ironing,False,0.011538549,0.03703051,0.1342742,0.010774592,0.009285573,0.05675814,0.0038614932,0.028936796,0.027650248,0.19614856,0.47271237,0.011029009,0.47271237
pamap2,gnn_attention_adj,window,1,101,101,102,1071,1071,1071,2,10,3,17,standing,ironing,False,0.011943465,0.065280385,0.2726738,0.014530678,0.0109037,0.024983406,0.005445612,0.029925948,0.028927753,0.13238539,0.3912248,0.011775008,0.3912248
pamap2,gnn_attention_adj,window,1,101,101,102,1072,1072,1072,2,2,3,3,standing,standing,True,0.01874281,0.16940707,0.47150815,0.009291209,0.013555059,0.0103674475,0.009312477,0.022064356,0.035694238,0.030907942,0.19714385,0.0120054195,0.47150815
pamap2,gnn_attention_adj,window,1,101,101,102,1073,1073,1073,2,2,3,3,standing,standing,True,0.019325487,0.12387211,0.52711785,0.011874661,0.013359885,0.012324605,0.008700983,0.027021665,0.04000165,0.03334861,0.16835357,0.014698973,0.52711785
pamap2,gnn_attention_adj,window,1,101,101,102,1074,1074,1074,2,2,3,3,standing,standing,True,0.020544445,0.107883185,0.6254085,0.010951536,0.011212673,0.008853309,0.0063130683,0.024503086,0.034884587,0.026892003,0.109181195,0.0133724725,0.6254085
pamap2,gnn_attention_adj,window,1,101,101,102,1075,1075,1075,2,2,3,3,standing,standing,True,0.023510195,0.11940291,0.6568567,0.008998439,0.010152573,0.0067113684,0.0054084505,0.020885052,0.030790467,0.021125995,0.08452527,0.011632613,0.6568567
pamap2,gnn_attention_adj,window,1,101,101,102,1076,1076,1076,2,2,3,3,standing,standing,True,0.023393448,0.1284362,0.6435514,0.009802679,0.010680592,0.0066691334,0.00625898,0.021819478,0.032145288,0.020267159,0.085032426,0.011943289,0.6435514
pamap2,gnn_attention_adj,window,1,101,101,102,1077,1077,1077,2,2,3,3,standing,standing,True,0.02422586,0.13131656,0.64828175,0.0099297315,0.010637432,0.006472763,0.0065238564,0.02244493,0.032592043,0.018637966,0.07704182,0.011895235,0.64828175
pamap2,gnn_attention_adj,window,1,101,101,102,1078,1078,1078,2,2,3,3,standing,standing,True,0.024470404,0.13181527,0.65647805,0.009264077,0.010224629,0.006049432,0.006035205,0.021327756,0.03120094,0.017835176,0.07397661,0.011322405,0.65647805
pamap2,gnn_attention_adj,window,1,101,101,102,1079,1079,1079,2,2,3,3,standing,standing,True,0.022746287,0.12481888,0.651882,0.008941104,0.01017389,0.006465706,0.005679342,0.020582477,0.030916935,0.02009969,0.08629356,0.011400053,0.651882
pamap2,gnn_attention_adj,window,1,101,101,102,1080,1080,1080,2,2,3,3,standing,standing,True,0.022529319,0.12153611,0.6512035,0.008969453,0.010170766,0.0066595175,0.005498303,0.020633148,0.030754391,0.021072106,0.08952486,0.011448617,0.6512035
pamap2,gnn_attention_adj,window,1,101,101,102,1081,1081,1081,2,2,3,3,standing,standing,True,0.022830645,0.1199159,0.6617157,0.009415313,0.010016113,0.0064554852,0.0055714473,0.021566998,0.030677948,0.02011338,0.08028994,0.011431207,0.6617157
pamap2,gnn_attention_adj,window,1,101,101,102,1082,1082,1082,2,2,3,3,standing,standing,True,0.012469308,0.12969063,0.47630978,0.008849013,0.010452521,0.010566452,0.0066953795,0.021005644,0.0317564,0.037006732,0.24530979,0.0098882755,0.47630978
pamap2,gnn_attention_adj,window,1,101,101,102,1083,1083,1083,2,10,3,17,standing,ironing,False,0.00576339,0.14140265,0.1602976,0.0020808585,0.0068266243,0.011562364,0.004716637,0.008413825,0.020590596,0.038638044,0.59544784,0.004259562,0.59544784
pamap2,gnn_attention_adj,window,1,101,101,102,1084,1084,1084,2,10,3,17,standing,ironing,False,0.0079583395,0.26113454,0.12937985,0.0017335357,0.009160334,0.009312848,0.006894394,0.007054276,0.021267219,0.03226396,0.509634,0.0042067445,0.509634
pamap2,gnn_attention_adj,window,1,101,101,102,1085,1085,1085,2,1,3,2,standing,sitting,False,0.023293732,0.43982342,0.27260023,0.0031631985,0.012466322,0.0054517034,0.011510728,0.009752722,0.026617968,0.016710358,0.17251806,0.006091593,0.43982342
pamap2,gnn_attention_adj,window,1,101,101,102,1086,1086,1086,2,1,3,2,standing,sitting,False,0.023507789,0.5714508,0.18152508,0.0018949241,0.012460611,0.0038425408,0.008266927,0.006247885,0.019536158,0.01372407,0.1530173,0.0045258575,0.5714508
pamap2,gnn_attention_adj,window,1,101,101,102,1087,1087,1087,2,1,3,2,standing,sitting,False,0.01996077,0.49409533,0.18528579,0.002568229,0.013947827,0.0058434117,0.012348476,0.008274499,0.024897626,0.0183837,0.20863034,0.0057640015,0.49409533
pamap2,gnn_attention_adj,window,1,101,101,102,1088,1088,1088,2,2,3,3,standing,standing,True,0.027221628,0.374194,0.40854394,0.0048517664,0.011579849,0.00427782,0.012735861,0.013547792,0.02890339,0.012559259,0.09429491,0.007289785,0.40854394
pamap2,gnn_attention_adj,window,1,101,101,102,1089,1089,1089,2,1,3,2,standing,sitting,False,0.040655266,0.6256827,0.23470974,0.0022069602,0.010832586,0.0017207266,0.009955725,0.006328845,0.01655586,0.006056724,0.04116597,0.004128905,0.6256827
pamap2,gnn_attention_adj,window,1,101,101,102,1090,1090,1090,2,1,3,2,standing,sitting,False,0.04502335,0.7330278,0.14560685,0.0014991526,0.011590934,0.00121055,0.009917964,0.004322225,0.013490482,0.004221976,0.026726939,0.0033618882,0.7330278
pamap2,gnn_attention_adj,window,1,101,101,102,1091,1091,1091,2,1,3,2,standing,sitting,False,0.028611992,0.48683292,0.31268403,0.0032003124,0.011107396,0.003266707,0.009679729,0.00905269,0.021658253,0.01172392,0.096856296,0.005325663,0.48683292
pamap2,gnn_attention_adj,window,1,101,101,102,1092,1092,1092,2,2,3,3,standing,standing,True,0.018365284,0.19517478,0.583906,0.007268414,0.009276542,0.005378819,0.013338335,0.01996396,0.038051493,0.012926702,0.0864943,0.009855462,0.583906
pamap2,gnn_attention_adj,window,1,101,101,102,1093,1093,1093,2,2,3,3,standing,standing,True,0.023069486,0.22709475,0.6016291,0.005065449,0.00799542,0.0037816167,0.009736914,0.01575072,0.030679751,0.008633214,0.059240956,0.007322694,0.6016291
pamap2,gnn_attention_adj,window,1,101,101,102,1094,1094,1094,2,2,3,3,standing,standing,True,0.023148404,0.22817528,0.6118746,0.004861111,0.00758478,0.003376824,0.009053896,0.014995078,0.028699655,0.007944341,0.05342414,0.0068618814,0.6118746
pamap2,gnn_attention_adj,window,1,101,101,102,1095,1095,1095,2,2,3,3,standing,standing,True,0.023749825,0.23371781,0.59412795,0.0050373767,0.0081688855,0.0037753782,0.009838617,0.015660197,0.03047523,0.008673843,0.05947822,0.007296742,0.59412795
pamap2,gnn_attention_adj,window,1,101,101,102,1096,1096,1096,2,2,3,3,standing,standing,True,0.023983963,0.24108146,0.5807386,0.004976177,0.008465695,0.003926647,0.010256741,0.015673669,0.031185377,0.008975391,0.06333491,0.007401405,0.5807386
pamap2,gnn_attention_adj,window,1,101,101,102,1097,1097,1097,2,2,3,3,standing,standing,True,0.025369534,0.34652942,0.44206798,0.005079236,0.011118634,0.004131631,0.013468754,0.014175461,0.030199278,0.011742298,0.088493235,0.0076245307,0.44206798
pamap2,gnn_attention_adj,window,1,101,101,102,1098,1098,1098,2,1,3,2,standing,sitting,False,0.039383713,0.5523844,0.28211838,0.0031445199,0.011800363,0.0025908912,0.012665786,0.008856898,0.021326384,0.007967879,0.05250691,0.005253895,0.5523844
pamap2,gnn_attention_adj,window,1,101,101,102,1099,1099,1099,2,1,3,2,standing,sitting,False,0.048333444,0.75216645,0.13574745,0.0011995113,0.010919285,0.0009380616,0.008624474,0.003703598,0.011909039,0.003245571,0.020250417,0.0029625727,0.75216645
pamap2,gnn_attention_adj,window,1,101,101,102,1100,1100,1100,2,1,3,2,standing,sitting,False,0.045669027,0.7527272,0.13826716,0.0011340046,0.010637058,0.0009085707,0.0077132746,0.0035456335,0.011519532,0.0032801463,0.021725563,0.0028728277,0.7527272
pamap2,gnn_attention_adj,window,1,101,101,102,1101,1101,1101,2,1,3,2,standing,sitting,False,0.051672243,0.7433235,0.14506675,0.0011722777,0.010433028,0.0008717006,0.008151768,0.0037338692,0.011591342,0.0029803128,0.018110912,0.0028922295,0.7433235
pamap2,gnn_attention_adj,window,1,101,101,102,1102,1102,1102,2,1,3,2,standing,sitting,False,0.055052344,0.74101573,0.14863136,0.0011160139,0.009889009,0.0007783822,0.007743894,0.0036301673,0.0110158175,0.002678184,0.01570579,0.0027432675,0.74101573
pamap2,gnn_attention_adj,window,1,101,101,102,1103,1103,1103,2,1,3,2,standing,sitting,False,0.053584795,0.7397851,0.14816815,0.0011972386,0.010185261,0.00083238323,0.008280697,0.0037774667,0.011432376,0.002902301,0.016996467,0.0028576958,0.7397851
pamap2,gnn_attention_adj,window,1,101,101,102,1104,1104,1104,2,1,3,2,standing,sitting,False,0.045506686,0.75328654,0.13449207,0.0012466057,0.0108921025,0.00095884234,0.00845741,0.0036825743,0.011841523,0.003604211,0.023073934,0.0029574248,0.75328654
pamap2,gnn_attention_adj,window,1,101,101,102,1105,1105,1105,2,1,3,2,standing,sitting,False,0.034919564,0.72539496,0.1508154,0.0014290081,0.011187503,0.0013636074,0.008972393,0.004133544,0.01341456,0.0052268864,0.03986504,0.0032775847,0.72539496
pamap2,gnn_attention_adj,window,1,101,101,102,1106,1106,1106,2,1,3,2,standing,sitting,False,0.039491445,0.5665901,0.2811598,0.002693584,0.0112402765,0.0021522248,0.011585071,0.007935449,0.01964793,0.0066719474,0.045962024,0.004870162,0.5665901
pamap2,gnn_attention_adj,window,1,101,101,102,1107,1107,1107,2,1,3,2,standing,sitting,False,0.04807986,0.53525865,0.32369664,0.0025076398,0.010159505,0.0018233972,0.010334199,0.008063006,0.019105194,0.0051965723,0.031103333,0.00467202,0.53525865
pamap2,gnn_attention_adj,window,1,101,101,102,1108,1108,1108,2,1,3,2,standing,sitting,False,0.046719164,0.49249527,0.35924742,0.002917612,0.010218157,0.002101394,0.010801458,0.009204358,0.021027613,0.005824191,0.034279414,0.005163876,0.49249527
pamap2,gnn_attention_adj,window,1,101,101,102,1109,1109,1109,2,1,3,2,standing,sitting,False,0.04389475,0.4288885,0.41901344,0.0033899022,0.00976595,0.0023430209,0.010692702,0.010637104,0.02291308,0.006321941,0.03651672,0.005622899,0.4288885
pamap2,gnn_attention_adj,window,1,101,101,102,1110,1110,1110,2,2,3,3,standing,standing,True,0.04251711,0.4149858,0.43220824,0.00340866,0.009662274,0.002429522,0.0103528015,0.010864966,0.023390105,0.006392538,0.038101636,0.0056862733,0.43220824
pamap2,gnn_attention_adj,window,1,101,101,102,1111,1111,1111,2,1,3,2,standing,sitting,False,0.04559047,0.44273767,0.40629986,0.00320499,0.00985807,0.0022865343,0.010383044,0.010277689,0.022465821,0.0060704504,0.035337936,0.0054875435,0.44273767
pamap2,gnn_attention_adj,window,1,101,101,102,1112,1112,1112,2,1,3,2,standing,sitting,False,0.04730971,0.47683007,0.37802616,0.002847907,0.009819467,0.0020262338,0.010022917,0.009274824,0.020790838,0.0055320957,0.03244607,0.005073736,0.47683007
pamap2,gnn_attention_adj,window,1,101,101,102,1113,1113,1113,2,1,3,2,standing,sitting,False,0.045796614,0.47269148,0.37999147,0.0028902008,0.0099613825,0.0021244762,0.01014525,0.009395717,0.021304553,0.005744163,0.034772858,0.005181785,0.47269148
pamap2,gnn_attention_adj,window,1,101,101,102,1114,1114,1114,2,1,3,2,standing,sitting,False,0.04543232,0.47909677,0.37658685,0.0027871926,0.009797019,0.002025967,0.0099420585,0.00908391,0.020738758,0.0055613574,0.033924077,0.005023702,0.47909677
pamap2,gnn_attention_adj,window,1,101,101,102,1115,1115,1115,2,1,3,2,standing,sitting,False,0.047094494,0.48041296,0.37730834,0.0027389633,0.009630909,0.0019391498,0.009716137,0.008972278,0.020284384,0.0053466363,0.031630173,0.00492558,0.48041296
pamap2,gnn_attention_adj,window,1,101,101,102,1116,1116,1116,2,1,3,2,standing,sitting,False,0.043637898,0.4735644,0.38022432,0.0029896826,0.009817522,0.0020730533,0.010478008,0.009398168,0.021004925,0.0059188777,0.03573736,0.005155823,0.4735644
pamap2,gnn_attention_adj,window,1,101,101,102,1117,1117,1117,2,1,3,2,standing,sitting,False,0.042207737,0.6854696,0.18513164,0.0016601232,0.011316468,0.0015207807,0.00971099,0.005067853,0.015269597,0.004861296,0.034057695,0.0037261972,0.6854696
pamap2,gnn_attention_adj,window,1,101,101,102,1118,1118,1118,2,1,3,2,standing,sitting,False,0.04311558,0.7119011,0.16187537,0.0016097336,0.011800809,0.0014047793,0.010775477,0.004790784,0.014799603,0.004519814,0.029751405,0.0036555075,0.7119011
pamap2,gnn_attention_adj,window,1,101,101,102,1119,1119,1119,2,1,3,2,standing,sitting,False,0.04099301,0.7283114,0.14534974,0.0014765229,0.012052328,0.0014349414,0.0102619035,0.0043617683,0.01446333,0.0047478625,0.032994173,0.003553137,0.7283114
pamap2,gnn_attention_adj,window,1,101,101,102,1120,1120,1120,2,1,3,2,standing,sitting,False,0.031550027,0.5194941,0.3052817,0.0029444818,0.011188982,0.0027088004,0.010356136,0.008520063,0.02104818,0.008924131,0.072811395,0.0051719914,0.5194941
pamap2,gnn_attention_adj,window,1,101,101,102,1121,1121,1121,2,2,3,3,standing,standing,True,0.02401494,0.25627637,0.5489391,0.0056568165,0.0095021855,0.0042098914,0.0123306345,0.016371645,0.032901365,0.010368136,0.07117725,0.0082517145,0.5489391
pamap2,gnn_attention_adj,window,1,101,101,102,1122,1122,1122,2,2,3,3,standing,standing,True,0.022935124,0.20898081,0.6291416,0.0050559095,0.0073725153,0.0035807174,0.008856894,0.0156175755,0.030284585,0.008076104,0.052821256,0.0072768694,0.6291416
pamap2,gnn_attention_adj,window,1,101,101,102,1123,1123,1123,2,2,3,3,standing,standing,True,0.018313734,0.18005872,0.64479935,0.006247589,0.00731467,0.0040001273,0.009900737,0.01741946,0.03233405,0.009608599,0.061905205,0.008097768,0.64479935
pamap2,gnn_attention_adj,window,1,101,101,102,1124,1124,1124,2,1,3,2,standing,sitting,False,0.03067676,0.50205576,0.30726728,0.0031844869,0.011504501,0.0031485602,0.010817891,0.0090991035,0.022381328,0.010322914,0.08405419,0.005487197,0.50205576
pamap2,gnn_attention_adj,window,1,101,101,102,1125,1125,1125,2,1,3,2,standing,sitting,False,0.046066247,0.75877327,0.12636164,0.001207504,0.011485337,0.0010442972,0.008694825,0.0036301704,0.012277634,0.0036645487,0.023740146,0.00305443,0.75877327
pamap2,gnn_attention_adj,window,1,101,101,102,1126,1126,1126,10,1,17,2,ironing,sitting,False,0.056874964,0.7213372,0.14428425,0.0018272967,0.012498203,0.0012507245,0.010839868,0.0048526763,0.014433471,0.004461444,0.023542963,0.003797017,0.7213372
pamap2,gnn_attention_adj,window,1,101,101,102,1127,1127,1127,10,1,17,2,ironing,sitting,False,0.029083136,0.6321256,0.1597521,0.002400229,0.013346018,0.0035101883,0.012532063,0.006546382,0.02000871,0.012842496,0.1031285,0.0047245556,0.6321256
pamap2,gnn_attention_adj,window,1,101,101,102,1128,1128,1128,10,10,17,17,ironing,ironing,True,0.010255574,0.2191606,0.1811132,0.0028630013,0.010649897,0.013482957,0.011380123,0.011428061,0.032378398,0.03602974,0.46475044,0.006507966,0.46475044
pamap2,gnn_attention_adj,window,1,101,101,102,1129,1129,1129,10,10,17,17,ironing,ironing,True,0.0081525035,0.16333164,0.13956495,0.0018952352,0.009111612,0.017389137,0.008209379,0.009670394,0.03206861,0.036305837,0.5683874,0.00591327,0.5683874
pamap2,gnn_attention_adj,window,1,101,101,102,1130,1130,1130,10,1,17,2,ironing,sitting,False,0.021151027,0.46599007,0.1210235,0.0015110775,0.015041518,0.010372894,0.014356982,0.0068188473,0.03188001,0.0207409,0.28505328,0.0060598357,0.46599007
pamap2,gnn_attention_adj,window,1,101,101,102,1131,1131,1131,10,10,17,17,ironing,ironing,True,0.0075945538,0.23591363,0.052191436,0.0006707042,0.008504652,0.013696779,0.005184605,0.0039639706,0.019181494,0.03195874,0.61790526,0.003234094,0.61790526
pamap2,gnn_attention_adj,window,1,101,101,102,1132,1132,1132,10,10,17,17,ironing,ironing,True,0.0017957211,0.060294244,0.018525306,0.00030335743,0.003425191,0.01672836,0.0021710207,0.002280938,0.010795772,0.037719212,0.8443602,0.0016006858,0.8443602
pamap2,gnn_attention_adj,window,1,101,101,102,1133,1133,1133,10,10,17,17,ironing,ironing,True,0.0010573986,0.039689377,0.031298503,0.0004397338,0.0020432386,0.009849358,0.0009976486,0.0026189832,0.0063795056,0.04507018,0.85943615,0.001119912,0.85943615
pamap2,gnn_attention_adj,window,1,101,101,102,1134,1134,1134,10,10,17,17,ironing,ironing,True,0.0044538723,0.16839084,0.09462746,0.001582782,0.0069021126,0.0096402485,0.0049245106,0.0064960406,0.015760668,0.040810056,0.6431575,0.0032539282,0.6431575
pamap2,gnn_attention_adj,window,1,101,101,102,1135,1135,1135,10,2,17,3,ironing,standing,False,0.016460644,0.25321645,0.41615194,0.009340425,0.011692997,0.007281553,0.014985114,0.020707874,0.035057932,0.027933802,0.17740035,0.009770969,0.41615194
pamap2,gnn_attention_adj,window,1,101,101,102,1136,1136,1136,10,1,17,2,ironing,sitting,False,0.02790308,0.3079861,0.2681119,0.014239747,0.014746005,0.01165426,0.020703439,0.022864187,0.040706933,0.049451705,0.210784,0.010848636,0.3079861
pamap2,gnn_attention_adj,window,1,101,101,102,1137,1137,1137,10,1,17,2,ironing,sitting,False,0.033435155,0.6165434,0.1350893,0.0059233056,0.016783932,0.0039241943,0.020861827,0.010650726,0.023624554,0.022451254,0.10463201,0.006080302,0.6165434
pamap2,gnn_attention_adj,window,1,101,101,102,1138,1138,1138,10,10,17,17,ironing,ironing,True,0.010218931,0.09977257,0.13447393,0.003965111,0.00860758,0.02708437,0.0032549214,0.0150597645,0.031472553,0.07864495,0.5803106,0.0071347095,0.5803106
pamap2,gnn_attention_adj,window,1,101,101,102,1139,1139,1139,10,10,17,17,ironing,ironing,True,0.0007139137,0.013780753,0.017609982,0.0006236809,0.0016357348,0.028280383,0.00085592543,0.004185355,0.0077478527,0.07924457,0.84405553,0.0012662372,0.84405553
pamap2,gnn_attention_adj,window,1,101,101,102,1140,1140,1140,10,10,17,17,ironing,ironing,True,0.00051319454,0.011938364,0.016166784,0.0005185333,0.0014514086,0.02133814,0.0009452339,0.0038645656,0.0061354055,0.08397186,0.8521068,0.0010496791,0.8521068
pamap2,gnn_attention_adj,window,1,101,101,102,1141,1141,1141,10,10,17,17,ironing,ironing,True,0.0002737916,0.008629647,0.006921381,0.0001461579,0.0008889709,0.019757217,0.00047760402,0.0014957357,0.0043361955,0.04858611,0.9078752,0.00061205355,0.9078752
pamap2,gnn_attention_adj,window,1,101,101,102,1142,1142,1142,10,10,17,17,ironing,ironing,True,0.0006464209,0.021459596,0.018545242,0.00037688695,0.001783704,0.014492569,0.0010903891,0.0025703406,0.007174585,0.046612486,0.88406974,0.0011779617,0.88406974
pamap2,gnn_attention_adj,window,1,101,101,102,1143,1143,1143,10,10,17,17,ironing,ironing,True,0.008599085,0.3068345,0.0659343,0.0011993909,0.009443337,0.010278653,0.00620993,0.005041437,0.017866325,0.038180005,0.5271154,0.003297635,0.5271154
pamap2,gnn_attention_adj,window,1,101,101,102,1144,1144,1144,10,10,17,17,ironing,ironing,True,0.0023413629,0.061664257,0.030887721,0.00082986,0.004663355,0.018530264,0.0037831455,0.004301352,0.014598454,0.0529932,0.8027849,0.0026220244,0.8027849
pamap2,gnn_attention_adj,window,1,101,101,102,1145,1145,1145,10,10,17,17,ironing,ironing,True,0.00074434845,0.027567068,0.013164029,0.0003019317,0.0021888178,0.014074886,0.0014819804,0.0019984578,0.007266333,0.044026222,0.88598025,0.0012056197,0.88598025
pamap2,gnn_attention_adj,window,1,101,101,102,1146,1146,1146,10,10,17,17,ironing,ironing,True,0.0008149022,0.03582524,0.017443469,0.00024160357,0.0020119823,0.0102182785,0.0010483938,0.0016454366,0.0065986337,0.033985447,0.88914233,0.0010242659,0.88914233
pamap2,gnn_attention_adj,window,1,101,101,102,1147,1147,1147,10,10,17,17,ironing,ironing,True,0.00060980313,0.028596547,0.01290005,0.00018665803,0.0017202378,0.009888688,0.0008945284,0.0013217878,0.005591827,0.0333226,0.9040968,0.0008703947,0.9040968
pamap2,gnn_attention_adj,window,1,101,101,102,1148,1148,1148,10,10,17,17,ironing,ironing,True,0.00047162487,0.022618389,0.008779244,0.00012033013,0.0013540168,0.009794602,0.0006580205,0.0009832642,0.0045967316,0.031872638,0.9180795,0.00067172543,0.9180795
pamap2,gnn_attention_adj,window,1,101,101,102,1149,1149,1149,10,10,17,17,ironing,ironing,True,0.00035742045,0.016968839,0.0070719193,0.00010642396,0.0011526159,0.010943435,0.0006222695,0.00094267074,0.004384901,0.032319237,0.9245217,0.0006086117,0.9245217
pamap2,gnn_attention_adj,window,1,101,101,102,1150,1150,1150,10,10,17,17,ironing,ironing,True,0.0003102197,0.013719189,0.0071647656,0.000108451095,0.0010669425,0.012042659,0.0005892617,0.0010165953,0.0044136234,0.033340205,0.9256096,0.0006184985,0.9256096
pamap2,gnn_attention_adj,window,1,101,101,102,1151,1151,1151,10,10,17,17,ironing,ironing,True,0.00032561363,0.015582029,0.006543066,9.905853e-05,0.0010626046,0.010818739,0.00056247093,0.0008935059,0.004057714,0.032666806,0.92683136,0.00055712374,0.92683136
pamap2,gnn_attention_adj,window,1,101,101,102,1152,1152,1152,10,10,17,17,ironing,ironing,True,0.00026877678,0.0127986,0.006043682,8.6199936e-05,0.0008633219,0.010565892,0.0004211791,0.00080992916,0.0034801979,0.032593597,0.93160385,0.00046491783,0.93160385
pamap2,gnn_attention_adj,window,1,101,101,102,1153,1153,1153,10,10,17,17,ironing,ironing,True,0.00017346506,0.0066702953,0.0048656655,7.6832526e-05,0.00058619917,0.014085535,0.00027022697,0.0008319263,0.0028343063,0.038595874,0.93064326,0.00036641603,0.93064326
pamap2,gnn_attention_adj,window,1,101,101,102,1154,1154,1154,10,10,17,17,ironing,ironing,True,0.00022495813,0.0067498544,0.004796958,9.363628e-05,0.0006297075,0.01798966,0.00026245645,0.0009925324,0.0030309684,0.046685524,0.9181478,0.00039593742,0.9181478
pamap2,gnn_attention_adj,window,1,101,101,102,1155,1155,1155,10,10,17,17,ironing,ironing,True,0.00025137718,0.009146215,0.004474339,8.914708e-05,0.0007041205,0.0141297085,0.00031302747,0.0008549836,0.0029083,0.045909747,0.92084175,0.00037726326,0.92084175
pamap2,gnn_attention_adj,window,1,101,101,102,1156,1156,1156,10,10,17,17,ironing,ironing,True,0.00039750736,0.010170814,0.0036933345,7.02248e-05,0.0006916997,0.020018348,0.00026718932,0.00081884203,0.0033677297,0.052549146,0.9075761,0.00037898018,0.9075761
pamap2,gnn_attention_adj,window,1,101,101,102,1157,1157,1157,10,10,17,17,ironing,ironing,True,0.00038111917,0.011048762,0.003579174,7.235686e-05,0.0007673545,0.019699205,0.00038571778,0.00084276794,0.0036858611,0.05148155,0.9076467,0.00040936988,0.9076467
pamap2,gnn_attention_adj,window,1,101,101,102,1158,1158,1158,10,10,17,17,ironing,ironing,True,0.0002644421,0.009340589,0.003972219,6.973153e-05,0.00067567267,0.0144693665,0.00028671455,0.0007402164,0.0029148518,0.043291237,0.92361575,0.00035923294,0.92361575
pamap2,gnn_attention_adj,window,1,101,101,102,1159,1159,1159,10,10,17,17,ironing,ironing,True,0.0003339743,0.010195974,0.0064068004,0.00010655898,0.00083403377,0.014653289,0.00031963902,0.001003133,0.0034457205,0.042608917,0.91959345,0.00049850286,0.91959345
pamap2,gnn_attention_adj,window,1,101,101,102,1160,1160,1160,10,10,17,17,ironing,ironing,True,0.0006976303,0.01970713,0.01415684,0.00023718094,0.0016235773,0.015518849,0.00074194616,0.001836935,0.006409941,0.04143554,0.8965823,0.0010521644,0.8965823
pamap2,gnn_attention_adj,window,1,101,101,102,1161,1161,1161,10,10,17,17,ironing,ironing,True,0.011936686,0.24431299,0.056781296,0.00081782945,0.011411272,0.017522983,0.00686527,0.004544004,0.024415106,0.03599203,0.5807681,0.004632398,0.5807681
pamap2,gnn_attention_adj,window,1,101,101,102,1162,1162,1162,10,10,17,17,ironing,ironing,True,0.010775365,0.32245198,0.044182774,0.0006752643,0.011725129,0.01206698,0.0068471166,0.0034737855,0.019977659,0.03197844,0.53206503,0.0037804914,0.53206503
pamap2,gnn_attention_adj,window,1,101,101,102,1163,1163,1163,10,10,17,17,ironing,ironing,True,0.00048362027,0.016399248,0.0077187214,0.00018072363,0.0014608575,0.01724315,0.0010386783,0.0014830584,0.0058533046,0.048083033,0.8991915,0.0008641285,0.8991915
pamap2,gnn_attention_adj,window,1,101,101,102,1164,1164,1164,10,10,17,17,ironing,ironing,True,0.00026037806,0.009993085,0.0070251953,0.00014807963,0.0011076367,0.017567946,0.0008370159,0.0014541696,0.005041011,0.046824563,0.909013,0.0007280555,0.909013
pamap2,gnn_attention_adj,window,1,101,101,102,1165,1165,1165,10,10,17,17,ironing,ironing,True,0.0005683499,0.016527165,0.017128719,0.00030172186,0.0018791255,0.018846417,0.0012059072,0.0024734444,0.008427654,0.042591717,0.8886195,0.0014302458,0.8886195
pamap2,gnn_attention_adj,window,1,101,101,102,1166,1166,1166,10,10,17,17,ironing,ironing,True,0.00040296858,0.013134881,0.01216561,0.00022544789,0.0015081103,0.01753296,0.00096423924,0.0019618014,0.006699964,0.041940406,0.9023779,0.0010856779,0.9023779
pamap2,gnn_attention_adj,window,1,101,101,102,1167,1167,1167,10,10,17,17,ironing,ironing,True,0.0004847039,0.014460034,0.016105179,0.00029694362,0.001828922,0.019757437,0.0012112948,0.0025374058,0.008511042,0.0436955,0.8896703,0.0014411985,0.8896703
pamap2,gnn_attention_adj,window,1,101,101,102,1168,1168,1168,10,10,17,17,ironing,ironing,True,0.00053596986,0.013029822,0.019211851,0.00033544106,0.0018024066,0.022710098,0.0010275205,0.0028701893,0.009053347,0.046391357,0.8814283,0.0016037358,0.8814283
pamap2,gnn_attention_adj,window,1,101,101,102,1169,1169,1169,10,10,17,17,ironing,ironing,True,0.00028375164,0.009964858,0.009717799,0.00018248889,0.0011564635,0.016895473,0.0006897197,0.0016808682,0.0052815536,0.041776247,0.9115509,0.0008198341,0.9115509
pamap2,gnn_attention_adj,window,1,101,101,102,1170,1170,1170,10,10,17,17,ironing,ironing,True,0.00032839747,0.012846569,0.011192256,0.0001963773,0.0011140927,0.012763237,0.000603355,0.0015872398,0.004683615,0.040520962,0.9134388,0.0007251371,0.9134388
pamap2,gnn_attention_adj,window,1,101,101,102,1171,1171,1171,10,10,17,17,ironing,ironing,True,0.00036615162,0.013092801,0.011129517,0.00024477334,0.0012738605,0.01570593,0.00077054976,0.0019246638,0.0052790185,0.047816746,0.90156054,0.00083539303,0.90156054
pamap2,gnn_attention_adj,window,1,101,101,102,1172,1172,1172,10,10,17,17,ironing,ironing,True,0.00038353447,0.010406614,0.008315258,0.0001807414,0.0011017917,0.022400958,0.0005502782,0.0017699616,0.005434273,0.048309475,0.90036374,0.00078338204,0.90036374
pamap2,gnn_attention_adj,window,1,101,101,102,1173,1173,1173,10,10,17,17,ironing,ironing,True,0.00038194633,0.010533359,0.0053484645,0.00010435421,0.0008519031,0.020006549,0.00032994658,0.0010703908,0.0040780087,0.04602976,0.91074854,0.0005167354,0.91074854
pamap2,gnn_attention_adj,window,1,101,101,102,1174,1174,1174,10,10,17,17,ironing,ironing,True,0.00023411546,0.0066790073,0.006243529,0.000117755015,0.0006965595,0.019952977,0.0002963134,0.0012429766,0.0036354228,0.044871975,0.9155303,0.0004990649,0.9155303
pamap2,gnn_attention_adj,window,1,101,101,102,1175,1175,1175,10,10,17,17,ironing,ironing,True,0.00028727035,0.009021756,0.009865652,0.00019243904,0.001044742,0.01761813,0.00051505596,0.0017052286,0.004891417,0.04243818,0.9116431,0.00077698997,0.9116431
pamap2,gnn_attention_adj,window,1,101,101,102,1176,1176,1176,10,10,17,17,ironing,ironing,True,0.000274498,0.0053887106,0.0069958046,0.00013701746,0.0007038779,0.029479971,0.0002632611,0.0015656281,0.0043068617,0.053580515,0.89670765,0.000596181,0.89670765
pamap2,gnn_attention_adj,window,1,101,101,102,1177,1177,1177,10,10,17,17,ironing,ironing,True,0.00018185213,0.0056793825,0.00446767,8.123063e-05,0.0005520349,0.019810958,0.00024756385,0.0009836301,0.0030670376,0.04532282,0.9192338,0.00037206768,0.9192338
pamap2,gnn_attention_adj,window,1,101,101,102,1178,1178,1178,10,10,17,17,ironing,ironing,True,0.00070597685,0.03028103,0.012595358,0.00024158595,0.0019703167,0.011963987,0.0013062841,0.0016211914,0.0066414666,0.03932476,0.8923333,0.0010147537,0.8923333
pamap2,gnn_attention_adj,window,1,101,101,102,1179,1179,1179,10,10,17,17,ironing,ironing,True,0.00044733673,0.016590938,0.005092424,0.00013522674,0.0016945922,0.02070266,0.0020770836,0.0014631059,0.0076732873,0.050670225,0.89250046,0.000952771,0.89250046
pamap2,gnn_attention_adj,window,1,101,101,102,1180,1180,1180,10,10,17,17,ironing,ironing,True,0.00015139542,0.0064892806,0.002938238,5.0620423e-05,0.00062291475,0.018886829,0.0004549215,0.0007832237,0.0036136822,0.03989179,0.9257381,0.00037904156,0.9257381
pamap2,gnn_attention_adj,window,1,101,101,102,1181,1181,1181,10,10,17,17,ironing,ironing,True,0.00038652576,0.020872802,0.009208805,0.000111350906,0.0011856668,0.0088471025,0.00059375504,0.0009533813,0.0043280106,0.028498486,0.9244089,0.00060513994,0.9244089
pamap2,gnn_attention_adj,window,1,101,101,102,1182,1182,1182,10,10,17,17,ironing,ironing,True,0.0005736888,0.027778337,0.010759072,0.0001466272,0.0016852032,0.010900858,0.0009946905,0.001230033,0.006121889,0.02993039,0.9090184,0.0008607795,0.9090184
pamap2,gnn_attention_adj,window,1,101,101,102,1183,1183,1183,10,10,17,17,ironing,ironing,True,0.00056617975,0.026009545,0.0092054205,0.0001559717,0.0018151675,0.012516357,0.0012306183,0.0013053573,0.0065800785,0.033052716,0.9066223,0.00094033196,0.9066223
pamap2,gnn_attention_adj,window,1,101,101,102,1184,1184,1184,10,10,17,17,ironing,ironing,True,0.00040078672,0.021006405,0.007887914,0.000121378216,0.0013591816,0.010429589,0.00080785644,0.0010343285,0.00490574,0.03130333,0.92006004,0.0006834088,0.92006004
pamap2,gnn_attention_adj,window,1,101,101,102,1185,1185,1185,10,10,17,17,ironing,ironing,True,0.0006240016,0.03133976,0.012220208,0.00013645217,0.001605966,0.009171508,0.0007533561,0.0011275399,0.0052913427,0.029099332,0.9078656,0.0007649892,0.9078656
pamap2,gnn_attention_adj,window,1,101,101,102,1186,1186,1186,10,10,17,17,ironing,ironing,True,0.0003476781,0.01410795,0.009902573,0.00017041601,0.0011506148,0.012478965,0.0006233751,0.0014144721,0.004690378,0.03729909,0.9171048,0.0007096629,0.9171048
pamap2,gnn_attention_adj,window,1,101,101,102,1187,1187,1187,10,10,17,17,ironing,ironing,True,0.0004737522,0.0138889225,0.008094034,0.00020932441,0.001239917,0.01987217,0.000629357,0.0016798369,0.0051245037,0.049498595,0.8985417,0.0007479364,0.8985417
pamap2,gnn_attention_adj,window,1,101,101,102,1188,1188,1188,10,10,17,17,ironing,ironing,True,0.00026442096,0.009327224,0.005103915,0.00010567406,0.0007234671,0.015531223,0.00033373287,0.0010125862,0.0031908858,0.04585979,0.9181403,0.0004068676,0.9181403
pamap2,gnn_attention_adj,window,1,101,101,102,1189,1189,1189,10,10,17,17,ironing,ironing,True,0.00023976983,0.004526988,0.0044537825,7.750837e-05,0.0004701468,0.025920134,0.00015110661,0.00097472576,0.002839427,0.055743504,0.9042543,0.0003485391,0.9042543
pamap2,gnn_attention_adj,window,1,101,101,102,1190,1190,1190,10,10,17,17,ironing,ironing,True,0.00021780534,0.0038238117,0.0050121634,9.293931e-05,0.0004790975,0.02785332,0.00016090358,0.0011096284,0.0028177276,0.062195174,0.8958616,0.00037577463,0.8958616
pamap2,gnn_attention_adj,window,1,101,101,102,1191,1191,1191,10,10,17,17,ironing,ironing,True,0.0001924999,0.0057814023,0.006189519,0.00010569965,0.000607722,0.016235722,0.0002579232,0.0010419663,0.0028767472,0.047658335,0.9186394,0.000413166,0.9186394
pamap2,gnn_attention_adj,window,1,101,101,102,1192,1192,1192,10,10,17,17,ironing,ironing,True,0.0001341522,0.0045733578,0.0034355707,5.9832073e-05,0.00047709642,0.019564351,0.00025573248,0.0008311211,0.0027235225,0.047795895,0.91983396,0.0003154983,0.91983396
pamap2,gnn_attention_adj,window,1,101,101,102,1193,1193,1193,10,10,17,17,ironing,ironing,True,0.00015302666,0.006179538,0.0041333972,7.5008495e-05,0.0005876325,0.016796261,0.00034683265,0.0009184827,0.0030621188,0.043970548,0.9234073,0.0003698137,0.9234073
pamap2,gnn_attention_adj,window,1,101,101,102,1194,1194,1194,10,10,17,17,ironing,ironing,True,0.0002329545,0.0100644585,0.006506084,0.000113691356,0.0007997153,0.012632717,0.0004131468,0.0010515273,0.0033911765,0.038604606,0.9257228,0.0004671135,0.9257228
pamap2,gnn_attention_adj,window,1,101,101,102,1195,1195,1195,10,10,17,17,ironing,ironing,True,0.00026253314,0.007723656,0.0081155775,0.0001592868,0.0008286051,0.018355412,0.00039616568,0.0015014362,0.003899975,0.047683537,0.9104949,0.0005788997,0.9104949
pamap2,gnn_attention_adj,window,1,101,101,102,1196,1196,1196,10,10,17,17,ironing,ironing,True,0.000550083,0.013972623,0.017474819,0.00032228275,0.001363348,0.015453066,0.00052995625,0.0023011216,0.005382084,0.048580043,0.8930833,0.0009871911,0.8930833
pamap2,gnn_attention_adj,window,1,101,101,102,1197,1197,1197,10,10,17,17,ironing,ironing,True,0.00031767305,0.01170765,0.005989696,0.00012154256,0.00082931714,0.013304923,0.00039314682,0.0010446798,0.0032860383,0.046872653,0.9156901,0.00044247482,0.9156901
pamap2,gnn_attention_adj,window,1,101,101,102,1198,1198,1198,10,10,17,17,ironing,ironing,True,0.00019970069,0.0063054333,0.0048106858,9.805321e-05,0.00065452745,0.01797921,0.00033474175,0.0010375627,0.0030481068,0.05157036,0.9135496,0.0004119293,0.9135496
pamap2,gnn_attention_adj,window,1,101,101,102,1199,1199,1199,10,10,17,17,ironing,ironing,True,0.0002611628,0.009356385,0.008135025,0.00014269898,0.00078159315,0.013479031,0.00037229568,0.0012413267,0.0033985649,0.0450952,0.91724336,0.0004932512,0.91724336
pamap2,gnn_attention_adj,window,1,101,101,102,1200,1200,1200,10,10,17,17,ironing,ironing,True,0.0013995925,0.051609028,0.02456834,0.0008682634,0.0047077606,0.014946772,0.0055916677,0.0041500144,0.013238747,0.061027013,0.8151716,0.0027211683,0.8151716
pamap2,gnn_attention_adj,window,1,101,101,102,1201,1201,1201,10,10,17,17,ironing,ironing,True,0.009892475,0.15999967,0.17217447,0.004500557,0.012990822,0.014450864,0.009468955,0.014120978,0.03195504,0.055637147,0.5050138,0.009795183,0.5050138
pamap2,gnn_attention_adj,window,1,101,101,102,1202,1202,1202,10,10,17,17,ironing,ironing,True,0.020810287,0.14817761,0.25691903,0.006213193,0.01368002,0.019444246,0.0061363634,0.019216664,0.035970584,0.06593479,0.3959394,0.01155771,0.3959394
pamap2,gnn_attention_adj,window,1,101,101,102,1203,1203,1203,10,10,17,17,ironing,ironing,True,0.0020479423,0.018038185,0.031070039,0.001253037,0.0031255113,0.04892396,0.0013662698,0.0076797763,0.014926588,0.10400226,0.7644122,0.0031542499,0.7644122
pamap2,gnn_attention_adj,window,1,101,101,102,1204,1204,1204,10,10,17,17,ironing,ironing,True,0.00043593996,0.006743415,0.009501051,0.00027909415,0.0009843119,0.032461602,0.00057159597,0.002653394,0.005205821,0.09612379,0.8442294,0.0008106089,0.8442294
pamap2,gnn_attention_adj,window,1,101,101,102,1205,1205,1205,10,10,17,17,ironing,ironing,True,0.0005437486,0.012490675,0.014191107,0.00038867688,0.0016962993,0.023619374,0.0011041715,0.0029918924,0.007333952,0.06387935,0.870451,0.0013098613,0.870451
pamap2,gnn_attention_adj,window,1,101,101,102,1206,1206,1206,10,10,17,17,ironing,ironing,True,0.002305346,0.074006185,0.021472113,0.0004980043,0.0041252007,0.0154503,0.0026901548,0.0027752796,0.010896692,0.051364154,0.8125885,0.0018280877,0.8125885
pamap2,gnn_attention_adj,window,1,101,101,102,1207,1207,1207,10,10,17,17,ironing,ironing,True,0.00045112486,0.018427353,0.005468571,0.00012173547,0.0012237832,0.014325324,0.0008245877,0.0011006797,0.0045965915,0.04759883,0.90526205,0.00059943565,0.90526205
pamap2,gnn_attention_adj,window,1,101,101,102,1208,1208,1208,10,10,17,17,ironing,ironing,True,0.00020999207,0.009477894,0.0037198707,7.4999974e-05,0.0008849964,0.016481785,0.00074133696,0.00091493886,0.0041408516,0.044228118,0.91863334,0.00049186137,0.91863334
pamap2,gnn_attention_adj,window,1,101,101,102,1209,1209,1209,10,10,17,17,ironing,ironing,True,0.0006935524,0.029896455,0.0146689005,0.00021406796,0.0019114437,0.010639005,0.0010064995,0.0014947408,0.0061900066,0.034645885,0.8976447,0.000994781,0.8976447
pamap2,gnn_attention_adj,window,1,101,101,102,1210,1210,1210,10,10,17,17,ironing,ironing,True,0.00049510406,0.023366487,0.01259617,0.00018182502,0.0015524202,0.009825642,0.0007949315,0.0013214769,0.005106809,0.034282304,0.9096625,0.0008143289,0.9096625
pamap2,gnn_attention_adj,window,1,101,101,102,1211,1211,1211,10,10,17,17,ironing,ironing,True,0.0003489672,0.015543964,0.011114863,0.00015592838,0.0011842173,0.010727283,0.0006076984,0.001265205,0.004625007,0.033902127,0.9198127,0.00071205536,0.9198127
pamap2,gnn_attention_adj,window,1,101,101,102,1212,1212,1212,10,10,17,17,ironing,ironing,True,0.0006705318,0.023452237,0.019989712,0.0002849983,0.0017026258,0.010952053,0.000744344,0.0018869208,0.0056089987,0.041194342,0.89249635,0.0010168729,0.89249635
pamap2,gnn_attention_adj,window,1,101,101,102,1213,1213,1213,10,10,17,17,ironing,ironing,True,0.00029488985,0.012922258,0.013087999,0.00024189224,0.0011612743,0.011068694,0.00064275117,0.0017348242,0.0044049476,0.04273964,0.9109711,0.00072963117,0.9109711
pamap2,gnn_attention_adj,window,1,101,101,102,1214,1214,1214,10,10,17,17,ironing,ironing,True,0.0009262776,0.01271282,0.019893631,0.00074803724,0.0020399003,0.033870198,0.0013131368,0.0046578743,0.008966228,0.09803658,0.81508905,0.001746299,0.81508905
pamap2,gnn_attention_adj,window,1,101,101,102,1215,1215,1215,10,10,17,17,ironing,ironing,True,0.0016840805,0.016453814,0.011973776,0.0009566745,0.004421651,0.08593301,0.012726903,0.008079301,0.031544477,0.1732577,0.64872503,0.004243623,0.64872503
pamap2,gnn_attention_adj,window,1,101,101,102,1216,1216,1216,10,10,17,17,ironing,ironing,True,0.00031901867,0.011483817,0.006207383,0.00014402505,0.001300506,0.019106405,0.0011886318,0.001488794,0.005788544,0.051775582,0.9003804,0.0008169448,0.9003804
pamap2,gnn_attention_adj,window,1,101,101,102,1217,1217,1217,10,10,17,17,ironing,ironing,True,0.00032476368,0.012415372,0.011216701,0.000198643,0.0011259051,0.012465088,0.0005793234,0.0015106042,0.0043100747,0.042731274,0.9124181,0.00070421566,0.9124181
pamap2,gnn_attention_adj,window,1,101,101,102,1218,1218,1218,10,10,17,17,ironing,ironing,True,0.00027406207,0.01126437,0.0055402173,0.000102553466,0.0009175548,0.013576945,0.00049660646,0.0009755191,0.0036112717,0.041330293,0.9214084,0.00050216616,0.9214084
pamap2,gnn_attention_adj,window,1,101,101,102,1219,1219,1219,10,10,17,17,ironing,ironing,True,0.00024018591,0.0087959645,0.004258085,8.203836e-05,0.000835195,0.017116642,0.00048680272,0.0009139624,0.003787653,0.042577554,0.9204173,0.00048863277,0.9204173
pamap2,gnn_attention_adj,window,1,101,101,102,1220,1220,1220,10,10,17,17,ironing,ironing,True,0.00021759808,0.008302787,0.007157208,0.00010829608,0.00073706545,0.0124122845,0.00032308802,0.0010077388,0.0032232897,0.038146246,0.92789185,0.00047245593,0.92789185
pamap2,gnn_attention_adj,window,1,101,101,102,1221,1221,1221,10,10,17,17,ironing,ironing,True,0.00073594676,0.018647911,0.014519775,0.00021625716,0.0014342221,0.013587926,0.0004766134,0.0016295267,0.0049805795,0.045271304,0.8976028,0.00089709176,0.8976028
pamap2,gnn_attention_adj,window,1,101,101,102,1222,1222,1222,10,10,17,17,ironing,ironing,True,0.0004272063,0.015441992,0.00932159,0.00022400208,0.0014930887,0.016887126,0.0011472823,0.0018247478,0.006006241,0.0496263,0.8966773,0.0009231741,0.8966773
pamap2,gnn_attention_adj,window,1,101,101,102,1223,1223,1223,10,10,17,17,ironing,ironing,True,0.0012530531,0.026749229,0.021452276,0.00046085863,0.002427449,0.019180758,0.0010304808,0.0030639144,0.009023518,0.053151872,0.8605553,0.0016512091,0.8605553
pamap2,gnn_attention_adj,window,1,101,101,102,1224,1224,1224,10,10,17,17,ironing,ironing,True,0.0008671361,0.021698494,0.016119072,0.00032504104,0.001935419,0.017722195,0.00086432724,0.002347427,0.0073924796,0.04802091,0.8814239,0.001283588,0.8814239
pamap2,gnn_attention_adj,window,1,101,101,102,1225,1225,1225,10,10,17,17,ironing,ironing,True,0.00027073198,0.0090703145,0.008044081,0.00015611966,0.00091187493,0.01708658,0.00047056685,0.0014548039,0.004279747,0.043482535,0.9141463,0.00062634906,0.9141463
pamap2,gnn_attention_adj,window,1,101,101,102,1226,1226,1226,10,10,17,17,ironing,ironing,True,0.0002747793,0.008969986,0.009084038,0.00017515678,0.00095823756,0.01746272,0.00047918118,0.001629177,0.004599692,0.04233008,0.9133436,0.0006933547,0.9133436
pamap2,gnn_attention_adj,window,1,101,101,102,1227,1227,1227,10,10,17,17,ironing,ironing,True,0.00034227766,0.011265258,0.012703087,0.00023901579,0.0011757715,0.01644676,0.0006255722,0.0020178233,0.005487301,0.043330617,0.9054998,0.00086684374,0.9054998
pamap2,gnn_attention_adj,window,1,101,101,102,1228,1228,1228,10,10,17,17,ironing,ironing,True,0.00032109793,0.013174604,0.010931531,0.00019415435,0.00114628,0.013319971,0.0007176457,0.0016231551,0.004954034,0.041133888,0.911737,0.00074659934,0.911737
pamap2,gnn_attention_adj,window,1,101,101,102,1229,1229,1229,10,10,17,17,ironing,ironing,True,0.0007982257,0.037656408,0.015871873,0.00030850098,0.0023709033,0.0109735895,0.0017220713,0.0019124867,0.00741933,0.03952533,0.8802433,0.0011979565,0.8802433
pamap2,gnn_attention_adj,window,1,101,101,102,1230,1230,1230,10,10,17,17,ironing,ironing,True,0.00042490356,0.021938406,0.009499017,0.00018565476,0.0014889907,0.0107835755,0.0010158111,0.0013566049,0.0050562476,0.039472092,0.9080274,0.0007513033,0.9080274
pamap2,gnn_attention_adj,window,1,101,101,102,1231,1231,1231,10,10,17,17,ironing,ironing,True,0.00019070944,0.009785037,0.005753251,9.49534e-05,0.0007523064,0.01169384,0.00044288763,0.0009418783,0.0032940076,0.036110483,0.93051153,0.000429021,0.93051153
pamap2,gnn_attention_adj,window,1,101,101,102,1232,1232,1232,10,10,17,17,ironing,ironing,True,0.00030645254,0.015995508,0.0092416955,0.000118179865,0.0010395321,0.009426107,0.0005463117,0.0010301035,0.0041765235,0.029774658,0.9277558,0.0005890488,0.9277558
pamap2,gnn_attention_adj,window,1,101,101,102,1233,1233,1233,10,10,17,17,ironing,ironing,True,0.0001739817,0.008601909,0.005692782,8.12838e-05,0.0007000759,0.011201561,0.00037008538,0.0008392719,0.0031942157,0.03309071,0.93563503,0.00041907563,0.93563503
pamap2,gnn_attention_adj,window,1,101,101,102,1234,1234,1234,10,10,17,17,ironing,ironing,True,0.00016687765,0.007150435,0.005337649,7.757949e-05,0.00063024514,0.012499525,0.00030528326,0.00082714966,0.0029884428,0.03540617,0.93421626,0.00039437192,0.93421626
pamap2,gnn_attention_adj,window,1,101,101,102,1235,1235,1235,10,10,17,17,ironing,ironing,True,0.00019326336,0.0086847795,0.00648559,9.458492e-05,0.0007487369,0.011842791,0.0003800054,0.00094086427,0.0034226037,0.033978242,0.93275666,0.00047186992,0.93275666
pamap2,gnn_attention_adj,window,1,101,101,102,1236,1236,1236,10,10,17,17,ironing,ironing,True,0.00035912317,0.015289774,0.008165589,0.00012846323,0.0010556334,0.010981983,0.00047735887,0.001054404,0.003904932,0.035937876,0.9220646,0.0005801487,0.9220646
pamap2,gnn_attention_adj,window,1,101,101,102,1237,1237,1237,10,10,17,17,ironing,ironing,True,0.0009898082,0.052034467,0.009961141,0.00023669735,0.0032249235,0.0124932,0.0025895599,0.0016403798,0.008282522,0.04038824,0.86687005,0.0012889648,0.86687005
pamap2,gnn_attention_adj,window,1,101,101,102,1238,1238,1238,10,10,17,17,ironing,ironing,True,0.00054948137,0.0205213,0.0069999574,0.000193586,0.0019928673,0.017513659,0.0015979317,0.0015614249,0.00686217,0.046750236,0.89438486,0.001072592,0.89438486
pamap2,gnn_attention_adj,window,1,101,101,102,1239,1239,1239,10,10,17,17,ironing,ironing,True,0.00033665588,0.012922872,0.007924145,0.0001489091,0.0012267937,0.014428293,0.0007248739,0.0013116348,0.005035753,0.03890825,0.9162666,0.0007652267,0.9162666
pamap2,gnn_attention_adj,window,1,101,101,102,1240,1240,1240,10,10,17,17,ironing,ironing,True,0.00040235487,0.015258608,0.01045847,0.00018309265,0.0014898735,0.015365941,0.0010007495,0.0016272762,0.006487655,0.03714477,0.9095922,0.000988979,0.9095922
pamap2,gnn_attention_adj,window,1,101,101,102,1241,1241,1241,10,10,17,17,ironing,ironing,True,0.00046731485,0.016886929,0.009480619,0.0001609068,0.0014681636,0.014486841,0.00082606974,0.0013873931,0.0058039865,0.03707473,0.91106427,0.00089266803,0.91106427
pamap2,gnn_attention_adj,window,1,101,101,102,1242,1242,1242,10,10,17,17,ironing,ironing,True,0.0007046544,0.024328794,0.011673473,0.00020630208,0.0020298196,0.015173859,0.0012365052,0.0016387369,0.0074402634,0.037695516,0.89669156,0.0011804601,0.89669156
pamap2,gnn_attention_adj,window,1,101,101,102,1243,1243,1243,10,10,17,17,ironing,ironing,True,0.00080417434,0.027243428,0.013537997,0.0002220315,0.0021368184,0.015009477,0.0012773997,0.0017213946,0.007915135,0.03669771,0.89218765,0.001246913,0.89218765
pamap2,gnn_attention_adj,window,1,101,101,102,1244,1244,1244,10,10,17,17,ironing,ironing,True,0.0010291053,0.034727246,0.013603592,0.00022862169,0.002454187,0.015120579,0.0014344302,0.0017149146,0.008352842,0.037312917,0.88272417,0.0012973292,0.88272417
pamap2,gnn_attention_adj,window,1,101,101,102,1245,1245,1245,10,10,17,17,ironing,ironing,True,0.00036012186,0.015111398,0.006658219,0.00013814027,0.0012335439,0.013185261,0.00073106075,0.0011451332,0.004504635,0.04082608,0.91544414,0.0006623535,0.91544414
pamap2,gnn_attention_adj,window,1,101,101,102,1246,1246,1246,10,10,17,17,ironing,ironing,True,0.0011323844,0.020903712,0.010371632,0.00026503726,0.0016971615,0.025527855,0.00059948995,0.0020877423,0.0070427484,0.058333218,0.8709823,0.0010567064,0.8709823
pamap2,gnn_attention_adj,window,1,101,101,102,1247,1247,1247,10,10,17,17,ironing,ironing,True,0.0014575764,0.05323881,0.029092956,0.0006328576,0.0034495469,0.012493013,0.0024767125,0.0032404442,0.010501318,0.04490904,0.8366562,0.0018516403,0.8366562
pamap2,gnn_attention_adj,window,1,101,101,102,1248,1248,1248,10,10,17,17,ironing,ironing,True,0.0010070862,0.028476462,0.022994785,0.00067376276,0.0036914966,0.019619277,0.004529021,0.004431809,0.014323794,0.06010766,0.837274,0.002870862,0.837274
pamap2,gnn_attention_adj,window,1,101,101,102,1249,1249,1249,10,10,17,17,ironing,ironing,True,0.0006480177,0.018852605,0.01259571,0.00038971062,0.0026443016,0.021786818,0.003577216,0.0032849396,0.010878418,0.06793988,0.8555592,0.0018431771,0.8555592
pamap2,gnn_attention_adj,window,1,101,101,102,1250,1250,1250,10,10,17,17,ironing,ironing,True,0.00031189332,0.011325227,0.008015665,0.0001806097,0.0011099209,0.017078148,0.0007651261,0.0016423747,0.0047610197,0.049873587,0.90423745,0.00069908606,0.90423745
pamap2,gnn_attention_adj,window,1,101,101,102,1251,1251,1251,10,10,17,17,ironing,ironing,True,0.00028571766,0.012482723,0.0068702893,0.00014424734,0.0011637807,0.015498294,0.00090386864,0.0013774835,0.004990221,0.043569546,0.9120214,0.000692384,0.9120214
pamap2,gnn_attention_adj,window,1,101,101,102,1252,1252,1252,10,10,17,17,ironing,ironing,True,0.00025541725,0.011554526,0.005533366,0.00010692698,0.0009812354,0.013457112,0.0006184756,0.0010099993,0.00398842,0.040005017,0.92194766,0.00054185785,0.92194766
pamap2,gnn_attention_adj,window,1,101,101,102,1253,1253,1253,10,10,17,17,ironing,ironing,True,0.00026367328,0.012810913,0.0056975544,0.00010504315,0.00096539245,0.011632758,0.00055702747,0.00093460066,0.003605941,0.039353732,0.92357355,0.0004998751,0.92357355
pamap2,gnn_attention_adj,window,1,101,101,102,1254,1254,1254,10,10,17,17,ironing,ironing,True,0.00021825115,0.009495035,0.0044545876,8.467711e-05,0.000812531,0.0151342265,0.00054199423,0.0009252319,0.0036990084,0.04193775,0.92223024,0.00046649692,0.92223024
pamap2,gnn_attention_adj,window,1,101,101,102,1255,1255,1255,10,10,17,17,ironing,ironing,True,0.00037175824,0.014940759,0.006608399,0.00013186544,0.0013220876,0.014910654,0.0009041422,0.0012041006,0.005218708,0.040700786,0.9129333,0.00075342925,0.9129333
pamap2,gnn_attention_adj,window,1,101,101,102,1256,1256,1256,10,10,17,17,ironing,ironing,True,0.000492248,0.018928966,0.0113088135,0.0001960501,0.0016250289,0.013653886,0.0009772067,0.0015587494,0.0061783222,0.03744936,0.9066515,0.000980023,0.9066515
pamap2,gnn_attention_adj,window,1,101,101,102,1257,1257,1257,10,10,17,17,ironing,ironing,True,0.00046315652,0.017937958,0.011015799,0.00019356812,0.0015629268,0.013447726,0.00091075036,0.0015265527,0.005811146,0.03854091,0.90765965,0.00092989724,0.90765965
pamap2,gnn_attention_adj,window,1,101,101,102,1258,1258,1258,10,10,17,17,ironing,ironing,True,0.0004602252,0.019255932,0.012552817,0.00019483035,0.0014137686,0.011011171,0.00071506307,0.001430731,0.005116472,0.036011666,0.9110162,0.0008211826,0.9110162
pamap2,gnn_attention_adj,window,1,101,101,102,1259,1259,1259,10,10,17,17,ironing,ironing,True,0.00090981956,0.04003008,0.020130973,0.00042140923,0.0026518134,0.0112162735,0.00192462,0.002337788,0.008274104,0.042013902,0.86869556,0.0013937852,0.86869556
pamap2,gnn_attention_adj,window,1,101,101,102,1260,1260,1260,10,10,17,17,ironing,ironing,True,0.005804242,0.30293992,0.04670672,0.0011325005,0.009287783,0.008307451,0.007328854,0.004276842,0.015238669,0.04066952,0.55539817,0.0029093386,0.55539817
pamap2,gnn_attention_adj,window,1,101,101,102,1261,1261,1261,10,10,17,17,ironing,ironing,True,0.0057960683,0.14243497,0.064624965,0.0022895373,0.008354478,0.016966272,0.008002073,0.007960889,0.021449454,0.06690032,0.6508528,0.0043681436,0.6508528
pamap2,gnn_attention_adj,window,1,101,101,102,1262,1262,1262,10,10,17,17,ironing,ironing,True,0.0011156542,0.025959432,0.024972746,0.00076239236,0.002801393,0.020798156,0.0021532923,0.0043307194,0.011010225,0.06538378,0.8386633,0.0020489,0.8386633
pamap2,gnn_attention_adj,window,1,101,101,102,1263,1263,1263,10,10,17,17,ironing,ironing,True,0.0025084321,0.042915598,0.06063326,0.0020924076,0.0052029383,0.024766305,0.003177867,0.009236569,0.019578014,0.07185384,0.75369793,0.004336963,0.75369793
pamap2,gnn_attention_adj,window,1,101,101,102,1264,1264,1264,10,10,17,17,ironing,ironing,True,0.01383327,0.09978627,0.08722492,0.05895986,0.016102998,0.056369055,0.07425056,0.09398881,0.1492449,0.14761503,0.18351445,0.019109908,0.18351445
pamap2,gnn_attention_adj,window,1,101,101,102,1265,1265,1265,10,2,17,3,ironing,standing,False,0.010370195,0.12203172,0.22489351,0.10993066,0.019111896,0.011700099,0.08299849,0.09156235,0.108194165,0.069212526,0.118332855,0.031661563,0.22489351
pamap2,gnn_attention_adj,window,1,101,101,102,1266,1266,1266,10,2,17,3,ironing,standing,False,0.01309502,0.16142407,0.34748504,0.012393629,0.017093495,0.012499722,0.011642699,0.026350768,0.049326546,0.044018682,0.2870142,0.01765614,0.34748504
pamap2,gnn_attention_adj,window,1,101,101,102,1267,1267,1267,10,10,17,17,ironing,ironing,True,0.0026229513,0.057579722,0.088361405,0.003395125,0.007292841,0.018158467,0.00589966,0.012121668,0.023492465,0.068454355,0.70634407,0.0062772334,0.70634407
pamap2,gnn_attention_adj,window,1,101,101,102,1268,1268,1268,10,10,17,17,ironing,ironing,True,0.0040729563,0.09164149,0.11295265,0.0034777492,0.008167573,0.016841957,0.0067706234,0.0123206,0.025025126,0.062461764,0.65018594,0.0060816244,0.65018594
pamap2,gnn_attention_adj,window,1,101,101,102,1269,1269,1269,10,10,17,17,ironing,ironing,True,0.007183626,0.1938696,0.14231315,0.0044789207,0.009631483,0.011809436,0.010741334,0.012638141,0.02417083,0.060385015,0.517152,0.0056264303,0.517152
pamap2,gnn_attention_adj,window,1,101,101,102,1270,1270,1270,10,10,17,17,ironing,ironing,True,0.0059883567,0.06830796,0.054352224,0.0039142556,0.010778052,0.038926464,0.017055713,0.013842849,0.03633899,0.10987183,0.63144493,0.009178413,0.63144493
pamap2,gnn_attention_adj,window,1,101,101,102,1271,1271,1271,10,10,17,17,ironing,ironing,True,0.0025186886,0.021738349,0.03279874,0.0027086395,0.005414557,0.07706411,0.006797888,0.014023386,0.035661656,0.15594135,0.63922065,0.0061119096,0.63922065
pamap2,gnn_attention_adj,window,1,101,101,102,1272,1272,1272,10,10,17,17,ironing,ironing,True,0.00036965113,0.0049226927,0.004597782,0.00011955094,0.00059868925,0.047961008,0.00022538137,0.0016722395,0.004511195,0.07436937,0.8601445,0.0005080157,0.8601445
pamap2,gnn_attention_adj,window,1,101,101,102,1273,1273,1273,10,10,17,17,ironing,ironing,True,0.00013033416,0.004098302,0.0027792952,4.9113973e-05,0.00045350153,0.02596888,0.0002686376,0.000877794,0.0031603405,0.048993036,0.9128968,0.00032390442,0.9128968
pamap2,gnn_attention_adj,window,1,101,101,102,1274,1274,1274,10,10,17,17,ironing,ironing,True,0.00016164055,0.008153172,0.003958074,7.455584e-05,0.00072448695,0.014203121,0.00053426763,0.0008740722,0.0033134716,0.042458825,0.92513937,0.00040506775,0.92513937
pamap2,gnn_attention_adj,window,1,101,101,102,1275,1275,1275,10,10,17,17,ironing,ironing,True,0.00019493933,0.006848456,0.0054678004,0.000107348664,0.000900604,0.021780573,0.0006080411,0.001319457,0.004842579,0.044846416,0.9124511,0.000632688,0.9124511
pamap2,gnn_attention_adj,window,1,101,101,102,1276,1276,1276,10,10,17,17,ironing,ironing,True,0.00022986149,0.008615299,0.007253155,0.000117828335,0.0009646073,0.017357385,0.00058460486,0.0013045772,0.00501977,0.03658507,0.92128444,0.0006834743,0.92128444
pamap2,gnn_attention_adj,window,1,101,101,102,1277,1277,1277,10,10,17,17,ironing,ironing,True,0.00017629807,0.007667371,0.006128807,9.738787e-05,0.00080371444,0.01495015,0.0004672911,0.0010785949,0.003976331,0.03601353,0.9281127,0.00052789843,0.9281127
pamap2,gnn_attention_adj,window,1,101,101,102,1278,1278,1278,10,10,17,17,ironing,ironing,True,0.0002072214,0.009562199,0.0076516997,0.00011544656,0.0008892445,0.012193548,0.00049184513,0.0011154204,0.0039188135,0.035254423,0.92803925,0.00056092907,0.92803925
pamap2,gnn_attention_adj,window,1,101,101,102,1279,1279,1279,10,10,17,17,ironing,ironing,True,0.0002247941,0.010693216,0.007975174,0.00012174556,0.00096265046,0.011825721,0.0005552428,0.0011407275,0.0041772444,0.03438563,0.92733425,0.00060353405,0.92733425
pamap2,gnn_attention_adj,window,1,101,101,102,1280,1280,1280,10,10,17,17,ironing,ironing,True,0.00016204195,0.0072071548,0.0066784774,9.602105e-05,0.000643255,0.011855187,0.00030131452,0.0009544834,0.003055021,0.034632836,0.93398994,0.00042427267,0.93398994
pamap2,gnn_attention_adj,window,1,101,101,102,1281,1281,1281,10,10,17,17,ironing,ironing,True,0.00021345909,0.008567475,0.00615371,0.00010124459,0.000706846,0.0128432475,0.00032653427,0.00097574556,0.003098999,0.038727682,0.9278569,0.00042808786,0.9278569
pamap2,gnn_attention_adj,window,1,101,101,102,1282,1282,1282,10,10,17,17,ironing,ironing,True,0.0006659893,0.025273597,0.011605449,0.00034415745,0.0022510004,0.014721068,0.0018452657,0.0021201815,0.00707369,0.054567844,0.8783094,0.0012222242,0.8783094
pamap2,gnn_attention_adj,window,1,101,101,102,1283,1283,1283,10,10,17,17,ironing,ironing,True,0.003313933,0.04457892,0.057489965,0.002198404,0.005763978,0.028694749,0.0034723761,0.009395403,0.020474384,0.08426717,0.7354976,0.0048531727,0.7354976
pamap2,gnn_attention_adj,window,1,101,101,102,1284,1284,1284,10,10,17,17,ironing,ironing,True,0.008431901,0.049496837,0.060522407,0.001984234,0.0065596667,0.049718697,0.0015768671,0.011248235,0.028156854,0.10369533,0.67278534,0.0058236048,0.67278534
pamap2,gnn_attention_adj,window,1,101,101,102,1285,1285,1285,10,10,17,17,ironing,ironing,True,0.0008010078,0.014069921,0.010416858,0.00028978975,0.001357085,0.026206616,0.0005470761,0.002270713,0.005987043,0.071270585,0.8658801,0.00090316293,0.8658801
pamap2,gnn_attention_adj,window,1,101,101,102,1286,1286,1286,10,10,17,17,ironing,ironing,True,0.000764913,0.019614855,0.008819687,0.00017921528,0.0013593856,0.016524162,0.00050178356,0.0014169683,0.005058954,0.051689614,0.89332265,0.0007478275,0.89332265
pamap2,gnn_attention_adj,window,1,101,101,102,1287,1287,1287,10,10,17,17,ironing,ironing,True,0.00032493126,0.009430638,0.0038622015,8.9307716e-05,0.0008874189,0.023666186,0.00060783967,0.0010940691,0.0046093604,0.053671263,0.90121543,0.0005413179,0.90121543
pamap2,gnn_attention_adj,window,1,101,101,102,1288,1288,1288,10,10,17,17,ironing,ironing,True,0.00022067483,0.007567689,0.0036507824,7.3700794e-05,0.0007682802,0.02091633,0.0005068708,0.00096039963,0.004034409,0.04618483,0.9146409,0.00047506933,0.9146409
pamap2,gnn_attention_adj,window,1,101,101,102,1289,1289,1289,10,10,17,17,ironing,ironing,True,0.00049466116,0.019914683,0.00929955,0.00015639744,0.0015302238,0.012891271,0.00085706613,0.0012798839,0.005626126,0.035748146,0.91135734,0.00084458117,0.91135734
pamap2,gnn_attention_adj,window,1,101,101,102,1290,1290,1290,10,10,17,17,ironing,ironing,True,0.00034288483,0.014851483,0.008496,0.00013044462,0.0012095635,0.012425192,0.00068575336,0.001197397,0.004987975,0.033087887,0.92186296,0.00072257995,0.92186296
pamap2,gnn_attention_adj,window,1,101,101,102,1291,1291,1291,10,10,17,17,ironing,ironing,True,0.0005149849,0.021782352,0.011786053,0.00017197034,0.0015729745,0.0121454755,0.00091956643,0.001430285,0.0061959643,0.03211656,0.910443,0.00092076644,0.910443
pamap2,gnn_attention_adj,window,1,101,101,102,1292,1292,1292,10,10,17,17,ironing,ironing,True,0.00095827697,0.034940995,0.01626161,0.0002619234,0.0025076002,0.0151042,0.00178015,0.002025248,0.0094717955,0.03534326,0.87992865,0.0014163322,0.87992865
pamap2,gnn_attention_adj,window,1,101,101,102,1293,1293,1293,10,10,17,17,ironing,ironing,True,0.00043698083,0.009106807,0.008965671,0.000230481,0.0012454648,0.026533265,0.0007018365,0.0020591123,0.0056591146,0.061384637,0.88274795,0.0009287756,0.88274795
pamap2,gnn_attention_adj,window,1,101,101,102,1294,1294,1294,10,10,17,17,ironing,ironing,True,0.0011022133,0.017361809,0.014286428,0.0005139356,0.0020002197,0.02982577,0.0011029902,0.0034729117,0.00832613,0.085648544,0.83488864,0.0014704791,0.83488864
pamap2,gnn_attention_adj,window,1,101,101,102,1295,1295,1295,10,10,17,17,ironing,ironing,True,0.0008918999,0.017935066,0.028228411,0.0011720924,0.004160282,0.038025048,0.0040427297,0.007705269,0.022672638,0.07857342,0.7920922,0.004501088,0.7920922
pamap2,gnn_attention_adj,window,1,101,101,102,1296,1296,1296,10,10,17,17,ironing,ironing,True,0.00083868,0.012664217,0.018271606,0.00060479454,0.0025908442,0.04869606,0.0011830037,0.0049843616,0.015035357,0.06466669,0.827671,0.0027933975,0.827671
pamap2,gnn_attention_adj,window,1,101,101,102,1297,1297,1297,10,10,17,17,ironing,ironing,True,0.00060363923,0.00934682,0.01317832,0.00034504058,0.0015491113,0.04126074,0.00055351283,0.0031618257,0.009059392,0.061844382,0.8575792,0.0015180729,0.8575792
pamap2,gnn_attention_adj,window,1,101,101,102,1298,1298,1298,10,10,17,17,ironing,ironing,True,0.00027541452,0.005065197,0.0057103694,0.00012678598,0.00076771685,0.040765993,0.00030632436,0.00173679,0.0053295447,0.05817079,0.8810547,0.00069032604,0.8810547
pamap2,gnn_attention_adj,window,1,101,101,102,1299,1299,1299,10,10,17,17,ironing,ironing,True,0.00038316837,0.012163556,0.009460525,0.00023229966,0.0014353975,0.02041203,0.0010033761,0.0019863334,0.006433152,0.04929556,0.8961829,0.0010117498,0.8961829
pamap2,gnn_attention_adj,window,1,101,101,102,1300,1300,1300,10,10,17,17,ironing,ironing,True,0.004701234,0.110788345,0.064385876,0.0011822231,0.007827283,0.019237999,0.007478874,0.0059779095,0.024929302,0.0421956,0.70658404,0.0047113597,0.70658404
pamap2,gnn_attention_adj,window,1,101,101,102,1301,1301,1301,10,10,17,17,ironing,ironing,True,0.0030432546,0.05828015,0.05299992,0.00095161947,0.00555196,0.024345044,0.0040299157,0.0057686693,0.02154838,0.04545181,0.7739538,0.0040754518,0.7739538
pamap2,gnn_attention_adj,window,1,101,101,102,1302,1302,1302,10,10,17,17,ironing,ironing,True,0.0022992364,0.05571639,0.032362707,0.00087939866,0.0044113058,0.01715986,0.0029128422,0.004068069,0.012456207,0.05801964,0.80715835,0.0025559524,0.80715835
pamap2,gnn_attention_adj,window,1,101,101,102,1303,1303,1303,10,10,17,17,ironing,ironing,True,0.025812438,0.22758184,0.093671136,0.0045019793,0.01650707,0.026627751,0.013068588,0.013661693,0.035186548,0.093656965,0.44035038,0.009373551,0.44035038
pamap2,gnn_attention_adj,window,1,101,101,102,1304,1304,1304,10,10,17,17,ironing,ironing,True,0.021502672,0.2138316,0.11957007,0.0050235516,0.016377907,0.025846712,0.016174339,0.015283768,0.03889146,0.07620029,0.44105327,0.010244357,0.44105327
pamap2,gnn_attention_adj,window,1,101,101,102,1305,1305,1305,10,10,17,17,ironing,ironing,True,0.0024790533,0.082498506,0.033672713,0.00093799946,0.0060052513,0.016416565,0.006355625,0.004582422,0.017046649,0.049862355,0.7769447,0.0031981461,0.7769447
pamap2,gnn_attention_adj,window,1,101,101,102,1306,1306,1306,10,10,17,17,ironing,ironing,True,0.0025588765,0.04690008,0.038644157,0.0012701876,0.004536178,0.021204067,0.0027071375,0.0058431188,0.014587855,0.069051564,0.7895892,0.0031074716,0.7895892
pamap2,gnn_attention_adj,window,1,101,101,102,1307,1307,1307,10,10,17,17,ironing,ironing,True,0.003366434,0.0367661,0.07931922,0.0055475514,0.007834524,0.048273645,0.00653121,0.018080799,0.041340027,0.105557635,0.63871264,0.008670273,0.63871264
pamap2,gnn_attention_adj,window,1,101,101,102,1308,1308,1308,10,10,17,17,ironing,ironing,True,0.008801307,0.07664946,0.26065373,0.013241117,0.012369522,0.030073222,0.016103063,0.032877132,0.058311716,0.085457414,0.38947472,0.01598754,0.38947472
pamap2,gnn_attention_adj,window,1,101,101,102,1309,1309,1309,10,2,17,3,ironing,standing,False,0.014648969,0.18111646,0.45012623,0.009983818,0.011646821,0.010130004,0.014553146,0.02442709,0.043656465,0.029938553,0.19806153,0.011710959,0.45012623
pamap2,gnn_attention_adj,window,1,101,101,102,1310,1310,1310,10,10,17,17,ironing,ironing,True,0.013416763,0.19516039,0.21338691,0.0057974583,0.010762955,0.015157462,0.008270853,0.016337339,0.03027679,0.059427787,0.42441314,0.0075921686,0.42441314
pamap2,gnn_attention_adj,window,1,101,101,102,1311,1311,1311,10,10,17,17,ironing,ironing,True,0.013067236,0.18146795,0.11593359,0.018852793,0.020161357,0.023683915,0.06883717,0.03306588,0.059500985,0.12598902,0.3239167,0.015523384,0.3239167
pamap2,gnn_attention_adj,window,1,101,101,102,1312,1312,1312,10,1,17,2,ironing,sitting,False,0.016505402,0.25120622,0.16891444,0.023868924,0.023615481,0.01321978,0.08316949,0.036183216,0.0565918,0.080178834,0.22830057,0.018245809,0.25120622
pamap2,gnn_attention_adj,window,1,101,101,102,1313,1313,1313,10,2,17,3,ironing,standing,False,0.013432248,0.18433318,0.37053984,0.010334665,0.013066322,0.013047817,0.019313524,0.025691498,0.047041632,0.04060467,0.2504512,0.012143313,0.37053984
pamap2,gnn_attention_adj,window,1,101,101,102,1314,1314,1314,10,10,17,17,ironing,ironing,True,0.013717064,0.24249743,0.18527423,0.0056261094,0.012165082,0.015717931,0.015893364,0.016373178,0.034365743,0.055070385,0.39576247,0.007536996,0.39576247
pamap2,gnn_attention_adj,window,1,101,101,102,1315,1315,1315,10,10,17,17,ironing,ironing,True,0.0071464633,0.068389595,0.03982041,0.0016469408,0.004775021,0.044348426,0.0018925229,0.0081963325,0.020472154,0.099823125,0.70036817,0.003120856,0.70036817
pamap2,gnn_attention_adj,window,1,101,101,102,1316,1316,1316,10,10,17,17,ironing,ironing,True,0.000698302,0.006206526,0.0036315243,0.0002456761,0.0008448255,0.14300995,0.00061679917,0.0033014237,0.01146361,0.12729646,0.7019387,0.0007462715,0.7019387
pamap2,gnn_attention_adj,window,1,101,101,102,1317,1317,1317,10,10,17,17,ironing,ironing,True,0.0005645181,0.014025579,0.013884463,0.00049757987,0.0016148123,0.024313686,0.0012005109,0.0034676117,0.0073158825,0.07649838,0.8554692,0.0011477624,0.8554692
pamap2,gnn_attention_adj,window,1,101,101,102,1318,1318,1318,10,10,17,17,ironing,ironing,True,0.00080216024,0.030798025,0.018229725,0.00047398394,0.0023256366,0.012878353,0.0016644447,0.0026333234,0.007695709,0.051677536,0.8695099,0.0013111507,0.8695099
pamap2,gnn_attention_adj,window,1,101,101,102,1319,1319,1319,10,10,17,17,ironing,ironing,True,0.00023802267,0.009663898,0.005220994,0.00011551052,0.0008204741,0.017430812,0.00064386363,0.0012582997,0.0041632894,0.051375337,0.90857416,0.0004953387,0.90857416
pamap2,gnn_attention_adj,window,1,101,101,102,1320,1320,1320,10,10,17,17,ironing,ironing,True,8.8746994e-05,0.004022452,0.0021988617,3.1879492e-05,0.0003593191,0.017702894,0.00021679644,0.0005820229,0.0023685475,0.038840618,0.9333642,0.00022379225,0.9333642
pamap2,gnn_attention_adj,window,1,101,101,102,1321,1321,1321,10,10,17,17,ironing,ironing,True,0.00017662736,0.008496864,0.0053557702,7.074814e-05,0.0006247596,0.010971138,0.00030068317,0.0007557596,0.002948594,0.031567227,0.93836075,0.00037113536,0.93836075
pamap2,gnn_attention_adj,window,1,101,101,102,1322,1322,1322,10,10,17,17,ironing,ironing,True,0.00017435216,0.006969468,0.006338473,8.705831e-05,0.00057349267,0.011883509,0.0002438876,0.0008679113,0.0026897693,0.037590206,0.93221784,0.0003638971,0.93221784
pamap2,gnn_attention_adj,window,1,101,101,102,1323,1323,1323,10,10,17,17,ironing,ironing,True,0.00011992701,0.005354764,0.004124326,5.904492e-05,0.00043465494,0.011740594,0.00019335157,0.00066141406,0.0020969526,0.038384072,0.9365739,0.00025701374,0.9365739
pamap2,gnn_attention_adj,window,1,101,101,102,1324,1324,1324,10,10,17,17,ironing,ironing,True,9.901195e-05,0.004387244,0.003080856,4.088854e-05,0.0003611439,0.013051786,0.00015417037,0.00054863066,0.001981072,0.035030577,0.94104606,0.00021860618,0.94104606
pamap2,gnn_attention_adj,window,1,101,101,102,1325,1325,1325,10,10,17,17,ironing,ironing,True,0.0002971827,0.006170938,0.0085396785,0.00012550417,0.0005967421,0.017907213,0.00017260693,0.0012021837,0.0028838804,0.054177895,0.9074849,0.0004412122,0.9074849
pamap2,gnn_attention_adj,window,1,101,101,102,1326,1326,1326,10,10,17,17,ironing,ironing,True,0.00013766566,0.003473922,0.0048693307,0.000100414996,0.00047333838,0.024270376,0.00020929401,0.0012365612,0.0027914853,0.05958156,0.90249527,0.0003608048,0.90249527
pamap2,gnn_attention_adj,window,1,101,101,102,1327,1327,1327,10,10,17,17,ironing,ironing,True,0.00016763211,0.0030178886,0.0034584315,8.481598e-05,0.0003995118,0.040000726,0.00020268945,0.0013028927,0.0031424984,0.08184013,0.8660596,0.00032328576,0.8660596
pamap2,gnn_attention_adj,window,1,101,101,102,1328,1328,1328,10,10,17,17,ironing,ironing,True,0.00023507225,0.0041769585,0.003072601,8.1030266e-05,0.00041512685,0.033757348,0.0001794542,0.0010529417,0.0027874156,0.08674441,0.86721975,0.0002778853,0.86721975
pamap2,gnn_attention_adj,window,1,101,101,102,1329,1329,1329,10,10,17,17,ironing,ironing,True,0.00072987407,0.009874235,0.0056408416,0.00013978756,0.0009073217,0.03435891,0.00034572487,0.0015483398,0.0046429294,0.08104627,0.8601589,0.0006067881,0.8601589
pamap2,gnn_attention_adj,window,1,101,101,102,1330,1330,1330,10,10,17,17,ironing,ironing,True,0.0005588132,0.008769968,0.004765775,9.749784e-05,0.0007433912,0.028418677,0.0002471109,0.0011639884,0.0036896467,0.07058449,0.880488,0.00047273753,0.880488
pamap2,gnn_attention_adj,window,1,101,101,102,1331,1331,1331,10,10,17,17,ironing,ironing,True,0.00030763925,0.008758972,0.0050160107,9.280829e-05,0.0007602238,0.017482612,0.00031868517,0.00095585315,0.0033678666,0.047508392,0.9149779,0.00045302827,0.9149779
pamap2,gnn_attention_adj,window,1,101,101,102,1332,1332,1332,10,10,17,17,ironing,ironing,True,0.0003195458,0.012194876,0.0055660703,0.0001403062,0.0011919274,0.01767686,0.0010606343,0.0013627337,0.005073971,0.053810958,0.90091306,0.0006889655,0.90091306
pamap2,gnn_attention_adj,window,1,101,101,102,1333,1333,1333,10,10,17,17,ironing,ironing,True,0.00079708005,0.017757177,0.011777075,0.00027375427,0.0016602874,0.02221263,0.00074035744,0.0021966316,0.0070424695,0.05517053,0.87926,0.0011120182,0.87926
pamap2,gnn_attention_adj,window,1,101,101,102,1334,1334,1334,10,10,17,17,ironing,ironing,True,0.00061189453,0.010768955,0.008334342,0.00019574436,0.0012175333,0.029335095,0.00047382788,0.0018694319,0.0059049563,0.05868425,0.8816969,0.0009071694,0.8816969
pamap2,gnn_attention_adj,window,1,101,101,102,1335,1335,1335,10,10,17,17,ironing,ironing,True,0.00020077637,0.0039625657,0.004479647,8.8361194e-05,0.00047585875,0.028374722,0.00018041299,0.0011252726,0.0029589138,0.05971302,0.8980732,0.0003672874,0.8980732
pamap2,gnn_attention_adj,window,1,101,101,102,1336,1336,1336,10,10,17,17,ironing,ironing,True,0.00025464827,0.004570262,0.0068968004,0.00012778425,0.0006454085,0.031644166,0.00022265043,0.0015049938,0.0041728867,0.05459907,0.89478743,0.0005739263,0.89478743
pamap2,gnn_attention_adj,window,1,101,101,102,1337,1337,1337,10,10,17,17,ironing,ironing,True,0.00037795925,0.007129143,0.010959673,0.00022239852,0.0010124537,0.028112741,0.00041986362,0.0021016158,0.005577433,0.055622384,0.88756925,0.0008950586,0.88756925
pamap2,gnn_attention_adj,window,1,101,101,102,1338,1338,1338,10,10,17,17,ironing,ironing,True,0.0005336063,0.011383852,0.017543504,0.0003901517,0.0015753093,0.023566347,0.00073732116,0.0029518553,0.007353237,0.054382265,0.878232,0.0013505062,0.878232
pamap2,gnn_attention_adj,window,1,101,101,102,1339,1339,1339,10,10,17,17,ironing,ironing,True,0.0003340756,0.0073074503,0.009197525,0.00018408315,0.0008758095,0.023772249,0.00036106652,0.0017503892,0.0046066903,0.05239303,0.8985146,0.00070294866,0.8985146
pamap2,gnn_attention_adj,window,1,101,101,102,1340,1340,1340,10,10,17,17,ironing,ironing,True,0.00016115516,0.003780085,0.004629969,9.327194e-05,0.00053348806,0.029749094,0.00023792214,0.0013307239,0.0035733497,0.056007694,0.8994666,0.00043664305,0.8994666
pamap2,gnn_attention_adj,window,1,101,101,102,1341,1341,1341,10,10,17,17,ironing,ironing,True,0.00019676593,0.005984263,0.004464905,9.0086956e-05,0.0006252057,0.022615949,0.00031342782,0.0011107875,0.0035537188,0.04859123,0.91202617,0.00042739997,0.91202617
pamap2,gnn_attention_adj,window,1,101,101,102,1342,1342,1342,10,10,17,17,ironing,ironing,True,0.00016183413,0.0069118342,0.003034926,5.828163e-05,0.0005677122,0.016285622,0.0003502291,0.00074722455,0.0028683506,0.04480027,0.92389894,0.00031473476,0.92389894
pamap2,gnn_attention_adj,window,1,101,101,102,1343,1343,1343,10,10,17,17,ironing,ironing,True,0.00012924495,0.005526937,0.0032109283,5.250597e-05,0.00049828296,0.01503959,0.0002595057,0.000673043,0.0025174844,0.040042166,0.9317577,0.00029260994,0.9317577
pamap2,gnn_attention_adj,window,1,101,101,102,1344,1344,1344,10,10,17,17,ironing,ironing,True,0.00018764447,0.0070222416,0.004938583,7.819896e-05,0.00067213003,0.015368478,0.0003384956,0.0008812329,0.0033934375,0.037142236,0.92954034,0.00043698584,0.92954034
pamap2,gnn_attention_adj,window,1,101,101,102,1345,1345,1345,10,10,17,17,ironing,ironing,True,0.00018461142,0.005926342,0.00502043,7.8618345e-05,0.00056270644,0.015078652,0.00022614557,0.00083366653,0.0026616391,0.04270551,0.92636114,0.0003604805,0.92636114
pamap2,gnn_attention_adj,window,1,101,101,102,1346,1346,1346,10,10,17,17,ironing,ironing,True,0.00023490195,0.0069574197,0.0067386245,0.000111480826,0.000685713,0.015031768,0.00027031996,0.0010532149,0.0029878377,0.04709523,0.9183834,0.00045007374,0.9183834
pamap2,gnn_attention_adj,window,1,101,101,102,1347,1347,1347,10,10,17,17,ironing,ironing,True,0.00024536627,0.006947084,0.0064612855,9.2584676e-05,0.00064803916,0.015087859,0.00023059813,0.00094981055,0.0029897946,0.042319197,0.9235901,0.0004383391,0.9235901
pamap2,gnn_attention_adj,window,1,101,101,102,1348,1348,1348,10,10,17,17,ironing,ironing,True,0.00024824456,0.0073797377,0.0062973904,0.00010013768,0.0006657487,0.014512107,0.0002461373,0.00096417125,0.0028688218,0.045989398,0.920307,0.00042114774,0.920307
pamap2,gnn_attention_adj,window,1,101,101,102,1349,1349,1349,10,10,17,17,ironing,ironing,True,0.00017566326,0.006739907,0.00529999,8.3318904e-05,0.0006148979,0.013340907,0.0002752448,0.0008548014,0.0028399471,0.038845863,0.9305433,0.0003861943,0.9305433
pamap2,gnn_attention_adj,window,1,101,101,102,1350,1350,1350,10,10,17,17,ironing,ironing,True,0.00019837743,0.0071816174,0.006079135,9.475929e-05,0.00065484014,0.013198558,0.0002773651,0.00092194666,0.0029246141,0.040139977,0.9279136,0.00041527205,0.9279136
pamap2,gnn_attention_adj,window,1,101,101,102,1351,1351,1351,10,10,17,17,ironing,ironing,True,0.000252754,0.008525138,0.006530633,0.0001131895,0.0008038794,0.014345304,0.0003599653,0.0010469626,0.0033859483,0.043056495,0.9210794,0.0005004276,0.9210794
pamap2,gnn_attention_adj,window,1,101,101,102,1352,1352,1352,10,10,17,17,ironing,ironing,True,0.00022894477,0.007494836,0.006539095,0.00010965203,0.00071185594,0.014202404,0.0002966897,0.0010258578,0.0030741913,0.043890137,0.9219717,0.0004547194,0.9219717
pamap2,gnn_attention_adj,window,1,101,101,102,1353,1353,1353,10,10,17,17,ironing,ironing,True,0.00066606933,0.011833008,0.010898006,0.00017703765,0.00096270686,0.017401634,0.000248961,0.0015048697,0.0038779664,0.060239494,0.8915352,0.00065501407,0.8915352
pamap2,gnn_attention_adj,window,1,101,101,102,1354,1354,1354,10,10,17,17,ironing,ironing,True,0.0006650089,0.027385278,0.011326978,0.00020685453,0.0017855263,0.011016183,0.00089635485,0.0013798623,0.0053673764,0.040471412,0.898617,0.0008821927,0.898617
pamap2,gnn_attention_adj,window,1,101,101,102,1355,1355,1355,10,10,17,17,ironing,ironing,True,0.0015530161,0.0598709,0.014563478,0.00029051275,0.0037233802,0.014116781,0.002346387,0.0019205054,0.00953284,0.040081404,0.8504355,0.0015651712,0.8504355
pamap2,gnn_attention_adj,window,1,101,101,102,1356,1356,1356,10,10,17,17,ironing,ironing,True,0.00058669574,0.01800951,0.01476328,0.00045120606,0.002302897,0.019713862,0.0019327264,0.0029550924,0.00859475,0.05859818,0.8705099,0.0015818157,0.8705099
pamap2,gnn_attention_adj,window,1,101,101,102,1357,1357,1357,10,10,17,17,ironing,ironing,True,0.00022942801,0.0069395527,0.005633859,0.00011784335,0.0007383897,0.02083574,0.00035835156,0.0012773692,0.003752394,0.048876893,0.9107359,0.0005043328,0.9107359
pamap2,gnn_attention_adj,window,1,101,101,102,1358,1358,1358,10,10,17,17,ironing,ironing,True,0.00014543826,0.004573905,0.0035460843,6.4084226e-05,0.0005460521,0.023741007,0.00033982124,0.0010443579,0.0034662955,0.05041129,0.9117201,0.00040159893,0.9117201
pamap2,gnn_attention_adj,window,1,101,101,102,1359,1359,1359,10,10,17,17,ironing,ironing,True,0.0004267138,0.010405085,0.008420687,0.00024844345,0.0018921854,0.031883497,0.0024774466,0.0027637873,0.010798151,0.069966085,0.8591432,0.0015746767,0.8591432
pamap2,gnn_attention_adj,window,1,101,101,102,1360,1360,1360,10,10,17,17,ironing,ironing,True,0.0007875783,0.02185579,0.014642403,0.0003644534,0.0024875863,0.020696357,0.001916988,0.00268964,0.009538126,0.049919236,0.8734112,0.0016905669,0.8734112
pamap2,gnn_attention_adj,window,1,101,101,102,1361,1361,1361,10,10,17,17,ironing,ironing,True,0.0027889912,0.09780361,0.0346534,0.00045845966,0.004488742,0.011125059,0.0021954675,0.0026073784,0.010687336,0.038747102,0.7924843,0.0019602627,0.7924843
pamap2,gnn_attention_adj,window,1,101,101,102,1362,1362,1362,10,10,17,17,ironing,ironing,True,0.000957342,0.03413701,0.020402947,0.000332286,0.0021659248,0.011451907,0.0010470976,0.0020276227,0.0069442247,0.04085037,0.8784826,0.0012006864,0.8784826
pamap2,gnn_attention_adj,window,1,101,101,102,1363,1363,1363,10,10,17,17,ironing,ironing,True,0.0006727463,0.021265902,0.021517843,0.00042874386,0.0021014672,0.014926114,0.0012133889,0.002827735,0.008091165,0.0428813,0.8825623,0.0015112242,0.8825623
pamap2,gnn_attention_adj,window,1,101,101,102,1364,1364,1364,10,10,17,17,ironing,ironing,True,0.0006025939,0.0191024,0.01526547,0.00022299502,0.0015403345,0.014047876,0.00073303253,0.0017460386,0.0062015713,0.037657827,0.90185666,0.0010232291,0.90185666
pamap2,gnn_attention_adj,window,1,101,101,102,1365,1365,1365,10,10,17,17,ironing,ironing,True,0.0016827991,0.049603667,0.02347979,0.00039700564,0.0035644537,0.016683426,0.0022309718,0.0026336515,0.011459246,0.04011426,0.84618604,0.0019646075,0.84618604
pamap2,gnn_attention_adj,window,1,101,101,102,1366,1366,1366,10,10,17,17,ironing,ironing,True,0.0019650261,0.04867602,0.032672968,0.00053303805,0.003830941,0.018943613,0.0023963584,0.0034311065,0.013569448,0.040946595,0.8306075,0.0024274415,0.8306075
pamap2,gnn_attention_adj,window,1,101,101,102,1367,1367,1367,10,10,17,17,ironing,ironing,True,0.0016215085,0.039069787,0.029182078,0.00054778473,0.0036333026,0.02078921,0.0024572916,0.0036026135,0.013655742,0.04335864,0.8395786,0.002503352,0.8395786
pamap2,gnn_attention_adj,window,1,101,101,102,1368,1368,1368,10,10,17,17,ironing,ironing,True,0.0011695989,0.028274255,0.02765577,0.00078638486,0.0038717818,0.02386456,0.0032026644,0.0047567217,0.015348772,0.052867435,0.8350743,0.0031277216,0.8350743
pamap2,gnn_attention_adj,window,1,101,101,102,1369,1369,1369,10,10,17,17,ironing,ironing,True,0.00015492976,0.0051703677,0.0045892294,8.351214e-05,0.00056928204,0.019593809,0.0002670951,0.0010346352,0.003179289,0.04311922,0.92184126,0.0003973668,0.92184126
pamap2,gnn_attention_adj,window,1,101,101,102,1370,1370,1370,10,10,17,17,ironing,ironing,True,0.00026029444,0.004862952,0.007074443,0.00020132707,0.0005339622,0.026968675,0.00022292613,0.001946399,0.0031281523,0.09447739,0.8599357,0.00038770723,0.8599357
pamap2,gnn_attention_adj,window,1,101,101,102,1371,1371,1371,10,10,17,17,ironing,ironing,True,0.00048227614,0.012268382,0.010761401,0.00036380443,0.0010453968,0.020081038,0.0005928246,0.0024846187,0.004711112,0.07940436,0.86715513,0.0006496785,0.86715513
pamap2,gnn_attention_adj,window,1,101,101,102,1372,1372,1372,10,10,17,17,ironing,ironing,True,0.0019566654,0.080683395,0.019625977,0.0004120814,0.0036925972,0.012797961,0.0022104606,0.0024223642,0.009500869,0.045180432,0.8200476,0.0014696103,0.8200476
pamap2,gnn_attention_adj,window,1,101,101,102,1373,1373,1373,10,10,17,17,ironing,ironing,True,0.00035632902,0.013531531,0.004444831,8.667206e-05,0.00094016653,0.016298842,0.00055062416,0.0009303483,0.004214028,0.041812435,0.9163383,0.00049590186,0.9163383
pamap2,gnn_attention_adj,window,1,101,101,102,1374,1374,1374,10,10,17,17,ironing,ironing,True,0.00027187908,0.010583202,0.004474531,9.1670714e-05,0.00096863345,0.017761027,0.0006778286,0.0010205194,0.0045276727,0.041998208,0.91706055,0.0005642348,0.91706055
pamap2,gnn_attention_adj,window,1,101,101,102,1375,1375,1375,10,10,17,17,ironing,ironing,True,0.00034990185,0.018022299,0.008780863,0.00012890462,0.001191824,0.009990627,0.0006667783,0.0010774509,0.0045441743,0.031297963,0.92330414,0.00064505625,0.92330414
pamap2,gnn_attention_adj,window,1,101,101,102,1376,1376,1376,10,10,17,17,ironing,ironing,True,0.00032954002,0.015248505,0.007823692,0.000117827614,0.0011392423,0.011648143,0.0006570718,0.0010774954,0.0047036614,0.032259483,0.92433876,0.0006566236,0.92433876
pamap2,gnn_attention_adj,window,1,101,101,102,1377,1377,1377,10,10,17,17,ironing,ironing,True,0.0004143449,0.016861394,0.0073520276,0.000119945034,0.0012796682,0.013592227,0.000759361,0.0011175934,0.0052900813,0.034209937,0.91827464,0.000728801,0.91827464
pamap2,gnn_attention_adj,window,1,101,101,102,1378,1378,1378,10,10,17,17,ironing,ironing,True,0.0006477619,0.024779651,0.009023568,0.00014914785,0.001742593,0.01423012,0.0010485834,0.0012833553,0.0065652137,0.03486925,0.9047311,0.00092968653,0.9047311
pamap2,gnn_attention_adj,window,1,101,101,102,1379,1379,1379,10,10,17,17,ironing,ironing,True,0.00072814844,0.033471756,0.010093872,0.00016677157,0.0020661794,0.011979582,0.0012765888,0.0013123163,0.0066816392,0.033598505,0.89765465,0.00096993026,0.89765465
pamap2,gnn_attention_adj,window,1,101,101,102,1380,1380,1380,10,10,17,17,ironing,ironing,True,0.000438973,0.022917464,0.0080302395,0.00014111497,0.0015113344,0.010618523,0.0009293704,0.0011083856,0.0051002433,0.03359002,0.91487783,0.00073664816,0.91487783
pamap2,gnn_attention_adj,window,1,101,101,102,1381,1381,1381,10,10,17,17,ironing,ironing,True,0.0003388397,0.012721763,0.006782458,0.0001539576,0.0010015629,0.014352085,0.0005218372,0.0012652674,0.0038722167,0.046684716,0.9117531,0.00055228145,0.9117531
pamap2,gnn_attention_adj,window,1,101,101,102,1382,1382,1382,10,10,17,17,ironing,ironing,True,0.00062879216,0.031150946,0.012534517,0.00034939463,0.0020852822,0.011032037,0.0015077987,0.00199396,0.006097215,0.04911376,0.88252217,0.0009841307,0.88252217
pamap2,gnn_attention_adj,window,1,101,101,102,1383,1383,1383,10,10,17,17,ironing,ironing,True,0.00088683236,0.049840815,0.010890217,0.0002013505,0.0024484545,0.010460042,0.001634607,0.0014056322,0.006649768,0.037161954,0.87748617,0.00093416456,0.87748617
pamap2,gnn_attention_adj,window,1,101,101,102,1384,1384,1384,10,10,17,17,ironing,ironing,True,0.00027808218,0.009326097,0.0029140387,6.0412593e-05,0.00067771744,0.019614184,0.00038823587,0.00077735976,0.0034453063,0.04916521,0.9129924,0.00036097562,0.9129924
pamap2,gnn_attention_adj,window,1,101,101,102,1385,1385,1385,10,10,17,17,ironing,ironing,True,0.00030694742,0.010283354,0.002914071,6.0647202e-05,0.00083906716,0.019204747,0.00048782007,0.0007560248,0.0037616254,0.046907928,0.91404325,0.00043452173,0.91404325
pamap2,gnn_attention_adj,window,1,101,101,102,1386,1386,1386,10,10,17,17,ironing,ironing,True,0.0002640656,0.007634578,0.0042933156,7.729368e-05,0.0007712599,0.020318663,0.00037267496,0.0009161165,0.0038162915,0.043752015,0.91729724,0.00048643933,0.91729724
pamap2,gnn_attention_adj,window,1,101,101,102,1387,1387,1387,10,10,17,17,ironing,ironing,True,0.00016748169,0.005710208,0.004189891,7.210873e-05,0.0006165466,0.018382272,0.00030393264,0.0008838093,0.0032585512,0.041388553,0.9246203,0.00040644122,0.9246203
pamap2,gnn_attention_adj,window,1,101,101,102,1388,1388,1388,10,10,17,17,ironing,ironing,True,0.00018955405,0.007555917,0.006312979,0.000109223176,0.0007711941,0.014418175,0.0003980678,0.0010791821,0.0034855884,0.04021058,0.92497647,0.00049312034,0.92497647
pamap2,gnn_attention_adj,window,1,101,101,102,1389,1389,1389,10,10,17,17,ironing,ironing,True,0.00048303668,0.0204708,0.011167935,0.00017646325,0.0013194566,0.009883075,0.00057159015,0.0012598933,0.004275876,0.038751837,0.91094804,0.00069186004,0.91094804
pamap2,gnn_attention_adj,window,1,101,101,102,1390,1390,1390,10,10,17,17,ironing,ironing,True,0.0004240691,0.014005176,0.011548366,0.0003132399,0.0017336446,0.019069796,0.0017225518,0.0025441414,0.007396553,0.06291886,0.8771247,0.0011988238,0.8771247
pamap2,gnn_attention_adj,window,1,101,101,102,1391,1391,1391,10,10,17,17,ironing,ironing,True,0.0077030477,0.046985205,0.043395728,0.0016887785,0.008419331,0.065704726,0.0029083283,0.011159877,0.03615397,0.098305784,0.6693931,0.008182088,0.6693931
pamap2,gnn_attention_adj,window,1,101,101,102,1392,1392,1392,10,10,17,17,ironing,ironing,True,0.05554251,0.06510573,0.18709677,0.011222292,0.018500846,0.065874904,0.004535408,0.04274473,0.07329099,0.18042018,0.2698849,0.025780685,0.2698849
pamap2,gnn_attention_adj,window,1,101,101,102,1393,1393,1393,10,10,17,17,ironing,ironing,True,0.017265348,0.016346453,0.020832347,0.0018433311,0.002963417,0.16457339,0.00073627493,0.014934303,0.02407558,0.36118403,0.3716132,0.0036323436,0.3716132
pamap2,gnn_attention_adj,window,1,101,101,102,1394,1394,1394,10,10,17,17,ironing,ironing,True,0.00029427928,0.0021160203,0.0025785496,7.9328966e-05,0.00034171113,0.12561476,0.00016294798,0.0021912989,0.005116359,0.13708492,0.7240358,0.0003840306,0.7240358
pamap2,gnn_attention_adj,window,1,101,101,102,1395,1395,1395,10,10,17,17,ironing,ironing,True,0.00023870873,0.0023700462,0.0028203703,6.98073e-05,0.00034130385,0.08398375,0.00012835291,0.0016524451,0.004209032,0.09883719,0.8049973,0.00035166115,0.8049973
pamap2,gnn_attention_adj,window,1,101,101,102,1396,1396,1396,10,10,17,17,ironing,ironing,True,0.0003644797,0.0046426025,0.0050599016,0.000121731166,0.0004956217,0.03982021,0.00016158426,0.0015424103,0.0034766246,0.084526636,0.8593929,0.0003953107,0.8593929
pamap2,gnn_attention_adj,window,1,101,101,102,1397,1397,1397,10,10,17,17,ironing,ironing,True,0.0003739075,0.004240157,0.0022763503,7.489341e-05,0.000517487,0.07921361,0.00036813342,0.0014975939,0.005464061,0.11779024,0.78776634,0.00041720952,0.78776634
pamap2,gnn_attention_adj,window,1,101,101,102,1398,1398,1398,10,10,17,17,ironing,ironing,True,0.00029718276,0.0046066246,0.002425127,7.1882096e-05,0.00053266826,0.056546234,0.00038730234,0.0012960203,0.0047614155,0.09957937,0.8291004,0.00039572312,0.8291004
pamap2,gnn_attention_adj,window,1,101,101,102,1399,1399,1399,10,10,17,17,ironing,ironing,True,0.00018241705,0.003011383,0.0037131116,7.119926e-05,0.00042385538,0.0362167,0.00015965113,0.0010751112,0.0029190304,0.06494515,0.8869381,0.00034432294,0.8869381
pamap2,gnn_attention_adj,window,1,101,101,102,1400,1400,1400,10,10,17,17,ironing,ironing,True,0.00026726234,0.003232706,0.0058961604,0.00012377046,0.0005942274,0.047795407,0.00019463954,0.0016541702,0.004182938,0.07302235,0.86246413,0.0005722007,0.86246413
pamap2,gnn_attention_adj,window,1,101,101,102,1401,1401,1401,10,10,17,17,ironing,ironing,True,0.00024456638,0.0031191104,0.005256825,0.00010778386,0.000531893,0.0448163,0.00017405929,0.0014859663,0.003727176,0.071700454,0.86834455,0.00049143087,0.86834455
pamap2,gnn_attention_adj,window,1,101,101,102,1402,1402,1402,10,10,17,17,ironing,ironing,True,0.00034006534,0.005051435,0.005928772,0.000103616585,0.0005369315,0.028250974,0.00014324966,0.0012148095,0.0031633812,0.06270298,0.8921344,0.00042940225,0.8921344
pamap2,gnn_attention_adj,window,1,101,101,102,1403,1403,1403,10,10,17,17,ironing,ironing,True,0.00021391138,0.0039755786,0.0016986004,4.943284e-05,0.00052667403,0.061291017,0.0007417628,0.0013792039,0.0060008694,0.11393385,0.8097957,0.00039339572,0.8097957
pamap2,gnn_attention_adj,window,1,101,101,102,1404,1404,1404,10,10,17,17,ironing,ironing,True,0.00021446792,0.003364602,0.0017683888,5.4187156e-05,0.00053919695,0.073132515,0.00085764256,0.0017299282,0.0066460995,0.13503407,0.7762249,0.0004340232,0.7762249
pamap2,gnn_attention_adj,window,1,101,101,102,1405,1405,1405,10,10,17,17,ironing,ironing,True,0.000249671,0.003824534,0.004461766,7.781057e-05,0.00042533578,0.030878352,0.00011877466,0.0010534663,0.0028068498,0.060997516,0.8947644,0.00034150298,0.8947644
pamap2,gnn_attention_adj,window,1,101,101,102,1406,1406,1406,10,10,17,17,ironing,ironing,True,0.00027301785,0.0060692425,0.004777516,8.327844e-05,0.0005953022,0.021184294,0.00020832791,0.0009444874,0.003015654,0.05238322,0.91006696,0.000398658,0.91006696
pamap2,gnn_attention_adj,window,1,101,101,102,1407,1407,1407,10,10,17,17,ironing,ironing,True,0.00023104527,0.004333169,0.004195426,6.992473e-05,0.00043912733,0.024916876,0.00013137248,0.0008933592,0.002620248,0.056110937,0.90573865,0.0003198217,0.90573865
pamap2,gnn_attention_adj,window,1,101,101,102,1408,1408,1408,10,10,17,17,ironing,ironing,True,0.00020165862,0.004788725,0.0038148346,6.55398e-05,0.00049290893,0.023000013,0.00018619237,0.00084349146,0.0028668644,0.048682217,0.9147164,0.00034106878,0.9147164
pamap2,gnn_attention_adj,window,1,101,101,102,1409,1409,1409,10,10,17,17,ironing,ironing,True,0.0005577019,0.012963885,0.004748699,0.0001034943,0.0011364182,0.023692513,0.0005661318,0.0011257103,0.00497949,0.053693485,0.895778,0.0006543637,0.895778
pamap2,gnn_attention_adj,window,1,101,101,102,1410,1410,1410,10,10,17,17,ironing,ironing,True,0.0003233749,0.0075944033,0.0038140982,7.237247e-05,0.000625189,0.022366293,0.00024571663,0.0008790003,0.0032554509,0.05395921,0.90648776,0.00037700307,0.90648776
pamap2,gnn_attention_adj,window,1,101,101,102,1411,1411,1411,10,10,17,17,ironing,ironing,True,0.00018224925,0.0048242505,0.0029530267,5.0490107e-05,0.000421817,0.02072187,0.00015212908,0.0006801593,0.0024112489,0.04838277,0.9189572,0.00026276323,0.9189572
pamap2,gnn_attention_adj,window,1,101,101,102,1412,1412,1412,10,10,17,17,ironing,ironing,True,0.00021324682,0.0067345807,0.0038729375,6.651214e-05,0.0005694538,0.016194014,0.00023031502,0.00075243716,0.0026520882,0.04600379,0.9223798,0.0003307612,0.9223798
pamap2,gnn_attention_adj,window,1,101,101,102,1413,1413,1413,10,10,17,17,ironing,ironing,True,0.00026594958,0.0074789617,0.004412845,6.8018024e-05,0.00058496965,0.016040219,0.00020098507,0.00076272537,0.0027394358,0.045947038,0.9211497,0.00034931517,0.9211497
pamap2,gnn_attention_adj,window,1,101,101,102,1414,1414,1414,10,10,17,17,ironing,ironing,True,0.0002573539,0.0068120463,0.003858783,5.9146645e-05,0.0005095787,0.017334575,0.00016220135,0.00071054307,0.0025707916,0.047475692,0.9199439,0.00030535573,0.9199439
pamap2,gnn_attention_adj,window,1,101,101,102,1415,1415,1415,10,10,17,17,ironing,ironing,True,0.00015644758,0.005400786,0.003514791,5.772777e-05,0.0005015744,0.01644749,0.00021630015,0.0007035869,0.00257534,0.041054044,0.9290631,0.00030892692,0.9290631
pamap2,gnn_attention_adj,window,1,101,101,102,1416,1416,1416,10,10,17,17,ironing,ironing,True,0.00025317734,0.008491507,0.0037929062,7.2402094e-05,0.00074657693,0.018268153,0.0003639872,0.0008462811,0.0036040647,0.041383836,0.9217435,0.0004336421,0.9217435
pamap2,gnn_attention_adj,window,1,101,101,102,1417,1417,1417,10,10,17,17,ironing,ironing,True,0.0008760579,0.023756007,0.005909938,0.00012619463,0.0016409718,0.01908321,0.0007338173,0.0011837068,0.0057377885,0.04889156,0.8912727,0.00078802713,0.8912727
pamap2,gnn_attention_adj,window,1,101,101,102,1418,1418,1418,10,10,17,17,ironing,ironing,True,0.00042902533,0.011059634,0.0041934163,9.529882e-05,0.0010137017,0.023639278,0.00052212004,0.0010690438,0.0047880798,0.049574897,0.9030227,0.00059280096,0.9030227
pamap2,gnn_attention_adj,window,1,101,101,102,1419,1419,1419,10,10,17,17,ironing,ironing,True,0.00043194916,0.014076202,0.005477733,0.00011617685,0.0012485955,0.018049957,0.0007261642,0.0011395771,0.0051015033,0.043125764,0.90981007,0.0006962924,0.90981007
pamap2,gnn_attention_adj,window,1,101,101,102,1420,1420,1420,10,10,17,17,ironing,ironing,True,0.00034701006,0.012229267,0.004681501,7.6976496e-05,0.000987296,0.01620388,0.00050537067,0.00085878605,0.0043210224,0.036805887,0.9224293,0.0005536568,0.9224293
pamap2,gnn_attention_adj,window,1,101,101,102,1421,1421,1421,10,10,17,17,ironing,ironing,True,0.0002776168,0.009372985,0.0027399808,5.0336806e-05,0.00077602995,0.02010692,0.00046628385,0.0007028369,0.0038871702,0.042839505,0.9183583,0.00042211454,0.9183583
pamap2,gnn_attention_adj,window,1,101,101,102,1422,1422,1422,10,10,17,17,ironing,ironing,True,0.00027053684,0.009292781,0.0026705232,5.0143273e-05,0.0007700155,0.02008064,0.00047715195,0.0007037861,0.003850423,0.043388125,0.91803056,0.0004153659,0.91803056
pamap2,gnn_attention_adj,window,1,101,101,102,1423,1423,1423,10,10,17,17,ironing,ironing,True,0.00023114926,0.007452174,0.0033759016,5.286371e-05,0.00058743736,0.018164305,0.0002534986,0.0006881186,0.0030958164,0.039770488,0.92598474,0.00034351178,0.92598474
pamap2,gnn_attention_adj,window,1,101,101,102,1424,1424,1424,10,10,17,17,ironing,ironing,True,0.00016173648,0.00523214,0.002829782,4.201617e-05,0.00041216298,0.01794408,0.00015966585,0.00058851246,0.00241275,0.040115446,0.92985225,0.00024951526,0.92985225
pamap2,gnn_attention_adj,window,1,101,101,102,1425,1425,1425,10,10,17,17,ironing,ironing,True,0.00011752947,0.0045000766,0.0027727247,3.773447e-05,0.00035401617,0.014798546,0.00013649593,0.0005225114,0.0020208713,0.0370849,0.9374423,0.00021241223,0.9374423
pamap2,gnn_attention_adj,window,1,101,101,102,1426,1426,1426,10,10,17,17,ironing,ironing,True,0.0001295574,0.0045654117,0.002720875,3.8878745e-05,0.00039310992,0.016889675,0.00016007085,0.0005564943,0.0022687563,0.038367238,0.9336691,0.0002408298,0.9336691
pamap2,gnn_attention_adj,window,1,101,101,102,1427,1427,1427,10,10,17,17,ironing,ironing,True,0.00021761275,0.0067043863,0.0036075148,5.1933228e-05,0.0005736417,0.018416705,0.0002378233,0.0006970671,0.0031024814,0.03833847,0.92769605,0.00035632832,0.92769605
pamap2,gnn_attention_adj,window,1,101,101,102,1428,1428,1428,10,10,17,17,ironing,ironing,True,0.00011692816,0.00324495,0.0038956134,6.479872e-05,0.0003777054,0.021375546,0.00014577166,0.0008777401,0.0023042676,0.049452998,0.9178724,0.00027119592,0.9178724
pamap2,gnn_attention_adj,window,1,101,101,102,1429,1429,1429,10,10,17,17,ironing,ironing,True,0.0005203032,0.004550636,0.003500342,0.00013092869,0.00044371752,0.080379866,0.00016349021,0.002035839,0.004702895,0.1206737,0.78253686,0.00036138613,0.78253686
pamap2,gnn_attention_adj,window,1,101,101,102,1430,1430,1430,10,10,17,17,ironing,ironing,True,0.0014556535,0.036675535,0.02707148,0.0011873086,0.0037134797,0.01908298,0.0037962436,0.0052015884,0.012308842,0.08327084,0.8038411,0.0023948639,0.8038411
pamap2,gnn_attention_adj,window,1,101,101,102,1431,1431,1431,10,10,17,17,ironing,ironing,True,0.0008328894,0.021475453,0.017699355,0.0004352582,0.0019477296,0.01945706,0.0010335783,0.0029307993,0.008156391,0.05399963,0.87073183,0.001300081,0.87073183
pamap2,gnn_attention_adj,window,1,101,101,102,1432,1432,1432,10,10,17,17,ironing,ironing,True,0.0009616143,0.015325436,0.014763459,0.00030290656,0.0017345841,0.029051472,0.0005443805,0.0026578407,0.008319043,0.055911258,0.86905235,0.001375571,0.86905235
pamap2,gnn_attention_adj,window,1,101,101,102,1433,1433,1433,10,10,17,17,ironing,ironing,True,0.00038333162,0.009981371,0.009246066,0.0001788007,0.0010413458,0.020445483,0.00044817096,0.0016857063,0.005057013,0.044912554,0.9058589,0.00076131575,0.9058589
pamap2,gnn_attention_adj,window,1,101,101,102,1434,1434,1434,10,10,17,17,ironing,ironing,True,0.0002469886,0.0074149817,0.00739555,0.00015481438,0.00093957316,0.022781739,0.00050859613,0.0016845481,0.0050632856,0.045586783,0.9075059,0.00071735145,0.9075059
pamap2,gnn_attention_adj,window,1,101,101,102,1435,1435,1435,10,10,17,17,ironing,ironing,True,0.00033384268,0.00940718,0.008354744,0.00019163899,0.001322304,0.027558893,0.0009569606,0.0021326784,0.0075749713,0.04796683,0.89312875,0.001071245,0.89312875
pamap2,gnn_attention_adj,window,1,101,101,102,1436,1436,1436,10,10,17,17,ironing,ironing,True,0.00016226157,0.0056592897,0.0051749297,8.0806974e-05,0.00055023254,0.017341249,0.00024686923,0.0009915503,0.003156893,0.038480483,0.9277643,0.00039120796,0.9277643
pamap2,gnn_attention_adj,window,1,101,101,102,1437,1437,1437,10,10,17,17,ironing,ironing,True,0.00014963625,0.005807876,0.0047787935,7.713464e-05,0.00052782206,0.015657574,0.00024584273,0.00091145834,0.002814129,0.039462563,0.9292226,0.00034468906,0.9292226
pamap2,gnn_attention_adj,window,1,101,101,102,1438,1438,1438,10,10,17,17,ironing,ironing,True,0.00053670496,0.023961015,0.009415267,0.0002021712,0.0016911308,0.012278981,0.0012125034,0.0014595271,0.0058189365,0.04137774,0.90116304,0.00088292256,0.90116304
pamap2,gnn_attention_adj,window,1,101,101,102,1439,1439,1439,10,10,17,17,ironing,ironing,True,0.00030581854,0.012917056,0.003033458,8.1640515e-05,0.0012305509,0.020969782,0.0017353608,0.0010546148,0.0061618304,0.057434905,0.89445686,0.0006181194,0.89445686
pamap2,gnn_attention_adj,window,1,101,101,102,1440,1440,1440,10,10,17,17,ironing,ironing,True,0.00011999632,0.005249979,0.0016237237,3.0005947e-05,0.00044054454,0.019879874,0.00033207174,0.0005484872,0.0027599498,0.04677651,0.9220052,0.00023367195,0.9220052
pamap2,gnn_attention_adj,window,1,101,101,102,1441,1441,1441,10,10,17,17,ironing,ironing,True,0.00024291275,0.008463813,0.003675747,5.067981e-05,0.0005471749,0.0139968805,0.00018687663,0.0006132722,0.0026175554,0.037636947,0.9316689,0.00029920385,0.9316689
pamap2,gnn_attention_adj,window,1,101,101,102,1442,1442,1442,10,10,17,17,ironing,ironing,True,0.00024699784,0.010499505,0.0051774243,6.167077e-05,0.00068200234,0.011318398,0.00028283946,0.0006859154,0.0030529622,0.031167699,0.9364419,0.00038266936,0.9364419
pamap2,gnn_attention_adj,window,1,101,101,102,1443,1443,1443,10,10,17,17,ironing,ironing,True,0.00020558487,0.008012151,0.0040042573,5.1100535e-05,0.0005448624,0.013112757,0.00021631643,0.0006215009,0.0026953786,0.03415703,0.93606853,0.00031054235,0.93606853
pamap2,gnn_attention_adj,window,1,101,101,102,1444,1444,1444,10,10,17,17,ironing,ironing,True,0.00026671906,0.007936358,0.003713706,5.6973226e-05,0.0006060967,0.01798836,0.00024168991,0.0007141653,0.0030865376,0.042096905,0.9229396,0.00035277245,0.9229396
pamap2,gnn_attention_adj,window,1,101,101,102,1445,1445,1445,10,10,17,17,ironing,ironing,True,0.00028089428,0.008493078,0.0037929188,5.1204086e-05,0.0005764285,0.01639234,0.00020326645,0.0006594016,0.0029511265,0.03929315,0.9269741,0.00033212127,0.9269741
pamap2,gnn_attention_adj,window,1,101,101,102,1446,1446,1446,10,10,17,17,ironing,ironing,True,0.0002870552,0.011487691,0.0051066214,6.8929716e-05,0.0007939701,0.013003635,0.00036792786,0.00076237146,0.0035796915,0.03286608,0.93123186,0.0004442484,0.93123186
pamap2,gnn_attention_adj,window,1,101,101,102,1447,1447,1447,10,10,17,17,ironing,ironing,True,0.00017241586,0.0063215382,0.004666908,7.205907e-05,0.00052463426,0.014251459,0.00022109222,0.0007903174,0.0025927317,0.03963458,0.9304306,0.00032164555,0.9304306
pamap2,gnn_attention_adj,window,1,101,101,102,1448,1448,1448,10,10,17,17,ironing,ironing,True,0.0002446287,0.0036858567,0.0034285982,9.126864e-05,0.00042700267,0.04379337,0.00016738738,0.0012824009,0.0032671203,0.078761145,0.86452305,0.00032828146,0.86452305
pamap2,gnn_attention_adj,window,1,101,101,102,1449,1449,1449,10,10,17,17,ironing,ironing,True,0.00025231342,0.0043830597,0.0036976284,8.947911e-05,0.00047166276,0.034165952,0.0001845484,0.0011415927,0.0031716551,0.06797052,0.8841245,0.00034705637,0.8841245
pamap2,gnn_attention_adj,window,1,101,101,102,1450,1450,1450,10,10,17,17,ironing,ironing,True,0.0001620452,0.0046534734,0.0032016041,5.3242158e-05,0.0003914014,0.019186556,0.00013914988,0.0006803522,0.0022425612,0.04706829,0.9219763,0.00024503682,0.9219763
pamap2,gnn_attention_adj,window,1,101,101,102,1451,1451,1451,10,10,17,17,ironing,ironing,True,0.000157895,0.00394533,0.0039684204,7.01324e-05,0.00037912567,0.02037265,0.0001342939,0.0008359109,0.0021639077,0.05558769,0.9121276,0.00025689258,0.9121276
pamap2,gnn_attention_adj,window,1,101,101,102,1452,1452,1452,10,10,17,17,ironing,ironing,True,0.00015448897,0.0035684907,0.0038706537,6.514487e-05,0.0003477706,0.022325134,0.00011243911,0.00082455116,0.0021895114,0.053842127,0.9124496,0.00025000793,0.9124496
pamap2,gnn_attention_adj,window,1,101,101,102,1453,1453,1453,10,10,17,17,ironing,ironing,True,0.00023794183,0.005261593,0.0042122453,7.024256e-05,0.00049007265,0.02374804,0.00015751115,0.00090015406,0.002978443,0.047787134,0.91380954,0.00034694734,0.91380954
pamap2,gnn_attention_adj,window,1,101,101,102,1454,1454,1454,10,10,17,17,ironing,ironing,True,0.00024801638,0.0067913188,0.005427304,8.772905e-05,0.00059979915,0.01791531,0.00020851442,0.0009595336,0.003054625,0.043714065,0.9205947,0.00039907734,0.9205947
pamap2,gnn_attention_adj,window,1,101,101,102,1455,1455,1455,10,10,17,17,ironing,ironing,True,0.00036838045,0.011830149,0.010646063,0.00015562444,0.000932733,0.012454132,0.00034441584,0.0013220152,0.003783487,0.04133201,0.9162294,0.0006017042,0.9162294
pamap2,gnn_attention_adj,window,1,101,101,102,1456,1456,1456,10,10,17,17,ironing,ironing,True,0.00084983715,0.025610488,0.020420684,0.0006450464,0.003287215,0.019866392,0.003969667,0.004077524,0.012665055,0.06358216,0.84265214,0.002373835,0.84265214
pamap2,gnn_attention_adj,window,1,101,101,102,1457,1457,1457,10,10,17,17,ironing,ironing,True,0.0008167221,0.023769677,0.021735616,0.0007036651,0.0030598498,0.020003365,0.0030476663,0.004357214,0.01158212,0.06344463,0.8452309,0.0022485482,0.8452309
pamap2,gnn_attention_adj,window,1,101,101,102,1458,1458,1458,10,10,17,17,ironing,ironing,True,0.0006414008,0.01403554,0.013662817,0.00046138486,0.0019404718,0.028463837,0.0014397112,0.0035218962,0.008909399,0.07082054,0.85457665,0.0015264185,0.85457665
pamap2,gnn_attention_adj,window,1,101,101,102,1459,1459,1459,10,10,17,17,ironing,ironing,True,0.00062914303,0.008068758,0.012961916,0.00047607036,0.001268228,0.04446604,0.00054858136,0.0040114042,0.007459863,0.09382155,0.82513493,0.0011535153,0.82513493
pamap2,gnn_attention_adj,window,1,101,101,102,1460,1460,1460,10,10,17,17,ironing,ironing,True,0.00030831128,0.0036678403,0.005776428,0.00014564331,0.00054357544,0.04768611,0.00018123045,0.0019138062,0.003948931,0.08320568,0.85212326,0.0004992788,0.85212326
pamap2,gnn_attention_adj,window,1,101,101,102,1461,1461,1461,10,10,17,17,ironing,ironing,True,0.00021521027,0.0047245543,0.0050424235,0.00010294457,0.00048715327,0.025566652,0.00017390554,0.0012141485,0.003021475,0.056252167,0.9028342,0.00036513383,0.9028342
pamap2,gnn_attention_adj,window,1,101,101,102,1462,1462,1462,10,10,17,17,ironing,ironing,True,0.00028571583,0.011505555,0.005533445,0.00011741856,0.0010146947,0.016330212,0.00073382416,0.0011639447,0.004526514,0.04435941,0.9138326,0.0005966511,0.9138326
pamap2,gnn_attention_adj,window,1,101,101,102,1463,1463,1463,10,10,17,17,ironing,ironing,True,0.00023436462,0.011167489,0.0041408828,8.178151e-05,0.00090563257,0.0138392085,0.00062305963,0.0008544412,0.003700445,0.041130353,0.92285025,0.0004721017,0.92285025
pamap2,gnn_attention_adj,window,1,101,101,102,1464,1464,1464,10,10,17,17,ironing,ironing,True,0.0003155034,0.009431471,0.008376208,0.0001324181,0.0008311345,0.013609038,0.0003100118,0.0011464566,0.0032799202,0.04646598,0.91558,0.0005219631,0.91558
pamap2,gnn_attention_adj,window,1,101,101,102,1465,1465,1465,10,10,17,17,ironing,ironing,True,0.00023996772,0.0077683544,0.005868606,9.68609e-05,0.00068512117,0.01402714,0.00027403084,0.00092640513,0.002897321,0.044865966,0.92193276,0.00041748048,0.92193276
pamap2,gnn_attention_adj,window,1,101,101,102,1466,1466,1466,10,10,17,17,ironing,ironing,True,0.0006262883,0.005026123,0.0045491955,9.728069e-05,0.00047714115,0.04905831,0.0001151262,0.0014442479,0.0033217745,0.10473123,0.83017886,0.00037434883,0.83017886
pamap2,gnn_attention_adj,window,1,101,101,102,1467,1467,1467,10,10,17,17,ironing,ironing,True,0.0009219757,0.0029032272,0.0047666915,0.00017828234,0.00046172258,0.13677777,0.00013881359,0.0030114127,0.005142026,0.21725479,0.62791216,0.00053110835,0.62791216
pamap2,gnn_attention_adj,window,1,101,101,102,1468,1468,1468,10,10,17,17,ironing,ironing,True,0.0013192531,0.0026824835,0.0061718835,0.00021528207,0.00036881512,0.12772197,7.1236645e-05,0.0032818022,0.004143401,0.3011098,0.55245584,0.0004581953,0.55245584
pamap2,gnn_attention_adj,window,1,101,101,102,1469,1469,1469,10,10,17,17,ironing,ironing,True,0.0007315361,0.004367238,0.005837637,0.00014909118,0.00042835865,0.054967646,9.0976784e-05,0.001938192,0.0031501334,0.15969178,0.76828325,0.00036415414,0.76828325
pamap2,gnn_attention_adj,window,1,101,101,102,1470,1470,1470,10,10,17,17,ironing,ironing,True,0.00024644108,0.0041050096,0.0028171563,7.1095674e-05,0.00042044558,0.046168294,0.00022177509,0.0012390853,0.003651983,0.086919546,0.8538156,0.00032358777,0.8538156
pamap2,gnn_attention_adj,window,1,101,101,102,1471,1471,1471,10,10,17,17,ironing,ironing,True,0.0006035718,0.010610593,0.00978528,0.00030159758,0.0010524878,0.027135994,0.00048718878,0.0024193611,0.005221608,0.084779084,0.856858,0.0007452012,0.856858
pamap2,gnn_attention_adj,window,1,101,101,102,1472,1472,1472,10,10,17,17,ironing,ironing,True,0.00029343544,0.006650328,0.006464347,0.00017250906,0.0006829004,0.023911532,0.0003300584,0.0016528137,0.0036188015,0.072755806,0.88299453,0.00047291533,0.88299453
pamap2,gnn_attention_adj,window,1,101,101,102,1473,1473,1473,10,10,17,17,ironing,ironing,True,0.00032950754,0.005117891,0.0045183864,0.00012018205,0.00075604854,0.04682958,0.00043609715,0.0016439914,0.005167223,0.078713864,0.8557538,0.0006134694,0.8557538
pamap2,gnn_attention_adj,window,1,101,101,102,1474,1474,1474,10,10,17,17,ironing,ironing,True,0.0015296625,0.018264826,0.013602091,0.00027087942,0.0019803592,0.03599874,0.0008388876,0.0025049157,0.008868789,0.06622334,0.84841126,0.0015061786,0.84841126
pamap2,gnn_attention_adj,window,1,101,101,102,1475,1475,1475,10,10,17,17,ironing,ironing,True,0.0016197418,0.018363468,0.012332092,0.00024478827,0.0018530899,0.03544097,0.0007016443,0.0022861275,0.008076138,0.07033385,0.84737873,0.0013693493,0.84737873
pamap2,gnn_attention_adj,window,1,101,101,102,1476,1476,1476,10,10,17,17,ironing,ironing,True,0.00060615694,0.008948471,0.009561681,0.00031384375,0.0014568056,0.038703714,0.000865771,0.0026355304,0.007110122,0.081602,0.84701467,0.0011812659,0.84701467
pamap2,gnn_attention_adj,window,1,101,101,102,1477,1477,1477,10,10,17,17,ironing,ironing,True,0.00052193063,0.008837753,0.008565289,0.00026910412,0.001026567,0.031734094,0.0005299075,0.0023156856,0.0054643904,0.08374729,0.856221,0.0007669598,0.856221
pamap2,gnn_attention_adj,window,1,101,101,102,1478,1478,1478,10,10,17,17,ironing,ironing,True,0.00027902942,0.0075390562,0.0039581317,8.8883346e-05,0.0006784435,0.022472074,0.00032614038,0.0010172195,0.0035415743,0.05461994,0.9050548,0.00042472393,0.9050548
pamap2,gnn_attention_adj,window,1,101,101,102,1479,1479,1479,10,10,17,17,ironing,ironing,True,0.00033255777,0.008272561,0.005466114,8.912413e-05,0.0006231092,0.01627702,0.00018697412,0.0009064094,0.0028013564,0.05117798,0.91348934,0.00037739208,0.91348934
pamap2,gnn_attention_adj,window,1,101,101,102,1480,1480,1480,10,10,17,17,ironing,ironing,True,0.00013705008,0.004758793,0.00423103,6.744192e-05,0.00048924494,0.016244754,0.00021133978,0.0008043071,0.0025633536,0.04164715,0.92852205,0.00032349298,0.92852205
pamap2,gnn_attention_adj,window,1,101,101,102,1481,1481,1481,10,10,17,17,ironing,ironing,True,0.0003638716,0.007080545,0.0059217657,0.00012686844,0.0006768524,0.024495745,0.00023137327,0.0013360818,0.0036126142,0.05990296,0.89577615,0.00047508863,0.89577615
pamap2,gnn_attention_adj,window,1,101,101,102,1482,1482,1482,10,10,17,17,ironing,ironing,True,0.0012930626,0.038732193,0.024156682,0.00069868553,0.00289851,0.014979854,0.0019869653,0.003483502,0.0093851825,0.057964135,0.84276396,0.001657228,0.84276396
pamap2,gnn_attention_adj,window,1,101,101,102,1483,1483,1483,10,10,17,17,ironing,ironing,True,0.0064923437,0.24215269,0.05677303,0.0010399416,0.010497916,0.012707998,0.009329362,0.0049364073,0.021979429,0.033749446,0.5962843,0.0040571364,0.5962843
pamap2,gnn_attention_adj,window,1,101,101,102,1484,1484,1484,10,10,17,17,ironing,ironing,True,0.0008068674,0.033375382,0.018404411,0.00039639368,0.002274274,0.011662135,0.0014841801,0.0022699847,0.0074197017,0.04324575,0.8774352,0.001225763,0.8774352
pamap2,gnn_attention_adj,window,1,101,101,102,1485,1485,1485,10,10,17,17,ironing,ironing,True,0.00058509246,0.023772333,0.013438025,0.0002427126,0.0014060778,0.010464821,0.0006623081,0.0016025557,0.004840208,0.043964006,0.8982792,0.0007427388,0.8982792
pamap2,gnn_attention_adj,window,1,101,101,102,1486,1486,1486,10,10,17,17,ironing,ironing,True,0.0010854709,0.041583657,0.024543563,0.00037424307,0.0023809993,0.01226691,0.0014764826,0.0024891337,0.008542199,0.03815731,0.865789,0.0013109148,0.865789
pamap2,gnn_attention_adj,window,1,101,101,102,1487,1487,1487,10,1,17,2,ironing,sitting,False,0.02729154,0.55414695,0.1813065,0.0024537249,0.014656393,0.0053842026,0.014543747,0.00776625,0.026175592,0.014774982,0.14571974,0.005780371,0.55414695
pamap2,gnn_attention_adj,window,1,101,101,102,1488,1488,1488,10,1,17,2,ironing,sitting,False,0.010171595,0.48789296,0.06821124,0.0007552112,0.009969878,0.0049854023,0.0047037075,0.0033575604,0.014041366,0.022378756,0.37082532,0.0027069745,0.48789296
pamap2,gnn_attention_adj,window,1,101,101,102,1489,1489,1489,10,1,17,2,ironing,sitting,False,0.010095717,0.4527802,0.07789657,0.0009071136,0.010046524,0.005527708,0.0051092096,0.0038723352,0.01495605,0.024148505,0.39170197,0.0029579834,0.4527802
pamap2,gnn_attention_adj,window,1,101,101,102,1490,1490,1490,10,1,17,2,ironing,sitting,False,0.03318149,0.51486367,0.27142972,0.0036770809,0.01345581,0.004020971,0.015366263,0.010013386,0.026105274,0.011644251,0.089826085,0.006416063,0.51486367
pamap2,gnn_attention_adj,window,1,101,101,102,1491,1491,1491,10,1,17,2,ironing,sitting,False,0.037278228,0.6419862,0.1979029,0.0021574835,0.012803407,0.0023811664,0.012323428,0.006262061,0.019397367,0.007132333,0.05566481,0.004710566,0.6419862
pamap2,gnn_attention_adj,window,1,101,101,102,1492,1492,1492,10,1,17,2,ironing,sitting,False,0.03938972,0.67989457,0.17167063,0.0017304231,0.012844882,0.0021142054,0.011667771,0.0053862487,0.018140828,0.0059392857,0.046936665,0.0042847525,0.67989457
pamap2,gnn_attention_adj,window,1,101,101,102,1493,1493,1493,9,1,16,2,vacuum_cleaning,sitting,False,0.027131503,0.6579588,0.15057488,0.001697836,0.013024578,0.0029470418,0.010798737,0.0051836334,0.018739121,0.009747509,0.09794657,0.004249839,0.6579588
pamap2,gnn_attention_adj,window,1,101,101,102,1494,1494,1494,9,1,16,2,vacuum_cleaning,sitting,False,0.017179186,0.6318226,0.10124518,0.0012892806,0.012728166,0.0038479336,0.00971808,0.0044336943,0.017141014,0.0143852625,0.1825496,0.003660077,0.6318226
pamap2,gnn_attention_adj,window,1,101,101,102,1495,1495,1495,9,1,16,2,vacuum_cleaning,sitting,False,0.016386678,0.3761306,0.1461523,0.0021229372,0.013499455,0.01081361,0.01237476,0.008583984,0.030149722,0.027149247,0.35057986,0.006056813,0.3761306
pamap2,gnn_attention_adj,window,1,101,101,102,1496,1496,1496,9,1,16,2,vacuum_cleaning,sitting,False,0.02071815,0.42234603,0.14613079,0.002222347,0.01511735,0.01114995,0.016136134,0.008910718,0.03407926,0.024734002,0.29166907,0.006786174,0.42234603
pamap2,gnn_attention_adj,window,1,101,101,102,1497,1497,1497,9,10,16,17,vacuum_cleaning,ironing,False,0.008805792,0.25554895,0.07071721,0.0010093536,0.009667756,0.013772644,0.006933412,0.0053379396,0.022602132,0.03362249,0.568052,0.003930301,0.568052
pamap2,gnn_attention_adj,window,1,101,101,102,1498,1498,1498,9,10,16,17,vacuum_cleaning,ironing,False,0.0044401907,0.14530732,0.0470485,0.0007295918,0.00710788,0.015401893,0.005551377,0.0043450487,0.01913538,0.035408653,0.7123386,0.0031855989,0.7123386
pamap2,gnn_attention_adj,window,1,101,101,102,1499,1499,1499,9,10,16,17,vacuum_cleaning,ironing,False,0.007364167,0.23203695,0.06288991,0.0006922393,0.008899755,0.013564379,0.006314896,0.004337129,0.021904575,0.028247153,0.61015236,0.003596433,0.61015236
pamap2,gnn_attention_adj,window,1,101,101,102,1500,1500,1500,9,10,16,17,vacuum_cleaning,ironing,False,0.0006920729,0.023555227,0.019112844,0.00025973312,0.0018098132,0.014368525,0.0010424459,0.002142255,0.007897099,0.034462135,0.89343494,0.0012227907,0.89343494
pamap2,gnn_attention_adj,window,1,101,101,102,1501,1501,1501,9,9,16,16,vacuum_cleaning,vacuum_cleaning,True,0.005359877,0.009028423,0.043444287,0.0059519326,0.0013895073,0.04386326,0.00035218662,0.015800249,0.0071133953,0.56289756,0.30316225,0.0016371429,0.56289756
pamap2,gnn_attention_adj,window,1,101,101,102,1502,1502,1502,9,9,16,16,vacuum_cleaning,vacuum_cleaning,True,0.011003257,0.011222578,0.07243659,0.053678658,0.0019704467,0.015324618,0.0006377729,0.051804695,0.009684478,0.6901454,0.079351634,0.002739831,0.6901454
pamap2,gnn_attention_adj,window,1,101,101,102,1503,1503,1503,9,9,16,16,vacuum_cleaning,vacuum_cleaning,True,0.005367808,0.0039771344,0.020426743,0.069133334,0.0018403995,0.16666426,0.003845096,0.1701997,0.10030858,0.41501087,0.038009226,0.0052167852,0.41501087
pamap2,gnn_attention_adj,window,1,101,101,102,1504,1504,1504,9,5,16,6,vacuum_cleaning,cycling,False,0.0029364557,0.00016071301,0.00048387563,0.005824133,0.00010793343,0.49164516,0.0005311292,0.13036396,0.0632835,0.30247226,0.0017216563,0.0004692449,0.49164516
pamap2,gnn_attention_adj,window,1,101,101,102,1505,1505,1505,9,9,16,16,vacuum_cleaning,vacuum_cleaning,True,0.000969421,6.947814e-05,0.0006619658,0.0006479037,2.0090718e-05,0.10435172,6.3722495e-05,0.022429116,0.002710074,0.8646241,0.0033716096,8.08534e-05,0.8646241
pamap2,gnn_attention_adj,window,1,101,101,102,1506,1506,1506,9,5,16,6,vacuum_cleaning,cycling,False,0.0003463425,1.3404513e-05,2.446092e-05,3.4966077e-05,6.0231155e-06,0.8397836,1.6938124e-05,0.0035357792,0.0047316593,0.14982371,0.001659815,2.3293142e-05,0.8397836
pamap2,gnn_attention_adj,window,1,101,101,102,1507,1507,1507,9,5,16,6,vacuum_cleaning,cycling,False,0.0008377837,0.00010397605,0.00013424343,0.00019158843,4.6215326e-05,0.81910074,0.0001437099,0.014066565,0.019301638,0.13998729,0.0059325015,0.00015379669,0.81910074
pamap2,gnn_attention_adj,window,1,101,101,102,1508,1508,1508,9,9,16,16,vacuum_cleaning,vacuum_cleaning,True,0.0006836604,0.00021242649,0.00059546717,0.00013864362,4.7436784e-05,0.25793186,0.0002220511,0.012198657,0.0051293257,0.6946334,0.028067574,0.00013940985,0.6946334
pamap2,gnn_attention_adj,window,1,101,101,102,1509,1509,1509,9,9,16,16,vacuum_cleaning,vacuum_cleaning,True,0.0007637166,0.00035395942,0.0008861988,0.00013897121,9.607454e-05,0.31318927,0.0003844774,0.009200604,0.0070787435,0.61357665,0.05408034,0.0002510771,0.61357665
pamap2,gnn_attention_adj,window,1,101,101,102,1510,1510,1510,9,9,16,16,vacuum_cleaning,vacuum_cleaning,True,0.004724297,0.0009382591,0.0069664884,0.075848885,0.0005262158,0.050087206,0.0012182565,0.25827932,0.03977678,0.55489117,0.0046427934,0.0021003145,0.55489117
pamap2,gnn_attention_adj,window,1,101,101,102,1511,1511,1511,9,9,16,16,vacuum_cleaning,vacuum_cleaning,True,0.006001067,0.00012362379,0.00041087397,0.0143100275,0.00016032638,0.33133733,0.00019377269,0.18537156,0.10754286,0.35312146,0.00057468744,0.0008523957,0.35312146
pamap2,gnn_attention_adj,window,1,101,101,102,1512,1512,1512,9,5,16,6,vacuum_cleaning,cycling,False,0.002742541,0.00020699523,0.0006734918,0.0065408647,0.00013877719,0.49680853,0.0002602369,0.05358654,0.056920033,0.3780827,0.0034578673,0.0005814956,0.49680853
pamap2,gnn_attention_adj,window,1,101,101,102,1513,1513,1513,9,9,16,16,vacuum_cleaning,vacuum_cleaning,True,0.003349496,0.0001327421,0.00065979554,0.00056878827,3.318144e-05,0.15884462,1.0426954e-05,0.0112287095,0.0035657631,0.8162297,0.0052769906,9.987692e-05,0.8162297
pamap2,gnn_attention_adj,window,1,101,101,102,1514,1514,1514,9,9,16,16,vacuum_cleaning,vacuum_cleaning,True,0.0083784945,0.00014557355,0.0005911713,0.000404452,3.9292398e-05,0.11371548,4.060332e-05,0.015497747,0.004175216,0.85488886,0.0019645,0.00015860665,0.85488886
pamap2,gnn_attention_adj,window,1,101,101,102,1515,1515,1515,9,5,16,6,vacuum_cleaning,cycling,False,0.0017751596,0.00013577173,0.00022252488,0.00011595686,3.868992e-05,0.5875938,7.014678e-05,0.007103284,0.0070684985,0.38543501,0.010315119,0.00012602612,0.5875938
pamap2,gnn_attention_adj,window,1,101,101,102,1516,1516,1516,9,9,16,16,vacuum_cleaning,vacuum_cleaning,True,0.0022596498,0.00018650763,0.0019622643,0.0009062119,4.1925116e-05,0.05871849,1.22565325e-05,0.011162272,0.0018594235,0.9128863,0.009885397,0.00011929353,0.9128863
pamap2,gnn_attention_adj,window,1,101,101,102,1517,1517,1517,9,9,16,16,vacuum_cleaning,vacuum_cleaning,True,0.0020871833,0.0001708848,0.002019595,0.00060572685,3.2880074e-05,0.039486837,7.590314e-06,0.007200802,0.0011110452,0.9369253,0.010262377,8.97237e-05,0.9369253
pamap2,gnn_attention_adj,window,1,101,101,102,1518,1518,1518,9,9,16,16,vacuum_cleaning,vacuum_cleaning,True,0.002435274,0.00048068678,0.0029781894,0.00052316673,8.84187e-05,0.095194854,1.699142e-05,0.007469601,0.0024898718,0.846963,0.04117,0.00018995735,0.846963
pamap2,gnn_attention_adj,window,1,101,101,102,1519,1519,1519,9,9,16,16,vacuum_cleaning,vacuum_cleaning,True,0.0022096862,0.00013064774,0.0021402577,0.0010787118,2.9244537e-05,0.022073569,7.01731e-06,0.010066636,0.0009722523,0.9562661,0.004934329,9.1532704e-05,0.9562661
pamap2,gnn_attention_adj,window,1,101,101,102,1520,1520,1520,9,9,16,16,vacuum_cleaning,vacuum_cleaning,True,0.0020242452,0.00011678125,0.0010596021,0.0040712026,4.1053547e-05,0.034408793,0.00017782408,0.19686158,0.004597902,0.7553244,0.0011312629,0.00018533025,0.7553244
pamap2,gnn_attention_adj,window,1,101,101,102,1521,1521,1521,9,9,16,16,vacuum_cleaning,vacuum_cleaning,True,0.0022595301,0.00023256359,0.0019653768,0.0035825656,7.801086e-05,0.11796831,0.00033224712,0.10880111,0.009960629,0.7497955,0.0046727625,0.00035139406,0.7497955
pamap2,gnn_attention_adj,window,1,101,101,102,1522,1522,1522,9,9,16,16,vacuum_cleaning,vacuum_cleaning,True,0.0016583202,0.0003115125,0.0020222263,0.0005829947,6.23397e-05,0.18267,2.5195444e-05,0.010047143,0.0034707137,0.76628715,0.03270112,0.0001613226,0.76628715
pamap2,gnn_attention_adj,window,1,101,101,102,1523,1523,1523,9,9,16,16,vacuum_cleaning,vacuum_cleaning,True,0.0028279042,0.00015169643,0.0015681105,0.0015612249,3.7448586e-05,0.06814105,1.6597245e-05,0.017765995,0.002732698,0.9000772,0.0049956455,0.00012441016,0.9000772
pamap2,gnn_attention_adj,window,1,101,101,102,1524,1524,1524,9,9,16,16,vacuum_cleaning,vacuum_cleaning,True,0.0022008913,0.00016062816,0.0012561079,0.0017185367,4.5089837e-05,0.10246465,4.2341544e-05,0.022430483,0.0046300236,0.85864824,0.0062471256,0.00015586604,0.85864824
pamap2,gnn_attention_adj,window,1,101,101,102,1525,1525,1525,9,9,16,16,vacuum_cleaning,vacuum_cleaning,True,0.0039480873,0.00028907767,0.00092589937,0.00071569486,8.0249476e-05,0.2127741,0.0001283347,0.016373407,0.0068463422,0.7480074,0.009649031,0.00026232938,0.7480074
pamap2,gnn_attention_adj,window,1,101,101,102,1526,1526,1526,9,9,16,16,vacuum_cleaning,vacuum_cleaning,True,0.008446445,0.00021251051,0.0008003726,0.0006216829,6.678297e-05,0.18027157,4.2187316e-05,0.016728884,0.00607063,0.7825471,0.0039524166,0.00023936051,0.7825471
pamap2,gnn_attention_adj,window,1,101,101,102,1527,1527,1527,9,9,16,16,vacuum_cleaning,vacuum_cleaning,True,0.00356884,0.00019355438,0.0012807789,0.00037774188,5.9896287e-05,0.13468756,2.1794669e-05,0.010036181,0.0033213103,0.835821,0.010418123,0.00021323639,0.835821
pamap2,gnn_attention_adj,window,1,101,101,102,1528,1528,1528,9,9,16,16,vacuum_cleaning,vacuum_cleaning,True,0.0043382067,0.00015231602,0.001628671,0.0010476602,3.9428178e-05,0.035523947,7.855133e-06,0.012320832,0.0016880916,0.939332,0.0037988832,0.00012203831,0.939332
pamap2,gnn_attention_adj,window,1,101,101,102,1529,1529,1529,9,9,16,16,vacuum_cleaning,vacuum_cleaning,True,0.0013472682,0.0003518778,0.0016664332,0.0005151151,7.9258745e-05,0.23589511,3.8225327e-05,0.010073209,0.0046740305,0.69857746,0.04658995,0.00019216017,0.69857746
pamap2,gnn_attention_adj,window,1,101,101,102,1530,1530,1530,9,9,16,16,vacuum_cleaning,vacuum_cleaning,True,0.0018383799,0.00016825953,0.0005975624,0.0011871035,5.7311554e-05,0.25945038,0.00023589734,0.1420278,0.010814299,0.57862395,0.0048014005,0.000197729,0.57862395
pamap2,gnn_attention_adj,window,1,101,101,102,1531,1531,1531,9,9,16,16,vacuum_cleaning,vacuum_cleaning,True,0.0022768336,0.00012817704,0.0011019995,0.0032926952,3.6829428e-05,0.045353174,9.753938e-05,0.13776122,0.00421155,0.8038222,0.0017663348,0.00015144079,0.8038222
pamap2,gnn_attention_adj,window,1,101,101,102,1532,1532,1532,9,9,16,16,vacuum_cleaning,vacuum_cleaning,True,0.0020871148,0.00026966512,0.0015858979,0.00080414437,5.1466835e-05,0.14033756,1.9985902e-05,0.01051633,0.0033689307,0.82293355,0.017895525,0.00012978876,0.82293355
pamap2,gnn_attention_adj,window,1,101,101,102,1533,1533,1533,9,9,16,16,vacuum_cleaning,vacuum_cleaning,True,0.0037811173,0.00013933227,0.0020941463,0.001921364,3.6570706e-05,0.020860465,9.323053e-06,0.013388375,0.0014585579,0.9535142,0.0026738879,0.00012275093,0.9535142
pamap2,gnn_attention_adj,window,1,101,101,102,1534,1534,1534,9,9,16,16,vacuum_cleaning,vacuum_cleaning,True,0.003501131,0.0005804691,0.004184239,0.00874184,0.0001702939,0.09687882,0.00017983053,0.05969421,0.013288503,0.79956865,0.012696501,0.0005155945,0.79956865
pamap2,gnn_attention_adj,window,1,101,101,102,1535,1535,1535,9,5,16,6,vacuum_cleaning,cycling,False,0.0012970893,0.0001553247,0.0004938718,0.0010798238,4.383763e-05,0.4736436,0.00022328332,0.035589773,0.019389324,0.46091548,0.0069928225,0.00017572031,0.4736436
pamap2,gnn_attention_adj,window,1,101,101,102,1536,1536,1536,9,9,16,16,vacuum_cleaning,vacuum_cleaning,True,0.0010457197,8.4376254e-05,0.0004093065,0.0003331247,1.952641e-05,0.27531132,6.127103e-05,0.019695817,0.0046861796,0.6918133,0.006462991,7.713327e-05,0.6918133
pamap2,gnn_attention_adj,window,1,101,101,102,1537,1537,1537,9,9,16,16,vacuum_cleaning,vacuum_cleaning,True,0.001111479,0.00019126321,0.0011339874,0.00044527662,3.6274465e-05,0.19313966,2.0289765e-05,0.007978568,0.0027378271,0.76791143,0.025203193,9.073698e-05,0.76791143
pamap2,gnn_attention_adj,window,1,101,101,102,1538,1538,1538,9,9,16,16,vacuum_cleaning,vacuum_cleaning,True,0.0012927797,0.00017457119,0.00085797533,0.00052417,3.2713546e-05,0.18762594,2.8918266e-05,0.010704817,0.003148611,0.77880025,0.01672639,8.28059e-05,0.77880025
pamap2,gnn_attention_adj,window,1,101,101,102,1539,1539,1539,9,9,16,16,vacuum_cleaning,vacuum_cleaning,True,0.0013756936,0.00014498403,0.00092689577,0.00094551477,3.12212e-05,0.15933526,4.053569e-05,0.016626867,0.004185484,0.80668235,0.009608255,9.695227e-05,0.80668235
pamap2,gnn_attention_adj,window,1,101,101,102,1540,1540,1540,9,9,16,16,vacuum_cleaning,vacuum_cleaning,True,0.0019709226,0.0002456124,0.0012280714,0.000755042,5.2344643e-05,0.22941093,2.5004034e-05,0.012922502,0.004737605,0.7308487,0.017664816,0.00013848083,0.7308487
pamap2,gnn_attention_adj,window,1,101,101,102,1541,1541,1541,9,9,16,16,vacuum_cleaning,vacuum_cleaning,True,0.0027185744,0.00024418786,0.0014128515,0.0015835005,5.8782585e-05,0.16954,2.9417357e-05,0.01995545,0.005647672,0.7879299,0.010718115,0.00016158885,0.7879299
pamap2,gnn_attention_adj,window,1,101,101,102,1542,1542,1542,9,9,16,16,vacuum_cleaning,vacuum_cleaning,True,0.0019157357,0.0001647893,0.001176437,0.0025734594,4.0156152e-05,0.14027503,6.116721e-05,0.035412945,0.006488281,0.8055644,0.006191205,0.00013640968,0.8055644
pamap2,gnn_attention_adj,window,1,101,101,102,1543,1543,1543,9,5,16,6,vacuum_cleaning,cycling,False,0.0009443332,6.195673e-05,0.00018408049,0.00037771615,2.136329e-05,0.61749744,0.00013814971,0.014722074,0.012204025,0.35059962,0.0031555216,9.370706e-05,0.61749744
pamap2,gnn_attention_adj,window,1,101,101,102,1544,1544,1544,9,9,16,16,vacuum_cleaning,vacuum_cleaning,True,0.0036677157,0.00012947798,0.00038058456,0.00023105786,4.3842352e-05,0.4333997,0.00012344924,0.010850661,0.0079024965,0.5389628,0.004134911,0.00017334863,0.5389628
pamap2,gnn_attention_adj,window,1,101,101,102,1545,1545,1545,9,9,16,16,vacuum_cleaning,vacuum_cleaning,True,0.0032294148,0.0009438287,0.003046118,0.00068645284,0.0002731753,0.43660536,0.00017865043,0.010730557,0.00958529,0.46898064,0.06513526,0.0006052373,0.46898064
pamap2,gnn_attention_adj,window,1,101,101,102,1546,1546,1546,9,5,16,6,vacuum_cleaning,cycling,False,0.00020952334,5.6167024e-05,7.1482515e-05,2.8244223e-05,1.7124712e-05,0.8639395,3.3760865e-05,0.0021384663,0.0047995173,0.11227204,0.016390258,4.3914293e-05,0.8639395
pamap2,gnn_attention_adj,window,1,101,101,102,1547,1547,1547,9,9,16,16,vacuum_cleaning,vacuum_cleaning,True,0.0020801323,9.98983e-05,0.0005633934,0.0017526529,3.1836218e-05,0.20094192,5.158287e-05,0.03016964,0.008277865,0.75253606,0.00337128,0.00012371868,0.75253606
pamap2,gnn_attention_adj,window,1,101,101,102,1548,1548,1548,9,9,16,16,vacuum_cleaning,vacuum_cleaning,True,0.0022310144,8.5557534e-05,0.000845034,0.001641167,2.2067556e-05,0.051180094,1.6009644e-05,0.018468486,0.0026081696,0.9205064,0.002311541,8.434338e-05,0.9205064
pamap2,gnn_attention_adj,window,1,101,101,102,1549,1549,1549,9,9,16,16,vacuum_cleaning,vacuum_cleaning,True,0.00091219164,0.000114374576,0.00040462433,0.0001694401,2.9348535e-05,0.4583574,1.663976e-05,0.006149993,0.004212577,0.5106029,0.018947473,8.300851e-05,0.5106029
pamap2,gnn_attention_adj,window,1,101,101,102,1550,1550,1550,9,9,16,16,vacuum_cleaning,vacuum_cleaning,True,0.0009457661,4.7591897e-05,0.00032455492,0.00043404553,1.3254543e-05,0.22432157,2.473612e-05,0.010656437,0.0039203865,0.7557418,0.003511435,5.852542e-05,0.7557418
pamap2,gnn_attention_adj,window,1,101,101,102,1551,1551,1551,9,9,16,16,vacuum_cleaning,vacuum_cleaning,True,0.0008246499,0.0001844827,0.0007865623,0.00031101558,4.9580405e-05,0.41147617,6.750263e-05,0.007928486,0.006552124,0.5431277,0.028542522,0.0001492235,0.5431277
pamap2,gnn_attention_adj,window,1,101,101,102,1552,1552,1552,9,10,16,17,vacuum_cleaning,ironing,False,0.0005145296,0.0012268835,0.0009172289,5.746748e-05,0.00018994207,0.34893072,0.0001278097,0.0021094745,0.0054793414,0.23411265,0.40611273,0.00022118985,0.40611273
pamap2,gnn_attention_adj,window,1,101,101,102,1553,1553,1553,9,9,16,16,vacuum_cleaning,vacuum_cleaning,True,0.000821069,0.00042846368,0.0015014078,0.00012325235,8.78572e-05,0.3653916,3.7818423e-05,0.0038052534,0.0036347953,0.48630542,0.1376759,0.00018715122,0.48630542
pamap2,gnn_attention_adj,window,1,101,101,102,1554,1554,1554,9,9,16,16,vacuum_cleaning,vacuum_cleaning,True,0.0018266162,0.00023214736,0.0018562432,0.0006023553,7.051032e-05,0.18439654,3.4528966e-05,0.00990681,0.0035952227,0.77610946,0.02116098,0.00020855709,0.77610946
pamap2,gnn_attention_adj,window,1,101,101,102,1555,1555,1555,9,9,16,16,vacuum_cleaning,vacuum_cleaning,True,0.0010284287,5.3450833e-05,0.000538839,0.0021756382,1.5921209e-05,0.09355164,6.452543e-05,0.0366604,0.005123139,0.859014,0.0016941292,8.0010956e-05,0.859014
pamap2,gnn_attention_adj,window,1,101,101,102,1556,1556,1556,9,9,16,16,vacuum_cleaning,vacuum_cleaning,True,0.0011966727,5.9298625e-05,0.0009839365,0.0034427082,1.4794503e-05,0.02019069,2.5434943e-05,0.02787416,0.0019598897,0.9428965,0.0012830583,7.284819e-05,0.9428965
pamap2,gnn_attention_adj,window,1,101,101,102,1557,1557,1557,9,9,16,16,vacuum_cleaning,vacuum_cleaning,True,0.0009234256,3.300345e-05,0.00075815764,0.003267393,8.2411425e-06,0.01119529,1.2672242e-05,0.02586669,0.0011958063,0.9560591,0.00063678547,4.3480835e-05,0.9560591
pamap2,gnn_attention_adj,window,1,101,101,102,1558,1558,1558,9,9,16,16,vacuum_cleaning,vacuum_cleaning,True,0.00087955,3.3316854e-05,0.0005469926,0.0014630836,8.805024e-06,0.03217046,2.6474858e-05,0.024107073,0.0019316976,0.9378208,0.00096123724,5.06202e-05,0.9378208
pamap2,gnn_attention_adj,window,1,101,101,102,1559,1559,1559,9,9,16,16,vacuum_cleaning,vacuum_cleaning,True,0.0020633105,0.00012559674,0.0019378748,0.009019444,4.289092e-05,0.01787452,8.156991e-05,0.051453892,0.0037784239,0.9119773,0.0014270296,0.0002181097,0.9119773
pamap2,gnn_attention_adj,window,1,101,101,102,1560,1560,1560,9,9,16,16,vacuum_cleaning,vacuum_cleaning,True,0.0019541339,0.00019181943,0.0028619661,0.006148017,6.0682687e-05,0.028580856,8.224504e-05,0.032924145,0.0036721257,0.91941404,0.0038512645,0.0002586377,0.91941404
pamap2,gnn_attention_adj,window,1,101,101,102,1561,1561,1561,9,9,16,16,vacuum_cleaning,vacuum_cleaning,True,0.002358508,0.0006089156,0.0005591844,0.0002935131,0.00018576081,0.2588996,0.0015287332,0.010068334,0.011294009,0.6932246,0.020544326,0.00043446856,0.6932246
pamap2,gnn_attention_adj,window,1,101,101,102,1562,1562,1562,9,9,16,16,vacuum_cleaning,vacuum_cleaning,True,0.0020609507,0.0005438651,0.0010563328,0.0007556495,0.00032956977,0.3068933,0.002975578,0.01828298,0.019603385,0.6278877,0.018558873,0.001051882,0.6278877
pamap2,gnn_attention_adj,window,1,101,101,102,1563,1563,1563,9,9,16,16,vacuum_cleaning,vacuum_cleaning,True,0.0016961148,0.00058360613,0.0011371734,0.00059682206,0.0003134282,0.37926614,0.002177925,0.015595732,0.017357042,0.55120146,0.029195374,0.00087918795,0.55120146
pamap2,gnn_attention_adj,window,1,101,101,102,1564,1564,1564,9,9,16,16,vacuum_cleaning,vacuum_cleaning,True,0.0009544105,8.5552674e-05,0.00040164866,0.0001888442,2.0058496e-05,0.20636658,6.882754e-05,0.013682668,0.003414901,0.76718783,0.007549411,7.9233316e-05,0.76718783
pamap2,gnn_attention_adj,window,1,101,101,102,1565,1565,1565,9,9,16,16,vacuum_cleaning,vacuum_cleaning,True,0.0011010588,6.630609e-05,0.0003526119,0.00047764636,2.0625901e-05,0.19331503,0.00018508229,0.019699788,0.0062134992,0.7758151,0.0026449629,0.00010823992,0.7758151
pamap2,gnn_attention_adj,window,1,101,101,102,1566,1566,1566,9,9,16,16,vacuum_cleaning,vacuum_cleaning,True,0.0024049461,6.7992165e-05,0.0002972303,0.00037316512,1.7237653e-05,0.24268721,5.479029e-05,0.016745633,0.005393228,0.72978836,0.0020861183,8.407121e-05,0.72978836
pamap2,gnn_attention_adj,window,1,101,101,102,1567,1567,1567,9,9,16,16,vacuum_cleaning,vacuum_cleaning,True,0.0059610507,0.00018176208,0.00039607534,0.00018794362,4.1121246e-05,0.34686944,1.9997098e-05,0.009405905,0.005278361,0.62537235,0.0061633186,0.00012269935,0.62537235
pamap2,gnn_attention_adj,window,1,101,101,102,1568,1568,1568,9,9,16,16,vacuum_cleaning,vacuum_cleaning,True,0.009621134,0.00027663537,0.00074833585,0.00047631722,6.4041924e-05,0.20076366,6.186213e-05,0.01536603,0.005843593,0.76210827,0.004470321,0.00019985152,0.76210827
pamap2,gnn_attention_adj,window,1,101,101,102,1569,1569,1569,9,9,16,16,vacuum_cleaning,vacuum_cleaning,True,0.0024760168,4.2038908e-05,0.000101687256,0.00024373717,1.6349584e-05,0.4587637,0.00015011728,0.023235256,0.010598657,0.50359595,0.0006887273,8.785524e-05,0.50359595
pamap2,gnn_attention_adj,window,1,101,101,102,1570,1570,1570,9,9,16,16,vacuum_cleaning,vacuum_cleaning,True,0.001424371,9.4605224e-05,0.0010130942,0.0015266747,2.8933282e-05,0.09774945,6.9495094e-05,0.029370476,0.0047257524,0.86041504,0.0034468232,0.0001353326,0.86041504
pamap2,gnn_attention_adj,window,1,101,101,102,1571,1571,1571,9,9,16,16,vacuum_cleaning,vacuum_cleaning,True,0.00067574694,0.00029843402,0.0011069531,0.0002562554,8.4468134e-05,0.39904994,9.259825e-05,0.007421604,0.0070324796,0.5142646,0.06950376,0.00021314665,0.5142646
pamap2,gnn_attention_adj,window,1,101,101,102,1572,1572,1572,9,10,16,17,vacuum_cleaning,ironing,False,0.0005204654,0.004253346,0.006745434,0.00056387304,0.0006069924,0.09006904,0.0008076253,0.005828388,0.00822601,0.2970112,0.58477914,0.00058845774,0.58477914
pamap2,gnn_attention_adj,window,1,101,101,102,1573,1573,1573,9,10,16,17,vacuum_cleaning,ironing,False,0.0011614846,0.015355333,0.025710633,0.0021599852,0.0033089228,0.06696982,0.0032642127,0.0127815455,0.025546858,0.15158133,0.68862927,0.0035306218,0.68862927
pamap2,gnn_attention_adj,window,1,101,101,102,1574,1574,1574,9,5,16,6,vacuum_cleaning,cycling,False,0.0014385278,0.001639107,0.001871295,0.0044707544,0.0009492522,0.3595233,0.018240273,0.10287603,0.12652308,0.35431892,0.02564562,0.0025038666,0.3595233
pamap2,gnn_attention_adj,window,1,101,101,102,1575,1575,1575,9,5,16,6,vacuum_cleaning,cycling,False,0.0003220908,9.5929514e-05,0.00023473402,0.00016370494,4.4360637e-05,0.4817259,0.00090105284,0.012154213,0.01428441,0.47930014,0.010601391,0.0001720998,0.4817259
pamap2,gnn_attention_adj,window,1,101,101,102,1576,1576,1576,9,9,16,16,vacuum_cleaning,vacuum_cleaning,True,0.0028302127,6.1951294e-05,0.00034208756,0.0009057194,1.9870076e-05,0.21641524,1.887423e-05,0.024685062,0.0064444933,0.74643487,0.0017580056,8.3609164e-05,0.74643487
pamap2,gnn_attention_adj,window,1,101,101,102,1577,1577,1577,9,9,16,16,vacuum_cleaning,vacuum_cleaning,True,0.0022067064,0.00011214314,0.0004977117,0.0030243297,4.2902342e-05,0.25853342,0.00020441502,0.092074275,0.019587459,0.62134486,0.0021699488,0.00020188095,0.62134486
pamap2,gnn_attention_adj,window,1,101,101,102,1578,1578,1578,9,9,16,16,vacuum_cleaning,vacuum_cleaning,True,0.004167992,0.00019902972,0.00045690872,0.0027926355,6.729413e-05,0.25850105,0.000643809,0.08876603,0.020362059,0.62212694,0.0016389845,0.00027725086,0.62212694
pamap2,gnn_attention_adj,window,1,101,101,102,1579,1579,1579,9,9,16,16,vacuum_cleaning,vacuum_cleaning,True,0.023320174,0.00032871804,0.00086854305,0.0005148512,7.539029e-05,0.13205184,4.2607746e-05,0.017589297,0.005596935,0.8172863,0.0021028658,0.00022242895,0.8172863
pamap2,gnn_attention_adj,window,1,101,101,102,1580,1580,1580,9,9,16,16,vacuum_cleaning,vacuum_cleaning,True,0.0017168627,7.1728304e-05,0.0006188532,0.00070311653,1.7883165e-05,0.12641898,1.6552196e-05,0.012071098,0.002680979,0.8521223,0.0034910648,7.0557086e-05,0.8521223
pamap2,gnn_attention_adj,window,1,101,101,102,1581,1581,1581,9,9,16,16,vacuum_cleaning,vacuum_cleaning,True,0.0051816218,0.0002794378,0.0025614025,0.010348652,7.33776e-05,0.039887946,3.864321e-05,0.050558597,0.0061988193,0.8815085,0.0031137725,0.00024921785,0.8815085
pamap2,gnn_attention_adj,window,1,101,101,102,1582,1582,1582,9,9,16,16,vacuum_cleaning,vacuum_cleaning,True,0.007802484,0.00019199427,0.0024258017,0.0032585561,4.2873922e-05,0.022370636,6.4597716e-06,0.02245498,0.0023694213,0.9370485,0.001895577,0.00013262198,0.9370485
pamap2,gnn_attention_adj,window,1,101,101,102,1583,1583,1583,9,9,16,16,vacuum_cleaning,vacuum_cleaning,True,0.0034896636,5.8059253e-05,0.0009074026,0.001477606,1.5627778e-05,0.022448773,5.2286423e-06,0.022076778,0.0014947682,0.9471485,0.00081466784,6.30499e-05,0.9471485
pamap2,gnn_attention_adj,window,1,101,101,102,1584,1584,1584,9,9,16,16,vacuum_cleaning,vacuum_cleaning,True,0.011484225,0.0005368273,0.00079492206,0.0003422411,0.00011825688,0.15859994,0.0002510831,0.01565725,0.006701868,0.7987358,0.0064453417,0.00033218157,0.7987358
pamap2,gnn_attention_adj,window,1,101,101,102,1585,1585,1585,9,9,16,16,vacuum_cleaning,vacuum_cleaning,True,0.011539935,0.00040092974,0.0011432181,0.0018813615,9.364108e-05,0.043811288,0.00045691847,0.03962607,0.006124119,0.893302,0.0012644307,0.00035601394,0.893302
pamap2,gnn_attention_adj,window,1,101,101,102,1586,1586,1586,9,9,16,16,vacuum_cleaning,vacuum_cleaning,True,0.002273151,5.8419635e-05,0.0009888224,0.0069148876,1.2171814e-05,0.007871398,1.4454883e-05,0.037761454,0.0016404637,0.9419766,0.0004267287,6.1537e-05,0.9419766
pamap2,gnn_attention_adj,window,1,101,101,102,1587,1587,1587,9,9,16,16,vacuum_cleaning,vacuum_cleaning,True,0.0034299544,7.160842e-05,0.0010697765,0.003697225,1.5115781e-05,0.008965551,1.0134503e-05,0.038099777,0.0014847738,0.9425344,0.00055503426,6.672386e-05,0.9425344
pamap2,gnn_attention_adj,window,1,101,101,102,1588,1588,1588,9,9,16,16,vacuum_cleaning,vacuum_cleaning,True,0.0038735338,0.000107410226,0.0016119402,0.0053715184,2.2709391e-05,0.0073915008,1.2470688e-05,0.038264528,0.0015535473,0.9409443,0.00075087504,9.5641844e-05,0.9409443
pamap2,gnn_attention_adj,window,1,101,101,102,1589,1589,1589,9,9,16,16,vacuum_cleaning,vacuum_cleaning,True,0.003630086,0.00019359073,0.0014697391,0.00685129,6.900341e-05,0.10645154,0.00027908335,0.10901732,0.014971654,0.75467867,0.0020362462,0.00035173434,0.75467867
pamap2,gnn_attention_adj,window,1,101,101,102,1590,1590,1590,9,9,16,16,vacuum_cleaning,vacuum_cleaning,True,0.001390749,7.097177e-05,0.00032168865,0.00095446646,2.7668357e-05,0.41617852,0.00027050372,0.054393742,0.016640393,0.5076073,0.001982147,0.00016186277,0.5076073
pamap2,gnn_attention_adj,window,1,101,101,102,1591,1591,1591,9,5,16,6,vacuum_cleaning,cycling,False,0.0007851709,3.565232e-05,0.00010711185,0.00012484998,1.1784703e-05,0.6263709,2.6386833e-05,0.0074144388,0.0054805637,0.3562697,0.0033266796,4.6781075e-05,0.6263709
pamap2,gnn_attention_adj,window,1,101,101,102,1592,1592,1592,9,9,16,16,vacuum_cleaning,vacuum_cleaning,True,0.0011697346,8.91598e-05,0.0003666632,0.00024297892,2.4294866e-05,0.37011454,3.8857906e-05,0.009285811,0.004914893,0.6053418,0.008325268,8.5995234e-05,0.6053418
pamap2,gnn_attention_adj,window,1,101,101,102,1593,1593,1593,9,5,16,6,vacuum_cleaning,cycling,False,0.0013334366,0.000107850305,0.00019476327,7.684638e-05,2.4300467e-05,0.5582494,3.3798653e-05,0.004842665,0.004378247,0.41897604,0.011709592,7.299591e-05,0.5582494
pamap2,gnn_attention_adj,window,1,101,101,102,1594,1594,1594,9,9,16,16,vacuum_cleaning,vacuum_cleaning,True,0.0018425278,0.0001559272,0.00032917334,0.00011831935,3.3247263e-05,0.4255289,5.0509745e-05,0.006129898,0.004376239,0.547532,0.01380516,9.812481e-05,0.547532
pamap2,gnn_attention_adj,window,1,101,101,102,1595,1595,1595,9,9,16,16,vacuum_cleaning,vacuum_cleaning,True,0.0064982125,0.0003732688,0.0006388249,0.00047067172,9.041973e-05,0.16015215,0.00036949967,0.016175134,0.007189769,0.8028535,0.004911102,0.00027739233,0.8028535
pamap2,gnn_attention_adj,window,1,101,101,102,1596,1596,1596,9,9,16,16,vacuum_cleaning,vacuum_cleaning,True,0.006173325,0.0004195379,0.00058696966,0.00045882748,0.00011005874,0.22020099,0.00051795074,0.016130816,0.009394404,0.739733,0.0059571634,0.00031697055,0.739733
pamap2,gnn_attention_adj,window,1,101,101,102,1597,1597,1597,9,9,16,16,vacuum_cleaning,vacuum_cleaning,True,0.0018335193,8.203538e-05,0.00031802774,0.00020423852,1.9375704e-05,0.35130402,2.3653825e-05,0.008899339,0.0041273823,0.6273253,0.0057912352,7.1827024e-05,0.6273253
pamap2,gnn_attention_adj,window,1,101,101,102,1598,1598,1598,9,9,16,16,vacuum_cleaning,vacuum_cleaning,True,0.0014631231,4.6570138e-05,0.00016543962,0.00013801712,1.2477842e-05,0.47015384,2.3303917e-05,0.008963784,0.0045602284,0.51112187,0.0032979522,5.340805e-05,0.51112187
pamap2,gnn_attention_adj,window,1,101,101,102,1599,1599,1599,9,9,16,16,vacuum_cleaning,vacuum_cleaning,True,0.0013776846,0.00012576577,0.00030258187,0.00018904713,4.0315826e-05,0.4212807,0.0001992375,0.011412284,0.0074772453,0.54929596,0.008154194,0.00014503466,0.54929596
pamap2,gnn_attention_adj,window,1,101,101,102,1600,1600,1600,9,9,16,16,vacuum_cleaning,vacuum_cleaning,True,0.0032818865,0.0001789739,0.0005728186,0.00036381307,7.172258e-05,0.29866874,0.00027223196,0.015211581,0.008172062,0.66716313,0.0057655945,0.00027745764,0.66716313
pamap2,gnn_attention_adj,window,1,101,101,102,1601,1601,1601,9,9,16,16,vacuum_cleaning,vacuum_cleaning,True,0.001526097,5.5047658e-05,0.00027757618,0.00051161647,1.5013986e-05,0.30882728,0.00012941069,0.03145976,0.0080917915,0.64732236,0.0016963644,8.774355e-05,0.64732236
pamap2,gnn_attention_adj,window,1,101,101,102,1602,1602,1602,9,9,16,16,vacuum_cleaning,vacuum_cleaning,True,0.0021198462,5.037269e-05,0.00055328035,0.0036911876,1.3225956e-05,0.04701908,5.7332934e-05,0.06794468,0.005092255,0.87282,0.0005605994,7.8086414e-05,0.87282
pamap2,gnn_attention_adj,window,1,101,101,102,1603,1603,1603,9,9,16,16,vacuum_cleaning,vacuum_cleaning,True,0.0020634944,3.0126053e-05,0.0004256836,0.0015572306,7.257478e-06,0.028987769,9.5257565e-06,0.022619968,0.0019761166,0.9418359,0.00044618486,4.091341e-05,0.9418359
pamap2,gnn_attention_adj,window,1,101,101,102,1604,1604,1604,9,9,16,16,vacuum_cleaning,vacuum_cleaning,True,0.0024034635,4.12293e-05,0.0005770252,0.0014331111,8.981433e-06,0.017598802,6.8706195e-06,0.022235643,0.001297587,0.9537934,0.00056124566,4.2631305e-05,0.9537934
pamap2,gnn_attention_adj,window,1,101,101,102,1605,1605,1605,9,9,16,16,vacuum_cleaning,vacuum_cleaning,True,0.0055500288,7.721907e-05,0.0005413469,0.00040642553,1.6843378e-05,0.060630094,5.741902e-06,0.010294645,0.0017458794,0.9192758,0.0013934592,6.24082e-05,0.9192758
pamap2,gnn_attention_adj,window,1,101,101,102,1606,1606,1606,9,9,16,16,vacuum_cleaning,vacuum_cleaning,True,0.0027595237,3.9516985e-05,0.00026534917,0.00041697573,1.21050325e-05,0.16760817,1.3676567e-05,0.017778987,0.0036375273,0.80633104,0.0010788111,5.8306043e-05,0.80633104
pamap2,gnn_attention_adj,window,1,101,101,102,1607,1607,1607,9,9,16,16,vacuum_cleaning,vacuum_cleaning,True,0.0033233431,8.673461e-05,0.0006389925,0.0010916897,2.502031e-05,0.114363216,1.5927495e-05,0.020396763,0.0040389844,0.8536362,0.0022844814,9.8667755e-05,0.8536362
pamap2,gnn_attention_adj,window,1,101,101,102,1608,1608,1608,9,9,16,16,vacuum_cleaning,vacuum_cleaning,True,0.0028087234,0.00037909413,0.0022775126,0.0033789645,0.00010809314,0.1826934,0.00016808361,0.03513366,0.01081758,0.7493237,0.012577464,0.00033367955,0.7493237
pamap2,gnn_attention_adj,window,1,101,101,102,1609,1609,1609,9,9,16,16,vacuum_cleaning,vacuum_cleaning,True,0.0053762556,0.0022305145,0.01495937,0.003828739,0.0005739632,0.15190633,0.00028662654,0.023817975,0.010225308,0.70267534,0.082898594,0.0012209292,0.70267534
pamap2,gnn_attention_adj,window,1,101,101,102,1610,1610,1610,9,9,16,16,vacuum_cleaning,vacuum_cleaning,True,0.0064155096,0.0025836204,0.015296732,0.0022491475,0.0006974268,0.21663268,0.00027848972,0.02251309,0.012271616,0.61020213,0.109345205,0.0015143512,0.61020213
pamap2,gnn_attention_adj,window,1,101,101,102,1611,1611,1611,9,9,16,16,vacuum_cleaning,vacuum_cleaning,True,0.0026001523,0.00017956394,0.0008187108,0.00040596124,4.9113845e-05,0.28281584,7.014277e-05,0.015050436,0.0057005472,0.68207335,0.010058827,0.00017738923,0.68207335
pamap2,gnn_attention_adj,window,1,101,101,102,1612,1612,1612,9,9,16,16,vacuum_cleaning,vacuum_cleaning,True,0.0028819006,7.056439e-05,0.00067896047,0.0006928362,1.709159e-05,0.05772255,1.3465062e-05,0.015573913,0.0021123742,0.91840357,0.0017556812,7.707417e-05,0.91840357
pamap2,gnn_attention_adj,window,1,101,101,102,1613,1613,1613,9,9,16,16,vacuum_cleaning,vacuum_cleaning,True,0.003968649,6.354681e-05,0.000917125,0.0020009456,1.4095888e-05,0.010744373,4.988215e-06,0.017013812,0.0011116522,0.9635255,0.0005778374,5.755789e-05,0.9635255
pamap2,gnn_attention_adj,window,1,101,101,102,1614,1614,1614,9,9,16,16,vacuum_cleaning,vacuum_cleaning,True,0.0061228275,0.00011899423,0.0011006611,0.0007117922,2.2355112e-05,0.027740384,4.6273117e-06,0.009741203,0.001223169,0.9513794,0.0017644139,7.012115e-05,0.9513794
pamap2,gnn_attention_adj,window,1,101,101,102,1615,1615,1615,9,9,16,16,vacuum_cleaning,vacuum_cleaning,True,0.002253946,5.077258e-05,0.0005760531,0.0014282737,1.3230024e-05,0.048566494,5.5911765e-05,0.07388498,0.0033963714,0.86906445,0.0006315958,7.7930745e-05,0.86906445
pamap2,gnn_attention_adj,window,1,101,101,102,1616,1616,1616,9,9,16,16,vacuum_cleaning,vacuum_cleaning,True,0.0018754076,3.5793633e-05,0.00030261453,0.0012924821,1.1237323e-05,0.10494073,8.015554e-05,0.099477485,0.0060264156,0.7854054,0.00048144197,7.080822e-05,0.7854054
pamap2,gnn_attention_adj,window,1,101,101,102,1617,1617,1617,9,9,16,16,vacuum_cleaning,vacuum_cleaning,True,0.0017348204,4.1996293e-05,0.00034820352,0.002109245,1.4211817e-05,0.16104746,0.00015492633,0.09283873,0.010339334,0.73069054,0.0005839899,9.651941e-05,0.73069054
pamap2,gnn_attention_adj,window,1,101,101,102,1618,1618,1618,9,9,16,16,vacuum_cleaning,vacuum_cleaning,True,0.0016796056,4.5852477e-05,0.0004887965,0.0024416447,1.4171096e-05,0.0992453,7.919727e-05,0.07670125,0.0067072026,0.81173646,0.0007753303,8.520678e-05,0.81173646
pamap2,gnn_attention_adj,window,1,101,101,102,1619,1619,1619,9,9,16,16,vacuum_cleaning,vacuum_cleaning,True,0.0020068923,4.9209004e-05,0.00047710765,0.0017740922,1.4296605e-05,0.097150676,2.0603553e-05,0.035387244,0.004421847,0.8574407,0.0011901995,6.715017e-05,0.8574407
pamap2,gnn_attention_adj,window,1,101,101,102,1620,1620,1620,9,9,16,16,vacuum_cleaning,vacuum_cleaning,True,0.0016275864,4.088054e-05,0.00044253585,0.001078848,1.0895734e-05,0.091314934,1.6866938e-05,0.02450734,0.0030917532,0.87654835,0.0012660059,5.4025237e-05,0.87654835
pamap2,gnn_attention_adj,window,1,101,101,102,1621,1621,1621,9,9,16,16,vacuum_cleaning,vacuum_cleaning,True,0.005331538,0.00011070512,0.0006694493,0.000473682,2.4754712e-05,0.08733649,7.4295936e-06,0.010705,0.002358133,0.89023495,0.0026616275,8.6260494e-05,0.89023495
pamap2,gnn_attention_adj,window,1,101,101,102,1622,1622,1622,9,9,16,16,vacuum_cleaning,vacuum_cleaning,True,0.006230394,5.7017005e-05,0.000749597,0.0010892248,1.3453324e-05,0.012356732,2.8845484e-06,0.014233829,0.0010194485,0.9637605,0.00043468038,5.2363775e-05,0.9637605
pamap2,gnn_attention_adj,window,1,101,101,102,1623,1623,1623,9,9,16,16,vacuum_cleaning,vacuum_cleaning,True,0.010758873,0.0008561805,0.0036063257,0.0107952515,0.00033125601,0.13080893,0.00013480449,0.073511116,0.023108345,0.7363081,0.008853786,0.00092692237,0.7363081
pamap2,gnn_attention_adj,window,1,101,101,102,1624,1624,1624,9,9,16,16,vacuum_cleaning,vacuum_cleaning,True,0.0023834289,0.0008092633,0.002146888,0.0022202255,0.0002663559,0.41336074,0.00040476694,0.027942834,0.027677186,0.4855497,0.036572136,0.0006664508,0.4855497
pamap2,gnn_attention_adj,window,1,101,101,102,1625,1625,1625,9,5,16,6,vacuum_cleaning,cycling,False,0.0012951633,0.0019696732,0.0021937885,0.0010947009,0.00063803454,0.5471853,0.0017522111,0.019490778,0.05301424,0.25956923,0.11059613,0.0012008229,0.5471853
pamap2,gnn_attention_adj,window,1,101,101,102,1626,1626,1626,9,9,16,16,vacuum_cleaning,vacuum_cleaning,True,0.0016460702,0.009706291,0.011963054,0.0053041577,0.0037357726,0.21973108,0.02625393,0.038180914,0.11056119,0.31551698,0.25140187,0.0059987735,0.31551698
pamap2,gnn_attention_adj,window,1,101,101,102,1627,1627,1627,9,5,16,6,vacuum_cleaning,cycling,False,0.0012267675,0.0010690764,0.0014903932,0.0049593644,0.0008534213,0.5082769,0.0069999737,0.076576725,0.25393677,0.12428031,0.017379576,0.0029507224,0.5082769
pamap2,gnn_attention_adj,window,1,101,101,102,1628,1628,1628,9,5,16,6,vacuum_cleaning,cycling,False,0.00051895087,7.583319e-05,0.00019304093,0.00040767112,4.776467e-05,0.73643464,0.00040423602,0.022926867,0.03496338,0.19946413,0.004322535,0.00024100405,0.73643464
pamap2,gnn_attention_adj,window,1,101,101,102,1629,1629,1629,9,9,16,16,vacuum_cleaning,vacuum_cleaning,True,0.0016558502,0.00014599306,0.0006581287,0.0009146971,3.6612193e-05,0.30689338,3.3454893e-05,0.015177842,0.006202431,0.6590127,0.009162154,0.00010683016,0.6590127
pamap2,gnn_attention_adj,window,1,101,101,102,1630,1630,1630,9,9,16,16,vacuum_cleaning,vacuum_cleaning,True,0.0033032692,0.0008447449,0.004180714,0.02006205,0.00019269074,0.08974328,0.0002856649,0.066961825,0.014825353,0.7846801,0.014472273,0.00044793583,0.7846801
pamap2,gnn_attention_adj,window,1,101,101,102,1631,1631,1631,9,9,16,16,vacuum_cleaning,vacuum_cleaning,True,0.0026456323,0.00073459337,0.003226372,0.13092922,0.00039259883,0.04131514,0.0037435703,0.36481142,0.05255978,0.39618048,0.0020327505,0.0014285236,0.39618048
pamap2,gnn_attention_adj,window,1,101,101,102,1632,1632,1632,9,9,16,16,vacuum_cleaning,vacuum_cleaning,True,0.0040460154,0.0010265274,0.007944313,0.06786335,0.0004381377,0.037934124,0.0014054403,0.23644486,0.027624397,0.60845876,0.005155311,0.0016587477,0.60845876
pamap2,gnn_attention_adj,window,1,101,101,102,1633,1633,1633,9,9,16,16,vacuum_cleaning,vacuum_cleaning,True,0.0037765943,0.0007827528,0.0046273964,0.0044155344,0.00020152316,0.17565866,0.00014484953,0.033439904,0.011053401,0.7380707,0.027326932,0.0005017124,0.7380707
pamap2,gnn_attention_adj,window,1,101,101,102,1634,1634,1634,9,5,16,6,vacuum_cleaning,cycling,False,0.00070899527,0.0001440646,0.00042340442,0.00023035843,3.4892575e-05,0.53988695,3.29823e-05,0.0069671273,0.005668628,0.42179734,0.024014365,9.089637e-05,0.53988695
pamap2,gnn_attention_adj,window,1,101,101,102,1635,1635,1635,9,5,16,6,vacuum_cleaning,cycling,False,0.001456426,8.297962e-05,0.00023852685,0.00022650941,2.7317521e-05,0.57563233,1.790466e-05,0.009438342,0.007438498,0.3993169,0.0060328506,9.14454e-05,0.57563233
pamap2,gnn_attention_adj,window,1,101,101,102,1636,1636,1636,9,9,16,16,vacuum_cleaning,vacuum_cleaning,True,0.0063965786,7.308464e-05,0.00037855955,0.00018560773,1.4435437e-05,0.102040336,6.9092634e-06,0.008366244,0.0019097477,0.8791083,0.0014651384,5.507518e-05,0.8791083
pamap2,gnn_attention_adj,window,1,101,101,102,1637,1637,1637,9,9,16,16,vacuum_cleaning,vacuum_cleaning,True,0.0047126818,3.357803e-05,0.00016767126,0.000109024644,8.589816e-06,0.18403171,8.136058e-06,0.00993852,0.002541931,0.79766273,0.00074380194,4.167996e-05,0.79766273
pamap2,gnn_attention_adj,window,1,101,101,102,1638,1638,1638,9,9,16,16,vacuum_cleaning,vacuum_cleaning,True,0.0028480524,8.197592e-05,0.0006151942,0.00053142133,2.2191e-05,0.15712701,1.3623204e-05,0.014237871,0.0032399774,0.81803185,0.0031621207,8.8664165e-05,0.81803185
pamap2,gnn_attention_adj,window,1,101,101,102,1639,1639,1639,9,9,16,16,vacuum_cleaning,vacuum_cleaning,True,0.004035195,0.0001481236,0.00083185226,0.0005213839,3.6479363e-05,0.1473225,1.1557762e-05,0.011703325,0.003470601,0.8264079,0.005393126,0.00011786029,0.8264079
pamap2,gnn_attention_adj,window,1,101,101,102,1640,1640,1640,9,9,16,16,vacuum_cleaning,vacuum_cleaning,True,0.0035345869,5.77762e-05,0.00054801087,0.00038855654,1.2790044e-05,0.049764156,4.7255517e-06,0.007424892,0.0015174474,0.93527275,0.0014196986,5.4664066e-05,0.93527275
pamap2,gnn_attention_adj,window,1,101,101,102,1641,1641,1641,9,9,16,16,vacuum_cleaning,vacuum_cleaning,True,0.005106363,9.496624e-05,0.000340263,0.0002616896,2.6512233e-05,0.11875489,9.306604e-05,0.014475639,0.004137263,0.8553507,0.0012371402,0.000121539924,0.8553507
pamap2,gnn_attention_adj,window,1,101,101,102,1642,1642,1642,9,9,16,16,vacuum_cleaning,vacuum_cleaning,True,0.0036344284,9.0238056e-05,0.0001841554,0.0002715987,2.835667e-05,0.42482796,9.9250494e-05,0.018240357,0.0088928,0.54169464,0.0019220955,0.00011419371,0.54169464
pamap2,gnn_attention_adj,window,1,101,101,102,1643,1643,1643,9,9,16,16,vacuum_cleaning,vacuum_cleaning,True,0.0043026563,0.00018833805,0.001268202,0.0013009697,4.7907557e-05,0.104397446,1.4580246e-05,0.017326547,0.004038891,0.861773,0.005199243,0.00014226402,0.861773
pamap2,gnn_attention_adj,window,1,101,101,102,1644,1644,1644,9,9,16,16,vacuum_cleaning,vacuum_cleaning,True,0.0023123918,2.8624789e-05,0.00038909016,0.0009930958,7.5195107e-06,0.033430174,8.435326e-06,0.029560573,0.0017309099,0.9310989,0.00040098053,3.9272658e-05,0.9310989
pamap2,gnn_attention_adj,window,1,101,101,102,1645,1645,1645,9,5,16,6,vacuum_cleaning,cycling,False,0.0011402296,2.9383584e-05,9.82438e-05,0.00021320953,1.0793237e-05,0.5425642,2.0279922e-05,0.017251652,0.0073900735,0.42949557,0.0017373291,4.894297e-05,0.5425642
pamap2,gnn_attention_adj,window,1,101,101,102,1646,1646,1646,9,5,16,6,vacuum_cleaning,cycling,False,0.0011731439,6.054807e-05,0.0002111661,0.00022474615,1.9233357e-05,0.51337945,1.7379021e-05,0.009830526,0.005567055,0.4643914,0.005056598,6.879957e-05,0.51337945
pamap2,gnn_attention_adj,window,1,101,101,102,1647,1647,1647,9,9,16,16,vacuum_cleaning,vacuum_cleaning,True,0.00337119,6.0109975e-05,0.0008766254,0.0041325213,1.6463944e-05,0.01142813,9.881075e-06,0.0704766,0.0019122423,0.90720785,0.00043654998,7.173716e-05,0.90720785
pamap2,gnn_attention_adj,window,1,101,101,102,1648,1648,1648,9,9,16,16,vacuum_cleaning,vacuum_cleaning,True,0.0040215137,9.987177e-05,0.001317233,0.004461244,2.2690772e-05,0.008369817,1.1237245e-05,0.05003323,0.0015960447,0.9292443,0.000734108,8.867265e-05,0.9292443
pamap2,gnn_attention_adj,window,1,101,101,102,1649,1649,1649,9,9,16,16,vacuum_cleaning,vacuum_cleaning,True,0.0079467865,0.0003048987,0.0013689501,0.0007724734,7.221063e-05,0.12359,1.548675e-05,0.0146486135,0.0045042573,0.8398145,0.006761021,0.00020088372,0.8398145
pamap2,gnn_attention_adj,window,1,101,101,102,1650,1650,1650,9,9,16,16,vacuum_cleaning,vacuum_cleaning,True,0.00552891,0.00010914109,0.0011977085,0.0020919607,2.2286162e-05,0.01677265,4.690003e-06,0.015798585,0.0015250335,0.9557197,0.0011544275,7.491827e-05,0.9557197
pamap2,gnn_attention_adj,window,1,101,101,102,1651,1651,1651,9,9,16,16,vacuum_cleaning,vacuum_cleaning,True,0.0057418128,0.00012116332,0.0012453392,0.002664325,2.6165924e-05,0.019138921,5.5853943e-06,0.018923143,0.0019155527,0.9488667,0.0012640513,8.713254e-05,0.9488667
pamap2,gnn_attention_adj,window,1,101,101,102,1652,1652,1652,9,9,16,16,vacuum_cleaning,vacuum_cleaning,True,0.0049389796,0.00016103017,0.0011573508,0.000736969,3.7615628e-05,0.08858474,9.893432e-06,0.012675436,0.002790647,0.8845278,0.0042609624,0.00011853855,0.8845278
pamap2,gnn_attention_adj,window,1,101,101,102,1653,1653,1653,9,9,16,16,vacuum_cleaning,vacuum_cleaning,True,0.010892223,0.00017242186,0.0004103523,0.00017484656,3.7716483e-05,0.18561774,3.4060617e-05,0.01037187,0.0041257394,0.78538966,0.0026502186,0.00012316782,0.78538966
pamap2,gnn_attention_adj,window,1,101,101,102,1654,1654,1654,9,5,16,6,vacuum_cleaning,cycling,False,0.010847568,0.00010916695,0.00014260667,0.00010273445,3.481278e-05,0.5073744,2.3534198e-05,0.01039822,0.008428339,0.46092483,0.0014989908,0.00011476726,0.5073744
pamap2,gnn_attention_adj,window,1,101,101,102,1655,1655,1655,9,9,16,16,vacuum_cleaning,vacuum_cleaning,True,0.003342522,3.9954357e-05,0.00012540519,0.00011384044,1.1794098e-05,0.39103955,5.3364465e-06,0.0077103046,0.004194557,0.59184706,0.0015233775,4.6278175e-05,0.59184706
pamap2,gnn_attention_adj,window,1,101,101,102,1656,1656,1656,9,5,16,6,vacuum_cleaning,cycling,False,0.0018518423,9.759848e-05,0.0001940987,0.00014025917,3.2010146e-05,0.6631506,1.0981589e-05,0.006923654,0.008089595,0.31322122,0.0061946125,9.35235e-05,0.6631506
pamap2,gnn_attention_adj,window,1,101,101,102,1657,1657,1657,9,5,16,6,vacuum_cleaning,cycling,False,0.0004177962,4.2585347e-05,3.7654692e-05,5.8613186e-05,1.953837e-05,0.91015595,0.00016593968,0.003800939,0.012805613,0.069995664,0.002435306,6.431705e-05,0.91015595
pamap2,gnn_attention_adj,window,1,101,101,102,1658,1658,1658,9,5,16,6,vacuum_cleaning,cycling,False,0.0014014288,0.00010416184,0.000121216486,7.34417e-05,3.5753765e-05,0.7381632,0.00011116683,0.00455368,0.008957301,0.23962793,0.0067453887,0.0001053988,0.7381632
pamap2,gnn_attention_adj,window,1,101,101,102,1659,1659,1659,9,5,16,6,vacuum_cleaning,cycling,False,0.002042559,0.00020447407,0.00025278836,9.344353e-05,6.2242594e-05,0.6831203,0.000102764265,0.004884648,0.009671581,0.2855909,0.013804848,0.00016938486,0.6831203
pamap2,gnn_attention_adj,window,1,101,101,102,1660,1660,1660,9,5,16,6,vacuum_cleaning,cycling,False,0.0014234477,0.00016030426,0.0002797943,0.00016214099,6.4051936e-05,0.76400024,0.000116900555,0.0075551243,0.013613672,0.20268588,0.009728831,0.000209719,0.76400024
pamap2,gnn_attention_adj,window,1,101,101,102,1661,1661,1661,9,5,16,6,vacuum_cleaning,cycling,False,0.0037929697,0.0004563118,0.00044953692,0.0007214887,0.00018674556,0.52856296,0.0017026013,0.016010556,0.022630451,0.41744894,0.0075297416,0.0005077021,0.52856296
pamap2,gnn_attention_adj,window,1,101,101,102,1662,1662,1662,9,9,16,16,vacuum_cleaning,vacuum_cleaning,True,0.004013976,0.00047565126,0.00050974556,0.00040056204,0.0001557155,0.3049525,0.0009682866,0.01118261,0.012169751,0.6550103,0.009765597,0.0003952589,0.6550103
pamap2,gnn_attention_adj,window,1,101,101,102,1663,1663,1663,9,9,16,16,vacuum_cleaning,vacuum_cleaning,True,0.005367447,0.00011420404,0.00043210408,0.00022463834,3.3956545e-05,0.15777174,4.990428e-05,0.009941869,0.0039611664,0.8194146,0.0025472078,0.00014114479,0.8194146
pamap2,gnn_attention_adj,window,1,101,101,102,1664,1664,1664,9,9,16,16,vacuum_cleaning,vacuum_cleaning,True,0.0060592685,9.8754885e-05,0.0005318307,0.00021593636,2.9774006e-05,0.10620538,2.9782495e-05,0.00974732,0.0028392677,0.8720077,0.0020990877,0.0001358363,0.8720077
pamap2,gnn_attention_adj,window,1,101,101,102,1665,1665,1665,9,9,16,16,vacuum_cleaning,vacuum_cleaning,True,0.003872462,0.00016756635,0.00033814838,9.203216e-05,4.8080037e-05,0.42684734,4.556322e-05,0.006167771,0.0048231506,0.54758316,0.009864744,0.00015003943,0.54758316
pamap2,gnn_attention_adj,window,1,101,101,102,1666,1666,1666,9,5,16,6,vacuum_cleaning,cycling,False,0.001025787,6.8622285e-05,0.00012232778,6.684216e-05,2.205865e-05,0.7151149,2.827971e-05,0.004739293,0.006496538,0.26543555,0.006806749,7.303021e-05,0.7151149
pamap2,gnn_attention_adj,window,1,101,101,102,1667,1667,1667,9,5,16,6,vacuum_cleaning,cycling,False,0.0017068968,0.00011054342,0.0002214366,5.563383e-05,3.0983854e-05,0.5825819,2.1358612e-05,0.0040214937,0.0048720217,0.39415687,0.0121264625,9.4476e-05,0.5825819
pamap2,gnn_attention_adj,window,1,101,101,102,1668,1668,1668,9,9,16,16,vacuum_cleaning,vacuum_cleaning,True,0.004055018,0.00042476773,0.0014664056,0.00017683952,0.00011826191,0.38649598,4.6607915e-05,0.00798699,0.006623645,0.559936,0.032322634,0.00034683745,0.559936
pamap2,gnn_attention_adj,window,1,101,101,102,1669,1669,1669,9,5,16,6,vacuum_cleaning,cycling,False,0.0028189023,0.0002857295,0.0010378655,0.00013889918,8.789517e-05,0.49400836,3.8287173e-05,0.007667238,0.0064412467,0.45922163,0.027972829,0.0002810468,0.49400836
pamap2,gnn_attention_adj,window,1,101,101,102,1670,1670,1670,9,9,16,16,vacuum_cleaning,vacuum_cleaning,True,0.008201322,0.0003975222,0.00066966534,0.00035435922,0.00014250726,0.3759071,0.00025890008,0.014102447,0.010679678,0.5806976,0.008169402,0.0004194049,0.5806976
pamap2,gnn_attention_adj,window,1,101,101,102,1671,1671,1671,9,9,16,16,vacuum_cleaning,vacuum_cleaning,True,0.0054755732,0.00030739472,0.00086510694,0.0009778762,0.00010174332,0.14390615,0.00070128316,0.025800403,0.010225695,0.8077704,0.0034487108,0.00041970465,0.8077704
pamap2,gnn_attention_adj,window,1,101,101,102,1672,1672,1672,9,9,16,16,vacuum_cleaning,vacuum_cleaning,True,0.0023202016,4.5545654e-05,0.0007500871,0.0009036839,1.20114455e-05,0.025753936,1.5304819e-05,0.016543295,0.0014077277,0.9513956,0.00078288064,6.961394e-05,0.9513956
pamap2,gnn_attention_adj,window,1,101,101,102,1673,1673,1673,9,9,16,16,vacuum_cleaning,vacuum_cleaning,True,0.008771564,0.0014035305,0.00610474,0.011881011,0.00047736987,0.1997018,0.0002275268,0.08307224,0.030848423,0.635674,0.020574143,0.0012636906,0.635674
pamap2,gnn_attention_adj,window,1,101,101,102,1674,1674,1674,9,9,16,16,vacuum_cleaning,vacuum_cleaning,True,0.0020882064,0.0058611995,0.012456687,0.010241158,0.0023914992,0.2918765,0.015522074,0.052917082,0.107324034,0.35029727,0.14423116,0.0047932086,0.35029727
pamap2,gnn_attention_adj,window,1,101,101,102,1675,1675,1675,9,9,16,16,vacuum_cleaning,vacuum_cleaning,True,0.0037714136,0.0043714275,0.012833039,0.08603071,0.0019324254,0.1072313,0.028293198,0.18300688,0.1183381,0.42640635,0.022539273,0.0052459133,0.42640635
pamap2,gnn_attention_adj,window,1,101,101,102,1676,1676,1676,9,5,16,6,vacuum_cleaning,cycling,False,0.0048631732,0.00034858944,0.00081322086,0.0076063643,0.0001693648,0.47026876,0.00022020997,0.08263125,0.063957974,0.36452776,0.0040194173,0.0005739354,0.47026876
pamap2,gnn_attention_adj,window,1,101,101,102,1677,1677,1677,9,9,16,16,vacuum_cleaning,vacuum_cleaning,True,0.0039917356,0.00043635644,0.0063999435,0.0026224442,9.7980075e-05,0.047500134,2.6159223e-05,0.01291287,0.0028179402,0.9107821,0.012155939,0.000256351,0.9107821
pamap2,gnn_attention_adj,window,1,101,101,102,1678,1678,1678,9,9,16,16,vacuum_cleaning,vacuum_cleaning,True,0.0029658547,0.00084966753,0.003129906,0.005916805,0.0002306936,0.24796017,0.0006587467,0.10414305,0.024218371,0.5892437,0.020082155,0.00060087943,0.5892437
pamap2,gnn_attention_adj,window,1,101,101,102,1679,1679,1679,9,10,16,17,vacuum_cleaning,ironing,False,0.0018789404,0.009015451,0.02727664,0.0032271028,0.0018916798,0.09694049,0.002786994,0.027072983,0.018634329,0.3786311,0.43000332,0.0026410103,0.43000332
pamap2,gnn_attention_adj,window,1,101,101,102,1680,1680,1680,9,10,16,17,vacuum_cleaning,ironing,False,0.0010032207,0.006600899,0.0061052092,0.00060038106,0.0017349048,0.12497857,0.008488628,0.009322959,0.021357339,0.35156146,0.46627945,0.0019669672,0.46627945
pamap2,gnn_attention_adj,window,1,101,101,102,1681,1681,1681,9,5,16,6,vacuum_cleaning,cycling,False,0.0006244638,0.0012106539,0.0009822246,0.00033365356,0.0004245898,0.56259984,0.0015337163,0.008271425,0.026534295,0.26227024,0.13451928,0.00069565314,0.56259984
pamap2,gnn_attention_adj,window,1,101,101,102,1682,1682,1682,9,5,16,6,vacuum_cleaning,cycling,False,0.0009434379,0.00086833624,0.0013393696,0.0014957252,0.0004819701,0.6625282,0.001596297,0.023931812,0.0799831,0.18054098,0.045031235,0.0012594735,0.6625282
pamap2,gnn_attention_adj,window,1,101,101,102,1683,1683,1683,9,9,16,16,vacuum_cleaning,vacuum_cleaning,True,0.00077093916,0.0014620761,0.002926476,0.00203345,0.00079560565,0.34688726,0.010762307,0.035543796,0.07014808,0.45708427,0.06946043,0.0021252194,0.45708427
pamap2,gnn_attention_adj,window,1,101,101,102,1684,1684,1684,9,5,16,6,vacuum_cleaning,cycling,False,0.00033729905,1.9966114e-05,3.776774e-05,7.4851974e-05,1.2979738e-05,0.83744425,0.00012962848,0.009642,0.013645325,0.1371199,0.0014692734,6.6782086e-05,0.83744425
pamap2,gnn_attention_adj,window,1,101,101,102,1685,1685,1685,9,9,16,16,vacuum_cleaning,vacuum_cleaning,True,0.0015943596,7.7013014e-05,0.0005190114,0.0016878959,2.6402779e-05,0.23426996,5.740143e-05,0.03418516,0.0077549675,0.71689624,0.0028220152,0.00010952576,0.71689624
pamap2,gnn_attention_adj,window,1,101,101,102,1686,1686,1686,9,9,16,16,vacuum_cleaning,vacuum_cleaning,True,0.0011182775,0.00046251278,0.0019464559,0.00060738553,8.942505e-05,0.2688974,8.850713e-05,0.010856383,0.005424356,0.64630675,0.06400985,0.00019261785,0.64630675
pamap2,gnn_attention_adj,window,1,101,101,102,1687,1687,1687,9,9,16,16,vacuum_cleaning,vacuum_cleaning,True,0.001637264,0.0001684583,0.0005792975,0.0007050178,4.9530903e-05,0.46117848,4.4400906e-05,0.014851604,0.009851197,0.50011826,0.010669957,0.00014650561,0.50011826
pamap2,gnn_attention_adj,window,1,101,101,102,1688,1688,1688,9,9,16,16,vacuum_cleaning,vacuum_cleaning,True,0.0015916378,8.939778e-05,0.0005936811,0.0008254986,2.3521738e-05,0.18029615,2.0668791e-05,0.015568635,0.004105532,0.7916263,0.005178547,8.0492566e-05,0.7916263
pamap2,gnn_attention_adj,window,1,101,101,102,1689,1689,1689,9,9,16,16,vacuum_cleaning,vacuum_cleaning,True,0.0013955353,0.00013884796,0.0009709868,0.000614428,2.9221423e-05,0.14766908,2.0785812e-05,0.010055192,0.0028016218,0.8246673,0.01155089,8.61469e-05,0.8246673
pamap2,gnn_attention_adj,window,1,101,101,102,1690,1690,1690,9,9,16,16,vacuum_cleaning,vacuum_cleaning,True,0.0013515106,5.90069e-05,0.0005533338,0.0006730432,1.5919464e-05,0.14075366,7.133248e-05,0.033559904,0.004134745,0.8166416,0.0021013,8.4602674e-05,0.8166416
pamap2,gnn_attention_adj,window,1,101,101,102,1691,1691,1691,9,9,16,16,vacuum_cleaning,vacuum_cleaning,True,0.0023195834,0.00010372829,0.0011490171,0.0012398612,2.6258707e-05,0.08025924,6.0840648e-05,0.030132664,0.003544596,0.87855774,0.0024764533,0.00013008458,0.87855774
pamap2,gnn_attention_adj,window,1,101,101,102,1692,1692,1692,9,9,16,16,vacuum_cleaning,vacuum_cleaning,True,0.0061262376,0.0002612002,0.0031104672,0.00084454,6.0636736e-05,0.048450593,1.3971342e-05,0.011869771,0.0020003829,0.9205764,0.0064937943,0.00019198355,0.9205764
pamap2,gnn_attention_adj,window,1,101,101,102,1693,1693,1693,9,9,16,16,vacuum_cleaning,vacuum_cleaning,True,0.0036477086,0.00014381862,0.0013953111,0.002997919,4.378718e-05,0.07154468,0.00013383909,0.09299872,0.007178354,0.81798357,0.001705773,0.00022643889,0.81798357
pamap2,gnn_attention_adj,window,1,101,101,102,1694,1694,1694,9,9,16,16,vacuum_cleaning,vacuum_cleaning,True,0.0026901797,9.320561e-05,0.0008830612,0.0027356197,2.9178633e-05,0.06902233,0.00016543642,0.111448385,0.00685441,0.804903,0.001007893,0.00016734359,0.804903
pamap2,gnn_attention_adj,window,1,101,101,102,1695,1695,1695,9,9,16,16,vacuum_cleaning,vacuum_cleaning,True,0.0011667983,5.6456556e-05,0.0002978167,0.0005567829,1.7140455e-05,0.3554631,2.9953155e-05,0.013654412,0.0064799534,0.6186518,0.0035554552,7.0340495e-05,0.6186518
pamap2,gnn_attention_adj,window,1,101,101,102,1696,1696,1696,9,5,16,6,vacuum_cleaning,cycling,False,0.000397907,5.748791e-05,0.00011888086,0.0002468572,2.2487784e-05,0.7702952,0.00010042959,0.00928981,0.01482683,0.19937347,0.0051905843,8.004441e-05,0.7702952
pamap2,gnn_attention_adj,window,1,101,101,102,1697,1697,1697,9,9,16,16,vacuum_cleaning,vacuum_cleaning,True,0.0032776524,0.00060946535,0.0019307946,0.0014965846,0.0004847485,0.32014868,0.003846773,0.25776124,0.025589308,0.3745548,0.008435906,0.0018640829,0.3745548
pamap2,gnn_attention_adj,window,1,101,101,102,1698,1698,1698,9,5,16,6,vacuum_cleaning,cycling,False,0.0025233785,0.00024782075,0.00048087485,0.00054902287,0.00018056057,0.4790872,0.002518008,0.19698736,0.019811269,0.2936981,0.0032100528,0.00070637936,0.4790872
pamap2,gnn_attention_adj,window,1,101,101,102,1699,1699,1699,9,9,16,16,vacuum_cleaning,vacuum_cleaning,True,0.002188569,5.0838993e-05,0.00031542827,0.001126987,1.5227266e-05,0.18694353,1.5414165e-05,0.026780855,0.0056529264,0.7753278,0.0015215145,6.0881826e-05,0.7753278
pamap2,gnn_attention_adj,window,1,101,101,102,1700,1700,1700,9,9,16,16,vacuum_cleaning,vacuum_cleaning,True,0.002556482,0.000107514796,0.0011220085,0.0018797546,2.096206e-05,0.032948744,1.0821567e-05,0.023162404,0.0018344381,0.93374145,0.0025464676,6.893701e-05,0.93374145
pamap2,gnn_attention_adj,window,1,101,101,102,1701,1701,1701,9,9,16,16,vacuum_cleaning,vacuum_cleaning,True,0.0037935372,0.000114009956,0.0012421727,0.002258346,2.363336e-05,0.025527988,7.1688432e-06,0.02034245,0.0018449394,0.9428594,0.0019083181,7.8093435e-05,0.9428594
pamap2,gnn_attention_adj,window,1,101,101,102,1702,1702,1702,9,9,16,16,vacuum_cleaning,vacuum_cleaning,True,0.005005178,0.00011922919,0.00085909263,0.0015208957,2.9306333e-05,0.06470559,8.731861e-06,0.021959174,0.0035025615,0.90013254,0.0020579405,9.977897e-05,0.90013254
pamap2,gnn_attention_adj,window,1,101,101,102,1703,1703,1703,9,9,16,16,vacuum_cleaning,vacuum_cleaning,True,0.0033187575,6.454141e-05,0.00059851975,0.0010174344,1.577588e-05,0.055660628,1.0970485e-05,0.0273631,0.0026380552,0.90808004,0.0011639685,6.833986e-05,0.90808004
pamap2,gnn_attention_adj,window,1,101,101,102,1704,1704,1704,9,9,16,16,vacuum_cleaning,vacuum_cleaning,True,0.0028457392,8.0599166e-05,0.0008956599,0.001000409,2.1144331e-05,0.06458104,2.7850716e-05,0.024516692,0.0028086572,0.9015161,0.0016049573,0.000101191334,0.9015161
pamap2,gnn_attention_adj,window,1,101,101,102,1705,1705,1705,9,9,16,16,vacuum_cleaning,vacuum_cleaning,True,0.0028416205,0.00014592109,0.00088395836,0.0004377973,4.9787825e-05,0.23963608,5.0763367e-05,0.012206078,0.005305316,0.73116547,0.007084114,0.00019310416,0.73116547
pamap2,gnn_attention_adj,window,1,101,101,102,1706,1706,1706,9,9,16,16,vacuum_cleaning,vacuum_cleaning,True,0.0046579773,0.00012639633,0.00083751406,0.0003068508,4.431706e-05,0.19266546,4.289094e-05,0.011090261,0.00416254,0.7815869,0.004286367,0.00019251225,0.7815869
pamap2,gnn_attention_adj,window,1,101,101,102,1707,1707,1707,9,9,16,16,vacuum_cleaning,vacuum_cleaning,True,0.002314666,0.00017745001,0.00086974073,0.0014108947,7.1007526e-05,0.40396512,0.00044967057,0.06157343,0.023230141,0.50133485,0.0042167553,0.00038627427,0.50133485
pamap2,gnn_attention_adj,window,1,101,101,102,1708,1708,1708,9,9,16,16,vacuum_cleaning,vacuum_cleaning,True,0.002669375,8.755303e-05,0.0009596686,0.0046822573,2.7538355e-05,0.04274532,8.5467786e-05,0.10693474,0.0059346687,0.834838,0.0008911712,0.00014424017,0.834838
pamap2,gnn_attention_adj,window,1,101,101,102,1709,1709,1709,9,9,16,16,vacuum_cleaning,vacuum_cleaning,True,0.002151598,4.628686e-05,0.0004082521,0.0019063457,1.5506079e-05,0.099999726,5.8498015e-05,0.083386384,0.007091125,0.8041277,0.000719521,8.90336e-05,0.8041277
pamap2,gnn_attention_adj,window,1,101,101,102,1710,1710,1710,9,9,16,16,vacuum_cleaning,vacuum_cleaning,True,0.0023543306,9.048884e-05,0.00097582897,0.0026001877,2.1744365e-05,0.029115235,2.5587624e-05,0.051641077,0.0028217207,0.9087031,0.001559992,9.078333e-05,0.9087031
pamap2,gnn_attention_adj,window,1,101,101,102,1711,1711,1711,9,9,16,16,vacuum_cleaning,vacuum_cleaning,True,0.001623892,1.5629472e-05,0.00035684335,0.00075591664,4.0823033e-06,0.013072005,4.37824e-06,0.02551568,0.0007987978,0.9576241,0.00020255314,2.6091004e-05,0.9576241
pamap2,gnn_attention_adj,window,1,101,101,102,1712,1712,1712,9,9,16,16,vacuum_cleaning,vacuum_cleaning,True,0.002015197,6.15949e-05,0.0011150371,0.0019147327,1.4840024e-05,0.015248171,1.2186878e-05,0.027321095,0.0013551383,0.9498047,0.001065757,7.143321e-05,0.9498047
pamap2,gnn_attention_adj,window,1,101,101,102,1713,1713,1713,9,9,16,16,vacuum_cleaning,vacuum_cleaning,True,0.0033466176,8.3891995e-05,0.0009374473,0.00048690787,1.92146e-05,0.04796558,6.968317e-06,0.010497946,0.0014440101,0.93266904,0.0024654218,7.6949334e-05,0.93266904
pamap2,gnn_attention_adj,window,1,101,101,102,1714,1714,1714,9,9,16,16,vacuum_cleaning,vacuum_cleaning,True,0.013496916,0.00028137633,0.0008945704,0.00035193414,6.719049e-05,0.104061045,6.200696e-05,0.014529273,0.003942592,0.8591255,0.0029637225,0.00022385363,0.8591255
pamap2,gnn_attention_adj,window,1,101,101,102,1715,1715,1715,9,9,16,16,vacuum_cleaning,vacuum_cleaning,True,0.022776816,0.00045211005,0.00096351956,0.0002180531,9.090118e-05,0.1700759,3.7410155e-05,0.011476898,0.0046538273,0.7837951,0.0052136523,0.00024576814,0.7837951
pamap2,gnn_attention_adj,window,1,101,101,102,1716,1716,1716,9,9,16,16,vacuum_cleaning,vacuum_cleaning,True,0.0051329243,0.00010591252,0.0008461422,0.00040309326,3.0986106e-05,0.09751082,6.6237944e-06,0.009483151,0.0024160054,0.8807059,0.0032463612,0.00011209188,0.8807059
pamap2,gnn_attention_adj,window,1,101,101,102,1717,1717,1717,9,9,16,16,vacuum_cleaning,vacuum_cleaning,True,0.004342438,0.00015258176,0.001937919,0.00181789,4.5010696e-05,0.023073696,1.2673616e-05,0.01563652,0.0017494218,0.94827676,0.0027977885,0.00015718129,0.94827676
pamap2,gnn_attention_adj,window,1,101,101,102,1718,1718,1718,9,9,16,16,vacuum_cleaning,vacuum_cleaning,True,0.002346159,0.0003788755,0.0024873035,0.005319218,0.00014412317,0.15565062,0.00051445264,0.05857672,0.016587034,0.7479324,0.0094810845,0.0005821806,0.7479324
pamap2,gnn_attention_adj,window,1,101,101,102,1719,1719,1719,9,9,16,16,vacuum_cleaning,vacuum_cleaning,True,0.0023041232,0.00044378184,0.0020463688,0.007856003,0.00020142422,0.2587287,0.0015129604,0.08613457,0.040599603,0.5910042,0.008302505,0.0008657338,0.5910042
pamap2,gnn_attention_adj,window,1,101,101,102,1720,1720,1720,9,9,16,16,vacuum_cleaning,vacuum_cleaning,True,0.0022981882,3.8539947e-05,0.00022792818,0.0001887192,1.6054477e-05,0.32944337,2.196564e-05,0.012903093,0.0047988314,0.648091,0.0018843793,8.794791e-05,0.648091
pamap2,gnn_attention_adj,window,1,101,101,102,1721,1721,1721,9,5,16,6,vacuum_cleaning,cycling,False,0.0010511341,4.1935473e-05,0.000101020894,4.7909904e-05,2.008474e-05,0.77859855,2.0739124e-05,0.0051343264,0.0062732925,0.20456143,0.0040659816,8.369903e-05,0.77859855
pamap2,gnn_attention_adj,window,1,101,101,102,1722,1722,1722,9,5,16,6,vacuum_cleaning,cycling,False,0.0011437406,2.4724712e-05,7.498956e-05,0.00013273678,9.518736e-06,0.65961,1.5523114e-05,0.01102424,0.007247456,0.3192738,0.0013984926,4.469968e-05,0.65961
pamap2,gnn_attention_adj,window,1,101,101,102,1723,1723,1723,9,5,16,6,vacuum_cleaning,cycling,False,0.0005872114,4.6210305e-05,0.000116969124,0.00013796454,1.6053627e-05,0.71844107,4.060094e-05,0.008148842,0.008474428,0.25939763,0.004529006,6.4040636e-05,0.71844107
pamap2,gnn_attention_adj,window,1,101,101,102,1724,1724,1724,9,9,16,16,vacuum_cleaning,vacuum_cleaning,True,0.0015749655,0.00010825328,0.0004167381,0.0010178167,4.4798096e-05,0.45585412,0.00013334265,0.04413213,0.018189507,0.47411942,0.0042126523,0.00019628907,0.47411942
pamap2,gnn_attention_adj,window,1,101,101,102,1725,1725,1725,9,9,16,16,vacuum_cleaning,vacuum_cleaning,True,0.0033234141,8.2013714e-05,0.0015803004,0.003293888,1.9342275e-05,0.006585056,1.0559767e-05,0.037760716,0.0011480796,0.9454714,0.00063688686,8.837135e-05,0.9454714
pamap2,gnn_attention_adj,window,1,101,101,102,1726,1726,1726,9,9,16,16,vacuum_cleaning,vacuum_cleaning,True,0.0050246357,0.00030103515,0.0019952855,0.0059701586,0.00011287418,0.04139045,0.0003741121,0.3655134,0.009680973,0.5676889,0.0014612514,0.00048694495,0.5676889
pamap2,gnn_attention_adj,window,1,101,101,102,1727,1727,1727,9,9,16,16,vacuum_cleaning,vacuum_cleaning,True,0.0049722646,0.0015104378,0.006658427,0.009485901,0.000623518,0.22245543,0.0032871857,0.3224536,0.04868383,0.3627513,0.014828027,0.0022900766,0.3627513
pamap2,gnn_attention_adj,window,1,101,101,102,1728,1728,1728,9,7,16,12,vacuum_cleaning,ascending_stairs,False,0.003941901,0.0012448699,0.004709726,0.0582042,0.0007117225,0.061983343,0.006433787,0.46947667,0.049762666,0.33741957,0.0037451864,0.0023663635,0.46947667
pamap2,gnn_attention_adj,window,1,101,101,102,1729,1729,1729,9,9,16,16,vacuum_cleaning,vacuum_cleaning,True,0.0033382112,0.0002815786,0.001536009,0.010137618,0.00013389697,0.06809042,0.0009939637,0.2783139,0.015660787,0.6192872,0.0016454513,0.00058093783,0.6192872
pamap2,gnn_attention_adj,window,1,101,101,102,1730,1730,1730,9,9,16,16,vacuum_cleaning,vacuum_cleaning,True,0.0011875845,3.386677e-05,0.00018556192,0.00035546723,1.0697392e-05,0.3022118,5.2393334e-05,0.029816989,0.006336865,0.6582888,0.0014598193,6.0079336e-05,0.6582888
pamap2,gnn_attention_adj,window,1,101,101,102,1731,1731,1731,9,9,16,16,vacuum_cleaning,vacuum_cleaning,True,0.0012374809,3.932123e-05,0.00025971472,0.00017293835,1.0091421e-05,0.21019094,2.8677521e-05,0.011510252,0.0028684745,0.7711848,0.0024469153,5.0433726e-05,0.7711848
pamap2,gnn_attention_adj,window,1,101,101,102,1732,1732,1732,9,9,16,16,vacuum_cleaning,vacuum_cleaning,True,0.0008021428,3.9798026e-05,0.00020488855,0.00014885176,1.2402616e-05,0.39107138,5.173808e-05,0.008882135,0.004670033,0.5903819,0.0036726755,6.202083e-05,0.5903819
pamap2,gnn_attention_adj,window,1,101,101,102,1733,1733,1733,9,9,16,16,vacuum_cleaning,vacuum_cleaning,True,0.0009529297,6.856766e-05,0.00028405045,0.00013074848,2.1530468e-05,0.46567443,2.3204184e-05,0.005697072,0.0040635807,0.51329255,0.009714769,7.655976e-05,0.51329255
pamap2,gnn_attention_adj,window,1,101,101,102,1734,1734,1734,9,5,16,6,vacuum_cleaning,cycling,False,0.0010253065,0.00016094555,0.00043266526,0.0004991653,6.207282e-05,0.6085784,0.00016651963,0.010337335,0.01199996,0.3548028,0.011740545,0.00019429871,0.6085784
pamap2,gnn_attention_adj,window,1,101,101,102,1735,1735,1735,9,5,16,6,vacuum_cleaning,cycling,False,0.00074530294,5.4227236e-05,0.00012179564,0.0005526712,3.549062e-05,0.7307373,0.00040571514,0.026366055,0.026316142,0.21269515,0.0018004872,0.00016964761,0.7307373
pamap2,gnn_attention_adj,window,1,101,101,102,1736,1736,1736,9,9,16,16,vacuum_cleaning,vacuum_cleaning,True,0.00093726494,7.8122874e-05,0.0006155638,0.00045461935,2.473149e-05,0.18790537,0.000106820524,0.03280936,0.0049511003,0.76726353,0.0047339117,0.00011960627,0.76726353
pamap2,gnn_attention_adj,window,1,101,101,102,1737,1737,1737,9,9,16,16,vacuum_cleaning,vacuum_cleaning,True,0.003148324,7.730284e-05,0.00092850806,0.0022145861,1.932733e-05,0.014864555,1.6613538e-05,0.07902852,0.0017093674,0.8971333,0.0007797607,7.9851445e-05,0.8971333
pamap2,gnn_attention_adj,window,1,101,101,102,1738,1738,1738,9,9,16,16,vacuum_cleaning,vacuum_cleaning,True,0.0030035998,6.5590415e-05,0.00088949007,0.0021447847,1.5484158e-05,0.015070066,1.2888979e-05,0.062401023,0.0015505062,0.91409415,0.0006853254,6.7167624e-05,0.91409415
pamap2,gnn_attention_adj,window,1,101,101,102,1739,1739,1739,9,9,16,16,vacuum_cleaning,vacuum_cleaning,True,0.0036215435,6.330879e-05,0.0007949177,0.0012928233,1.5184029e-05,0.025839394,6.320284e-06,0.017604696,0.0016476411,0.9481434,0.00090702524,6.359344e-05,0.9481434
pamap2,gnn_attention_adj,window,1,101,101,102,1740,1740,1740,9,9,16,16,vacuum_cleaning,vacuum_cleaning,True,0.0038499373,7.384478e-05,0.00072200486,0.00224415,1.8214247e-05,0.03799408,1.4086185e-05,0.03948352,0.0033104261,0.9113137,0.000898241,7.7792676e-05,0.9113137
pamap2,gnn_attention_adj,window,1,101,101,102,1741,1741,1741,9,9,16,16,vacuum_cleaning,vacuum_cleaning,True,0.00631239,0.000119945515,0.0011602031,0.0036087374,3.1393614e-05,0.027101245,1.5592792e-05,0.04209345,0.0037667598,0.9147079,0.0009511842,0.00013117024,0.9147079
pamap2,gnn_attention_adj,window,1,101,101,102,1742,1742,1742,9,9,16,16,vacuum_cleaning,vacuum_cleaning,True,0.0044877,7.044321e-05,0.000781326,0.002339788,1.8409502e-05,0.021756364,1.9312007e-05,0.062708564,0.0027942068,0.9043984,0.00053508836,9.049375e-05,0.9043984
pamap2,gnn_attention_adj,window,1,101,101,102,1743,1743,1743,9,9,16,16,vacuum_cleaning,vacuum_cleaning,True,0.003030782,6.0857496e-05,0.0006887713,0.0016918094,1.535391e-05,0.035686027,2.002449e-05,0.052430857,0.0027811555,0.9027205,0.0007980689,7.5853306e-05,0.9027205
pamap2,gnn_attention_adj,window,1,101,101,102,1744,1744,1744,9,9,16,16,vacuum_cleaning,vacuum_cleaning,True,0.0026315304,2.5331241e-05,0.00045476833,0.0012012922,6.2136396e-06,0.012918693,6.0040466e-06,0.03875035,0.0011653443,0.9425846,0.00021998626,3.591742e-05,0.9425846
pamap2,gnn_attention_adj,window,1,101,101,102,1745,1745,1745,9,9,16,16,vacuum_cleaning,vacuum_cleaning,True,0.002042727,5.1493847e-05,0.0009103188,0.0011212863,1.2719453e-05,0.02379248,2.1480368e-05,0.028126879,0.0015002423,0.94150996,0.0008377073,7.2662995e-05,0.94150996
pamap2,gnn_attention_adj,window,1,101,101,102,1746,1746,1746,9,9,16,16,vacuum_cleaning,vacuum_cleaning,True,0.0027644387,0.0002697151,0.0015754137,0.0011015333,8.6577296e-05,0.2128697,4.6153335e-05,0.021066915,0.0074608317,0.73843336,0.014049957,0.00027549508,0.73843336
pamap2,gnn_attention_adj,window,1,101,101,102,1747,1747,1747,9,5,16,6,vacuum_cleaning,cycling,False,0.00066643546,0.00028790697,0.00075580145,0.00048394685,0.00014345278,0.5453684,0.0023181401,0.057808474,0.03148432,0.3438794,0.016214622,0.0005891163,0.5453684
pamap2,gnn_attention_adj,window,1,101,101,102,1748,1748,1748,9,9,16,16,vacuum_cleaning,vacuum_cleaning,True,0.001403578,0.00039510865,0.002186944,0.0038276734,0.00018128008,0.29294732,0.0018358688,0.091495894,0.031509057,0.5624832,0.010897934,0.0008361359,0.5624832
pamap2,gnn_attention_adj,window,1,101,101,102,1749,1749,1749,9,5,16,6,vacuum_cleaning,cycling,False,0.00096474576,0.000115099116,0.00018240241,0.0020588015,9.108998e-05,0.5575526,0.0024243302,0.10126231,0.054425694,0.27896526,0.001595546,0.00036218495,0.5575526
pamap2,gnn_attention_adj,window,1,101,101,102,1750,1750,1750,9,5,16,6,vacuum_cleaning,cycling,False,0.00020562022,0.00016783689,3.9731007e-05,0.0008941672,0.00025874414,0.556962,0.016388547,0.02318573,0.38042855,0.019436274,0.0012240701,0.00080864603,0.556962
pamap2,gnn_attention_adj,window,1,101,101,102,1751,1751,1751,9,8,16,13,vacuum_cleaning,descending_stairs,False,0.0008375491,0.0037083966,0.0029455987,0.0625281,0.0027636567,0.07203243,0.21783186,0.122322164,0.42897934,0.0702496,0.008710112,0.0070911758,0.42897934
pamap2,gnn_attention_adj,window,1,101,101,102,1752,1752,1752,9,9,16,16,vacuum_cleaning,vacuum_cleaning,True,0.0011651305,0.003232661,0.00499222,0.03865918,0.0016420808,0.1616258,0.06813638,0.1437662,0.22285375,0.32505637,0.024449533,0.0044207196,0.32505637
pamap2,gnn_attention_adj,window,1,101,101,102,1753,1753,1753,9,9,16,16,vacuum_cleaning,vacuum_cleaning,True,0.0025913713,0.0016394787,0.00569529,0.27378836,0.0010712022,0.03415224,0.0089150295,0.24521455,0.07018876,0.3485205,0.005040041,0.0031832233,0.3485205
pamap2,gnn_attention_adj,window,1,101,101,102,1754,1754,1754,9,9,16,16,vacuum_cleaning,vacuum_cleaning,True,0.0016569555,0.0068445564,0.01229299,0.011482973,0.0024489593,0.058883596,0.038190328,0.100678705,0.05788882,0.63121194,0.07372056,0.0046996456,0.63121194
pamap2,gnn_attention_adj,window,1,101,101,102,1755,1755,1755,9,8,16,13,vacuum_cleaning,descending_stairs,False,0.0014751431,0.012677424,0.009270196,0.011731625,0.007911121,0.10676667,0.259284,0.06857296,0.26694,0.16040264,0.080355816,0.014612369,0.26694
pamap2,gnn_attention_adj,window,1,101,101,102,1756,1756,1756,9,10,16,17,vacuum_cleaning,ironing,False,0.0004411603,0.0018748302,0.0030651388,0.00034121078,0.00032080285,0.24644661,0.00048036932,0.007330961,0.011791164,0.3385306,0.38894725,0.00042994038,0.38894725
pamap2,gnn_attention_adj,window,1,101,101,102,1757,1757,1757,9,9,16,16,vacuum_cleaning,vacuum_cleaning,True,0.002996762,0.00011058541,0.00045795506,0.0011683039,4.342423e-05,0.36450487,4.39439e-05,0.028917462,0.012473259,0.58572954,0.003390492,0.00016334007,0.58572954
pamap2,gnn_attention_adj,window,1,101,101,102,1758,1758,1758,9,9,16,16,vacuum_cleaning,vacuum_cleaning,True,0.0028155802,7.819303e-05,0.0005138522,0.0014233071,2.8365885e-05,0.15640959,0.00015033368,0.1669291,0.009640387,0.66084445,0.0010110831,0.00015571436,0.66084445
pamap2,gnn_attention_adj,window,1,101,101,102,1759,1759,1759,9,9,16,16,vacuum_cleaning,vacuum_cleaning,True,0.00377062,0.00011501266,0.0007567461,0.0023311789,3.794788e-05,0.08340411,0.00019568251,0.19542126,0.008923684,0.7038903,0.00095285807,0.00020051585,0.7038903
pamap2,gnn_attention_adj,window,1,101,101,102,1760,1760,1760,9,9,16,16,vacuum_cleaning,vacuum_cleaning,True,0.0069426335,5.6019882e-05,0.00054721767,0.0002948418,1.3654359e-05,0.04076958,3.732353e-06,0.010043391,0.0014016415,0.9390983,0.00076832523,6.0778973e-05,0.9390983
pamap2,gnn_attention_adj,window,1,101,101,102,1761,1761,1761,9,9,16,16,vacuum_cleaning,vacuum_cleaning,True,0.005542514,0.00010267331,0.0013592376,0.00094577123,2.3817376e-05,0.022826651,5.1600773e-06,0.012874215,0.0012737805,0.95350957,0.0014532739,8.3412175e-05,0.95350957
pamap2,gnn_attention_adj,window,1,101,101,102,1762,1762,1762,9,9,16,16,vacuum_cleaning,vacuum_cleaning,True,0.0034384804,7.27514e-05,0.0006706962,0.0018941344,1.9090265e-05,0.045359015,3.4023706e-05,0.08104072,0.003895313,0.86264026,0.0008421795,9.331501e-05,0.86264026
pamap2,gnn_attention_adj,window,1,101,101,102,1763,1763,1763,9,9,16,16,vacuum_cleaning,vacuum_cleaning,True,0.0030818342,7.665649e-05,0.0006787443,0.0018016011,1.9151756e-05,0.05218385,3.177579e-05,0.072980426,0.0039317715,0.8640251,0.0011009313,8.820399e-05,0.8640251
pamap2,gnn_attention_adj,window,1,101,101,102,1764,1764,1764,9,9,16,16,vacuum_cleaning,vacuum_cleaning,True,0.0030803815,5.1410072e-05,0.00074927346,0.002248221,1.3035806e-05,0.014418403,1.3592012e-05,0.062423702,0.0017722931,0.9147173,0.00044827347,6.4171225e-05,0.9147173
pamap2,gnn_attention_adj,window,1,101,101,102,1765,1765,1765,9,9,16,16,vacuum_cleaning,vacuum_cleaning,True,0.0031212328,0.00016012977,0.0017079767,0.0014891407,3.938054e-05,0.061160408,3.997747e-05,0.034545526,0.0034965118,0.8903534,0.0037219378,0.00016424307,0.8903534
pamap2,gnn_attention_adj,window,1,101,101,102,1766,1766,1766,9,9,16,16,vacuum_cleaning,vacuum_cleaning,True,0.005787492,0.00014323545,0.0013455853,0.0011929477,4.098199e-05,0.06968526,6.518807e-05,0.07260753,0.0044723703,0.842871,0.0015810026,0.00020735699,0.842871
pamap2,gnn_attention_adj,window,1,101,101,102,1767,1767,1767,9,9,16,16,vacuum_cleaning,vacuum_cleaning,True,0.0029598013,0.00012456303,0.0007003474,0.001516947,4.6424382e-05,0.27924815,0.00030588076,0.091526024,0.016937692,0.60425943,0.002101807,0.00027296913,0.60425943
pamap2,gnn_attention_adj,window,1,101,101,102,1768,1768,1768,9,9,16,16,vacuum_cleaning,vacuum_cleaning,True,0.0012421684,4.0663464e-05,0.00021605988,0.00033143687,1.0967828e-05,0.3431459,4.03194e-05,0.019807134,0.0061118007,0.6269209,0.002074159,5.847949e-05,0.6269209
pamap2,gnn_attention_adj,window,1,101,101,102,1769,1769,1769,9,9,16,16,vacuum_cleaning,vacuum_cleaning,True,0.0044655832,8.386658e-05,0.00084669545,0.00043520017,2.1103138e-05,0.064594775,8.413988e-06,0.009258244,0.0018274708,0.9163089,0.0020610215,8.8787136e-05,0.9163089
pamap2,gnn_attention_adj,window,1,101,101,102,1770,1770,1770,9,9,16,16,vacuum_cleaning,vacuum_cleaning,True,0.0021960214,6.5813474e-05,0.00056682224,0.00049368467,2.2343655e-05,0.1861147,2.1334356e-05,0.013276887,0.0037493668,0.7903902,0.0029993304,0.000103456216,0.7903902
pamap2,gnn_attention_adj,window,1,101,101,102,1771,1771,1771,9,9,16,16,vacuum_cleaning,vacuum_cleaning,True,0.0024757248,0.00039455222,0.0020504475,0.0020321794,0.00013323907,0.28537005,0.00010080401,0.026733985,0.0135330325,0.6480488,0.018727573,0.0003995958,0.6480488
pamap2,gnn_attention_adj,window,1,101,101,102,1772,1772,1772,9,5,16,6,vacuum_cleaning,cycling,False,0.0008735095,0.0007020868,0.0016330755,0.0011594595,0.0003005186,0.56577784,0.0023587446,0.022487393,0.044671703,0.31642187,0.04272858,0.00088529335,0.56577784
pamap2,gnn_attention_adj,window,1,101,101,102,1773,1773,1773,9,9,16,16,vacuum_cleaning,vacuum_cleaning,True,0.0021111357,0.00019090074,0.0008324337,0.0016237685,5.903776e-05,0.30044115,0.00028180453,0.0335809,0.01538889,0.63921064,0.0060290606,0.00025031407,0.63921064
pamap2,gnn_attention_adj,window,1,101,101,102,1774,1774,1774,9,9,16,16,vacuum_cleaning,vacuum_cleaning,True,0.013888615,0.00025061416,0.0011922038,0.00056924205,7.920497e-05,0.22809424,3.6911584e-05,0.02058645,0.007645863,0.7241192,0.003239624,0.00029780643,0.7241192
pamap2,gnn_attention_adj,window,1,101,101,102,1775,1775,1775,9,5,16,6,vacuum_cleaning,cycling,False,0.00065665075,4.5255652e-05,0.00013557475,0.00031400708,2.1346003e-05,0.70372295,0.00021960314,0.038498603,0.01527795,0.23882325,0.0021767952,0.00010800037,0.70372295
pamap2,gnn_attention_adj,window,1,101,101,102,1776,1776,1776,9,5,16,6,vacuum_cleaning,cycling,False,0.0005660952,0.0002975954,0.00042234242,0.00056131126,9.7788645e-05,0.6439754,0.0022321243,0.04167959,0.03322519,0.26352796,0.0131101655,0.00030452228,0.6439754
pamap2,gnn_attention_adj,window,1,101,101,102,1777,1777,1777,9,5,16,6,vacuum_cleaning,cycling,False,0.0007287895,0.00011054486,0.0001132967,0.00013230146,3.4041557e-05,0.8578763,4.833379e-05,0.0060730632,0.011821892,0.11505313,0.007921387,8.691972e-05,0.8578763
pamap2,gnn_attention_adj,window,1,101,101,102,1778,1778,1778,9,5,16,6,vacuum_cleaning,cycling,False,0.0021911666,0.0001780622,0.00034202763,8.044482e-05,4.4161417e-05,0.5470105,2.2372364e-05,0.0042571262,0.0044063167,0.42197478,0.019378146,0.000114946735,0.5470105
pamap2,gnn_attention_adj,window,1,101,101,102,1779,1779,1779,9,5,16,6,vacuum_cleaning,cycling,False,0.002091683,0.0002480065,0.00052650063,0.00010704799,0.00010413493,0.7018305,9.356566e-05,0.0063981903,0.010773671,0.25539917,0.02209087,0.0003367013,0.7018305
pamap2,gnn_attention_adj,window,1,101,101,102,1780,1780,1780,9,5,16,6,vacuum_cleaning,cycling,False,0.001113106,7.962091e-05,0.00012548486,3.8030736e-05,2.8577742e-05,0.6379394,6.8849266e-05,0.0034247534,0.0059558228,0.34142137,0.009707026,9.793502e-05,0.6379394
pamap2,gnn_attention_adj,window,1,101,101,102,1781,1781,1781,9,9,16,16,vacuum_cleaning,vacuum_cleaning,True,0.0020816787,9.700925e-05,0.00023108539,6.6144785e-05,2.9541856e-05,0.36337474,3.1779105e-05,0.0045351763,0.0038620199,0.6170796,0.008511082,0.00010006909,0.6170796
pamap2,gnn_attention_adj,window,1,101,101,102,1782,1782,1782,9,9,16,16,vacuum_cleaning,vacuum_cleaning,True,0.00797068,0.00016230436,0.0015919441,0.0006778363,3.3647455e-05,0.020587977,2.986239e-06,0.008086025,0.0010821257,0.9573028,0.0024115236,9.015525e-05,0.9573028
pamap2,gnn_attention_adj,window,1,101,101,102,1783,1783,1783,9,9,16,16,vacuum_cleaning,vacuum_cleaning,True,0.008666618,0.00014541352,0.0007006693,0.00032799333,3.564504e-05,0.06998983,3.1185227e-06,0.007145644,0.0021189135,0.90774363,0.0030259273,9.648497e-05,0.90774363
pamap2,gnn_attention_adj,window,1,101,101,102,1784,1784,1784,9,9,16,16,vacuum_cleaning,vacuum_cleaning,True,0.00429977,4.213674e-05,0.00033865139,0.00025893294,1.0039871e-05,0.051063746,2.3248017e-06,0.008308651,0.0012573248,0.9334477,0.0009300559,4.0636212e-05,0.9334477
pamap2,gnn_attention_adj,window,1,101,101,102,1785,1785,1785,9,9,16,16,vacuum_cleaning,vacuum_cleaning,True,0.0071274936,0.00017768513,0.00097391783,0.0064073303,8.997621e-05,0.1852263,0.0001390674,0.100604914,0.02793514,0.66945493,0.0014099529,0.00045330013,0.66945493
pamap2,gnn_attention_adj,window,1,101,101,102,1786,1786,1786,9,5,16,6,vacuum_cleaning,cycling,False,0.00065154734,0.0008821638,0.00072340557,0.021092677,0.0005477059,0.4135017,0.024876617,0.10609969,0.21787618,0.20456685,0.007851621,0.0013298494,0.4135017
pamap2,gnn_attention_adj,window,1,101,101,102,1787,1787,1787,9,3,16,4,vacuum_cleaning,walking,False,0.0014024284,0.009032016,0.0052854056,0.44548282,0.004966408,0.011971421,0.20930688,0.10409368,0.15484482,0.039844718,0.006020979,0.0077484353,0.44548282
pamap2,gnn_attention_adj,window,1,101,101,102,1788,1788,1788,9,9,16,16,vacuum_cleaning,vacuum_cleaning,True,0.0010325953,0.0016060002,0.004045254,0.0018210466,0.00038073323,0.3815754,0.0015446211,0.024512544,0.03037435,0.4358693,0.11643221,0.00080600334,0.4358693
pamap2,gnn_attention_adj,window,1,101,101,102,1789,1789,1789,9,5,16,6,vacuum_cleaning,cycling,False,0.001637143,0.00016464143,0.00033401712,0.00029378795,6.5008084e-05,0.51593536,0.00038745446,0.015324013,0.013741649,0.443774,0.008093714,0.0002491625,0.51593536
pamap2,gnn_attention_adj,window,1,101,101,102,1790,1790,1790,9,9,16,16,vacuum_cleaning,vacuum_cleaning,True,0.0019521384,7.463611e-05,0.00017197168,0.0002075441,3.273887e-05,0.46506858,0.00023964712,0.014335706,0.010746153,0.5044703,0.0025478564,0.00015275624,0.5044703
pamap2,gnn_attention_adj,window,1,101,101,102,1791,1791,1791,9,9,16,16,vacuum_cleaning,vacuum_cleaning,True,0.007844616,0.00021592391,0.0007297272,0.00042887733,5.6564353e-05,0.09300198,0.00010274167,0.014748053,0.0042007626,0.87586695,0.0025916465,0.00021207232,0.87586695
pamap2,gnn_attention_adj,window,1,101,101,102,1792,1792,1792,9,9,16,16,vacuum_cleaning,vacuum_cleaning,True,0.020690778,0.00048495686,0.001059699,0.0002744722,9.6628355e-05,0.10802553,6.552209e-05,0.011867919,0.0040058065,0.8488364,0.004330176,0.00026206786,0.8488364
pamap2,gnn_attention_adj,window,1,101,101,102,1793,1793,1793,9,9,16,16,vacuum_cleaning,vacuum_cleaning,True,0.0019815182,2.8846898e-05,0.0005210715,0.0006338972,6.265774e-06,0.018263316,5.969022e-06,0.014571128,0.0008986259,0.9625635,0.00049093866,3.503391e-05,0.9625635
pamap2,gnn_attention_adj,window,1,101,101,102,1794,1794,1794,9,9,16,16,vacuum_cleaning,vacuum_cleaning,True,0.0026160798,8.015213e-05,0.000794027,0.002185239,2.4913468e-05,0.0953374,4.7217884e-05,0.054995354,0.0064876443,0.83574915,0.0015588932,0.00012383002,0.83574915
pamap2,gnn_attention_adj,window,1,101,101,102,1795,1795,1795,9,5,16,6,vacuum_cleaning,cycling,False,0.0007529591,0.00022655891,0.0006792426,0.0001767533,6.033512e-05,0.58017975,4.376128e-05,0.0066853757,0.00648799,0.36021394,0.044336177,0.0001571679,0.58017975
pamap2,gnn_attention_adj,window,1,101,101,102,1796,1796,1796,9,9,16,16,vacuum_cleaning,vacuum_cleaning,True,0.006115175,0.0009610667,0.0008513053,0.0007316599,0.00033609063,0.32196715,0.0025987544,0.020451698,0.021374764,0.6112015,0.012582514,0.00082827633,0.6112015
pamap2,gnn_attention_adj,window,1,101,101,102,1797,1797,1797,9,9,16,16,vacuum_cleaning,vacuum_cleaning,True,0.01583338,0.00050280045,0.0012380945,0.00075317285,0.00014299178,0.073195726,0.00026919978,0.019893827,0.0058600125,0.87900746,0.0028454007,0.00045791024,0.87900746
pamap2,gnn_attention_adj,window,1,101,101,102,1798,1798,1798,9,9,16,16,vacuum_cleaning,vacuum_cleaning,True,0.008642947,0.0001940677,0.001827932,0.0005039776,3.592628e-05,0.030240316,5.626449e-06,0.008538364,0.0012909468,0.94550306,0.003105606,0.00011132262,0.94550306
pamap2,gnn_attention_adj,window,1,101,101,102,1799,1799,1799,9,5,16,6,vacuum_cleaning,cycling,False,0.0017941932,0.00027730432,0.0008287854,0.0001734901,8.888556e-05,0.57949865,5.2815245e-05,0.009384217,0.008725073,0.3694793,0.029419182,0.00027803573,0.57949865
pamap2,gnn_attention_adj,window,1,101,101,102,1800,1800,1800,9,5,16,6,vacuum_cleaning,cycling,False,0.00019614883,1.9591542e-05,1.4581749e-05,8.188495e-06,9.387887e-06,0.93627864,5.3840147e-05,0.001656965,0.006330606,0.052562058,0.0028367273,3.3338798e-05,0.93627864
pamap2,gnn_attention_adj,window,1,101,101,102,1801,1801,1801,9,9,16,16,vacuum_cleaning,vacuum_cleaning,True,0.0010128672,0.000167897,0.0004486937,0.00039995482,7.270228e-05,0.4703429,0.0008933561,0.018212577,0.0190159,0.48038706,0.008739992,0.0003061067,0.48038706
pamap2,gnn_attention_adj,window,1,101,101,102,1802,1802,1802,9,5,16,6,vacuum_cleaning,cycling,False,0.0036626328,0.0050579947,0.016810447,0.013371616,0.0021243196,0.33478156,0.00317312,0.06684758,0.09061031,0.32540554,0.13351855,0.004636232,0.33478156
pamap2,gnn_attention_adj,window,1,101,101,102,1803,1803,1803,9,10,16,17,vacuum_cleaning,ironing,False,0.0006724,0.006103594,0.010978077,0.0009178365,0.0010712303,0.0952066,0.0019340481,0.008888514,0.015278281,0.2659202,0.59176934,0.0012598655,0.59176934
pamap2,gnn_attention_adj,window,1,101,101,102,1804,1804,1804,9,9,16,16,vacuum_cleaning,vacuum_cleaning,True,0.0018769383,0.0032795223,0.012490335,0.020386996,0.00090899324,0.07940919,0.0064416104,0.07270948,0.038808223,0.7077252,0.053831395,0.0021320537,0.7077252
pamap2,gnn_attention_adj,window,1,101,101,102,1805,1805,1805,9,9,16,16,vacuum_cleaning,vacuum_cleaning,True,0.0028696365,0.0027587262,0.0168646,0.049822964,0.000865661,0.01953483,0.002433692,0.09691122,0.01728458,0.768433,0.020116583,0.0021044635,0.768433
pamap2,gnn_attention_adj,window,1,101,101,102,1806,1806,1806,9,9,16,16,vacuum_cleaning,vacuum_cleaning,True,0.0034749138,0.0012258883,0.0101730805,0.0062445183,0.00035620783,0.030360837,0.00044651332,0.033535756,0.006031381,0.8822533,0.024999915,0.0008976731,0.8822533
pamap2,gnn_attention_adj,window,1,101,101,102,1807,1807,1807,9,9,16,16,vacuum_cleaning,vacuum_cleaning,True,0.0043645375,0.0035979718,0.032882262,0.009285811,0.00078864745,0.028843347,0.00029443114,0.024465302,0.0056153554,0.79694426,0.091551304,0.0013667969,0.79694426
pamap2,gnn_attention_adj,window,1,101,101,102,1808,1808,1808,9,9,16,16,vacuum_cleaning,vacuum_cleaning,True,0.004201737,0.0019133853,0.013888284,0.004175626,0.000565443,0.08358994,0.0005385673,0.02877321,0.009333726,0.78618103,0.065478966,0.0013600023,0.78618103
pamap2,gnn_attention_adj,window,1,101,101,102,1809,1809,1809,9,9,16,16,vacuum_cleaning,vacuum_cleaning,True,0.004349659,0.001360337,0.01164846,0.015364447,0.00033503532,0.023146527,0.000260401,0.040619493,0.0061045643,0.8750712,0.020951476,0.0007884433,0.8750712
pamap2,gnn_attention_adj,window,1,101,101,102,1810,1810,1810,9,9,16,16,vacuum_cleaning,vacuum_cleaning,True,0.006830627,0.002222934,0.016125087,0.032618288,0.00064016983,0.028049536,0.00047145557,0.06296755,0.011101588,0.81479496,0.022707809,0.0014699985,0.81479496
pamap2,gnn_attention_adj,window,1,101,101,102,1811,1811,1811,9,9,16,16,vacuum_cleaning,vacuum_cleaning,True,0.004905036,0.0016894081,0.010402522,0.022744115,0.00055833877,0.058513805,0.0012461711,0.08214472,0.019752592,0.7762038,0.02027975,0.0015597118,0.7762038
pamap2,gnn_attention_adj,window,1,101,101,102,1812,1812,1812,9,9,16,16,vacuum_cleaning,vacuum_cleaning,True,0.0041211746,0.0011314268,0.008550494,0.03709234,0.00029836525,0.018760448,0.00044763024,0.071928285,0.008967354,0.8386608,0.009234748,0.00080695713,0.8386608
pamap2,gnn_attention_adj,window,1,101,101,102,1813,1813,1813,9,9,16,16,vacuum_cleaning,vacuum_cleaning,True,0.0025565329,0.0005439312,0.0030499862,0.002098389,0.00016634178,0.14145121,0.00025371517,0.020579606,0.00851747,0.79540473,0.024907643,0.00047052497,0.79540473
pamap2,gnn_attention_adj,window,1,101,101,102,1814,1814,1814,9,9,16,16,vacuum_cleaning,vacuum_cleaning,True,0.002756174,0.0015725561,0.008172499,0.0021761584,0.00046255183,0.095254846,0.0007825273,0.021902714,0.009552755,0.7838266,0.07245302,0.0010875667,0.7838266
pamap2,gnn_attention_adj,window,1,101,101,102,1815,1815,1815,9,9,16,16,vacuum_cleaning,vacuum_cleaning,True,0.002612707,0.003416515,0.008304456,0.0012270025,0.00076837285,0.1034182,0.0020341629,0.01577356,0.011631132,0.69366413,0.15580896,0.0013407768,0.69366413
pamap2,gnn_attention_adj,window,1,101,101,102,1816,1816,1816,9,9,16,16,vacuum_cleaning,vacuum_cleaning,True,0.005857659,0.004165154,0.0058736294,0.0018164135,0.0016187193,0.16615437,0.011936992,0.028759137,0.031312693,0.6656894,0.073297404,0.0035183998,0.6656894
pamap2,gnn_attention_adj,window,1,101,101,102,1817,1817,1817,9,9,16,16,vacuum_cleaning,vacuum_cleaning,True,0.00082708633,0.0028059627,0.002474056,0.0009220508,0.0013516662,0.2372536,0.04012812,0.020866241,0.05537184,0.51720124,0.118236,0.0025620416,0.51720124
pamap2,gnn_attention_adj,window,1,101,101,102,1818,1818,1818,9,7,16,12,vacuum_cleaning,ascending_stairs,False,0.0017046025,0.004670582,0.0052156704,0.015920244,0.0037134918,0.08855449,0.12470416,0.28858605,0.16738488,0.2717899,0.018997287,0.008758625,0.28858605
pamap2,gnn_attention_adj,window,1,101,101,102,1819,1819,1819,9,7,16,12,vacuum_cleaning,ascending_stairs,False,0.0018700694,0.00027477584,0.00045074514,0.005343997,0.00020602913,0.10833463,0.0042974344,0.6664381,0.031511072,0.17979592,0.0008331529,0.000644044,0.6664381
pamap2,gnn_attention_adj,window,1,101,101,102,1820,1820,1820,9,7,16,12,vacuum_cleaning,ascending_stairs,False,0.0034925637,0.0018731477,0.006738301,0.046210494,0.0010109581,0.019907244,0.0055512125,0.6342672,0.021602308,0.2527642,0.0040411633,0.0025411912,0.6342672
pamap2,gnn_attention_adj,window,1,101,101,102,1821,1821,1821,9,9,16,16,vacuum_cleaning,vacuum_cleaning,True,0.0026050252,0.0032884704,0.020863581,0.005576044,0.0006429925,0.09181378,0.00036822446,0.0250728,0.010489375,0.6671978,0.17096278,0.0011191333,0.6671978
pamap2,gnn_attention_adj,window,1,101,101,102,1822,1822,1822,9,9,16,16,vacuum_cleaning,vacuum_cleaning,True,0.0038169608,0.0013428624,0.0085516125,0.028251568,0.00033155543,0.02981911,0.00064739794,0.13770135,0.011864471,0.7641574,0.0126743745,0.00084136584,0.7641574
pamap2,gnn_attention_adj,window,1,101,101,102,1823,1823,1823,9,9,16,16,vacuum_cleaning,vacuum_cleaning,True,0.00585325,0.004282337,0.026598496,0.051349055,0.0011712698,0.032495182,0.002125054,0.12651367,0.02013362,0.6954428,0.03136262,0.0026726744,0.6954428
pamap2,gnn_attention_adj,window,1,101,101,102,1824,1824,1824,9,9,16,16,vacuum_cleaning,vacuum_cleaning,True,0.004631019,0.0020475998,0.0138853025,0.07316427,0.00054593134,0.025678823,0.0008706138,0.113850005,0.016032564,0.73347586,0.014473717,0.0013443198,0.73347586
pamap2,gnn_attention_adj,window,1,101,101,102,1825,1825,1825,9,9,16,16,vacuum_cleaning,vacuum_cleaning,True,0.0036183822,0.0007979842,0.0072102663,0.029240482,0.00022261018,0.02715432,0.00033178215,0.08199167,0.009869862,0.8305542,0.0083408,0.000667572,0.8305542
pamap2,gnn_attention_adj,window,1,101,101,102,1826,1826,1826,9,9,16,16,vacuum_cleaning,vacuum_cleaning,True,0.0056734257,0.0016076722,0.01417216,0.017314931,0.0002790544,0.016565615,7.4238036e-05,0.035568412,0.0043240786,0.88093466,0.02294435,0.0005414353,0.88093466
pamap2,gnn_attention_adj,window,1,101,101,102,1827,1827,1827,9,9,16,16,vacuum_cleaning,vacuum_cleaning,True,0.004174809,0.00021778951,0.0042399317,0.0054140594,8.1222504e-05,0.014138236,6.550325e-05,0.06593854,0.0023208705,0.9014286,0.0016372924,0.00034316452,0.9014286
pamap2,gnn_attention_adj,window,1,101,101,102,1828,1828,1828,9,9,16,16,vacuum_cleaning,vacuum_cleaning,True,0.003376549,0.00033478945,0.0033281355,0.007460815,0.00012915891,0.029322103,0.00028551038,0.17216428,0.0053751403,0.77473813,0.0030040846,0.00048134156,0.77473813
pamap2,gnn_attention_adj,window,1,101,101,102,1829,1829,1829,9,9,16,16,vacuum_cleaning,vacuum_cleaning,True,0.0085002445,0.00040042563,0.0009403015,0.0005669016,0.000104865954,0.27939978,8.852818e-05,0.017880859,0.008467271,0.6744581,0.008878258,0.00031441957,0.6744581
pamap2,gnn_attention_adj,window,1,101,101,102,1830,1830,1830,9,9,16,16,vacuum_cleaning,vacuum_cleaning,True,0.007993312,0.00051370315,0.0018229694,0.0045136246,0.00012858781,0.07153816,0.0006255391,0.13272923,0.010735661,0.7661485,0.0027684383,0.00048223586,0.7661485
pamap2,gnn_attention_adj,window,1,101,101,102,1831,1831,1831,9,9,16,16,vacuum_cleaning,vacuum_cleaning,True,0.0047243396,0.0013560551,0.007814451,0.025474735,0.00037373722,0.035698846,0.0010958768,0.20193908,0.015378766,0.6958643,0.009178522,0.0011013321,0.6958643
pamap2,gnn_attention_adj,window,1,101,101,102,1832,1832,1832,9,9,16,16,vacuum_cleaning,vacuum_cleaning,True,0.0026620396,0.000988207,0.0059832465,0.0066252416,0.00023321672,0.08744673,0.0004307755,0.04323935,0.011437564,0.8117656,0.028588057,0.00060001627,0.8117656
pamap2,gnn_attention_adj,window,1,101,101,102,1833,1833,1833,9,9,16,16,vacuum_cleaning,vacuum_cleaning,True,0.0026900622,0.00062741205,0.004172355,0.006977238,0.00015476992,0.09705374,0.00029666736,0.046034545,0.010641037,0.814287,0.016634475,0.00043072796,0.814287
pamap2,gnn_attention_adj,window,1,101,101,102,1834,1834,1834,9,9,16,16,vacuum_cleaning,vacuum_cleaning,True,0.0035950337,0.0041406867,0.02259749,0.0039529023,0.0008277575,0.110953346,0.00044996673,0.021709602,0.009925236,0.606879,0.21357922,0.0013897222,0.606879
pamap2,gnn_attention_adj,window,1,101,101,102,1835,1835,1835,9,9,16,16,vacuum_cleaning,vacuum_cleaning,True,0.005646962,0.0027632434,0.016501611,0.0064115496,0.0004941143,0.10036594,0.0002233501,0.028073639,0.009327616,0.7476927,0.08159485,0.0009044878,0.7476927
pamap2,gnn_attention_adj,window,1,101,101,102,1836,1836,1836,9,9,16,16,vacuum_cleaning,vacuum_cleaning,True,0.0033211564,0.0015709711,0.00747184,0.0017892314,0.0003487398,0.21112065,0.00017945227,0.01787496,0.0087924795,0.64258546,0.10422055,0.0007245375,0.64258546
pamap2,gnn_attention_adj,window,1,101,101,102,1837,1837,1837,9,9,16,16,vacuum_cleaning,vacuum_cleaning,True,0.0020324443,0.00047299458,0.0035684563,0.0021246932,0.00012442075,0.096158355,0.000113722956,0.019137595,0.005151096,0.845393,0.025395129,0.00032815224,0.845393
pamap2,gnn_attention_adj,window,1,101,101,102,1838,1838,1838,9,5,16,6,vacuum_cleaning,cycling,False,0.0012490606,0.00062485656,0.0011389434,0.0003520984,0.00019795023,0.6133276,9.485019e-05,0.0091043115,0.015384783,0.2858891,0.07221133,0.0004250846,0.6133276
pamap2,gnn_attention_adj,window,1,101,101,102,1839,1839,1839,9,9,16,16,vacuum_cleaning,vacuum_cleaning,True,0.0060735242,0.013984046,0.0126801375,0.03591392,0.0051618624,0.24124095,0.012470181,0.07547185,0.17598785,0.29523408,0.1182152,0.007566427,0.29523408
pamap2,gnn_attention_adj,window,1,101,101,102,1840,1840,1840,9,5,16,6,vacuum_cleaning,cycling,False,0.0009295683,0.000829962,0.0003468892,0.0005931185,0.00050696253,0.7961912,0.0017028204,0.009892478,0.089219205,0.07307917,0.025768366,0.0009401904,0.7961912
pamap2,gnn_attention_adj,window,1,101,101,102,1841,1841,1841,9,5,16,6,vacuum_cleaning,cycling,False,0.00051497936,0.0011583101,0.0015044118,0.00016736654,0.0002542784,0.43634787,0.00020162015,0.0043214364,0.011025944,0.23848899,0.30562612,0.0003886862,0.43634787
pamap2,gnn_attention_adj,window,1,101,101,102,1842,1842,1842,9,10,16,17,vacuum_cleaning,ironing,False,0.0008687806,0.006103379,0.019851577,0.001749226,0.0015494913,0.09833116,0.0012545243,0.012507876,0.016429052,0.24112022,0.59821,0.0020247537,0.59821
pamap2,gnn_attention_adj,window,1,101,101,102,1843,1843,1843,9,10,16,17,vacuum_cleaning,ironing,False,0.00097557355,0.020416519,0.032072194,0.0012023528,0.002096213,0.019013098,0.0013213591,0.005269416,0.0072919996,0.102884814,0.8059966,0.001459895,0.8059966
pamap2,gnn_attention_adj,window,1,101,101,102,1844,1844,1844,9,10,16,17,vacuum_cleaning,ironing,False,0.0012635599,0.045613024,0.036346097,0.00094028114,0.0021926658,0.011127782,0.0012603002,0.003924197,0.0066949874,0.071379505,0.8181148,0.0011428051,0.8181148
pamap2,gnn_attention_adj,window,1,101,101,102,1845,1845,1845,9,10,16,17,vacuum_cleaning,ironing,False,0.0044906563,0.16088621,0.077921435,0.0012057172,0.006363058,0.01049408,0.004000582,0.005371471,0.015366035,0.040599454,0.6703651,0.0029362747,0.6703651
pamap2,gnn_attention_adj,window,1,101,101,102,1846,1846,1846,9,1,16,2,vacuum_cleaning,sitting,False,0.019650936,0.39445502,0.14046584,0.0024281559,0.012886283,0.010752309,0.008971763,0.008693137,0.026068166,0.03320873,0.3368856,0.005534165,0.39445502
pamap2,gnn_attention_adj,window,1,101,101,102,1847,1847,1847,9,1,16,2,vacuum_cleaning,sitting,False,0.020689404,0.55029744,0.10954896,0.0016742933,0.013270311,0.0058314176,0.007303796,0.005931319,0.019259911,0.023325287,0.23853719,0.0043306435,0.55029744
pamap2,gnn_attention_adj,window,1,101,101,102,1848,1848,1848,9,1,16,2,vacuum_cleaning,sitting,False,0.028123265,0.6699364,0.14580694,0.0017375078,0.012290482,0.002579947,0.0075886375,0.0053106598,0.015805023,0.011004185,0.0959568,0.0038600757,0.6699364
pamap2,gnn_attention_adj,window,1,101,101,102,1849,1849,1849,9,1,16,2,vacuum_cleaning,sitting,False,0.05261479,0.67987293,0.17975596,0.002297777,0.0122167105,0.0015009545,0.012878732,0.006015521,0.016217863,0.005107055,0.027288219,0.0042334246,0.67987293
pamap2,gnn_attention_adj,window,1,101,101,102,1850,1850,1850,7,1,12,2,ascending_stairs,sitting,False,0.031650897,0.8049158,0.08160724,0.0009255953,0.012034485,0.0011747535,0.008371815,0.0026585713,0.011276811,0.0046472973,0.038039148,0.0026974995,0.8049158
pamap2,gnn_attention_adj,window,1,101,101,102,1851,1851,1851,7,1,12,2,ascending_stairs,sitting,False,0.018393166,0.6468217,0.09713162,0.0013810572,0.013110221,0.0038960858,0.010627812,0.0045299274,0.017523589,0.014455203,0.16839191,0.003737773,0.6468217
pamap2,gnn_attention_adj,window,1,101,101,102,1852,1852,1852,7,1,12,2,ascending_stairs,sitting,False,0.01703263,0.43620628,0.12310736,0.0016944284,0.01404036,0.009380427,0.01177837,0.0070217378,0.027254438,0.023430558,0.32351887,0.0055345683,0.43620628
pamap2,gnn_attention_adj,window,1,101,101,102,1853,1853,1853,7,1,12,2,ascending_stairs,sitting,False,0.021766597,0.4881486,0.13720793,0.0017063939,0.014709569,0.008724409,0.012924145,0.007121572,0.028942207,0.01944698,0.25352612,0.0057755304,0.4881486
pamap2,gnn_attention_adj,window,1,101,101,102,1854,1854,1854,7,1,12,2,ascending_stairs,sitting,False,0.025905116,0.63958764,0.10149896,0.001164689,0.014930485,0.005404285,0.0123642655,0.0047589964,0.023099136,0.0125051895,0.15415911,0.004622074,0.63958764
pamap2,gnn_attention_adj,window,1,101,101,102,1855,1855,1855,7,10,12,17,ascending_stairs,ironing,False,0.011368087,0.42208573,0.055101935,0.00076655,0.011974362,0.009827526,0.00815414,0.003923686,0.02022986,0.024586096,0.4283668,0.0036152625,0.4283668
pamap2,gnn_attention_adj,window,1,101,101,102,1856,1856,1856,7,10,12,17,ascending_stairs,ironing,False,0.0054809786,0.19674192,0.03936119,0.0006469242,0.008433259,0.01519049,0.0065920795,0.0038521416,0.019554172,0.03351734,0.6674166,0.0032129511,0.6674166
pamap2,gnn_attention_adj,window,1,101,101,102,1857,1857,1857,7,10,12,17,ascending_stairs,ironing,False,0.0055620125,0.17874718,0.039282817,0.0006036865,0.008251015,0.01706717,0.006751236,0.003922425,0.021110857,0.03381723,0.6815571,0.0033273175,0.6815571
pamap2,gnn_attention_adj,window,1,101,101,102,1858,1858,1858,7,10,12,17,ascending_stairs,ironing,False,0.0006118762,0.016693966,0.017037652,0.0002725907,0.0012536901,0.013717936,0.00047422093,0.0020151564,0.004941988,0.04812135,0.8940238,0.0008357508,0.8940238
pamap2,gnn_attention_adj,window,1,101,101,102,1859,1859,1859,7,9,12,16,ascending_stairs,vacuum_cleaning,False,0.0040902696,0.0055307467,0.03686821,0.051784094,0.001791541,0.05142797,0.0026276447,0.10016364,0.032931343,0.63298136,0.075624354,0.00417882,0.63298136
pamap2,gnn_attention_adj,window,1,101,101,102,1860,1860,1860,7,7,12,12,ascending_stairs,ascending_stairs,True,0.00416061,0.0027562077,0.005968447,0.115611576,0.0020993662,0.029437996,0.017908156,0.5948743,0.058495946,0.15977925,0.0035927398,0.005315372,0.5948743
pamap2,gnn_attention_adj,window,1,101,101,102,1861,1861,1861,7,7,12,12,ascending_stairs,ascending_stairs,True,0.0036386722,0.0023242305,0.0035684488,0.09519907,0.0019862498,0.022003831,0.014607545,0.7105041,0.07000228,0.06956899,0.0018107558,0.004785748,0.7105041
pamap2,gnn_attention_adj,window,1,101,101,102,1862,1862,1862,7,7,12,12,ascending_stairs,ascending_stairs,True,0.0032474655,0.0039179325,0.007792257,0.326685,0.003547607,0.004037472,0.012142046,0.5382164,0.052055076,0.037738353,0.0015470335,0.009073247,0.5382164
pamap2,gnn_attention_adj,window,1,101,101,102,1863,1863,1863,7,7,12,12,ascending_stairs,ascending_stairs,True,0.0032572346,0.0033588232,0.0044245063,0.07429786,0.0043957136,0.003908436,0.013912394,0.8250756,0.029132808,0.029893069,0.001083965,0.0072596404,0.8250756
pamap2,gnn_attention_adj,window,1,101,101,102,1864,1864,1864,7,7,12,12,ascending_stairs,ascending_stairs,True,0.0027724414,0.0015724853,0.0024044677,0.029600764,0.0013676753,0.0049587423,0.005190392,0.87896186,0.012697352,0.05732002,0.0008110015,0.0023427997,0.87896186
pamap2,gnn_attention_adj,window,1,101,101,102,1865,1865,1865,7,3,12,4,ascending_stairs,walking,False,0.0009370939,0.00095372926,0.001427586,0.6389881,0.0009729281,0.0017059094,0.007802432,0.29063192,0.029770138,0.024115121,0.00032738625,0.0023676776,0.6389881
pamap2,gnn_attention_adj,window,1,101,101,102,1866,1866,1866,7,3,12,4,ascending_stairs,walking,False,0.0010428703,0.0014504263,0.0015625312,0.5143228,0.0018030374,0.00413954,0.02931688,0.3428947,0.07950019,0.018849477,0.0005290632,0.004588428,0.5143228
pamap2,gnn_attention_adj,window,1,101,101,102,1867,1867,1867,7,8,12,13,ascending_stairs,descending_stairs,False,0.0017175784,0.00076349126,0.00061468943,0.116842754,0.0013473382,0.05501503,0.0271644,0.29736266,0.47225645,0.020999927,0.00053164887,0.0053839334,0.47225645
pamap2,gnn_attention_adj,window,1,101,101,102,1868,1868,1868,7,3,12,4,ascending_stairs,walking,False,0.0009236486,0.00056215,0.0006772851,0.6161861,0.00065280794,0.0064184577,0.013885802,0.23768482,0.102839164,0.01788305,0.00019144457,0.002095276,0.6161861
pamap2,gnn_attention_adj,window,1,101,101,102,1869,1869,1869,7,3,12,4,ascending_stairs,walking,False,0.00066288834,0.00045757226,0.0007104755,0.7339756,0.0004212803,0.0032241533,0.005559705,0.17374216,0.06666232,0.012973706,0.00016336612,0.0014467454,0.7339756
pamap2,gnn_attention_adj,window,1,101,101,102,1870,1870,1870,7,7,12,12,ascending_stairs,ascending_stairs,True,0.0026072597,0.0015293356,0.0027048017,0.11682248,0.0011413435,0.014097974,0.010721271,0.7137426,0.05444151,0.07818279,0.0010294005,0.002979173,0.7137426
pamap2,gnn_attention_adj,window,1,101,101,102,1871,1871,1871,7,7,12,12,ascending_stairs,ascending_stairs,True,0.003430999,0.0027415238,0.0044617094,0.055956975,0.002558217,0.0054514534,0.010293738,0.8379772,0.024945606,0.046010137,0.0011162495,0.005056198,0.8379772
pamap2,gnn_attention_adj,window,1,101,101,102,1872,1872,1872,7,7,12,12,ascending_stairs,ascending_stairs,True,0.003646099,0.0020799565,0.0032342596,0.02324602,0.001969127,0.011820404,0.0103902705,0.8618805,0.031099848,0.04489862,0.0011937057,0.004541193,0.8618805
pamap2,gnn_attention_adj,window,1,101,101,102,1873,1873,1873,7,7,12,12,ascending_stairs,ascending_stairs,True,0.0031014034,0.0012014487,0.0024301717,0.09219652,0.0008799431,0.034424808,0.007842821,0.6551326,0.10738418,0.091197945,0.0011661032,0.0030420737,0.6551326
pamap2,gnn_attention_adj,window,1,101,101,102,1874,1874,1874,7,7,12,12,ascending_stairs,ascending_stairs,True,0.0025338891,0.0012321651,0.0016157164,0.18748875,0.0010759071,0.026468826,0.015786361,0.5861487,0.1148645,0.0589051,0.0008085535,0.0030715652,0.5861487
pamap2,gnn_attention_adj,window,1,101,101,102,1875,1875,1875,7,7,12,12,ascending_stairs,ascending_stairs,True,0.0016908878,0.001627386,0.0019246453,0.34156027,0.0017297681,0.009531775,0.021713775,0.45976776,0.13312384,0.021310627,0.0006518577,0.005367333,0.45976776
pamap2,gnn_attention_adj,window,1,101,101,102,1876,1876,1876,7,3,12,4,ascending_stairs,walking,False,0.0006664677,0.0010957669,0.0014800875,0.9043338,0.0011507942,0.0006530331,0.006674093,0.050939813,0.020777714,0.009252105,0.00036121014,0.0026152928,0.9043338
pamap2,gnn_attention_adj,window,1,101,101,102,1877,1877,1877,7,3,12,4,ascending_stairs,walking,False,0.00073801086,0.0015192906,0.002046723,0.89695066,0.0011899861,0.00074286736,0.007476542,0.053700324,0.019414779,0.012970932,0.00064264284,0.0026072646,0.89695066
pamap2,gnn_attention_adj,window,1,101,101,102,1878,1878,1878,7,3,12,4,ascending_stairs,walking,False,0.00032029444,0.00040503262,0.00041224752,0.9073625,0.00054896006,0.0008331163,0.0066966433,0.04496125,0.033128433,0.0037975232,9.9867764e-05,0.0014341999,0.9073625
pamap2,gnn_attention_adj,window,1,101,101,102,1879,1879,1879,7,3,12,4,ascending_stairs,walking,False,0.00052062975,0.0005262968,0.00047024217,0.8249573,0.00078907714,0.0031505644,0.009456577,0.07236158,0.078260474,0.007254627,0.00018168567,0.0020710428,0.8249573
pamap2,gnn_attention_adj,window,1,101,101,102,1880,1880,1880,7,7,12,12,ascending_stairs,ascending_stairs,True,0.0006331225,0.00041731863,0.00014673843,0.0024070002,0.00050726224,0.0014831495,0.006891385,0.97167057,0.004695068,0.01054413,6.4407875e-05,0.0005399289,0.97167057
pamap2,gnn_attention_adj,window,1,101,101,102,1881,1881,1881,7,7,12,12,ascending_stairs,ascending_stairs,True,0.00096483866,0.00036217598,0.0002489375,0.002835316,0.00040992856,0.0018060921,0.0026615395,0.9716826,0.004479518,0.01388305,8.296859e-05,0.0005830329,0.9716826
pamap2,gnn_attention_adj,window,1,101,101,102,1882,1882,1882,7,7,12,12,ascending_stairs,ascending_stairs,True,0.0034654716,0.0027195376,0.0059629343,0.14371586,0.0019121805,0.009668268,0.00917518,0.69045836,0.04391387,0.08228983,0.0018375429,0.0048809214,0.69045836
pamap2,gnn_attention_adj,window,1,101,101,102,1883,1883,1883,7,7,12,12,ascending_stairs,ascending_stairs,True,0.0024071466,0.0025053865,0.0036923385,0.29172307,0.0024288285,0.004201142,0.0136587545,0.5874176,0.05410522,0.03111527,0.00083760225,0.0059075807,0.5874176
pamap2,gnn_attention_adj,window,1,101,101,102,1884,1884,1884,7,3,12,4,ascending_stairs,walking,False,0.0016799724,0.0017648188,0.0031592986,0.47030023,0.0013875847,0.0026363055,0.0082030995,0.43330884,0.03539595,0.037977055,0.00068757083,0.0034992816,0.47030023
pamap2,gnn_attention_adj,window,1,101,101,102,1885,1885,1885,7,3,12,4,ascending_stairs,walking,False,0.0008625556,0.0011361788,0.0018736667,0.7277338,0.0011928767,0.0007545539,0.0051205857,0.22017187,0.024197258,0.013659509,0.00029133732,0.003005775,0.7277338
pamap2,gnn_attention_adj,window,1,101,101,102,1886,1886,1886,7,7,12,12,ascending_stairs,ascending_stairs,True,0.0019213539,0.0011858654,0.0015409989,0.3109935,0.0012768308,0.0046705245,0.009127897,0.58153206,0.051426865,0.032843582,0.00037558615,0.003104934,0.58153206
pamap2,gnn_attention_adj,window,1,101,101,102,1887,1887,1887,7,3,12,4,ascending_stairs,walking,False,0.0012652181,0.0013596729,0.002561366,0.6278769,0.0011685704,0.0016546428,0.0059252866,0.29834074,0.030865915,0.02536628,0.0004771092,0.003138257,0.6278769
pamap2,gnn_attention_adj,window,1,101,101,102,1888,1888,1888,7,7,12,12,ascending_stairs,ascending_stairs,True,0.0021767635,0.001687262,0.0024558436,0.2811789,0.0016731283,0.00638027,0.012507042,0.5856616,0.06851375,0.032639913,0.00062178844,0.0045037656,0.5856616
pamap2,gnn_attention_adj,window,1,101,101,102,1889,1889,1889,7,7,12,12,ascending_stairs,ascending_stairs,True,0.0027937626,0.002855327,0.0052801394,0.30249196,0.0024568539,0.0041336985,0.010672194,0.5755985,0.04002981,0.046668205,0.0012202369,0.0057993317,0.5755985
pamap2,gnn_attention_adj,window,1,101,101,102,1890,1890,1890,7,7,12,12,ascending_stairs,ascending_stairs,True,0.003046033,0.0025785505,0.0037603176,0.112267576,0.0026963293,0.008141378,0.013810087,0.74768794,0.06104762,0.037382044,0.0011268468,0.0064552906,0.74768794
pamap2,gnn_attention_adj,window,1,101,101,102,1891,1891,1891,7,7,12,12,ascending_stairs,ascending_stairs,True,0.002594035,0.0028171856,0.004543268,0.4027228,0.0027473012,0.0055956985,0.016389102,0.45352617,0.056192845,0.044844113,0.001343389,0.006684024,0.45352617
pamap2,gnn_attention_adj,window,1,101,101,102,1892,1892,1892,7,7,12,12,ascending_stairs,ascending_stairs,True,0.0024689098,0.0025281121,0.003772232,0.2305015,0.0026326992,0.013266126,0.027224917,0.5653295,0.08087141,0.063142255,0.0017581532,0.0065042474,0.5653295
pamap2,gnn_attention_adj,window,1,101,101,102,1893,1893,1893,7,3,12,4,ascending_stairs,walking,False,0.0005049644,0.00041591443,0.0005259268,0.72013134,0.0005698063,0.001628235,0.009909164,0.19308783,0.063142106,0.007927502,9.535823e-05,0.0020618849,0.72013134
pamap2,gnn_attention_adj,window,1,101,101,102,1894,1894,1894,7,3,12,4,ascending_stairs,walking,False,0.00045808448,0.0005386604,0.001241876,0.8377794,0.0003341873,0.000676905,0.0022223366,0.11957614,0.014935011,0.021035621,0.00024279012,0.00095894083,0.8377794
pamap2,gnn_attention_adj,window,1,101,101,102,1895,1895,1895,7,7,12,12,ascending_stairs,ascending_stairs,True,0.0009613704,0.0005501515,0.0003823491,0.0073405188,0.00046985317,0.0046466626,0.007411119,0.933402,0.01020368,0.033642385,0.00023230744,0.0007575984,0.933402
pamap2,gnn_attention_adj,window,1,101,101,102,1896,1896,1896,7,7,12,12,ascending_stairs,ascending_stairs,True,0.001174426,0.00053602346,0.0006523158,0.013589758,0.00038404067,0.003574454,0.0032692025,0.92456067,0.008108259,0.0431557,0.00026959323,0.0007255454,0.92456067
pamap2,gnn_attention_adj,window,1,101,101,102,1897,1897,1897,7,7,12,12,ascending_stairs,ascending_stairs,True,0.002654483,0.0017211973,0.0022404266,0.04529749,0.0013871605,0.005558653,0.008857307,0.86619157,0.026152123,0.036456343,0.00057659287,0.0029067178,0.86619157
pamap2,gnn_attention_adj,window,1,101,101,102,1898,1898,1898,7,7,12,12,ascending_stairs,ascending_stairs,True,0.0028394717,0.001811694,0.0024185206,0.0269033,0.001594874,0.014172508,0.016677173,0.8449066,0.0483513,0.03525756,0.00093519234,0.0041317926,0.8449066
pamap2,gnn_attention_adj,window,1,101,101,102,1899,1899,1899,7,3,12,4,ascending_stairs,walking,False,0.0011298946,0.0008532846,0.0010836525,0.44806412,0.0010436045,0.0144684175,0.024173124,0.26087916,0.22376198,0.019852048,0.0004227858,0.0042678313,0.44806412
pamap2,gnn_attention_adj,window,1,101,101,102,1900,1900,1900,7,7,12,12,ascending_stairs,ascending_stairs,True,0.001687083,0.0017448408,0.0013183461,0.03038861,0.0020503583,0.018967573,0.06165802,0.7602416,0.08770296,0.028570859,0.0008845898,0.0047851265,0.7602416
pamap2,gnn_attention_adj,window,1,101,101,102,1901,1901,1901,7,7,12,12,ascending_stairs,ascending_stairs,True,0.0035115846,0.0041791657,0.006146614,0.035665296,0.0035834375,0.043006204,0.09309374,0.60589635,0.13263778,0.057416763,0.004084349,0.010778683,0.60589635
pamap2,gnn_attention_adj,window,1,101,101,102,1902,1902,1902,7,8,12,13,ascending_stairs,descending_stairs,False,0.002190416,0.0010217022,0.0018583172,0.15681553,0.0009195487,0.09920998,0.014470678,0.31776133,0.3227527,0.07722211,0.0018416536,0.003936019,0.3227527
pamap2,gnn_attention_adj,window,1,101,101,102,1903,1903,1903,7,8,12,13,ascending_stairs,descending_stairs,False,0.0022916645,0.0004115934,0.00053937716,0.2676482,0.00067083025,0.078807116,0.004725368,0.25164965,0.32746392,0.06264678,0.0004798246,0.0026657283,0.32746392
pamap2,gnn_attention_adj,window,1,101,101,102,1904,1904,1904,7,3,12,4,ascending_stairs,walking,False,0.0003858726,0.00031012818,0.0005012452,0.84735477,0.00034382512,0.0019617162,0.0051043187,0.08943309,0.039161187,0.014266013,0.00014700087,0.0010308649,0.84735477
pamap2,gnn_attention_adj,window,1,101,101,102,1905,1905,1905,7,7,12,12,ascending_stairs,ascending_stairs,True,0.0019070635,0.00088238047,0.0011015282,0.01447578,0.00073127495,0.009113349,0.007933555,0.89728904,0.017245762,0.047195002,0.000558558,0.0015666841,0.89728904
pamap2,gnn_attention_adj,window,1,101,101,102,1906,1906,1906,7,7,12,12,ascending_stairs,ascending_stairs,True,0.0027066167,0.0009820982,0.0014613061,0.013259224,0.00078554556,0.016290983,0.006709116,0.8684349,0.021899575,0.06472328,0.0008538042,0.001893627,0.8684349
pamap2,gnn_attention_adj,window,1,101,101,102,1907,1907,1907,7,7,12,12,ascending_stairs,ascending_stairs,True,0.0034497285,0.0024516631,0.0055330517,0.084793374,0.0020085247,0.009923698,0.009504684,0.7627464,0.0397198,0.07306773,0.0015785341,0.005222802,0.7627464
pamap2,gnn_attention_adj,window,1,101,101,102,1908,1908,1908,7,7,12,12,ascending_stairs,ascending_stairs,True,0.0026447205,0.0016548267,0.0025565482,0.053174,0.0014600653,0.00725333,0.008223331,0.8424265,0.032082006,0.044469457,0.0007565398,0.0032986808,0.8424265
pamap2,gnn_attention_adj,window,1,101,101,102,1909,1909,1909,7,3,12,4,ascending_stairs,walking,False,0.0015820374,0.0022498828,0.0041976646,0.5684686,0.002468313,0.0037344822,0.019481264,0.29673913,0.06620182,0.02655966,0.0010332095,0.0072839544,0.5684686
pamap2,gnn_attention_adj,window,1,101,101,102,1910,1910,1910,7,7,12,12,ascending_stairs,ascending_stairs,True,0.0024700083,0.002566348,0.0033687907,0.126273,0.0030803636,0.018445099,0.03747279,0.6086773,0.15471369,0.032325853,0.0015302766,0.009076382,0.6086773
pamap2,gnn_attention_adj,window,1,101,101,102,1911,1911,1911,7,7,12,12,ascending_stairs,ascending_stairs,True,0.0039072195,0.0041175294,0.007355657,0.24837554,0.003761792,0.011025836,0.026320264,0.5474357,0.06279364,0.0734965,0.0026149554,0.008795386,0.5474357
pamap2,gnn_attention_adj,window,1,101,101,102,1912,1912,1912,7,7,12,12,ascending_stairs,ascending_stairs,True,0.0024059922,0.0030538435,0.004548977,0.24889477,0.002656266,0.0141031,0.037383966,0.5161785,0.066068575,0.09660456,0.0025399537,0.00556147,0.5161785
pamap2,gnn_attention_adj,window,1,101,101,102,1913,1913,1913,7,8,12,13,ascending_stairs,descending_stairs,False,0.00086256815,0.00034722348,0.00022497377,0.1520799,0.00080046576,0.06874274,0.011342143,0.13932227,0.6090096,0.01377473,0.00029374115,0.0031995983,0.6090096
pamap2,gnn_attention_adj,window,1,101,101,102,1914,1914,1914,7,3,12,4,ascending_stairs,walking,False,0.00034298163,0.0002580985,0.00029261762,0.80765706,0.00039182676,0.0025812397,0.010007508,0.097487785,0.07162224,0.008004117,8.0172176e-05,0.0012744011,0.80765706
pamap2,gnn_attention_adj,window,1,101,101,102,1915,1915,1915,7,7,12,12,ascending_stairs,ascending_stairs,True,0.0016021983,0.00080917176,0.00083126745,0.010130563,0.00066125166,0.009317494,0.010823239,0.9015646,0.015473942,0.046964172,0.00049386517,0.0013281943,0.9015646
pamap2,gnn_attention_adj,window,1,101,101,102,1916,1916,1916,7,7,12,12,ascending_stairs,ascending_stairs,True,0.0020079482,0.0010047179,0.0009388592,0.011849903,0.0008344813,0.008847443,0.009458726,0.90400827,0.016159473,0.04278761,0.00055884564,0.0015437596,0.90400827
pamap2,gnn_attention_adj,window,1,101,101,102,1917,1917,1917,7,7,12,12,ascending_stairs,ascending_stairs,True,0.0018333422,0.0021799153,0.0036754983,0.40440774,0.0021834085,0.0041865185,0.015794445,0.47341496,0.049142864,0.036820263,0.00095703924,0.0054040267,0.47341496
pamap2,gnn_attention_adj,window,1,101,101,102,1918,1918,1918,7,7,12,12,ascending_stairs,ascending_stairs,True,0.0020291065,0.0023719308,0.0040619783,0.3427629,0.0026114478,0.0055538346,0.0173728,0.5158288,0.06285761,0.03658552,0.0011605012,0.006803623,0.5158288
pamap2,gnn_attention_adj,window,1,101,101,102,1919,1919,1919,7,7,12,12,ascending_stairs,ascending_stairs,True,0.0028840832,0.002684023,0.0051541594,0.20369393,0.0022782863,0.006062373,0.0107081095,0.6626358,0.04552262,0.05135274,0.0013387761,0.0056851525,0.6626358
pamap2,gnn_attention_adj,window,1,101,101,102,1920,1920,1920,7,7,12,12,ascending_stairs,ascending_stairs,True,0.0029353132,0.0019064504,0.0031267947,0.05515621,0.0016608429,0.013634543,0.011160425,0.8022294,0.051819105,0.050958503,0.001198444,0.0042139594,0.8022294
pamap2,gnn_attention_adj,window,1,101,101,102,1921,1921,1921,7,7,12,12,ascending_stairs,ascending_stairs,True,0.0048221913,0.0035450922,0.0064017624,0.14971364,0.0026817499,0.020973401,0.019128788,0.59580976,0.051577654,0.13617483,0.0034789566,0.005692135,0.59580976
pamap2,gnn_attention_adj,window,1,101,101,102,1922,1922,1922,7,7,12,12,ascending_stairs,ascending_stairs,True,0.002378931,0.0034037495,0.0042472053,0.23609407,0.0027412644,0.013807758,0.04742977,0.5098868,0.061984915,0.11019799,0.002626489,0.005201103,0.5098868
pamap2,gnn_attention_adj,window,1,101,101,102,1923,1923,1923,7,8,12,13,ascending_stairs,descending_stairs,False,0.0005514506,0.00028045525,0.00016960451,0.21052007,0.00070780044,0.039599743,0.016267726,0.13547368,0.5845734,0.008763622,0.00017052278,0.0029219375,0.5845734
pamap2,gnn_attention_adj,window,1,101,101,102,1924,1924,1924,7,3,12,4,ascending_stairs,walking,False,0.0007856885,0.0004905737,0.00074109493,0.7173701,0.00058660173,0.008812798,0.0111997295,0.12958375,0.10187719,0.026277764,0.00032688197,0.0019477846,0.7173701
pamap2,gnn_attention_adj,window,1,101,101,102,1925,1925,1925,7,7,12,12,ascending_stairs,ascending_stairs,True,0.0026209138,0.00093550625,0.0014768708,0.016903825,0.0005651879,0.013879907,0.0051907036,0.8503966,0.017105047,0.0887515,0.0008623015,0.0013116209,0.8503966
pamap2,gnn_attention_adj,window,1,101,101,102,1926,1926,1926,7,7,12,12,ascending_stairs,ascending_stairs,True,0.00230136,0.0008201888,0.001104547,0.012688318,0.00055097777,0.012099706,0.0046425285,0.878838,0.015692146,0.06937378,0.0007025277,0.0011859653,0.878838
pamap2,gnn_attention_adj,window,1,101,101,102,1927,1927,1927,7,7,12,12,ascending_stairs,ascending_stairs,True,0.0023408881,0.0013333198,0.0020425254,0.018696118,0.0013727817,0.0059631937,0.0071250903,0.9022063,0.016587088,0.038904976,0.0006626292,0.0027651316,0.9022063
pamap2,gnn_attention_adj,window,1,101,101,102,1928,1928,1928,7,7,12,12,ascending_stairs,ascending_stairs,True,0.0017906502,0.0009684905,0.00100957,0.016605716,0.0010784137,0.004623158,0.006730643,0.9230432,0.01413983,0.027756594,0.00037890155,0.0018748773,0.9230432
pamap2,gnn_attention_adj,window,1,101,101,102,1929,1929,1929,7,7,12,12,ascending_stairs,ascending_stairs,True,0.0064660115,0.0043277354,0.0101084635,0.024936257,0.004651705,0.017309813,0.016772134,0.7981056,0.03701172,0.06663932,0.0031589838,0.010512302,0.7981056
pamap2,gnn_attention_adj,window,1,101,101,102,1930,1930,1930,7,7,12,12,ascending_stairs,ascending_stairs,True,0.0037726283,0.0018304024,0.003106741,0.009432403,0.0020720733,0.017584126,0.010316823,0.87110436,0.023774685,0.050977327,0.0016104092,0.0044181137,0.87110436
pamap2,gnn_attention_adj,window,1,101,101,102,1931,1931,1931,7,7,12,12,ascending_stairs,ascending_stairs,True,0.004314829,0.0033079286,0.005657758,0.13458599,0.0025957604,0.013965802,0.015425488,0.67019486,0.04450791,0.097627975,0.0024843484,0.00533133,0.67019486
pamap2,gnn_attention_adj,window,1,101,101,102,1932,1932,1932,7,7,12,12,ascending_stairs,ascending_stairs,True,0.0029702678,0.003505162,0.0045551513,0.23518403,0.0027921386,0.009078334,0.02930657,0.58208907,0.04845665,0.07495498,0.0019753003,0.0051324316,0.58208907
pamap2,gnn_attention_adj,window,1,101,101,102,1933,1933,1933,7,8,12,13,ascending_stairs,descending_stairs,False,0.00062681123,0.00033075456,0.00023601999,0.14923309,0.000709542,0.041564927,0.032193,0.19515356,0.5665242,0.010000885,0.00019943592,0.0032278346,0.5665242
pamap2,gnn_attention_adj,window,1,101,101,102,1934,1934,1934,7,3,12,4,ascending_stairs,walking,False,0.00085312215,0.00065363443,0.00089489267,0.65752983,0.0006475874,0.005033416,0.013385813,0.22156377,0.07706713,0.02015769,0.00024966954,0.0019633367,0.65752983
pamap2,gnn_attention_adj,window,1,101,101,102,1935,1935,1935,7,7,12,12,ascending_stairs,ascending_stairs,True,0.0023347633,0.0013977493,0.0021237624,0.043625988,0.000879946,0.0035713345,0.004830946,0.8734464,0.013504773,0.052000623,0.00055608305,0.0017276392,0.8734464
pamap2,gnn_attention_adj,window,1,101,101,102,1936,1936,1936,7,7,12,12,ascending_stairs,ascending_stairs,True,0.0019945444,0.0011626843,0.0012418375,0.030375592,0.0008578224,0.00455395,0.006077691,0.8928833,0.014947048,0.043957606,0.0004776728,0.00147026,0.8928833
pamap2,gnn_attention_adj,window,1,101,101,102,1937,1937,1937,7,7,12,12,ascending_stairs,ascending_stairs,True,0.0032646824,0.0027413517,0.005167293,0.14318286,0.0022045916,0.0048568062,0.007999686,0.7222046,0.024382379,0.078333065,0.001433539,0.0042291945,0.7222046
pamap2,gnn_attention_adj,window,1,101,101,102,1938,1938,1938,7,7,12,12,ascending_stairs,ascending_stairs,True,0.0026793326,0.0018780445,0.0025506753,0.06802222,0.0015358815,0.006320355,0.007959167,0.819188,0.02367908,0.062409747,0.0009626588,0.0028148335,0.819188
pamap2,gnn_attention_adj,window,1,101,101,102,1939,1939,1939,7,3,12,4,ascending_stairs,walking,False,0.0017145532,0.0020192715,0.0037894736,0.54965055,0.0020003452,0.002370264,0.010235844,0.3551153,0.036064878,0.03126244,0.0007714254,0.005005646,0.54965055
pamap2,gnn_attention_adj,window,1,101,101,102,1940,1940,1940,7,7,12,12,ascending_stairs,ascending_stairs,True,0.0023589965,0.0023693158,0.0034325288,0.18708639,0.0025929653,0.008311681,0.01880062,0.6616458,0.06734811,0.03868419,0.0011724597,0.006196896,0.6616458
pamap2,gnn_attention_adj,window,1,101,101,102,1941,1941,1941,7,7,12,12,ascending_stairs,ascending_stairs,True,0.0075612995,0.005738788,0.01287159,0.060651384,0.0053881523,0.032782886,0.024359573,0.6431583,0.051303394,0.13768117,0.006859233,0.011644165,0.6431583
pamap2,gnn_attention_adj,window,1,101,101,102,1942,1942,1942,7,7,12,12,ascending_stairs,ascending_stairs,True,0.0048289774,0.0064850487,0.009719877,0.07354109,0.0064183776,0.02857253,0.06274278,0.614323,0.061512623,0.113424994,0.0064586108,0.011972054,0.614323
pamap2,gnn_attention_adj,window,1,101,101,102,1943,1943,1943,7,8,12,13,ascending_stairs,descending_stairs,False,0.0026056443,0.0006125505,0.00057349465,0.08057792,0.000859613,0.17826289,0.005742401,0.22348364,0.45586684,0.047051053,0.0010912465,0.0032727497,0.45586684
pamap2,gnn_attention_adj,window,1,101,101,102,1944,1944,1944,7,3,12,4,ascending_stairs,walking,False,0.0028696714,0.0010054385,0.0017598342,0.43060163,0.0010859967,0.04753158,0.009231668,0.22701523,0.1819628,0.092033654,0.0013364755,0.0035660511,0.43060163
pamap2,gnn_attention_adj,window,1,101,101,102,1945,1945,1945,7,3,12,4,ascending_stairs,walking,False,0.0017225273,0.0008346614,0.0023746155,0.6053486,0.0005090902,0.009573749,0.004095495,0.18935892,0.045844764,0.13754942,0.0011924488,0.0015958416,0.6053486
pamap2,gnn_attention_adj,window,1,101,101,102,1946,1946,1946,7,7,12,12,ascending_stairs,ascending_stairs,True,0.0018357715,0.0005707702,0.0006492452,0.0044017276,0.00051984465,0.014772991,0.006242855,0.90910184,0.013476024,0.046810787,0.00048349833,0.001134789,0.90910184
pamap2,gnn_attention_adj,window,1,101,101,102,1947,1947,1947,7,7,12,12,ascending_stairs,ascending_stairs,True,0.0023865222,0.0008981505,0.0011870842,0.006400048,0.0008304371,0.011060053,0.0074551553,0.9151957,0.016794004,0.035282575,0.000539925,0.0019703412,0.9151957
pamap2,gnn_attention_adj,window,1,101,101,102,1948,1948,1948,7,7,12,12,ascending_stairs,ascending_stairs,True,0.0026233655,0.0019362421,0.0038999412,0.07190609,0.0014898785,0.01749178,0.016147994,0.7487548,0.059374295,0.0704465,0.001578566,0.0043504704,0.7487548
pamap2,gnn_attention_adj,window,1,101,101,102,1949,1949,1949,7,7,12,12,ascending_stairs,ascending_stairs,True,0.0025561324,0.0019612403,0.004267693,0.09497465,0.0014220922,0.013251055,0.0111683225,0.7381561,0.048170924,0.078685865,0.001603412,0.0037825461,0.7381561
pamap2,gnn_attention_adj,window,1,101,101,102,1950,1950,1950,7,7,12,12,ascending_stairs,ascending_stairs,True,0.0036940135,0.001972894,0.003621549,0.018342381,0.0016927844,0.024376154,0.012485317,0.8166103,0.033439208,0.077408396,0.0022555082,0.0041015306,0.8166103
pamap2,gnn_attention_adj,window,1,101,101,102,1951,1951,1951,7,7,12,12,ascending_stairs,ascending_stairs,True,0.0036716794,0.0020207858,0.0035481304,0.018781302,0.001756761,0.021408591,0.013121737,0.8267569,0.03247103,0.070259236,0.002035964,0.004167881,0.8267569
pamap2,gnn_attention_adj,window,1,101,101,102,1952,1952,1952,7,7,12,12,ascending_stairs,ascending_stairs,True,0.0029657409,0.0027290669,0.0049443087,0.17599618,0.0024430987,0.015265453,0.02495222,0.61456096,0.06689489,0.08112239,0.0021274842,0.0059982217,0.61456096
pamap2,gnn_attention_adj,window,1,101,101,102,1953,1953,1953,7,7,12,12,ascending_stairs,ascending_stairs,True,0.0014070938,0.0026960156,0.003245983,0.3602191,0.0026411624,0.006067332,0.055557974,0.44197813,0.071343,0.04769621,0.0013003033,0.0058476864,0.44197813
pamap2,gnn_attention_adj,window,1,101,101,102,1954,1954,1954,7,8,12,13,ascending_stairs,descending_stairs,False,0.00048896536,0.000366171,0.00020104651,0.25933963,0.0010170708,0.019896818,0.017137634,0.10750308,0.58543265,0.0043992177,0.00016434686,0.004053425,0.58543265
pamap2,gnn_attention_adj,window,1,101,101,102,1955,1955,1955,7,3,12,4,ascending_stairs,walking,False,0.00027367,0.0003252417,0.00040900602,0.89339525,0.00040190422,0.0012027227,0.0080811735,0.05085551,0.037656423,0.0061059846,0.00011473719,0.0011783704,0.89339525
pamap2,gnn_attention_adj,window,1,101,101,102,1956,1956,1956,7,7,12,12,ascending_stairs,ascending_stairs,True,0.0028064512,0.0018705116,0.00405903,0.0707639,0.001275962,0.01098403,0.010505296,0.76766384,0.028595878,0.096790425,0.0014534637,0.0032312442,0.76766384
pamap2,gnn_attention_adj,window,1,101,101,102,1957,1957,1957,7,7,12,12,ascending_stairs,ascending_stairs,True,0.0024897878,0.0013902795,0.0021155777,0.04282459,0.0009883782,0.008456136,0.007470681,0.84250855,0.022788666,0.06600092,0.0008492617,0.0021171432,0.84250855
pamap2,gnn_attention_adj,window,1,101,101,102,1958,1958,1958,7,7,12,12,ascending_stairs,ascending_stairs,True,0.0030541394,0.0020110027,0.0029487398,0.00912692,0.0029346691,0.0073295883,0.016124789,0.90769523,0.016863868,0.026247254,0.00086785975,0.0047959136,0.90769523
pamap2,gnn_attention_adj,window,1,101,101,102,1959,1959,1959,7,7,12,12,ascending_stairs,ascending_stairs,True,0.0020745979,0.0010922936,0.0010494872,0.0052787466,0.001821554,0.008210622,0.014064681,0.92727447,0.013764244,0.022213679,0.0004796849,0.0026759473,0.92727447
pamap2,gnn_attention_adj,window,1,101,101,102,1960,1960,1960,7,7,12,12,ascending_stairs,ascending_stairs,True,0.0036320693,0.0034193036,0.007994559,0.10402239,0.003151403,0.024416348,0.027319975,0.63673115,0.06839768,0.10862809,0.0038361421,0.0084509095,0.63673115
pamap2,gnn_attention_adj,window,1,101,101,102,1961,1961,1961,7,7,12,12,ascending_stairs,ascending_stairs,True,0.0036419195,0.0032418391,0.008011186,0.079867624,0.0029808665,0.0317965,0.027331233,0.63264877,0.07059581,0.1269511,0.004541804,0.008391383,0.63264877
pamap2,gnn_attention_adj,window,1,101,101,102,1962,1962,1962,7,7,12,12,ascending_stairs,ascending_stairs,True,0.0049802936,0.0031267789,0.009494825,0.013300443,0.0034774505,0.03758617,0.020273346,0.753067,0.04692325,0.09240406,0.00495099,0.010415353,0.753067
pamap2,gnn_attention_adj,window,1,101,101,102,1963,1963,1963,7,7,12,12,ascending_stairs,ascending_stairs,True,0.005245583,0.006860432,0.01545328,0.014473348,0.008830536,0.049595226,0.08594719,0.6094264,0.1032371,0.065215714,0.010761714,0.024953505,0.6094264
pamap2,gnn_attention_adj,window,1,101,101,102,1964,1964,1964,7,5,12,6,ascending_stairs,cycling,False,0.001329383,0.0031910166,0.0035374563,0.01822888,0.0018928428,0.35702267,0.029044703,0.08246365,0.29136142,0.1717551,0.03583072,0.0043421653,0.35702267
pamap2,gnn_attention_adj,window,1,101,101,102,1965,1965,1965,7,10,12,17,ascending_stairs,ironing,False,0.0026320573,0.011943281,0.031089677,0.012118739,0.0044044484,0.18620056,0.0101816645,0.040438578,0.07212368,0.2915166,0.33005542,0.0072952895,0.33005542
pamap2,gnn_attention_adj,window,1,101,101,102,1966,1966,1966,7,10,12,17,ascending_stairs,ironing,False,0.0027755627,0.065412514,0.047566295,0.00082056504,0.004140207,0.017185144,0.0025253715,0.0046309694,0.014522285,0.047254365,0.790691,0.0024757022,0.790691
pamap2,gnn_attention_adj,window,1,101,101,102,1967,1967,1967,7,1,12,2,ascending_stairs,sitting,False,0.01490951,0.442422,0.10049468,0.0014117971,0.012280836,0.008039622,0.008048997,0.005680646,0.021292474,0.02645398,0.35469908,0.00426629,0.442422
pamap2,gnn_attention_adj,window,1,101,101,102,1968,1968,1968,7,1,12,2,ascending_stairs,sitting,False,0.014914818,0.568026,0.0869151,0.0010762567,0.0125812525,0.004871275,0.0073934994,0.004287975,0.017033707,0.018511605,0.26082847,0.0035600453,0.568026
pamap2,gnn_attention_adj,window,1,101,101,102,1969,1969,1969,7,1,12,2,ascending_stairs,sitting,False,0.02748165,0.6464556,0.14620166,0.0016276747,0.013224449,0.0032434417,0.008521206,0.0052937516,0.017975684,0.011326178,0.114434585,0.0042141634,0.6464556
pamap2,gnn_attention_adj,window,1,101,101,102,1970,1970,1970,7,1,12,2,ascending_stairs,sitting,False,0.043870546,0.6640912,0.18660739,0.0020630357,0.01284047,0.0020848266,0.011890324,0.006048811,0.018209679,0.006125181,0.04167959,0.0044888402,0.6640912
pamap2,gnn_attention_adj,window,1,101,101,102,1971,1971,1971,7,1,12,2,ascending_stairs,sitting,False,0.042959075,0.56571287,0.22816849,0.0035317573,0.0154297305,0.003949587,0.017342914,0.009736765,0.02652543,0.010543357,0.06940515,0.0066948696,0.56571287
pamap2,gnn_attention_adj,window,1,101,101,102,1972,1972,1972,7,2,12,3,ascending_stairs,standing,False,0.034978896,0.20170479,0.21360096,0.022715714,0.028340627,0.02514918,0.077326044,0.03858801,0.07857831,0.070176646,0.18203281,0.026807938,0.21360096
pamap2,gnn_attention_adj,window,1,101,101,102,1973,1973,1973,7,10,12,17,ascending_stairs,ironing,False,0.021207556,0.16603708,0.16454327,0.015929364,0.023981417,0.030164544,0.055732075,0.031870134,0.06568512,0.098088786,0.30542505,0.021335594,0.30542505
pamap2,gnn_attention_adj,window,1,101,101,102,1974,1974,1974,7,1,12,2,ascending_stairs,sitting,False,0.029162873,0.55397123,0.15318361,0.002390733,0.01623486,0.0063269236,0.013114423,0.0076600956,0.025802722,0.017215509,0.16875084,0.006186131,0.55397123
pamap2,gnn_attention_adj,window,1,101,101,102,1975,1975,1975,8,1,13,2,descending_stairs,sitting,False,0.060996417,0.608547,0.13375515,0.0028573615,0.02127907,0.005643172,0.01502273,0.007512259,0.027080782,0.016606916,0.09264426,0.008054844,0.608547
pamap2,gnn_attention_adj,window,1,101,101,102,1976,1976,1976,8,10,13,17,descending_stairs,ironing,False,0.020035239,0.27155748,0.12260268,0.002533352,0.013040157,0.015556393,0.0072517376,0.008766945,0.025397263,0.053917736,0.45291886,0.0064221104,0.45291886
pamap2,gnn_attention_adj,window,1,101,101,102,1977,1977,1977,8,10,13,17,descending_stairs,ironing,False,0.008166539,0.11540617,0.075793184,0.0015250433,0.008447242,0.023492731,0.0049632876,0.0070881103,0.022552542,0.05639459,0.67090327,0.005267326,0.67090327
pamap2,gnn_attention_adj,window,1,101,101,102,1978,1978,1978,8,10,13,17,descending_stairs,ironing,False,0.012332152,0.16811359,0.09662173,0.0015183622,0.010370602,0.021943627,0.0059232316,0.0073612537,0.026619881,0.04770952,0.5955035,0.005982491,0.5955035
pamap2,gnn_attention_adj,window,1,101,101,102,1979,1979,1979,8,1,13,2,descending_stairs,sitting,False,0.02711158,0.4463299,0.085174754,0.0011191657,0.01645705,0.011883057,0.008409395,0.0051465183,0.026320335,0.028558126,0.33750632,0.005983779,0.4463299
pamap2,gnn_attention_adj,window,1,101,101,102,1980,1980,1980,8,10,13,17,descending_stairs,ironing,False,0.007852531,0.12757073,0.03552209,0.000734302,0.007919133,0.02452196,0.004380697,0.0041461266,0.019242374,0.056427628,0.7078594,0.0038229602,0.7078594
pamap2,gnn_attention_adj,window,1,101,101,102,1981,1981,1981,8,10,13,17,descending_stairs,ironing,False,0.0043914104,0.071722515,0.022760766,0.000485539,0.0048088287,0.02426494,0.0021706966,0.0031250638,0.012589361,0.063820556,0.7874187,0.0024416437,0.7874187
pamap2,gnn_attention_adj,window,1,101,101,102,1982,1982,1982,8,10,13,17,descending_stairs,ironing,False,0.00978944,0.13859336,0.043642603,0.00082231284,0.008875517,0.02476691,0.004230052,0.004747579,0.019764768,0.05934104,0.6811017,0.004324816,0.6811017
pamap2,gnn_attention_adj,window,1,101,101,102,1983,1983,1983,8,10,13,17,descending_stairs,ironing,False,0.00066115096,0.009695444,0.014374439,0.00038316447,0.0011732981,0.02431591,0.0003954598,0.002677751,0.0048030494,0.08428793,0.85632443,0.0009079931,0.85632443
pamap2,gnn_attention_adj,window,1,101,101,102,1984,1984,1984,8,9,13,16,descending_stairs,vacuum_cleaning,False,0.0058663185,0.0031278275,0.018906722,0.019831877,0.0009690528,0.08199247,0.0011311335,0.056763764,0.02069395,0.7363667,0.05220741,0.0021427916,0.7363667
pamap2,gnn_attention_adj,window,1,101,101,102,1985,1985,1985,8,7,13,12,descending_stairs,ascending_stairs,False,0.0018573956,0.0019597018,0.002106287,0.1984736,0.0019290813,0.02678342,0.16417795,0.28780448,0.23271325,0.07479697,0.0011276375,0.0062702294,0.28780448
pamap2,gnn_attention_adj,window,1,101,101,102,1986,1986,1986,8,8,13,13,descending_stairs,descending_stairs,True,0.00012303753,0.00051883055,0.00017216589,0.1436199,0.0015852628,0.0018282407,0.39063096,0.056948632,0.39686775,0.0010969599,8.444247e-05,0.006523837,0.39686775
pamap2,gnn_attention_adj,window,1,101,101,102,1987,1987,1987,8,8,13,13,descending_stairs,descending_stairs,True,0.00026262246,0.0002437288,0.00011134821,0.09159443,0.0008940632,0.010064789,0.037567563,0.0667825,0.7865821,0.0008837858,6.876838e-05,0.0049442616,0.7865821
pamap2,gnn_attention_adj,window,1,101,101,102,1988,1988,1988,8,8,13,13,descending_stairs,descending_stairs,True,0.0004761678,0.00040301454,0.00022695959,0.36216053,0.0010437497,0.004915412,0.038758785,0.1282907,0.4571902,0.0016518664,6.5888584e-05,0.004816774,0.4571902
pamap2,gnn_attention_adj,window,1,101,101,102,1989,1989,1989,8,3,13,4,descending_stairs,walking,False,0.000103988335,0.00019684386,0.00011823362,0.89470613,0.00038148355,0.00018757107,0.015593484,0.0497738,0.03714887,0.0006258224,1.6355816e-05,0.0011474265,0.89470613
pamap2,gnn_attention_adj,window,1,101,101,102,1990,1990,1990,8,8,13,13,descending_stairs,descending_stairs,True,0.000879563,0.00093463546,0.00047672584,0.31372657,0.0023654723,0.006423836,0.051560313,0.16655642,0.44549054,0.0027050648,0.00017332874,0.008707582,0.44549054
pamap2,gnn_attention_adj,window,1,101,101,102,1991,1991,1991,8,3,13,4,descending_stairs,walking,False,0.00043957314,0.0011405938,0.0009786814,0.5537876,0.0017809799,0.0012757779,0.09447338,0.19755611,0.13913552,0.0033380354,0.0001686112,0.005925141,0.5537876
pamap2,gnn_attention_adj,window,1,101,101,102,1992,1992,1992,8,3,13,4,descending_stairs,walking,False,0.00012718656,0.0006131515,0.00024914058,0.86743885,0.0012441329,0.000323306,0.05622255,0.03157995,0.037222404,0.0025558372,9.8683944e-05,0.0023249025,0.86743885
pamap2,gnn_attention_adj,window,1,101,101,102,1993,1993,1993,8,3,13,4,descending_stairs,walking,False,0.003359246,0.0056419824,0.0048287804,0.7723629,0.006919627,0.0016782709,0.04095946,0.07200504,0.05003885,0.027585683,0.0013263788,0.013293814,0.7723629
pamap2,gnn_attention_adj,window,1,101,101,102,1994,1994,1994,8,3,13,4,descending_stairs,walking,False,0.002472277,0.0014677752,0.0025406997,0.45284107,0.0015772495,0.02437208,0.017244,0.2496815,0.1955828,0.045092795,0.0012142566,0.0059135663,0.45284107
pamap2,gnn_attention_adj,window,1,101,101,102,1995,1995,1995,8,8,13,13,descending_stairs,descending_stairs,True,0.00062873506,0.00036214254,0.00016858324,0.054161806,0.001090928,0.019911466,0.05981827,0.12350285,0.73264116,0.0020768698,9.257097e-05,0.005544677,0.73264116
pamap2,gnn_attention_adj,window,1,101,101,102,1996,1996,1996,8,3,13,4,descending_stairs,walking,False,3.6674784e-05,0.00010322824,6.79716e-05,0.92823285,0.00019617188,9.6007e-05,0.016437031,0.027245566,0.026457144,0.00040454205,1.0454645e-05,0.0007125153,0.92823285
pamap2,gnn_attention_adj,window,1,101,101,102,1997,1997,1997,8,8,13,13,descending_stairs,descending_stairs,True,0.00015606286,0.0003367022,0.00013777439,0.36614147,0.001386379,0.0025082363,0.080832005,0.05344729,0.48774675,0.0006932298,6.312899e-05,0.006551052,0.48774675
pamap2,gnn_attention_adj,window,1,101,101,102,1998,1998,1998,8,3,13,4,descending_stairs,walking,False,0.00019724242,0.00028846462,0.00015645358,0.6612304,0.00083035836,0.0009683129,0.047962062,0.086528175,0.19750032,0.00078243023,3.0168536e-05,0.0035256136,0.6612304
pamap2,gnn_attention_adj,window,1,101,101,102,1999,1999,1999,8,3,13,4,descending_stairs,walking,False,9.251751e-05,0.00018179814,9.7534095e-05,0.83665323,0.00037220152,0.0003362249,0.03634239,0.057493035,0.06640812,0.0007559216,1.6126918e-05,0.0012510233,0.83665323
pamap2,gnn_attention_adj,window,1,101,101,102,2000,2000,2000,8,8,13,13,descending_stairs,descending_stairs,True,0.0003173561,0.0006026794,0.0001698617,0.17240568,0.0038751515,0.004499387,0.15456606,0.06757455,0.58162606,0.0012417034,0.000122002486,0.012999526,0.58162606
pamap2,gnn_attention_adj,window,1,101,101,102,2001,2001,2001,8,8,13,13,descending_stairs,descending_stairs,True,0.00077211484,0.0015219055,0.0008092215,0.2618513,0.0040928517,0.009728733,0.19572082,0.20748676,0.29217994,0.013865687,0.0005801798,0.011390488,0.29217994
pamap2,gnn_attention_adj,window,1,101,101,102,2002,2002,2002,8,3,13,4,descending_stairs,walking,False,0.0037253825,0.0032217414,0.0045625754,0.75366044,0.0024108037,0.003973535,0.007201855,0.101960555,0.035186715,0.077498436,0.0019552966,0.004642698,0.75366044
pamap2,gnn_attention_adj,window,1,101,101,102,2003,2003,2003,8,3,13,4,descending_stairs,walking,False,0.0020821495,0.003937753,0.002991442,0.6624006,0.0039857333,0.0057793893,0.06175748,0.11680308,0.0923443,0.03845392,0.0016556904,0.0078084813,0.6624006
pamap2,gnn_attention_adj,window,1,101,101,102,2004,2004,2004,8,3,13,4,descending_stairs,walking,False,0.00025950986,0.0006868426,0.00041974077,0.5022998,0.0017534081,0.0013876501,0.094487004,0.10341381,0.28635454,0.0012112242,0.00010983504,0.007616646,0.5022998
pamap2,gnn_attention_adj,window,1,101,101,102,2005,2005,2005,8,8,13,13,descending_stairs,descending_stairs,True,0.00029267787,0.00039790373,0.00020542755,0.4015184,0.0015506826,0.0027602497,0.025124304,0.067339234,0.4925851,0.00077808724,7.381064e-05,0.007374247,0.4925851
pamap2,gnn_attention_adj,window,1,101,101,102,2006,2006,2006,8,3,13,4,descending_stairs,walking,False,9.491566e-05,0.00015164065,0.00010312571,0.8912557,0.0003561485,0.00030981455,0.009083506,0.03525781,0.06145581,0.000543324,1.875628e-05,0.0013695012,0.8912557
pamap2,gnn_attention_adj,window,1,101,101,102,2007,2007,2007,8,3,13,4,descending_stairs,walking,False,0.00014350224,0.00018405204,0.00012096829,0.81963736,0.00035394402,0.00073166494,0.020843722,0.06452075,0.09112394,0.0010024077,2.1809883e-05,0.0013159285,0.81963736
pamap2,gnn_attention_adj,window,1,101,101,102,2008,2008,2008,8,8,13,13,descending_stairs,descending_stairs,True,0.00019600439,0.00018101875,6.030009e-05,0.097657934,0.0010596332,0.0069895755,0.039735593,0.04417576,0.8039848,0.00055730913,3.948611e-05,0.0053626006,0.8039848
pamap2,gnn_attention_adj,window,1,101,101,102,2009,2009,2009,8,8,13,13,descending_stairs,descending_stairs,True,0.00021513403,0.00023409002,8.865296e-05,0.24962842,0.0011952034,0.0039814455,0.060420208,0.06697029,0.6106438,0.0007543145,3.9063572e-05,0.0058294516,0.6106438
pamap2,gnn_attention_adj,window,1,101,101,102,2010,2010,2010,8,3,13,4,descending_stairs,walking,False,0.0036744087,0.0046922155,0.0033154497,0.7725119,0.0061970446,0.002055617,0.030558923,0.08597387,0.058886215,0.020708585,0.00092524727,0.010500582,0.7725119
pamap2,gnn_attention_adj,window,1,101,101,102,2011,2011,2011,8,3,13,4,descending_stairs,walking,False,0.015069119,0.012763825,0.012545836,0.4980263,0.011246956,0.010565987,0.04242358,0.14049423,0.083780564,0.14724094,0.005191934,0.02065068,0.4980263
pamap2,gnn_attention_adj,window,1,101,101,102,2012,2012,2012,8,8,13,13,descending_stairs,descending_stairs,True,0.0017618445,0.0007887553,0.00080685504,0.2343801,0.001188333,0.050193533,0.021741332,0.2187154,0.44236836,0.022423921,0.00058706116,0.0050445953,0.44236836
pamap2,gnn_attention_adj,window,1,101,101,102,2013,2013,2013,8,8,13,13,descending_stairs,descending_stairs,True,0.00027141822,0.00028777635,0.00012087647,0.14028619,0.0009556983,0.011619089,0.07383665,0.07244566,0.6940558,0.0014676389,8.185403e-05,0.004571339,0.6940558
pamap2,gnn_attention_adj,window,1,101,101,102,2014,2014,2014,8,3,13,4,descending_stairs,walking,False,0.00016042632,0.00022928504,0.000121573124,0.7080797,0.0007430323,0.0009026612,0.029499196,0.06186851,0.19439653,0.0007260484,2.7995678e-05,0.003245014,0.7080797
pamap2,gnn_attention_adj,window,1,101,101,102,2015,2015,2015,8,3,13,4,descending_stairs,walking,False,8.058912e-05,0.0001474263,8.0612794e-05,0.8859463,0.0002749756,0.00022114241,0.02227612,0.050499294,0.038912065,0.000714635,1.2132236e-05,0.00083471765,0.8859463
pamap2,gnn_attention_adj,window,1,101,101,102,2016,2016,2016,8,3,13,4,descending_stairs,walking,False,0.00031308742,0.0003943812,0.0001980958,0.43949208,0.00091634045,0.00504657,0.081222616,0.123090856,0.34352082,0.0022813587,7.423841e-05,0.0034496356,0.43949208
pamap2,gnn_attention_adj,window,1,101,101,102,2017,2017,2017,8,8,13,13,descending_stairs,descending_stairs,True,0.0014674204,0.0004120289,0.00022398077,0.13019957,0.0015425048,0.011989524,0.019080598,0.20242615,0.62273574,0.002815219,6.129834e-05,0.0070459833,0.62273574
pamap2,gnn_attention_adj,window,1,101,101,102,2018,2018,2018,8,3,13,4,descending_stairs,walking,False,0.000138343,0.00023224062,0.00011546783,0.76275206,0.0005775551,0.0006225432,0.056547236,0.08184008,0.09397788,0.0013141752,2.226859e-05,0.0018602182,0.76275206
pamap2,gnn_attention_adj,window,1,101,101,102,2019,2019,2019,8,3,13,4,descending_stairs,walking,False,0.0005659943,0.0005482975,0.00032778239,0.4959958,0.0014229257,0.0064414954,0.052302178,0.21291733,0.21670082,0.008216538,0.00014548167,0.0044153454,0.4959958
pamap2,gnn_attention_adj,window,1,101,101,102,2020,2020,2020,8,3,13,4,descending_stairs,walking,False,0.0020269016,0.0008017056,0.001509452,0.5809439,0.0008907844,0.018828448,0.006571271,0.20026359,0.11265562,0.07174108,0.00081763207,0.0029496052,0.5809439
pamap2,gnn_attention_adj,window,1,101,101,102,2021,2021,2021,8,8,13,13,descending_stairs,descending_stairs,True,0.0006089086,0.0004608999,0.00026189804,0.13613836,0.0009799191,0.03105062,0.06432385,0.14331321,0.6110764,0.0071890387,0.00021941663,0.004377386,0.6110764
pamap2,gnn_attention_adj,window,1,101,101,102,2022,2022,2022,8,3,13,4,descending_stairs,walking,False,0.00040806198,0.0010661961,0.000664141,0.48461846,0.0022023488,0.0013309517,0.13091068,0.17858179,0.19062552,0.0021546988,0.00013264184,0.0073045027,0.48461846
pamap2,gnn_attention_adj,window,1,101,101,102,2023,2023,2023,8,3,13,4,descending_stairs,walking,False,0.0006856045,0.0008890139,0.00054460287,0.62680274,0.0018534437,0.00097277755,0.04255028,0.19834754,0.11971238,0.0022008426,6.8608984e-05,0.005372183,0.62680274
pamap2,gnn_attention_adj,window,1,101,101,102,2024,2024,2024,8,8,13,13,descending_stairs,descending_stairs,True,0.0013759382,0.00064469,0.000331231,0.23526467,0.0024823453,0.005390847,0.01496494,0.12848908,0.59887856,0.0016496511,7.7613724e-05,0.010450375,0.59887856
pamap2,gnn_attention_adj,window,1,101,101,102,2025,2025,2025,8,3,13,4,descending_stairs,walking,False,0.00015023365,0.00030531353,0.00019114508,0.73315865,0.0007717294,0.0006211147,0.04859878,0.06361442,0.14828032,0.0007418365,3.622607e-05,0.0035302374,0.73315865
pamap2,gnn_attention_adj,window,1,101,101,102,2026,2026,2026,8,8,13,13,descending_stairs,descending_stairs,True,0.00026244353,0.00024313493,8.596575e-05,0.22986676,0.0014909728,0.003230482,0.040669087,0.06402235,0.65227824,0.0005848922,3.3888962e-05,0.007231797,0.65227824
pamap2,gnn_attention_adj,window,1,101,101,102,2027,2027,2027,8,8,13,13,descending_stairs,descending_stairs,True,0.00047198965,0.00030486746,0.000105869585,0.051888052,0.0018292038,0.009240787,0.027896466,0.0584755,0.84026545,0.0007868989,6.534632e-05,0.008669586,0.84026545
pamap2,gnn_attention_adj,window,1,101,101,102,2028,2028,2028,8,3,13,4,descending_stairs,walking,False,0.0010273415,0.0017816528,0.0016435197,0.80434275,0.0022452292,0.002376057,0.027218701,0.07954991,0.060758397,0.01339814,0.00058978074,0.0050685327,0.80434275
pamap2,gnn_attention_adj,window,1,101,101,102,2029,2029,2029,8,3,13,4,descending_stairs,walking,False,0.008617674,0.0060108877,0.008920105,0.5164905,0.0051839184,0.016867569,0.020322232,0.15873843,0.08315732,0.15977854,0.0050472,0.010865601,0.5164905
pamap2,gnn_attention_adj,window,1,101,101,102,2030,2030,2030,8,8,13,13,descending_stairs,descending_stairs,True,0.0009848374,0.00061891443,0.00049802416,0.17037685,0.0010398376,0.050429996,0.039770573,0.19626023,0.5214477,0.013756872,0.00044037474,0.004375726,0.5214477
pamap2,gnn_attention_adj,window,1,101,101,102,2031,2031,2031,8,8,13,13,descending_stairs,descending_stairs,True,0.00014195281,0.00019724104,7.143903e-05,0.17648664,0.0008865238,0.0046176445,0.10185131,0.053587332,0.65679306,0.0006267682,3.78567e-05,0.0047022793,0.65679306
pamap2,gnn_attention_adj,window,1,101,101,102,2032,2032,2032,8,8,13,13,descending_stairs,descending_stairs,True,0.00042525592,0.00023021465,8.142797e-05,0.012043736,0.0021107541,0.0069683525,0.007181842,0.024916984,0.9331385,0.0002920434,5.196244e-05,0.012558846,0.9331385
pamap2,gnn_attention_adj,window,1,101,101,102,2033,2033,2033,8,8,13,13,descending_stairs,descending_stairs,True,0.0003390002,0.0001515393,5.3854536e-05,0.0030897802,0.001473016,0.010060657,0.005817463,0.017215982,0.9511219,0.00021642777,4.653389e-05,0.010413767,0.9511219
pamap2,gnn_attention_adj,window,1,101,101,102,2034,2034,2034,8,8,13,13,descending_stairs,descending_stairs,True,0.0002451526,0.00026269152,9.785071e-05,0.051177904,0.0016544654,0.004653446,0.0685975,0.056440864,0.8070934,0.00042793312,4.76598e-05,0.009301085,0.8070934
pamap2,gnn_attention_adj,window,1,101,101,102,2035,2035,2035,8,3,13,4,descending_stairs,walking,False,9.671656e-05,0.00017050312,0.0001072964,0.83446336,0.00040919014,0.00035705214,0.029017948,0.049439535,0.08358255,0.0006246406,1.7318178e-05,0.001713904,0.83446336
pamap2,gnn_attention_adj,window,1,101,101,102,2036,2036,2036,8,8,13,13,descending_stairs,descending_stairs,True,0.0010663819,0.00042319033,0.00026518232,0.115329914,0.0010979867,0.044347454,0.025238553,0.18384196,0.6131273,0.010204224,0.00021305522,0.0048448313,0.6131273
pamap2,gnn_attention_adj,window,1,101,101,102,2037,2037,2037,8,3,13,4,descending_stairs,walking,False,0.0038413354,0.0032487211,0.0045563383,0.70354646,0.002520454,0.0063039814,0.009543798,0.118243106,0.045873336,0.09496263,0.0023135408,0.005046329,0.70354646
pamap2,gnn_attention_adj,window,1,101,101,102,2038,2038,2038,8,3,13,4,descending_stairs,walking,False,0.009358735,0.009222564,0.0102231065,0.4845331,0.007978626,0.018015545,0.06191369,0.16377777,0.13301896,0.07971601,0.005158585,0.017083302,0.4845331
pamap2,gnn_attention_adj,window,1,101,101,102,2039,2039,2039,8,8,13,13,descending_stairs,descending_stairs,True,0.0005723379,0.0006821994,0.00045326457,0.27941114,0.0012071215,0.009752583,0.0937082,0.15073521,0.45455047,0.003357901,0.00018509327,0.0053844983,0.45455047
pamap2,gnn_attention_adj,window,1,101,101,102,2040,2040,2040,8,8,13,13,descending_stairs,descending_stairs,True,0.0005064281,0.00046869722,0.0002471299,0.22082578,0.0012830736,0.008612009,0.07149391,0.117544815,0.57113475,0.0018160284,9.968263e-05,0.0059677763,0.57113475
pamap2,gnn_attention_adj,window,1,101,101,102,2041,2041,2041,8,3,13,4,descending_stairs,walking,False,0.0002624196,0.00026667456,0.00017177596,0.7517617,0.0006073283,0.001182197,0.015566553,0.078850396,0.14770462,0.001199778,3.3166223e-05,0.0023933991,0.7517617
pamap2,gnn_attention_adj,window,1,101,101,102,2042,2042,2042,8,3,13,4,descending_stairs,walking,False,9.5054165e-05,0.0001579027,0.00016031986,0.9431554,0.00020955548,0.00021719781,0.004957584,0.029819053,0.01940312,0.0011483898,2.8644055e-05,0.0006478179,0.9431554
pamap2,gnn_attention_adj,window,1,101,101,102,2043,2043,2043,8,8,13,13,descending_stairs,descending_stairs,True,0.00023898207,0.0001776789,6.2066996e-05,0.072013475,0.0010782614,0.007847052,0.029148482,0.043498427,0.83968484,0.00055292237,3.9393573e-05,0.0056584487,0.83968484
pamap2,gnn_attention_adj,window,1,101,101,102,2044,2044,2044,8,8,13,13,descending_stairs,descending_stairs,True,0.00030248385,0.00030871882,0.00013098563,0.3916796,0.0016193351,0.001655523,0.057013668,0.0908646,0.44796658,0.00077196816,3.2051048e-05,0.007654473,0.44796658
pamap2,gnn_attention_adj,window,1,101,101,102,2045,2045,2045,8,3,13,4,descending_stairs,walking,False,0.0013988389,0.002467698,0.0015127118,0.799397,0.0036076633,0.0014676787,0.0424464,0.07115514,0.057156917,0.012062548,0.00048408093,0.006843234,0.799397
pamap2,gnn_attention_adj,window,1,101,101,102,2046,2046,2046,8,3,13,4,descending_stairs,walking,False,0.005908897,0.0070479508,0.012077205,0.6755501,0.0063207704,0.0051269475,0.020828478,0.10683604,0.049955845,0.09291558,0.0041029667,0.013329214,0.6755501
pamap2,gnn_attention_adj,window,1,101,101,102,2047,2047,2047,8,8,13,13,descending_stairs,descending_stairs,True,0.002052666,0.0006679507,0.0007358671,0.14825922,0.0010661599,0.07194163,0.022779323,0.24682817,0.47168922,0.028556263,0.000537989,0.0048855552,0.47168922
pamap2,gnn_attention_adj,window,1,101,101,102,2048,2048,2048,8,8,13,13,descending_stairs,descending_stairs,True,0.0003253798,0.00018495345,7.952785e-05,0.014332443,0.0006517092,0.03792493,0.018136997,0.04497704,0.8781549,0.0012587082,0.00010736705,0.003866106,0.8781549
pamap2,gnn_attention_adj,window,1,101,101,102,2049,2049,2049,8,3,13,4,descending_stairs,walking,False,0.00014756639,0.00047296245,0.00029138272,0.6592357,0.0010403998,0.0006423633,0.10112902,0.07765661,0.15420707,0.0009963018,6.038603e-05,0.004120227,0.6592357
pamap2,gnn_attention_adj,window,1,101,101,102,2050,2050,2050,8,3,13,4,descending_stairs,walking,False,8.0376914e-05,0.0001664245,0.00010566192,0.8866574,0.00039040763,0.00017308164,0.018502817,0.039617483,0.052428182,0.00039221215,1.4135601e-05,0.00147189,0.8866574
pamap2,gnn_attention_adj,window,1,101,101,102,2051,2051,2051,8,8,13,13,descending_stairs,descending_stairs,True,0.0005622613,0.0002787436,0.0001061888,0.012131984,0.001403001,0.018026885,0.029722879,0.060453333,0.8686631,0.0009162258,7.573087e-05,0.0076596504,0.8686631
pamap2,gnn_attention_adj,window,1,101,101,102,2052,2052,2052,8,8,13,13,descending_stairs,descending_stairs,True,0.00021335669,0.00013948334,4.6333706e-05,0.01454127,0.0011059684,0.0072367666,0.024062835,0.026877915,0.9182118,0.00027044426,3.3966804e-05,0.007259809,0.9182118
pamap2,gnn_attention_adj,window,1,101,101,102,2053,2053,2053,8,8,13,13,descending_stairs,descending_stairs,True,0.00065438746,0.0005248597,0.0001864257,0.0089457175,0.0039151204,0.012192646,0.07242574,0.07876609,0.80363524,0.0009898461,0.00013501704,0.017628938,0.80363524
pamap2,gnn_attention_adj,window,1,101,101,102,2054,2054,2054,8,8,13,13,descending_stairs,descending_stairs,True,0.00039522105,0.00047384863,0.00017937167,0.01506081,0.0036930654,0.0066114077,0.08027425,0.06134268,0.81249154,0.00057612604,0.00011880678,0.018782951,0.81249154
pamap2,gnn_attention_adj,window,1,101,101,102,2055,2055,2055,8,8,13,13,descending_stairs,descending_stairs,True,0.00018812042,0.00019095482,6.420656e-05,0.024078408,0.001590255,0.0062154443,0.057364985,0.035724122,0.8650689,0.00036469367,4.696279e-05,0.00910292,0.8650689
pamap2,gnn_attention_adj,window,1,101,101,102,2056,2056,2056,8,8,13,13,descending_stairs,descending_stairs,True,0.00023429014,0.00039258073,0.000115693365,0.05449093,0.002281239,0.0070575704,0.16306847,0.059132878,0.70308167,0.00084634,9.684618e-05,0.009201436,0.70308167
pamap2,gnn_attention_adj,window,1,101,101,102,2057,2057,2057,8,3,13,4,descending_stairs,walking,False,0.00031156905,0.0007760132,0.0004981583,0.61229455,0.0012886821,0.0015652952,0.08774806,0.19306701,0.09260168,0.0066099754,0.00015749465,0.0030815303,0.61229455
pamap2,gnn_attention_adj,window,1,101,101,102,2058,2058,2058,8,3,13,4,descending_stairs,walking,False,0.00033847798,0.00044501893,0.00040411073,0.89148974,0.0008235332,0.00087682717,0.010370502,0.052750904,0.03410099,0.006244245,0.00010542502,0.0020501895,0.89148974
pamap2,gnn_attention_adj,window,1,101,101,102,2059,2059,2059,8,3,13,4,descending_stairs,walking,False,0.00048755092,0.0007028954,0.0009359809,0.90754557,0.00086544687,0.0008292916,0.005333404,0.048711274,0.022617495,0.009694025,0.00026759753,0.0020094952,0.90754557
pamap2,gnn_attention_adj,window,1,101,101,102,2060,2060,2060,8,3,13,4,descending_stairs,walking,False,0.0006099407,0.0011533417,0.0018243053,0.8372408,0.0010700168,0.0023305146,0.016094385,0.07541289,0.04489789,0.015781673,0.0006729359,0.0029112215,0.8372408
pamap2,gnn_attention_adj,window,1,101,101,102,2061,2061,2061,8,8,13,13,descending_stairs,descending_stairs,True,0.00053671177,0.00095022767,0.0004571786,0.25662684,0.0017097951,0.011321821,0.25608134,0.10692147,0.35081246,0.008694675,0.00030890564,0.0055785542,0.35081246
pamap2,gnn_attention_adj,window,1,101,101,102,2062,2062,2062,8,3,13,4,descending_stairs,walking,False,0.00025540462,0.0008655538,0.0005285552,0.4878501,0.0016572435,0.0017167239,0.19878428,0.075368896,0.22396317,0.0023121873,0.0001723189,0.00652551,0.4878501
pamap2,gnn_attention_adj,window,1,101,101,102,2063,2063,2063,8,8,13,13,descending_stairs,descending_stairs,True,0.0001788796,0.00017598177,6.997128e-05,0.041283637,0.0007063298,0.013001358,0.057607148,0.049660716,0.83243257,0.0007994306,6.0096227e-05,0.0040238034,0.83243257
pamap2,gnn_attention_adj,window,1,101,101,102,2064,2064,2064,8,8,13,13,descending_stairs,descending_stairs,True,0.00040387537,0.00048199313,0.00023063777,0.2764187,0.0012329114,0.0046078465,0.1067903,0.15642227,0.44634637,0.0016805662,7.037325e-05,0.0053142114,0.44634637
pamap2,gnn_attention_adj,window,1,101,101,102,2065,2065,2065,8,3,13,4,descending_stairs,walking,False,8.7941335e-05,0.00012823558,7.643792e-05,0.86512905,0.0003126876,0.00039520048,0.01408832,0.04494443,0.07305067,0.00058414676,1.41143055e-05,0.0011886491,0.86512905
pamap2,gnn_attention_adj,window,1,101,101,102,2066,2066,2066,8,8,13,13,descending_stairs,descending_stairs,True,0.00050886447,0.00026800012,0.00010283429,0.013197909,0.00084250764,0.050993547,0.023536928,0.06932193,0.8343961,0.002342569,0.00015423392,0.004334569,0.8343961
pamap2,gnn_attention_adj,window,1,101,101,102,2067,2067,2067,8,8,13,13,descending_stairs,descending_stairs,True,0.00052392215,0.00055486255,0.00031999836,0.25932893,0.0010748119,0.011307662,0.09982848,0.14204754,0.4761739,0.004010279,0.0001521613,0.0046774205,0.4761739
pamap2,gnn_attention_adj,window,1,101,101,102,2068,2068,2068,8,3,13,4,descending_stairs,walking,False,0.00040038905,0.000969579,0.00079144613,0.89459693,0.0023211301,0.00035236424,0.021792073,0.036284875,0.03444513,0.0027723247,0.00018519533,0.0050885146,0.89459693
pamap2,gnn_attention_adj,window,1,101,101,102,2069,2069,2069,8,3,13,4,descending_stairs,walking,False,0.0012915381,0.0030340094,0.0026140746,0.78275305,0.0042043524,0.0016704003,0.05100698,0.06992768,0.054898214,0.018703738,0.00090761326,0.008988428,0.78275305
pamap2,gnn_attention_adj,window,1,101,101,102,2070,2070,2070,8,7,13,12,descending_stairs,ascending_stairs,False,0.003867908,0.0017661368,0.004637696,0.1964246,0.0013873517,0.072460026,0.009927492,0.3593544,0.18655586,0.15487064,0.003573449,0.0051744217,0.3593544
pamap2,gnn_attention_adj,window,1,101,101,102,2071,2071,2071,8,8,13,13,descending_stairs,descending_stairs,True,0.0013898048,0.0006270612,0.0005800869,0.13995081,0.0010370237,0.056612752,0.025528124,0.19694221,0.55901456,0.013101079,0.00043287585,0.0047835773,0.55901456
pamap2,gnn_attention_adj,window,1,101,101,102,2072,2072,2072,8,3,13,4,descending_stairs,walking,False,0.00010316616,0.00016963153,0.0001393468,0.93350536,0.0002894084,0.00021005471,0.008496068,0.030257113,0.025060654,0.0008370413,2.285599e-05,0.0009091589,0.93350536
pamap2,gnn_attention_adj,window,1,101,101,102,2073,2073,2073,8,3,13,4,descending_stairs,walking,False,0.00022066687,0.00030968589,0.00021832742,0.8133953,0.000599984,0.00084866025,0.019358614,0.06562034,0.09600949,0.0012129527,4.1831525e-05,0.0021640342,0.8133953
pamap2,gnn_attention_adj,window,1,101,101,102,2074,2074,2074,8,3,13,4,descending_stairs,walking,False,0.00018942684,0.00031459573,0.00029534812,0.87726647,0.00048626642,0.00038353872,0.014717475,0.054395463,0.048982427,0.0011781426,4.090541e-05,0.0017500293,0.87726647
pamap2,gnn_attention_adj,window,1,101,101,102,2075,2075,2075,8,8,13,13,descending_stairs,descending_stairs,True,0.00045847736,0.0004333972,0.00026363428,0.30490372,0.0011774244,0.0075015835,0.03872409,0.10352705,0.5355606,0.0017825853,0.0001022319,0.005565209,0.5355606
pamap2,gnn_attention_adj,window,1,101,101,102,2076,2076,2076,8,3,13,4,descending_stairs,walking,False,0.00026345352,0.00047843228,0.00037217356,0.7855956,0.0007073921,0.00074025255,0.033024218,0.09601161,0.078611344,0.0017699761,6.062431e-05,0.0023649235,0.7855956
pamap2,gnn_attention_adj,window,1,101,101,102,2077,2077,2077,8,3,13,4,descending_stairs,walking,False,0.00053169706,0.00060813734,0.00038494339,0.6253017,0.0011779779,0.0022042873,0.039271787,0.14587529,0.17822821,0.0023771105,8.2563834e-05,0.003956212,0.6253017
pamap2,gnn_attention_adj,window,1,101,101,102,2078,2078,2078,8,3,13,4,descending_stairs,walking,False,0.0011448398,0.0026372017,0.0026524893,0.50998,0.0026741778,0.0115210535,0.041709084,0.13158722,0.27029502,0.015863208,0.0019183031,0.008017447,0.50998
pamap2,gnn_attention_adj,window,1,101,101,102,2079,2079,2079,8,5,13,6,descending_stairs,cycling,False,0.0015960592,0.0069576073,0.0063916473,0.0012134277,0.0024330334,0.38237807,0.003331473,0.014480918,0.06047118,0.14876404,0.3685073,0.0034751645,0.38237807
pamap2,gnn_attention_adj,window,1,101,101,102,2080,2080,2080,8,10,13,17,descending_stairs,ironing,False,0.0018371785,0.031382143,0.051298376,0.001836814,0.004836474,0.029786143,0.0038469126,0.009110449,0.021475669,0.07050565,0.7695609,0.004523318,0.7695609
pamap2,gnn_attention_adj,window,1,101,101,102,2081,2081,2081,8,10,13,17,descending_stairs,ironing,False,0.016373407,0.3154844,0.19113138,0.0025030354,0.012310016,0.011697133,0.010908553,0.010295927,0.03219247,0.02813622,0.3623881,0.0065793516,0.3623881
pamap2,gnn_attention_adj,window,1,101,101,102,2082,2082,2082,8,2,13,3,descending_stairs,standing,False,0.031419016,0.29011193,0.47981194,0.00576543,0.011260478,0.005922734,0.014582623,0.017820258,0.039103232,0.01260075,0.082206346,0.009395187,0.47981194
pamap2,gnn_attention_adj,window,1,101,101,102,2083,2083,2083,8,1,13,2,descending_stairs,sitting,False,0.045854624,0.5273809,0.30144262,0.0035443162,0.0121887075,0.0027463576,0.013741729,0.0098505495,0.023538003,0.007889429,0.04581345,0.0060092807,0.5273809
pamap2,gnn_attention_adj,window,1,101,101,102,2084,2084,2084,8,1,13,2,descending_stairs,sitting,False,0.028507585,0.5898257,0.18705723,0.002384509,0.013246478,0.0037657544,0.01055484,0.0069442927,0.020797404,0.013182248,0.11871116,0.0050227656,0.5898257
pamap2,gnn_attention_adj,window,1,101,101,102,2085,2085,2085,8,1,13,2,descending_stairs,sitting,False,0.021113424,0.5017777,0.16332695,0.0022909257,0.014077024,0.0062660477,0.0104732355,0.007841144,0.023795659,0.020039186,0.22346969,0.0055290693,0.5017777
pamap2,gnn_attention_adj,window,1,101,101,102,2086,2086,2086,8,2,13,3,descending_stairs,standing,False,0.022628471,0.3033643,0.42386487,0.0050940677,0.01207253,0.006194743,0.012051169,0.015449675,0.034246847,0.016063964,0.14040634,0.008563105,0.42386487
pamap2,gnn_attention_adj,window,1,101,101,102,2087,2087,2087,8,2,13,3,descending_stairs,standing,False,0.03419302,0.29161298,0.52959394,0.00527316,0.009434121,0.003726889,0.011015668,0.015541728,0.030107968,0.009201011,0.05271733,0.0075821048,0.52959394
pamap2,gnn_attention_adj,window,1,101,101,102,2088,2088,2088,8,1,13,2,descending_stairs,sitting,False,0.05206888,0.6419181,0.22175488,0.0020586299,0.011028539,0.0014899707,0.0091767125,0.006040519,0.0159264,0.004894851,0.029590439,0.004052134,0.6419181
pamap2,gnn_attention_adj,window,1,101,101,102,2089,2089,2089,8,1,13,2,descending_stairs,sitting,False,0.06289965,0.6866326,0.17805816,0.0017945803,0.011442299,0.0012423607,0.00983855,0.0052799527,0.014708977,0.003856324,0.020496305,0.0037503096,0.6866326
pamap2,gnn_attention_adj,window,1,101,101,102,2090,2090,2090,7,1,12,2,ascending_stairs,sitting,False,0.023630282,0.6538346,0.10523008,0.0014634392,0.01459091,0.004065392,0.012125582,0.0047060465,0.019828182,0.013306133,0.14283204,0.0043873354,0.6538346
pamap2,gnn_attention_adj,window,1,101,101,102,2091,2091,2091,7,10,12,17,ascending_stairs,ironing,False,0.006646127,0.29637554,0.06526626,0.0009286641,0.0091309585,0.008436884,0.006308135,0.0040858374,0.016838022,0.030419027,0.5524239,0.0031406626,0.5524239
pamap2,gnn_attention_adj,window,1,101,101,102,2092,2092,2092,7,10,12,17,ascending_stairs,ironing,False,0.0030080208,0.11962151,0.037139565,0.0005059243,0.005440737,0.012696189,0.0038719932,0.0030653728,0.014775811,0.032446943,0.7650764,0.0023515283,0.7650764
pamap2,gnn_attention_adj,window,1,101,101,102,2093,2093,2093,7,10,12,17,ascending_stairs,ironing,False,0.0051645483,0.16184337,0.04251483,0.00060278113,0.007804955,0.01666834,0.006728811,0.0038251919,0.021792231,0.03329619,0.6963566,0.0034020892,0.6963566
pamap2,gnn_attention_adj,window,1,101,101,102,2094,2094,2094,7,10,12,17,ascending_stairs,ironing,False,0.004757257,0.1620379,0.04078426,0.00049885776,0.0069286963,0.014716944,0.0052512903,0.0032234571,0.01898203,0.030876322,0.7090892,0.0028537528,0.7090892
pamap2,gnn_attention_adj,window,1,101,101,102,2095,2095,2095,7,10,12,17,ascending_stairs,ironing,False,0.00066764926,0.033038687,0.007281922,0.0001240703,0.0019200299,0.012110626,0.0012682567,0.0010637561,0.0061722654,0.034045342,0.9014805,0.0008268092,0.9014805
pamap2,gnn_attention_adj,window,1,101,101,102,2096,2096,2096,7,10,12,17,ascending_stairs,ironing,False,0.00055565906,0.023027092,0.007152286,0.00015642235,0.0019970818,0.01574661,0.0017017175,0.0013624299,0.00741364,0.03955809,0.9002597,0.0010692014,0.9002597
pamap2,gnn_attention_adj,window,1,101,101,102,2097,2097,2097,7,10,12,17,ascending_stairs,ironing,False,0.0003931044,0.006433872,0.008343601,0.00021056738,0.000654302,0.025879405,0.0002099578,0.0018705261,0.0033798395,0.08010289,0.8720417,0.0004802122,0.8720417
pamap2,gnn_attention_adj,window,1,101,101,102,2098,2098,2098,7,9,12,16,ascending_stairs,vacuum_cleaning,False,0.0022812542,0.0035992812,0.018986337,0.004846849,0.00081889273,0.08739232,0.00082986854,0.026115384,0.011357031,0.662742,0.17960656,0.001424139,0.662742
pamap2,gnn_attention_adj,window,1,101,101,102,2099,2099,2099,7,3,12,4,ascending_stairs,walking,False,0.0015538171,0.0015017245,0.0034159117,0.4313896,0.001387105,0.010489647,0.017503172,0.3704249,0.095275596,0.06115396,0.0012217022,0.004682895,0.4313896
pamap2,gnn_attention_adj,window,1,101,101,102,2100,2100,2100,7,3,12,4,ascending_stairs,walking,False,0.001313869,0.0006727817,0.00079363753,0.46832907,0.0008581996,0.009530992,0.010132553,0.33656812,0.15024431,0.018151531,0.00024719074,0.003157825,0.46832907
pamap2,gnn_attention_adj,window,1,101,101,102,2101,2101,2101,7,3,12,4,ascending_stairs,walking,False,0.000414601,0.00059656415,0.001016927,0.8696724,0.00061427616,0.00036422277,0.0032548676,0.09822871,0.017816007,0.0061500003,0.0001385215,0.0017327968,0.8696724
pamap2,gnn_attention_adj,window,1,101,101,102,2102,2102,2102,7,7,12,12,ascending_stairs,ascending_stairs,True,0.002920045,0.0018029575,0.0019174629,0.28502578,0.0027460402,0.0070699537,0.016463997,0.48123437,0.17817391,0.013328216,0.00036490418,0.008952388,0.48123437
pamap2,gnn_attention_adj,window,1,101,101,102,2103,2103,2103,7,3,12,4,ascending_stairs,walking,False,0.0020733448,0.002638982,0.0037886484,0.6456741,0.0026501345,0.0030746406,0.015687047,0.24758936,0.044149093,0.025678307,0.0009992855,0.005997042,0.6456741
pamap2,gnn_attention_adj,window,1,101,101,102,2104,2104,2104,7,3,12,4,ascending_stairs,walking,False,0.0006053264,0.00096308935,0.00088487717,0.806181,0.0015807268,0.00086497475,0.0116623035,0.13326237,0.03438304,0.0061043687,0.00022179905,0.0032859573,0.806181
pamap2,gnn_attention_adj,window,1,101,101,102,2105,2105,2105,7,3,12,4,ascending_stairs,walking,False,0.000627648,0.0008704943,0.00081081816,0.75634074,0.0009949504,0.0014684402,0.01363409,0.1764581,0.034842975,0.01156675,0.00025566065,0.0021292777,0.75634074
pamap2,gnn_attention_adj,window,1,101,101,102,2106,2106,2106,7,7,12,12,ascending_stairs,ascending_stairs,True,0.001437015,0.00097307743,0.0011451497,0.2879744,0.0012299556,0.007214311,0.02010781,0.5479447,0.10531837,0.022520123,0.00029243887,0.0038426416,0.5479447
pamap2,gnn_attention_adj,window,1,101,101,102,2107,2107,2107,7,3,12,4,ascending_stairs,walking,False,9.980442e-05,0.00012538409,0.00011538715,0.90949607,0.00020854537,0.0005028631,0.007072389,0.04956005,0.029520918,0.002608582,2.7762804e-05,0.0006621929,0.90949607
pamap2,gnn_attention_adj,window,1,101,101,102,2108,2108,2108,7,7,12,12,ascending_stairs,ascending_stairs,True,0.0010909217,0.002013734,0.0010488644,0.19495308,0.002300157,0.0046603307,0.0690763,0.64173126,0.05398976,0.025686143,0.00048964017,0.0029598565,0.64173126
pamap2,gnn_attention_adj,window,1,101,101,102,2109,2109,2109,7,7,12,12,ascending_stairs,ascending_stairs,True,0.0015142497,0.0008383622,0.00073049753,0.03576866,0.00082614424,0.006248548,0.011495738,0.8759436,0.024091573,0.04071237,0.00030653868,0.0015236518,0.8759436
pamap2,gnn_attention_adj,window,1,101,101,102,2110,2110,2110,7,3,12,4,ascending_stairs,walking,False,0.0010363575,0.0010915432,0.0018976437,0.6523111,0.0008747228,0.00081449543,0.0038245178,0.294147,0.018988105,0.02259498,0.00029230732,0.0021272353,0.6523111
pamap2,gnn_attention_adj,window,1,101,101,102,2111,2111,2111,7,7,12,12,ascending_stairs,ascending_stairs,True,0.0024590343,0.0016977428,0.00224185,0.26640192,0.0019205124,0.0033319693,0.010069485,0.6283764,0.054610677,0.023757767,0.00035787167,0.004774676,0.6283764
pamap2,gnn_attention_adj,window,1,101,101,102,2112,2112,2112,7,7,12,12,ascending_stairs,ascending_stairs,True,0.005006207,0.005354125,0.016441409,0.1839361,0.0052001337,0.0052669984,0.014058119,0.6395579,0.04458224,0.06384549,0.0025831456,0.014168134,0.6395579
pamap2,gnn_attention_adj,window,1,101,101,102,2113,2113,2113,7,7,12,12,ascending_stairs,ascending_stairs,True,0.0015362519,0.00089301146,0.0010769196,0.013030977,0.001394229,0.0008659822,0.0033989588,0.95691687,0.0067719254,0.011954026,0.00013179948,0.0020291435,0.95691687
pamap2,gnn_attention_adj,window,1,101,101,102,2114,2114,2114,7,7,12,12,ascending_stairs,ascending_stairs,True,0.0035155714,0.0020459935,0.0034468074,0.033033617,0.0024231279,0.0023607684,0.0049189012,0.8975656,0.013097851,0.03300302,0.00050701306,0.004081716,0.8975656
pamap2,gnn_attention_adj,window,1,101,101,102,2115,2115,2115,7,3,12,4,ascending_stairs,walking,False,0.0002787118,0.0005263856,0.00048949424,0.85254234,0.0009775978,0.00040945876,0.009723794,0.10193902,0.027139697,0.0036589766,0.00010304926,0.0022114643,0.85254234
pamap2,gnn_attention_adj,window,1,101,101,102,2116,2116,2116,7,3,12,4,ascending_stairs,walking,False,0.0006153134,0.0009412666,0.0019573017,0.8446126,0.0011673925,0.0007525678,0.0060880054,0.10269111,0.02699324,0.01028857,0.0003234197,0.0035692516,0.8446126
pamap2,gnn_attention_adj,window,1,101,101,102,2117,2117,2117,7,3,12,4,ascending_stairs,walking,False,0.002019624,0.00071259757,0.0010457288,0.43021142,0.000896771,0.026402306,0.008516255,0.24611063,0.24662133,0.033353083,0.0004919394,0.0036183372,0.43021142
pamap2,gnn_attention_adj,window,1,101,101,102,2118,2118,2118,7,3,12,4,ascending_stairs,walking,False,0.000438473,0.00055601355,0.000571586,0.8918669,0.00070734485,0.0010901972,0.0065872422,0.055567008,0.034486257,0.006251229,0.00015437671,0.0017233436,0.8918669
pamap2,gnn_attention_adj,window,1,101,101,102,2119,2119,2119,7,3,12,4,ascending_stairs,walking,False,0.00030994014,0.00038686732,0.00029012072,0.8850319,0.00074350776,0.0011881145,0.007802539,0.050367035,0.04767133,0.004339393,9.319954e-05,0.0017761113,0.8850319
pamap2,gnn_attention_adj,window,1,101,101,102,2120,2120,2120,7,7,12,12,ascending_stairs,ascending_stairs,True,0.000679103,0.00069598225,0.00034645776,0.01719682,0.0008241342,0.0008193257,0.0059251566,0.94841486,0.006312559,0.017841328,0.00011358228,0.00083069934,0.94841486
pamap2,gnn_attention_adj,window,1,101,101,102,2121,2121,2121,7,7,12,12,ascending_stairs,ascending_stairs,True,0.002675906,0.0032240811,0.0033534875,0.055652127,0.0054412023,0.0062484224,0.024929002,0.81986964,0.024950074,0.045282606,0.0015230358,0.0068503646,0.81986964
pamap2,gnn_attention_adj,window,1,101,101,102,2122,2122,2122,7,7,12,12,ascending_stairs,ascending_stairs,True,0.0030402502,0.0021304763,0.0023849274,0.020941617,0.002775941,0.011035041,0.014775278,0.8602069,0.018549658,0.058796324,0.0014616273,0.003901968,0.8602069
pamap2,gnn_attention_adj,window,1,101,101,102,2123,2123,2123,7,7,12,12,ascending_stairs,ascending_stairs,True,0.0052074334,0.0033049816,0.0063590687,0.06780956,0.0029142227,0.0072151646,0.0074057807,0.7836863,0.02147262,0.0877656,0.0017835537,0.0050757593,0.7836863
pamap2,gnn_attention_adj,window,1,101,101,102,2124,2124,2124,7,7,12,12,ascending_stairs,ascending_stairs,True,0.0029612142,0.0017468148,0.0018998022,0.02776657,0.0017718266,0.0062234905,0.0075597246,0.8882334,0.018374471,0.03988559,0.00076199864,0.0028151716,0.8882334
pamap2,gnn_attention_adj,window,1,101,101,102,2125,2125,2125,7,7,12,12,ascending_stairs,ascending_stairs,True,0.004707426,0.0050640064,0.012372457,0.2682407,0.0049391086,0.0056187403,0.01628035,0.5588834,0.047692053,0.061480388,0.0023970911,0.012324233,0.5588834
pamap2,gnn_attention_adj,window,1,101,101,102,2126,2126,2126,7,7,12,12,ascending_stairs,ascending_stairs,True,0.002950251,0.002228458,0.00282426,0.04548513,0.0022548768,0.012884689,0.017302068,0.819773,0.042677306,0.045568034,0.0013076431,0.0047442494,0.819773
pamap2,gnn_attention_adj,window,1,101,101,102,2127,2127,2127,7,7,12,12,ascending_stairs,ascending_stairs,True,0.0023515143,0.002127155,0.0035031817,0.22181325,0.0018249401,0.003143943,0.009827895,0.6761794,0.04020771,0.03378826,0.0006069446,0.0046258094,0.6761794
pamap2,gnn_attention_adj,window,1,101,101,102,2128,2128,2128,7,7,12,12,ascending_stairs,ascending_stairs,True,0.0029726923,0.002480714,0.0035238627,0.0766581,0.003145525,0.0022987225,0.0077643655,0.84593076,0.018901184,0.030696018,0.0006177801,0.0050102193,0.84593076
pamap2,gnn_attention_adj,window,1,101,101,102,2129,2129,2129,7,7,12,12,ascending_stairs,ascending_stairs,True,0.0022806854,0.0014137416,0.0012766988,0.034105413,0.0016239339,0.0021082775,0.004507172,0.90983444,0.011769978,0.02864878,0.00033130887,0.0020996553,0.90983444
pamap2,gnn_attention_adj,window,1,101,101,102,2130,2130,2130,7,7,12,12,ascending_stairs,ascending_stairs,True,0.0073853913,0.0051933313,0.011470485,0.08821028,0.0062850486,0.011146281,0.013977063,0.7196855,0.0352846,0.08730919,0.0029008677,0.011151958,0.7196855
pamap2,gnn_attention_adj,window,1,101,101,102,2131,2131,2131,7,7,12,12,ascending_stairs,ascending_stairs,True,0.004506437,0.003096957,0.004699426,0.041802064,0.003992084,0.011465727,0.012827536,0.8185013,0.028297603,0.062386107,0.0019287665,0.0064959717,0.8185013
pamap2,gnn_attention_adj,window,1,101,101,102,2132,2132,2132,7,3,12,4,ascending_stairs,walking,False,0.00012389134,0.0001706187,0.00016962079,0.9362519,0.0003379625,0.000119027936,0.002145528,0.040957328,0.017619727,0.0011179023,2.0897296e-05,0.00096569065,0.9362519
pamap2,gnn_attention_adj,window,1,101,101,102,2133,2133,2133,7,3,12,4,ascending_stairs,walking,False,0.0001624498,0.00029828557,0.0003752001,0.9182232,0.00041795408,0.00018015593,0.0032931396,0.05650474,0.017091693,0.0021746636,5.5155917e-05,0.0012233113,0.9182232
pamap2,gnn_attention_adj,window,1,101,101,102,2134,2134,2134,7,7,12,12,ascending_stairs,ascending_stairs,True,0.0012236187,0.0010190213,0.00071747584,0.030202815,0.001220549,0.02553304,0.054207187,0.74933016,0.091796234,0.041357864,0.0006438432,0.0027481373,0.74933016
pamap2,gnn_attention_adj,window,1,101,101,102,2135,2135,2135,7,7,12,12,ascending_stairs,ascending_stairs,True,0.0016759773,0.000982953,0.0012251716,0.074332714,0.0008322737,0.008372501,0.010779866,0.80781406,0.032387074,0.059343923,0.0004946309,0.0017588167,0.80781406
pamap2,gnn_attention_adj,window,1,101,101,102,2136,2136,2136,7,7,12,12,ascending_stairs,ascending_stairs,True,0.003306294,0.0027744854,0.0054295147,0.19863737,0.002363693,0.006372544,0.008515566,0.6539231,0.037120834,0.07458013,0.0016067171,0.005369742,0.6539231
pamap2,gnn_attention_adj,window,1,101,101,102,2137,2137,2137,7,7,12,12,ascending_stairs,ascending_stairs,True,0.0026682967,0.0020730775,0.002883172,0.1331292,0.0020568455,0.0071981684,0.011539273,0.74176633,0.041662984,0.04977868,0.0009596235,0.0042843753,0.74176633
pamap2,gnn_attention_adj,window,1,101,101,102,2138,2138,2138,7,7,12,12,ascending_stairs,ascending_stairs,True,0.0038645247,0.0029275583,0.0052799173,0.08185187,0.002685016,0.016777279,0.014885624,0.7264673,0.04668026,0.090018295,0.0024941454,0.0060681594,0.7264673
pamap2,gnn_attention_adj,window,1,101,101,102,2139,2139,2139,7,7,12,12,ascending_stairs,ascending_stairs,True,0.0025471272,0.0042007025,0.0051397644,0.098382525,0.0054602367,0.0127163,0.07211979,0.6388353,0.1038723,0.041228946,0.0024511674,0.01304578,0.6388353
pamap2,gnn_attention_adj,window,1,101,101,102,2140,2140,2140,7,7,12,12,ascending_stairs,ascending_stairs,True,0.0022750422,0.0018375668,0.0019303751,0.103509195,0.0026424169,0.006618332,0.026237128,0.6974501,0.1358972,0.013106601,0.00040511685,0.008090939,0.6974501
pamap2,gnn_attention_adj,window,1,101,101,102,2141,2141,2141,7,7,12,12,ascending_stairs,ascending_stairs,True,0.0026048825,0.0021696147,0.0038142907,0.04922059,0.001831538,0.018366145,0.019709188,0.7447948,0.11822227,0.031494036,0.0013238225,0.0064489143,0.7447948
pamap2,gnn_attention_adj,window,1,101,101,102,2142,2142,2142,7,8,12,13,ascending_stairs,descending_stairs,False,0.0021746587,0.00092943513,0.0013346266,0.11033865,0.0008169414,0.18570648,0.009883795,0.22355737,0.362289,0.097272396,0.0025571221,0.0031394851,0.362289
pamap2,gnn_attention_adj,window,1,101,101,102,2143,2143,2143,7,3,12,4,ascending_stairs,walking,False,0.0009994636,0.00043341436,0.00046106215,0.5899961,0.0007333546,0.014025668,0.011270855,0.17380777,0.18478979,0.020782854,0.00022150925,0.0024782075,0.5899961
pamap2,gnn_attention_adj,window,1,101,101,102,2144,2144,2144,7,3,12,4,ascending_stairs,walking,False,0.00062956486,0.00036984083,0.00077345024,0.7783277,0.00033652605,0.005155681,0.0044544134,0.120226674,0.049137715,0.03920094,0.00032333288,0.0010641085,0.7783277
pamap2,gnn_attention_adj,window,1,101,101,102,2145,2145,2145,7,7,12,12,ascending_stairs,ascending_stairs,True,0.0016329688,0.001041843,0.0005837222,0.003602852,0.001300033,0.027180914,0.030989947,0.8613985,0.02619574,0.04308886,0.00083510263,0.002149577,0.8613985
pamap2,gnn_attention_adj,window,1,101,101,102,2146,2146,2146,7,7,12,12,ascending_stairs,ascending_stairs,True,0.0044662408,0.002838906,0.0043525696,0.0041450956,0.0035345128,0.087028906,0.060128897,0.6606168,0.11687048,0.03913547,0.0044690147,0.012413113,0.6606168
pamap2,gnn_attention_adj,window,1,101,101,102,2147,2147,2147,7,8,12,13,ascending_stairs,descending_stairs,False,0.0008500014,0.0012240043,0.001369726,0.20849082,0.0019410789,0.01653401,0.075532705,0.22671947,0.44538954,0.011954268,0.0007090881,0.009285293,0.44538954
pamap2,gnn_attention_adj,window,1,101,101,102,2148,2148,2148,7,7,12,12,ascending_stairs,ascending_stairs,True,0.0011452029,0.0010775815,0.00051898527,0.0032495472,0.0021904688,0.010545034,0.047967754,0.8881939,0.02390085,0.017731542,0.00047170068,0.0030073687,0.8881939
pamap2,gnn_attention_adj,window,1,101,101,102,2149,2149,2149,7,7,12,12,ascending_stairs,ascending_stairs,True,0.0029949665,0.0038614229,0.0030746188,0.0061980495,0.006231503,0.021857232,0.12259873,0.7342586,0.06356791,0.021831848,0.002199608,0.011325522,0.7342586
pamap2,gnn_attention_adj,window,1,101,101,102,2150,2150,2150,7,8,12,13,ascending_stairs,descending_stairs,False,0.0007154389,0.0007513587,0.0005304108,0.025348287,0.0011840523,0.051847618,0.087395094,0.19743289,0.6187187,0.009712381,0.00060549635,0.0057583405,0.6187187
pamap2,gnn_attention_adj,window,1,101,101,102,2151,2151,2151,7,3,12,4,ascending_stairs,walking,False,0.0024633051,0.0037797051,0.004934745,0.59209204,0.002531869,0.0116177425,0.03188572,0.15121427,0.07360589,0.11673185,0.003659484,0.0054833926,0.59209204
pamap2,gnn_attention_adj,window,1,101,101,102,2152,2152,2152,7,3,12,4,ascending_stairs,walking,False,0.0009782575,0.0020617172,0.0026548465,0.8505781,0.0012228091,0.0014150393,0.008133726,0.07224408,0.02182268,0.035253707,0.0011951437,0.0024398805,0.8505781
pamap2,gnn_attention_adj,window,1,101,101,102,2153,2153,2153,7,7,12,12,ascending_stairs,ascending_stairs,True,0.0015683442,0.00070427574,0.000536121,0.07022523,0.0010641236,0.053786047,0.05894124,0.5557173,0.19446892,0.05975388,0.0004434548,0.0027910369,0.5557173
pamap2,gnn_attention_adj,window,1,101,101,102,2154,2154,2154,7,7,12,12,ascending_stairs,ascending_stairs,True,0.0011118166,0.0006414794,0.0009133722,0.30017644,0.0006509812,0.017052872,0.024019483,0.48995107,0.10346826,0.059673317,0.00041764678,0.0019232723,0.48995107
pamap2,gnn_attention_adj,window,1,101,101,102,2155,2155,2155,7,7,12,12,ascending_stairs,ascending_stairs,True,0.0017740407,0.0013128547,0.0029250144,0.40734062,0.0009972672,0.007439109,0.008754657,0.4434172,0.058538437,0.06358015,0.0008493339,0.003071376,0.4434172
pamap2,gnn_attention_adj,window,1,101,101,102,2156,2156,2156,7,7,12,12,ascending_stairs,ascending_stairs,True,0.0017567626,0.0010302282,0.0019330186,0.39626473,0.0008663763,0.0071256654,0.008752823,0.47041887,0.061748635,0.04692703,0.0004965712,0.0026792616,0.47041887
pamap2,gnn_attention_adj,window,1,101,101,102,2157,2157,2157,7,7,12,12,ascending_stairs,ascending_stairs,True,0.00435669,0.0031935794,0.0083881235,0.2099157,0.0022423593,0.009895131,0.009445435,0.58821666,0.039224017,0.117010094,0.0024360458,0.0056762155,0.58821666
pamap2,gnn_attention_adj,window,1,101,101,102,2158,2158,2158,7,7,12,12,ascending_stairs,ascending_stairs,True,0.003289689,0.0017192542,0.0028455483,0.04451923,0.0013152595,0.020696003,0.010099357,0.7853411,0.04115815,0.08429229,0.0015968665,0.0031273137,0.7853411
pamap2,gnn_attention_adj,window,1,101,101,102,2159,2159,2159,7,7,12,12,ascending_stairs,ascending_stairs,True,0.0034565795,0.0036587142,0.0062594335,0.36764407,0.0034817136,0.013255182,0.026549328,0.4173481,0.059164997,0.08875538,0.0030059132,0.0074205897,0.4173481
pamap2,gnn_attention_adj,window,1,101,101,102,2160,2160,2160,7,7,12,12,ascending_stairs,ascending_stairs,True,0.002526309,0.0039922073,0.004994109,0.30729038,0.0044595557,0.013828106,0.05283666,0.43991452,0.08041614,0.07777184,0.0032865803,0.0086835595,0.43991452
pamap2,gnn_attention_adj,window,1,101,101,102,2161,2161,2161,7,3,12,4,ascending_stairs,walking,False,8.66001e-05,0.00012470366,0.00011998628,0.9281023,0.00017724554,0.00035606915,0.004996309,0.041073844,0.022131216,0.0022624577,2.848022e-05,0.00054063566,0.9281023
pamap2,gnn_attention_adj,window,1,101,101,102,2162,2162,2162,7,3,12,4,ascending_stairs,walking,False,0.0002536954,0.00045390034,0.00080133573,0.9126097,0.0003408588,0.0006750385,0.0037516789,0.05166668,0.016688207,0.011593184,0.00025353458,0.00091230206,0.9126097
pamap2,gnn_attention_adj,window,1,101,101,102,2163,2163,2163,7,7,12,12,ascending_stairs,ascending_stairs,True,0.003067086,0.0017240796,0.00203429,0.11297961,0.0015468189,0.12659627,0.021681307,0.34622198,0.29147854,0.08523103,0.0028213596,0.0046176007,0.34622198
pamap2,gnn_attention_adj,window,1,101,101,102,2164,2164,2164,7,7,12,12,ascending_stairs,ascending_stairs,True,0.002370679,0.0008887231,0.0012966781,0.097160235,0.0008486898,0.055047955,0.023490984,0.58411294,0.14049834,0.09096543,0.0008398445,0.0024795246,0.58411294
pamap2,gnn_attention_adj,window,1,101,101,102,2165,2165,2165,7,3,12,4,ascending_stairs,walking,False,0.0017511141,0.0010594317,0.0017233228,0.43610114,0.00094306876,0.006225866,0.008044396,0.4273597,0.08680625,0.026547967,0.00037886432,0.0030589073,0.43610114
pamap2,gnn_attention_adj,window,1,101,101,102,2166,2166,2166,7,7,12,12,ascending_stairs,ascending_stairs,True,0.0024878478,0.0009259998,0.0010286281,0.007797551,0.0008103323,0.012690185,0.006564124,0.90034443,0.015237301,0.049881488,0.00067491486,0.0015572058,0.90034443
pamap2,gnn_attention_adj,window,1,101,101,102,2167,2167,2167,7,7,12,12,ascending_stairs,ascending_stairs,True,0.0024921705,0.0011885179,0.0019247374,0.01545988,0.0010633346,0.0057580313,0.0048227427,0.90836215,0.01341662,0.042655665,0.0006168961,0.002239334,0.90836215
pamap2,gnn_attention_adj,window,1,101,101,102,2168,2168,2168,7,7,12,12,ascending_stairs,ascending_stairs,True,0.0026454567,0.00100831,0.0016304778,0.042057097,0.00081175595,0.008396528,0.005123383,0.85043436,0.027687075,0.057744693,0.0005034379,0.0019574226,0.85043436
pamap2,gnn_attention_adj,window,1,101,101,102,2169,2169,2169,7,7,12,12,ascending_stairs,ascending_stairs,True,0.0016195534,0.0011740603,0.0019674546,0.38198563,0.0010852376,0.010090825,0.015563944,0.45968205,0.07559182,0.04736358,0.00069842744,0.003177404,0.45968205
pamap2,gnn_attention_adj,window,1,101,101,102,2170,2170,2170,7,7,12,12,ascending_stairs,ascending_stairs,True,0.0017566344,0.0012679911,0.0020262788,0.34308076,0.0011884635,0.013798788,0.017170986,0.47240803,0.092842236,0.05013612,0.00084058725,0.0034831555,0.47240803
pamap2,gnn_attention_adj,window,1,101,101,102,2171,2171,2171,7,3,12,4,ascending_stairs,walking,False,0.00030082063,0.0004000991,0.000504548,0.7926842,0.0005277333,0.001713587,0.0135988295,0.114064,0.067838535,0.0063729873,0.00013370939,0.0018609895,0.7926842
pamap2,gnn_attention_adj,window,1,101,101,102,2172,2172,2172,7,3,12,4,ascending_stairs,walking,False,0.00026872187,0.00057031773,0.0013642749,0.86938655,0.000558889,0.000864421,0.005597022,0.0765167,0.034520138,0.008015376,0.00030356983,0.0020340544,0.86938655
pamap2,gnn_attention_adj,window,1,101,101,102,2173,2173,2173,7,3,12,4,ascending_stairs,walking,False,0.0017215598,0.001471791,0.0037703908,0.5550161,0.0010280217,0.0127182705,0.006492435,0.24111812,0.07828245,0.093329996,0.0019807192,0.0030702169,0.5550161
pamap2,gnn_attention_adj,window,1,101,101,102,2174,2174,2174,7,7,12,12,ascending_stairs,ascending_stairs,True,0.0016872705,0.00075671636,0.00081290765,0.068190746,0.0008383758,0.012612734,0.013797294,0.79379207,0.04949925,0.055788726,0.0003613855,0.0018625564,0.79379207
pamap2,gnn_attention_adj,window,1,101,101,102,2175,2175,2175,7,7,12,12,ascending_stairs,ascending_stairs,True,0.002353209,0.0012304502,0.0022198854,0.13821264,0.0008845173,0.0060002077,0.0068095378,0.7413859,0.03625572,0.061840132,0.00051412,0.002293703,0.7413859
pamap2,gnn_attention_adj,window,1,101,101,102,2176,2176,2176,7,7,12,12,ascending_stairs,ascending_stairs,True,0.00455257,0.0025967746,0.005947467,0.046332464,0.00206988,0.031568676,0.011390433,0.7029543,0.040477548,0.14307182,0.004042536,0.004995452,0.7029543
pamap2,gnn_attention_adj,window,1,101,101,102,2177,2177,2177,7,7,12,12,ascending_stairs,ascending_stairs,True,0.0038185874,0.0022633467,0.004224236,0.0399318,0.0019059898,0.029828694,0.012913798,0.74671686,0.041166164,0.1096883,0.0031112176,0.0044311136,0.74671686
pamap2,gnn_attention_adj,window,1,101,101,102,2178,2178,2178,7,7,12,12,ascending_stairs,ascending_stairs,True,0.004052303,0.0019034358,0.0036003212,0.03160049,0.0013754526,0.020142773,0.0074135875,0.78310865,0.029094264,0.11232407,0.0022337541,0.0031509518,0.78310865
pamap2,gnn_attention_adj,window,1,101,101,102,2179,2179,2179,7,3,12,4,ascending_stairs,walking,False,0.001991196,0.002956206,0.0044699744,0.48577648,0.0039429106,0.0038307407,0.022650562,0.37950733,0.047768783,0.037375677,0.0014094209,0.008320691,0.48577648
pamap2,gnn_attention_adj,window,1,101,101,102,2180,2180,2180,7,7,12,12,ascending_stairs,ascending_stairs,True,0.004653178,0.0036630721,0.0059342957,0.10664184,0.003197567,0.01966634,0.02004637,0.66449714,0.04537351,0.1166509,0.003353106,0.0063226814,0.66449714
pamap2,gnn_attention_adj,window,1,101,101,102,2181,2181,2181,7,7,12,12,ascending_stairs,ascending_stairs,True,0.0024915028,0.0012334598,0.0023309242,0.2291517,0.0010826372,0.01786637,0.010095173,0.56075287,0.11616498,0.054263834,0.0008171072,0.0037494597,0.56075287
pamap2,gnn_attention_adj,window,1,101,101,102,2182,2182,2182,7,3,12,4,ascending_stairs,walking,False,0.0010690922,0.0009423011,0.0014884436,0.63216615,0.0007604612,0.010686147,0.018145554,0.17931238,0.08094296,0.071242236,0.0008482239,0.0023960955,0.63216615
pamap2,gnn_attention_adj,window,1,101,101,102,2183,2183,2183,7,3,12,4,ascending_stairs,walking,False,0.002327239,0.0016241325,0.00555121,0.44002268,0.0009196551,0.019633932,0.008953935,0.18966126,0.05168317,0.27310315,0.0036583499,0.0028613247,0.44002268
pamap2,gnn_attention_adj,window,1,101,101,102,2184,2184,2184,7,7,12,12,ascending_stairs,ascending_stairs,True,0.00089137064,0.00063366164,0.00038582343,0.0084765125,0.00053338805,0.0061477483,0.013353473,0.9159437,0.013278231,0.039273564,0.00026902856,0.00081347977,0.9159437
pamap2,gnn_attention_adj,window,1,101,101,102,2185,2185,2185,7,7,12,12,ascending_stairs,ascending_stairs,True,0.0011653682,0.0005540696,0.0006628703,0.015933353,0.00040686273,0.0038413373,0.003901245,0.91301435,0.008980184,0.05050971,0.0002902021,0.0007405046,0.91301435
pamap2,gnn_attention_adj,window,1,101,101,102,2186,2186,2186,7,7,12,12,ascending_stairs,ascending_stairs,True,0.0035009538,0.002716733,0.0061651994,0.06980743,0.0024438566,0.028078714,0.019032385,0.674766,0.0558646,0.12752116,0.0036941029,0.006408913,0.674766
pamap2,gnn_attention_adj,window,1,101,101,102,2187,2187,2187,7,7,12,12,ascending_stairs,ascending_stairs,True,0.0034101673,0.0026559345,0.00528368,0.054233298,0.0024224108,0.029226081,0.01927304,0.7153777,0.05803294,0.10041935,0.0034622678,0.0062032077,0.7153777
pamap2,gnn_attention_adj,window,1,101,101,102,2188,2188,2188,7,7,12,12,ascending_stairs,ascending_stairs,True,0.003926818,0.0023337037,0.0042112963,0.060416047,0.0016010235,0.024461096,0.012827208,0.7323676,0.048210155,0.10337961,0.0023906105,0.0038748318,0.7323676
pamap2,gnn_attention_adj,window,1,101,101,102,2189,2189,2189,7,7,12,12,ascending_stairs,ascending_stairs,True,0.0031799148,0.0019203053,0.0032527503,0.045336165,0.0014926598,0.025898997,0.014726595,0.7678109,0.055663586,0.07492463,0.0018967226,0.0038968688,0.7678109
pamap2,gnn_attention_adj,window,1,101,101,102,2190,2190,2190,7,7,12,12,ascending_stairs,ascending_stairs,True,0.0062892474,0.003563035,0.007262572,0.019053396,0.0033923495,0.043761406,0.022953583,0.7319339,0.046244323,0.10262278,0.004993893,0.007929481,0.7319339
pamap2,gnn_attention_adj,window,1,101,101,102,2191,2191,2191,7,7,12,12,ascending_stairs,ascending_stairs,True,0.005447106,0.0026056594,0.004364068,0.01299638,0.0024459227,0.053748235,0.020015053,0.7398575,0.038154516,0.11065462,0.0044468716,0.0052640443,0.7398575
pamap2,gnn_attention_adj,window,1,101,101,102,2192,2192,2192,7,3,12,4,ascending_stairs,walking,False,0.00027886048,0.00025019646,0.00034891037,0.83182174,0.00028939097,0.0023600894,0.0064081084,0.099532954,0.045007717,0.0126561625,0.0001294237,0.0009164619,0.83182174
pamap2,gnn_attention_adj,window,1,101,101,102,2193,2193,2193,7,3,12,4,ascending_stairs,walking,False,0.0011321062,0.0011264118,0.0029042123,0.6893075,0.0007227756,0.006955906,0.008060358,0.15655427,0.044265464,0.085433744,0.0014365545,0.0021006828,0.6893075
pamap2,gnn_attention_adj,window,1,101,101,102,2194,2194,2194,7,3,12,4,ascending_stairs,walking,False,0.003470604,0.0021688049,0.0054016113,0.40403163,0.0015875014,0.033988513,0.0100128325,0.28760704,0.11596528,0.12804662,0.003417495,0.004302055,0.40403163
pamap2,gnn_attention_adj,window,1,101,101,102,2195,2195,2195,7,7,12,12,ascending_stairs,ascending_stairs,True,0.00072501466,0.00043807435,0.00017837946,0.00208987,0.00044713935,0.005369424,0.01255692,0.94692814,0.008028677,0.022492602,0.00014352957,0.00060229196,0.94692814
pamap2,gnn_attention_adj,window,1,101,101,102,2196,2196,2196,7,7,12,12,ascending_stairs,ascending_stairs,True,0.0021241768,0.00064678566,0.0008250443,0.003579822,0.000600894,0.009665197,0.0048529496,0.9325638,0.0111504,0.03231983,0.00036924434,0.0013018926,0.9325638
pamap2,gnn_attention_adj,window,1,101,101,102,2197,2197,2197,7,7,12,12,ascending_stairs,ascending_stairs,True,0.0043150983,0.0024460878,0.005378609,0.034974355,0.001983121,0.054284118,0.017993102,0.65025467,0.05464436,0.16334324,0.00510306,0.0052801217,0.65025467
pamap2,gnn_attention_adj,window,1,101,101,102,2198,2198,2198,7,7,12,12,ascending_stairs,ascending_stairs,True,0.0032012372,0.0020347224,0.0036276516,0.02422512,0.0017542243,0.05173654,0.024872627,0.70794827,0.06086863,0.11121468,0.003730184,0.004786203,0.70794827
pamap2,gnn_attention_adj,window,1,101,101,102,2199,2199,2199,7,7,12,12,ascending_stairs,ascending_stairs,True,0.0028591421,0.002701703,0.005320121,0.046763603,0.0027008182,0.033566818,0.03587416,0.69020647,0.09033989,0.07784115,0.0034996262,0.008326507,0.69020647
pamap2,gnn_attention_adj,window,1,101,101,102,2200,2200,2200,7,7,12,12,ascending_stairs,ascending_stairs,True,0.0027753953,0.0028839584,0.005514027,0.05604368,0.0029814872,0.028759882,0.040785655,0.6827134,0.09499255,0.07015367,0.0032647476,0.009131573,0.6827134
pamap2,gnn_attention_adj,window,1,101,101,102,2201,2201,2201,7,7,12,12,ascending_stairs,ascending_stairs,True,0.0048053544,0.0026814258,0.00483989,0.005134917,0.0031905659,0.051660337,0.034997713,0.77347714,0.04291505,0.06438844,0.0039273514,0.007981806,0.77347714
pamap2,gnn_attention_adj,window,1,101,101,102,2202,2202,2202,7,7,12,12,ascending_stairs,ascending_stairs,True,0.0046996837,0.0020432402,0.003985036,0.0047308826,0.002396098,0.05019982,0.02131066,0.79786277,0.032399464,0.071481206,0.0031752754,0.005715875,0.79786277
pamap2,gnn_attention_adj,window,1,101,101,102,2203,2203,2203,7,7,12,12,ascending_stairs,ascending_stairs,True,0.0026776697,0.00080099487,0.002390148,0.02078029,0.0005600667,0.038972855,0.004928073,0.7306338,0.034280013,0.16027783,0.0017818256,0.0019165218,0.7306338
pamap2,gnn_attention_adj,window,1,101,101,102,2204,2204,2204,7,7,12,12,ascending_stairs,ascending_stairs,True,0.004968174,0.0037768327,0.011426963,0.01864497,0.0022375456,0.18008366,0.021059494,0.37401292,0.10531764,0.24867257,0.022269888,0.007529322,0.37401292
pamap2,gnn_attention_adj,window,1,101,101,102,2205,2205,2205,7,10,12,17,ascending_stairs,ironing,False,0.0007832334,0.012672226,0.010291399,0.00037645752,0.0020641019,0.049398266,0.0011139346,0.0034009859,0.01131492,0.057701442,0.8491109,0.001772103,0.8491109
pamap2,gnn_attention_adj,window,1,101,101,102,2206,2206,2206,7,10,12,17,ascending_stairs,ironing,False,0.004692545,0.08944955,0.09886873,0.0019617113,0.007387826,0.021572804,0.006623494,0.009732676,0.028759327,0.048154138,0.6772924,0.0055048256,0.6772924
pamap2,gnn_attention_adj,window,1,101,101,102,2207,2207,2207,7,10,12,17,ascending_stairs,ironing,False,0.00872872,0.19329065,0.1647549,0.0019098872,0.008355956,0.011544317,0.0055636787,0.008481404,0.024170503,0.034952044,0.5334669,0.0047810795,0.5334669
pamap2,gnn_attention_adj,window,1,101,101,102,2208,2208,2208,7,10,12,17,ascending_stairs,ironing,False,0.008817142,0.24403091,0.122428544,0.0016490177,0.009234021,0.010580332,0.00617743,0.006987869,0.021772524,0.034724105,0.529247,0.0043510925,0.529247
pamap2,gnn_attention_adj,window,1,101,101,102,2209,2209,2209,7,2,12,3,ascending_stairs,standing,False,0.029836964,0.35093376,0.41308084,0.0051563163,0.012060162,0.0054048914,0.014383028,0.014937074,0.03367569,0.01356776,0.098905124,0.008058404,0.41308084
pamap2,gnn_attention_adj,window,1,101,101,102,2210,2210,2210,8,1,13,2,descending_stairs,sitting,False,0.029616226,0.5352089,0.21402022,0.0027970222,0.0141895255,0.0050260723,0.0149522135,0.008437215,0.027163573,0.013858108,0.12861001,0.006120963,0.5352089
pamap2,gnn_attention_adj,window,1,101,101,102,2211,2211,2211,8,10,13,17,descending_stairs,ironing,False,0.008582257,0.25107548,0.1313958,0.0018052425,0.009492847,0.010564503,0.008118927,0.007432688,0.024026297,0.033772342,0.50917774,0.004555799,0.50917774
pamap2,gnn_attention_adj,window,1,101,101,102,2212,2212,2212,8,10,13,17,descending_stairs,ironing,False,0.0035070209,0.10114285,0.057874568,0.0008384119,0.00594482,0.01628163,0.0049510384,0.004973219,0.02001987,0.036872886,0.74427205,0.0033216171,0.74427205
pamap2,gnn_attention_adj,window,1,101,101,102,2213,2213,2213,8,10,13,17,descending_stairs,ironing,False,0.007035061,0.19112052,0.06337423,0.0008586014,0.009122341,0.017032333,0.008189821,0.0050633918,0.026070625,0.03297913,0.63489664,0.004257298,0.63489664
pamap2,gnn_attention_adj,window,1,101,101,102,2214,2214,2214,8,10,13,17,descending_stairs,ironing,False,0.006270819,0.20076498,0.04710969,0.0005974553,0.008249241,0.01506788,0.006299097,0.0036943217,0.021133564,0.030674247,0.65681404,0.003324641,0.65681404
pamap2,gnn_attention_adj,window,1,101,101,102,2215,2215,2215,8,10,13,17,descending_stairs,ironing,False,0.0014969393,0.06064313,0.014456899,0.00019258904,0.0030032366,0.013568049,0.0017484777,0.0015692053,0.009116652,0.03246639,0.8604857,0.0012528202,0.8604857
pamap2,gnn_attention_adj,window,1,101,101,102,2216,2216,2216,8,10,13,17,descending_stairs,ironing,False,0.0021566737,0.08285032,0.020334722,0.0002625812,0.004175472,0.014415445,0.002742099,0.002043279,0.012270276,0.03196735,0.82504225,0.0017395072,0.82504225
pamap2,gnn_attention_adj,window,1,101,101,102,2217,2217,2217,8,10,13,17,descending_stairs,ironing,False,0.00024880466,0.005991314,0.0075081224,0.000104524705,0.0005667633,0.01868932,0.0001857386,0.001155045,0.0031980318,0.0448289,0.9170864,0.00043698988,0.9170864
pamap2,gnn_attention_adj,window,1,101,101,102,2218,2218,2218,8,9,13,16,descending_stairs,vacuum_cleaning,False,0.008562085,0.0027624955,0.024726344,0.00937878,0.00060660194,0.028896043,0.00018428116,0.022328774,0.0049069203,0.8521803,0.044334278,0.0011331562,0.8521803
pamap2,gnn_attention_adj,window,1,101,101,102,2219,2219,2219,8,9,13,16,descending_stairs,vacuum_cleaning,False,0.007391741,0.0010871094,0.010678107,0.009831012,0.00027326238,0.025354696,0.00012993852,0.028860074,0.0048449626,0.8974934,0.013342587,0.0007130618,0.8974934
pamap2,gnn_attention_adj,window,1,101,101,102,2220,2220,2220,8,3,13,4,descending_stairs,walking,False,0.003092593,0.0028449222,0.0078115766,0.34596217,0.0021760573,0.03325409,0.023211326,0.29922894,0.17806956,0.09249732,0.0038931195,0.007958376,0.34596217
pamap2,gnn_attention_adj,window,1,101,101,102,2221,2221,2221,8,3,13,4,descending_stairs,walking,False,0.00058873533,0.0006747695,0.0006256831,0.6624587,0.00092084345,0.0056010555,0.025293028,0.11183302,0.18220083,0.0061931405,0.00023825448,0.0033719756,0.6624587
pamap2,gnn_attention_adj,window,1,101,101,102,2222,2222,2222,8,3,13,4,descending_stairs,walking,False,0.0002961341,0.0004643613,0.00037235944,0.7733446,0.00082599267,0.0016712566,0.01765207,0.06358478,0.13667294,0.0019245038,0.00010871109,0.0030821764,0.7733446
pamap2,gnn_attention_adj,window,1,101,101,102,2223,2223,2223,8,3,13,4,descending_stairs,walking,False,0.00015887026,0.00022199779,0.00017935988,0.8806645,0.00039990747,0.0005557044,0.009154611,0.045872908,0.060246814,0.001116169,3.592199e-05,0.0013931518,0.8806645
pamap2,gnn_attention_adj,window,1,101,101,102,2224,2224,2224,8,3,13,4,descending_stairs,walking,False,0.00023935651,0.0005241866,0.0004407355,0.8253218,0.0008181898,0.00029649807,0.025576677,0.10253229,0.039943375,0.0019621141,5.5370176e-05,0.0022894326,0.8253218
pamap2,gnn_attention_adj,window,1,101,101,102,2225,2225,2225,8,8,13,13,descending_stairs,descending_stairs,True,0.0006988369,0.0005019079,0.00018424571,0.019577943,0.002522671,0.020957151,0.06407734,0.091179594,0.7874725,0.001855819,0.00016598134,0.010806104,0.7874725
pamap2,gnn_attention_adj,window,1,101,101,102,2226,2226,2226,8,3,13,4,descending_stairs,walking,False,8.75552e-05,0.0001697611,7.8761404e-05,0.74847317,0.0005180007,0.00052366307,0.061929837,0.053803485,0.13155302,0.00075023825,1.6926182e-05,0.0020956544,0.74847317
pamap2,gnn_attention_adj,window,1,101,101,102,2227,2227,2227,8,3,13,4,descending_stairs,walking,False,0.00016041948,0.00020191677,0.00011867845,0.8150314,0.0004858937,0.0012364266,0.025745543,0.055781648,0.0976662,0.00198639,3.2276563e-05,0.0015530599,0.8150314
pamap2,gnn_attention_adj,window,1,101,101,102,2228,2228,2228,8,3,13,4,descending_stairs,walking,False,0.00095050497,0.001255052,0.0019202487,0.7610603,0.0013248883,0.004816232,0.021413961,0.10686501,0.06458229,0.031308368,0.00079059816,0.0037125987,0.7610603
pamap2,gnn_attention_adj,window,1,101,101,102,2229,2229,2229,8,7,13,12,descending_stairs,ascending_stairs,False,0.004049414,0.0015788092,0.0031937049,0.13070464,0.0013123474,0.15106739,0.023438776,0.2628729,0.2507202,0.16269894,0.003618738,0.004744093,0.2628729
pamap2,gnn_attention_adj,window,1,101,101,102,2230,2230,2230,8,8,13,13,descending_stairs,descending_stairs,True,0.0008786842,0.00055322394,0.00034395792,0.038863588,0.0010098636,0.05783709,0.080622315,0.122740686,0.68557715,0.0061845095,0.0003226556,0.0050663133,0.68557715
pamap2,gnn_attention_adj,window,1,101,101,102,2231,2231,2231,8,3,13,4,descending_stairs,walking,False,0.0001794463,0.0003287824,0.00024328128,0.7992402,0.0005379122,0.00069464254,0.036032684,0.07647717,0.082856596,0.0014343353,4.3863332e-05,0.0019310823,0.7992402
pamap2,gnn_attention_adj,window,1,101,101,102,2232,2232,2232,8,8,13,13,descending_stairs,descending_stairs,True,0.00029490562,0.00026337762,0.00011231572,0.058014184,0.0008706298,0.015985873,0.062364653,0.07669466,0.77935994,0.0012731513,8.731888e-05,0.00467903,0.77935994
pamap2,gnn_attention_adj,window,1,101,101,102,2233,2233,2233,8,3,13,4,descending_stairs,walking,False,0.00018837146,0.0004258693,0.00021930427,0.4806563,0.0010791529,0.0017025102,0.12587442,0.08791374,0.29590103,0.0011626199,6.451451e-05,0.004812161,0.4806563
pamap2,gnn_attention_adj,window,1,101,101,102,2234,2234,2234,8,6,13,7,descending_stairs,nordic_walking,False,0.00049940066,0.0013365776,0.00058504543,0.09592311,0.0040563736,0.0025934223,0.37464446,0.18261157,0.3222078,0.0017402758,0.0001602627,0.013641677,0.37464446
pamap2,gnn_attention_adj,window,1,101,101,102,2235,2235,2235,8,8,13,13,descending_stairs,descending_stairs,True,0.0006043506,0.0009913793,0.00029587845,0.04783908,0.011665766,0.0034127235,0.1371846,0.08027917,0.6780833,0.00082885777,0.00016265379,0.0386523,0.6780833
pamap2,gnn_attention_adj,window,1,101,101,102,2236,2236,2236,8,7,13,12,descending_stairs,ascending_stairs,False,0.0016104593,0.0023396027,0.0026350634,0.17505895,0.003699631,0.01608935,0.097779095,0.47970572,0.16479276,0.04462172,0.0014457515,0.010221874,0.47970572
pamap2,gnn_attention_adj,window,1,101,101,102,2237,2237,2237,8,3,13,4,descending_stairs,walking,False,0.008172492,0.0040287497,0.007906089,0.5160009,0.0028064759,0.014853306,0.0072708963,0.16635916,0.05879453,0.20349124,0.0042762235,0.0060399007,0.5160009
pamap2,gnn_attention_adj,window,1,101,101,102,2238,2238,2238,8,3,13,4,descending_stairs,walking,False,0.005558958,0.0043082703,0.0055775065,0.5108363,0.004211402,0.021978788,0.041792862,0.17978042,0.12964302,0.08294593,0.0030775403,0.010289006,0.5108363
pamap2,gnn_attention_adj,window,1,101,101,102,2239,2239,2239,8,3,13,4,descending_stairs,walking,False,0.00024915143,0.0003967851,0.0003994409,0.82933307,0.00058476516,0.00091025926,0.023686763,0.072705515,0.06695912,0.002588646,7.569758e-05,0.002110741,0.82933307
pamap2,gnn_attention_adj,window,1,101,101,102,2240,2240,2240,8,8,13,13,descending_stairs,descending_stairs,True,0.0003897317,0.00029871706,0.00013708073,0.061373692,0.00089485955,0.019604994,0.05245974,0.09775263,0.7605407,0.0017676491,0.0001035556,0.004676649,0.7605407
pamap2,gnn_attention_adj,window,1,101,101,102,2241,2241,2241,8,8,13,13,descending_stairs,descending_stairs,True,0.00044171713,0.00074405404,0.00055790134,0.3937306,0.0015905442,0.004113701,0.08225859,0.101413414,0.4051651,0.0020027654,0.00018039736,0.007801219,0.4051651
pamap2,gnn_attention_adj,window,1,101,101,102,2242,2242,2242,8,8,13,13,descending_stairs,descending_stairs,True,0.00052030094,0.00048462176,0.0002240069,0.08244293,0.0018746221,0.0075959973,0.09036877,0.13101582,0.67492193,0.0012002747,8.333918e-05,0.009267326,0.67492193
pamap2,gnn_attention_adj,window,1,101,101,102,2243,2243,2243,8,8,13,13,descending_stairs,descending_stairs,True,0.00076644757,0.00026485318,9.048774e-05,0.0040046847,0.0017299132,0.03055569,0.027424123,0.08399667,0.84083086,0.0012898198,7.6693555e-05,0.008969571,0.84083086
pamap2,gnn_attention_adj,window,1,101,101,102,2244,2244,2244,8,3,13,4,descending_stairs,walking,False,0.0001271839,0.00033324742,0.00016141433,0.62224776,0.0010337016,0.00080150383,0.095861055,0.06294847,0.21098645,0.0008087073,4.397425e-05,0.004646483,0.62224776
pamap2,gnn_attention_adj,window,1,101,101,102,2245,2245,2245,8,3,13,4,descending_stairs,walking,False,0.00042178133,0.0011828304,0.00047890082,0.76178586,0.0037063293,0.0008418978,0.08936672,0.04642472,0.084900565,0.00322909,0.00018266066,0.0074786064,0.76178586
pamap2,gnn_attention_adj,window,1,101,101,102,2246,2246,2246,8,3,13,4,descending_stairs,walking,False,0.005900384,0.0076768463,0.0073201987,0.6820938,0.009253516,0.0030848668,0.05633594,0.10028054,0.06406417,0.042678434,0.0019547513,0.019356543,0.6820938
pamap2,gnn_attention_adj,window,1,101,101,102,2247,2247,2247,8,8,13,13,descending_stairs,descending_stairs,True,0.0031935938,0.0012836038,0.0023068024,0.1745194,0.0012904792,0.10175127,0.019430814,0.2924914,0.29950666,0.096618615,0.0021662097,0.00544115,0.29950666
pamap2,gnn_attention_adj,window,1,101,101,102,2248,2248,2248,8,8,13,13,descending_stairs,descending_stairs,True,0.0005381303,0.00039014683,0.00021204997,0.09629218,0.0011621336,0.016845148,0.043912984,0.11151374,0.7207678,0.0023204323,0.00013146382,0.005913839,0.7207678
pamap2,gnn_attention_adj,window,1,101,101,102,2249,2249,2249,8,3,13,4,descending_stairs,walking,False,0.000101177364,0.00022881836,0.00014917225,0.85459495,0.00039872393,0.0003152241,0.028376995,0.0584212,0.055160593,0.000870212,2.4889394e-05,0.0013580902,0.85459495
pamap2,gnn_attention_adj,window,1,101,101,102,2250,2250,2250,8,8,13,13,descending_stairs,descending_stairs,True,0.00038305752,0.00030245393,0.00014146471,0.027956262,0.0010581672,0.025035217,0.049602997,0.0777367,0.81043684,0.0015529846,0.00013573439,0.005658149,0.81043684
pamap2,gnn_attention_adj,window,1,101,101,102,2251,2251,2251,8,8,13,13,descending_stairs,descending_stairs,True,0.00033380705,0.00031300244,0.0001793003,0.36870542,0.0008522651,0.0054743257,0.04887232,0.110431805,0.459092,0.0015734866,6.221972e-05,0.0041100495,0.459092
pamap2,gnn_attention_adj,window,1,101,101,102,2252,2252,2252,8,3,13,4,descending_stairs,walking,False,0.0002605851,0.0003235359,0.00016639319,0.4773389,0.0007832987,0.002496355,0.09288522,0.1237372,0.29721978,0.0014135351,3.9807423e-05,0.0033353956,0.4773389
pamap2,gnn_attention_adj,window,1,101,101,102,2253,2253,2253,8,8,13,13,descending_stairs,descending_stairs,True,0.00025876128,0.00017284922,4.577935e-05,0.0034714134,0.0015752089,0.016504867,0.025968377,0.020083461,0.922809,0.00048234884,6.5641274e-05,0.008562347,0.922809
pamap2,gnn_attention_adj,window,1,101,101,102,2254,2254,2254,8,3,13,4,descending_stairs,walking,False,0.00018321873,0.00052877236,0.00023351767,0.5723915,0.0013366234,0.0013677303,0.16811362,0.085659154,0.16296801,0.0029998207,8.1286846e-05,0.004136773,0.5723915
pamap2,gnn_attention_adj,window,1,101,101,102,2255,2255,2255,8,3,13,4,descending_stairs,walking,False,0.0020763301,0.0021086344,0.0027783054,0.67128295,0.001831849,0.008946808,0.018035633,0.14272279,0.06527154,0.07912951,0.0016363342,0.0041793426,0.67128295
pamap2,gnn_attention_adj,window,1,101,101,102,2256,2256,2256,8,3,13,4,descending_stairs,walking,False,0.0047180015,0.0053225355,0.006135915,0.3675126,0.0045419657,0.04311303,0.064582475,0.1874158,0.17148022,0.12882213,0.006074666,0.010280677,0.3675126
pamap2,gnn_attention_adj,window,1,101,101,102,2257,2257,2257,8,3,13,4,descending_stairs,walking,False,0.000884215,0.0008269492,0.0006723787,0.39194378,0.0014083248,0.011955875,0.062577106,0.15189208,0.3651092,0.006605787,0.00028030438,0.0058440287,0.39194378
pamap2,gnn_attention_adj,window,1,101,101,102,2258,2258,2258,8,3,13,4,descending_stairs,walking,False,0.00035292318,0.00034389787,0.00022290788,0.6570534,0.00086916395,0.0021470427,0.019247295,0.08672642,0.2278331,0.0015860226,5.6089964e-05,0.0035616488,0.6570534
pamap2,gnn_attention_adj,window,1,101,101,102,2259,2259,2259,8,3,13,4,descending_stairs,walking,False,9.937787e-05,0.00016578884,0.00013609756,0.9322084,0.00023546969,0.00025560163,0.008185253,0.032964855,0.02386747,0.001140206,2.5490237e-05,0.0007159691,0.9322084
pamap2,gnn_attention_adj,window,1,101,101,102,2260,2260,2260,8,8,13,13,descending_stairs,descending_stairs,True,0.00032597585,0.00029132277,0.00013094643,0.15652333,0.0009849957,0.01080419,0.066283464,0.08068392,0.67761874,0.0014441942,7.060749e-05,0.0048383097,0.67761874
pamap2,gnn_attention_adj,window,1,101,101,102,2261,2261,2261,8,8,13,13,descending_stairs,descending_stairs,True,0.00045540175,0.00029712167,0.00012144978,0.03655484,0.0015390806,0.007953896,0.046468038,0.075732484,0.8216584,0.0006828177,5.276114e-05,0.0084836865,0.8216584
pamap2,gnn_attention_adj,window,1,101,101,102,2262,2262,2262,8,3,13,4,descending_stairs,walking,False,0.0002912623,0.0008061387,0.0002861233,0.546733,0.0019075214,0.0020273137,0.21455428,0.067654006,0.15704663,0.0038799653,0.00013559505,0.0046781055,0.546733
pamap2,gnn_attention_adj,window,1,101,101,102,2263,2263,2263,8,8,13,13,descending_stairs,descending_stairs,True,0.0005244891,0.0010044576,0.00033998498,0.29334444,0.0027739701,0.00937797,0.16694196,0.083521105,0.42930958,0.0050243577,0.0002718684,0.0075658457,0.42930958
pamap2,gnn_attention_adj,window,1,101,101,102,2264,2264,2264,8,3,13,4,descending_stairs,walking,False,0.0030018769,0.0037610682,0.002422243,0.5051755,0.0047945296,0.012245304,0.10264408,0.14920896,0.15995452,0.044422276,0.0014878575,0.010881787,0.5051755
pamap2,gnn_attention_adj,window,1,101,101,102,2265,2265,2265,8,9,13,16,descending_stairs,vacuum_cleaning,False,0.016559834,0.007369521,0.02722026,0.18520015,0.0042184023,0.025491728,0.006970448,0.1253934,0.035149537,0.5396809,0.016600695,0.010145183,0.5396809
pamap2,gnn_attention_adj,window,1,101,101,102,2266,2266,2266,8,8,13,13,descending_stairs,descending_stairs,True,0.0022860023,0.000963901,0.0012898163,0.22978558,0.0011354426,0.053895343,0.023987308,0.30030733,0.3440511,0.036794264,0.00074745115,0.004756486,0.3440511
pamap2,gnn_attention_adj,window,1,101,101,102,2267,2267,2267,8,8,13,13,descending_stairs,descending_stairs,True,0.0005998227,0.0005331501,0.00038089807,0.31226066,0.0010336798,0.0108268615,0.05992499,0.13855715,0.4676928,0.0032959075,0.00014566704,0.004748427,0.4676928
pamap2,gnn_attention_adj,window,1,101,101,102,2268,2268,2268,8,3,13,4,descending_stairs,walking,False,0.00016271773,0.00040830375,0.0003694515,0.8382417,0.00048565754,0.0008651163,0.029354503,0.06677346,0.058945324,0.0027459378,0.000101118756,0.001546729,0.8382417
pamap2,gnn_attention_adj,window,1,101,101,102,2269,2269,2269,8,3,13,4,descending_stairs,walking,False,9.0465466e-05,0.0001958373,0.00013512006,0.86809844,0.00039062358,0.0005013578,0.018726926,0.040071234,0.06944274,0.00090629846,3.3581964e-05,0.001407386,0.86809844
pamap2,gnn_attention_adj,window,1,101,101,102,2270,2270,2270,8,3,13,4,descending_stairs,walking,False,0.0009016564,0.0015142949,0.0012313004,0.5934498,0.0023180237,0.00085505954,0.040505376,0.26975083,0.07955347,0.0036664975,0.00013834499,0.006115397,0.5934498
pamap2,gnn_attention_adj,window,1,101,101,102,2271,2271,2271,8,3,13,4,descending_stairs,walking,False,0.00084081426,0.0012618905,0.0009462423,0.55605215,0.0017402351,0.0010333419,0.048576824,0.3087221,0.07188824,0.004414443,0.000113659305,0.0044100457,0.55605215
pamap2,gnn_attention_adj,window,1,101,101,102,2272,2272,2272,8,8,13,13,descending_stairs,descending_stairs,True,0.00089233194,0.0011507829,0.0003026891,0.025589572,0.0072209546,0.01500947,0.1981685,0.14765428,0.582211,0.0030701994,0.00030900532,0.01842119,0.582211
pamap2,gnn_attention_adj,window,1,101,101,102,2273,2273,2273,8,7,13,12,descending_stairs,ascending_stairs,False,0.002151145,0.0026753936,0.0040088943,0.21759365,0.0044866363,0.012349991,0.0677659,0.4971934,0.12573291,0.051799554,0.0015724595,0.012670033,0.4971934
pamap2,gnn_attention_adj,window,1,101,101,102,2274,2274,2274,8,3,13,4,descending_stairs,walking,False,0.0022364757,0.0012491195,0.0024400335,0.5177591,0.0010843523,0.02501571,0.012552332,0.2088248,0.10175181,0.12216618,0.0017227791,0.0031973647,0.5177591
pamap2,gnn_attention_adj,window,1,101,101,102,2275,2275,2275,8,3,13,4,descending_stairs,walking,False,0.0034170954,0.0018127721,0.0029607022,0.25815073,0.0017695647,0.095050424,0.027252503,0.23116341,0.23886491,0.13066934,0.0033791938,0.0055093085,0.25815073
pamap2,gnn_attention_adj,window,1,101,101,102,2276,2276,2276,8,3,13,4,descending_stairs,walking,False,0.0010019428,0.0014005587,0.0016542664,0.45807064,0.002026028,0.0044958447,0.06318969,0.30166122,0.14881319,0.010456541,0.00037991453,0.006850168,0.45807064
pamap2,gnn_attention_adj,window,1,101,101,102,2277,2277,2277,8,3,13,4,descending_stairs,walking,False,0.0005630721,0.0010048706,0.0007376224,0.60509807,0.0018652566,0.001390582,0.05965751,0.17809717,0.14311226,0.002518004,0.00013052081,0.005825056,0.60509807
pamap2,gnn_attention_adj,window,1,101,101,102,2278,2278,2278,8,3,13,4,descending_stairs,walking,False,0.00025360944,0.0005199813,0.00047569958,0.8138999,0.0008022674,0.00093750923,0.032892667,0.06340871,0.08175617,0.0020061487,0.00010902654,0.0029383306,0.8138999
pamap2,gnn_attention_adj,window,1,101,101,102,2279,2279,2279,8,8,13,13,descending_stairs,descending_stairs,True,0.00038580142,0.00048670947,0.0002624244,0.28978536,0.0014320236,0.008954412,0.04079809,0.07650488,0.5732644,0.0018134328,0.00015197796,0.006160461,0.5732644
pamap2,gnn_attention_adj,window,1,101,101,102,2280,2280,2280,8,3,13,4,descending_stairs,walking,False,0.00015464988,0.00029419942,0.0002124782,0.8314151,0.0006017819,0.00033792833,0.020610176,0.0693548,0.074002095,0.00076591794,2.9311435e-05,0.0022215387,0.8314151
pamap2,gnn_attention_adj,window,1,101,101,102,2281,2281,2281,8,3,13,4,descending_stairs,walking,False,0.00017490008,0.00039077978,0.0003286371,0.9164237,0.000527637,0.00034989725,0.013497071,0.039211437,0.025056528,0.0025546243,7.887749e-05,0.0014059114,0.9164237
pamap2,gnn_attention_adj,window,1,101,101,102,2282,2282,2282,8,3,13,4,descending_stairs,walking,False,0.00087088003,0.0011876702,0.00087089906,0.7932074,0.0018715151,0.0027274957,0.021854423,0.077179395,0.08880105,0.0066579734,0.00030801867,0.0044632433,0.7932074
pamap2,gnn_attention_adj,window,1,101,101,102,2283,2283,2283,8,3,13,4,descending_stairs,walking,False,0.00040226273,0.00053854065,0.00044681685,0.82813454,0.00084799423,0.0018395662,0.021091165,0.071916886,0.06580591,0.006459632,0.00014229532,0.0023743485,0.82813454
pamap2,gnn_attention_adj,window,1,101,101,102,2284,2284,2284,8,3,13,4,descending_stairs,walking,False,0.003575052,0.0033400941,0.009719148,0.60296947,0.0025293585,0.0116304755,0.0114297075,0.14094996,0.053586245,0.14866288,0.0048743966,0.0067331763,0.60296947
pamap2,gnn_attention_adj,window,1,101,101,102,2285,2285,2285,8,8,13,13,descending_stairs,descending_stairs,True,0.0016427854,0.0006505151,0.000668351,0.09862233,0.00088793953,0.09164507,0.040381312,0.26024923,0.47296587,0.027679263,0.00057345926,0.004033857,0.47296587
pamap2,gnn_attention_adj,window,1,101,101,102,2286,2286,2286,8,8,13,13,descending_stairs,descending_stairs,True,0.00082088716,0.0005459887,0.00034442302,0.065722056,0.0011921476,0.030128758,0.042844117,0.13544694,0.7131342,0.003465966,0.0002282752,0.0061262385,0.7131342
pamap2,gnn_attention_adj,window,1,101,101,102,2287,2287,2287,8,3,13,4,descending_stairs,walking,False,0.00017642556,0.00035561196,0.00033161917,0.85945743,0.0005089885,0.0005755694,0.01749949,0.0574468,0.06035121,0.0014193434,6.3620566e-05,0.001813909,0.85945743
pamap2,gnn_attention_adj,window,1,101,101,102,2288,2288,2288,8,3,13,4,descending_stairs,walking,False,0.000291726,0.0003519082,0.00019972667,0.4453089,0.0009163625,0.004676273,0.041732863,0.08883637,0.41193503,0.0015478344,7.548471e-05,0.004127529,0.4453089
pamap2,gnn_attention_adj,window,1,101,101,102,2289,2289,2289,8,3,13,4,descending_stairs,walking,False,0.00010837039,0.00019737419,0.00013856476,0.87822145,0.00039741799,0.00024630703,0.01515598,0.04901272,0.054427292,0.0005897868,1.914125e-05,0.0014856419,0.87822145
pamap2,gnn_attention_adj,window,1,101,101,102,2290,2290,2290,8,3,13,4,descending_stairs,walking,False,3.1597454e-05,6.153137e-05,4.7900074e-05,0.9688177,0.00012138433,4.9410828e-05,0.0034794046,0.01553215,0.011150193,0.00031581984,6.949418e-06,0.00038593393,0.9688177
pamap2,gnn_attention_adj,window,1,101,101,102,2291,2291,2291,8,3,13,4,descending_stairs,walking,False,0.00016280796,0.0002532418,0.00017439248,0.87329865,0.00049983227,0.0005513603,0.011886226,0.045529407,0.064855695,0.0010753733,3.5889967e-05,0.0016770897,0.87329865
pamap2,gnn_attention_adj,window,1,101,101,102,2292,2292,2292,8,3,13,4,descending_stairs,walking,False,8.9377594e-05,0.0001682981,0.00015313008,0.94234437,0.00023271897,0.00016297317,0.0067133927,0.030349426,0.017989244,0.0010712339,2.5306988e-05,0.000700571,0.94234437
pamap2,gnn_attention_adj,window,1,101,101,102,2293,2293,2293,8,3,13,4,descending_stairs,walking,False,0.0002716404,0.00033341994,0.00016936102,0.4815727,0.0010038703,0.004186219,0.044778932,0.07787785,0.38405994,0.0015221625,6.7791174e-05,0.0041561616,0.4815727
pamap2,gnn_attention_adj,window,1,101,101,102,2294,2294,2294,8,3,13,4,descending_stairs,walking,False,0.00023912973,0.0003465711,0.00015403859,0.45511362,0.0009980667,0.0036401518,0.0847809,0.084520645,0.36430356,0.0016807021,6.479915e-05,0.0041578496,0.45511362
pamap2,gnn_attention_adj,window,1,101,101,102,2295,2295,2295,8,7,13,12,descending_stairs,ascending_stairs,False,0.0008632836,0.0021178941,0.0016526169,0.25874162,0.005136791,0.0017925212,0.17972769,0.2986322,0.2313241,0.002965174,0.0002613804,0.016784735,0.2986322
pamap2,gnn_attention_adj,window,1,101,101,102,2296,2296,2296,8,8,13,13,descending_stairs,descending_stairs,True,0.0003938906,0.0008254518,0.0002299226,0.063237675,0.003601099,0.005055898,0.32316908,0.11585971,0.4753832,0.0012837397,0.00012267081,0.010837624,0.4753832
pamap2,gnn_attention_adj,window,1,101,101,102,2297,2297,2297,8,3,13,4,descending_stairs,walking,False,0.00012240521,0.00029816033,0.00023159501,0.87160456,0.00041791913,0.00043057345,0.024133388,0.058670394,0.04011278,0.0026648885,5.446388e-05,0.0012589147,0.87160456
pamap2,gnn_attention_adj,window,1,101,101,102,2298,2298,2298,8,3,13,4,descending_stairs,walking,False,0.00048339996,0.0007328528,0.0008917257,0.68176144,0.00073154527,0.005656686,0.025377246,0.1682412,0.0586293,0.05502521,0.0005601332,0.0019093112,0.68176144
pamap2,gnn_attention_adj,window,1,101,101,102,2299,2299,2299,8,3,13,4,descending_stairs,walking,False,0.00052339875,0.0007755386,0.0011548508,0.8302129,0.00067478477,0.0029933713,0.00816793,0.086955376,0.03630217,0.029958997,0.0006172454,0.0016636084,0.8302129
pamap2,gnn_attention_adj,window,1,101,101,102,2300,2300,2300,8,3,13,4,descending_stairs,walking,False,0.004765157,0.0077260775,0.012278449,0.7666662,0.0062032538,0.0023117787,0.018949445,0.08325676,0.034032434,0.047651302,0.0037081826,0.012451057,0.7666662
pamap2,gnn_attention_adj,window,1,101,101,102,2301,2301,2301,8,3,13,4,descending_stairs,walking,False,0.002655985,0.00441569,0.005272326,0.84200096,0.0036834793,0.0012144595,0.014525256,0.06609866,0.027503857,0.024219282,0.001458041,0.0069520213,0.84200096
pamap2,gnn_attention_adj,window,1,101,101,102,2302,2302,2302,8,3,13,4,descending_stairs,walking,False,0.00073623226,0.0008408854,0.00095984887,0.7922924,0.001056419,0.0025916316,0.021400353,0.0916342,0.07675617,0.008162248,0.00026271856,0.0033068801,0.7922924
pamap2,gnn_attention_adj,window,1,101,101,102,2303,2303,2303,8,3,13,4,descending_stairs,walking,False,0.000927942,0.000726337,0.0005379859,0.6583368,0.0015822353,0.003978202,0.015091432,0.10785849,0.20124148,0.004321183,0.00015649825,0.005241345,0.6583368
pamap2,gnn_attention_adj,window,1,101,101,102,2304,2304,2304,8,3,13,4,descending_stairs,walking,False,0.0007319247,0.0013255834,0.001131235,0.47728813,0.0021392067,0.0019672257,0.080448546,0.2594149,0.16496347,0.0034230782,0.00018130045,0.006985278,0.47728813
pamap2,gnn_attention_adj,window,1,101,101,102,2305,2305,2305,8,8,13,13,descending_stairs,descending_stairs,True,0.00056085706,0.0005216176,0.00023439183,0.05222112,0.001856318,0.011848497,0.10624348,0.14704315,0.6691383,0.0016365935,0.00011118952,0.008584473,0.6691383
pamap2,gnn_attention_adj,window,1,101,101,102,2306,2306,2306,8,8,13,13,descending_stairs,descending_stairs,True,0.00080652756,0.0009226817,0.00054329314,0.17929924,0.0021374288,0.0054014665,0.12775162,0.28379342,0.38773516,0.0029864612,0.00013203129,0.0084907,0.38773516
pamap2,gnn_attention_adj,window,1,101,101,102,2307,2307,2307,8,3,13,4,descending_stairs,walking,False,0.00021057863,0.0003968885,0.00017368174,0.5267073,0.0014283161,0.0011297812,0.10363336,0.09815639,0.2615347,0.00096679974,4.206306e-05,0.005620204,0.5267073
pamap2,gnn_attention_adj,window,1,101,101,102,2308,2308,2308,8,8,13,13,descending_stairs,descending_stairs,True,0.00018196575,0.00011976452,3.0509835e-05,0.05062199,0.0011829514,0.00529978,0.0133224325,0.025861526,0.89703935,0.00026861063,2.083046e-05,0.006050245,0.89703935
pamap2,gnn_attention_adj,window,1,101,101,102,2309,2309,2309,8,3,13,4,descending_stairs,walking,False,0.0015898587,0.0030087836,0.0014877154,0.51626456,0.004818555,0.0077356347,0.15246032,0.11062012,0.16484337,0.025865873,0.0009535609,0.010351686,0.51626456
pamap2,gnn_attention_adj,window,1,101,101,102,2310,2310,2310,8,3,13,4,descending_stairs,walking,False,0.006883044,0.00467498,0.009335893,0.39806193,0.0034298755,0.027150396,0.017871358,0.17868724,0.075335026,0.26355532,0.0069178697,0.008097069,0.39806193
pamap2,gnn_attention_adj,window,1,101,101,102,2311,2311,2311,8,8,13,13,descending_stairs,descending_stairs,True,0.0010919753,0.00051977584,0.00045001344,0.096184276,0.0008679027,0.062668644,0.034335285,0.19566044,0.59165084,0.011888594,0.00038426564,0.004298036,0.59165084
pamap2,gnn_attention_adj,window,1,101,101,102,2312,2312,2312,8,3,13,4,descending_stairs,walking,False,5.3806034e-05,0.00015943161,8.845855e-05,0.88721657,0.00030508384,0.00021792341,0.034333486,0.03477921,0.041002065,0.00085190294,1.9616828e-05,0.0009723851,0.88721657
pamap2,gnn_attention_adj,window,1,101,101,102,2313,2313,2313,8,3,13,4,descending_stairs,walking,False,0.00019022304,0.00030659905,0.0001672761,0.73541474,0.0007559626,0.0010811489,0.042133145,0.07126673,0.14472835,0.0011611861,4.0822288e-05,0.002753834,0.73541474
pamap2,gnn_attention_adj,window,1,101,101,102,2314,2314,2314,8,3,13,4,descending_stairs,walking,False,0.00027195382,0.0004629096,0.00032649215,0.7373824,0.0007679993,0.0015775831,0.049439624,0.07797562,0.1266048,0.0023368716,8.623554e-05,0.0027675373,0.7373824
pamap2,gnn_attention_adj,window,1,101,101,102,2315,2315,2315,8,8,13,13,descending_stairs,descending_stairs,True,0.0001747853,0.0002447814,7.5135235e-05,0.042701636,0.0016144363,0.0068313815,0.08693097,0.03655612,0.8165052,0.00054615276,6.609599e-05,0.007753267,0.8165052
pamap2,gnn_attention_adj,window,1,101,101,102,2316,2316,2316,8,8,13,13,descending_stairs,descending_stairs,True,0.00035766128,0.0002241558,6.2407555e-05,0.0025647327,0.0023653388,0.013181193,0.02256783,0.018593516,0.9267466,0.00040014053,7.663094e-05,0.012859928,0.9267466
pamap2,gnn_attention_adj,window,1,101,101,102,2317,2317,2317,8,3,13,4,descending_stairs,walking,False,0.00047972158,0.0017262698,0.0010329142,0.4738547,0.0024312022,0.004295426,0.13213524,0.076226994,0.29470727,0.0045363633,0.0006028725,0.007970987,0.4738547
pamap2,gnn_attention_adj,window,1,101,101,102,2318,2318,2318,8,9,13,16,descending_stairs,vacuum_cleaning,False,0.0043287138,0.026242575,0.024872854,0.025701504,0.008194714,0.13676502,0.0730115,0.06468491,0.12026145,0.3153244,0.19015574,0.01045662,0.3153244
pamap2,gnn_attention_adj,window,1,101,101,102,2319,2319,2319,8,10,13,17,descending_stairs,ironing,False,0.0010571809,0.03964164,0.015892765,0.00034895507,0.0026021695,0.014757312,0.001612182,0.0021974,0.008285869,0.040828403,0.8714419,0.0013341601,0.8714419
pamap2,gnn_attention_adj,window,1,101,101,102,2320,2320,2320,8,1,13,2,descending_stairs,sitting,False,0.016103065,0.48881796,0.06598712,0.0012262709,0.011354497,0.008936038,0.0065393574,0.004862595,0.01872715,0.03163419,0.3424023,0.0034095244,0.48881796
pamap2,gnn_attention_adj,window,1,101,101,102,2321,2321,2321,8,1,13,2,descending_stairs,sitting,False,0.020106517,0.8323054,0.0356261,0.0006112039,0.010943217,0.0016367306,0.006107963,0.0019788619,0.009528064,0.008347214,0.070890866,0.0019178105,0.8323054
pamap2,gnn_attention_adj,window,1,101,101,102,2322,2322,2322,8,1,13,2,descending_stairs,sitting,False,0.025103185,0.8345422,0.052044198,0.00083240826,0.011406241,0.0012539227,0.0074661346,0.0023549132,0.0095947,0.006292199,0.046903834,0.0022059928,0.8345422
pamap2,gnn_attention_adj,window,1,101,101,102,2323,2323,2323,8,1,13,2,descending_stairs,sitting,False,0.059525717,0.7709528,0.1053838,0.0015922092,0.011854303,0.00090377056,0.010185976,0.0038776645,0.011429519,0.0037393237,0.017459895,0.00309502,0.7709528
pamap2,gnn_attention_adj,window,1,101,101,102,2324,2324,2324,3,1,4,2,walking,sitting,False,0.036542807,0.71520144,0.13437952,0.001710152,0.013509139,0.0020912103,0.011273475,0.004728656,0.016537523,0.007059509,0.05290886,0.00405776,0.71520144
pamap2,gnn_attention_adj,window,1,101,101,102,2325,2325,2325,3,1,4,2,walking,sitting,False,0.013844729,0.4344659,0.11985465,0.0017203041,0.011809546,0.007568552,0.009110226,0.0064497236,0.021542061,0.026374402,0.34292498,0.00433497,0.4344659
pamap2,gnn_attention_adj,window,1,101,101,102,2326,2326,2326,3,10,4,17,walking,ironing,False,0.010764406,0.25157988,0.12404892,0.0018213294,0.011407452,0.014739978,0.011048714,0.008526807,0.031307902,0.032934096,0.4959904,0.005830039,0.4959904
pamap2,gnn_attention_adj,window,1,101,101,102,2327,2327,2327,3,1,4,2,walking,sitting,False,0.017309962,0.3867911,0.12720244,0.0017759458,0.01435604,0.012491646,0.014384141,0.008021573,0.03357304,0.025350256,0.35242394,0.00631993,0.3867911
pamap2,gnn_attention_adj,window,1,101,101,102,2328,2328,2328,3,10,4,17,walking,ironing,False,0.009215325,0.27351552,0.070726015,0.0010417155,0.010266138,0.013631609,0.00768288,0.005375897,0.023262998,0.032611843,0.5485622,0.0041077887,0.5485622
pamap2,gnn_attention_adj,window,1,101,101,102,2329,2329,2329,3,10,4,17,walking,ironing,False,0.005030056,0.19828321,0.03622974,0.0006236249,0.008165137,0.0138660455,0.006057918,0.0035880033,0.017607752,0.033933267,0.6736376,0.0029776432,0.6736376
pamap2,gnn_attention_adj,window,1,101,101,102,2330,2330,2330,3,10,4,17,walking,ironing,False,0.0029848907,0.095699735,0.03487919,0.00079004746,0.0062935683,0.017552897,0.0054015354,0.0044555236,0.017306348,0.042986102,0.76857495,0.0030751617,0.76857495
pamap2,gnn_attention_adj,window,1,101,101,102,2331,2331,2331,3,10,4,17,walking,ironing,False,0.0028591359,0.05400962,0.07524997,0.0038875975,0.006803057,0.021719115,0.0064145974,0.01240069,0.022435518,0.088486224,0.69998384,0.0057505425,0.69998384
pamap2,gnn_attention_adj,window,1,101,101,102,2332,2332,2332,3,8,4,13,walking,descending_stairs,False,0.013285267,0.04498262,0.04698953,0.15185627,0.02066811,0.04378946,0.1856966,0.09588947,0.23689587,0.0796169,0.04833417,0.03199566,0.23689587
pamap2,gnn_attention_adj,window,1,101,101,102,2333,2333,2333,3,3,4,4,walking,walking,True,0.004557764,0.008992434,0.015772173,0.37542668,0.007563556,0.028162949,0.03575924,0.15755503,0.29836398,0.034756903,0.011573892,0.021515425,0.37542668
pamap2,gnn_attention_adj,window,1,101,101,102,2334,2334,2334,3,3,4,4,walking,walking,True,0.001620704,0.0026591725,0.0034891365,0.8995085,0.0028962463,0.00040996345,0.0071503627,0.04582024,0.01845622,0.011583755,0.0007145595,0.0056912224,0.8995085
pamap2,gnn_attention_adj,window,1,101,101,102,2335,2335,2335,3,3,4,4,walking,walking,True,0.0011589164,0.0018917825,0.0021153304,0.9137326,0.0024861179,0.00033042819,0.007152803,0.039957974,0.018673193,0.007240793,0.00044149774,0.004818512,0.9137326
pamap2,gnn_attention_adj,window,1,101,101,102,2336,2336,2336,3,3,4,4,walking,walking,True,0.00030505232,0.000636318,0.0007962202,0.94895196,0.0010659326,0.0001338797,0.004669511,0.025776153,0.012487926,0.0025722203,0.00014956384,0.0024552348,0.94895196
pamap2,gnn_attention_adj,window,1,101,101,102,2337,2337,2337,3,3,4,4,walking,walking,True,0.0002483414,0.00050837937,0.00053476664,0.95703894,0.0009564818,0.00010045724,0.0035984388,0.021497628,0.011576975,0.0018269239,0.00010332318,0.0020092656,0.95703894
pamap2,gnn_attention_adj,window,1,101,101,102,2338,2338,2338,3,3,4,4,walking,walking,True,0.00013517047,0.00030259183,0.00036624123,0.9602535,0.0005233157,0.00010261343,0.003933239,0.02081816,0.010704961,0.0014487362,6.962082e-05,0.0013418215,0.9602535
pamap2,gnn_attention_adj,window,1,101,101,102,2339,2339,2339,3,3,4,4,walking,walking,True,8.866178e-05,0.00019729167,0.00023839077,0.97001845,0.0004558743,5.61772e-05,0.0025992766,0.015133241,0.00921317,0.0008081409,3.9307346e-05,0.0011519169,0.97001845
pamap2,gnn_attention_adj,window,1,101,101,102,2340,2340,2340,3,3,4,4,walking,walking,True,0.0002545735,0.00050224946,0.0006748007,0.9462077,0.00064145593,0.00021898338,0.004246276,0.029658064,0.0120959375,0.0037776576,0.0001490838,0.0015732168,0.9462077
pamap2,gnn_attention_adj,window,1,101,101,102,2341,2341,2341,3,3,4,4,walking,walking,True,0.00037395427,0.00078993046,0.00090588775,0.9541925,0.0013691274,8.1493046e-05,0.0036146876,0.022555504,0.010396663,0.0027063533,0.00015225602,0.0028615538,0.9541925
pamap2,gnn_attention_adj,window,1,101,101,102,2342,2342,2342,3,3,4,4,walking,walking,True,0.00044990098,0.0008835746,0.0008644518,0.94922686,0.001084448,0.0001345138,0.0042177313,0.025977854,0.010253547,0.0046145096,0.00018279802,0.002109792,0.94922686
pamap2,gnn_attention_adj,window,1,101,101,102,2343,2343,2343,3,3,4,4,walking,walking,True,0.00113732,0.0023078015,0.0022330924,0.92165685,0.002477466,0.00020765438,0.007253199,0.034950834,0.013919655,0.008944845,0.00046302396,0.004448212,0.92165685
pamap2,gnn_attention_adj,window,1,101,101,102,2344,2344,2344,3,3,4,4,walking,walking,True,0.0014695782,0.0023571118,0.002527498,0.9230852,0.0026407666,0.00018682645,0.0054383366,0.034729686,0.012411758,0.0099101225,0.00044261204,0.0048004575,0.9230852
pamap2,gnn_attention_adj,window,1,101,101,102,2345,2345,2345,3,3,4,4,walking,walking,True,0.0008675757,0.0014475192,0.0020125555,0.9313292,0.0019182204,0.00017567554,0.0054283193,0.033471685,0.01167576,0.0070296256,0.00033816005,0.0043056956,0.9313292
pamap2,gnn_attention_adj,window,1,101,101,102,2346,2346,2346,3,3,4,4,walking,walking,True,0.0005968207,0.001159724,0.0012381035,0.9396762,0.001737182,0.0001436132,0.00627064,0.028189458,0.0127703715,0.004379287,0.00022626172,0.0036122845,0.9396762
pamap2,gnn_attention_adj,window,1,101,101,102,2347,2347,2347,3,3,4,4,walking,walking,True,0.00078412134,0.001406616,0.0018770981,0.9300206,0.0019660774,0.00019324872,0.006251692,0.033359002,0.013674922,0.0057357755,0.00032068897,0.0044102245,0.9300206
pamap2,gnn_attention_adj,window,1,101,101,102,2348,2348,2348,3,3,4,4,walking,walking,True,0.00028295338,0.00068943494,0.00067047664,0.9539534,0.0011919556,9.377638e-05,0.00533943,0.021231262,0.011687334,0.0022494025,0.00012930592,0.0024812948,0.9539534
pamap2,gnn_attention_adj,window,1,101,101,102,2349,2349,2349,3,3,4,4,walking,walking,True,9.7280805e-05,0.00022372312,0.00027195323,0.967015,0.0003838445,7.173673e-05,0.0031511919,0.018035447,0.00848013,0.001207585,4.937428e-05,0.0010126352,0.967015
pamap2,gnn_attention_adj,window,1,101,101,102,2350,2350,2350,3,3,4,4,walking,walking,True,5.378911e-05,0.00012850176,0.00013305419,0.97543406,0.00032442232,4.0118215e-05,0.002256934,0.012311442,0.0079666525,0.00053279113,2.2687425e-05,0.00079564215,0.97543406
pamap2,gnn_attention_adj,window,1,101,101,102,2351,2351,2351,3,3,4,4,walking,walking,True,0.009324799,0.016094102,0.018392477,0.7873174,0.014902563,0.00031072093,0.016194286,0.062416762,0.025854088,0.021067556,0.002073946,0.026051283,0.7873174
pamap2,gnn_attention_adj,window,1,101,101,102,2352,2352,2352,3,3,4,4,walking,walking,True,0.004538425,0.00813336,0.007889971,0.85657406,0.013804689,9.879794e-05,0.009486416,0.043958385,0.022237476,0.008208717,0.0007222159,0.024347408,0.85657406
pamap2,gnn_attention_adj,window,1,101,101,102,2353,2353,2353,3,3,4,4,walking,walking,True,0.0023632338,0.004434325,0.004193951,0.9098805,0.00520507,0.00010877615,0.0061825328,0.03589882,0.013763282,0.00863005,0.00055548997,0.008783934,0.9098805
pamap2,gnn_attention_adj,window,1,101,101,102,2354,2354,2354,3,3,4,4,walking,walking,True,0.00031268032,0.0006723889,0.0007831891,0.95993805,0.0009271765,6.684366e-05,0.002785975,0.021634884,0.007917949,0.0028838555,0.00013766404,0.0019393525,0.95993805
pamap2,gnn_attention_adj,window,1,101,101,102,2355,2355,2355,3,3,4,4,walking,walking,True,0.00036654962,0.0007536432,0.0007098618,0.9581198,0.0010462482,7.747237e-05,0.0031614543,0.021939717,0.008597286,0.0031332641,0.00013952516,0.0019552587,0.9581198
pamap2,gnn_attention_adj,window,1,101,101,102,2356,2356,2356,3,3,4,4,walking,walking,True,0.00014578267,0.00028174408,0.00034785373,0.9685296,0.00044059724,5.9979964e-05,0.002025929,0.0185782,0.006814781,0.0016826083,6.0455466e-05,0.001032517,0.9685296
pamap2,gnn_attention_adj,window,1,101,101,102,2357,2357,2357,3,3,4,4,walking,walking,True,0.00017076719,0.00031963387,0.00032227382,0.9628026,0.00058531604,8.659147e-05,0.0031259784,0.020155584,0.009537583,0.0015271371,6.210181e-05,0.0013044401,0.9628026
pamap2,gnn_attention_adj,window,1,101,101,102,2358,2358,2358,3,3,4,4,walking,walking,True,0.0007292914,0.0015692732,0.001774935,0.93195635,0.0019365964,0.0001665081,0.006447188,0.032129623,0.013824725,0.0051310323,0.00034890563,0.003985475,0.93195635
pamap2,gnn_attention_adj,window,1,101,101,102,2359,2359,2359,3,3,4,4,walking,walking,True,0.00048557034,0.0011090304,0.0010991999,0.9441064,0.0017778322,0.0001246118,0.005454644,0.02529025,0.013844014,0.0030512565,0.00021902155,0.0034381251,0.9441064
pamap2,gnn_attention_adj,window,1,101,101,102,2360,2360,2360,3,3,4,4,walking,walking,True,0.001105585,0.0023061177,0.0026304438,0.91871506,0.002784371,0.00019865694,0.007909165,0.0360452,0.015021408,0.0070568947,0.00050836056,0.005718713,0.91871506
pamap2,gnn_attention_adj,window,1,101,101,102,2361,2361,2361,3,3,4,4,walking,walking,True,0.00029681294,0.0007243508,0.00071922055,0.96012574,0.0015121205,4.3504715e-05,0.0038519523,0.01792658,0.009838392,0.001699587,0.00010665086,0.0031551127,0.96012574
pamap2,gnn_attention_adj,window,1,101,101,102,2362,2362,2362,3,3,4,4,walking,walking,True,2.5430963e-05,5.4490207e-05,5.3134772e-05,0.98222786,0.00012518848,2.1057649e-05,0.0014699775,0.010369833,0.004943131,0.00034989344,8.001192e-06,0.00035210638,0.98222786
pamap2,gnn_attention_adj,window,1,101,101,102,2363,2363,2363,3,3,4,4,walking,walking,True,2.836446e-05,5.8942995e-05,6.1494124e-05,0.9840708,0.00016578194,1.5693306e-05,0.0010234219,0.009164026,0.0046675624,0.00030293418,8.591877e-06,0.00043226086,0.9840708
pamap2,gnn_attention_adj,window,1,101,101,102,2364,2364,2364,3,3,4,4,walking,walking,True,4.1999763e-05,8.211392e-05,9.404285e-05,0.982137,0.00018658384,2.113658e-05,0.0010715002,0.010847699,0.0044816732,0.0005358541,1.354104e-05,0.00048685857,0.982137
pamap2,gnn_attention_adj,window,1,101,101,102,2365,2365,2365,3,3,4,4,walking,walking,True,0.0001434296,0.0002706069,0.0003512878,0.9680826,0.00044249592,6.4621476e-05,0.0023339677,0.01840658,0.00702891,0.0017062691,5.7197485e-05,0.0011120369,0.9680826
pamap2,gnn_attention_adj,window,1,101,101,102,2366,2366,2366,3,3,4,4,walking,walking,True,0.00013980441,0.00027964363,0.0002995958,0.9658089,0.0005058778,7.440388e-05,0.0030625435,0.018422075,0.008721035,0.0014338256,5.3534655e-05,0.0011987152,0.9658089
pamap2,gnn_attention_adj,window,1,101,101,102,2367,2367,2367,3,3,4,4,walking,walking,True,0.00015650352,0.00031640765,0.0004017578,0.9602281,0.0005272035,9.165268e-05,0.0035709152,0.0222607,0.009314517,0.0016872998,6.9372625e-05,0.0013755963,0.9602281
pamap2,gnn_attention_adj,window,1,101,101,102,2368,2368,2368,3,3,4,4,walking,walking,True,8.38412e-05,0.00018684368,0.00016591174,0.96803534,0.00043000796,6.0427847e-05,0.0035927258,0.015798653,0.009846984,0.00074473297,3.026302e-05,0.0010243098,0.96803534
pamap2,gnn_attention_adj,window,1,101,101,102,2369,2369,2369,3,3,4,4,walking,walking,True,9.977399e-05,0.00022488127,0.0002757353,0.9670825,0.0003955456,6.5677516e-05,0.0031134035,0.018235007,0.008236966,0.0011638283,4.8450293e-05,0.0010582582,0.9670825
pamap2,gnn_attention_adj,window,1,101,101,102,2370,2370,2370,3,3,4,4,walking,walking,True,0.00011736438,0.00028143002,0.00030985216,0.9694108,0.0007708415,3.6057412e-05,0.0029013774,0.014651414,0.008839515,0.0008078908,4.4361863e-05,0.0018291316,0.9694108
pamap2,gnn_attention_adj,window,1,101,101,102,2371,2371,2371,3,3,4,4,walking,walking,True,0.00017096034,0.00039647362,0.00040491228,0.9648452,0.00063243805,6.5658314e-05,0.0031713473,0.01901166,0.008051087,0.0017998873,7.984762e-05,0.00137058,0.9648452
pamap2,gnn_attention_adj,window,1,101,101,102,2372,2372,2372,3,3,4,4,walking,walking,True,0.00013753852,0.00031802416,0.00030493512,0.96938086,0.00067248265,4.8025053e-05,0.0025532914,0.015969018,0.008021117,0.0011808872,5.5293312e-05,0.0013585263,0.96938086
pamap2,gnn_attention_adj,window,1,101,101,102,2373,2373,2373,3,3,4,4,walking,walking,True,0.00018877021,0.00037851033,0.00038328342,0.9692421,0.00071649667,4.6386605e-05,0.002090237,0.016699666,0.0071717002,0.0015806236,6.4472835e-05,0.0014378956,0.9692421
pamap2,gnn_attention_adj,window,1,101,101,102,2374,2374,2374,3,3,4,4,walking,walking,True,3.3793207e-05,7.231064e-05,8.131222e-05,0.98024964,0.000135138,2.909075e-05,0.001393571,0.011957713,0.0051403153,0.00051610364,1.3059191e-05,0.00037793553,0.98024964
pamap2,gnn_attention_adj,window,1,101,101,102,2375,2375,2375,3,3,4,4,walking,walking,True,4.0273746e-05,8.305011e-05,7.919718e-05,0.9758958,0.00016731702,4.3001557e-05,0.0021417856,0.013498947,0.007067869,0.00051343953,1.3618658e-05,0.00045568746,0.9758958
pamap2,gnn_attention_adj,window,1,101,101,102,2376,2376,2376,3,3,4,4,walking,walking,True,0.013779478,0.022631027,0.022360574,0.75884014,0.019759756,0.00026151285,0.016504552,0.06378313,0.027046207,0.021953527,0.0021473889,0.030932805,0.75884014
pamap2,gnn_attention_adj,window,1,101,101,102,2377,2377,2377,3,3,4,4,walking,walking,True,0.0076854127,0.0167792,0.0133315325,0.8230483,0.015854513,0.00014885182,0.01342486,0.04884626,0.024496768,0.012452858,0.0013304574,0.02260094,0.8230483
pamap2,gnn_attention_adj,window,1,101,101,102,2378,2378,2378,3,3,4,4,walking,walking,True,0.0054365224,0.010064544,0.010238185,0.8393978,0.01039435,0.00025817862,0.014879808,0.05128862,0.022945402,0.015188757,0.0013382991,0.018569626,0.8393978
pamap2,gnn_attention_adj,window,1,101,101,102,2379,2379,2379,3,3,4,4,walking,walking,True,0.0022244884,0.0055607227,0.0043738848,0.9026457,0.006573347,0.00010356436,0.009400027,0.03381258,0.01779963,0.006587376,0.00057832483,0.010340424,0.9026457
pamap2,gnn_attention_adj,window,1,101,101,102,2380,2380,2380,3,3,4,4,walking,walking,True,0.0015598441,0.003190548,0.0031512273,0.9151711,0.003927994,0.00012822628,0.008231619,0.035021577,0.014340162,0.0073791775,0.00048105704,0.007417542,0.9151711
pamap2,gnn_attention_adj,window,1,101,101,102,2381,2381,2381,3,3,4,4,walking,walking,True,0.00083588075,0.0018433932,0.0020064446,0.9397643,0.0030748425,6.099588e-05,0.00452682,0.026140863,0.011469037,0.0037931493,0.00026398222,0.006220307,0.9397643
pamap2,gnn_attention_adj,window,1,101,101,102,2382,2382,2382,3,3,4,4,walking,walking,True,0.00046180203,0.00085771445,0.000933227,0.95490116,0.0011335119,8.4251085e-05,0.003025822,0.02397689,0.008222449,0.0039967527,0.00016739899,0.0022390357,0.95490116
pamap2,gnn_attention_adj,window,1,101,101,102,2383,2383,2383,3,3,4,4,walking,walking,True,0.0013394522,0.0023437347,0.0026753747,0.925675,0.0026637123,0.0001485171,0.0053865253,0.034198355,0.011960927,0.008049408,0.00043596042,0.005123053,0.925675
pamap2,gnn_attention_adj,window,1,101,101,102,2384,2384,2384,3,3,4,4,walking,walking,True,0.0012853382,0.002462671,0.002368978,0.923326,0.00289986,0.00016753988,0.0070048063,0.033617605,0.013917967,0.0072702477,0.0004347196,0.0052442667,0.923326
pamap2,gnn_attention_adj,window,1,101,101,102,2385,2385,2385,3,3,4,4,walking,walking,True,0.0016904376,0.0030264277,0.00360606,0.9069085,0.0037004987,0.00021623756,0.008344369,0.03944801,0.01611195,0.008855282,0.0005872539,0.0075050644,0.9069085
pamap2,gnn_attention_adj,window,1,101,101,102,2386,2386,2386,3,3,4,4,walking,walking,True,0.0006622424,0.0016542969,0.0014852531,0.9358441,0.002489824,0.00011136275,0.0075831315,0.026606651,0.014660098,0.003857372,0.0002765491,0.004769014,0.9358441
pamap2,gnn_attention_adj,window,1,101,101,102,2387,2387,2387,3,3,4,4,walking,walking,True,0.00014732288,0.0003136839,0.00035828302,0.9605097,0.00054272753,9.650325e-05,0.003797147,0.0210321,0.010210006,0.0015829393,6.6238674e-05,0.0013431626,0.9605097
pamap2,gnn_attention_adj,window,1,101,101,102,2388,2388,2388,3,3,4,4,walking,walking,True,0.000100026205,0.00022235424,0.00022121528,0.96680796,0.0005524896,6.5531574e-05,0.0032832664,0.016127646,0.010445877,0.0008584833,3.91987e-05,0.0012759303,0.96680796
pamap2,gnn_attention_adj,window,1,101,101,102,2389,2389,2389,3,3,4,4,walking,walking,True,0.00011871532,0.00025205358,0.0003120581,0.9642968,0.0004337459,8.8533074e-05,0.0029210302,0.019674871,0.009296353,0.0014529714,5.876739e-05,0.0010940636,0.9642968
pamap2,gnn_attention_adj,window,1,101,101,102,2390,2390,2390,3,3,4,4,walking,walking,True,0.001093094,0.002184351,0.0025178413,0.9274523,0.003633478,9.455498e-05,0.0049579516,0.030771844,0.015496682,0.0041922163,0.00033930602,0.007266301,0.9274523
pamap2,gnn_attention_adj,window,1,101,101,102,2391,2391,2391,3,3,4,4,walking,walking,True,0.0012015821,0.0023826815,0.0026033402,0.92595655,0.0029845906,0.00013652981,0.0053104567,0.03311321,0.013917113,0.006338164,0.00043797714,0.0056178495,0.92595655
pamap2,gnn_attention_adj,window,1,101,101,102,2392,2392,2392,3,3,4,4,walking,walking,True,0.006459199,0.011991518,0.010792681,0.8372771,0.012937347,0.00018601897,0.013056847,0.04861018,0.021856098,0.014644431,0.0012373591,0.020951299,0.8372771
pamap2,gnn_attention_adj,window,1,101,101,102,2393,2393,2393,3,3,4,4,walking,walking,True,0.0072568366,0.012796269,0.011694037,0.8252408,0.013777524,0.00020531299,0.014690232,0.051270742,0.022273459,0.01654494,0.0013316538,0.022918219,0.8252408
pamap2,gnn_attention_adj,window,1,101,101,102,2394,2394,2394,3,3,4,4,walking,walking,True,0.004813341,0.008307188,0.00909592,0.8617743,0.008219113,0.00020920605,0.010208133,0.04822634,0.019080553,0.014388604,0.0010852437,0.014591948,0.8617743
pamap2,gnn_attention_adj,window,1,101,101,102,2395,2395,2395,3,3,4,4,walking,walking,True,0.0044679125,0.007451234,0.007751525,0.86655545,0.00817254,0.00021651482,0.010521351,0.046614982,0.018851724,0.013843766,0.0010051763,0.014547822,0.86655545
pamap2,gnn_attention_adj,window,1,101,101,102,2396,2396,2396,3,3,4,4,walking,walking,True,0.00045681145,0.0009672787,0.0011068219,0.93995744,0.0013783821,0.00016535922,0.0065211416,0.029394343,0.012657463,0.004104694,0.00022373359,0.0030665144,0.93995744
pamap2,gnn_attention_adj,window,1,101,101,102,2397,2397,2397,3,3,4,4,walking,walking,True,0.00057638047,0.003474198,0.002705209,0.7834907,0.0063898154,0.00068009953,0.06349342,0.042646457,0.07741469,0.0038511306,0.0010652408,0.014212677,0.7834907
pamap2,gnn_attention_adj,window,1,101,101,102,2398,2398,2398,3,3,4,4,walking,walking,True,7.234881e-05,0.00065892155,0.0005673659,0.7912479,0.0012072229,0.00018528961,0.08287222,0.028961467,0.08815408,0.00073571026,0.000119298034,0.005218121,0.7912479
pamap2,gnn_attention_adj,window,1,101,101,102,2399,2399,2399,3,3,4,4,walking,walking,True,9.140384e-05,0.00066220865,0.00028349308,0.69849694,0.0015223792,0.0004904868,0.13786449,0.029455366,0.12545235,0.0010109849,0.00012483943,0.0045449696,0.69849694
pamap2,gnn_attention_adj,window,1,101,101,102,2400,2400,2400,3,3,4,4,walking,walking,True,0.00018138529,0.0013082965,0.0008257809,0.7185167,0.0019899204,0.00067676813,0.12961292,0.038867187,0.099638544,0.0021663045,0.0003150755,0.005901081,0.7185167
pamap2,gnn_attention_adj,window,1,101,101,102,2401,2401,2401,3,3,4,4,walking,walking,True,0.00010720822,0.00076775043,0.0003243459,0.7003544,0.0017029748,0.00056201493,0.13880832,0.02966518,0.1215926,0.0012000193,0.00015196003,0.004763313,0.7003544
pamap2,gnn_attention_adj,window,1,101,101,102,2402,2402,2402,3,3,4,4,walking,walking,True,0.00028852563,0.0026089381,0.0015126443,0.68531305,0.0028962325,0.0011803027,0.15078253,0.047587927,0.0959628,0.0046081888,0.000851326,0.0064075515,0.68531305
pamap2,gnn_attention_adj,window,1,101,101,102,2403,2403,2403,3,3,4,4,walking,walking,True,0.0016601301,0.011242728,0.008683363,0.56549054,0.018821241,0.0013775561,0.18438134,0.048859175,0.1074861,0.009566486,0.0035199325,0.03891145,0.56549054
pamap2,gnn_attention_adj,window,1,101,101,102,2404,2404,2404,3,3,4,4,walking,walking,True,0.0015303211,0.0073497943,0.0061013494,0.7419204,0.012810711,0.00077272905,0.07893639,0.051479083,0.06453094,0.008502141,0.0020902273,0.023975894,0.7419204
pamap2,gnn_attention_adj,window,1,101,101,102,2405,2405,2405,3,3,4,4,walking,walking,True,0.0005124128,0.0015033808,0.0011927336,0.9161675,0.0019402453,0.0002756039,0.014467334,0.035189662,0.018939018,0.0057746423,0.0003375857,0.0037000629,0.9161675
pamap2,gnn_attention_adj,window,1,101,101,102,2406,2406,2406,3,3,4,4,walking,walking,True,0.0006593411,0.001454608,0.0014666542,0.9208503,0.002009353,0.00026426048,0.010472164,0.035270806,0.017553575,0.005451766,0.0003294655,0.004217761,0.9208503
pamap2,gnn_attention_adj,window,1,101,101,102,2407,2407,2407,3,3,4,4,walking,walking,True,0.000116309246,0.0002622447,0.00034396313,0.96304476,0.0004210496,8.98386e-05,0.003327619,0.020581743,0.009181259,0.0014386855,6.42649e-05,0.0011283454,0.96304476
pamap2,gnn_attention_adj,window,1,101,101,102,2408,2408,2408,3,3,4,4,walking,walking,True,0.00010079495,0.00021552503,0.0002512175,0.9651285,0.0003734419,8.615326e-05,0.0033889823,0.018777521,0.009434754,0.0012045958,4.644199e-05,0.0009920761,0.9651285
pamap2,gnn_attention_adj,window,1,101,101,102,2409,2409,2409,3,3,4,4,walking,walking,True,0.0009600556,0.0018465573,0.0024212543,0.91487056,0.0023965994,0.00030309104,0.008482086,0.038511977,0.017454194,0.007098499,0.00047965712,0.005175537,0.91487056
pamap2,gnn_attention_adj,window,1,101,101,102,2410,2410,2410,3,3,4,4,walking,walking,True,0.00063530635,0.0013558856,0.001467629,0.9296308,0.0018152428,0.00022957007,0.00773862,0.031894907,0.016133808,0.0050651403,0.0003109936,0.00372217,0.9296308
pamap2,gnn_attention_adj,window,1,101,101,102,2411,2411,2411,3,3,4,4,walking,walking,True,0.0006046368,0.0011955927,0.0015850604,0.93144876,0.0015743371,0.00023233477,0.0065008267,0.033522498,0.014302774,0.0051558088,0.00032072657,0.0035566823,0.93144876
pamap2,gnn_attention_adj,window,1,101,101,102,2412,2412,2412,3,3,4,4,walking,walking,True,0.00026189288,0.0006307012,0.00066233723,0.9523247,0.0010603891,0.00012065026,0.005248216,0.02270326,0.012326917,0.0022602119,0.00013848154,0.00226224,0.9523247
pamap2,gnn_attention_adj,window,1,101,101,102,2413,2413,2413,3,3,4,4,walking,walking,True,0.0007036074,0.0013697459,0.0019663742,0.9264882,0.0018352226,0.00023302794,0.0065671885,0.03575527,0.01495895,0.005522888,0.0003754987,0.00422399,0.9264882
pamap2,gnn_attention_adj,window,1,101,101,102,2414,2414,2414,3,3,4,4,walking,walking,True,0.00015594608,0.0003909194,0.0004559008,0.96296215,0.0007172138,7.351051e-05,0.0037582524,0.018622005,0.009667167,0.0014648977,8.53842e-05,0.0016466501,0.96296215
pamap2,gnn_attention_adj,window,1,101,101,102,2415,2415,2415,3,3,4,4,walking,walking,True,0.001703143,0.0038166477,0.0041747964,0.891854,0.0041192034,0.00029024214,0.0120605985,0.04415135,0.018867943,0.010032424,0.000863455,0.008066155,0.891854
pamap2,gnn_attention_adj,window,1,101,101,102,2416,2416,2416,3,3,4,4,walking,walking,True,0.001216061,0.002538359,0.002767685,0.91692793,0.004261135,0.00013049322,0.007849671,0.03319009,0.01699136,0.005074034,0.0004228594,0.0086302925,0.91692793
pamap2,gnn_attention_adj,window,1,101,101,102,2417,2417,2417,3,3,4,4,walking,walking,True,0.00038582474,0.0007812285,0.0008153932,0.9508221,0.0011301779,0.00011345336,0.004444171,0.02517869,0.010386501,0.0034575823,0.00015973738,0.0023252172,0.9508221
pamap2,gnn_attention_adj,window,1,101,101,102,2418,2418,2418,3,3,4,4,walking,walking,True,0.00019599733,0.00040484522,0.00048327268,0.95895886,0.00062525587,0.00010101844,0.0035737706,0.02256359,0.009311808,0.0022142283,9.039531e-05,0.0014770097,0.95895886
pamap2,gnn_attention_adj,window,1,101,101,102,2419,2419,2419,3,3,4,4,walking,walking,True,0.00024174544,0.00047472052,0.00059679104,0.9553968,0.00073804136,0.0001170591,0.0038278077,0.02427671,0.009914923,0.0025403693,0.00011105087,0.0017640268,0.9553968
pamap2,gnn_attention_adj,window,1,101,101,102,2420,2420,2420,3,3,4,4,walking,walking,True,0.0008481628,0.0015236938,0.002057594,0.9241729,0.0019152173,0.00023756133,0.0069842567,0.036954235,0.013622433,0.0069871577,0.00038935145,0.0043074824,0.9241729
pamap2,gnn_attention_adj,window,1,101,101,102,2421,2421,2421,3,3,4,4,walking,walking,True,0.00055263314,0.0011596262,0.0012396276,0.9359526,0.0015501303,0.00018350557,0.006914645,0.030629449,0.013771947,0.004506172,0.00025765892,0.0032821079,0.9359526
pamap2,gnn_attention_adj,window,1,101,101,102,2422,2422,2422,3,3,4,4,walking,walking,True,0.0014492228,0.0027810882,0.0035536517,0.9038086,0.0035200096,0.00028100962,0.008813117,0.041096143,0.018501835,0.008116353,0.00065459305,0.007424305,0.9038086
pamap2,gnn_attention_adj,window,1,101,101,102,2423,2423,2423,3,3,4,4,walking,walking,True,0.00070274074,0.0015998065,0.0014700951,0.9302255,0.0024120377,0.00017451312,0.008267003,0.029476766,0.016464889,0.0043005436,0.00031033784,0.0045957766,0.9302255
pamap2,gnn_attention_adj,window,1,101,101,102,2424,2424,2424,3,3,4,4,walking,walking,True,0.014088256,0.023066664,0.023792401,0.7335275,0.022012215,0.0003918249,0.020354245,0.06789598,0.031183941,0.024826733,0.002704742,0.036155485,0.7335275
pamap2,gnn_attention_adj,window,1,101,101,102,2425,2425,2425,3,3,4,4,walking,walking,True,0.0064392164,0.015173489,0.01437287,0.80962366,0.015485396,0.0002170491,0.018650107,0.05116502,0.027875546,0.013497601,0.0016333857,0.025866566,0.80962366
pamap2,gnn_attention_adj,window,1,101,101,102,2426,2426,2426,3,3,4,4,walking,walking,True,0.0006191624,0.0012119503,0.001710531,0.9310517,0.001760477,0.00019688006,0.0064668604,0.033829883,0.013915572,0.00475751,0.0003116707,0.004167812,0.9310517
pamap2,gnn_attention_adj,window,1,101,101,102,2427,2427,2427,3,3,4,4,walking,walking,True,0.00028200756,0.0006880639,0.0008664297,0.9565078,0.0015207706,5.2596966e-05,0.003861548,0.020038702,0.010777407,0.0017121133,0.00011849133,0.00357413,0.9565078
pamap2,gnn_attention_adj,window,1,101,101,102,2428,2428,2428,3,3,4,4,walking,walking,True,0.0005520539,0.0013036857,0.0014190892,0.9379719,0.0018114077,0.0001381098,0.006544016,0.028986126,0.012979055,0.0041946457,0.00028648746,0.0038134393,0.9379719
pamap2,gnn_attention_adj,window,1,101,101,102,2429,2429,2429,3,3,4,4,walking,walking,True,0.002256825,0.005670607,0.0053402064,0.88794124,0.006660915,0.00015588787,0.011996316,0.03940001,0.018775243,0.008759407,0.0008364389,0.012206898,0.88794124
pamap2,gnn_attention_adj,window,1,101,101,102,2430,2430,2430,3,3,4,4,walking,walking,True,0.0034057144,0.006367207,0.006466625,0.8764075,0.00757059,0.00018767129,0.010205254,0.044758487,0.01770957,0.012181309,0.00093121396,0.013808775,0.8764075
pamap2,gnn_attention_adj,window,1,101,101,102,2431,2431,2431,3,3,4,4,walking,walking,True,0.00056383136,0.0011713089,0.0012359296,0.9329388,0.0015672307,0.00019514035,0.0077493996,0.032130495,0.013679064,0.005149603,0.00026043426,0.0033587762,0.9329388
pamap2,gnn_attention_adj,window,1,101,101,102,2432,2432,2432,3,3,4,4,walking,walking,True,0.0008168169,0.0015527188,0.0018824639,0.92333424,0.00202061,0.0002446766,0.008056014,0.035905134,0.014849935,0.0065667047,0.0003784125,0.0043922854,0.92333424
pamap2,gnn_attention_adj,window,1,101,101,102,2433,2433,2433,3,3,4,4,walking,walking,True,0.0004948903,0.00094853697,0.0013592867,0.9380143,0.0012728489,0.00019005997,0.0055700014,0.031908426,0.0124067,0.0045414167,0.00025873628,0.003034845,0.9380143
pamap2,gnn_attention_adj,window,1,101,101,102,2434,2434,2434,3,3,4,4,walking,walking,True,0.00035110666,0.00078072975,0.0008846815,0.94023275,0.0011342848,0.00018415393,0.007375345,0.029009491,0.013900298,0.0033144644,0.00018981921,0.0026427936,0.94023275
pamap2,gnn_attention_adj,window,1,101,101,102,2435,2435,2435,3,3,4,4,walking,walking,True,5.961714e-05,0.00014240328,0.00016634568,0.96960324,0.00022719592,6.1357205e-05,0.0029994198,0.01696819,0.008278805,0.00078996265,3.0082485e-05,0.0006733856,0.96960324
pamap2,gnn_attention_adj,window,1,101,101,102,2436,2436,2436,3,3,4,4,walking,walking,True,3.7326172e-05,8.830181e-05,8.7467626e-05,0.9756891,0.00015853149,4.539375e-05,0.002398801,0.013212162,0.0073131295,0.00050215184,1.6301512e-05,0.0004513083,0.9756891
pamap2,gnn_attention_adj,window,1,101,101,102,2437,2437,2437,3,3,4,4,walking,walking,True,0.0023802097,0.004021109,0.005489348,0.8814671,0.0040956177,0.00041234962,0.010063244,0.050283503,0.019480702,0.012819988,0.0010084613,0.008478344,0.8814671
pamap2,gnn_attention_adj,window,1,101,101,102,2438,2438,2438,3,3,4,4,walking,walking,True,0.0006704222,0.0014245752,0.0015513033,0.93747365,0.0019942706,0.00014739699,0.0056772674,0.028727688,0.013683854,0.004393381,0.00029834016,0.0039578155,0.93747365
pamap2,gnn_attention_adj,window,1,101,101,102,2439,2439,2439,3,3,4,4,walking,walking,True,0.0012703858,0.0022452327,0.0030112131,0.9103506,0.0026590899,0.0002854971,0.0077157957,0.04153905,0.015676795,0.008917562,0.00057959236,0.0057490785,0.9103506
pamap2,gnn_attention_adj,window,1,101,101,102,2440,2440,2440,3,3,4,4,walking,walking,True,0.00035294943,0.000877547,0.0010113536,0.945173,0.0013608751,0.00011304689,0.0064491043,0.02607262,0.0123668965,0.0029749114,0.00019150406,0.0030561925,0.945173
pamap2,gnn_attention_adj,window,1,101,101,102,2441,2441,2441,3,3,4,4,walking,walking,True,0.0012716146,0.0029651255,0.0031998828,0.8996127,0.0037074024,0.00024009467,0.013051582,0.04158133,0.017794445,0.008217901,0.0006486607,0.0077091623,0.8996127
pamap2,gnn_attention_adj,window,1,101,101,102,2442,2442,2442,3,3,4,4,walking,walking,True,0.0018877325,0.0037993381,0.0033313595,0.908421,0.005078324,0.00013037719,0.008123804,0.036975652,0.016473586,0.006585592,0.00051676464,0.008676566,0.908421
pamap2,gnn_attention_adj,window,1,101,101,102,2443,2443,2443,3,3,4,4,walking,walking,True,3.6807895e-05,5.7469515e-05,4.9532184e-05,0.9741034,0.00014832945,4.743454e-05,0.0019598892,0.012603754,0.0102134375,0.00034743256,7.0289097e-06,0.00042560537,0.9741034
pamap2,gnn_attention_adj,window,1,101,101,102,2444,2444,2444,3,3,4,4,walking,walking,True,0.00015251408,0.0002912597,0.0003699466,0.96011364,0.0004446172,0.00011167142,0.0031395014,0.022747431,0.009481012,0.0019674555,6.8781184e-05,0.0011121724,0.96011364
pamap2,gnn_attention_adj,window,1,101,101,102,2445,2445,2445,3,3,4,4,walking,walking,True,0.00031653218,0.0005921478,0.00085561967,0.9400152,0.00077847275,0.00026748292,0.0047475644,0.03228149,0.013872142,0.0041728136,0.0001823315,0.0019181949,0.9400152
pamap2,gnn_attention_adj,window,1,101,101,102,2446,2446,2446,3,3,4,4,walking,walking,True,0.0012179682,0.0023730074,0.0028698226,0.9075179,0.0026752814,0.00030874278,0.009066207,0.042436026,0.016847223,0.008582522,0.0006114728,0.0054938407,0.9075179
pamap2,gnn_attention_adj,window,1,101,101,102,2447,2447,2447,3,3,4,4,walking,walking,True,0.0014322264,0.0025315946,0.0032968672,0.9048152,0.002869852,0.00030134886,0.008742438,0.04372707,0.016567132,0.009037648,0.0006224177,0.00605614,0.9048152
pamap2,gnn_attention_adj,window,1,101,101,102,2448,2448,2448,3,3,4,4,walking,walking,True,0.00782456,0.012020284,0.01440083,0.80511576,0.009940549,0.0004822457,0.015440245,0.06562669,0.02377955,0.025355432,0.0020452524,0.017968625,0.80511576
pamap2,gnn_attention_adj,window,1,101,101,102,2449,2449,2449,3,3,4,4,walking,walking,True,0.005324376,0.009019693,0.0093862945,0.8382976,0.008298834,0.00039990077,0.015004184,0.055847332,0.022720397,0.019731997,0.0015057005,0.014463654,0.8382976
pamap2,gnn_attention_adj,window,1,101,101,102,2450,2450,2450,3,3,4,4,walking,walking,True,0.00012701332,0.00025333557,0.0003653974,0.9643186,0.0003995811,8.4120584e-05,0.0027668835,0.020660138,0.008228395,0.0016412874,6.3629275e-05,0.0010916187,0.9643186
pamap2,gnn_attention_adj,window,1,101,101,102,2451,2451,2451,3,3,4,4,walking,walking,True,0.000105926585,0.00021193814,0.0002475323,0.968543,0.00039313958,6.7187735e-05,0.0024994097,0.01757624,0.008201114,0.0011220379,4.612882e-05,0.0009862349,0.968543
pamap2,gnn_attention_adj,window,1,101,101,102,2452,2452,2452,3,3,4,4,walking,walking,True,0.00016014531,0.00039487766,0.00043649072,0.9563362,0.00062229653,0.00011211046,0.005474301,0.02221416,0.010686664,0.0019161829,9.014327e-05,0.001556527,0.9563362
pamap2,gnn_attention_adj,window,1,101,101,102,2453,2453,2453,3,3,4,4,walking,walking,True,0.00012821222,0.0003286881,0.00031097583,0.96155924,0.00052993395,9.235748e-05,0.0047805123,0.019431148,0.01000843,0.0015310628,6.872484e-05,0.0012307251,0.96155924
pamap2,gnn_attention_adj,window,1,101,101,102,2454,2454,2454,3,3,4,4,walking,walking,True,0.005604427,0.008969841,0.011010988,0.82169616,0.0076124743,0.00069039146,0.013665671,0.06374725,0.024296032,0.026913095,0.0021543882,0.013639286,0.82169616
pamap2,gnn_attention_adj,window,1,101,101,102,2455,2455,2455,3,3,4,4,walking,walking,True,0.002156992,0.004582546,0.0046024956,0.88536,0.004777498,0.00037468108,0.0114165675,0.04329405,0.021088619,0.013114974,0.0009959302,0.008235724,0.88536
pamap2,gnn_attention_adj,window,1,101,101,102,2456,2456,2456,3,3,4,4,walking,walking,True,0.00055834686,0.00108865,0.0015271191,0.91852707,0.001105781,0.00046218847,0.0068109245,0.042156592,0.015934769,0.008849792,0.00038761593,0.0025911182,0.91852707
pamap2,gnn_attention_adj,window,1,101,101,102,2457,2457,2457,3,3,4,4,walking,walking,True,0.00065066275,0.001323063,0.0019599963,0.9291178,0.001846782,0.0002163463,0.0064169895,0.03396962,0.014432176,0.0054465556,0.00036763353,0.0042524277,0.9291178
pamap2,gnn_attention_adj,window,1,101,101,102,2458,2458,2458,3,3,4,4,walking,walking,True,0.0005931543,0.0013225138,0.0016190788,0.93041646,0.0014401223,0.00021047734,0.006981475,0.034929868,0.013237537,0.005762459,0.00035507875,0.0031316697,0.93041646
pamap2,gnn_attention_adj,window,1,101,101,102,2459,2459,2459,3,3,4,4,walking,walking,True,0.00012495612,0.0002846803,0.00032823486,0.964318,0.00043218883,8.209113e-05,0.003220212,0.020122373,0.008409218,0.001567768,6.566063e-05,0.0010444672,0.964318
pamap2,gnn_attention_adj,window,1,101,101,102,2460,2460,2460,3,3,4,4,walking,walking,True,0.0002324467,0.0004968311,0.00059346936,0.94935626,0.00064788363,0.00018128779,0.004767694,0.027446618,0.011375931,0.003241118,0.000135136,0.001525384,0.94935626
pamap2,gnn_attention_adj,window,1,101,101,102,2461,2461,2461,3,3,4,4,walking,walking,True,0.00021814115,0.00050605385,0.00063357595,0.9435336,0.00056237273,0.00023920859,0.0052814214,0.031070119,0.012495349,0.0039285454,0.000158021,0.0013735907,0.9435336
pamap2,gnn_attention_adj,window,1,101,101,102,2462,2462,2462,3,3,4,4,walking,walking,True,0.00019907104,0.00043949665,0.0005622958,0.94921106,0.0005054882,0.00019763717,0.004276067,0.028712539,0.011025163,0.0034935144,0.00013516015,0.001242601,0.94921106
pamap2,gnn_attention_adj,window,1,101,101,102,2463,2463,2463,3,3,4,4,walking,walking,True,0.0006853782,0.0014544709,0.0019559,0.91823316,0.0016045371,0.00033195646,0.0084009655,0.040148787,0.015622716,0.007445108,0.00046082202,0.0036561277,0.91823316
pamap2,gnn_attention_adj,window,1,101,101,102,2464,2464,2464,3,3,4,4,walking,walking,True,0.0008013372,0.0015579888,0.0021085197,0.9145316,0.0018056578,0.0003671773,0.008894034,0.04095497,0.01662596,0.007757518,0.0004754127,0.004119869,0.9145316
pamap2,gnn_attention_adj,window,1,101,101,102,2465,2465,2465,3,3,4,4,walking,walking,True,0.00044284607,0.00084697414,0.0012572141,0.93860596,0.0010175979,0.00022430127,0.0049209134,0.032988317,0.011833416,0.005141704,0.0002686071,0.0024520773,0.93860596
pamap2,gnn_attention_adj,window,1,101,101,102,2466,2466,2466,3,3,4,4,walking,walking,True,0.0002808599,0.00058501854,0.0006676421,0.9506286,0.00079407194,0.0001530051,0.0047202636,0.025960252,0.01142268,0.0028205907,0.00014396878,0.0018231295,0.9506286
pamap2,gnn_attention_adj,window,1,101,101,102,2467,2467,2467,3,3,4,4,walking,walking,True,0.0011526973,0.0020963657,0.002622487,0.9174705,0.0024913163,0.00021617721,0.007391448,0.03871955,0.015173139,0.006939919,0.00045476368,0.0052716406,0.9174705
pamap2,gnn_attention_adj,window,1,101,101,102,2468,2468,2468,3,3,4,4,walking,walking,True,0.00067805086,0.0013415258,0.0014213959,0.93856347,0.0017244007,0.0001421337,0.0053829355,0.029816603,0.012658245,0.004610526,0.00026389418,0.0033967902,0.93856347
pamap2,gnn_attention_adj,window,1,101,101,102,2469,2469,2469,3,3,4,4,walking,walking,True,0.0015462047,0.002971561,0.0035687957,0.9060611,0.003273971,0.00026366735,0.008483081,0.04085725,0.01643717,0.009206775,0.0006799795,0.0066504925,0.9060611
pamap2,gnn_attention_adj,window,1,101,101,102,2470,2470,2470,3,3,4,4,walking,walking,True,0.0004613923,0.0012616836,0.0012336927,0.94293517,0.0019833734,0.00010315604,0.0067106867,0.024214795,0.013818688,0.0030451762,0.00023952131,0.003992673,0.94293517
pamap2,gnn_attention_adj,window,1,101,101,102,2471,2471,2471,3,3,4,4,walking,walking,True,6.489584e-05,0.00015114932,0.0001743756,0.9709706,0.00030297015,5.2108684e-05,0.0027648797,0.015324326,0.008625245,0.00070085406,2.9794848e-05,0.00083884684,0.9709706
pamap2,gnn_attention_adj,window,1,101,101,102,2472,2472,2472,3,3,4,4,walking,walking,True,3.8296446e-05,8.334986e-05,8.8319655e-05,0.97901845,0.0003055253,1.6800364e-05,0.0017445601,0.009760153,0.0078036813,0.00024035216,1.0661622e-05,0.0008897642,0.97901845
pamap2,gnn_attention_adj,window,1,101,101,102,2473,2473,2473,3,3,4,4,walking,walking,True,5.123926e-05,0.00011004826,0.000105054154,0.97572803,0.00026033906,3.7277143e-05,0.0020818475,0.013196665,0.007221872,0.00053697673,1.794882e-05,0.00065277,0.97572803
pamap2,gnn_attention_adj,window,1,101,101,102,2474,2474,2474,3,3,4,4,walking,walking,True,0.0001445808,0.00032595973,0.00033868197,0.9693709,0.00061117887,4.9894792e-05,0.002182568,0.016707666,0.0076610777,0.0012790686,6.2445026e-05,0.0012660818,0.9693709
pamap2,gnn_attention_adj,window,1,101,101,102,2475,2475,2475,3,3,4,4,walking,walking,True,0.00015878023,0.00033790257,0.000394017,0.969067,0.0005711465,4.9330534e-05,0.0020741073,0.017574709,0.0068642525,0.001584584,6.769979e-05,0.0012565354,0.969067
pamap2,gnn_attention_adj,window,1,101,101,102,2476,2476,2476,3,3,4,4,walking,walking,True,0.0010728334,0.001968192,0.002395093,0.9313099,0.0023213152,0.00012524628,0.0048967325,0.03262113,0.01163051,0.0066193985,0.0003684301,0.0046713003,0.9313099
pamap2,gnn_attention_adj,window,1,101,101,102,2477,2477,2477,3,3,4,4,walking,walking,True,0.0011788436,0.0021645487,0.002174627,0.9290128,0.0025777044,0.00014623144,0.0057543106,0.0323636,0.013109729,0.0064639826,0.00037264702,0.0046808925,0.9290128
pamap2,gnn_attention_adj,window,1,101,101,102,2478,2478,2478,3,3,4,4,walking,walking,True,0.0018191546,0.003227462,0.0039518448,0.9055332,0.0036424142,0.00022291829,0.007542491,0.04078805,0.015631199,0.009783158,0.0006485136,0.0072094807,0.9055332
pamap2,gnn_attention_adj,window,1,101,101,102,2479,2479,2479,3,3,4,4,walking,walking,True,0.0010350633,0.002255914,0.002065373,0.92584085,0.0027010832,0.00016224671,0.0076712347,0.032057405,0.01475846,0.0061706887,0.00040107797,0.004880495,0.92584085
pamap2,gnn_attention_adj,window,1,101,101,102,2480,2480,2480,3,3,4,4,walking,walking,True,0.00014688657,0.00030342257,0.00039415606,0.96452653,0.0004765656,8.2638275e-05,0.0026090727,0.020120438,0.008428449,0.0016574495,7.366787e-05,0.0011806176,0.96452653
pamap2,gnn_attention_adj,window,1,101,101,102,2481,2481,2481,3,3,4,4,walking,walking,True,0.00011640032,0.0002396575,0.00025876457,0.9687862,0.00048491624,6.558861e-05,0.002421895,0.016646678,0.008766023,0.0010529514,4.921485e-05,0.0011118065,0.9687862
pamap2,gnn_attention_adj,window,1,101,101,102,2482,2482,2482,3,3,4,4,walking,walking,True,0.008978622,0.0149762975,0.017824149,0.79305387,0.012662852,0.00038488474,0.015178306,0.06452695,0.02521093,0.022793595,0.0022523804,0.022157207,0.79305387
pamap2,gnn_attention_adj,window,1,101,101,102,2483,2483,2483,3,3,4,4,walking,walking,True,0.0027850512,0.006801074,0.006611394,0.88491833,0.006828812,0.00014993864,0.010300554,0.040850647,0.019022545,0.009256148,0.00088171626,0.011593834,0.88491833
pamap2,gnn_attention_adj,window,1,101,101,102,2484,2484,2484,3,3,4,4,walking,walking,True,0.0006356182,0.001312877,0.0015863323,0.938343,0.001582142,0.00016254168,0.0051126163,0.030339763,0.012081423,0.0052017034,0.0003184142,0.003323567,0.938343
pamap2,gnn_attention_adj,window,1,101,101,102,2485,2485,2485,3,3,4,4,walking,walking,True,0.0006449179,0.001273151,0.0016400003,0.9450394,0.0020115233,7.682001e-05,0.003326581,0.026592733,0.011563503,0.0032731977,0.00023075155,0.0043275636,0.9450394
pamap2,gnn_attention_adj,window,1,101,101,102,2486,2486,2486,3,3,4,4,walking,walking,True,0.0001400243,0.00026504393,0.00030428125,0.9680054,0.00045078358,6.6245055e-05,0.0021013394,0.01851845,0.0076020965,0.0014567925,5.5188113e-05,0.0010344466,0.9680054
pamap2,gnn_attention_adj,window,1,101,101,102,2487,2487,2487,3,3,4,4,walking,walking,True,0.00025342382,0.0005490899,0.0005716587,0.96080655,0.0007411835,8.2484745e-05,0.0029261194,0.021603066,0.008218535,0.0026343626,0.00011741773,0.0014960549,0.96080655
pamap2,gnn_attention_adj,window,1,101,101,102,2488,2488,2488,3,3,4,4,walking,walking,True,0.0002740995,0.000558345,0.00062131917,0.96036655,0.00072603417,8.81207e-05,0.0026462632,0.022211889,0.007845436,0.0030513997,0.00012595134,0.0014846676,0.96036655
pamap2,gnn_attention_adj,window,1,101,101,102,2489,2489,2489,3,3,4,4,walking,walking,True,0.0014028251,0.002438535,0.003226084,0.91628444,0.0025911771,0.00021490638,0.005672826,0.03933795,0.013451128,0.009593118,0.00056029053,0.00522665,0.91628444
pamap2,gnn_attention_adj,window,1,101,101,102,2490,2490,2490,3,3,4,4,walking,walking,True,0.0014207528,0.002394643,0.0026740243,0.9181828,0.0026748814,0.00022199826,0.0061185625,0.037728287,0.0144020915,0.008720194,0.00048399364,0.004977849,0.9181828
pamap2,gnn_attention_adj,window,1,101,101,102,2491,2491,2491,3,3,4,4,walking,walking,True,0.0004937664,0.0008990032,0.0011644411,0.9404422,0.0011358301,0.00019087273,0.0048516854,0.031324897,0.011668457,0.0050438456,0.00022985516,0.0025550546,0.9404422
pamap2,gnn_attention_adj,window,1,101,101,102,2492,2492,2492,3,3,4,4,walking,walking,True,0.00034249347,0.00071458024,0.0007081064,0.9470023,0.0009829322,0.00016126588,0.0054585054,0.026816802,0.012210602,0.0033726562,0.00015519072,0.0020744395,0.9470023
pamap2,gnn_attention_adj,window,1,101,101,102,2493,2493,2493,3,3,4,4,walking,walking,True,0.00030772123,0.0006122704,0.00074375246,0.94584495,0.00076069834,0.00018193877,0.0047114524,0.029843193,0.011230692,0.003814426,0.00015998111,0.0017889349,0.94584495
pamap2,gnn_attention_adj,window,1,101,101,102,2494,2494,2494,3,3,4,4,walking,walking,True,0.00018815087,0.0004129332,0.00041422117,0.95725703,0.0006219584,0.000120477554,0.004325576,0.022599902,0.010471824,0.00210858,9.0553505e-05,0.0013887163,0.95725703
pamap2,gnn_attention_adj,window,1,101,101,102,2495,2495,2495,3,3,4,4,walking,walking,True,0.0004083214,0.0008054547,0.0011829,0.9422204,0.0011832407,0.00016927988,0.004968975,0.029679729,0.012692958,0.0036081607,0.0002151402,0.0028653794,0.9422204
pamap2,gnn_attention_adj,window,1,101,101,102,2496,2496,2496,3,3,4,4,walking,walking,True,0.00013398106,0.00028266333,0.00026756286,0.9615276,0.0007074166,8.5045045e-05,0.0041993367,0.017865283,0.01228738,0.0010022041,4.782402e-05,0.0015938262,0.9615276
pamap2,gnn_attention_adj,window,1,101,101,102,2497,2497,2497,3,3,4,4,walking,walking,True,8.196908e-05,0.00019142486,0.00020960002,0.9689558,0.0003095511,6.376256e-05,0.0029635015,0.017373862,0.007947899,0.0010596002,3.942898e-05,0.0008036232,0.9689558
pamap2,gnn_attention_adj,window,1,101,101,102,2498,2498,2498,3,3,4,4,walking,walking,True,3.0370798e-05,7.1518254e-05,7.806091e-05,0.9826477,0.00019043853,1.5969754e-05,0.0014577428,0.009648171,0.0049921833,0.00032412764,1.0840191e-05,0.00053290796,0.9826477
pamap2,gnn_attention_adj,window,1,101,101,102,2499,2499,2499,3,3,4,4,walking,walking,True,5.045866e-05,0.00011549441,0.00010773212,0.97716445,0.00020621529,3.7039135e-05,0.0019133529,0.0134519925,0.005681512,0.0007536348,2.0290508e-05,0.00049769407,0.97716445
pamap2,gnn_attention_adj,window,1,101,101,102,2500,2500,2500,3,3,4,4,walking,walking,True,0.00045968447,0.0010526086,0.0009922048,0.9555577,0.001388395,6.9463626e-05,0.0034399205,0.022034291,0.008559611,0.0036732643,0.00018835158,0.0025844641,0.9555577
pamap2,gnn_attention_adj,window,1,101,101,102,2501,2501,2501,3,3,4,4,walking,walking,True,0.0005384971,0.0011141251,0.0010953157,0.9536123,0.0015280265,7.623566e-05,0.0033553853,0.022900546,0.008524272,0.0041929837,0.00020352945,0.0028588704,0.9536123
pamap2,gnn_attention_adj,window,1,101,101,102,2502,2502,2502,3,3,4,4,walking,walking,True,6.6391745e-05,0.0001410538,0.00016595934,0.9752862,0.00023965313,4.808111e-05,0.0017292694,0.014699034,0.005974844,0.0010132105,3.006848e-05,0.0006062331,0.9752862
pamap2,gnn_attention_adj,window,1,101,101,102,2503,2503,2503,3,3,4,4,walking,walking,True,7.7219825e-05,0.00016061687,0.00015445518,0.9732964,0.0003004564,5.6058896e-05,0.0020181667,0.015040646,0.0072670206,0.00091375026,3.0559837e-05,0.00068463857,0.9732964
pamap2,gnn_attention_adj,window,1,101,101,102,2504,2504,2504,3,3,4,4,walking,walking,True,0.0017492309,0.003391021,0.0034646648,0.91393656,0.003939136,0.00015501384,0.0068958276,0.035929065,0.014434212,0.008393306,0.00056575984,0.0071460768,0.91393656
pamap2,gnn_attention_adj,window,1,101,101,102,2505,2505,2505,3,3,4,4,walking,walking,True,0.001039537,0.0025851817,0.0022065707,0.9323262,0.0032131877,0.00010125904,0.006202238,0.027689377,0.0137422355,0.005047149,0.00038965134,0.005457366,0.9323262
pamap2,gnn_attention_adj,window,1,101,101,102,2506,2506,2506,3,3,4,4,walking,walking,True,0.0006179203,0.001326566,0.0015584839,0.9412178,0.0018064228,0.00012193232,0.004898757,0.028333222,0.011570586,0.0044830735,0.0002894044,0.0037759002,0.9412178
pamap2,gnn_attention_adj,window,1,101,101,102,2507,2507,2507,3,3,4,4,walking,walking,True,0.0002521083,0.00069137325,0.0005924894,0.95773345,0.0012653449,6.993908e-05,0.004837411,0.019300938,0.010784704,0.0019569676,0.00012139255,0.0023939281,0.95773345
pamap2,gnn_attention_adj,window,1,101,101,102,2508,2508,2508,3,3,4,4,walking,walking,True,0.00086035795,0.0019513856,0.00211599,0.92505276,0.0023359382,0.00016150554,0.007973039,0.034499593,0.013419437,0.006372132,0.0004245688,0.004833331,0.92505276
pamap2,gnn_attention_adj,window,1,101,101,102,2509,2509,2509,3,3,4,4,walking,walking,True,0.004763484,0.009943686,0.010008367,0.84796894,0.014210776,9.622023e-05,0.010837276,0.04521598,0.022360817,0.008608757,0.0008688311,0.025116881,0.84796894
pamap2,gnn_attention_adj,window,1,101,101,102,2510,2510,2510,3,3,4,4,walking,walking,True,0.006007755,0.012577331,0.009802674,0.84375244,0.012729745,0.00016433212,0.012997248,0.047181267,0.021090865,0.013461746,0.0012501698,0.018984433,0.84375244
pamap2,gnn_attention_adj,window,1,101,101,102,2511,2511,2511,3,3,4,4,walking,walking,True,0.00077960885,0.001715173,0.0015942684,0.9426546,0.0019530645,9.988056e-05,0.0044393395,0.027160544,0.010515946,0.005369504,0.00029912704,0.003418791,0.9426546
pamap2,gnn_attention_adj,window,1,101,101,102,2512,2512,2512,3,3,4,4,walking,walking,True,0.0010249079,0.0018921304,0.0019152288,0.93720335,0.0022496912,0.00011274886,0.0044940193,0.029435683,0.010595439,0.006666247,0.00032657527,0.004084194,0.93720335
pamap2,gnn_attention_adj,window,1,101,101,102,2513,2513,2513,3,3,4,4,walking,walking,True,0.0004710577,0.0009210688,0.0011232011,0.94638115,0.0012238296,0.00011938531,0.004677194,0.02780486,0.010060315,0.004312967,0.00020341076,0.002701552,0.94638115
pamap2,gnn_attention_adj,window,1,101,101,102,2514,2514,2514,3,3,4,4,walking,walking,True,0.00042945248,0.0009269165,0.0009459978,0.9483206,0.001246258,0.00011681384,0.004908914,0.025864374,0.01094887,0.0035650665,0.0001927298,0.002533952,0.9483206
pamap2,gnn_attention_adj,window,1,101,101,102,2515,2515,2515,3,3,4,4,walking,walking,True,0.01229769,0.018161856,0.021999773,0.7672102,0.015392851,0.0003662557,0.0145090595,0.06924021,0.026673347,0.02559844,0.002324091,0.02622624,0.7672102
pamap2,gnn_attention_adj,window,1,101,101,102,2516,2516,2516,3,3,4,4,walking,walking,True,0.007928526,0.014773124,0.014582124,0.79874045,0.014058247,0.00033291164,0.018636242,0.058913022,0.027876282,0.018911874,0.0018569996,0.023390248,0.79874045
pamap2,gnn_attention_adj,window,1,101,101,102,2517,2517,2517,3,3,4,4,walking,walking,True,0.00023642047,0.00052490656,0.00067091646,0.94706786,0.0007261885,0.00017133537,0.0055669006,0.028239155,0.0117575135,0.003063117,0.00014154262,0.0018341737,0.94706786
pamap2,gnn_attention_adj,window,1,101,101,102,2518,2518,2518,3,3,4,4,walking,walking,True,5.501357e-05,0.00016448219,0.00013741862,0.97107005,0.00029636995,5.077207e-05,0.0039775004,0.014567154,0.008154381,0.00077782595,2.9420256e-05,0.000719602,0.97107005
pamap2,gnn_attention_adj,window,1,101,101,102,2519,2519,2519,3,3,4,4,walking,walking,True,0.00044580552,0.0009953283,0.0010393321,0.9400259,0.0012565057,0.00014904301,0.0073964824,0.029744552,0.011231538,0.004677641,0.00022792959,0.0028098105,0.9400259
pamap2,gnn_attention_adj,window,1,101,101,102,2520,2520,2520,3,3,4,4,walking,walking,True,0.00022119333,0.0005455767,0.000683222,0.96390057,0.0010143366,4.1620926e-05,0.0029947225,0.018263388,0.008166253,0.0017017466,9.7843746e-05,0.0023696113,0.96390057
pamap2,gnn_attention_adj,window,1,101,101,102,2521,2521,2521,3,3,4,4,walking,walking,True,7.172636e-05,0.00017245472,0.00019068911,0.97407573,0.00028338717,4.2789678e-05,0.002113928,0.015278337,0.006048736,0.0009885224,3.620343e-05,0.00069740403,0.97407573
pamap2,gnn_attention_adj,window,1,101,101,102,2522,2522,2522,3,3,4,4,walking,walking,True,3.6183115e-05,7.611446e-05,7.188423e-05,0.9803658,0.00016565388,3.0560732e-05,0.0013119369,0.01125016,0.00584646,0.00042661847,1.3085412e-05,0.00040552183,0.9803658
pamap2,gnn_attention_adj,window,1,101,101,102,2523,2523,2523,3,3,4,4,walking,walking,True,4.2948992e-05,8.986296e-05,9.463545e-05,0.9782974,0.00015409518,3.9313552e-05,0.0014371033,0.013215495,0.0055390955,0.0006782658,1.774314e-05,0.0003939291,0.9782974
pamap2,gnn_attention_adj,window,1,101,101,102,2524,2524,2524,3,3,4,4,walking,walking,True,0.00017774262,0.00035300743,0.00042521133,0.95658463,0.0004906504,0.00011392052,0.003991242,0.024902187,0.009062688,0.0025725334,8.079098e-05,0.0012454003,0.95658463
pamap2,gnn_attention_adj,window,1,101,101,102,2525,2525,2525,3,3,4,4,walking,walking,True,0.00021006103,0.00037711626,0.00040689367,0.95988053,0.0006266607,0.000102094775,0.0032905359,0.021877635,0.009673393,0.0020481423,7.537436e-05,0.0014316129,0.95988053
pamap2,gnn_attention_adj,window,1,101,101,102,2526,2526,2526,3,3,4,4,walking,walking,True,0.0019215076,0.0032960535,0.0039190156,0.8972446,0.004281084,0.00029090108,0.009193661,0.041663993,0.019652773,0.00932883,0.00066380465,0.008543705,0.8972446
pamap2,gnn_attention_adj,window,1,101,101,102,2527,2527,2527,3,3,4,4,walking,walking,True,0.0011939332,0.0022214707,0.002007856,0.9210305,0.0033946016,0.00019446347,0.0078100003,0.03206262,0.018240057,0.005462317,0.0003656965,0.006016309,0.9210305
pamap2,gnn_attention_adj,window,1,101,101,102,2528,2528,2528,3,3,4,4,walking,walking,True,0.0008023209,0.001766753,0.0017874468,0.922783,0.0026341318,0.00019454386,0.010200459,0.032346707,0.015488298,0.006200591,0.00036342422,0.0054323506,0.922783
pamap2,gnn_attention_adj,window,1,101,101,102,2529,2529,2529,3,3,4,4,walking,walking,True,0.00020684591,0.00067800115,0.00056524936,0.9558655,0.0013045851,7.156726e-05,0.006708599,0.018304612,0.011687208,0.0019077524,0.00011639977,0.00258367,0.9558655
pamap2,gnn_attention_adj,window,1,101,101,102,2530,2530,2530,3,3,4,4,walking,walking,True,0.005354573,0.009546478,0.01094758,0.8334301,0.009955071,0.00032774484,0.014359343,0.054414548,0.024185695,0.01748933,0.001481161,0.018508378,0.8334301
pamap2,gnn_attention_adj,window,1,101,101,102,2531,2531,2531,3,3,4,4,walking,walking,True,0.0032212287,0.0059781917,0.0067976536,0.8755507,0.009447235,0.00011460418,0.008723622,0.042221267,0.021332633,0.007717229,0.00067967956,0.018216046,0.8755507
pamap2,gnn_attention_adj,window,1,101,101,102,2532,2532,2532,3,3,4,4,walking,walking,True,0.00098611,0.002149438,0.001992276,0.93341696,0.002552635,0.000121061596,0.005676384,0.02970711,0.012417242,0.006079249,0.00037235845,0.0045291586,0.93341696
pamap2,gnn_attention_adj,window,1,101,101,102,2533,2533,2533,3,3,4,4,walking,walking,True,0.00016416429,0.00037927716,0.00043969366,0.9678798,0.0006298345,5.625277e-05,0.0022833955,0.017667908,0.0073646447,0.0016987822,7.965298e-05,0.0013566418,0.9678798
pamap2,gnn_attention_adj,window,1,101,101,102,2534,2534,2534,3,3,4,4,walking,walking,True,0.00018005402,0.0003909929,0.0004659871,0.96748203,0.00063357915,5.8221533e-05,0.0021208033,0.018241676,0.0070478134,0.0019378049,8.330025e-05,0.0013578242,0.96748203
pamap2,gnn_attention_adj,window,1,101,101,102,2535,2535,2535,3,3,4,4,walking,walking,True,0.0023877842,0.00437616,0.0055644275,0.898631,0.004680622,0.00016597426,0.006455397,0.04231352,0.01488783,0.010706237,0.0007640359,0.009067022,0.898631
pamap2,gnn_attention_adj,window,1,101,101,102,2536,2536,2536,3,3,4,4,walking,walking,True,0.0024605913,0.004393636,0.004723642,0.9013204,0.004867627,0.00016577184,0.00728466,0.040105235,0.015330981,0.009823466,0.0006797961,0.008844142,0.9013204
pamap2,gnn_attention_adj,window,1,101,101,102,2537,2537,2537,3,3,4,4,walking,walking,True,0.00048315027,0.0009937331,0.0011264401,0.946257,0.0012089503,0.00012477435,0.00514763,0.027385913,0.010160281,0.004274374,0.0002224842,0.0026153277,0.946257
pamap2,gnn_attention_adj,window,1,101,101,102,2538,2538,2538,3,3,4,4,walking,walking,True,0.00032432584,0.0008519811,0.000749149,0.95052886,0.0010775283,0.000105541854,0.006345799,0.023515759,0.0112530645,0.0028596297,0.0001691375,0.0022193016,0.95052886
pamap2,gnn_attention_adj,window,1,101,101,102,2539,2539,2539,3,3,4,4,walking,walking,True,4.6809677e-05,0.00011020872,0.00011686655,0.97386575,0.00016636513,4.6496058e-05,0.0023521588,0.015357264,0.006777917,0.00065868185,2.1519549e-05,0.00047995913,0.97386575
pamap2,gnn_attention_adj,window,1,101,101,102,2540,2540,2540,3,3,4,4,walking,walking,True,2.7380282e-05,7.1008144e-05,6.496114e-05,0.97894853,0.00013226122,3.194279e-05,0.002085784,0.011362695,0.0065239803,0.000366676,1.2122959e-05,0.0003725759,0.97894853
pamap2,gnn_attention_adj,window,1,101,101,102,2541,2541,2541,3,3,4,4,walking,walking,True,6.504095e-05,0.00015203642,0.00017068388,0.9701598,0.00024704487,5.690008e-05,0.0028474361,0.016861204,0.00789421,0.0008218137,3.076865e-05,0.0006930117,0.9701598
pamap2,gnn_attention_adj,window,1,101,101,102,2542,2542,2542,3,3,4,4,walking,walking,True,2.7388036e-05,6.616281e-05,5.9629925e-05,0.9793284,0.00015868439,2.7781763e-05,0.0019982175,0.010634711,0.0069484925,0.00030538486,1.0148245e-05,0.0004349564,0.9793284
pamap2,gnn_attention_adj,window,1,101,101,102,2543,2543,2543,3,3,4,4,walking,walking,True,4.348274e-05,0.000109970584,0.00011150397,0.97432727,0.00017718409,5.0036062e-05,0.0021870115,0.0147871915,0.007022308,0.00069957017,2.2738903e-05,0.00046171187,0.97432727
pamap2,gnn_attention_adj,window,1,101,101,102,2544,2544,2544,3,3,4,4,walking,walking,True,0.00016410401,0.00032507323,0.000411298,0.96777356,0.0007548022,4.3304175e-05,0.0020445515,0.017082682,0.008470973,0.0011220012,5.8341026e-05,0.0017491814,0.96777356
pamap2,gnn_attention_adj,window,1,101,101,102,2545,2545,2545,3,3,4,4,walking,walking,True,0.00022706206,0.00042787183,0.00048288025,0.9633771,0.0007906553,7.129646e-05,0.002284208,0.019855456,0.008959529,0.0017941665,8.448557e-05,0.001645306,0.9633771
pamap2,gnn_attention_adj,window,1,101,101,102,2546,2546,2546,3,3,4,4,walking,walking,True,3.658675e-05,7.749197e-05,7.891508e-05,0.97978103,0.00017722127,3.1272226e-05,0.0013812002,0.011457094,0.006062592,0.0004492239,1.328716e-05,0.00045416414,0.97978103
pamap2,gnn_attention_adj,window,1,101,101,102,2547,2547,2547,3,3,4,4,walking,walking,True,3.6922243e-05,7.826329e-05,8.8779634e-05,0.98112327,0.00016766919,2.6508913e-05,0.0012004424,0.011108691,0.005215802,0.0004922872,1.4124421e-05,0.00044721403,0.98112327
pamap2,gnn_attention_adj,window,1,101,101,102,2548,2548,2548,3,3,4,4,walking,walking,True,0.00046345344,0.0009722775,0.0013292411,0.9452021,0.0014455054,0.00012010096,0.0043989397,0.027389893,0.011506312,0.003646604,0.00022648952,0.0032990805,0.9452021
pamap2,gnn_attention_adj,window,1,101,101,102,2549,2549,2549,3,3,4,4,walking,walking,True,0.000363656,0.00079201977,0.0009750469,0.94864714,0.001298848,0.00011372393,0.0049351323,0.025144828,0.011697886,0.0029396154,0.000174284,0.0029178727,0.94864714
pamap2,gnn_attention_adj,window,1,101,101,102,2550,2550,2550,3,3,4,4,walking,walking,True,3.9911818e-05,8.8716704e-05,9.674947e-05,0.9756782,0.00017279197,4.2369058e-05,0.0020976884,0.013571074,0.0071520805,0.00054739276,1.6364555e-05,0.0004967142,0.9756782
pamap2,gnn_attention_adj,window,1,101,101,102,2551,2551,2551,3,3,4,4,walking,walking,True,4.0654504e-05,9.317817e-05,8.877593e-05,0.97283393,0.00018277585,5.1310522e-05,0.0027652658,0.014265346,0.008632329,0.00051485834,1.6124046e-05,0.000515442,0.97283393
pamap2,gnn_attention_adj,window,1,101,101,102,2552,2552,2552,3,3,4,4,walking,walking,True,0.001071669,0.002241825,0.0025451947,0.91484725,0.0023744893,0.00027140146,0.008034139,0.03918615,0.016189737,0.008022176,0.0005516203,0.0046643014,0.91484725
pamap2,gnn_attention_adj,window,1,101,101,102,2553,2553,2553,3,3,4,4,walking,walking,True,0.0009898195,0.0022756136,0.0023386893,0.9104104,0.002498529,0.0003030282,0.010084909,0.039589643,0.018038353,0.008082821,0.0005626595,0.004825435,0.9104104
pamap2,gnn_attention_adj,window,1,101,101,102,2554,2554,2554,3,3,4,4,walking,walking,True,0.00025504307,0.00057803123,0.0006734239,0.9425758,0.00087675545,0.00018478793,0.006489457,0.028891966,0.0145525895,0.0026720145,0.00014265938,0.0021074335,0.9425758
pamap2,gnn_attention_adj,window,1,101,101,102,2555,2555,2555,3,3,4,4,walking,walking,True,0.00019354484,0.00040592585,0.0004663157,0.95380074,0.0007411716,0.00012458356,0.004598676,0.023526704,0.012514359,0.001758285,9.046746e-05,0.0017791046,0.95380074
pamap2,gnn_attention_adj,window,1,101,101,102,2556,2556,2556,3,3,4,4,walking,walking,True,0.00028385976,0.0005928316,0.0007352675,0.9511975,0.0009467055,0.00013136654,0.004640541,0.025244277,0.011199939,0.0026552784,0.00014402154,0.002228367,0.9511975
pamap2,gnn_attention_adj,window,1,101,101,102,2557,2557,2557,3,3,4,4,walking,walking,True,0.00014656194,0.00040722682,0.00035312603,0.95532084,0.0008943607,8.489185e-05,0.006688925,0.019442964,0.013356141,0.0012211346,7.147302e-05,0.0020123853,0.95532084
pamap2,gnn_attention_adj,window,1,101,101,102,2558,2558,2558,3,3,4,4,walking,walking,True,8.417896e-05,0.00020868477,0.00021710484,0.96056944,0.00043250754,8.463215e-05,0.0048164376,0.018627465,0.0129077295,0.00084257143,3.8838203e-05,0.0011703185,0.96056944
pamap2,gnn_attention_adj,window,1,101,101,102,2559,2559,2559,3,3,4,4,walking,walking,True,5.513317e-05,0.00013386396,0.0001429912,0.97079974,0.00030744274,5.1419916e-05,0.0029882495,0.014501199,0.009583657,0.00058550114,2.4137706e-05,0.000826614,0.97079974
pamap2,gnn_attention_adj,window,1,101,101,102,2560,2560,2560,3,3,4,4,walking,walking,True,0.0007384205,0.0015202737,0.0017654287,0.92385226,0.0023967712,0.00019943144,0.008163307,0.03379161,0.017638473,0.0045406017,0.00032463606,0.0050687054,0.92385226
pamap2,gnn_attention_adj,window,1,101,101,102,2561,2561,2561,3,3,4,4,walking,walking,True,9.329441e-05,0.00027829624,0.00028523404,0.9636281,0.000470704,7.162291e-05,0.005003837,0.018225744,0.009452778,0.0012378948,5.802872e-05,0.0011945214,0.9636281
pamap2,gnn_attention_adj,window,1,101,101,102,2562,2562,2562,3,3,4,4,walking,walking,True,4.0241328e-05,8.650267e-05,5.819096e-05,0.9602673,0.0001837684,3.3375112e-05,0.0033869783,0.026145512,0.009006078,0.00033744992,7.3584647e-06,0.00044720116,0.9602673
pamap2,gnn_attention_adj,window,1,101,101,102,2563,2563,2563,3,3,4,4,walking,walking,True,7.363578e-05,0.00014014814,0.00012518847,0.9721816,0.00031273565,5.440208e-05,0.0020727543,0.015246439,0.008354522,0.00071034435,2.3701255e-05,0.0007044835,0.9721816
pamap2,gnn_attention_adj,window,1,101,101,102,2564,2564,2564,3,3,4,4,walking,walking,True,0.00011925247,0.0002134798,0.00022362059,0.9628155,0.0003850769,0.000111033696,0.002876904,0.02057544,0.0102652665,0.0014580116,4.4696484e-05,0.00091179746,0.9628155
pamap2,gnn_attention_adj,window,1,101,101,102,2565,2565,2565,3,3,4,4,walking,walking,True,0.0001338267,0.00027317784,0.00029722083,0.9646001,0.000369843,9.702296e-05,0.0024327466,0.021012167,0.007828972,0.0020579633,6.517256e-05,0.00083199167,0.9646001
pamap2,gnn_attention_adj,window,1,101,101,102,2566,2566,2566,3,3,4,4,walking,walking,True,0.00018981709,0.00036377218,0.0004366324,0.9594451,0.0004620084,0.00013080271,0.0026563518,0.023564393,0.008675882,0.0029220707,9.732519e-05,0.0010558653,0.9594451
pamap2,gnn_attention_adj,window,1,101,101,102,2567,2567,2567,3,3,4,4,walking,walking,True,0.00041028298,0.00086576643,0.001048191,0.94326854,0.0010771092,0.00017310028,0.0053097885,0.029373888,0.011064903,0.0047655273,0.00022915707,0.0024137404,0.94326854
pamap2,gnn_attention_adj,window,1,101,101,102,2568,2568,2568,3,3,4,4,walking,walking,True,0.00046995445,0.0009263109,0.0011556546,0.9427012,0.0011513325,0.00017253877,0.0046019536,0.03019147,0.010691203,0.0051787514,0.0002464737,0.0025131805,0.9427012
pamap2,gnn_attention_adj,window,1,101,101,102,2569,2569,2569,3,3,4,4,walking,walking,True,0.008532599,0.013772071,0.015683258,0.80062306,0.012350681,0.00039400678,0.014435134,0.06316389,0.024747595,0.022874774,0.0021120931,0.021310858,0.80062306
pamap2,gnn_attention_adj,window,1,101,101,102,2570,2570,2570,3,3,4,4,walking,walking,True,0.009503096,0.015609376,0.016854169,0.7804262,0.01475696,0.00044661204,0.01788712,0.06508545,0.027969934,0.023824172,0.0023376038,0.025299307,0.7804262
pamap2,gnn_attention_adj,window,1,101,101,102,2571,2571,2571,3,3,4,4,walking,walking,True,0.002209016,0.004030999,0.00519487,0.88329375,0.0049144486,0.00033973236,0.01042134,0.04683931,0.019832026,0.01179853,0.00096197467,0.010164036,0.88329375
pamap2,gnn_attention_adj,window,1,101,101,102,2572,2572,2572,3,3,4,4,walking,walking,True,0.0021858064,0.00391083,0.0045536594,0.88915014,0.0046503237,0.00033211647,0.009841268,0.04467746,0.019195594,0.011662556,0.0008689883,0.008971166,0.88915014
pamap2,gnn_attention_adj,window,1,101,101,102,2573,2573,2573,3,3,4,4,walking,walking,True,6.975855e-05,0.00013005856,0.00014354919,0.96430457,0.0001915365,0.00012300024,0.0028474343,0.019664636,0.010806741,0.0011521656,2.8408609e-05,0.000538204,0.96430457
pamap2,gnn_attention_adj,window,1,101,101,102,2574,2574,2574,3,3,4,4,walking,walking,True,6.757845e-05,0.00012637375,0.00011676989,0.9561625,0.00020397003,0.00018909425,0.0041006412,0.021207476,0.016069233,0.0011700555,2.5999705e-05,0.00056039606,0.9561625
pamap2,gnn_attention_adj,window,1,101,101,102,2575,2575,2575,3,3,4,4,walking,walking,True,0.00038983347,0.0008802502,0.0011601155,0.9135795,0.0008879929,0.00061863323,0.0078976825,0.043657053,0.020119932,0.008351214,0.00033834483,0.0021192918,0.9135795
pamap2,gnn_attention_adj,window,1,101,101,102,2576,2576,2576,3,3,4,4,walking,walking,True,0.00021839177,0.00055196683,0.0005812738,0.93555987,0.0006724266,0.00034807334,0.007672113,0.030979369,0.018149715,0.0035513756,0.0001588175,0.0015566009,0.93555987
pamap2,gnn_attention_adj,window,1,101,101,102,2577,2577,2577,3,3,4,4,walking,walking,True,0.00020070764,0.0004335376,0.00058914855,0.9428319,0.0005453771,0.0002456885,0.0054556876,0.031370386,0.01337831,0.0033674834,0.00013314447,0.0014486702,0.9428319
pamap2,gnn_attention_adj,window,1,101,101,102,2578,2578,2578,3,3,4,4,walking,walking,True,4.470851e-05,0.000119726974,0.00010018028,0.9676943,0.00022778398,7.0507005e-05,0.004310531,0.015541878,0.010633538,0.000636914,2.0193007e-05,0.0005997063,0.9676943
pamap2,gnn_attention_adj,window,1,101,101,102,2579,2579,2579,3,3,4,4,walking,walking,True,0.0016510068,0.003489895,0.0040909345,0.889813,0.0039787986,0.00035478495,0.011986093,0.045377992,0.020350495,0.009825408,0.0008751546,0.008206403,0.889813
pamap2,gnn_attention_adj,window,1,101,101,102,2580,2580,2580,3,3,4,4,walking,walking,True,0.002084839,0.0038925004,0.005124802,0.8931623,0.005393271,0.0001769271,0.008238993,0.042638313,0.019688442,0.007537761,0.00068124395,0.011380566,0.8931623
pamap2,gnn_attention_adj,window,1,101,101,102,2581,2581,2581,3,3,4,4,walking,walking,True,5.061684e-05,0.000110164765,0.00011652886,0.9730281,0.00020847464,4.8777834e-05,0.0024079704,0.015049729,0.0077475053,0.0006285017,2.0185878e-05,0.00058330817,0.9730281
pamap2,gnn_attention_adj,window,1,101,101,102,2582,2582,2582,3,3,4,4,walking,walking,True,0.001509933,0.0029558826,0.0033361837,0.9188946,0.0036878055,0.000114554525,0.00648783,0.03477989,0.013725362,0.0068147583,0.00044982656,0.0072435257,0.9188946
pamap2,gnn_attention_adj,window,1,101,101,102,2583,2583,2583,3,3,4,4,walking,walking,True,0.0017668394,0.002940339,0.0030974315,0.9195342,0.003857318,0.00011538667,0.005331787,0.035426155,0.012215779,0.008221835,0.00043262728,0.0070603006,0.9195342
pamap2,gnn_attention_adj,window,1,101,101,102,2584,2584,2584,3,3,4,4,walking,walking,True,0.0008171605,0.001654103,0.0017051816,0.93527,0.0021655725,0.00014289454,0.0058958675,0.029729359,0.011494279,0.0065477253,0.00033680542,0.004241061,0.93527
pamap2,gnn_attention_adj,window,1,101,101,102,2585,2585,2585,3,3,4,4,walking,walking,True,0.0010058972,0.0018517855,0.0019447103,0.93433017,0.0025502394,0.00013258161,0.005126503,0.029624177,0.011650737,0.006534228,0.00034826092,0.004900615,0.93433017
pamap2,gnn_attention_adj,window,1,101,101,102,2586,2586,2586,3,3,4,4,walking,walking,True,0.0022704133,0.003796978,0.004864734,0.9078562,0.004544843,0.00012457513,0.0054253447,0.038246803,0.015368856,0.008003379,0.0005322913,0.008965523,0.9078562
pamap2,gnn_attention_adj,window,1,101,101,102,2587,2587,2587,3,3,4,4,walking,walking,True,0.0014190902,0.002832112,0.0028060537,0.92053264,0.004345519,0.000119191,0.006255402,0.031560846,0.016646992,0.0051987628,0.00041390973,0.007869375,0.92053264
pamap2,gnn_attention_adj,window,1,101,101,102,2588,2588,2588,3,3,4,4,walking,walking,True,0.00023911797,0.0005545851,0.0006226381,0.9545251,0.001307385,7.814782e-05,0.0052224854,0.020343285,0.012341909,0.0016438552,9.9116696e-05,0.0030224593,0.9545251
pamap2,gnn_attention_adj,window,1,101,101,102,2589,2589,2589,3,3,4,4,walking,walking,True,0.00013601102,0.000345314,0.00028171283,0.96522087,0.001074865,4.2897635e-05,0.004137837,0.014390707,0.011328148,0.0007774436,4.568433e-05,0.0022184183,0.96522087
pamap2,gnn_attention_adj,window,1,101,101,102,2590,2590,2590,3,3,4,4,walking,walking,True,0.00024902864,0.0005917728,0.00063501816,0.957497,0.0012943565,6.1478466e-05,0.0041782437,0.019764418,0.0111882435,0.0016172536,0.0001021685,0.0028210087,0.957497
pamap2,gnn_attention_adj,window,1,101,101,102,2591,2591,2591,3,3,4,4,walking,walking,True,0.00012550995,0.00031164158,0.00024353327,0.96582586,0.0010592241,4.0092975e-05,0.003910705,0.014102605,0.011580011,0.00067781744,3.8454327e-05,0.0020844843,0.96582586
pamap2,gnn_attention_adj,window,1,101,101,102,2592,2592,2592,3,3,4,4,walking,walking,True,0.01422964,0.024850287,0.015732817,0.75559723,0.033640835,0.00011340423,0.016892677,0.050368078,0.02831135,0.013834792,0.0012108489,0.045218054,0.75559723
pamap2,gnn_attention_adj,window,1,101,101,102,2593,2593,2593,3,3,4,4,walking,walking,True,0.008146671,0.014376746,0.009863711,0.82774997,0.02380256,6.058351e-05,0.009017997,0.04217921,0.022273956,0.00866234,0.00067441235,0.033191912,0.82774997
pamap2,gnn_attention_adj,window,1,101,101,102,2594,2594,2594,3,3,4,4,walking,walking,True,2.5135743e-05,4.957285e-05,4.856796e-05,0.9851597,0.0001296531,1.47385545e-05,0.00090661045,0.008973128,0.004031636,0.0003185045,6.845193e-06,0.00033591248,0.9851597
pamap2,gnn_attention_adj,window,1,101,101,102,2595,2595,2595,3,3,4,4,walking,walking,True,5.7709196e-05,0.00012320315,0.0001369861,0.9773761,0.00023630596,3.3370008e-05,0.0017316584,0.013415636,0.0054835766,0.0007762316,2.2175645e-05,0.0006069919,0.9773761
pamap2,gnn_attention_adj,window,1,101,101,102,2596,2596,2596,3,3,4,4,walking,walking,True,6.986834e-05,0.00015252648,0.00013635874,0.97375023,0.00032628104,4.41714e-05,0.0023551264,0.01412888,0.0075522936,0.0007042849,2.4941663e-05,0.00075498095,0.97375023
pamap2,gnn_attention_adj,window,1,101,101,102,2597,2597,2597,3,3,4,4,walking,walking,True,0.0006040095,0.0012669936,0.0013415803,0.94492984,0.0016962382,0.000105564926,0.0044804704,0.026764685,0.011082113,0.004127266,0.0002454264,0.0033558432,0.94492984
pamap2,gnn_attention_adj,window,1,101,101,102,2598,2598,2598,3,3,4,4,walking,walking,True,0.00022638252,0.0006538748,0.0005813821,0.9610867,0.0011957946,5.5762423e-05,0.0041390182,0.01774089,0.010169974,0.001718594,0.00011071274,0.0023209474,0.9610867
pamap2,gnn_attention_adj,window,1,101,101,102,2599,2599,2599,3,3,4,4,walking,walking,True,0.00076990837,0.0017230508,0.0019449735,0.93370664,0.0024723532,0.00013182462,0.0062351697,0.02926454,0.013327231,0.004943167,0.00035309198,0.0051281457,0.93370664
pamap2,gnn_attention_adj,window,1,101,101,102,2600,2600,2600,3,3,4,4,walking,walking,True,0.00039656248,0.0010940047,0.0010486433,0.95469815,0.002440701,3.257484e-05,0.0039143497,0.018532332,0.011201364,0.0016017585,0.00013062995,0.0049089477,0.95469815
pamap2,gnn_attention_adj,window,1,101,101,102,2601,2601,2601,3,3,4,4,walking,walking,True,0.00095640856,0.0022361893,0.0018383886,0.93339723,0.0030989738,9.155444e-05,0.0069967117,0.027612166,0.0129698105,0.0049822023,0.0003207768,0.005499562,0.93339723
pamap2,gnn_attention_adj,window,1,101,101,102,2602,2602,2602,3,3,4,4,walking,walking,True,0.0012453647,0.0029740825,0.0023504188,0.9260243,0.00430522,8.073446e-05,0.008166823,0.028149754,0.0129852425,0.005839351,0.0003598139,0.007518902,0.9260243
pamap2,gnn_attention_adj,window,1,101,101,102,2603,2603,2603,3,3,4,4,walking,walking,True,0.001766086,0.0034249367,0.0028586988,0.92073613,0.004993158,8.9211615e-05,0.0068266382,0.03063053,0.012439763,0.0073273364,0.0004079012,0.008499664,0.92073613
pamap2,gnn_attention_adj,window,1,101,101,102,2604,2604,2604,3,3,4,4,walking,walking,True,3.9522743e-05,8.626324e-05,9.48968e-05,0.9797641,0.00017149768,2.750347e-05,0.0016374703,0.01200957,0.005115124,0.0005671826,1.4744337e-05,0.00047223456,0.9797641
pamap2,gnn_attention_adj,window,1,101,101,102,2605,2605,2605,3,3,4,4,walking,walking,True,3.80658e-05,9.148647e-05,8.121355e-05,0.9771088,0.0001892932,3.337259e-05,0.0024314448,0.01245143,0.0065630483,0.00049887487,1.4042179e-05,0.00049889105,0.9771088
pamap2,gnn_attention_adj,window,1,101,101,102,2606,2606,2606,3,3,4,4,walking,walking,True,0.00023879994,0.0004958711,0.00059925095,0.95564306,0.00072112714,0.00010713804,0.003989457,0.024155822,0.009732144,0.0024865447,0.000112694855,0.0017181693,0.95564306
pamap2,gnn_attention_adj,window,1,101,101,102,2607,2607,2607,3,3,4,4,walking,walking,True,0.00014885307,0.000348031,0.00031087946,0.9613997,0.00075083855,7.973202e-05,0.0043234564,0.018435262,0.011369648,0.001183012,6.140377e-05,0.001589319,0.9613997
pamap2,gnn_attention_adj,window,1,101,101,102,2608,2608,2608,3,3,4,4,walking,walking,True,0.00046971778,0.0010410257,0.0011990033,0.9383692,0.0014510057,0.00015728203,0.006672901,0.030161545,0.013006639,0.004023687,0.00023931266,0.0032087052,0.9383692
pamap2,gnn_attention_adj,window,1,101,101,102,2609,2609,2609,3,3,4,4,walking,walking,True,0.00016994058,0.00046522883,0.0004970876,0.961825,0.0007555771,7.083197e-05,0.004065535,0.019361809,0.009258217,0.001778472,9.851168e-05,0.0016538826,0.961825
pamap2,gnn_attention_adj,window,1,101,101,102,2610,2610,2610,3,3,4,4,walking,walking,True,6.8932204e-05,0.00016364508,0.00016834869,0.9702838,0.00027233775,6.0942843e-05,0.002687344,0.016677143,0.007988757,0.00091014087,3.3341545e-05,0.00068520446,0.9702838
pamap2,gnn_attention_adj,window,1,101,101,102,2611,2611,2611,3,3,4,4,walking,walking,True,0.00029301524,0.00065955345,0.00074301916,0.95675755,0.0012615753,6.272899e-05,0.003622343,0.02149313,0.010341074,0.001908981,0.00012019553,0.0027369661,0.95675755
pamap2,gnn_attention_adj,window,1,101,101,102,2612,2612,2612,3,3,4,4,walking,walking,True,0.00042677225,0.0009433286,0.0009999652,0.94870895,0.0013118647,0.000107695196,0.0043976638,0.025876248,0.010899836,0.00349012,0.00019766831,0.0026400026,0.94870895
pamap2,gnn_attention_adj,window,1,101,101,102,2613,2613,2613,3,3,4,4,walking,walking,True,0.0003291566,0.0007612108,0.00083571515,0.9518194,0.0010750585,0.00010679244,0.0044738115,0.024540756,0.0105856545,0.0030396078,0.0001681323,0.0022648086,0.9518194
pamap2,gnn_attention_adj,window,1,101,101,102,2614,2614,2614,3,3,4,4,walking,walking,True,0.0002629745,0.0005860563,0.0005976813,0.9555531,0.0008555901,9.3840885e-05,0.0044272207,0.023386372,0.009624554,0.0026417593,0.00011978738,0.0018510272,0.9555531
pamap2,gnn_attention_adj,window,1,101,101,102,2615,2615,2615,3,3,4,4,walking,walking,True,5.344751e-05,0.0001143379,0.00012214915,0.9735684,0.0001967677,4.978688e-05,0.0021689762,0.015460323,0.006954363,0.0007613779,2.15972e-05,0.0005285716,0.9735684
pamap2,gnn_attention_adj,window,1,101,101,102,2616,2616,2616,3,3,4,4,walking,walking,True,7.625096e-05,0.00015446158,0.00015123874,0.96698785,0.00029552908,7.8804034e-05,0.0030186456,0.017783286,0.009810389,0.00086311833,2.8824807e-05,0.0007516167,0.96698785
pamap2,gnn_attention_adj,window,1,101,101,102,2617,2617,2617,3,3,4,4,walking,walking,True,0.00036797317,0.0007851371,0.0009056673,0.9457155,0.0011704345,0.00014071538,0.0051415004,0.027436655,0.012527756,0.0030526728,0.00017951352,0.00257649,0.9457155
pamap2,gnn_attention_adj,window,1,101,101,102,2618,2618,2618,3,3,4,4,walking,walking,True,0.00030186799,0.0006230684,0.0006529707,0.9501634,0.0011259138,0.00011929658,0.0049621207,0.024360513,0.012984674,0.002162145,0.0001235837,0.0024204268,0.9501634
pamap2,gnn_attention_adj,window,1,101,101,102,2619,2619,2619,3,3,4,4,walking,walking,True,0.0068098987,0.011702361,0.014810038,0.8110721,0.011649435,0.00035096516,0.014617645,0.06111804,0.026471175,0.017647376,0.0018335341,0.021917488,0.8110721
pamap2,gnn_attention_adj,window,1,101,101,102,2620,2620,2620,3,3,4,4,walking,walking,True,0.0034419044,0.0075812233,0.007528073,0.870929,0.008343438,0.00018875574,0.01116508,0.043608423,0.022428863,0.009470249,0.001008075,0.014307002,0.870929
pamap2,gnn_attention_adj,window,1,101,101,102,2621,2621,2621,3,3,4,4,walking,walking,True,0.0001648038,0.00034198916,0.00041688856,0.9584909,0.0005498219,0.00010460212,0.004080139,0.022804247,0.0096825985,0.0018752662,7.629791e-05,0.0014123914,0.9584909
pamap2,gnn_attention_adj,window,1,101,101,102,2622,2622,2622,3,3,4,4,walking,walking,True,0.00022725316,0.000572594,0.00066020986,0.9601065,0.0012695276,4.851904e-05,0.004053935,0.018447291,0.010041919,0.0015600191,9.498081e-05,0.0029172373,0.9601065
pamap2,gnn_attention_adj,window,1,101,101,102,2623,2623,2623,3,3,4,4,walking,walking,True,0.00080371957,0.0016659095,0.0018998323,0.9289465,0.0023501606,0.00015935037,0.0069181067,0.0324468,0.014056187,0.005486989,0.00034337517,0.004923109,0.9289465
pamap2,gnn_attention_adj,window,1,101,101,102,2624,2624,2624,3,3,4,4,walking,walking,True,0.00011205159,0.0002634535,0.00029316964,0.9687247,0.0005227634,5.5691813e-05,0.0028562474,0.0166585,0.008030099,0.0012217283,5.1055362e-05,0.001210425,0.9687247
pamap2,gnn_attention_adj,window,1,101,101,102,2625,2625,2625,3,3,4,4,walking,walking,True,0.0001825993,0.00039904105,0.00042779287,0.9604375,0.00061090785,0.000103546314,0.0035583493,0.021526417,0.00891271,0.002404108,8.994622e-05,0.0013470572,0.9604375
pamap2,gnn_attention_adj,window,1,101,101,102,2626,2626,2626,3,3,4,4,walking,walking,True,0.00011730252,0.0002585793,0.00031043903,0.96451426,0.00035690327,0.00010282064,0.0026974692,0.020372324,0.008493429,0.0018405723,6.717807e-05,0.00086874847,0.96451426
pamap2,gnn_attention_adj,window,1,101,101,102,2627,2627,2627,3,3,4,4,walking,walking,True,0.000114161034,0.00022834788,0.0002341251,0.9658629,0.00036868997,8.943697e-05,0.0029385518,0.019060258,0.008802501,0.0013752694,4.7358368e-05,0.0008785399,0.9658629
pamap2,gnn_attention_adj,window,1,101,101,102,2628,2628,2628,3,3,4,4,walking,walking,True,0.00013998269,0.00028351243,0.00032816426,0.96327597,0.000418254,9.253791e-05,0.0027930748,0.021302648,0.008555996,0.0017320432,6.4272856e-05,0.0010136615,0.96327597
pamap2,gnn_attention_adj,window,1,101,101,102,2629,2629,2629,3,3,4,4,walking,walking,True,0.0001439896,0.00028862327,0.00027928586,0.96090627,0.00046661712,0.0001116999,0.003587184,0.021167597,0.010356342,0.0015645883,5.894367e-05,0.0010688793,0.96090627
pamap2,gnn_attention_adj,window,1,101,101,102,2630,2630,2630,3,3,4,4,walking,walking,True,0.00027204084,0.0005975876,0.0006533076,0.9481735,0.0008398954,0.00016312904,0.005506459,0.026478259,0.012363289,0.0028816129,0.00014260507,0.0019283191,0.9481735
pamap2,gnn_attention_adj,window,1,101,101,102,2631,2631,2631,3,3,4,4,walking,walking,True,0.0001756544,0.0004047224,0.00037672417,0.96002704,0.00076425687,9.619836e-05,0.0040292833,0.019483995,0.011523236,0.0014432714,7.923309e-05,0.0015964137,0.96002704
pamap2,gnn_attention_adj,window,1,101,101,102,2632,2632,2632,3,3,4,4,walking,walking,True,6.8739566e-05,0.00015376134,0.00017625379,0.96807164,0.0002457655,8.5489795e-05,0.0026163682,0.017884398,0.008987534,0.0010264163,3.569061e-05,0.00064804015,0.96807164
pamap2,gnn_attention_adj,window,1,101,101,102,2633,2633,2633,3,3,4,4,walking,walking,True,3.97571e-05,8.761201e-05,8.439179e-05,0.9750821,0.00019853312,4.7461825e-05,0.002190838,0.012637588,0.008648211,0.00043890308,1.5365575e-05,0.00052926113,0.9750821
pamap2,gnn_attention_adj,window,1,101,101,102,2634,2634,2634,3,3,4,4,walking,walking,True,0.0012434538,0.002683826,0.0029327858,0.90920955,0.0033387362,0.00021143403,0.010457909,0.038113106,0.01692529,0.00746547,0.00055027846,0.0068680625,0.90920955
pamap2,gnn_attention_adj,window,1,101,101,102,2635,2635,2635,3,3,4,4,walking,walking,True,0.0006812481,0.001500633,0.0015921213,0.9417794,0.0025966289,7.472095e-05,0.004976895,0.02551608,0.012462083,0.0033079085,0.00023661293,0.0052756537,0.9417794
pamap2,gnn_attention_adj,window,1,101,101,102,2636,2636,2636,3,3,4,4,walking,walking,True,0.00010847151,0.00023021788,0.00020968195,0.9678067,0.00040393905,6.991449e-05,0.003061188,0.017792737,0.008036073,0.001340266,4.1761465e-05,0.00089903706,0.9678067
pamap2,gnn_attention_adj,window,1,101,101,102,2637,2637,2637,3,3,4,4,walking,walking,True,0.001005047,0.0020386267,0.0019275594,0.92762196,0.0024555377,0.00014757512,0.0071274587,0.032893974,0.013377529,0.006544761,0.0003470934,0.0045128004,0.92762196
pamap2,gnn_attention_adj,window,1,101,101,102,2638,2638,2638,3,3,4,4,walking,walking,True,0.0013884042,0.0025215547,0.0027002408,0.92391706,0.0028618257,0.00014683243,0.0055156453,0.0349392,0.012634804,0.007679663,0.00045235292,0.005242427,0.92391706
pamap2,gnn_attention_adj,window,1,101,101,102,2639,2639,2639,3,3,4,4,walking,walking,True,0.000105715575,0.00022427588,0.00027381312,0.9660081,0.00031441782,8.370681e-05,0.002698175,0.020271508,0.0074613406,0.0016933068,5.401607e-05,0.00081161334,0.9660081
pamap2,gnn_attention_adj,window,1,101,101,102,2640,2640,2640,3,3,4,4,walking,walking,True,0.00011580083,0.0002620408,0.00024635618,0.95970416,0.00038260277,0.000115245566,0.004511416,0.021760242,0.010274096,0.0016499044,5.347419e-05,0.00092467794,0.95970416
pamap2,gnn_attention_adj,window,1,101,101,102,2641,2641,2641,3,3,4,4,walking,walking,True,0.004282824,0.007928388,0.008257478,0.8455242,0.0077699916,0.0003971552,0.015993034,0.05414008,0.023801025,0.016527986,0.0014090033,0.013968736,0.8455242
pamap2,gnn_attention_adj,window,1,101,101,102,2642,2642,2642,3,3,4,4,walking,walking,True,0.002576816,0.0055727186,0.004843546,0.8883418,0.0056259977,0.00021883707,0.011977675,0.04085011,0.020026013,0.009778467,0.0008191338,0.009368872,0.8883418
pamap2,gnn_attention_adj,window,1,101,101,102,2643,2643,2643,3,3,4,4,walking,walking,True,0.0010838538,0.0019879155,0.0025349413,0.921789,0.0025197444,0.00019070752,0.007108107,0.036002155,0.014029542,0.0068067242,0.00043648764,0.005510929,0.921789
pamap2,gnn_attention_adj,window,1,101,101,102,2644,2644,2644,3,3,4,4,walking,walking,True,0.0003081246,0.00076772674,0.0007197517,0.9561401,0.0014028122,7.233213e-05,0.0045373375,0.019934446,0.011141431,0.0021019569,0.00013157022,0.0027423527,0.9561401
pamap2,gnn_attention_adj,window,1,101,101,102,2645,2645,2645,3,3,4,4,walking,walking,True,8.520456e-05,0.00019648933,0.00023509831,0.9683501,0.00032286,7.0960006e-05,0.0026173906,0.017849324,0.008288374,0.0011086513,4.498966e-05,0.0008304789,0.9683501
pamap2,gnn_attention_adj,window,1,101,101,102,2646,2646,2646,3,3,4,4,walking,walking,True,4.0888244e-05,9.064613e-05,0.000111746805,0.979982,0.00023980714,2.0608997e-05,0.001451187,0.010734509,0.0062541836,0.00036151966,1.5150597e-05,0.0006976813,0.979982
pamap2,gnn_attention_adj,window,1,101,101,102,2647,2647,2647,3,3,4,4,walking,walking,True,4.1078598e-05,9.026667e-05,9.136364e-05,0.97646433,0.00017828729,4.3349683e-05,0.0018453648,0.0133242,0.0068825707,0.00055356807,1.6694597e-05,0.00046886355,0.97646433
pamap2,gnn_attention_adj,window,1,101,101,102,2648,2648,2648,3,3,4,4,walking,walking,True,0.0069013652,0.011840237,0.01237041,0.83213896,0.011128863,0.00024908694,0.010813207,0.054936398,0.02289127,0.017237999,0.0014855963,0.01800667,0.83213896
pamap2,gnn_attention_adj,window,1,101,101,102,2649,2649,2649,3,3,4,4,walking,walking,True,0.00884877,0.0137399165,0.014641151,0.81068605,0.012873042,0.00029989646,0.011064518,0.05978327,0.024193423,0.021460485,0.0017612403,0.020648208,0.81068605
pamap2,gnn_attention_adj,window,1,101,101,102,2650,2650,2650,3,3,4,4,walking,walking,True,0.0005003758,0.0010744461,0.0012918382,0.9388497,0.0013224247,0.00018620469,0.0054773693,0.030801496,0.012210961,0.005198111,0.00028546713,0.0028015764,0.9388497
pamap2,gnn_attention_adj,window,1,101,101,102,2651,2651,2651,3,3,4,4,walking,walking,True,0.0005398762,0.001071389,0.0012524456,0.93963623,0.0013326951,0.00018137111,0.005317541,0.030454079,0.011960937,0.005184202,0.00026918267,0.002800158,0.93963623
pamap2,gnn_attention_adj,window,1,101,101,102,2652,2652,2652,3,3,4,4,walking,walking,True,0.00030917343,0.00062737474,0.00078731263,0.95126796,0.0007724285,0.00014949523,0.0037815282,0.026694806,0.009880118,0.0038052,0.00017144455,0.001753188,0.95126796
pamap2,gnn_attention_adj,window,1,101,101,102,2653,2653,2653,3,3,4,4,walking,walking,True,0.0002400878,0.0005765045,0.00055095874,0.9482206,0.0007549653,0.00015885914,0.006263516,0.026430039,0.011908854,0.0030898098,0.0001318952,0.0016739945,0.9482206
pamap2,gnn_attention_adj,window,1,101,101,102,2654,2654,2654,3,3,4,4,walking,walking,True,0.0014813993,0.002966955,0.0034327398,0.89603436,0.003031518,0.0004051267,0.010591284,0.045111388,0.01860893,0.01153671,0.00080778403,0.005991871,0.89603436
pamap2,gnn_attention_adj,window,1,101,101,102,2655,2655,2655,3,3,4,4,walking,walking,True,0.001128446,0.0025453577,0.002656327,0.91067797,0.0024864576,0.00032167605,0.0093789445,0.03926385,0.017365992,0.008833423,0.0006444596,0.004697126,0.91067797
pamap2,gnn_attention_adj,window,1,101,101,102,2656,2656,2656,3,3,4,4,walking,walking,True,0.00034185156,0.0006097959,0.0007603431,0.9172363,0.000596587,0.00068244355,0.0056411778,0.04444187,0.021825988,0.0061788815,0.00022614992,0.0014586494,0.9172363
pamap2,gnn_attention_adj,window,1,101,101,102,2657,2657,2657,3,3,4,4,walking,walking,True,0.005097775,0.011039832,0.04198991,0.51264274,0.0054071043,0.016021939,0.017403882,0.13519087,0.07258963,0.1439368,0.02595748,0.012721994,0.51264274
pamap2,gnn_attention_adj,window,1,101,101,102,2658,2658,2658,3,10,4,17,walking,ironing,False,0.0010662705,0.029967897,0.026316227,0.0005300959,0.002712586,0.0173358,0.0017719686,0.003453687,0.010431272,0.04489747,0.8596416,0.0018751272,0.8596416
pamap2,gnn_attention_adj,window,1,101,101,102,2659,2659,2659,3,10,4,17,walking,ironing,False,0.0050950595,0.17071436,0.059149414,0.0007843001,0.0076379483,0.014511557,0.0059516346,0.0046631773,0.020369133,0.03208356,0.6756504,0.0033894533,0.6756504
pamap2,gnn_attention_adj,window,1,101,101,102,2660,2660,2660,3,1,4,2,walking,sitting,False,0.016141433,0.43817317,0.12510346,0.0016051746,0.013771456,0.009317197,0.0115730185,0.007063765,0.02688816,0.022098565,0.3229691,0.005295432,0.43817317
pamap2,gnn_attention_adj,window,1,101,101,102,2661,2661,2661,3,1,4,2,walking,sitting,False,0.031513616,0.72679144,0.102811776,0.0014020832,0.015383929,0.0028355736,0.013328375,0.0044027152,0.018200267,0.007893423,0.071113504,0.0043232553,0.72679144
pamap2,gnn_attention_adj,window,1,101,101,102,2662,2662,2662,3,1,4,2,walking,sitting,False,0.03197709,0.5775752,0.1672205,0.003915246,0.016224872,0.005442478,0.01831289,0.009183481,0.025768327,0.017924527,0.119827814,0.0066275643,0.5775752
pamap2,gnn_attention_adj,window,1,101,101,102,2663,2663,2663,3,1,4,2,walking,sitting,False,0.019372059,0.37688947,0.17350231,0.004479403,0.015526147,0.01136791,0.017963469,0.012667547,0.0333167,0.03481558,0.29220006,0.007899332,0.37688947
pamap2,gnn_attention_adj,window,1,101,101,102,2664,2664,2664,3,1,4,2,walking,sitting,False,0.021888169,0.41513443,0.2599997,0.0035482887,0.01293011,0.0065322085,0.011860244,0.010898107,0.02777744,0.020183394,0.2027173,0.006530564,0.41513443
pamap2,gnn_attention_adj,window,1,101,101,102,2665,2665,2665,3,1,4,2,walking,sitting,False,0.04574603,0.49255085,0.3329431,0.003992699,0.011825556,0.002847087,0.0121714715,0.010827184,0.023690587,0.008552532,0.048808806,0.006044069,0.49255085
pamap2,gnn_attention_adj,window,1,101,101,102,2666,2666,2666,3,1,4,2,walking,sitting,False,0.06980979,0.67243916,0.1886416,0.001952361,0.010959371,0.0011235077,0.009711914,0.005486878,0.014381767,0.0037084226,0.018039793,0.0037455047,0.67243916
pamap2,gnn_attention_adj,window,1,101,101,102,2667,2667,2667,3,1,4,2,walking,sitting,False,0.0744988,0.7213567,0.14708024,0.0014382795,0.010793935,0.00082388776,0.008446481,0.004167133,0.0120100975,0.0028294837,0.013392892,0.0031621123,0.7213567
pamap2,gnn_attention_adj,window,1,101,101,102,2668,2668,2668,3,1,4,2,walking,sitting,False,0.07018504,0.7235825,0.14683552,0.001473053,0.010997078,0.00086687214,0.008552405,0.004223635,0.012235616,0.0030239038,0.014807987,0.0032162962,0.7235825
pamap2,gnn_attention_adj,window,1,101,101,102,2669,2669,2669,3,1,4,2,walking,sitting,False,0.07077225,0.7225885,0.14889888,0.0014007047,0.010859313,0.00083877385,0.00771357,0.0041123973,0.012004498,0.00291673,0.014735902,0.003158565,0.7225885
pamap2,gnn_attention_adj,window,1,101,101,102,2670,2670,2670,6,1,7,2,nordic_walking,sitting,False,0.036298003,0.69511575,0.1495882,0.0018200538,0.013528484,0.002279703,0.012847837,0.0052479794,0.01813835,0.0069704447,0.05379779,0.0043674186,0.69511575
pamap2,gnn_attention_adj,window,1,101,101,102,2671,2671,2671,6,1,7,2,nordic_walking,sitting,False,0.02749805,0.55254626,0.17951757,0.0026158884,0.01495329,0.0055322484,0.016565898,0.008046638,0.027452366,0.0151452655,0.14399017,0.006136429,0.55254626
pamap2,gnn_attention_adj,window,1,101,101,102,2672,2672,2672,6,1,7,2,nordic_walking,sitting,False,0.019237353,0.43914425,0.12403906,0.0019029303,0.014744809,0.010528195,0.014312446,0.007681436,0.030688405,0.024909545,0.30673605,0.0060755657,0.43914425
pamap2,gnn_attention_adj,window,1,101,101,102,2673,2673,2673,6,1,7,2,nordic_walking,sitting,False,0.019484427,0.57440925,0.08211633,0.001171288,0.015763588,0.007203205,0.013990295,0.005009646,0.024899175,0.017400451,0.23365843,0.004893974,0.57440925
pamap2,gnn_attention_adj,window,1,101,101,102,2674,2674,2674,6,1,7,2,nordic_walking,sitting,False,0.02301598,0.59455395,0.10636912,0.0012555972,0.014915974,0.0060796966,0.011377188,0.005285387,0.023325738,0.015151295,0.19394878,0.004721293,0.59455395
pamap2,gnn_attention_adj,window,1,101,101,102,2675,2675,2675,6,1,7,2,nordic_walking,sitting,False,0.024153706,0.6129156,0.10379435,0.0013018425,0.015355402,0.005832262,0.012238658,0.0052719647,0.023397662,0.014517054,0.17639385,0.0048276647,0.6129156
pamap2,gnn_attention_adj,window,1,101,101,102,2676,2676,2676,6,1,7,2,nordic_walking,sitting,False,0.018624185,0.44486296,0.12487409,0.0017058046,0.014093079,0.009771065,0.011787116,0.0071741454,0.027786432,0.023443485,0.31032068,0.005556938,0.44486296
pamap2,gnn_attention_adj,window,1,101,101,102,2677,2677,2677,6,10,7,17,nordic_walking,ironing,False,0.017310984,0.36412218,0.122050084,0.002105824,0.0149155995,0.013971562,0.014576372,0.008805912,0.033479825,0.029562116,0.37232304,0.006776463,0.37232304
pamap2,gnn_attention_adj,window,1,101,101,102,2678,2678,2678,6,1,7,2,nordic_walking,sitting,False,0.021169629,0.45536932,0.12190865,0.0020242264,0.016194498,0.011237579,0.016115654,0.008085675,0.032251373,0.023905763,0.28511032,0.0066272207,0.45536932
pamap2,gnn_attention_adj,window,1,101,101,102,2679,2679,2679,6,1,7,2,nordic_walking,sitting,False,0.02917271,0.68837386,0.09462274,0.0011486221,0.015350566,0.0042876257,0.011283167,0.004428273,0.020219488,0.0105544515,0.11617308,0.004385354,0.68837386
pamap2,gnn_attention_adj,window,1,101,101,102,2680,2680,2680,6,1,7,2,nordic_walking,sitting,False,0.03024174,0.69161665,0.09086274,0.0010955808,0.015628193,0.004470615,0.011815116,0.0043471227,0.020949136,0.010338979,0.11419482,0.004439358,0.69161665
pamap2,gnn_attention_adj,window,1,101,101,102,2681,2681,2681,6,1,7,2,nordic_walking,sitting,False,0.015768884,0.44677842,0.0827719,0.0011189451,0.01324644,0.009876078,0.00879456,0.005232123,0.022906292,0.024571758,0.36449727,0.0044372324,0.44677842
pamap2,gnn_attention_adj,window,1,101,101,102,2682,2682,2682,6,10,7,17,nordic_walking,ironing,False,0.010017199,0.3063187,0.08020394,0.0012429846,0.012103226,0.013260336,0.010243397,0.006100795,0.025609666,0.029956842,0.50016046,0.004782442,0.50016046
pamap2,gnn_attention_adj,window,1,101,101,102,2683,2683,2683,6,10,7,17,nordic_walking,ironing,False,0.004380538,0.16172513,0.05503887,0.0010366527,0.008135648,0.014288833,0.0071157007,0.005308026,0.019950612,0.037263907,0.68212366,0.0036323867,0.68212366
pamap2,gnn_attention_adj,window,1,101,101,102,2684,2684,2684,6,10,7,17,nordic_walking,ironing,False,0.013195175,0.3215531,0.13119379,0.002281521,0.010199265,0.010265966,0.0060199825,0.008235582,0.020778012,0.04017033,0.43171743,0.0043899133,0.43171743
pamap2,gnn_attention_adj,window,1,101,101,102,2685,2685,2685,6,6,7,7,nordic_walking,nordic_walking,True,0.005934601,0.08950677,0.033269085,0.027005048,0.024939813,0.01660184,0.4796868,0.05272367,0.1060528,0.070494495,0.07141366,0.022371478,0.4796868
pamap2,gnn_attention_adj,window,1,101,101,102,2686,2686,2686,6,6,7,7,nordic_walking,nordic_walking,True,0.00023727286,0.0020795187,0.00041320667,0.029849047,0.0029202336,0.002728855,0.8176723,0.02024279,0.11456046,0.0040967097,0.0005780152,0.0046216045,0.8176723
pamap2,gnn_attention_adj,window,1,101,101,102,2687,2687,2687,6,6,7,7,nordic_walking,nordic_walking,True,8.335657e-05,0.0011033509,0.00011344117,0.010831422,0.002783305,0.0011165566,0.8870791,0.011762288,0.080129534,0.0013945348,0.0002030881,0.0034000464,0.8870791
pamap2,gnn_attention_adj,window,1,101,101,102,2688,2688,2688,6,6,7,7,nordic_walking,nordic_walking,True,6.482745e-06,0.00022869425,1.1202226e-05,0.008959261,0.0010440394,4.2585183e-05,0.96387565,0.008169303,0.0167804,0.00010298085,1.0806611e-05,0.0007685705,0.96387565
pamap2,gnn_attention_adj,window,1,101,101,102,2689,2689,2689,6,6,7,7,nordic_walking,nordic_walking,True,1.9225039e-05,0.00039565016,9.110707e-06,0.0039818976,0.009642203,0.0001064545,0.909644,0.008582806,0.06271304,0.000108332184,1.6091917e-05,0.004781242,0.909644
pamap2,gnn_attention_adj,window,1,101,101,102,2690,2690,2690,6,6,7,7,nordic_walking,nordic_walking,True,1.2460759e-05,0.0005652283,1.948173e-05,0.011491659,0.00505404,2.8213708e-05,0.9578679,0.009123254,0.01364004,0.0001475304,2.2871636e-05,0.0020272252,0.9578679
pamap2,gnn_attention_adj,window,1,101,101,102,2691,2691,2691,6,6,7,7,nordic_walking,nordic_walking,True,2.9005132e-05,0.0006598277,5.286765e-05,0.06526401,0.007320635,5.989216e-05,0.8463566,0.019191412,0.05346751,0.00021488642,3.5780842e-05,0.0073476266,0.8463566
pamap2,gnn_attention_adj,window,1,101,101,102,2692,2692,2692,6,6,7,7,nordic_walking,nordic_walking,True,7.644495e-06,0.00018130032,8.485653e-06,0.00735811,0.0013112222,9.727102e-05,0.9503958,0.005958791,0.033404544,0.00011796886,1.1665548e-05,0.0011471102,0.9503958
pamap2,gnn_attention_adj,window,1,101,101,102,2693,2693,2693,6,8,7,13,nordic_walking,descending_stairs,False,9.205748e-05,0.00057740085,0.00013104874,0.14329004,0.0018978682,0.0024321494,0.3339613,0.030646194,0.47967675,0.0011611765,0.0001296683,0.0060042646,0.47967675
pamap2,gnn_attention_adj,window,1,101,101,102,2694,2694,2694,6,6,7,7,nordic_walking,nordic_walking,True,6.956465e-06,0.00020619555,1.1068922e-05,0.0047536227,0.0009619571,6.924518e-05,0.9648729,0.0075399424,0.020557234,9.466564e-05,1.2356591e-05,0.0009138387,0.9648729
pamap2,gnn_attention_adj,window,1,101,101,102,2695,2695,2695,6,6,7,7,nordic_walking,nordic_walking,True,5.898846e-06,0.00025801163,9.290513e-06,0.0054099713,0.0015831135,2.495787e-05,0.9723426,0.009284407,0.010177359,7.472264e-05,9.771732e-06,0.0008199311,0.9723426
pamap2,gnn_attention_adj,window,1,101,101,102,2696,2696,2696,6,6,7,7,nordic_walking,nordic_walking,True,7.4147033e-06,0.00021614492,1.0061757e-05,0.009106544,0.0014108056,5.0862363e-05,0.95854306,0.008007251,0.021495217,9.726021e-05,1.07792175e-05,0.001044669,0.95854306
pamap2,gnn_attention_adj,window,1,101,101,102,2697,2697,2697,6,6,7,7,nordic_walking,nordic_walking,True,7.574645e-05,0.0016013425,0.00017903766,0.03236225,0.0067744125,0.00016301253,0.9098715,0.012550551,0.029169045,0.0009453721,0.00017553191,0.006132093,0.9098715
pamap2,gnn_attention_adj,window,1,101,101,102,2698,2698,2698,6,6,7,7,nordic_walking,nordic_walking,True,2.967724e-05,0.0009044635,4.913421e-05,0.011996981,0.0048743547,7.4634045e-05,0.955699,0.0069186413,0.016190164,0.00038499464,6.513572e-05,0.0028128196,0.955699
pamap2,gnn_attention_adj,window,1,101,101,102,2699,2699,2699,6,6,7,7,nordic_walking,nordic_walking,True,2.356613e-05,0.00041295664,9.723992e-05,0.37897205,0.0013735094,0.00015035942,0.51588804,0.01961152,0.07942665,0.00060808694,5.6130582e-05,0.0033798947,0.51588804
pamap2,gnn_attention_adj,window,1,101,101,102,2700,2700,2700,6,6,7,7,nordic_walking,nordic_walking,True,5.802053e-05,0.00080763106,0.00015852669,0.29813156,0.0035267435,0.00023019944,0.568191,0.018715145,0.10230338,0.00083054596,9.614781e-05,0.006951159,0.568191
pamap2,gnn_attention_adj,window,1,101,101,102,2701,2701,2701,6,6,7,7,nordic_walking,nordic_walking,True,9.239171e-05,0.0014778444,0.0004833566,0.2957465,0.0039247894,0.00058852386,0.50078106,0.027671982,0.15734138,0.0021108284,0.00034915886,0.009432185,0.50078106
pamap2,gnn_attention_adj,window,1,101,101,102,2702,2702,2702,6,6,7,7,nordic_walking,nordic_walking,True,2.0965606e-05,0.0003878244,3.7182228e-05,0.055302635,0.0030460667,9.6815835e-05,0.8666144,0.012459245,0.057477392,0.00019451238,2.917801e-05,0.0043338113,0.8666144
pamap2,gnn_attention_adj,window,1,101,101,102,2703,2703,2703,6,6,7,7,nordic_walking,nordic_walking,True,1.3774103e-05,0.00033621208,3.450605e-05,0.03991531,0.0015447903,7.1132905e-05,0.899592,0.014563781,0.04142456,0.00016595885,2.1684113e-05,0.002316228,0.899592
pamap2,gnn_attention_adj,window,1,101,101,102,2704,2704,2704,6,6,7,7,nordic_walking,nordic_walking,True,1.8300969e-05,0.0007419602,2.6290967e-05,0.02042881,0.010191694,2.1797661e-05,0.9328962,0.014783641,0.016809948,0.00014707494,2.317138e-05,0.0039111627,0.9328962
pamap2,gnn_attention_adj,window,1,101,101,102,2705,2705,2705,6,6,7,7,nordic_walking,nordic_walking,True,7.926683e-05,0.0018768166,0.00016085852,0.08405848,0.026120508,4.195669e-05,0.759471,0.08549795,0.029103667,0.00053654704,6.606375e-05,0.012986915,0.759471
pamap2,gnn_attention_adj,window,1,101,101,102,2706,2706,2706,6,6,7,7,nordic_walking,nordic_walking,True,7.222272e-05,0.0024305773,0.00011076542,0.012805031,0.02204948,4.102579e-05,0.9261658,0.015934203,0.012430317,0.00042455154,9.683961e-05,0.007439222,0.9261658
pamap2,gnn_attention_adj,window,1,101,101,102,2707,2707,2707,6,6,7,7,nordic_walking,nordic_walking,True,0.00016414835,0.0029028351,0.0003195318,0.041912444,0.014835878,0.0001484148,0.8799226,0.015946627,0.030300524,0.0010876505,0.00025072327,0.012208566,0.8799226
pamap2,gnn_attention_adj,window,1,101,101,102,2708,2708,2708,6,6,7,7,nordic_walking,nordic_walking,True,0.00010546843,0.0018759377,0.00025784664,0.06740227,0.008056936,0.00013176189,0.8609397,0.0199001,0.03157981,0.0010314229,0.00016353975,0.008555238,0.8609397
pamap2,gnn_attention_adj,window,1,101,101,102,2709,2709,2709,6,3,7,4,nordic_walking,walking,False,0.0012172967,0.008241022,0.0030266528,0.50814337,0.02241637,0.00081302656,0.27616772,0.041101687,0.097539894,0.0072985967,0.0015605063,0.032473896,0.50814337
pamap2,gnn_attention_adj,window,1,101,101,102,2710,2710,2710,6,3,7,4,nordic_walking,walking,False,0.00064790406,0.0033402715,0.0015341989,0.6240836,0.008304592,0.0010648816,0.18051684,0.058194898,0.100732066,0.0058454545,0.0007797976,0.01495556,0.6240836
pamap2,gnn_attention_adj,window,1,101,101,102,2711,2711,2711,6,6,7,7,nordic_walking,nordic_walking,True,5.6943034e-05,0.0010805978,0.0001236313,0.049518697,0.004769444,0.00014744172,0.87840205,0.020983553,0.039456457,0.00069299305,8.7619315e-05,0.0046805907,0.87840205
pamap2,gnn_attention_adj,window,1,101,101,102,2712,2712,2712,6,6,7,7,nordic_walking,nordic_walking,True,1.9441508e-05,0.00041620492,4.5032553e-05,0.04660453,0.0016247899,0.00010962428,0.8925916,0.011823355,0.044104666,0.00030720723,3.352515e-05,0.0023200102,0.8925916
pamap2,gnn_attention_adj,window,1,101,101,102,2713,2713,2713,6,6,7,7,nordic_walking,nordic_walking,True,1.2624794e-05,0.00026121977,2.5915218e-05,0.0361728,0.001139456,9.7648306e-05,0.9070646,0.010479103,0.04284351,0.00019700233,1.992017e-05,0.0016861088,0.9070646
pamap2,gnn_attention_adj,window,1,101,101,102,2714,2714,2714,6,6,7,7,nordic_walking,nordic_walking,True,3.7471887e-05,0.00076273596,7.9445796e-05,0.045109257,0.0025187759,0.00012148999,0.9002354,0.017406754,0.030403236,0.00048516793,5.7044483e-05,0.0027832342,0.9002354
pamap2,gnn_attention_adj,window,1,101,101,102,2715,2715,2715,6,6,7,7,nordic_walking,nordic_walking,True,2.554176e-05,0.00059818564,4.770987e-05,0.032047793,0.0021983334,8.7237386e-05,0.92541033,0.013876126,0.023211526,0.00031564056,3.853213e-05,0.0021430533,0.92541033
pamap2,gnn_attention_adj,window,1,101,101,102,2716,2716,2716,6,6,7,7,nordic_walking,nordic_walking,True,2.1072581e-05,0.00059759186,3.5581095e-05,0.015998643,0.0022061835,7.207567e-05,0.9542414,0.008958678,0.015899448,0.00026190246,3.7220525e-05,0.0016702279,0.9542414
pamap2,gnn_attention_adj,window,1,101,101,102,2717,2717,2717,6,6,7,7,nordic_walking,nordic_walking,True,1.42531e-05,0.0004704856,2.1715421e-05,0.011647313,0.0024122067,5.8617155e-05,0.9634116,0.00631161,0.0139928125,0.00018748583,2.9417437e-05,0.0014425033,0.9634116
pamap2,gnn_attention_adj,window,1,101,101,102,2718,2718,2718,6,6,7,7,nordic_walking,nordic_walking,True,6.760809e-06,0.00030170623,1.2123862e-05,0.011286622,0.0016228465,3.3450066e-05,0.96842146,0.0060093645,0.011231052,0.00012588555,1.6297068e-05,0.00093243795,0.96842146
pamap2,gnn_attention_adj,window,1,101,101,102,2719,2719,2719,6,6,7,7,nordic_walking,nordic_walking,True,6.031763e-06,0.0002920804,9.736422e-06,0.010539651,0.0019223753,2.2308664e-05,0.9691719,0.0072187358,0.009792738,9.190779e-05,1.13309225e-05,0.0009212502,0.9691719
pamap2,gnn_attention_adj,window,1,101,101,102,2720,2720,2720,6,6,7,7,nordic_walking,nordic_walking,True,2.8639165e-06,0.00014574445,4.0508667e-06,0.0042363578,0.00083995244,1.8219731e-05,0.9800173,0.0067484155,0.0075468873,4.629971e-05,4.655303e-06,0.00038916533,0.9800173
pamap2,gnn_attention_adj,window,1,101,101,102,2721,2721,2721,6,6,7,7,nordic_walking,nordic_walking,True,1.9357988e-06,0.00011449416,2.5579366e-06,0.0013026246,0.0007839232,2.1192362e-05,0.9888104,0.002854392,0.005722064,3.3733144e-05,5.253663e-06,0.00034740428,0.9888104
pamap2,gnn_attention_adj,window,1,101,101,102,2722,2722,2722,6,6,7,7,nordic_walking,nordic_walking,True,0.00021180324,0.0033777943,0.0014634345,0.1458491,0.010976216,0.0002813394,0.67636627,0.06984133,0.06583814,0.0016270529,0.00046599848,0.023701482,0.67636627
pamap2,gnn_attention_adj,window,1,101,101,102,2723,2723,2723,6,6,7,7,nordic_walking,nordic_walking,True,0.00011655986,0.0028799789,0.00042135688,0.04368214,0.019719303,9.6188814e-05,0.838689,0.049272995,0.028182747,0.0007806962,0.0001973721,0.01596157,0.838689
pamap2,gnn_attention_adj,window,1,101,101,102,2724,2724,2724,6,6,7,7,nordic_walking,nordic_walking,True,5.493236e-05,0.0010472183,0.00015587763,0.13011192,0.0037783596,0.00014153999,0.79689866,0.016146943,0.04542703,0.00084076764,0.00010975417,0.0052870773,0.79689866
pamap2,gnn_attention_adj,window,1,101,101,102,2725,2725,2725,6,6,7,7,nordic_walking,nordic_walking,True,7.736611e-05,0.0017246306,0.00015399826,0.047645517,0.008920415,0.00013835683,0.88152874,0.019428672,0.033302035,0.00092895166,0.00014179086,0.0060095373,0.88152874
pamap2,gnn_attention_adj,window,1,101,101,102,2726,2726,2726,6,3,7,4,nordic_walking,walking,False,0.0003780542,0.0031782193,0.0010340281,0.45105484,0.011074034,0.00045620912,0.37345812,0.05004765,0.088230945,0.003337489,0.0004913074,0.017259104,0.45105484
pamap2,gnn_attention_adj,window,1,101,101,102,2727,2727,2727,6,6,7,7,nordic_walking,nordic_walking,True,0.0003398715,0.003992598,0.0010577576,0.25341532,0.012285458,0.00051333266,0.58914226,0.043138456,0.075444184,0.0037695407,0.0006610897,0.016240077,0.58914226
pamap2,gnn_attention_adj,window,1,101,101,102,2728,2728,2728,6,6,7,7,nordic_walking,nordic_walking,True,6.594981e-05,0.0015112587,9.715106e-05,0.019873962,0.0099695055,0.00011229596,0.92330927,0.014309033,0.024505215,0.0005691167,0.00010517225,0.0055720783,0.92330927
pamap2,gnn_attention_adj,window,1,101,101,102,2729,2729,2729,6,6,7,7,nordic_walking,nordic_walking,True,5.242506e-05,0.0011526236,0.000194774,0.06762053,0.0047796834,0.00027627396,0.82112676,0.020337585,0.076172665,0.0010732582,0.00019042869,0.007022993,0.82112676
pamap2,gnn_attention_adj,window,1,101,101,102,2730,2730,2730,6,6,7,7,nordic_walking,nordic_walking,True,5.507099e-05,0.001013597,0.00018510624,0.120510615,0.003547467,0.00054792705,0.7042726,0.017478902,0.14426629,0.0012560016,0.00020421835,0.006662188,0.7042726
pamap2,gnn_attention_adj,window,1,101,101,102,2731,2731,2731,6,6,7,7,nordic_walking,nordic_walking,True,8.985213e-05,0.0015335181,0.0003912647,0.20337662,0.0046004425,0.0005886949,0.597438,0.022985723,0.15712495,0.001753052,0.00033602552,0.009781895,0.597438
pamap2,gnn_attention_adj,window,1,101,101,102,2732,2732,2732,6,3,7,4,nordic_walking,walking,False,0.00018859189,0.0013094329,0.000468987,0.48829833,0.006160631,0.0006076927,0.2437582,0.032972697,0.208052,0.0011581081,0.0002302737,0.016794985,0.48829833
pamap2,gnn_attention_adj,window,1,101,101,102,2733,2733,2733,6,6,7,7,nordic_walking,nordic_walking,True,0.00012412344,0.001455861,0.00045553184,0.32480755,0.0041309013,0.0009649925,0.4154432,0.034641042,0.20550913,0.0022538388,0.0003591199,0.0098546725,0.4154432
pamap2,gnn_attention_adj,window,1,101,101,102,2734,2734,2734,6,3,7,4,nordic_walking,walking,False,8.694868e-05,0.0007630778,0.00024122304,0.5240485,0.0033695956,0.00036722887,0.27641657,0.03041969,0.1545847,0.0009807176,0.00011728622,0.008604424,0.5240485
pamap2,gnn_attention_adj,window,1,101,101,102,2735,2735,2735,6,6,7,7,nordic_walking,nordic_walking,True,0.00025846795,0.0017808736,0.00052051176,0.2775498,0.0055905906,0.0014871937,0.41536218,0.045283593,0.23653951,0.0025243254,0.00039119014,0.012711724,0.41536218
pamap2,gnn_attention_adj,window,1,101,101,102,2736,2736,2736,6,6,7,7,nordic_walking,nordic_walking,True,2.120683e-05,0.0005380444,4.2306307e-05,0.03744222,0.0027695268,6.664729e-05,0.9044845,0.018831704,0.03314873,0.0002455602,2.7561917e-05,0.0023820086,0.9044845
pamap2,gnn_attention_adj,window,1,101,101,102,2737,2737,2737,6,6,7,7,nordic_walking,nordic_walking,True,3.6758498e-05,0.00074624247,9.578173e-05,0.08722373,0.0029750925,0.00010211735,0.82705843,0.027229505,0.050170302,0.00040207477,4.750837e-05,0.0039124466,0.82705843
pamap2,gnn_attention_adj,window,1,101,101,102,2738,2738,2738,6,6,7,7,nordic_walking,nordic_walking,True,3.0826268e-05,0.00061964063,7.4285046e-05,0.06798986,0.0030871574,9.544375e-05,0.84578,0.019091764,0.05803356,0.00028038194,4.1250772e-05,0.0048757615,0.84578
pamap2,gnn_attention_adj,window,1,101,101,102,2739,2739,2739,6,6,7,7,nordic_walking,nordic_walking,True,1.808161e-05,0.00051049795,4.3840268e-05,0.033555143,0.0024472259,6.386177e-05,0.914517,0.0148996515,0.030930983,0.00020155794,3.1496056e-05,0.0027806493,0.914517
pamap2,gnn_attention_adj,window,1,101,101,102,2740,2740,2740,6,6,7,7,nordic_walking,nordic_walking,True,2.1858667e-05,0.0007127609,3.4321012e-05,0.020463293,0.005285693,4.4937082e-05,0.93753535,0.016011363,0.017097576,0.00023126148,3.218766e-05,0.0025293531,0.93753535
pamap2,gnn_attention_adj,window,1,101,101,102,2741,2741,2741,6,6,7,7,nordic_walking,nordic_walking,True,5.48504e-05,0.0012110852,0.00012878337,0.054984387,0.0058953147,0.00016379614,0.8685521,0.017804049,0.044913527,0.0007931886,0.00012035305,0.0053786165,0.8685521
pamap2,gnn_attention_adj,window,1,101,101,102,2742,2742,2742,6,6,7,7,nordic_walking,nordic_walking,True,6.7887166e-05,0.0012231542,0.00026291728,0.13920105,0.0045996043,0.00039255832,0.6988095,0.020665266,0.12429647,0.0011773116,0.00023003329,0.009074281,0.6988095
pamap2,gnn_attention_adj,window,1,101,101,102,2743,2743,2743,6,6,7,7,nordic_walking,nordic_walking,True,4.877681e-05,0.0010717264,0.00015724653,0.05403191,0.003885577,0.0004633812,0.82713884,0.012958979,0.09299923,0.0012115252,0.00022992735,0.0058028363,0.82713884
pamap2,gnn_attention_adj,window,1,101,101,102,2744,2744,2744,6,6,7,7,nordic_walking,nordic_walking,True,1.513305e-05,0.0003011164,2.426909e-05,0.007894175,0.0018452372,0.00031933305,0.8975186,0.0067386217,0.082555324,0.00030777894,4.3271553e-05,0.0024371652,0.8975186
pamap2,gnn_attention_adj,window,1,101,101,102,2745,2745,2745,6,6,7,7,nordic_walking,nordic_walking,True,1.63052e-05,0.00031573945,2.7173739e-05,0.009015457,0.0018024998,0.0003629958,0.88978696,0.007036129,0.08873984,0.00035029606,4.7710277e-05,0.0024988544,0.88978696
pamap2,gnn_attention_adj,window,1,101,101,102,2746,2746,2746,6,6,7,7,nordic_walking,nordic_walking,True,1.3177441e-05,0.00032280487,1.5720054e-05,0.0080801835,0.0019279135,0.00011830564,0.95459366,0.0062937057,0.027049718,0.0002252467,2.4219235e-05,0.0013353631,0.95459366
pamap2,gnn_attention_adj,window,1,101,101,102,2747,2747,2747,6,6,7,7,nordic_walking,nordic_walking,True,1.7981407e-05,0.00039385556,2.998103e-05,0.00950747,0.002044137,0.0003873665,0.91314685,0.005835295,0.065802395,0.000528355,6.6799024e-05,0.0022395249,0.91314685
pamap2,gnn_attention_adj,window,1,101,101,102,2748,2748,2748,6,6,7,7,nordic_walking,nordic_walking,True,2.1502392e-05,0.000571817,5.3774613e-05,0.020126693,0.0018917631,0.00034850885,0.9182333,0.008449635,0.047131862,0.0010754133,0.00010804758,0.0019878175,0.9182333
pamap2,gnn_attention_adj,window,1,101,101,102,2749,2749,2749,6,6,7,7,nordic_walking,nordic_walking,True,1.7935485e-05,0.00035900422,2.5531512e-05,0.01944134,0.0018740983,0.00011355765,0.9310067,0.012021747,0.033080477,0.00022088358,2.3515347e-05,0.0018151717,0.9310067
pamap2,gnn_attention_adj,window,1,101,101,102,2750,2750,2750,6,6,7,7,nordic_walking,nordic_walking,True,3.2044507e-05,0.00053587434,0.00016235517,0.42050663,0.0013316197,0.0001864204,0.45837554,0.025916267,0.0884394,0.0008133816,8.159255e-05,0.0036188976,0.45837554
pamap2,gnn_attention_adj,window,1,101,101,102,2751,2751,2751,6,6,7,7,nordic_walking,nordic_walking,True,2.7118876e-05,0.00058867567,9.091308e-05,0.086866125,0.0019378938,0.0002641835,0.81860065,0.014021471,0.073256455,0.0007299577,0.00010529359,0.0035112046,0.81860065
pamap2,gnn_attention_adj,window,1,101,101,102,2752,2752,2752,6,6,7,7,nordic_walking,nordic_walking,True,1.4979061e-05,0.00036952583,3.5633144e-05,0.038822025,0.0013617673,8.0581995e-05,0.9119381,0.012699315,0.03262815,0.00023366458,2.4956782e-05,0.0017914585,0.9119381
pamap2,gnn_attention_adj,window,1,101,101,102,2753,2753,2753,6,6,7,7,nordic_walking,nordic_walking,True,1.1651689e-05,0.00023744443,2.384123e-05,0.041582424,0.0012215503,9.184363e-05,0.8939427,0.010345553,0.050379556,0.00016888021,1.7660685e-05,0.0019770372,0.8939427
pamap2,gnn_attention_adj,window,1,101,101,102,2754,2754,2754,6,6,7,7,nordic_walking,nordic_walking,True,2.4691162e-05,0.00043554738,6.722535e-05,0.09930781,0.001843015,0.00011361955,0.7982174,0.019600475,0.07618289,0.00027821306,3.336273e-05,0.0038957715,0.7982174
pamap2,gnn_attention_adj,window,1,101,101,102,2755,2755,2755,6,6,7,7,nordic_walking,nordic_walking,True,2.6833417e-05,0.00062178256,7.815045e-05,0.048985265,0.0038364478,8.693174e-05,0.8615173,0.023917872,0.054832835,0.00021672923,4.452327e-05,0.0058353133,0.8615173
pamap2,gnn_attention_adj,window,1,101,101,102,2756,2756,2756,6,6,7,7,nordic_walking,nordic_walking,True,0.000114194096,0.0023932345,0.0005963775,0.08797274,0.007334218,0.00016397581,0.79979634,0.044104546,0.04400151,0.0009963099,0.00024787415,0.012278639,0.79979634
pamap2,gnn_attention_adj,window,1,101,101,102,2757,2757,2757,6,6,7,7,nordic_walking,nordic_walking,True,6.602937e-05,0.0017843149,0.00014453672,0.036706295,0.019786187,5.0035185e-05,0.8771756,0.025621496,0.025724744,0.00042286958,9.370393e-05,0.0124241235,0.8771756
pamap2,gnn_attention_adj,window,1,101,101,102,2758,2758,2758,6,6,7,7,nordic_walking,nordic_walking,True,3.7723355e-05,0.0013055656,5.658509e-05,0.013687378,0.010504396,4.0952767e-05,0.94445884,0.012706719,0.012595012,0.0002981468,5.697105e-05,0.004251609,0.94445884
pamap2,gnn_attention_adj,window,1,101,101,102,2759,2759,2759,6,8,7,13,nordic_walking,descending_stairs,False,0.00017543386,0.0009750853,0.0002991448,0.33095545,0.0043169158,0.0019615917,0.1613722,0.034821995,0.45027786,0.0012430488,0.00024985214,0.013351503,0.45027786
pamap2,gnn_attention_adj,window,1,101,101,102,2760,2760,2760,6,6,7,7,nordic_walking,nordic_walking,True,4.000366e-05,0.000561169,8.6645545e-05,0.05624894,0.0031143518,0.0004935881,0.7417021,0.015116718,0.17550471,0.0006082457,9.1961956e-05,0.0064315987,0.7417021
pamap2,gnn_attention_adj,window,1,101,101,102,2761,2761,2761,6,6,7,7,nordic_walking,nordic_walking,True,4.0117004e-05,0.00095162145,0.00016952938,0.14203243,0.0032903051,0.00026423318,0.74934363,0.020065943,0.077443905,0.0013347924,0.00015994778,0.0049035777,0.74934363
pamap2,gnn_attention_adj,window,1,101,101,102,2762,2762,2762,6,6,7,7,nordic_walking,nordic_walking,True,4.6342404e-05,0.000694862,0.0001757543,0.34981117,0.0025256143,0.00025022356,0.50853074,0.024211915,0.106997766,0.0010647617,0.00010062927,0.0055902116,0.50853074
pamap2,gnn_attention_adj,window,1,101,101,102,2763,2763,2763,6,6,7,7,nordic_walking,nordic_walking,True,0.00012764927,0.0015578934,0.00044990343,0.3118771,0.0047121113,0.00055252266,0.52112997,0.033795066,0.114163235,0.0025169144,0.0003006983,0.008816952,0.52112997
pamap2,gnn_attention_adj,window,1,101,101,102,2764,2764,2764,6,6,7,7,nordic_walking,nordic_walking,True,0.00015663369,0.0017594106,0.00040877,0.17173928,0.0070174597,0.0007242496,0.62649447,0.028651103,0.14768454,0.0019855143,0.00033678833,0.013041814,0.62649447
pamap2,gnn_attention_adj,window,1,101,101,102,2765,2765,2765,6,6,7,7,nordic_walking,nordic_walking,True,0.00011750408,0.0015602784,0.00032799432,0.17776407,0.0059472327,0.00035176674,0.6722848,0.036800962,0.094105005,0.001472119,0.00020390593,0.009064422,0.6722848
pamap2,gnn_attention_adj,window,1,101,101,102,2766,2766,2766,6,6,7,7,nordic_walking,nordic_walking,True,2.836739e-05,0.0006046028,4.5044904e-05,0.035363387,0.004172442,8.330058e-05,0.89991796,0.019377686,0.036618806,0.00026123686,3.3589142e-05,0.003493526,0.89991796
pamap2,gnn_attention_adj,window,1,101,101,102,2767,2767,2767,6,6,7,7,nordic_walking,nordic_walking,True,2.6506832e-05,0.000500412,3.9674833e-05,0.02952999,0.003479333,9.530904e-05,0.8921664,0.020257398,0.050199844,0.00021795557,2.7062284e-05,0.0034601886,0.8921664
pamap2,gnn_attention_adj,window,1,101,101,102,2768,2768,2768,6,6,7,7,nordic_walking,nordic_walking,True,0.00014276658,0.0009037767,0.000178328,0.23272192,0.006716058,0.00059724203,0.48210874,0.038912896,0.22359252,0.0008721285,0.00010496894,0.0131486645,0.48210874
pamap2,gnn_attention_adj,window,1,101,101,102,2769,2769,2769,6,6,7,7,nordic_walking,nordic_walking,True,6.602718e-05,0.00082220836,0.00024131434,0.32808867,0.0024382554,0.00027831638,0.5148312,0.033251617,0.11271634,0.0011425366,0.000115765884,0.0060077826,0.5148312
pamap2,gnn_attention_adj,window,1,101,101,102,2770,2770,2770,6,6,7,7,nordic_walking,nordic_walking,True,5.688354e-05,0.00071231776,0.00012448631,0.122175075,0.0036324207,0.0005083259,0.6757536,0.018889189,0.17006259,0.00084260904,0.00011396801,0.007128543,0.6757536
pamap2,gnn_attention_adj,window,1,101,101,102,2771,2771,2771,6,6,7,7,nordic_walking,nordic_walking,True,6.6486085e-05,0.0007221137,0.0001496071,0.12151089,0.0031001356,0.0006980075,0.6322416,0.022154048,0.21087314,0.0009533634,0.0001296328,0.0074009034,0.6322416
pamap2,gnn_attention_adj,window,1,101,101,102,2772,2772,2772,6,6,7,7,nordic_walking,nordic_walking,True,1.00166035e-05,0.00023057619,8.792925e-06,0.005841419,0.0022686166,9.1786e-05,0.9457001,0.007746505,0.03635846,0.00010838038,1.242634e-05,0.0016229539,0.9457001
pamap2,gnn_attention_adj,window,1,101,101,102,2773,2773,2773,6,6,7,7,nordic_walking,nordic_walking,True,9.562661e-06,0.00024650316,6.695215e-06,0.0037993086,0.0025726855,7.661398e-05,0.9555784,0.009465735,0.026759813,9.652945e-05,9.930336e-06,0.0013782339,0.9555784
pamap2,gnn_attention_adj,window,1,101,101,102,2774,2774,2774,6,6,7,7,nordic_walking,nordic_walking,True,1.15419225e-05,0.000317773,1.3833817e-05,0.014651466,0.0026398252,4.652597e-05,0.94592196,0.016256088,0.018611152,0.00013788333,1.21575285e-05,0.0013798639,0.94592196
pamap2,gnn_attention_adj,window,1,101,101,102,2775,2775,2775,6,6,7,7,nordic_walking,nordic_walking,True,1.6418195e-05,0.00036017358,1.6964843e-05,0.009063705,0.0027106616,0.0001181479,0.95061535,0.010025778,0.02506987,0.00021119343,2.3615365e-05,0.0017682369,0.95061535
pamap2,gnn_attention_adj,window,1,101,101,102,2776,2776,2776,6,6,7,7,nordic_walking,nordic_walking,True,0.0002065985,0.0027248922,0.00068054086,0.29691353,0.006127451,0.0008785915,0.5316278,0.04511839,0.10173063,0.0049973824,0.00061591045,0.008378256,0.5316278
pamap2,gnn_attention_adj,window,1,101,101,102,2777,2777,2777,6,6,7,7,nordic_walking,nordic_walking,True,0.00012956925,0.0019000573,0.00040326593,0.15419123,0.0057320567,0.0004943866,0.7113487,0.03842687,0.07676955,0.0026780108,0.00032033212,0.007606016,0.7113487
pamap2,gnn_attention_adj,window,1,101,101,102,2778,2778,2778,6,6,7,7,nordic_walking,nordic_walking,True,0.00013148232,0.0019908783,0.00047325846,0.24001263,0.00520894,0.00048412746,0.6174253,0.04510584,0.078418404,0.003132345,0.00035879115,0.0072578965,0.6174253
pamap2,gnn_attention_adj,window,1,101,101,102,2779,2779,2779,6,6,7,7,nordic_walking,nordic_walking,True,8.843196e-05,0.0011957183,0.0002765617,0.16546167,0.0043976423,0.000390878,0.684569,0.026999837,0.10662639,0.0014124097,0.00019114805,0.008390291,0.684569
pamap2,gnn_attention_adj,window,1,101,101,102,2780,2780,2780,6,6,7,7,nordic_walking,nordic_walking,True,6.430051e-05,0.00075234694,0.00018916173,0.1818587,0.0030397885,0.00030835354,0.6290091,0.026486358,0.14933632,0.0007719679,9.8894845e-05,0.008084609,0.6290091
pamap2,gnn_attention_adj,window,1,101,101,102,2781,2781,2781,6,6,7,7,nordic_walking,nordic_walking,True,4.4994307e-05,0.00062883017,0.00010515994,0.06352621,0.0023917863,0.0006276777,0.76322657,0.016596507,0.14696632,0.0009455293,0.000118394724,0.0048219417,0.76322657
pamap2,gnn_attention_adj,window,1,101,101,102,2782,2782,2782,6,6,7,7,nordic_walking,nordic_walking,True,8.727281e-05,0.0017562679,0.0004429438,0.11538019,0.0035497434,0.0010662716,0.6886738,0.020937206,0.15731752,0.0027548852,0.0005500373,0.0074839606,0.6886738
pamap2,gnn_attention_adj,window,1,101,101,102,2783,2783,2783,6,6,7,7,nordic_walking,nordic_walking,True,3.0199979e-05,0.00062441005,8.296031e-05,0.05027707,0.0031565032,0.00022708731,0.84751445,0.011447797,0.08064385,0.0005541418,9.130143e-05,0.00535023,0.84751445
pamap2,gnn_attention_adj,window,1,101,101,102,2784,2784,2784,6,6,7,7,nordic_walking,nordic_walking,True,3.068782e-05,0.00058708206,6.913365e-05,0.044573016,0.0032306178,0.00014212144,0.8689483,0.017254602,0.060376823,0.0004142781,5.1409883e-05,0.0043219686,0.8689483
pamap2,gnn_attention_adj,window,1,101,101,102,2785,2785,2785,6,6,7,7,nordic_walking,nordic_walking,True,0.00023032878,0.0012549896,0.0003158774,0.2975173,0.011460278,0.00056097156,0.36410514,0.033679757,0.26314744,0.0007972644,0.00016193,0.026768742,0.36410514
pamap2,gnn_attention_adj,window,1,101,101,102,2786,2786,2786,6,3,7,4,nordic_walking,walking,False,0.0015293529,0.010168482,0.005025163,0.37002346,0.03366749,0.000804606,0.33483714,0.039504018,0.13010165,0.005654738,0.002048437,0.066635475,0.37002346
pamap2,gnn_attention_adj,window,1,101,101,102,2787,2787,2787,6,6,7,7,nordic_walking,nordic_walking,True,0.0001761078,0.0024623494,0.0003898995,0.08641546,0.012082964,0.00021765125,0.8099488,0.016104395,0.054693487,0.001318613,0.00028499524,0.015905282,0.8099488
pamap2,gnn_attention_adj,window,1,101,101,102,2788,2788,2788,6,6,7,7,nordic_walking,nordic_walking,True,6.970524e-05,0.0010836443,0.00025251787,0.26775444,0.003925054,0.0001909928,0.6067392,0.020786962,0.089655355,0.00091821747,0.00013848521,0.008485405,0.6067392
pamap2,gnn_attention_adj,window,1,101,101,102,2789,2789,2789,6,6,7,7,nordic_walking,nordic_walking,True,4.073721e-05,0.00071807246,0.00019427574,0.41821086,0.0021009012,0.00022984062,0.4496496,0.022428496,0.10037148,0.0010701963,0.000116946874,0.0048685665,0.4496496
pamap2,gnn_attention_adj,window,1,101,101,102,2790,2790,2790,6,6,7,7,nordic_walking,nordic_walking,True,3.6218287e-05,0.0006454835,0.00013215152,0.22405426,0.0019946978,0.00030445808,0.6612244,0.018802494,0.0875947,0.0011343155,0.00011301794,0.0039638425,0.6612244
pamap2,gnn_attention_adj,window,1,101,101,102,2791,2791,2791,6,6,7,7,nordic_walking,nordic_walking,True,8.325122e-05,0.0018874031,0.00024983028,0.09610714,0.005120637,0.0002801921,0.83239806,0.015509723,0.04047143,0.0024653133,0.0003137425,0.005113326,0.83239806
pamap2,gnn_attention_adj,window,1,101,101,102,2792,2792,2792,6,6,7,7,nordic_walking,nordic_walking,True,8.889306e-05,0.0018522957,0.00020973862,0.044682913,0.0054017813,0.00021747306,0.8932929,0.016015423,0.031756464,0.0016293582,0.00021180819,0.0046409834,0.8932929
pamap2,gnn_attention_adj,window,1,101,101,102,2793,2793,2793,6,6,7,7,nordic_walking,nordic_walking,True,6.677215e-05,0.0014279353,0.00030598883,0.112323776,0.004147822,0.00048778852,0.7495277,0.020168705,0.102278195,0.0019493983,0.00032689006,0.006989111,0.7495277
pamap2,gnn_attention_adj,window,1,101,101,102,2794,2794,2794,6,3,7,4,nordic_walking,walking,False,0.00035678144,0.0019622224,0.000986212,0.6324851,0.0054897773,0.0011880496,0.12769882,0.04710978,0.16521484,0.0029631697,0.0005257979,0.014019419,0.6324851
pamap2,gnn_attention_adj,window,1,101,101,102,2795,2795,2795,6,3,7,4,nordic_walking,walking,False,0.00041955782,0.0026956345,0.001265664,0.5360613,0.005070648,0.0024528785,0.16968125,0.061495822,0.20251419,0.0057570795,0.00095307094,0.011632925,0.5360613
pamap2,gnn_attention_adj,window,1,101,101,102,2796,2796,2796,6,3,7,4,nordic_walking,walking,False,0.00037081348,0.0027520813,0.0011324541,0.42949778,0.0053032152,0.002785032,0.23416136,0.056979783,0.24825022,0.005408426,0.0009895987,0.012369216,0.42949778
pamap2,gnn_attention_adj,window,1,101,101,102,2797,2797,2797,6,3,7,4,nordic_walking,walking,False,0.00022595219,0.0014254814,0.0005497515,0.5884563,0.0029534742,0.0012653053,0.17889589,0.052253693,0.16368407,0.0032340256,0.00035115043,0.006704988,0.5884563
pamap2,gnn_attention_adj,window,1,101,101,102,2798,2798,2798,6,6,7,7,nordic_walking,nordic_walking,True,9.678674e-06,0.00032125547,9.7339935e-06,0.0057706586,0.002560411,4.1456733e-05,0.96641636,0.010588645,0.013026834,0.000103580314,1.1838899e-05,0.001139645,0.96641636
pamap2,gnn_attention_adj,window,1,101,101,102,2799,2799,2799,6,6,7,7,nordic_walking,nordic_walking,True,1.478452e-05,0.00046757254,2.1252728e-05,0.01067563,0.002727316,5.1347433e-05,0.9624203,0.007976915,0.013857621,0.00017535358,2.5483265e-05,0.0015864819,0.9624203
pamap2,gnn_attention_adj,window,1,101,101,102,2800,2800,2800,6,6,7,7,nordic_walking,nordic_walking,True,2.2163711e-05,0.0005328588,3.061572e-05,0.0143867545,0.0032624363,8.9534165e-05,0.94844574,0.008521749,0.022079974,0.00026003216,3.7053076e-05,0.002330999,0.94844574
pamap2,gnn_attention_adj,window,1,101,101,102,2801,2801,2801,6,6,7,7,nordic_walking,nordic_walking,True,1.5608839e-05,0.00036443045,1.9853016e-05,0.01517636,0.0025369318,6.962e-05,0.9383561,0.01613962,0.025427405,0.0001701152,1.694372e-05,0.0017069416,0.9383561
pamap2,gnn_attention_adj,window,1,101,101,102,2802,2802,2802,6,6,7,7,nordic_walking,nordic_walking,True,1.293247e-05,0.00028189406,1.6452608e-05,0.015477028,0.0016535694,8.790399e-05,0.939417,0.013307639,0.028213974,0.00015498073,1.49004645e-05,0.0013616829,0.939417
pamap2,gnn_attention_adj,window,1,101,101,102,2803,2803,2803,6,6,7,7,nordic_walking,nordic_walking,True,4.8665086e-05,0.0008346384,0.00010795092,0.054949276,0.0028432047,0.00017579776,0.87696886,0.018351678,0.041303396,0.0006056341,7.787494e-05,0.0037329993,0.87696886
pamap2,gnn_attention_adj,window,1,101,101,102,2804,2804,2804,6,6,7,7,nordic_walking,nordic_walking,True,2.259518e-05,0.0005237119,3.432861e-05,0.014884001,0.0027826736,9.017255e-05,0.9467918,0.010880461,0.021507297,0.00024510297,3.5311405e-05,0.0022025453,0.9467918
pamap2,gnn_attention_adj,window,1,101,101,102,2805,2805,2805,6,6,7,7,nordic_walking,nordic_walking,True,4.880361e-05,0.0010768429,0.00010316974,0.030145334,0.0052885106,0.00011171587,0.91465855,0.017162252,0.026278695,0.00053782127,8.6023254e-05,0.0045023216,0.91465855
pamap2,gnn_attention_adj,window,1,101,101,102,2806,2806,2806,6,3,7,4,nordic_walking,walking,False,0.00032652408,0.0024491805,0.0009338692,0.55321825,0.011090521,0.00043220053,0.24825384,0.03368413,0.1243701,0.0019149713,0.00040528402,0.022921158,0.55321825
pamap2,gnn_attention_adj,window,1,101,101,102,2807,2807,2807,6,3,7,4,nordic_walking,walking,False,0.00037302528,0.0028961406,0.0011901894,0.46730265,0.010073259,0.0007087118,0.30135003,0.039575197,0.15047741,0.0024878778,0.00059328874,0.02297232,0.46730265
pamap2,gnn_attention_adj,window,1,101,101,102,2808,2808,2808,6,6,7,7,nordic_walking,nordic_walking,True,2.4678586e-05,0.00073570176,4.2422875e-05,0.018789807,0.005630596,6.901309e-05,0.9375037,0.008721831,0.024438543,0.00030424926,5.1112205e-05,0.0036882497,0.9375037
pamap2,gnn_attention_adj,window,1,101,101,102,2809,2809,2809,6,6,7,7,nordic_walking,nordic_walking,True,2.2955433e-05,0.0005597467,4.6982335e-05,0.030202761,0.0029034554,8.243699e-05,0.917567,0.01524018,0.030366918,0.0002813295,3.6443962e-05,0.0026897388,0.917567
pamap2,gnn_attention_adj,window,1,101,101,102,2810,2810,2810,6,6,7,7,nordic_walking,nordic_walking,True,5.131145e-05,0.0010485514,0.000123197,0.12415263,0.007815795,6.795349e-05,0.77113986,0.036499653,0.05088814,0.00044243084,5.5087858e-05,0.0077154767,0.77113986
pamap2,gnn_attention_adj,window,1,101,101,102,2811,2811,2811,6,6,7,7,nordic_walking,nordic_walking,True,6.451593e-05,0.00092004356,0.0001992778,0.27927876,0.0058367,8.571999e-05,0.5687808,0.053105813,0.08090107,0.00048094513,5.5615095e-05,0.010290787,0.5687808
pamap2,gnn_attention_adj,window,1,101,101,102,2812,2812,2812,6,6,7,7,nordic_walking,nordic_walking,True,3.828708e-05,0.0006071748,8.4287225e-05,0.06903949,0.0039271177,0.00017494675,0.8115879,0.02122852,0.086512834,0.00039448062,5.890249e-05,0.0063460027,0.8115879
pamap2,gnn_attention_adj,window,1,101,101,102,2813,2813,2813,6,6,7,7,nordic_walking,nordic_walking,True,2.7143951e-05,0.0005239386,5.719694e-05,0.04934054,0.0034525315,0.000120236,0.8629458,0.01949106,0.05924639,0.00029398256,4.2461317e-05,0.004458644,0.8629458
pamap2,gnn_attention_adj,window,1,101,101,102,2814,2814,2814,6,6,7,7,nordic_walking,nordic_walking,True,1.9034867e-05,0.00044694165,4.030566e-05,0.032503203,0.0021132808,8.389228e-05,0.9109392,0.014352887,0.036671292,0.00020484718,2.900661e-05,0.002596013,0.9109392
pamap2,gnn_attention_adj,window,1,101,101,102,2815,2815,2815,6,6,7,7,nordic_walking,nordic_walking,True,8.355166e-05,0.00089005154,0.00023034026,0.15952905,0.0027285335,0.0011161533,0.53955305,0.023541324,0.26304343,0.0013151881,0.00020954545,0.00775977,0.53955305
pamap2,gnn_attention_adj,window,1,101,101,102,2816,2816,2816,6,6,7,7,nordic_walking,nordic_walking,True,0.00018805778,0.0021197842,0.0006940917,0.3267048,0.005352646,0.0007607405,0.4911792,0.038854722,0.1200129,0.0034717133,0.00047343597,0.01018799,0.4911792
pamap2,gnn_attention_adj,window,1,101,101,102,2817,2817,2817,6,6,7,7,nordic_walking,nordic_walking,True,8.727239e-05,0.0012179369,0.00021099253,0.079476774,0.0050503,0.0003503327,0.79935485,0.020514369,0.0843919,0.0011042879,0.00016812312,0.008072816,0.79935485
pamap2,gnn_attention_adj,window,1,101,101,102,2818,2818,2818,6,6,7,7,nordic_walking,nordic_walking,True,3.3876564e-05,0.0005853422,9.2423026e-05,0.06402965,0.0022774322,0.0002498503,0.828519,0.013225422,0.08588294,0.0005791026,7.8804005e-05,0.004446189,0.828519
pamap2,gnn_attention_adj,window,1,101,101,102,2819,2819,2819,6,6,7,7,nordic_walking,nordic_walking,True,1.9337562e-05,0.0003943531,4.4789223e-05,0.03794192,0.0019759962,0.0001321611,0.88654685,0.010533924,0.058970753,0.00030473754,3.8232145e-05,0.0030969016,0.88654685
pamap2,gnn_attention_adj,window,1,101,101,102,2820,2820,2820,6,6,7,7,nordic_walking,nordic_walking,True,0.00024904934,0.003776218,0.0006206904,0.076124825,0.013286047,0.0002324142,0.8277016,0.024274785,0.03756888,0.002379935,0.00040604558,0.013379443,0.8277016
pamap2,gnn_attention_adj,window,1,101,101,102,2821,2821,2821,6,6,7,7,nordic_walking,nordic_walking,True,0.0001872432,0.003158113,0.0005122688,0.12008987,0.00954934,0.00031522426,0.7832475,0.016184734,0.052858237,0.0025003802,0.00045860218,0.010938452,0.7832475
pamap2,gnn_attention_adj,window,1,101,101,102,2822,2822,2822,6,6,7,7,nordic_walking,nordic_walking,True,5.3355096e-05,0.00087295234,0.00024187459,0.18497497,0.0021903687,0.0005839602,0.619044,0.022687972,0.16197278,0.0013983723,0.00019684265,0.0057825292,0.619044
pamap2,gnn_attention_adj,window,1,101,101,102,2823,2823,2823,6,6,7,7,nordic_walking,nordic_walking,True,2.256654e-05,0.00043005054,4.9199636e-05,0.044010974,0.0021733048,0.00013601476,0.8815725,0.013954641,0.054141674,0.00029279306,3.9842816e-05,0.0031765886,0.8815725
pamap2,gnn_attention_adj,window,1,101,101,102,2824,2824,2824,6,6,7,7,nordic_walking,nordic_walking,True,4.9194772e-05,0.0009867159,0.00015983432,0.097548984,0.0032789665,0.00017125983,0.82469624,0.018919006,0.048283603,0.00077113946,0.00011983694,0.0050152424,0.82469624
pamap2,gnn_attention_adj,window,1,101,101,102,2825,2825,2825,6,6,7,7,nordic_walking,nordic_walking,True,0.00014259695,0.0022971958,0.0005287313,0.22046745,0.0066536986,0.0005510681,0.63529474,0.02321852,0.09687892,0.002946887,0.00045978412,0.010560476,0.63529474
pamap2,gnn_attention_adj,window,1,101,101,102,2826,2826,2826,6,6,7,7,nordic_walking,nordic_walking,True,5.8205675e-05,0.00082000496,0.00012172825,0.089109585,0.002785217,0.0004274851,0.79136246,0.025041565,0.08490925,0.0012447723,0.00011132519,0.0040084445,0.79136246
pamap2,gnn_attention_adj,window,1,101,101,102,2827,2827,2827,6,6,7,7,nordic_walking,nordic_walking,True,1.1655555e-05,0.00026512847,1.5371268e-05,0.014838648,0.0013584446,8.0390586e-05,0.94641733,0.012218705,0.02356066,0.00018556228,1.37442785e-05,0.0010343489,0.94641733
pamap2,gnn_attention_adj,window,1,101,101,102,2828,2828,2828,6,6,7,7,nordic_walking,nordic_walking,True,1.3407647e-05,0.00028724584,1.7649149e-05,0.019458078,0.0019562943,7.6813114e-05,0.93100375,0.014294366,0.03109457,0.00015470987,1.4582788e-05,0.0016286145,0.93100375
pamap2,gnn_attention_adj,window,1,101,101,102,2829,2829,2829,6,6,7,7,nordic_walking,nordic_walking,True,1.8052806e-05,0.0005102738,2.6414566e-05,0.01503305,0.0033237652,7.414268e-05,0.9475211,0.008428179,0.022640072,0.00023711588,3.3113563e-05,0.0021547468,0.9475211
pamap2,gnn_attention_adj,window,1,101,101,102,2830,2830,2830,6,3,7,4,nordic_walking,walking,False,0.0004491791,0.0024989583,0.0009375053,0.5683132,0.0053695366,0.0021365855,0.16507941,0.055793643,0.18296796,0.005050001,0.00072304334,0.010680962,0.5683132
pamap2,gnn_attention_adj,window,1,101,101,102,2831,2831,2831,6,3,7,4,nordic_walking,walking,False,0.00029297726,0.0022164427,0.0008831527,0.7041675,0.004337443,0.00081708224,0.14278555,0.042564437,0.08918435,0.0045476914,0.00053431425,0.007668951,0.7041675
pamap2,gnn_attention_adj,window,1,101,101,102,2832,2832,2832,6,3,7,4,nordic_walking,walking,False,0.00028551425,0.0016574542,0.000819025,0.78680366,0.0031326928,0.000713994,0.07961117,0.043040738,0.07361826,0.003695113,0.00040476947,0.0062177572,0.78680366
pamap2,gnn_attention_adj,window,1,101,101,102,2833,2833,2833,6,3,7,4,nordic_walking,walking,False,0.000329942,0.0010423724,0.00078019925,0.8909446,0.0022668247,0.00034499512,0.024303988,0.034722835,0.03780227,0.002344219,0.00021739985,0.0049003563,0.8909446
pamap2,gnn_attention_adj,window,1,101,101,102,2834,2834,2834,6,3,7,4,nordic_walking,walking,False,0.0004224575,0.0010277238,0.0009332346,0.908167,0.0025938402,0.00026979094,0.013011893,0.03267336,0.032925572,0.001979049,0.00020964383,0.005786437,0.908167
pamap2,gnn_attention_adj,window,1,101,101,102,2835,2835,2835,6,3,7,4,nordic_walking,walking,False,0.00014301237,0.00052828365,0.00037563898,0.88201034,0.0013809823,0.00023952534,0.02919819,0.030779833,0.050211195,0.0010749246,9.5992364e-05,0.003962133,0.88201034
pamap2,gnn_attention_adj,window,1,101,101,102,2836,2836,2836,6,6,7,7,nordic_walking,nordic_walking,True,6.932408e-05,0.0010815914,0.0002020065,0.10935081,0.004490059,0.00042547096,0.7285389,0.02118596,0.12519069,0.001140021,0.0001815883,0.008143588,0.7285389
pamap2,gnn_attention_adj,window,1,101,101,102,2837,2837,2837,6,6,7,7,nordic_walking,nordic_walking,True,0.00011236674,0.0017381615,0.0003655378,0.09292526,0.0053021526,0.00040493498,0.79118717,0.016931675,0.07975362,0.0017096121,0.000304761,0.00926472,0.79118717
pamap2,gnn_attention_adj,window,1,101,101,102,2838,2838,2838,6,6,7,7,nordic_walking,nordic_walking,True,7.7733384e-05,0.0011908587,0.00022043001,0.09685593,0.0046868576,0.00024076972,0.79900897,0.016505476,0.07181062,0.0009996197,0.00015495264,0.0082478225,0.79900897
pamap2,gnn_attention_adj,window,1,101,101,102,2839,2839,2839,6,6,7,7,nordic_walking,nordic_walking,True,0.00014068003,0.0021675385,0.00043982425,0.10133079,0.0071702045,0.0002689796,0.795546,0.023863843,0.05680709,0.0015915327,0.00027580388,0.010397688,0.795546
pamap2,gnn_attention_adj,window,1,101,101,102,2840,2840,2840,6,6,7,7,nordic_walking,nordic_walking,True,6.218023e-05,0.0012673866,0.00012729119,0.037333533,0.005139408,0.00016234169,0.9040857,0.011257914,0.03455286,0.00070983643,0.00012422704,0.0051772157,0.9040857
pamap2,gnn_attention_adj,window,1,101,101,102,2841,2841,2841,6,6,7,7,nordic_walking,nordic_walking,True,0.00013454398,0.0019449801,0.00037696998,0.08233849,0.004773259,0.0002779772,0.83212674,0.017054737,0.051485807,0.0012930143,0.00023651247,0.0079570105,0.83212674
pamap2,gnn_attention_adj,window,1,101,101,102,2842,2842,2842,6,6,7,7,nordic_walking,nordic_walking,True,4.2186188e-05,0.0009983417,7.6955264e-05,0.024581896,0.005032352,8.133757e-05,0.9322553,0.0126664955,0.019982668,0.0003840521,6.701885e-05,0.003831379,0.9322553
pamap2,gnn_attention_adj,window,1,101,101,102,2843,2843,2843,6,6,7,7,nordic_walking,nordic_walking,True,4.080189e-05,0.00089968817,8.303938e-05,0.03872622,0.004924723,7.7582496e-05,0.8814562,0.04014249,0.029259134,0.00035290958,4.4216176e-05,0.003992988,0.8814562
pamap2,gnn_attention_adj,window,1,101,101,102,2844,2844,2844,6,6,7,7,nordic_walking,nordic_walking,True,6.306283e-05,0.0008564067,0.00015134753,0.11035809,0.0039452477,0.0003473643,0.74205196,0.019963156,0.11404578,0.0009269605,0.00012236701,0.0071683046,0.74205196
pamap2,gnn_attention_adj,window,1,101,101,102,2845,2845,2845,6,6,7,7,nordic_walking,nordic_walking,True,0.0003185699,0.0036287054,0.0009896555,0.22532588,0.013293224,0.0002574226,0.6417669,0.026981866,0.06274612,0.0024703038,0.00045521828,0.021766083,0.6417669
pamap2,gnn_attention_adj,window,1,101,101,102,2846,2846,2846,6,6,7,7,nordic_walking,nordic_walking,True,0.00019050846,0.0026563753,0.00041547389,0.0731564,0.012734256,0.00022793941,0.8286695,0.014078179,0.049601138,0.0014661967,0.00032235877,0.016481696,0.8286695
pamap2,gnn_attention_adj,window,1,101,101,102,2847,2847,2847,6,6,7,7,nordic_walking,nordic_walking,True,4.2908767e-05,0.0008787116,9.920051e-05,0.042276938,0.0033211666,0.00015905,0.9012993,0.008891018,0.038167328,0.00067471433,9.666468e-05,0.0040929853,0.9012993
pamap2,gnn_attention_adj,window,1,101,101,102,2848,2848,2848,6,6,7,7,nordic_walking,nordic_walking,True,3.8512007e-05,0.0009566597,0.000108834596,0.061365385,0.0035111997,0.00015927898,0.87539107,0.015573679,0.038391847,0.0008816705,0.00010654803,0.003515354,0.87539107
pamap2,gnn_attention_adj,window,1,101,101,102,2849,2849,2849,6,6,7,7,nordic_walking,nordic_walking,True,0.00024732403,0.0029246283,0.00058169314,0.1227736,0.00955998,0.0004795887,0.7485678,0.03276844,0.06745896,0.0026400432,0.00040927297,0.0115886275,0.7485678
pamap2,gnn_attention_adj,window,1,101,101,102,2850,2850,2850,6,6,7,7,nordic_walking,nordic_walking,True,8.6091226e-05,0.001158104,0.00027188545,0.12708232,0.0035859167,0.0005940119,0.69740486,0.021718604,0.13859354,0.0014253763,0.00022342718,0.007855909,0.69740486
pamap2,gnn_attention_adj,window,1,101,101,102,2851,2851,2851,6,6,7,7,nordic_walking,nordic_walking,True,4.816645e-05,0.0008296195,0.00012608273,0.063888356,0.0032106682,0.00019809151,0.84693414,0.020199168,0.05903259,0.0006489452,8.826951e-05,0.00479595,0.84693414
pamap2,gnn_attention_adj,window,1,101,101,102,2852,2852,2852,6,6,7,7,nordic_walking,nordic_walking,True,2.1111451e-05,0.00053328293,4.1944553e-05,0.023659445,0.002240959,9.23109e-05,0.931433,0.012813844,0.026834717,0.00031085007,3.6727073e-05,0.0019817154,0.931433
pamap2,gnn_attention_adj,window,1,101,101,102,2853,2853,2853,6,6,7,7,nordic_walking,nordic_walking,True,1.1876431e-05,0.00032645182,1.938187e-05,0.016526869,0.0013878403,6.290528e-05,0.95018667,0.011090547,0.019054135,0.0001581867,1.7616305e-05,0.0011575305,0.95018667
pamap2,gnn_attention_adj,window,1,101,101,102,2854,2854,2854,6,6,7,7,nordic_walking,nordic_walking,True,2.1732227e-05,0.0007699095,3.876184e-05,0.01642967,0.0033222665,5.4393786e-05,0.9489043,0.015151788,0.013235624,0.00029104526,3.9126255e-05,0.0017413094,0.9489043
pamap2,gnn_attention_adj,window,1,101,101,102,2855,2855,2855,6,6,7,7,nordic_walking,nordic_walking,True,2.992281e-05,0.0007926163,5.0938143e-05,0.018237732,0.0031305111,0.0001029553,0.9450198,0.010427387,0.019626385,0.000428424,5.751717e-05,0.0020957093,0.9450198
pamap2,gnn_attention_adj,window,1,101,101,102,2856,2856,2856,6,6,7,7,nordic_walking,nordic_walking,True,2.320059e-05,0.0007167761,3.5541085e-05,0.008231986,0.0023662536,0.00010256388,0.9661955,0.005662941,0.0148310065,0.00037967405,5.6600817e-05,0.001397935,0.9661955
pamap2,gnn_attention_adj,window,1,101,101,102,2857,2857,2857,6,6,7,7,nordic_walking,nordic_walking,True,1.237902e-05,0.00047649886,1.7499424e-05,0.0067134365,0.002151617,4.773177e-05,0.9731415,0.006446405,0.009740612,0.0001645163,2.4924835e-05,0.0010629394,0.9731415
pamap2,gnn_attention_adj,window,1,101,101,102,2858,2858,2858,6,6,7,7,nordic_walking,nordic_walking,True,1.0414537e-05,0.00037749152,1.7614158e-05,0.014193162,0.0019171094,4.0757765e-05,0.9574822,0.010847569,0.013775867,0.00014629783,1.7537255e-05,0.0011739739,0.9574822
pamap2,gnn_attention_adj,window,1,101,101,102,2859,2859,2859,6,6,7,7,nordic_walking,nordic_walking,True,7.433642e-06,0.00027946298,1.0554329e-05,0.0073372037,0.0018912622,3.3150816e-05,0.97037023,0.0077521345,0.011190067,9.580877e-05,1.2600967e-05,0.0010201159,0.97037023
pamap2,gnn_attention_adj,window,1,101,101,102,2860,2860,2860,6,6,7,7,nordic_walking,nordic_walking,True,1.6690747e-05,0.00045630313,3.5179302e-05,0.02850204,0.0021910898,6.2471176e-05,0.92521226,0.018262742,0.023006579,0.00020505929,2.5794641e-05,0.0020237584,0.92521226
pamap2,gnn_attention_adj,window,1,101,101,102,2861,2861,2861,6,6,7,7,nordic_walking,nordic_walking,True,4.044277e-05,0.00072369934,0.00012422442,0.11719531,0.0027134144,0.00015245934,0.78663766,0.021553408,0.06544563,0.0006274374,7.0775146e-05,0.0047156396,0.78663766
pamap2,gnn_attention_adj,window,1,101,101,102,2862,2862,2862,6,6,7,7,nordic_walking,nordic_walking,True,0.00012474407,0.0021048465,0.0002982688,0.06866786,0.008042923,0.00030198132,0.83985806,0.019670658,0.05057647,0.0015268149,0.00027149782,0.008555876,0.83985806
pamap2,gnn_attention_adj,window,1,101,101,102,2863,2863,2863,6,6,7,7,nordic_walking,nordic_walking,True,3.5251822e-05,0.00094313454,6.55216e-05,0.028718302,0.005508873,6.6518514e-05,0.92385995,0.014288601,0.02233183,0.00034141168,5.4891723e-05,0.0037857217,0.92385995
pamap2,gnn_attention_adj,window,1,101,101,102,2864,2864,2864,6,6,7,7,nordic_walking,nordic_walking,True,0.00018084089,0.0027611917,0.0005316043,0.10906322,0.012683271,0.00019545022,0.78071654,0.025813114,0.050088003,0.0016032001,0.0003092065,0.016054414,0.78071654
pamap2,gnn_attention_adj,window,1,101,101,102,2865,2865,2865,6,6,7,7,nordic_walking,nordic_walking,True,0.00012211002,0.0022770967,0.00033402722,0.09516412,0.010595964,0.00015308625,0.82039464,0.020979168,0.03780743,0.0014372361,0.0002335253,0.010501581,0.82039464
pamap2,gnn_attention_adj,window,1,101,101,102,2866,2866,2866,6,6,7,7,nordic_walking,nordic_walking,True,4.868855e-05,0.0010341088,0.00011805593,0.03921343,0.004135183,0.00013999661,0.90076846,0.017740747,0.031882696,0.0006571444,9.560013e-05,0.0041658795,0.90076846
pamap2,gnn_attention_adj,window,1,101,101,102,2867,2867,2867,6,6,7,7,nordic_walking,nordic_walking,True,0.00015595541,0.0020990598,0.00042257088,0.18806994,0.008606756,0.00039875953,0.6726848,0.027507937,0.085605256,0.00205701,0.0003240804,0.012067891,0.6726848
pamap2,gnn_attention_adj,window,1,101,101,102,2868,2868,2868,6,6,7,7,nordic_walking,nordic_walking,True,0.0012520502,0.012209488,0.0028960977,0.15672058,0.04358812,0.00043418957,0.63743246,0.027231466,0.06107643,0.006337767,0.0016683426,0.049152985,0.63743246
pamap2,gnn_attention_adj,window,1,101,101,102,2869,2869,2869,6,6,7,7,nordic_walking,nordic_walking,True,0.0013613419,0.013706027,0.0029998303,0.14079735,0.049153417,0.0004431574,0.63831013,0.023747932,0.06717129,0.005796165,0.0018092542,0.05470406,0.63831013
pamap2,gnn_attention_adj,window,1,101,101,102,2870,2870,2870,6,6,7,7,nordic_walking,nordic_walking,True,0.00014420238,0.0019440958,0.0004975098,0.2199743,0.0059931153,0.0004290208,0.63060176,0.029733457,0.097813606,0.0019955535,0.00032300554,0.010550373,0.63060176
pamap2,gnn_attention_adj,window,1,101,101,102,2871,2871,2871,6,3,7,4,nordic_walking,walking,False,0.0005546849,0.0044614263,0.0018415393,0.5358912,0.00782061,0.001910634,0.21496688,0.05444417,0.15540364,0.0070604086,0.0014470089,0.014197874,0.5358912
pamap2,gnn_attention_adj,window,1,101,101,102,2872,2872,2872,6,6,7,7,nordic_walking,nordic_walking,True,0.0001797096,0.0029707241,0.00073281466,0.1114417,0.0071438705,0.0006768459,0.7590157,0.019227406,0.08298645,0.0032152354,0.0007812933,0.0116282655,0.7590157
pamap2,gnn_attention_adj,window,1,101,101,102,2873,2873,2873,6,6,7,7,nordic_walking,nordic_walking,True,0.00016189579,0.0024547698,0.0006050591,0.1734267,0.012224891,0.00031323291,0.6772025,0.025071165,0.0867585,0.0020121213,0.00039078124,0.019378314,0.6772025
pamap2,gnn_attention_adj,window,1,101,101,102,2874,2874,2874,6,6,7,7,nordic_walking,nordic_walking,True,9.96089e-05,0.001472719,0.00027069304,0.13826993,0.006117812,0.00034456074,0.7366264,0.027848795,0.0786648,0.0016655228,0.00021059629,0.008408559,0.7366264
pamap2,gnn_attention_adj,window,1,101,101,102,2875,2875,2875,6,6,7,7,nordic_walking,nordic_walking,True,6.451893e-05,0.0012879819,0.00024435518,0.071026966,0.0033915504,0.00090868125,0.7553041,0.014353103,0.14488535,0.001872324,0.00036937508,0.006291779,0.7553041
pamap2,gnn_attention_adj,window,1,101,101,102,2876,2876,2876,6,6,7,7,nordic_walking,nordic_walking,True,4.307986e-05,0.00078582607,0.00014300192,0.08872085,0.0024060486,0.00043318642,0.7964731,0.015132881,0.09001407,0.0011278832,0.00016881863,0.0045513227,0.7964731
pamap2,gnn_attention_adj,window,1,101,101,102,2877,2877,2877,6,6,7,7,nordic_walking,nordic_walking,True,0.00013461,0.0017102028,0.0004422791,0.16229962,0.005749571,0.0002935516,0.7162343,0.023595408,0.07635942,0.0014633456,0.00024653506,0.011471153,0.7162343
pamap2,gnn_attention_adj,window,1,101,101,102,2878,2878,2878,6,6,7,7,nordic_walking,nordic_walking,True,0.00016349548,0.002086821,0.0005121545,0.120039806,0.0066778557,0.00037454377,0.76202697,0.020795455,0.0730356,0.0018781937,0.0003437482,0.012065311,0.76202697
pamap2,gnn_attention_adj,window,1,101,101,102,2879,2879,2879,6,6,7,7,nordic_walking,nordic_walking,True,4.4607365e-05,0.0009381456,0.0001243273,0.05438518,0.0030716711,0.00021634673,0.8688539,0.022968333,0.04497234,0.0010010088,0.00010767956,0.0033164304,0.8688539
pamap2,gnn_attention_adj,window,1,101,101,102,2880,2880,2880,6,6,7,7,nordic_walking,nordic_walking,True,3.4921e-05,0.00069074746,7.2548624e-05,0.03548141,0.002999709,0.00013924217,0.8977162,0.01944663,0.03981529,0.00046697364,5.4102282e-05,0.0030823054,0.8977162
pamap2,gnn_attention_adj,window,1,101,101,102,2881,2881,2881,6,6,7,7,nordic_walking,nordic_walking,True,0.00012300446,0.002071455,0.00031626498,0.07723862,0.007586814,0.00017795626,0.83414936,0.029164398,0.03949255,0.001155655,0.00018743264,0.008336483,0.83414936
pamap2,gnn_attention_adj,window,1,101,101,102,2882,2882,2882,6,6,7,7,nordic_walking,nordic_walking,True,4.3400752e-05,0.0012262884,8.40018e-05,0.015791586,0.0060902108,7.2404546e-05,0.93929636,0.018734582,0.014535202,0.00041756235,7.588604e-05,0.0036324214,0.93929636
pamap2,gnn_attention_adj,window,1,101,101,102,2883,2883,2883,6,6,7,7,nordic_walking,nordic_walking,True,1.2081484e-05,0.00042743032,2.4799527e-05,0.014556351,0.0021734762,4.374316e-05,0.9509497,0.014557885,0.015474326,0.0001523258,2.1616801e-05,0.0016062931,0.9509497
pamap2,gnn_attention_adj,window,1,101,101,102,2884,2884,2884,6,6,7,7,nordic_walking,nordic_walking,True,1.4115468e-05,0.0003538279,2.8784458e-05,0.03740651,0.001361715,6.878322e-05,0.9175852,0.013524022,0.027846955,0.00019829159,2.058897e-05,0.0015912458,0.9175852
pamap2,gnn_attention_adj,window,1,101,101,102,2885,2885,2885,6,6,7,7,nordic_walking,nordic_walking,True,2.2686505e-05,0.0005911596,4.3864333e-05,0.030613359,0.002209431,8.078757e-05,0.9267334,0.015276699,0.022197526,0.00032581898,3.69074e-05,0.0018684018,0.9267334
pamap2,gnn_attention_adj,window,1,101,101,102,2886,2886,2886,6,6,7,7,nordic_walking,nordic_walking,True,1.1349663e-05,0.00040658296,1.6500531e-05,0.010412484,0.002087465,4.927662e-05,0.9638772,0.009190716,0.012665965,0.00017921762,2.0215371e-05,0.0010829542,0.9638772
pamap2,gnn_attention_adj,window,1,101,101,102,2887,2887,2887,6,6,7,7,nordic_walking,nordic_walking,True,1.529841e-05,0.00031960732,9.833287e-06,0.0038800035,0.002775076,9.812795e-05,0.9411753,0.021209227,0.028802227,0.00012176936,1.0473021e-05,0.0015830208,0.9411753
pamap2,gnn_attention_adj,window,1,101,101,102,2888,2888,2888,6,6,7,7,nordic_walking,nordic_walking,True,1.9453815e-05,0.00027767316,1.719241e-05,0.00759509,0.0022037295,0.00030466574,0.8737258,0.014656285,0.09841074,0.00021262668,2.0711837e-05,0.0025560416,0.8737258
pamap2,gnn_attention_adj,window,1,101,101,102,2889,2889,2889,6,6,7,7,nordic_walking,nordic_walking,True,6.6497734e-05,0.0012114713,0.00016618863,0.052204326,0.0035572504,0.0002701488,0.8749045,0.01741645,0.044714447,0.0012654834,0.00015228061,0.004070962,0.8749045
pamap2,gnn_attention_adj,window,1,101,101,102,2890,2890,2890,6,6,7,7,nordic_walking,nordic_walking,True,2.8149285e-05,0.00076075335,8.176787e-05,0.038013585,0.0024419187,0.00022560883,0.9047668,0.010364447,0.039638497,0.0010209294,0.000118333446,0.0025392885,0.9047668
pamap2,gnn_attention_adj,window,1,101,101,102,2891,2891,2891,6,6,7,7,nordic_walking,nordic_walking,True,4.702843e-05,0.0012212011,0.00016605444,0.03605539,0.0036906914,0.00039573596,0.8826801,0.01199551,0.05748402,0.0015448953,0.00026832955,0.004450966,0.8826801
pamap2,gnn_attention_adj,window,1,101,101,102,2892,2892,2892,6,6,7,7,nordic_walking,nordic_walking,True,3.5094567e-05,0.00084144995,5.4031174e-05,0.033583816,0.006198703,8.568714e-05,0.9079656,0.014025564,0.032454327,0.0003206715,5.2583e-05,0.0043824688,0.9079656
pamap2,gnn_attention_adj,window,1,101,101,102,2893,2893,2893,6,6,7,7,nordic_walking,nordic_walking,True,3.5087887e-05,0.0010536296,8.856852e-05,0.032430064,0.006796661,5.4670127e-05,0.8999212,0.029946279,0.024295764,0.00031947612,5.5450037e-05,0.005003196,0.8999212
pamap2,gnn_attention_adj,window,1,101,101,102,2894,2894,2894,6,6,7,7,nordic_walking,nordic_walking,True,1.9269632e-05,0.00062287337,4.687009e-05,0.017129779,0.0030204833,6.3559266e-05,0.9419188,0.014208857,0.020084407,0.00021133227,4.043904e-05,0.002633274,0.9419188
pamap2,gnn_attention_adj,window,1,101,101,102,2895,2895,2895,6,6,7,7,nordic_walking,nordic_walking,True,6.3320156e-05,0.0011448256,0.00018527631,0.057048745,0.0033812127,0.0002886823,0.8606853,0.012796447,0.05790193,0.0011507322,0.00017151443,0.005182106,0.8606853
pamap2,gnn_attention_adj,window,1,101,101,102,2896,2896,2896,6,6,7,7,nordic_walking,nordic_walking,True,6.216421e-05,0.0010655022,0.0001553426,0.10776599,0.00565881,0.00015524308,0.7935736,0.018953284,0.063833125,0.0007401911,0.000103036655,0.007933678,0.7935736
pamap2,gnn_attention_adj,window,1,101,101,102,2897,2897,2897,6,6,7,7,nordic_walking,nordic_walking,True,2.0824988e-05,0.00040949037,3.844295e-05,0.034701318,0.002387287,0.000121382196,0.8941649,0.013204199,0.051705867,0.00029420265,3.2261632e-05,0.0029198441,0.8941649
pamap2,gnn_attention_adj,window,1,101,101,102,2898,2898,2898,6,6,7,7,nordic_walking,nordic_walking,True,2.9738647e-05,0.000670267,7.361909e-05,0.041520808,0.0030691768,0.00014737002,0.89046675,0.0125939865,0.04717962,0.0005257164,6.8444664e-05,0.0036545116,0.89046675
pamap2,gnn_attention_adj,window,1,101,101,102,2899,2899,2899,6,6,7,7,nordic_walking,nordic_walking,True,2.0483852e-05,0.00043946647,5.4401513e-05,0.07146649,0.002186206,8.3633226e-05,0.852573,0.019719103,0.049861636,0.00026233858,3.0454816e-05,0.003302751,0.852573
pamap2,gnn_attention_adj,window,1,101,101,102,2900,2900,2900,6,6,7,7,nordic_walking,nordic_walking,True,0.00025619718,0.0032785966,0.000751878,0.13352242,0.014119569,0.00024517343,0.7408714,0.030029284,0.055064045,0.0020650586,0.0003990969,0.019397244,0.7408714
pamap2,gnn_attention_adj,window,1,101,101,102,2901,2901,2901,6,6,7,7,nordic_walking,nordic_walking,True,0.00032291978,0.004164133,0.0009979099,0.13137613,0.013947437,0.00036992968,0.73933995,0.023299634,0.063007176,0.0031844408,0.00065563724,0.019334689,0.73933995
pamap2,gnn_attention_adj,window,1,101,101,102,2902,2902,2902,6,6,7,7,nordic_walking,nordic_walking,True,5.23674e-05,0.00083881227,0.000118940625,0.06918989,0.0037600773,0.00021267089,0.82743996,0.022129968,0.07031931,0.00065175706,8.179255e-05,0.005204424,0.82743996
pamap2,gnn_attention_adj,window,1,101,101,102,2903,2903,2903,6,6,7,7,nordic_walking,nordic_walking,True,2.1924407e-05,0.00042293887,3.7959657e-05,0.03561635,0.002589156,9.832961e-05,0.8918442,0.017413335,0.04865618,0.00021127482,2.5991345e-05,0.0030624066,0.8918442
pamap2,gnn_attention_adj,window,1,101,101,102,2904,2904,2904,6,6,7,7,nordic_walking,nordic_walking,True,0.00013086667,0.002020215,0.0003242999,0.07763724,0.0062526963,0.00019848422,0.84267837,0.020593842,0.04041929,0.0011050951,0.00019990631,0.008439687,0.84267837
pamap2,gnn_attention_adj,window,1,101,101,102,2905,2905,2905,6,6,7,7,nordic_walking,nordic_walking,True,0.00012639366,0.0021427935,0.00030065735,0.04861778,0.006691832,0.00023759642,0.8807458,0.013555846,0.038293295,0.0013698996,0.00025295722,0.007665089,0.8807458
pamap2,gnn_attention_adj,window,1,101,101,102,2906,2906,2906,6,6,7,7,nordic_walking,nordic_walking,True,9.7224794e-05,0.001630976,0.00021564792,0.034586065,0.0056817126,0.00030547875,0.89044243,0.013134271,0.045936212,0.0012436622,0.00022059854,0.0065056314,0.89044243
pamap2,gnn_attention_adj,window,1,101,101,102,2907,2907,2907,6,6,7,7,nordic_walking,nordic_walking,True,3.425045e-05,0.00076828076,4.870441e-05,0.013710135,0.0040481635,0.00010892528,0.9473942,0.009480508,0.021150675,0.0003497236,5.794353e-05,0.0028485646,0.9473942
pamap2,gnn_attention_adj,window,1,101,101,102,2908,2908,2908,6,6,7,7,nordic_walking,nordic_walking,True,3.1845266e-05,0.00070501684,5.7576348e-05,0.026653709,0.0034284394,9.439562e-05,0.91562086,0.0221074,0.028103577,0.00033382032,4.2014108e-05,0.0028214015,0.91562086
pamap2,gnn_attention_adj,window,1,101,101,102,2909,2909,2909,6,6,7,7,nordic_walking,nordic_walking,True,0.00012218444,0.0015601576,0.00028754794,0.1213542,0.0051663723,0.0005696368,0.7403021,0.03013146,0.09095755,0.0020409783,0.00024927658,0.007258483,0.7403021
pamap2,gnn_attention_adj,window,1,101,101,102,2910,2910,2910,6,6,7,7,nordic_walking,nordic_walking,True,0.00060048566,0.007480869,0.0014784792,0.10445022,0.017809954,0.00057909556,0.75954014,0.03042995,0.05277716,0.005735956,0.0011821867,0.017935582,0.75954014
pamap2,gnn_attention_adj,window,1,101,101,102,2911,2911,2911,6,6,7,7,nordic_walking,nordic_walking,True,0.00062450604,0.0063350545,0.0016864197,0.2582545,0.019088654,0.00059297186,0.56800926,0.034058828,0.080187865,0.0050099827,0.0010892046,0.025062723,0.56800926
pamap2,gnn_attention_adj,window,1,101,101,102,2912,2912,2912,6,3,7,4,nordic_walking,walking,False,0.00050020596,0.0039879857,0.0018135282,0.41325676,0.011899042,0.0005538293,0.4014733,0.038626563,0.098065905,0.0038974695,0.00074881455,0.025176559,0.41325676
pamap2,gnn_attention_adj,window,1,101,101,102,2913,2913,2913,6,6,7,7,nordic_walking,nordic_walking,True,5.0366885e-05,0.0011144424,0.00012011478,0.051585108,0.0057401876,9.754987e-05,0.8895835,0.01416691,0.030963104,0.0005147466,9.267086e-05,0.005971282,0.8895835
pamap2,gnn_attention_adj,window,1,101,101,102,2914,2914,2914,6,6,7,7,nordic_walking,nordic_walking,True,0.000151035,0.0025392394,0.00032275106,0.048306752,0.011738451,0.00016852994,0.8817535,0.014847138,0.027393814,0.0012741317,0.00026188028,0.011242753,0.8817535
pamap2,gnn_attention_adj,window,1,101,101,102,2915,2915,2915,6,3,7,4,nordic_walking,walking,False,0.0008273113,0.0062406166,0.002687343,0.4210374,0.02222935,0.0005668547,0.37954605,0.031486627,0.08790719,0.0057357163,0.0012327596,0.040502787,0.4210374
pamap2,gnn_attention_adj,window,1,101,101,102,2916,2916,2916,6,6,7,7,nordic_walking,nordic_walking,True,4.1296516e-05,0.00062498084,0.00011386121,0.08682748,0.0026776686,0.0002694068,0.798793,0.01546832,0.08887687,0.00076661527,8.980607e-05,0.005450657,0.798793
pamap2,gnn_attention_adj,window,1,101,101,102,2917,2917,2917,6,6,7,7,nordic_walking,nordic_walking,True,5.707662e-05,0.00090001523,0.00014149681,0.060048867,0.0034247686,0.0003093777,0.85665333,0.01319424,0.05875674,0.0012215012,0.00014060579,0.005152088,0.85665333
pamap2,gnn_attention_adj,window,1,101,101,102,2918,2918,2918,6,3,7,4,nordic_walking,walking,False,0.00015116754,0.0017308345,0.00067158055,0.5067836,0.0051410296,0.00039153002,0.32540748,0.032483142,0.1134945,0.0021411101,0.00033395793,0.011269975,0.5067836
pamap2,gnn_attention_adj,window,1,101,101,102,2919,2919,2919,6,3,7,4,nordic_walking,walking,False,0.00038318956,0.0023685978,0.0010009448,0.6572854,0.007366061,0.00073713664,0.1625987,0.047340896,0.10337142,0.003406399,0.00052226917,0.013619047,0.6572854
pamap2,gnn_attention_adj,window,1,101,101,102,2920,2920,2920,6,6,7,7,nordic_walking,nordic_walking,True,3.6953697e-05,0.0010310564,0.00010189514,0.027338482,0.004052322,0.00016742952,0.9183731,0.012299637,0.03217246,0.000822711,0.00012645403,0.0034774633,0.9183731
pamap2,gnn_attention_adj,window,1,101,101,102,2921,2921,2921,6,6,7,7,nordic_walking,nordic_walking,True,4.1803065e-05,0.0006697918,0.000119266326,0.08397738,0.0027467867,0.00023316967,0.79327077,0.021667667,0.09128868,0.0006069733,8.1245744e-05,0.0052965367,0.79327077
pamap2,gnn_attention_adj,window,1,101,101,102,2922,2922,2922,6,6,7,7,nordic_walking,nordic_walking,True,4.9016093e-05,0.00060142693,0.00013248819,0.12245399,0.0025242926,0.00025638548,0.7092367,0.02304536,0.13441262,0.00054632855,6.899113e-05,0.006672438,0.7092367
pamap2,gnn_attention_adj,window,1,101,101,102,2923,2923,2923,6,6,7,7,nordic_walking,nordic_walking,True,5.1208117e-05,0.00089034124,0.00013866492,0.091982186,0.0032366074,0.00017714589,0.8132575,0.024784835,0.060116313,0.0006912371,8.064163e-05,0.00459338,0.8132575
pamap2,gnn_attention_adj,window,1,101,101,102,2924,2924,2924,6,6,7,7,nordic_walking,nordic_walking,True,3.3557815e-05,0.0006858255,7.2333576e-05,0.06080773,0.0037903464,9.05149e-05,0.8599334,0.023569034,0.046367235,0.00031346336,4.098936e-05,0.0042956625,0.8599334
pamap2,gnn_attention_adj,window,1,101,101,102,2925,2925,2925,6,6,7,7,nordic_walking,nordic_walking,True,3.850218e-05,0.00065358856,9.4667084e-05,0.07635565,0.0032014241,0.00014888679,0.8212107,0.01927704,0.07296938,0.0003925889,5.7876998e-05,0.0055997157,0.8212107
pamap2,gnn_attention_adj,window,1,101,101,102,2926,2926,2926,6,6,7,7,nordic_walking,nordic_walking,True,2.1352444e-05,0.0003894199,3.8434362e-05,0.029877216,0.002030439,0.00013887815,0.90239537,0.010367684,0.051570084,0.00026476875,3.474978e-05,0.0028716407,0.90239537
pamap2,gnn_attention_adj,window,1,101,101,102,2927,2927,2927,6,6,7,7,nordic_walking,nordic_walking,True,0.00010758259,0.0017091245,0.00028047222,0.0699026,0.005820524,0.00020283507,0.8514203,0.015605784,0.04517387,0.00096873473,0.00019146215,0.008616677,0.8514203
pamap2,gnn_attention_adj,window,1,101,101,102,2928,2928,2928,6,6,7,7,nordic_walking,nordic_walking,True,0.000375633,0.004074579,0.0008571994,0.14167626,0.02007201,0.0004843618,0.68725723,0.021960191,0.09161416,0.0025658342,0.0006470876,0.02841543,0.68725723
pamap2,gnn_attention_adj,window,1,101,101,102,2929,2929,2929,6,6,7,7,nordic_walking,nordic_walking,True,5.3857628e-05,0.0008419224,0.00016518985,0.15675989,0.0034494267,0.00017765925,0.7100914,0.030459445,0.091141835,0.00071334897,7.904172e-05,0.006066983,0.7100914
pamap2,gnn_attention_adj,window,1,101,101,102,2930,2930,2930,6,6,7,7,nordic_walking,nordic_walking,True,7.4502295e-06,0.0002164781,1.050192e-05,0.009720691,0.0017662069,4.8651982e-05,0.9497314,0.010211528,0.026719132,7.6635995e-05,1.0398651e-05,0.0014808091,0.9497314
pamap2,gnn_attention_adj,window,1,101,101,102,2931,2931,2931,6,6,7,7,nordic_walking,nordic_walking,True,3.2955133e-05,0.00085423497,7.476853e-05,0.0257692,0.0036181211,8.978421e-05,0.9312464,0.011464323,0.022901842,0.0003616672,6.671044e-05,0.0035200652,0.9312464
pamap2,gnn_attention_adj,window,1,101,101,102,2932,2932,2932,6,6,7,7,nordic_walking,nordic_walking,True,6.666395e-05,0.0013544282,0.00016283065,0.09325069,0.0065007815,0.00013532377,0.8296891,0.016346356,0.044711035,0.0008291175,0.00012334902,0.0068303994,0.8296891
pamap2,gnn_attention_adj,window,1,101,101,102,2933,2933,2933,6,6,7,7,nordic_walking,nordic_walking,True,0.00014681405,0.0025298619,0.000394797,0.10983983,0.008842094,0.0001694821,0.7986125,0.02761184,0.04069205,0.0014675058,0.00022662994,0.009466674,0.7986125
pamap2,gnn_attention_adj,window,1,101,101,102,2934,2934,2934,6,6,7,7,nordic_walking,nordic_walking,True,0.0001565774,0.0021296972,0.00036190645,0.08728151,0.011124629,0.00022144281,0.80203265,0.020019414,0.05919105,0.0011277035,0.00024077746,0.016112603,0.80203265
pamap2,gnn_attention_adj,window,1,101,101,102,2935,2935,2935,6,6,7,7,nordic_walking,nordic_walking,True,6.592402e-05,0.0010858761,0.00022779116,0.19780208,0.004028489,0.00012699701,0.6977077,0.025163047,0.06485393,0.0006601748,9.644732e-05,0.00818159,0.6977077
pamap2,gnn_attention_adj,window,1,101,101,102,2936,2936,2936,6,6,7,7,nordic_walking,nordic_walking,True,5.0264676e-05,0.0011107335,0.000101953505,0.032815002,0.004420378,0.00013561448,0.91818964,0.010190335,0.02807817,0.0005929173,0.00010371511,0.0042112614,0.91818964
pamap2,gnn_attention_adj,window,1,101,101,102,2937,2937,2937,6,6,7,7,nordic_walking,nordic_walking,True,5.392678e-05,0.0010245381,0.000107439075,0.033377267,0.0039661503,0.00016679606,0.9138817,0.0110250255,0.031340875,0.00062442175,0.00010364784,0.004328061,0.9138817
pamap2,gnn_attention_adj,window,1,101,101,102,2938,2938,2938,6,6,7,7,nordic_walking,nordic_walking,True,7.110179e-05,0.0013650476,0.00015130948,0.04535257,0.0053530033,0.00014789322,0.8976408,0.01314498,0.030284539,0.0007193241,0.00012752574,0.0056419433,0.8976408
pamap2,gnn_attention_adj,window,1,101,101,102,2939,2939,2939,6,6,7,7,nordic_walking,nordic_walking,True,0.0001052238,0.0016841157,0.0002310538,0.054500826,0.0061027943,0.00024165279,0.87338245,0.01343858,0.041539088,0.0011574063,0.00019946501,0.007417409,0.87338245
pamap2,gnn_attention_adj,window,1,101,101,102,2940,2940,2940,6,6,7,7,nordic_walking,nordic_walking,True,0.00010243536,0.0018143677,0.000426408,0.1412125,0.0064973547,0.0004943156,0.6981682,0.021854196,0.115540124,0.0019200852,0.00038201024,0.011588026,0.6981682
pamap2,gnn_attention_adj,window,1,101,101,102,2941,2941,2941,6,6,7,7,nordic_walking,nordic_walking,True,0.000134902,0.0017641257,0.0006114957,0.2827886,0.0059209103,0.0005845643,0.49757153,0.02739363,0.16600873,0.001988205,0.00038528262,0.014848101,0.49757153
pamap2,gnn_attention_adj,window,1,101,101,102,2942,2942,2942,6,6,7,7,nordic_walking,nordic_walking,True,0.0005635924,0.005720418,0.001516804,0.07308468,0.014703491,0.0014181623,0.7543488,0.019791929,0.09904923,0.0063520386,0.0016494666,0.021801338,0.7543488
pamap2,gnn_attention_adj,window,1,101,101,102,2943,2943,2943,6,6,7,7,nordic_walking,nordic_walking,True,0.0007042651,0.0072174366,0.0021674975,0.08693048,0.015418744,0.002469987,0.6884576,0.024201708,0.13618027,0.009457029,0.002685912,0.024109045,0.6884576
pamap2,gnn_attention_adj,window,1,101,101,102,2944,2944,2944,6,6,7,7,nordic_walking,nordic_walking,True,0.0031501215,0.022718316,0.007928083,0.19067803,0.06867467,0.0007505332,0.49992073,0.04738192,0.062696636,0.015955659,0.0036211752,0.07652416,0.49992073
pamap2,gnn_attention_adj,window,1,101,101,102,2945,2945,2945,6,6,7,7,nordic_walking,nordic_walking,True,0.00031869338,0.006421473,0.00049003336,0.028933313,0.03622896,0.00011928217,0.868,0.017480131,0.022406185,0.0017825079,0.00037316815,0.017446281,0.868
pamap2,gnn_attention_adj,window,1,101,101,102,2946,2946,2946,6,6,7,7,nordic_walking,nordic_walking,True,1.4356531e-05,0.00043301922,2.6355186e-05,0.011964969,0.0025195933,7.333211e-05,0.95103294,0.010502217,0.02136897,0.0002343034,2.9213901e-05,0.0018008131,0.95103294
pamap2,gnn_attention_adj,window,1,101,101,102,2947,2947,2947,6,6,7,7,nordic_walking,nordic_walking,True,7.857172e-06,0.0003374732,1.1413685e-05,0.004655152,0.0024892103,3.041044e-05,0.9690944,0.013707884,0.008514511,9.523245e-05,1.32271325e-05,0.0010432684,0.9690944
pamap2,gnn_attention_adj,window,1,101,101,102,2948,2948,2948,6,6,7,7,nordic_walking,nordic_walking,True,2.1516056e-05,0.00063576055,5.0260027e-05,0.013494544,0.0024310169,9.137302e-05,0.9513414,0.011672659,0.017741859,0.0002734169,5.13642e-05,0.0021948847,0.9513414
pamap2,gnn_attention_adj,window,1,101,101,102,2949,2949,2949,6,6,7,7,nordic_walking,nordic_walking,True,4.671452e-05,0.00069734827,0.00017184074,0.24277444,0.0024837297,0.00017500989,0.6204258,0.022638801,0.10336155,0.00064898236,7.94315e-05,0.006496329,0.6204258
pamap2,gnn_attention_adj,window,1,101,101,102,2950,2950,2950,6,6,7,7,nordic_walking,nordic_walking,True,0.00028273903,0.003963379,0.0007424065,0.089754574,0.013669746,0.00029004333,0.8047998,0.022430295,0.04533623,0.0026986352,0.0005043111,0.015527815,0.8047998
pamap2,gnn_attention_adj,window,1,101,101,102,2951,2951,2951,6,6,7,7,nordic_walking,nordic_walking,True,9.386388e-05,0.0020032993,0.00022288256,0.047473874,0.008863962,0.00013234642,0.89091206,0.012145632,0.028915929,0.0010020974,0.00019868065,0.008035439,0.89091206
pamap2,gnn_attention_adj,window,1,101,101,102,2952,2952,2952,6,6,7,7,nordic_walking,nordic_walking,True,8.611822e-05,0.0014107293,0.00025916297,0.07669484,0.0054055583,0.00026356848,0.8217772,0.021733725,0.06290638,0.0010315226,0.0001924397,0.00823868,0.8217772
pamap2,gnn_attention_adj,window,1,101,101,102,2953,2953,2953,6,6,7,7,nordic_walking,nordic_walking,True,2.3657309e-05,0.0005598046,4.4024946e-05,0.030510927,0.0027689235,8.1003614e-05,0.92296314,0.013577008,0.026591074,0.00027714926,3.647228e-05,0.0025667504,0.92296314
pamap2,gnn_attention_adj,window,1,101,101,102,2954,2954,2954,6,6,7,7,nordic_walking,nordic_walking,True,8.426363e-05,0.0016810943,0.00017392125,0.0389913,0.006899566,0.00011915692,0.9051073,0.015191971,0.024615489,0.00075949164,0.0001359983,0.006240447,0.9051073
pamap2,gnn_attention_adj,window,1,101,101,102,2955,2955,2955,6,6,7,7,nordic_walking,nordic_walking,True,0.00010440176,0.001895513,0.00026545176,0.08278679,0.008218107,0.00011935616,0.8401168,0.022194535,0.034163784,0.0008747962,0.00015614078,0.00910433,0.8401168
pamap2,gnn_attention_adj,window,1,101,101,102,2956,2956,2956,6,6,7,7,nordic_walking,nordic_walking,True,0.00016106475,0.002448338,0.0005796487,0.12513752,0.009261431,0.00018520116,0.754447,0.03752769,0.05397175,0.0013211932,0.00025759535,0.0147015555,0.754447
pamap2,gnn_attention_adj,window,1,101,101,102,2957,2957,2957,6,6,7,7,nordic_walking,nordic_walking,True,0.00036427763,0.0036792036,0.0008444661,0.123623684,0.022263842,0.00035167267,0.68834573,0.027685355,0.09349225,0.0018333578,0.00049739686,0.037018675,0.68834573
pamap2,gnn_attention_adj,window,1,101,101,102,2958,2958,2958,6,6,7,7,nordic_walking,nordic_walking,True,8.19006e-05,0.001544716,0.00017570212,0.047671806,0.0087853,0.00013545986,0.88107353,0.015760947,0.035232287,0.00068000116,0.00014722341,0.008711028,0.88107353
pamap2,gnn_attention_adj,window,1,101,101,102,2959,2959,2959,6,6,7,7,nordic_walking,nordic_walking,True,5.1979434e-05,0.0011868331,0.00011247545,0.044400234,0.007233377,0.00011382103,0.8875659,0.02336058,0.030002424,0.000666633,9.630743e-05,0.005209514,0.8875659
pamap2,gnn_attention_adj,window,1,101,101,102,2960,2960,2960,6,3,7,4,nordic_walking,walking,False,0.00031345632,0.0025653092,0.00081851974,0.4206389,0.009095545,0.0004728019,0.40615383,0.05238951,0.089570396,0.0032102687,0.0003862564,0.014385204,0.4206389
pamap2,gnn_attention_adj,window,1,101,101,102,2961,2961,2961,6,6,7,7,nordic_walking,nordic_walking,True,0.00045154404,0.0043819337,0.001323899,0.29148787,0.014248348,0.00059890305,0.5341902,0.04421574,0.083609216,0.004883019,0.0007855527,0.019823855,0.5341902
pamap2,gnn_attention_adj,window,1,101,101,102,2962,2962,2962,6,6,7,7,nordic_walking,nordic_walking,True,0.00019676729,0.002646881,0.00051391707,0.08856459,0.00885637,0.0004425833,0.8016951,0.027989047,0.055448685,0.0030393412,0.0004069377,0.010199823,0.8016951
pamap2,gnn_attention_adj,window,1,101,101,102,2963,2963,2963,6,6,7,7,nordic_walking,nordic_walking,True,5.54326e-05,0.00093014864,0.00016506875,0.05943127,0.003182314,0.0007158487,0.77487195,0.015609206,0.13740249,0.0012967922,0.0002160601,0.0061234077,0.77487195
pamap2,gnn_attention_adj,window,1,101,101,102,2964,2964,2964,6,6,7,7,nordic_walking,nordic_walking,True,2.227468e-05,0.0004436658,5.0205243e-05,0.03234617,0.0022129926,0.00012311956,0.8947928,0.018067582,0.04845808,0.0002511941,3.6285113e-05,0.0031956083,0.8947928
pamap2,gnn_attention_adj,window,1,101,101,102,2965,2965,2965,6,6,7,7,nordic_walking,nordic_walking,True,6.30661e-05,0.0010744774,0.00021583309,0.10977755,0.005616311,0.00011356285,0.75322634,0.05344797,0.06651156,0.000529355,7.668044e-05,0.009347303,0.75322634
pamap2,gnn_attention_adj,window,1,101,101,102,2966,2966,2966,6,6,7,7,nordic_walking,nordic_walking,True,3.3675726e-05,0.00061766454,8.434406e-05,0.08143984,0.0032167898,0.000106142536,0.8232568,0.026810255,0.059252203,0.00033095336,4.3245935e-05,0.00480818,0.8232568
pamap2,gnn_attention_adj,window,1,101,101,102,2967,2967,2967,6,6,7,7,nordic_walking,nordic_walking,True,2.1534546e-05,0.0004959998,3.3388173e-05,0.013602312,0.0018680104,0.00010259125,0.95449185,0.008187061,0.01931499,0.0002806365,3.6575435e-05,0.0015650477,0.95449185
pamap2,gnn_attention_adj,window,1,101,101,102,2968,2968,2968,6,3,7,4,nordic_walking,walking,False,0.000743978,0.0049450253,0.0029711465,0.6198951,0.006140378,0.0025592386,0.12487346,0.062896505,0.15203713,0.008670882,0.0020501546,0.012216887,0.6198951
pamap2,gnn_attention_adj,window,1,101,101,102,2969,2969,2969,6,6,7,7,nordic_walking,nordic_walking,True,0.0017400222,0.01549398,0.00832747,0.13424687,0.009625728,0.009454357,0.36372498,0.20365022,0.20580453,0.023974825,0.00666637,0.017290693,0.36372498
pamap2,gnn_attention_adj,window,1,101,101,102,2970,2970,2970,6,9,7,16,nordic_walking,vacuum_cleaning,False,0.005629311,0.04433068,0.04931646,0.038631905,0.009774741,0.063981496,0.058913637,0.11612881,0.07900685,0.31526178,0.20736149,0.011662885,0.31526178
pamap2,gnn_attention_adj,window,1,101,101,102,2971,2971,2971,6,10,7,17,nordic_walking,ironing,False,0.00084204826,0.032450993,0.014760033,0.0002668418,0.0023135764,0.0141114555,0.0014885782,0.0019446043,0.007893623,0.03785082,0.8848317,0.0012457764,0.8848317
pamap2,gnn_attention_adj,window,1,101,101,102,2972,2972,2972,6,10,7,17,nordic_walking,ironing,False,0.005689708,0.21180952,0.049038645,0.0007273088,0.008275852,0.013130281,0.006191966,0.004055152,0.019057427,0.032714464,0.6461417,0.0031679838,0.6461417
pamap2,gnn_attention_adj,window,1,101,101,102,2973,2973,2973,6,1,7,2,nordic_walking,sitting,False,0.024559421,0.3833732,0.1266722,0.0043412093,0.021507408,0.016557354,0.035082836,0.013243577,0.047444243,0.037738852,0.27800116,0.011478535,0.3833732
pamap2,gnn_attention_adj,window,1,101,101,102,2974,2974,2974,6,1,7,2,nordic_walking,sitting,False,0.021154478,0.46878418,0.105168775,0.0033891976,0.018797461,0.010888297,0.024766432,0.009539405,0.03315513,0.033122264,0.26335227,0.00788212,0.46878418
pamap2,gnn_attention_adj,window,1,101,101,102,2975,2975,2975,6,1,7,2,nordic_walking,sitting,False,0.01498848,0.63613105,0.073203236,0.0010236185,0.013265198,0.0041562743,0.009214685,0.0038272927,0.016275274,0.015490462,0.20905867,0.003365834,0.63613105
pamap2,gnn_attention_adj,window,1,101,101,102,2976,2976,2976,6,1,7,2,nordic_walking,sitting,False,0.01511073,0.5841191,0.08672903,0.0011029051,0.012796862,0.004709329,0.008154298,0.0042910096,0.017269095,0.017692026,0.24445178,0.003573871,0.5841191
pamap2,gnn_attention_adj,window,1,101,101,102,2977,2977,2977,6,1,7,2,nordic_walking,sitting,False,0.026341978,0.5004687,0.21802513,0.0031722293,0.014165077,0.005822566,0.015187528,0.009397037,0.028038463,0.01686714,0.15616864,0.0063455026,0.5004687
pamap2,gnn_attention_adj,window,1,101,101,102,2978,2978,2978,6,1,7,2,nordic_walking,sitting,False,0.025405182,0.32789248,0.30179977,0.005467525,0.015568216,0.011017176,0.023872482,0.016945029,0.04742147,0.0237978,0.19010058,0.010712274,0.32789248
pamap2,gnn_attention_adj,window,1,101,101,102,2979,2979,2979,6,10,7,17,nordic_walking,ironing,False,0.01245728,0.24715893,0.14363651,0.0024525863,0.0122980485,0.016183125,0.013990469,0.01056104,0.036028862,0.03675545,0.4615198,0.006957936,0.4615198
pamap2,gnn_attention_adj,window,1,101,101,102,2980,2980,2980,6,10,7,17,nordic_walking,ironing,False,0.011653035,0.28533363,0.10357031,0.0016404134,0.011788926,0.014383145,0.01129009,0.0074304654,0.029579049,0.03389512,0.48403972,0.005396082,0.48403972
pamap2,gnn_attention_adj,window,1,101,101,102,2981,2981,2981,6,1,7,2,nordic_walking,sitting,False,0.024377584,0.5125975,0.1504045,0.0021777914,0.015611691,0.007982452,0.017880198,0.0078784125,0.03125529,0.018571097,0.20486757,0.006395942,0.5125975
pamap2,gnn_attention_adj,window,1,101,101,102,2982,2982,2982,6,1,7,2,nordic_walking,sitting,False,0.027508888,0.63717,0.12406016,0.0018027952,0.016030986,0.004825614,0.018920043,0.006021465,0.02585982,0.011960401,0.12030283,0.005536964,0.63717
pamap2,gnn_attention_adj,window,1,101,101,102,2983,2983,2983,6,1,7,2,nordic_walking,sitting,False,0.025096072,0.62115335,0.12073057,0.0016802051,0.015541311,0.0052088564,0.0168548,0.0058705527,0.025368376,0.01321844,0.14396648,0.0053109694,0.62115335
pamap2,gnn_attention_adj,window,1,101,101,102,2984,2984,2984,6,1,7,2,nordic_walking,sitting,False,0.023628978,0.56600296,0.12412527,0.001871124,0.01573348,0.006855161,0.0174725,0.006697348,0.028161393,0.016922824,0.18674862,0.0057803257,0.56600296
pamap2,gnn_attention_adj,window,1,101,101,102,2985,2985,2985,5,1,6,2,cycling,sitting,False,0.05411004,0.74382323,0.13084362,0.0015430243,0.011563251,0.0010572469,0.008488897,0.0040957807,0.012585562,0.004346495,0.02426775,0.0032751593,0.74382323
pamap2,gnn_attention_adj,window,1,101,101,102,2986,2986,2986,5,1,6,2,cycling,sitting,False,0.046338387,0.55640274,0.2741396,0.0035799502,0.01184638,0.002452004,0.012945569,0.009160185,0.021112287,0.008481217,0.048087284,0.00545437,0.55640274
pamap2,gnn_attention_adj,window,1,101,101,102,2987,2987,2987,5,1,6,2,cycling,sitting,False,0.048445765,0.45838943,0.35404012,0.0046021445,0.0123107275,0.003412372,0.014403258,0.012534789,0.027389295,0.00920691,0.048237268,0.0070279604,0.45838943
pamap2,gnn_attention_adj,window,1,101,101,102,2988,2988,2988,5,1,6,2,cycling,sitting,False,0.050338876,0.47537997,0.319277,0.0048455764,0.013785809,0.0041377265,0.017911777,0.013242403,0.030646343,0.010197281,0.05251048,0.0077268262,0.47537997
pamap2,gnn_attention_adj,window,1,101,101,102,2989,2989,2989,5,1,6,2,cycling,sitting,False,0.028324943,0.4685535,0.19095193,0.0041263527,0.017098282,0.008891658,0.025359582,0.011907322,0.03705132,0.022508621,0.17657033,0.008656226,0.4685535
pamap2,gnn_attention_adj,window,1,101,101,102,2990,2990,2990,5,1,6,2,cycling,sitting,False,0.01935804,0.3787219,0.124553576,0.0031796522,0.019012393,0.014632561,0.029470617,0.0114919385,0.042974975,0.03291508,0.3140515,0.009637746,0.3787219
pamap2,gnn_attention_adj,window,1,101,101,102,2991,2991,2991,5,1,6,2,cycling,sitting,False,0.027684486,0.48685968,0.178848,0.0024532774,0.0160961,0.008683406,0.016351135,0.009333626,0.03345268,0.01797399,0.19513859,0.0071250102,0.48685968
pamap2,gnn_attention_adj,window,1,101,101,102,2992,2992,2992,5,1,6,2,cycling,sitting,False,0.021855732,0.38315687,0.18335001,0.0028261403,0.015403506,0.012122605,0.016693225,0.011118954,0.03784157,0.024806978,0.28299403,0.007830358,0.38315687
pamap2,gnn_attention_adj,window,1,101,101,102,2993,2993,2993,5,10,6,17,cycling,ironing,False,0.012742795,0.25597015,0.18061823,0.0029178758,0.011630431,0.013200948,0.011300814,0.011312442,0.032288752,0.034534227,0.42680678,0.006676566,0.42680678
pamap2,gnn_attention_adj,window,1,101,101,102,2994,2994,2994,5,10,6,17,cycling,ironing,False,0.00663762,0.08469582,0.085902885,0.008775632,0.015366624,0.032355417,0.043301914,0.024194421,0.050923917,0.13579597,0.49750093,0.014548833,0.49750093
pamap2,gnn_attention_adj,window,1,101,101,102,2995,2995,2995,5,10,6,17,cycling,ironing,False,0.0021756983,0.046434984,0.017025482,0.0032257703,0.005920165,0.054331604,0.030696984,0.014402841,0.037953492,0.24815516,0.5358221,0.0038557206,0.5358221
pamap2,gnn_attention_adj,window,1,101,101,102,2996,2996,2996,5,10,6,17,cycling,ironing,False,0.0014027352,0.03853968,0.0056810398,0.0002579374,0.0021065786,0.030098082,0.0014616767,0.001985011,0.007982973,0.08218367,0.8274477,0.0008529417,0.8274477
pamap2,gnn_attention_adj,window,1,101,101,102,2997,2997,2997,5,5,6,6,cycling,cycling,True,0.0017638262,0.0031090805,0.0010674254,0.00023633223,0.0004796042,0.51806945,0.00024706635,0.003468939,0.014846215,0.19400942,0.26227716,0.00042548848,0.51806945
pamap2,gnn_attention_adj,window,1,101,101,102,2998,2998,2998,5,5,6,6,cycling,cycling,True,0.00012376983,5.685699e-05,2.6918111e-05,2.4418508e-05,1.9945019e-05,0.91229004,0.000110411194,0.0016840001,0.008324313,0.06741505,0.009886456,3.7835674e-05,0.91229004
pamap2,gnn_attention_adj,window,1,101,101,102,2999,2999,2999,5,5,6,6,cycling,cycling,True,0.0005583014,0.00045997617,0.00023790706,9.419242e-05,0.00010539569,0.7288296,0.00030005572,0.003583026,0.010410329,0.19273894,0.06253361,0.00014868773,0.7288296
pamap2,gnn_attention_adj,window,1,101,101,102,3000,3000,3000,5,10,6,17,cycling,ironing,False,0.0011791817,0.0055627134,0.0019490335,8.957384e-05,0.00063242915,0.17959443,0.0002921396,0.0020172526,0.007895251,0.14025189,0.6600354,0.00050071464,0.6600354
pamap2,gnn_attention_adj,window,1,101,101,102,3001,3001,3001,5,10,6,17,cycling,ironing,False,0.00047219024,0.0024242967,0.0012999828,8.7330074e-05,0.00034533523,0.22235206,0.00032734024,0.0022329192,0.006922254,0.21094963,0.55227035,0.00031626987,0.55227035
pamap2,gnn_attention_adj,window,1,101,101,102,3002,3002,3002,5,5,6,6,cycling,cycling,True,0.00013174709,8.514876e-05,3.1065123e-05,1.2137151e-05,2.4468924e-05,0.90003836,5.6475546e-05,0.000992821,0.00624653,0.06738276,0.024958458,3.994985e-05,0.90003836
pamap2,gnn_attention_adj,window,1,101,101,102,3003,3003,3003,5,5,6,6,cycling,cycling,True,0.00017559,0.00019372643,8.081035e-05,0.0001814474,0.000120241246,0.7760029,0.013232992,0.011562987,0.084924564,0.10573915,0.0074639707,0.00032167826,0.7760029
pamap2,gnn_attention_adj,window,1,101,101,102,3004,3004,3004,5,5,6,6,cycling,cycling,True,0.00043917808,0.0006171397,0.0003039057,0.0014888698,0.00042988092,0.5154977,0.062791914,0.049285874,0.27623892,0.08543778,0.0060927016,0.0013761045,0.5154977
pamap2,gnn_attention_adj,window,1,101,101,102,3005,3005,3005,5,5,6,6,cycling,cycling,True,0.000116380776,0.00012728684,7.55006e-05,3.9294304e-05,4.839112e-05,0.8103115,0.0012532067,0.0032633834,0.0208484,0.14109203,0.022723313,0.00010129105,0.8103115
pamap2,gnn_attention_adj,window,1,101,101,102,3006,3006,3006,5,10,6,17,cycling,ironing,False,0.00717617,0.012689477,0.0021282625,0.00020345312,0.0019039318,0.381957,0.0007731701,0.0039268993,0.023242943,0.17278357,0.3918456,0.0013695438,0.3918456
pamap2,gnn_attention_adj,window,1,101,101,102,3007,3007,3007,5,10,6,17,cycling,ironing,False,0.0044328673,0.008696322,0.0019273631,0.00018202908,0.0011920738,0.37918603,0.0005096769,0.0035239735,0.017778868,0.17595384,0.40566763,0.00094941165,0.40566763
pamap2,gnn_attention_adj,window,1,101,101,102,3008,3008,3008,5,5,6,6,cycling,cycling,True,0.0017789782,0.0034974979,0.0011646481,0.00014614027,0.00055466976,0.46204042,0.0003092226,0.0029993558,0.012885291,0.17376243,0.340348,0.00051329844,0.46204042
pamap2,gnn_attention_adj,window,1,101,101,102,3009,3009,3009,5,5,6,6,cycling,cycling,True,0.00029142163,0.00026995095,0.00011864447,4.020094e-05,7.5182645e-05,0.80259746,0.00020042663,0.0019431065,0.009652926,0.12796615,0.05673524,0.000109361616,0.80259746
pamap2,gnn_attention_adj,window,1,101,101,102,3010,3010,3010,5,5,6,6,cycling,cycling,True,0.00044962348,0.00030016978,0.00010305681,3.588615e-05,7.507072e-05,0.84093994,0.00012414485,0.0016628632,0.009237296,0.09999522,0.04697331,0.000103423954,0.84093994
pamap2,gnn_attention_adj,window,1,101,101,102,3011,3011,3011,5,5,6,6,cycling,cycling,True,0.0029940985,0.0018569623,0.00038296435,6.028837e-05,0.00044010454,0.75542027,0.00018298185,0.0024958411,0.016420871,0.104321405,0.11497341,0.00045083126,0.75542027
pamap2,gnn_attention_adj,window,1,101,101,102,3012,3012,3012,5,5,6,6,cycling,cycling,True,0.0033635278,0.00279706,0.00062175177,9.374719e-05,0.0006276438,0.6820228,0.00029860067,0.003024585,0.01801228,0.125461,0.16306147,0.0006154535,0.6820228
pamap2,gnn_attention_adj,window,1,101,101,102,3013,3013,3013,5,5,6,6,cycling,cycling,True,0.0051489077,0.0032579177,0.00067994103,0.00010558873,0.0007977249,0.6869939,0.00027023366,0.0032802366,0.020076185,0.13094632,0.14769015,0.0007528803,0.6869939
pamap2,gnn_attention_adj,window,1,101,101,102,3014,3014,3014,5,5,6,6,cycling,cycling,True,0.00018484295,0.00010411715,4.011372e-05,3.408822e-05,5.78986e-05,0.8864229,0.0012836377,0.0029716871,0.024608783,0.07472545,0.009448767,0.00011777109,0.8864229
pamap2,gnn_attention_adj,window,1,101,101,102,3015,3015,3015,5,5,6,6,cycling,cycling,True,8.9401656e-05,3.64163e-05,1.4302095e-05,3.005335e-05,2.6606804e-05,0.91757387,0.0013924341,0.0037942533,0.03736072,0.037309173,0.0022903814,8.2459854e-05,0.91757387
pamap2,gnn_attention_adj,window,1,101,101,102,3016,3016,3016,5,5,6,6,cycling,cycling,True,6.018159e-05,1.3577729e-05,4.750675e-06,6.644271e-06,6.6114158e-06,0.9689257,4.849026e-05,0.0010772028,0.0077532087,0.020139672,0.0019464248,1.7531987e-05,0.9689257
pamap2,gnn_attention_adj,window,1,101,101,102,3017,3017,3017,5,5,6,6,cycling,cycling,True,0.00013463588,4.577755e-05,1.7088913e-05,1.1276751e-05,1.5822561e-05,0.94347626,4.4780874e-05,0.0011305362,0.0061034933,0.040535755,0.008453786,3.078029e-05,0.94347626
pamap2,gnn_attention_adj,window,1,101,101,102,3018,3018,3018,5,5,6,6,cycling,cycling,True,0.00018247946,7.3282594e-05,3.0362207e-05,1.581108e-05,2.6188414e-05,0.93074024,5.939526e-05,0.0013114611,0.0071559376,0.046896223,0.013459183,4.954337e-05,0.93074024
pamap2,gnn_attention_adj,window,1,101,101,102,3019,3019,3019,5,5,6,6,cycling,cycling,True,0.00019513644,7.5551754e-05,2.685895e-05,1.2920438e-05,2.5133184e-05,0.9302877,5.3638683e-05,0.0011495558,0.006484812,0.04761274,0.014031333,4.454549e-05,0.9302877
pamap2,gnn_attention_adj,window,1,101,101,102,3020,3020,3020,5,5,6,6,cycling,cycling,True,0.00031311606,0.00013008554,5.0004535e-05,1.7499238e-05,4.0288396e-05,0.91449314,4.706047e-05,0.001186298,0.0070805377,0.05288969,0.023684314,6.796441e-05,0.91449314
pamap2,gnn_attention_adj,window,1,101,101,102,3021,3021,3021,5,5,6,6,cycling,cycling,True,0.00027151467,9.907229e-05,4.0861785e-05,1.6404267e-05,3.3296616e-05,0.92828614,3.7798938e-05,0.0011572174,0.006766944,0.045264844,0.01796618,5.976228e-05,0.92828614
pamap2,gnn_attention_adj,window,1,101,101,102,3022,3022,3022,5,5,6,6,cycling,cycling,True,0.00018162125,5.4746542e-05,2.4967005e-05,1.13897795e-05,1.9076584e-05,0.9442762,2.4040135e-05,0.0009707417,0.0056697186,0.03725295,0.0114758015,3.8710907e-05,0.9442762
pamap2,gnn_attention_adj,window,1,101,101,102,3023,3023,3023,5,5,6,6,cycling,cycling,True,5.532066e-05,1.1895362e-05,5.000167e-06,3.3829274e-06,4.9456994e-06,0.971283,1.42802355e-05,0.00057220884,0.0044557997,0.02034692,0.0032346577,1.2559167e-05,0.971283
pamap2,gnn_attention_adj,window,1,101,101,102,3024,3024,3024,5,5,6,6,cycling,cycling,True,4.6711975e-05,1.1396751e-05,3.974799e-06,2.8230575e-06,4.5495212e-06,0.9699812,2.0401307e-05,0.0005832004,0.0044075064,0.0218296,0.0030976455,1.0921084e-05,0.9699812
pamap2,gnn_attention_adj,window,1,101,101,102,3025,3025,3025,5,5,6,6,cycling,cycling,True,0.00014718984,4.1101423e-05,1.5645008e-05,8.540263e-06,1.3717529e-05,0.9499849,2.1601581e-05,0.0008631528,0.0049317195,0.035390466,0.008555097,2.6791871e-05,0.9499849
pamap2,gnn_attention_adj,window,1,101,101,102,3026,3026,3026,5,5,6,6,cycling,cycling,True,0.00011796741,2.5165262e-05,1.28021575e-05,7.39482e-06,9.085225e-06,0.958911,1.19844935e-05,0.00078423956,0.0045237793,0.029747939,0.00582704,2.160942e-05,0.958911
pamap2,gnn_attention_adj,window,1,101,101,102,3027,3027,3027,5,5,6,6,cycling,cycling,True,0.00017424407,4.52412e-05,2.2250508e-05,1.1947026e-05,1.574043e-05,0.94707674,2.0790134e-05,0.0010196595,0.005328897,0.037192937,0.009058139,3.353232e-05,0.94707674
pamap2,gnn_attention_adj,window,1,101,101,102,3028,3028,3028,5,5,6,6,cycling,cycling,True,0.0002186486,7.1848335e-05,3.0253274e-05,1.4532884e-05,2.2842294e-05,0.9315396,3.3778626e-05,0.0011380436,0.0056852866,0.047564384,0.013638808,4.198529e-05,0.9315396
pamap2,gnn_attention_adj,window,1,101,101,102,3029,3029,3029,5,5,6,6,cycling,cycling,True,6.969362e-05,1.5110831e-05,7.247173e-06,6.1731434e-06,6.111223e-06,0.9633124,1.9280067e-05,0.00078018924,0.0048102774,0.027447248,0.0035109539,1.5308036e-05,0.9633124
pamap2,gnn_attention_adj,window,1,101,101,102,3030,3030,3030,5,5,6,6,cycling,cycling,True,5.652559e-05,1.0210849e-05,4.8301313e-06,4.676459e-06,4.7884496e-06,0.9717228,1.8917637e-05,0.000755844,0.0053147697,0.019868594,0.0022242602,1.378819e-05,0.9717228
pamap2,gnn_attention_adj,window,1,101,101,102,3031,3031,3031,5,5,6,6,cycling,cycling,True,0.00020856288,5.9678805e-05,2.3160132e-05,1.3055109e-05,2.1377826e-05,0.9435894,3.2793607e-05,0.0010969115,0.006028953,0.03891349,0.009972185,4.0441286e-05,0.9435894
pamap2,gnn_attention_adj,window,1,101,101,102,3032,3032,3032,5,5,6,6,cycling,cycling,True,3.5636138e-05,4.799386e-06,2.0762493e-06,1.8848335e-06,2.2312897e-06,0.98017955,8.936674e-06,0.000479948,0.0038656523,0.014124549,0.0012876884,7.0815013e-06,0.98017955
pamap2,gnn_attention_adj,window,1,101,101,102,3033,3033,3033,5,5,6,6,cycling,cycling,True,4.3646563e-05,5.6635363e-06,3.067116e-06,4.283109e-06,3.1521724e-06,0.97746015,1.3341291e-05,0.0007815066,0.006666401,0.014005463,0.0010016662,1.1742609e-05,0.97746015
pamap2,gnn_attention_adj,window,1,101,101,102,3034,3034,3034,5,5,6,6,cycling,cycling,True,5.9805527e-05,9.10947e-06,5.052286e-06,6.8008244e-06,5.434784e-06,0.9730929,2.600745e-05,0.0011699642,0.0098873265,0.014465798,0.0012506841,2.1109836e-05,0.9730929
pamap2,gnn_attention_adj,window,1,101,101,102,3035,3035,3035,5,5,6,6,cycling,cycling,True,6.341192e-05,1.1665612e-05,7.0486585e-06,7.3598585e-06,5.231349e-06,0.96828955,1.8914474e-05,0.0009916282,0.0061114114,0.022127436,0.0023496763,1.6656124e-05,0.96828955
pamap2,gnn_attention_adj,window,1,101,101,102,3036,3036,3036,5,5,6,6,cycling,cycling,True,0.00012087351,2.30902e-05,1.0292185e-05,7.522157e-06,9.160232e-06,0.96296936,1.612946e-05,0.0008859482,0.005101088,0.026633622,0.004200567,2.2343962e-05,0.96296936
pamap2,gnn_attention_adj,window,1,101,101,102,3037,3037,3037,5,5,6,6,cycling,cycling,True,0.00019283779,4.34491e-05,1.7191493e-05,1.180805e-05,1.5427942e-05,0.9487859,2.1287333e-05,0.00095741753,0.005471363,0.037483487,0.0069697006,3.0195613e-05,0.9487859
pamap2,gnn_attention_adj,window,1,101,101,102,3038,3038,3038,5,5,6,6,cycling,cycling,True,0.00014943814,3.3767366e-05,1.5548158e-05,1.1813624e-05,1.2209291e-05,0.9511458,2.1775379e-05,0.0009676262,0.0054025785,0.03625361,0.0059599057,2.5845564e-05,0.9511458
pamap2,gnn_attention_adj,window,1,101,101,102,3039,3039,3039,5,5,6,6,cycling,cycling,True,0.00016220407,3.48233e-05,1.6419459e-05,1.2653585e-05,1.2298311e-05,0.9505054,1.9931484e-05,0.0010677375,0.005444957,0.036885068,0.0058116214,2.6863852e-05,0.9505054
pamap2,gnn_attention_adj,window,1,101,101,102,3040,3040,3040,5,5,6,6,cycling,cycling,True,3.2967502e-05,6.1996575e-06,2.1920255e-06,4.366899e-06,3.6476088e-06,0.9721807,4.94397e-05,0.0008059292,0.007905453,0.018052302,0.00094602717,1.0676495e-05,0.9721807
pamap2,gnn_attention_adj,window,1,101,101,102,3041,3041,3041,5,5,6,6,cycling,cycling,True,4.215757e-05,5.3184503e-06,2.2348152e-06,5.406569e-06,4.6267514e-06,0.9716807,6.630629e-05,0.0014146434,0.01596234,0.010323362,0.0004726761,2.0276288e-05,0.9716807
pamap2,gnn_attention_adj,window,1,101,101,102,3042,3042,3042,5,5,6,6,cycling,cycling,True,4.572777e-05,6.230365e-06,3.5561427e-06,9.465662e-06,4.4559506e-06,0.9682898,6.395373e-05,0.0017210181,0.015062647,0.014158842,0.0006146116,1.9685885e-05,0.9682898
pamap2,gnn_attention_adj,window,1,101,101,102,3043,3043,3043,5,5,6,6,cycling,cycling,True,4.793539e-05,1.1189557e-05,5.183133e-06,7.137847e-06,6.0635234e-06,0.9598034,7.8360325e-05,0.0009885305,0.008985068,0.028209317,0.0018413176,1.651829e-05,0.9598034
pamap2,gnn_attention_adj,window,1,101,101,102,3044,3044,3044,5,5,6,6,cycling,cycling,True,0.0048629562,0.0017346448,0.00032884596,8.182579e-05,0.00046583306,0.7809838,0.00013854817,0.0028568832,0.016993394,0.1230675,0.06803175,0.00045393678,0.7809838
pamap2,gnn_attention_adj,window,1,101,101,102,3045,3045,3045,5,5,6,6,cycling,cycling,True,0.003608142,0.0011735369,0.00021820393,5.9843496e-05,0.00033031122,0.82137585,0.00012301921,0.0024606108,0.01517255,0.104097694,0.05104559,0.00033463762,0.82137585
pamap2,gnn_attention_adj,window,1,101,101,102,3046,3046,3046,5,5,6,6,cycling,cycling,True,0.000618946,0.00019174766,5.0356844e-05,2.259554e-05,6.350548e-05,0.912888,6.8250185e-05,0.0013366708,0.008788218,0.05717611,0.01870849,8.713097e-05,0.912888
pamap2,gnn_attention_adj,window,1,101,101,102,3047,3047,3047,5,5,6,6,cycling,cycling,True,0.00010511466,2.7525863e-05,1.0254e-05,6.614888e-06,1.0797689e-05,0.9570006,3.0180056e-05,0.0007679983,0.005301321,0.031103663,0.0056138113,2.2099288e-05,0.9570006
pamap2,gnn_attention_adj,window,1,101,101,102,3048,3048,3048,5,5,6,6,cycling,cycling,True,0.00010097903,2.7744667e-05,1.0259988e-05,5.7463317e-06,1.0359597e-05,0.95747095,2.6262815e-05,0.0007281523,0.005027745,0.03031779,0.0062525333,2.1509315e-05,0.95747095
pamap2,gnn_attention_adj,window,1,101,101,102,3049,3049,3049,5,5,6,6,cycling,cycling,True,0.0004600155,0.00014798158,5.3556596e-05,1.7664832e-05,4.4032447e-05,0.9154773,3.7546644e-05,0.0012034553,0.006886277,0.053480502,0.022120448,7.122084e-05,0.9154773
pamap2,gnn_attention_adj,window,1,101,101,102,3050,3050,3050,5,5,6,6,cycling,cycling,True,0.00014558797,4.2414682e-05,1.5124388e-05,7.7737195e-06,1.4390395e-05,0.9480225,2.7580185e-05,0.0008182621,0.0049866997,0.036925502,0.008967144,2.7127695e-05,0.9480225
pamap2,gnn_attention_adj,window,1,101,101,102,3051,3051,3051,5,5,6,6,cycling,cycling,True,0.00013802966,3.513379e-05,1.2080559e-05,6.076167e-06,1.2333439e-05,0.9553344,2.0586995e-05,0.0007103468,0.004704801,0.031480677,0.00752161,2.3942537e-05,0.9553344
pamap2,gnn_attention_adj,window,1,101,101,102,3052,3052,3052,5,5,6,6,cycling,cycling,True,0.0004846216,0.00014368843,4.6039466e-05,1.5679652e-05,4.5105084e-05,0.9221977,3.654728e-05,0.0011252863,0.007165099,0.04918298,0.019485954,7.135956e-05,0.9221977
pamap2,gnn_attention_adj,window,1,101,101,102,3053,3053,3053,5,5,6,6,cycling,cycling,True,0.0004124893,9.735805e-05,3.315611e-05,1.3269193e-05,3.554561e-05,0.9398547,3.2514658e-05,0.0010746059,0.007146989,0.038884174,0.012352189,6.300492e-05,0.9398547
pamap2,gnn_attention_adj,window,1,101,101,102,3054,3054,3054,5,5,6,6,cycling,cycling,True,0.00034006583,8.3567604e-05,2.5036426e-05,1.1554286e-05,3.115845e-05,0.9411184,3.716773e-05,0.0009870373,0.0066468897,0.039500576,0.011166756,5.180257e-05,0.9411184
pamap2,gnn_attention_adj,window,1,101,101,102,3055,3055,3055,5,5,6,6,cycling,cycling,True,0.0002751798,7.179487e-05,2.0090436e-05,9.239251e-06,2.5034304e-05,0.94384825,3.505786e-05,0.000913038,0.0060502705,0.038039766,0.010670517,4.18093e-05,0.94384825
pamap2,gnn_attention_adj,window,1,101,101,102,3056,3056,3056,5,5,6,6,cycling,cycling,True,0.00067317864,0.0001833138,5.1409297e-05,1.4586011e-05,5.807597e-05,0.9227492,3.898233e-05,0.0011555614,0.008201073,0.046161685,0.020622877,9.001813e-05,0.9227492
pamap2,gnn_attention_adj,window,1,101,101,102,3057,3057,3057,5,5,6,6,cycling,cycling,True,0.0007341623,0.00026571192,7.795462e-05,2.0020705e-05,7.7990975e-05,0.8991118,4.9913175e-05,0.0013063971,0.008672836,0.05691306,0.032657493,0.0001127429,0.8991118
pamap2,gnn_attention_adj,window,1,101,101,102,3058,3058,3058,5,5,6,6,cycling,cycling,True,0.0006365382,0.00021512696,6.5668355e-05,2.0068252e-05,6.611413e-05,0.9073087,4.8894122e-05,0.0012920101,0.008248575,0.055463288,0.02653682,9.82156e-05,0.9073087
pamap2,gnn_attention_adj,window,1,101,101,102,3059,3059,3059,5,5,6,6,cycling,cycling,True,6.789442e-05,1.7468852e-05,5.6071794e-06,3.6611082e-06,7.2459525e-06,0.96367306,3.1577867e-05,0.0006529881,0.004894157,0.026549831,0.0040807906,1.5729218e-05,0.96367306
pamap2,gnn_attention_adj,window,1,101,101,102,3060,3060,3060,5,5,6,6,cycling,cycling,True,7.269438e-05,1.6665897e-05,5.9476647e-06,4.987521e-06,6.671718e-06,0.96027815,4.4270146e-05,0.0010049827,0.0050440733,0.030301578,0.0032040176,1.592279e-05,0.96027815
pamap2,gnn_attention_adj,window,1,101,101,102,3061,3061,3061,5,5,6,6,cycling,cycling,True,0.00019080847,4.7121648e-05,1.651005e-05,1.1510284e-05,1.6528607e-05,0.9470393,4.181728e-05,0.0013120668,0.0056787925,0.038829364,0.0067835115,3.2696324e-05,0.9470393
pamap2,gnn_attention_adj,window,1,101,101,102,3062,3062,3062,5,5,6,6,cycling,cycling,True,0.00022615974,6.0402137e-05,1.766681e-05,7.8926805e-06,2.153682e-05,0.9487333,2.876475e-05,0.0008354762,0.0057224473,0.034122445,0.01018639,3.7584996e-05,0.9487333
pamap2,gnn_attention_adj,window,1,101,101,102,3063,3063,3063,5,5,6,6,cycling,cycling,True,0.0011304787,0.0004628109,0.00010916137,2.757085e-05,0.00012898663,0.86953056,8.6696935e-05,0.0015899147,0.010289662,0.073588334,0.04289691,0.00015900072,0.86953056
pamap2,gnn_attention_adj,window,1,101,101,102,3064,3064,3064,5,5,6,6,cycling,cycling,True,0.00043990344,0.00013615361,4.228523e-05,1.38664e-05,4.0063653e-05,0.9185315,3.5532055e-05,0.001056103,0.0065179453,0.05257344,0.020551194,6.2139974e-05,0.9185315
pamap2,gnn_attention_adj,window,1,101,101,102,3065,3065,3065,5,5,6,6,cycling,cycling,True,0.0002052691,5.736989e-05,2.5026005e-05,1.14351205e-05,1.9020614e-05,0.93600523,2.4357056e-05,0.0008732639,0.005289186,0.04528771,0.012166293,3.5828954e-05,0.93600523
pamap2,gnn_attention_adj,window,1,101,101,102,3066,3066,3066,5,5,6,6,cycling,cycling,True,0.00011027749,2.252373e-05,9.87567e-06,4.9813702e-06,8.378718e-06,0.9605027,1.2259402e-05,0.00059272704,0.0040420895,0.028795494,0.0058801933,1.8519107e-05,0.9605027
pamap2,gnn_attention_adj,window,1,101,101,102,3067,3067,3067,5,5,6,6,cycling,cycling,True,0.00027865876,8.724238e-05,2.9720482e-05,1.2634612e-05,3.110334e-05,0.93390286,4.2783537e-05,0.0010258565,0.0067002648,0.043533728,0.014301459,5.3697182e-05,0.93390286
pamap2,gnn_attention_adj,window,1,101,101,102,3068,3068,3068,5,5,6,6,cycling,cycling,True,0.00016305789,3.8555037e-05,1.4765335e-05,7.2078087e-06,1.5322115e-05,0.95456505,2.4767784e-05,0.00078606495,0.0052627022,0.031424638,0.0076670265,3.086669e-05,0.95456505
pamap2,gnn_attention_adj,window,1,101,101,102,3069,3069,3069,5,5,6,6,cycling,cycling,True,8.483139e-05,1.3389799e-05,5.672508e-06,2.9809912e-06,4.9326486e-06,0.9686774,7.433707e-06,0.0004949731,0.0032326912,0.02369739,0.0037663162,1.2001543e-05,0.9686774
pamap2,gnn_attention_adj,window,1,101,101,102,3070,3070,3070,5,5,6,6,cycling,cycling,True,6.464974e-05,8.894492e-06,4.1767785e-06,3.0071758e-06,3.306657e-06,0.97051966,6.5366935e-06,0.00049629767,0.002943109,0.02341118,0.002530518,8.640557e-06,0.97051966
pamap2,gnn_attention_adj,window,1,101,101,102,3071,3071,3071,5,5,6,6,cycling,cycling,True,0.00031354127,0.0004114507,0.00010367027,0.0007584578,0.00033425845,0.47875088,0.16528936,0.114024356,0.14794253,0.089004666,0.002161241,0.0009056151,0.47875088
pamap2,gnn_attention_adj,window,1,101,101,102,3072,3072,3072,5,6,6,7,cycling,nordic_walking,False,0.0004166089,0.00071651733,0.00022671727,0.0023762381,0.0005381585,0.28420794,0.28538558,0.16099955,0.179705,0.08174397,0.002254324,0.0014294004,0.28538558
pamap2,gnn_attention_adj,window,1,101,101,102,3073,3073,3073,5,5,6,6,cycling,cycling,True,0.0031376004,0.0015453578,0.00027721273,0.0001533644,0.00038497528,0.7520997,0.0002762708,0.0036266574,0.018142836,0.16601126,0.053993277,0.00035145806,0.7520997
pamap2,gnn_attention_adj,window,1,101,101,102,3074,3074,3074,5,5,6,6,cycling,cycling,True,0.036895525,0.032673348,0.0034819604,0.0012483937,0.007096871,0.37677473,0.0016432885,0.01299095,0.04676606,0.3063267,0.17030562,0.0037965626,0.37677473
pamap2,gnn_attention_adj,window,1,101,101,102,3075,3075,3075,5,5,6,6,cycling,cycling,True,0.0099571375,0.006500069,0.00115442,0.00020500767,0.0014578983,0.61651057,0.00041081637,0.0045998744,0.026328485,0.16747205,0.16421662,0.0011869784,0.61651057
pamap2,gnn_attention_adj,window,1,101,101,102,3076,3076,3076,5,5,6,6,cycling,cycling,True,0.00061969203,0.0004598888,0.00031997514,0.00048146868,0.00016722997,0.7347121,0.0026650026,0.012066273,0.031180378,0.1974137,0.019579891,0.00033448372,0.7347121
pamap2,gnn_attention_adj,window,1,101,101,102,3077,3077,3077,5,5,6,6,cycling,cycling,True,0.0007578294,0.00053367496,0.0003743108,0.000444719,0.00020646876,0.7350969,0.0030467988,0.012027904,0.032419514,0.19194674,0.022727473,0.0004176832,0.7350969
pamap2,gnn_attention_adj,window,1,101,101,102,3078,3078,3078,5,5,6,6,cycling,cycling,True,0.005875076,0.004129334,0.00082692946,0.00012302883,0.00088420574,0.64422905,0.0003478687,0.0033742147,0.021366533,0.15010403,0.16794378,0.00079591235,0.64422905
pamap2,gnn_attention_adj,window,1,101,101,102,3079,3079,3079,5,5,6,6,cycling,cycling,True,0.0048594377,0.0026851671,0.0005295795,6.861916e-05,0.0006123553,0.7139206,0.00023876416,0.0027291335,0.018981759,0.12375362,0.13101505,0.0006058893,0.7139206
pamap2,gnn_attention_adj,window,1,101,101,102,3080,3080,3080,5,5,6,6,cycling,cycling,True,0.00055953284,0.00024099428,8.329501e-05,3.3964014e-05,7.2673654e-05,0.8742657,0.00012271103,0.0015634685,0.010210742,0.08410275,0.028637785,0.00010638548,0.8742657
pamap2,gnn_attention_adj,window,1,101,101,102,3081,3081,3081,5,5,6,6,cycling,cycling,True,0.0005272159,0.00014888303,4.5144843e-05,2.4110703e-05,5.0858103e-05,0.9101993,8.050363e-05,0.0013213264,0.009271972,0.06322024,0.015034281,7.6188204e-05,0.9101993
pamap2,gnn_attention_adj,window,1,101,101,102,3082,3082,3082,5,5,6,6,cycling,cycling,True,0.01747535,0.0080327485,0.0012158956,0.00021488417,0.0018094638,0.62646306,0.0004406678,0.005445318,0.028629154,0.17906491,0.1298194,0.0013890831,0.62646306
pamap2,gnn_attention_adj,window,1,101,101,102,3083,3083,3083,5,5,6,6,cycling,cycling,True,0.0001886151,6.848093e-05,1.6959923e-05,1.4876897e-05,3.3576514e-05,0.93376774,0.00025415572,0.001360332,0.012007597,0.045404047,0.0068275845,5.5955443e-05,0.93376774
pamap2,gnn_attention_adj,window,1,101,101,102,3084,3084,3084,5,5,6,6,cycling,cycling,True,0.000111981724,3.9616076e-05,1.6195143e-05,4.8175694e-05,3.0722254e-05,0.89408284,0.0026786544,0.0082009975,0.05543688,0.03776485,0.0014712121,0.00011792431,0.89408284
pamap2,gnn_attention_adj,window,1,101,101,102,3085,3085,3085,5,5,6,6,cycling,cycling,True,2.4864634e-05,4.5853394e-06,1.7395158e-06,3.2232433e-06,2.9781056e-06,0.9678994,0.00013737415,0.0014324856,0.011031868,0.018822504,0.00062748115,1.1481068e-05,0.9678994
pamap2,gnn_attention_adj,window,1,101,101,102,3086,3086,3086,5,5,6,6,cycling,cycling,True,0.00028515648,6.8154935e-05,2.7582766e-05,1.3674997e-05,2.2222997e-05,0.938235,2.5590103e-05,0.0010352449,0.0056606852,0.04396363,0.010622362,4.0718834e-05,0.938235
pamap2,gnn_attention_adj,window,1,101,101,102,3087,3087,3087,5,5,6,6,cycling,cycling,True,9.788855e-05,1.9039318e-05,8.649034e-06,7.254559e-06,7.3341816e-06,0.95802623,2.0204221e-05,0.00072878617,0.0045681666,0.032593135,0.003907,1.6281683e-05,0.95802623
pamap2,gnn_attention_adj,window,1,101,101,102,3088,3088,3088,5,5,6,6,cycling,cycling,True,0.00012295497,2.7532802e-05,1.12382795e-05,7.472385e-06,9.842941e-06,0.95283186,2.2591716e-05,0.00075016456,0.004725536,0.03580393,0.005666648,2.0254018e-05,0.95283186
pamap2,gnn_attention_adj,window,1,101,101,102,3089,3089,3089,5,5,6,6,cycling,cycling,True,0.00072039553,0.0002543813,7.631031e-05,2.5010273e-05,6.86856e-05,0.89073145,5.101385e-05,0.0013788716,0.008192874,0.06952417,0.028882358,9.4494695e-05,0.89073145
pamap2,gnn_attention_adj,window,1,101,101,102,3090,3090,3090,5,5,6,6,cycling,cycling,True,0.0004708904,0.00013870072,4.426383e-05,1.675772e-05,3.97046e-05,0.92015713,3.447497e-05,0.0011543017,0.006684276,0.052866146,0.018332163,6.11878e-05,0.92015713
pamap2,gnn_attention_adj,window,1,101,101,102,3091,3091,3091,5,5,6,6,cycling,cycling,True,0.00032752356,8.9269844e-05,3.8087735e-05,1.7346247e-05,2.821447e-05,0.92994666,2.6645093e-05,0.001165652,0.006248986,0.04831792,0.013742449,5.1319366e-05,0.92994666
pamap2,gnn_attention_adj,window,1,101,101,102,3092,3092,3092,5,5,6,6,cycling,cycling,True,0.00026389884,6.179171e-05,2.6694323e-05,1.0929666e-05,1.9447221e-05,0.9407566,1.5906304e-05,0.00093134405,0.0052392734,0.04142644,0.011209684,3.7974165e-05,0.9407566
pamap2,gnn_attention_adj,window,1,101,101,102,3093,3093,3093,5,5,6,6,cycling,cycling,True,0.00029410212,7.582794e-05,3.43602e-05,1.4054919e-05,2.3960585e-05,0.9351446,2.0468695e-05,0.0010265447,0.0057920516,0.04422592,0.013302065,4.593565e-05,0.9351446
pamap2,gnn_attention_adj,window,1,101,101,102,3094,3094,3094,5,5,6,6,cycling,cycling,True,8.195782e-05,1.5450405e-05,7.4358286e-06,4.6956884e-06,5.9694057e-06,0.9669876,1.0908998e-05,0.0006255317,0.0040946957,0.02423484,0.0039158943,1.5007514e-05,0.9669876
pamap2,gnn_attention_adj,window,1,101,101,102,3095,3095,3095,5,5,6,6,cycling,cycling,True,6.858524e-05,1.3552391e-05,6.5076697e-06,4.229379e-06,5.2888977e-06,0.9684336,1.0235014e-05,0.0005855931,0.0040679984,0.023049654,0.0037411985,1.3557743e-05,0.9684336
pamap2,gnn_attention_adj,window,1,101,101,102,3096,3096,3096,5,5,6,6,cycling,cycling,True,0.000187185,4.0606523e-05,1.5176443e-05,8.744087e-06,1.469601e-05,0.9550041,1.8176092e-05,0.00084891875,0.0052632582,0.031696364,0.006873301,2.9448038e-05,0.9550041
pamap2,gnn_attention_adj,window,1,101,101,102,3097,3097,3097,5,5,6,6,cycling,cycling,True,8.825437e-05,1.3171507e-05,5.5420774e-06,4.4394283e-06,5.0202084e-06,0.9701864,9.799047e-06,0.00065559597,0.0039061091,0.022396298,0.00271663,1.271506e-05,0.9701864
pamap2,gnn_attention_adj,window,1,101,101,102,3098,3098,3098,5,5,6,6,cycling,cycling,True,6.570493e-05,1.0663879e-05,5.77245e-06,4.8753377e-06,4.305549e-06,0.9711357,9.124457e-06,0.0007089859,0.0043650703,0.021209398,0.0024677364,1.2560712e-05,0.9711357
pamap2,gnn_attention_adj,window,1,101,101,102,3099,3099,3099,5,5,6,6,cycling,cycling,True,2.5396208e-05,4.556004e-06,2.136495e-06,2.9404694e-06,2.3272344e-06,0.97418267,2.1715176e-05,0.0005783318,0.0056462884,0.018393071,0.0011332883,7.388025e-06,0.97418267
pamap2,gnn_attention_adj,window,1,101,101,102,3100,3100,3100,5,5,6,6,cycling,cycling,True,3.734885e-05,9.5855685e-06,3.067907e-06,4.0605814e-06,5.1623983e-06,0.9628416,9.012322e-05,0.000781628,0.008321601,0.026176635,0.0017159252,1.3334834e-05,0.9628416
pamap2,gnn_attention_adj,window,1,101,101,102,3101,3101,3101,5,5,6,6,cycling,cycling,True,3.614047e-05,6.810556e-06,2.6095668e-06,2.857476e-06,3.5025657e-06,0.973913,3.0058782e-05,0.0006578503,0.0060518445,0.017818483,0.0014663843,1.030701e-05,0.973913
pamap2,gnn_attention_adj,window,1,101,101,102,3102,3102,3102,5,5,6,6,cycling,cycling,True,3.4955163e-05,5.5190603e-06,2.9561804e-06,4.5170354e-06,3.3787796e-06,0.9749092,2.9568419e-05,0.0009382174,0.00851847,0.01457392,0.0009662135,1.30978515e-05,0.9749092
pamap2,gnn_attention_adj,window,1,101,101,102,3103,3103,3103,5,5,6,6,cycling,cycling,True,7.116127e-05,1.3085232e-05,4.6998825e-06,8.970641e-06,1.1968218e-05,0.95730376,0.0002472353,0.0022900694,0.024448358,0.014664623,0.0008894784,4.6607318e-05,0.95730376
pamap2,gnn_attention_adj,window,1,101,101,102,3104,3104,3104,5,5,6,6,cycling,cycling,True,6.633203e-05,1.4821413e-05,4.3584473e-06,1.1158583e-05,1.3531727e-05,0.95077175,0.00054427725,0.0025138473,0.02733556,0.017834581,0.0008431697,4.658326e-05,0.95077175
pamap2,gnn_attention_adj,window,1,101,101,102,3105,3105,3105,5,5,6,6,cycling,cycling,True,6.2378786e-05,9.319776e-06,4.6951436e-06,5.027987e-06,4.410722e-06,0.97334236,1.41853425e-05,0.00071860536,0.0052076313,0.018770233,0.001848019,1.31090155e-05,0.97334236
pamap2,gnn_attention_adj,window,1,101,101,102,3106,3106,3106,5,5,6,6,cycling,cycling,True,0.00014890119,2.7949596e-05,1.105187e-05,9.6566355e-06,1.208631e-05,0.96062875,2.3245353e-05,0.0009517981,0.005972924,0.028129399,0.0040574227,2.6861131e-05,0.96062875
pamap2,gnn_attention_adj,window,1,101,101,102,3107,3107,3107,5,5,6,6,cycling,cycling,True,3.600703e-05,4.2695287e-06,1.914703e-06,2.1936858e-06,2.4156657e-06,0.9820386,1.3548001e-05,0.0006318822,0.0057505807,0.010687895,0.0008215586,9.140864e-06,0.9820386
pamap2,gnn_attention_adj,window,1,101,101,102,3108,3108,3108,5,5,6,6,cycling,cycling,True,4.4275013e-05,6.038172e-06,2.9994346e-06,3.5073867e-06,2.940049e-06,0.977164,1.2204331e-05,0.0006846585,0.004953027,0.015844986,0.0012716593,9.7631755e-06,0.977164
pamap2,gnn_attention_adj,window,1,101,101,102,3109,3109,3109,5,5,6,6,cycling,cycling,True,6.2833016e-05,7.2179555e-06,3.4645539e-06,3.6322551e-06,3.2016412e-06,0.9766663,7.3841506e-06,0.00064166554,0.004232081,0.017008387,0.0013541317,9.837355e-06,0.9766663
pamap2,gnn_attention_adj,window,1,101,101,102,3110,3110,3110,5,5,6,6,cycling,cycling,True,8.1297316e-05,1.3149256e-05,7.5991243e-06,7.986067e-06,5.620856e-06,0.9676317,1.22162655e-05,0.00085655495,0.0054339767,0.023547178,0.0023868124,1.5957587e-05,0.9676317
pamap2,gnn_attention_adj,window,1,101,101,102,3111,3111,3111,5,5,6,6,cycling,cycling,True,7.5700555e-05,1.6073538e-05,6.9310527e-06,6.6403013e-06,6.9542525e-06,0.9658842,2.301965e-05,0.00078064343,0.00556669,0.02447072,0.003145573,1.6912352e-05,0.9658842
pamap2,gnn_attention_adj,window,1,101,101,102,3112,3112,3112,5,5,6,6,cycling,cycling,True,0.00020210553,5.2622116e-05,1.5319416e-05,9.343357e-06,1.9717118e-05,0.9519353,3.2162345e-05,0.00091711787,0.006059042,0.03295374,0.007768525,3.500034e-05,0.9519353
pamap2,gnn_attention_adj,window,1,101,101,102,3113,3113,3113,5,5,6,6,cycling,cycling,True,0.0002842029,5.7671245e-05,2.3439943e-05,1.2782148e-05,2.1499283e-05,0.9495668,2.1560962e-05,0.0010063978,0.006284084,0.034854922,0.007824097,4.253948e-05,0.9495668
pamap2,gnn_attention_adj,window,1,101,101,102,3114,3114,3114,5,5,6,6,cycling,cycling,True,0.00016736127,3.4919707e-05,1.3885729e-05,9.304603e-06,1.4803487e-05,0.9586776,2.705663e-05,0.0009380268,0.0059779678,0.028671494,0.0054360246,3.1616422e-05,0.9586776
pamap2,gnn_attention_adj,window,1,101,101,102,3115,3115,3115,5,5,6,6,cycling,cycling,True,0.00013549793,2.4725947e-05,1.050434e-05,9.528739e-06,1.183926e-05,0.9627019,2.818465e-05,0.0009819844,0.006493223,0.026025493,0.0035491053,2.8011944e-05,0.9627019
pamap2,gnn_attention_adj,window,1,101,101,102,3116,3116,3116,5,5,6,6,cycling,cycling,True,0.00013092086,2.2480694e-05,1.1766101e-05,8.9177765e-06,9.9653635e-06,0.96518433,1.7820481e-05,0.0010435756,0.006510398,0.023651848,0.003380226,2.7760032e-05,0.96518433
pamap2,gnn_attention_adj,window,1,101,101,102,3117,3117,3117,5,5,6,6,cycling,cycling,True,8.401168e-05,1.205964e-05,5.118669e-06,4.625849e-06,5.335574e-06,0.9715182,1.168506e-05,0.0006604105,0.0043468126,0.02102285,0.0023149198,1.3883471e-05,0.9715182
pamap2,gnn_attention_adj,window,1,101,101,102,3118,3118,3118,5,5,6,6,cycling,cycling,True,6.6107095e-05,9.3442195e-06,3.913335e-06,3.7394689e-06,4.2719107e-06,0.9735407,1.3138224e-05,0.00063725724,0.004227489,0.01956429,0.0019181784,1.1532972e-05,0.9735407
pamap2,gnn_attention_adj,window,1,101,101,102,3119,3119,3119,5,5,6,6,cycling,cycling,True,8.6150794e-05,1.2204759e-05,6.09015e-06,6.7536453e-06,5.1953198e-06,0.96693426,1.7429604e-05,0.0009294619,0.0048089446,0.025106605,0.0020725485,1.4364039e-05,0.96693426
pamap2,gnn_attention_adj,window,1,101,101,102,3120,3120,3120,5,5,6,6,cycling,cycling,True,0.0001414183,2.5408812e-05,1.1606029e-05,1.341596e-05,1.0416742e-05,0.955151,2.8418388e-05,0.0011398745,0.006170324,0.033867706,0.0034169452,2.3489227e-05,0.955151
pamap2,gnn_attention_adj,window,1,101,101,102,3121,3121,3121,5,5,6,6,cycling,cycling,True,0.00024569055,3.98925e-05,1.551342e-05,1.2483752e-05,1.4966222e-05,0.9545596,2.379261e-05,0.0012318743,0.0061765946,0.03316555,0.0044819294,3.2158507e-05,0.9545596
pamap2,gnn_attention_adj,window,1,101,101,102,3122,3122,3122,5,5,6,6,cycling,cycling,True,0.00041375204,5.5520035e-05,2.046463e-05,1.8864985e-05,2.2861275e-05,0.94291484,2.3654547e-05,0.0014479351,0.007586648,0.042838067,0.0046126135,4.476165e-05,0.94291484
pamap2,gnn_attention_adj,window,1,101,101,102,3123,3123,3123,5,5,6,6,cycling,cycling,True,0.00013565824,1.9665507e-05,1.0612631e-05,1.1705856e-05,9.091864e-06,0.9625171,2.2046346e-05,0.0011680343,0.006885914,0.026703378,0.002491891,2.4961922e-05,0.9625171
pamap2,gnn_attention_adj,window,1,101,101,102,3124,3124,3124,5,5,6,6,cycling,cycling,True,0.00012479191,1.8149645e-05,9.968439e-06,1.3080169e-05,9.05953e-06,0.9629691,2.1331227e-05,0.0011528995,0.0077145305,0.025751028,0.0021909948,2.5069285e-05,0.9629691
pamap2,gnn_attention_adj,window,1,101,101,102,3125,3125,3125,5,5,6,6,cycling,cycling,True,9.55379e-05,1.2723731e-05,5.825271e-06,9.913354e-06,7.5720295e-06,0.9687542,3.296667e-05,0.001116103,0.008956705,0.019647833,0.0013382391,2.2514467e-05,0.9687542
pamap2,gnn_attention_adj,window,1,101,101,102,3126,3126,3126,5,5,6,6,cycling,cycling,True,7.9740654e-05,1.0162396e-05,4.53039e-06,8.852868e-06,6.2575577e-06,0.96869755,5.6058027e-05,0.0015326597,0.009874855,0.018755667,0.00095250085,2.1111688e-05,0.96869755
pamap2,gnn_attention_adj,window,1,101,101,102,3127,3127,3127,5,5,6,6,cycling,cycling,True,0.00012156352,1.5855816e-05,7.814616e-06,1.5784544e-05,8.190772e-06,0.9598591,3.635949e-05,0.0014129151,0.007702206,0.029225957,0.0015728555,2.1395383e-05,0.9598591
pamap2,gnn_attention_adj,window,1,101,101,102,3128,3128,3128,5,5,6,6,cycling,cycling,True,0.00011236215,1.5390715e-05,5.984136e-06,7.5515522e-06,7.5643534e-06,0.9682068,2.9377914e-05,0.0010269597,0.0060878056,0.022629708,0.0018512971,1.9128936e-05,0.9682068
pamap2,gnn_attention_adj,window,1,101,101,102,3129,3129,3129,5,5,6,6,cycling,cycling,True,0.00074818265,0.00014117379,4.2370153e-05,2.623772e-05,5.0953888e-05,0.9212016,3.675717e-05,0.0015070513,0.008257755,0.05676481,0.011146103,7.700649e-05,0.9212016
pamap2,gnn_attention_adj,window,1,101,101,102,3130,3130,3130,5,5,6,6,cycling,cycling,True,0.0009015937,0.00024613377,7.0076305e-05,3.7189893e-05,8.3706465e-05,0.9053142,6.492264e-05,0.0017286778,0.010383062,0.06280229,0.018252455,0.00011573645,0.9053142
pamap2,gnn_attention_adj,window,1,101,101,102,3131,3131,3131,5,5,6,6,cycling,cycling,True,0.00017893896,3.553446e-05,1.6893804e-05,1.2800642e-05,1.4166505e-05,0.9566585,2.4566465e-05,0.00113717,0.0065891496,0.03026308,0.0050359187,3.331125e-05,0.9566585
pamap2,gnn_attention_adj,window,1,101,101,102,3132,3132,3132,5,5,6,6,cycling,cycling,True,5.9534446e-05,8.990287e-06,3.5505614e-06,6.379197e-06,4.9284554e-06,0.97386575,2.93592e-05,0.001009821,0.007802752,0.0160872,0.0011068102,1.497045e-05,0.97386575
pamap2,gnn_attention_adj,window,1,101,101,102,3133,3133,3133,5,5,6,6,cycling,cycling,True,3.5509358e-05,5.363673e-06,1.8234417e-06,2.992885e-06,3.2763814e-06,0.97857475,3.6856796e-05,0.0008604959,0.009199261,0.010558819,0.00070862094,1.2225168e-05,0.97857475
pamap2,gnn_attention_adj,window,1,101,101,102,3134,3134,3134,5,5,6,6,cycling,cycling,True,0.0001316314,2.0827052e-05,6.493488e-06,5.0723866e-06,8.72269e-06,0.9691694,1.6089401e-05,0.0007319188,0.005118991,0.02168752,0.0030837671,1.9535579e-05,0.9691694
pamap2,gnn_attention_adj,window,1,101,101,102,3135,3135,3135,5,5,6,6,cycling,cycling,True,0.00046886207,0.00010973952,4.1360854e-05,2.8446804e-05,4.248112e-05,0.93483657,3.951467e-05,0.0016366533,0.009613615,0.043062147,0.010042923,7.777699e-05,0.93483657
pamap2,gnn_attention_adj,window,1,101,101,102,3136,3136,3136,5,5,6,6,cycling,cycling,True,0.00018960115,3.411322e-05,1.5407652e-05,1.0676824e-05,1.5564643e-05,0.9647405,2.4253837e-05,0.0012777279,0.008020359,0.021701902,0.003928584,4.12781e-05,0.9647405
pamap2,gnn_attention_adj,window,1,101,101,102,3137,3137,3137,5,5,6,6,cycling,cycling,True,0.00046876183,0.00012819072,4.9885897e-05,3.0670362e-05,4.8719794e-05,0.9248215,4.552154e-05,0.0016213268,0.009044126,0.05037612,0.013281332,8.389094e-05,0.9248215
pamap2,gnn_attention_adj,window,1,101,101,102,3138,3138,3138,5,5,6,6,cycling,cycling,True,0.00072835834,0.00019100412,6.669417e-05,3.1205494e-05,6.9663576e-05,0.9177791,4.5030032e-05,0.0017219807,0.009942019,0.052443698,0.01686793,0.0001133777,0.9177791
pamap2,gnn_attention_adj,window,1,101,101,102,3139,3139,3139,5,5,6,6,cycling,cycling,True,0.0002558834,5.286751e-05,2.1063604e-05,1.2083911e-05,2.280431e-05,0.9579719,2.6774274e-05,0.0011918065,0.0077569787,0.026386494,0.0062502706,5.105442e-05,0.9579719
pamap2,gnn_attention_adj,window,1,101,101,102,3140,3140,3140,5,5,6,6,cycling,cycling,True,5.7578043e-05,1.3444095e-05,2.8092288e-06,5.2449377e-06,9.861298e-06,0.9647494,0.00022604952,0.0011587917,0.013669523,0.01888638,0.0011966918,2.417393e-05,0.9647494
pamap2,gnn_attention_adj,window,1,101,101,102,3141,3141,3141,5,5,6,6,cycling,cycling,True,4.1722928e-05,6.2701806e-06,2.1720577e-06,4.699401e-06,5.293953e-06,0.9703926,0.00010289688,0.0011557875,0.0170482,0.010668522,0.00055093353,2.093228e-05,0.9703926
pamap2,gnn_attention_adj,window,1,101,101,102,3142,3142,3142,5,5,6,6,cycling,cycling,True,2.4743138e-05,3.9090455e-06,1.5801188e-06,2.3167245e-06,2.4060114e-06,0.97893685,2.961106e-05,0.0006597635,0.007822127,0.0117770685,0.0007306932,8.937592e-06,0.97893685
pamap2,gnn_attention_adj,window,1,101,101,102,3143,3143,3143,5,5,6,6,cycling,cycling,True,0.0003819786,9.7817814e-05,3.2370855e-05,2.3560475e-05,4.0506155e-05,0.93865806,4.910368e-05,0.0014307025,0.008866346,0.040821955,0.00952829,6.9367255e-05,0.93865806
pamap2,gnn_attention_adj,window,1,101,101,102,3144,3144,3144,5,5,6,6,cycling,cycling,True,0.00011944038,1.7540357e-05,7.797722e-06,5.7313396e-06,8.67473e-06,0.9731434,1.580314e-05,0.00089930947,0.0065971506,0.016712796,0.0024472857,2.508006e-05,0.9731434
pamap2,gnn_attention_adj,window,1,101,101,102,3145,3145,3145,5,5,6,6,cycling,cycling,True,0.00016793115,3.4162375e-05,1.5413481e-05,1.2166006e-05,1.3843106e-05,0.95668423,2.1751677e-05,0.0010684197,0.006146716,0.030698387,0.005105372,3.1636853e-05,0.95668423
pamap2,gnn_attention_adj,window,1,101,101,102,3146,3146,3146,5,5,6,6,cycling,cycling,True,0.00018187315,3.50994e-05,1.6564816e-05,1.533622e-05,1.5489291e-05,0.9562058,2.7631322e-05,0.0012882215,0.007429583,0.030420832,0.00432651,3.7101814e-05,0.9562058
pamap2,gnn_attention_adj,window,1,101,101,102,3147,3147,3147,5,5,6,6,cycling,cycling,True,0.00020840719,4.1489293e-05,2.2837192e-05,1.6003267e-05,1.892508e-05,0.9565832,2.6248574e-05,0.001547029,0.009188891,0.027563004,0.0047328565,5.1110197e-05,0.9565832
pamap2,gnn_attention_adj,window,1,101,101,102,3148,3148,3148,5,5,6,6,cycling,cycling,True,0.00014897696,2.6416345e-05,1.3917807e-05,1.1930991e-05,1.2227446e-05,0.96074384,1.5833333e-05,0.0010477237,0.007064997,0.027058873,0.0038239318,3.118662e-05,0.96074384
pamap2,gnn_attention_adj,window,1,101,101,102,3149,3149,3149,5,5,6,6,cycling,cycling,True,8.2432955e-05,1.0778576e-05,4.890789e-06,4.0485866e-06,5.083521e-06,0.9756118,1.0259921e-05,0.0007127389,0.0050633983,0.016600529,0.0018788602,1.5183278e-05,0.9756118
pamap2,gnn_attention_adj,window,1,101,101,102,3150,3150,3150,5,5,6,6,cycling,cycling,True,0.00012309078,2.3457875e-05,9.013095e-06,6.6071766e-06,9.567636e-06,0.96365964,1.7357446e-05,0.0007930371,0.004944158,0.026196077,0.0041965605,2.140015e-05,0.96365964
pamap2,gnn_attention_adj,window,1,101,101,102,3151,3151,3151,5,5,6,6,cycling,cycling,True,5.7908655e-05,8.239286e-06,3.0958824e-06,3.7012032e-06,4.57674e-06,0.97627115,1.7709175e-05,0.0006561807,0.005786035,0.015765926,0.0014125822,1.2886858e-05,0.97627115
pamap2,gnn_attention_adj,window,1,101,101,102,3152,3152,3152,5,5,6,6,cycling,cycling,True,3.7047383e-05,4.7727895e-06,1.905486e-06,2.8692434e-06,3.335616e-06,0.97793955,3.9247145e-05,0.0010006238,0.009436331,0.01087644,0.0006443171,1.3563231e-05,0.97793955
pamap2,gnn_attention_adj,window,1,101,101,102,3153,3153,3153,5,5,6,6,cycling,cycling,True,3.9613602e-05,4.280142e-06,1.9170773e-06,3.6589922e-06,3.1130144e-06,0.9773794,3.555186e-05,0.0011184954,0.008829655,0.012047352,0.00052446197,1.2518856e-05,0.9773794
pamap2,gnn_attention_adj,window,1,101,101,102,3154,3154,3154,5,5,6,6,cycling,cycling,True,3.2135376e-05,3.1597197e-06,1.3901367e-06,2.0377818e-06,1.96303e-06,0.98314387,1.3552595e-05,0.00068234693,0.006151582,0.009429529,0.0005303286,8.093782e-06,0.98314387
pamap2,gnn_attention_adj,window,1,101,101,102,3155,3155,3155,5,5,6,6,cycling,cycling,True,0.00010328492,2.1173226e-05,9.33045e-06,7.824267e-06,8.788549e-06,0.9636997,2.0729825e-05,0.0009077522,0.005359969,0.025965258,0.003875075,2.1121718e-05,0.9636997
pamap2,gnn_attention_adj,window,1,101,101,102,3156,3156,3156,5,5,6,6,cycling,cycling,True,5.9855865e-05,1.2056897e-05,4.470396e-06,4.0581285e-06,5.3431286e-06,0.970501,2.3389652e-05,0.0006995024,0.005014577,0.021139205,0.002523138,1.340613e-05,0.970501
pamap2,gnn_attention_adj,window,1,101,101,102,3157,3157,3157,5,5,6,6,cycling,cycling,True,5.529413e-05,8.354919e-06,3.6191827e-06,3.6036845e-06,3.87138e-06,0.975105,1.3842674e-05,0.00066576735,0.004531581,0.017806286,0.0017916752,1.1119094e-05,0.975105
pamap2,gnn_attention_adj,window,1,101,101,102,3158,3158,3158,5,5,6,6,cycling,cycling,True,0.00010299648,1.8927038e-05,7.8322e-06,5.867401e-06,7.755384e-06,0.966819,1.4103528e-05,0.00072442164,0.0046970216,0.023870047,0.0037135528,1.8353378e-05,0.966819
pamap2,gnn_attention_adj,window,1,101,101,102,3159,3159,3159,5,5,6,6,cycling,cycling,True,0.00012257624,2.9770317e-05,1.0287356e-05,7.0509436e-06,1.2119919e-05,0.9603061,2.8666393e-05,0.0008574535,0.0054115416,0.027821615,0.005367703,2.505342e-05,0.9603061
pamap2,gnn_attention_adj,window,1,101,101,102,3160,3160,3160,5,5,6,6,cycling,cycling,True,0.00017080491,4.978719e-05,1.5565458e-05,9.618341e-06,1.91746e-05,0.95039517,3.7436508e-05,0.0009240312,0.0060318853,0.034065474,0.008246584,3.4443226e-05,0.95039517
pamap2,gnn_attention_adj,window,1,101,101,102,3161,3161,3161,5,5,6,6,cycling,cycling,True,0.00010829311,2.464439e-05,7.0395167e-06,5.5739974e-06,1.0998972e-05,0.96554357,3.377921e-05,0.00079936214,0.0055748383,0.023908682,0.0039607766,2.237235e-05,0.96554357
pamap2,gnn_attention_adj,window,1,101,101,102,3162,3162,3162,5,5,6,6,cycling,cycling,True,4.6223246e-05,1.542375e-05,5.3841645e-06,8.953292e-06,9.299924e-06,0.94462115,0.00038830462,0.0015580987,0.016042944,0.035453677,0.0018245925,2.5925181e-05,0.94462115
pamap2,gnn_attention_adj,window,1,101,101,102,3163,3163,3163,5,5,6,6,cycling,cycling,True,0.00012909913,7.966062e-05,2.4081326e-05,0.00010295018,6.4615386e-05,0.8344685,0.011405456,0.014302447,0.08677376,0.05061676,0.0018255343,0.00020712188,0.8344685
pamap2,gnn_attention_adj,window,1,101,101,102,3164,3164,3164,5,6,6,7,cycling,nordic_walking,False,0.0002715439,0.0005054867,6.436725e-05,0.00032829875,0.00051727117,0.29917625,0.4074598,0.10349533,0.14516895,0.040458106,0.001369666,0.0011849933,0.4074598
pamap2,gnn_attention_adj,window,1,101,101,102,3165,3165,3165,5,5,6,6,cycling,cycling,True,0.00053767324,0.00060683733,0.000122057994,0.00041916786,0.0005071946,0.5206934,0.1765554,0.09382399,0.11410234,0.088607326,0.0028531288,0.0011715394,0.5206934
pamap2,gnn_attention_adj,window,1,101,101,102,3166,3166,3166,5,5,6,6,cycling,cycling,True,0.011167677,0.005522647,0.00093720434,0.00021179354,0.001253801,0.63925105,0.00037320907,0.00469549,0.024257941,0.18963926,0.121690355,0.0009995473,0.63925105
pamap2,gnn_attention_adj,window,1,101,101,102,3167,3167,3167,5,5,6,6,cycling,cycling,True,0.0087502925,0.004478351,0.0008273821,0.00015941478,0.0010066335,0.6702438,0.0003250979,0.004143714,0.022678783,0.16262206,0.12389797,0.0008664835,0.6702438
pamap2,gnn_attention_adj,window,1,101,101,102,3168,3168,3168,5,5,6,6,cycling,cycling,True,0.005938743,0.003015236,0.000546282,8.432629e-05,0.0006484933,0.72000206,0.00024409604,0.0031307973,0.01956953,0.1331985,0.113014996,0.00060691487,0.72000206
pamap2,gnn_attention_adj,window,1,101,101,102,3169,3169,3169,5,5,6,6,cycling,cycling,True,0.006836109,0.0036596742,0.0006957745,0.000111509544,0.000820425,0.68738234,0.0002686295,0.0034871867,0.020568894,0.14542836,0.12999193,0.0007491285,0.68738234
pamap2,gnn_attention_adj,window,1,101,101,102,3170,3170,3170,5,5,6,6,cycling,cycling,True,0.0059214905,0.0029352065,0.0006042723,8.362534e-05,0.00067024835,0.70932263,0.00020820253,0.0030848554,0.018817777,0.13097756,0.12671594,0.0006582926,0.70932263
pamap2,gnn_attention_adj,window,1,101,101,102,3171,3171,3171,5,5,6,6,cycling,cycling,True,0.0007428757,0.00034563322,0.00011523447,3.771159e-05,0.000106695275,0.8621484,0.00012671552,0.0016238397,0.011326276,0.08380404,0.03947384,0.00014869774,0.8621484
pamap2,gnn_attention_adj,window,1,101,101,102,3172,3172,3172,5,5,6,6,cycling,cycling,True,0.0007018641,0.0002868353,9.566917e-05,3.2657445e-05,8.770955e-05,0.87337035,0.00011051601,0.0015529805,0.010562437,0.08044162,0.03263117,0.00012622216,0.87337035
pamap2,gnn_attention_adj,window,1,101,101,102,3173,3173,3173,5,5,6,6,cycling,cycling,True,0.011866576,0.0040422115,0.0006678569,0.00016224885,0.0010593957,0.7065573,0.0003046621,0.004493327,0.023600364,0.16514398,0.08120469,0.0008974612,0.7065573
pamap2,gnn_attention_adj,window,1,101,101,102,3174,3174,3174,5,5,6,6,cycling,cycling,True,0.012039752,0.0041018487,0.0006977945,0.00017665821,0.0011248293,0.70624995,0.00032668718,0.004669487,0.024495356,0.16389194,0.08125996,0.0009657523,0.70624995
pamap2,gnn_attention_adj,window,1,101,101,102,3175,3175,3175,5,5,6,6,cycling,cycling,True,7.584141e-05,2.229578e-05,7.767922e-06,1.0652147e-05,1.4656134e-05,0.9466869,0.00037562757,0.0014165892,0.017702598,0.03144947,0.0022004633,3.701859e-05,0.9466869
pamap2,gnn_attention_adj,window,1,101,101,102,3176,3176,3176,5,5,6,6,cycling,cycling,True,4.2736774e-05,1.255843e-05,4.470729e-06,1.1895935e-05,1.0196047e-05,0.94245213,0.00073771755,0.0022772925,0.03143471,0.022048933,0.000930295,3.700888e-05,0.94245213
pamap2,gnn_attention_adj,window,1,101,101,102,3177,3177,3177,5,5,6,6,cycling,cycling,True,8.055556e-05,2.1456e-05,9.753802e-06,1.1745062e-05,1.1047036e-05,0.93602264,0.00043708028,0.0037988191,0.01442938,0.043045133,0.0020954958,3.6859114e-05,0.93602264
pamap2,gnn_attention_adj,window,1,101,101,102,3178,3178,3178,5,5,6,6,cycling,cycling,True,0.00017836803,5.3277607e-05,2.128633e-05,2.1341439e-05,1.867445e-05,0.91593957,0.00017018325,0.002683166,0.007987431,0.066924855,0.0059635947,3.8355833e-05,0.91593957
pamap2,gnn_attention_adj,window,1,101,101,102,3179,3179,3179,5,5,6,6,cycling,cycling,True,0.00011884667,2.9569119e-05,8.389781e-06,5.4379266e-06,1.1160583e-05,0.9583155,2.5485993e-05,0.00063520053,0.0050263354,0.030067869,0.005735579,2.0533778e-05,0.9583155
pamap2,gnn_attention_adj,window,1,101,101,102,3180,3180,3180,5,5,6,6,cycling,cycling,True,0.00047858,0.00016359631,4.7971072e-05,1.909903e-05,4.8848033e-05,0.91333723,5.374053e-05,0.001260796,0.0075444262,0.05656701,0.020406574,7.219175e-05,0.91333723
pamap2,gnn_attention_adj,window,1,101,101,102,3181,3181,3181,5,5,6,6,cycling,cycling,True,0.00046647794,0.00015242066,5.243995e-05,2.071649e-05,4.3284195e-05,0.91004044,4.1636198e-05,0.0012925224,0.0067425147,0.060144003,0.020937238,6.6285495e-05,0.91004044
pamap2,gnn_attention_adj,window,1,101,101,102,3182,3182,3182,5,5,6,6,cycling,cycling,True,0.00035562634,0.00011570926,3.4552228e-05,1.6762264e-05,3.693e-05,0.92600703,4.4142344e-05,0.0011791398,0.0068560834,0.049842753,0.015454519,5.6668378e-05,0.92600703
pamap2,gnn_attention_adj,window,1,101,101,102,3183,3183,3183,5,5,6,6,cycling,cycling,True,0.00013876634,3.219122e-05,1.589745e-05,9.8400205e-06,1.2313393e-05,0.9561834,1.9422929e-05,0.0009374061,0.005523669,0.03083781,0.006260818,2.8505594e-05,0.9561834
pamap2,gnn_attention_adj,window,1,101,101,102,3184,3184,3184,5,5,6,6,cycling,cycling,True,0.00017362728,3.8325095e-05,1.9742145e-05,1.2294388e-05,1.4262679e-05,0.9513039,1.865731e-05,0.0010183924,0.0058278786,0.034794956,0.006745532,3.2480086e-05,0.9513039
pamap2,gnn_attention_adj,window,1,101,101,102,3185,3185,3185,5,5,6,6,cycling,cycling,True,0.00019544906,9.6102944e-05,1.3674368e-05,2.7576158e-05,5.788289e-05,0.8852153,0.006058372,0.01772983,0.026320796,0.062345363,0.0018171953,0.00012252008,0.8852153
pamap2,gnn_attention_adj,window,1,101,101,102,3186,3186,3186,5,5,6,6,cycling,cycling,True,0.00014149243,5.9609894e-05,1.2978745e-05,2.6612326e-05,3.9504368e-05,0.8939353,0.0051799407,0.013891237,0.028222054,0.056768633,0.0016179058,0.000104703955,0.8939353
pamap2,gnn_attention_adj,window,1,101,101,102,3187,3187,3187,5,5,6,6,cycling,cycling,True,3.5591103e-05,1.1320882e-05,5.880779e-06,6.261311e-06,4.6434798e-06,0.9482937,6.0632763e-05,0.00085382,0.0071614827,0.04071188,0.0028423928,1.2257017e-05,0.9482937
pamap2,gnn_attention_adj,window,1,101,101,102,3188,3188,3188,5,5,6,6,cycling,cycling,True,0.00018198752,5.031629e-05,1.7197273e-05,7.715627e-06,1.5239792e-05,0.9433352,2.346808e-05,0.0008158265,0.004768894,0.040397964,0.010358456,2.7826725e-05,0.9433352
pamap2,gnn_attention_adj,window,1,101,101,102,3189,3189,3189,5,5,6,6,cycling,cycling,True,0.0001511753,3.249099e-05,1.3974518e-05,8.374526e-06,1.0064067e-05,0.9469446,1.701623e-05,0.00082756556,0.00414997,0.04097105,0.0068532582,2.046673e-05,0.9469446
pamap2,gnn_attention_adj,window,1,101,101,102,3190,3190,3190,5,5,6,6,cycling,cycling,True,6.896283e-05,1.0163339e-05,4.890931e-06,4.392145e-06,4.440542e-06,0.97016686,1.3626924e-05,0.00067663775,0.0044334503,0.022424892,0.0021792979,1.2394164e-05,0.97016686
pamap2,gnn_attention_adj,window,1,101,101,102,3191,3191,3191,5,5,6,6,cycling,cycling,True,8.444676e-05,1.3235431e-05,5.6219264e-06,5.6875824e-06,6.0630787e-06,0.9676792,1.742059e-05,0.00070358877,0.0047708326,0.024260847,0.0024382547,1.4799321e-05,0.9676792
pamap2,gnn_attention_adj,window,1,101,101,102,3192,3192,3192,5,5,6,6,cycling,cycling,True,0.00015601295,3.47491e-05,1.7306162e-05,8.585091e-06,1.170836e-05,0.9491243,1.6405284e-05,0.00081937684,0.004505194,0.037355576,0.007925391,2.5449233e-05,0.9491243
pamap2,gnn_attention_adj,window,1,101,101,102,3193,3193,3193,5,5,6,6,cycling,cycling,True,3.8367074e-05,5.5810688e-06,3.1240957e-06,3.3949211e-06,2.5482445e-06,0.9744839,1.15450475e-05,0.0005880494,0.0043646,0.019030565,0.0014602154,8.129776e-06,0.9744839
pamap2,gnn_attention_adj,window,1,101,101,102,3194,3194,3194,5,5,6,6,cycling,cycling,True,3.985629e-05,5.2780492e-06,3.6302597e-06,5.268122e-06,2.8454426e-06,0.9747567,1.6323222e-05,0.0008787178,0.006673435,0.016595833,0.0010108566,1.1177978e-05,0.9747567
pamap2,gnn_attention_adj,window,1,101,101,102,3195,3195,3195,5,5,6,6,cycling,cycling,True,3.9863084e-05,7.3131405e-06,4.3337395e-06,4.2021475e-06,3.4607876e-06,0.9696163,2.2202725e-05,0.0008055214,0.00609436,0.021609139,0.0017814677,1.1871803e-05,0.9696163
pamap2,gnn_attention_adj,window,1,101,101,102,3196,3196,3196,5,5,6,6,cycling,cycling,True,3.687994e-05,6.37403e-06,2.7217732e-06,2.5154814e-06,2.620366e-06,0.97074765,1.3466939e-05,0.0005041379,0.003546025,0.023244934,0.0018855924,6.998259e-06,0.97074765
pamap2,gnn_attention_adj,window,1,101,101,102,3197,3197,3197,5,5,6,6,cycling,cycling,True,5.0992392e-05,6.659595e-06,3.5161602e-06,3.852896e-06,3.136669e-06,0.9746099,1.1639577e-05,0.0006660195,0.0045666806,0.018614383,0.0014531784,9.975237e-06,0.9746099
pamap2,gnn_attention_adj,window,1,101,101,102,3198,3198,3198,5,5,6,6,cycling,cycling,True,0.00012851795,3.2755936e-05,1.9414862e-05,1.4906744e-05,1.1936307e-05,0.9425074,2.8045682e-05,0.0011748474,0.0056860335,0.04381636,0.0065522096,2.7460666e-05,0.9425074
pamap2,gnn_attention_adj,window,1,101,101,102,3199,3199,3199,5,5,6,6,cycling,cycling,True,0.00012995789,3.0358064e-05,1.44113965e-05,7.004971e-06,9.484489e-06,0.950572,1.3223128e-05,0.0007662878,0.0039130836,0.036582157,0.00794147,2.0573762e-05,0.950572
pamap2,gnn_attention_adj,window,1,101,101,102,3200,3200,3200,5,5,6,6,cycling,cycling,True,0.0001178832,2.3374032e-05,1.0926244e-05,6.9545285e-06,7.934568e-06,0.957715,1.2662861e-05,0.0007589089,0.0041396823,0.03192322,0.0052653174,1.8098537e-05,0.957715
pamap2,gnn_attention_adj,window,1,101,101,102,3201,3201,3201,5,5,6,6,cycling,cycling,True,6.933566e-05,1.0772084e-05,5.1111724e-06,4.248361e-06,4.0939285e-06,0.9688805,1.0204526e-05,0.0006484189,0.003680399,0.024099478,0.0025764997,1.0867603e-05,0.9688805
pamap2,gnn_attention_adj,window,1,101,101,102,3202,3202,3202,5,5,6,6,cycling,cycling,True,6.252252e-05,1.0487305e-05,4.586627e-06,3.7544721e-06,3.7448417e-06,0.96803826,1.1110764e-05,0.0006162594,0.0035385615,0.025050607,0.0026505128,9.570572e-06,0.96803826
pamap2,gnn_attention_adj,window,1,101,101,102,3203,3203,3203,5,5,6,6,cycling,cycling,True,0.00018829707,5.6290304e-05,2.572095e-05,1.5732172e-05,1.692719e-05,0.93075776,3.2232394e-05,0.0011587836,0.005410821,0.0517487,0.010556512,3.2265758e-05,0.93075776
pamap2,gnn_attention_adj,window,1,101,101,102,3204,3204,3204,5,5,6,6,cycling,cycling,True,0.00011146897,2.1199554e-05,1.089072e-05,7.877952e-06,7.9164e-06,0.96134895,1.515162e-05,0.00082996406,0.0049392153,0.028458577,0.0042289994,1.9679946e-05,0.96134895
pamap2,gnn_attention_adj,window,1,101,101,102,3205,3205,3205,5,5,6,6,cycling,cycling,True,0.00016361447,3.0461762e-05,1.762235e-05,1.3455229e-05,1.1893725e-05,0.95172006,1.6380909e-05,0.0010381656,0.005790459,0.036109287,0.005060407,2.8200102e-05,0.95172006
pamap2,gnn_attention_adj,window,1,101,101,102,3206,3206,3206,5,5,6,6,cycling,cycling,True,0.00010505074,1.9127585e-05,1.0154051e-05,6.3063994e-06,7.175787e-06,0.96197027,1.2435796e-05,0.0007489003,0.004295902,0.028349318,0.0044571604,1.8153623e-05,0.96197027
pamap2,gnn_attention_adj,window,1,101,101,102,3207,3207,3207,5,5,6,6,cycling,cycling,True,0.00030233056,0.000105667175,4.6616344e-05,1.8884219e-05,3.194339e-05,0.9118068,3.882288e-05,0.0011724819,0.006138868,0.06068552,0.019596724,5.536878e-05,0.9118068
pamap2,gnn_attention_adj,window,1,101,101,102,3208,3208,3208,5,5,6,6,cycling,cycling,True,0.00011167077,2.202311e-05,1.0895174e-05,6.2114714e-06,8.544105e-06,0.9606292,1.3910839e-05,0.00072240207,0.004336238,0.028892178,0.0052263,2.0415751e-05,0.9606292
pamap2,gnn_attention_adj,window,1,101,101,102,3209,3209,3209,5,5,6,6,cycling,cycling,True,0.00015037584,2.983998e-05,1.4350802e-05,8.027853e-06,1.0819411e-05,0.95575595,1.4455152e-05,0.00081468205,0.004685023,0.03234675,0.006144943,2.4742038e-05,0.95575595
pamap2,gnn_attention_adj,window,1,101,101,102,3210,3210,3210,5,5,6,6,cycling,cycling,True,8.5086256e-05,1.8638317e-05,8.862902e-06,6.5224676e-06,7.137248e-06,0.957043,1.9523739e-05,0.00076367555,0.004320575,0.033189733,0.004520677,1.6545453e-05,0.957043
pamap2,gnn_attention_adj,window,1,101,101,102,3211,3211,3211,5,5,6,6,cycling,cycling,True,7.53151e-05,1.7398499e-05,8.755401e-06,7.2221483e-06,7.5375915e-06,0.9556572,3.927859e-05,0.0010660734,0.0058937287,0.033430684,0.003776773,1.9975536e-05,0.9556572
pamap2,gnn_attention_adj,window,1,101,101,102,3212,3212,3212,5,5,6,6,cycling,cycling,True,0.00014741169,5.081461e-05,3.463841e-05,2.1929083e-05,1.9278372e-05,0.92035854,5.070782e-05,0.0014604452,0.0067200693,0.059911296,0.011182421,4.240985e-05,0.92035854
pamap2,gnn_attention_adj,window,1,101,101,102,3213,3213,3213,5,5,6,6,cycling,cycling,True,5.8018464e-05,1.1128554e-05,6.1540645e-06,6.131943e-06,5.645898e-06,0.96495014,3.1124007e-05,0.0008671549,0.0064089503,0.025257066,0.0023821294,1.6354656e-05,0.96495014
pamap2,gnn_attention_adj,window,1,101,101,102,3214,3214,3214,5,5,6,6,cycling,cycling,True,6.442569e-05,1.3111598e-05,5.8353958e-06,5.869923e-06,5.8281216e-06,0.96128947,4.059783e-05,0.00096348056,0.0055659944,0.029474342,0.0025558781,1.510757e-05,0.96128947
pamap2,gnn_attention_adj,window,1,101,101,102,3215,3215,3215,5,5,6,6,cycling,cycling,True,0.00020976707,5.6292178e-05,1.7713965e-05,1.2712797e-05,2.0156898e-05,0.9403632,4.693991e-05,0.0010655873,0.00590917,0.044151723,0.0081127025,3.4088243e-05,0.9403632
pamap2,gnn_attention_adj,window,1,101,101,102,3216,3216,3216,5,5,6,6,cycling,cycling,True,4.43253e-05,7.1085765e-06,2.6049088e-06,3.0474196e-06,3.485444e-06,0.9746849,2.3539822e-05,0.00060966105,0.0049676844,0.018238703,0.0014056363,9.405164e-06,0.9746849
pamap2,gnn_attention_adj,window,1,101,101,102,3217,3217,3217,5,5,6,6,cycling,cycling,True,5.408066e-05,6.794917e-06,2.8357376e-06,3.574201e-06,3.2530438e-06,0.9754258,1.3265237e-05,0.000602137,0.004318818,0.018271051,0.0012894445,9.021182e-06,0.9754258
pamap2,gnn_attention_adj,window,1,101,101,102,3218,3218,3218,5,5,6,6,cycling,cycling,True,0.00016513525,2.9503366e-05,1.0540557e-05,9.346844e-06,1.2217654e-05,0.9565822,2.7396998e-05,0.0009067077,0.0053164237,0.032710742,0.0042054546,2.42472e-05,0.9565822
pamap2,gnn_attention_adj,window,1,101,101,102,3219,3219,3219,5,5,6,6,cycling,cycling,True,0.0001460025,2.437265e-05,1.0751682e-05,9.97783e-06,1.015085e-05,0.9580824,2.2429038e-05,0.00093240855,0.005173585,0.031848688,0.0037169436,2.2389524e-05,0.9580824
pamap2,gnn_attention_adj,window,1,101,101,102,3220,3220,3220,5,5,6,6,cycling,cycling,True,0.00016073146,3.5147732e-05,1.3111584e-05,1.0816237e-05,1.3730997e-05,0.9529857,3.1079795e-05,0.0009842156,0.005711848,0.034746014,0.0052804626,2.7189319e-05,0.9529857
pamap2,gnn_attention_adj,window,1,101,101,102,3221,3221,3221,5,5,6,6,cycling,cycling,True,0.00053874735,0.00014361748,4.3365104e-05,2.2619004e-05,4.7102505e-05,0.9200543,4.618208e-05,0.0013147139,0.007501791,0.0551789,0.015039539,6.905874e-05,0.9200543
pamap2,gnn_attention_adj,window,1,101,101,102,3222,3222,3222,5,5,6,6,cycling,cycling,True,0.0012054972,0.00035958365,0.0001012759,4.1654093e-05,0.00011515947,0.88318074,7.785885e-05,0.001900784,0.010582988,0.07552369,0.026760995,0.00014977944,0.88318074
pamap2,gnn_attention_adj,window,1,101,101,102,3223,3223,3223,5,5,6,6,cycling,cycling,True,0.0009462248,0.00030753235,7.7055214e-05,3.12609e-05,9.3741175e-05,0.89508367,7.117775e-05,0.0016139585,0.0099142045,0.06653686,0.025204342,0.00011997262,0.89508367
pamap2,gnn_attention_adj,window,1,101,101,102,3224,3224,3224,5,5,6,6,cycling,cycling,True,0.00034698853,0.000100831225,3.4847904e-05,1.4250441e-05,3.1523705e-05,0.9296099,3.0571486e-05,0.0010302528,0.00621546,0.046992794,0.01554086,5.1689927e-05,0.9296099
pamap2,gnn_attention_adj,window,1,101,101,102,3225,3225,3225,5,5,6,6,cycling,cycling,True,7.401142e-05,2.0411357e-05,6.4102232e-06,5.1124543e-06,8.1939925e-06,0.9609941,3.7579484e-05,0.0007763768,0.005383596,0.028487295,0.004189355,1.7573922e-05,0.9609941
pamap2,gnn_attention_adj,window,1,101,101,102,3226,3226,3226,5,5,6,6,cycling,cycling,True,5.156154e-05,1.0089835e-05,3.687793e-06,5.110891e-06,4.932634e-06,0.9714361,3.7401438e-05,0.00092390674,0.0065820855,0.019291824,0.0016397276,1.3647146e-05,0.9714361
pamap2,gnn_attention_adj,window,1,101,101,102,3227,3227,3227,5,5,6,6,cycling,cycling,True,4.691359e-05,1.1526288e-05,3.6334056e-06,3.1253198e-06,4.9704563e-06,0.9711086,2.5213572e-05,0.0006137387,0.0049398206,0.020446625,0.0027840298,1.1850814e-05,0.9711086
pamap2,gnn_attention_adj,window,1,101,101,102,3228,3228,3228,5,5,6,6,cycling,cycling,True,0.00024019062,7.1674e-05,2.7567512e-05,1.0914684e-05,2.3858101e-05,0.9402539,2.449561e-05,0.0009456057,0.005618511,0.03895254,0.013786945,4.374171e-05,0.9402539
pamap2,gnn_attention_adj,window,1,101,101,102,3229,3229,3229,5,5,6,6,cycling,cycling,True,0.0003930824,0.00014374552,4.4671542e-05,1.8251223e-05,4.3268494e-05,0.9182279,4.4777316e-05,0.001249585,0.0068978695,0.05222392,0.02064711,6.5713335e-05,0.9182279
pamap2,gnn_attention_adj,window,1,101,101,102,3230,3230,3230,5,5,6,6,cycling,cycling,True,0.00045345534,0.00021213337,5.414497e-05,2.3182341e-05,6.481287e-05,0.9023478,8.793424e-05,0.0014512556,0.008602211,0.060466107,0.026148252,8.8674315e-05,0.9023478
pamap2,gnn_attention_adj,window,1,101,101,102,3231,3231,3231,5,5,6,6,cycling,cycling,True,0.00070881547,0.00025810933,6.9695474e-05,2.4940528e-05,8.490934e-05,0.9044433,6.657622e-05,0.0014450742,0.009405125,0.056888975,0.026487513,0.000116862735,0.9044433
pamap2,gnn_attention_adj,window,1,101,101,102,3232,3232,3232,5,5,6,6,cycling,cycling,True,0.0002953661,9.256751e-05,3.5113662e-05,1.333859e-05,3.1663796e-05,0.93348986,3.0519852e-05,0.001028393,0.006352681,0.042374652,0.016199932,5.5834644e-05,0.93348986
pamap2,gnn_attention_adj,window,1,101,101,102,3233,3233,3233,5,5,6,6,cycling,cycling,True,0.00022817949,6.6638815e-05,2.9795072e-05,1.196055e-05,2.1797796e-05,0.9393306,2.0940795e-05,0.00096814474,0.0056899562,0.04004005,0.013549192,4.2758307e-05,0.9393306
pamap2,gnn_attention_adj,window,1,101,101,102,3234,3234,3234,5,5,6,6,cycling,cycling,True,0.0001913459,5.0155675e-05,2.1579568e-05,9.73627e-06,1.7277274e-05,0.94724995,1.9616591e-05,0.00088432274,0.005203859,0.035882656,0.010434622,3.4822093e-05,0.94724995
pamap2,gnn_attention_adj,window,1,101,101,102,3235,3235,3235,5,5,6,6,cycling,cycling,True,0.0002973503,7.7636854e-05,3.3943954e-05,1.2112118e-05,2.5940291e-05,0.9359758,2.0484113e-05,0.0009605949,0.005558821,0.042154755,0.014833422,4.9230297e-05,0.9359758
pamap2,gnn_attention_adj,window,1,101,101,102,3236,3236,3236,5,5,6,6,cycling,cycling,True,0.00025877776,7.349804e-05,3.0446969e-05,1.2968128e-05,2.5086063e-05,0.9364904,2.6063992e-05,0.0010011431,0.0057511493,0.04262801,0.013655963,4.646551e-05,0.9364904
pamap2,gnn_attention_adj,window,1,101,101,102,3237,3237,3237,5,5,6,6,cycling,cycling,True,0.0001945268,5.971149e-05,2.4328227e-05,1.1660149e-05,2.133471e-05,0.94250125,3.1303967e-05,0.0010043399,0.005861747,0.03870973,0.01153919,4.0913706e-05,0.94250125
pamap2,gnn_attention_adj,window,1,101,101,102,3238,3238,3238,5,5,6,6,cycling,cycling,True,0.00012946154,2.9023846e-05,9.792695e-06,5.75886e-06,1.1026531e-05,0.9615555,1.8453482e-05,0.00070833636,0.0046348297,0.027067536,0.0058083492,2.203365e-05,0.9615555
pamap2,gnn_attention_adj,window,1,101,101,102,3239,3239,3239,5,5,6,6,cycling,cycling,True,0.0001796674,4.2634114e-05,1.5244168e-05,8.626922e-06,1.4908544e-05,0.95237094,2.1585343e-05,0.0008540869,0.0049301526,0.033775445,0.0077583874,2.8261618e-05,0.95237094
pamap2,gnn_attention_adj,window,1,101,101,102,3240,3240,3240,5,5,6,6,cycling,cycling,True,0.00013063382,2.9037643e-05,1.5528285e-05,9.108216e-06,1.0267671e-05,0.95471185,1.4745933e-05,0.00087036664,0.0047588022,0.032959756,0.0064658383,2.4087289e-05,0.95471185
pamap2,gnn_attention_adj,window,1,101,101,102,3241,3241,3241,5,5,6,6,cycling,cycling,True,0.00015864453,3.411356e-05,1.7702017e-05,9.966352e-06,1.1842134e-05,0.9516807,1.3719258e-05,0.0009104695,0.004929539,0.035269324,0.0069371206,2.6780304e-05,0.9516807
pamap2,gnn_attention_adj,window,1,101,101,102,3242,3242,3242,5,5,6,6,cycling,cycling,True,7.0534195e-05,1.4060849e-05,5.8953e-06,4.31795e-06,5.4830107e-06,0.96698695,1.3798201e-05,0.00061947183,0.003893441,0.024803037,0.003570176,1.2909707e-05,0.96698695
pamap2,gnn_attention_adj,window,1,101,101,102,3243,3243,3243,5,5,6,6,cycling,cycling,True,6.562129e-05,1.1630143e-05,5.1071393e-06,3.7240582e-06,4.5783636e-06,0.96968395,1.1321103e-05,0.0005789877,0.0036177984,0.02292645,0.0030795,1.1331277e-05,0.96968395
pamap2,gnn_attention_adj,window,1,101,101,102,3244,3244,3244,5,5,6,6,cycling,cycling,True,7.742935e-05,1.2718931e-05,7.139104e-06,5.8817545e-06,5.0649282e-06,0.96681446,9.6099675e-06,0.00064558315,0.0041985726,0.02522462,0.002985589,1.3361092e-05,0.96681446
pamap2,gnn_attention_adj,window,1,101,101,102,3245,3245,3245,5,5,6,6,cycling,cycling,True,3.5421694e-05,4.804588e-06,2.727648e-06,2.7811225e-06,2.1817916e-06,0.9785786,6.927454e-06,0.00052236044,0.0040923757,0.01543812,0.0013063389,7.388188e-06,0.9785786
pamap2,gnn_attention_adj,window,1,101,101,102,3246,3246,3246,5,5,6,6,cycling,cycling,True,5.454826e-05,8.513576e-06,4.6473283e-06,5.049161e-06,4.0950777e-06,0.9745224,1.3404954e-05,0.0008032506,0.0057169767,0.017139958,0.00171366,1.3470388e-05,0.9745224
pamap2,gnn_attention_adj,window,1,101,101,102,3247,3247,3247,5,5,6,6,cycling,cycling,True,5.0970084e-05,7.7726145e-06,4.35226e-06,4.79157e-06,3.7587627e-06,0.97510195,1.4948951e-05,0.00089769746,0.005913663,0.016440932,0.0015457565,1.3349501e-05,0.97510195
pamap2,gnn_attention_adj,window,1,101,101,102,3248,3248,3248,5,5,6,6,cycling,cycling,True,2.5258312e-05,3.7936725e-06,1.7212462e-06,2.3893879e-06,2.1876544e-06,0.9790733,2.14218e-05,0.0007085737,0.006311673,0.013026495,0.0008149786,8.24789e-06,0.9790733
pamap2,gnn_attention_adj,window,1,101,101,102,3249,3249,3249,5,5,6,6,cycling,cycling,True,2.4277004e-05,2.8906175e-06,1.3185899e-06,1.6717172e-06,1.7380804e-06,0.9829076,1.374533e-05,0.0005672534,0.0057691056,0.010065528,0.0006378662,7.0016254e-06,0.9829076
pamap2,gnn_attention_adj,window,1,101,101,102,3250,3250,3250,5,5,6,6,cycling,cycling,True,0.00013109953,2.7659979e-05,1.4951723e-05,8.896404e-06,9.923748e-06,0.95651937,1.1547638e-05,0.00086753233,0.004787557,0.03159574,0.006002165,2.3588607e-05,0.95651937
pamap2,gnn_attention_adj,window,1,101,101,102,3251,3251,3251,5,5,6,6,cycling,cycling,True,8.6042885e-05,1.3525057e-05,7.164221e-06,4.81146e-06,5.3056137e-06,0.9685223,7.0277038e-06,0.0006458422,0.004074352,0.023484478,0.00313484,1.426052e-05,0.9685223
pamap2,gnn_attention_adj,window,1,101,101,102,3252,3252,3252,5,5,6,6,cycling,cycling,True,6.936918e-05,1.2264537e-05,6.790577e-06,5.3924173e-06,4.843061e-06,0.9686374,9.5935975e-06,0.00070542516,0.004364309,0.023197532,0.002973404,1.3591563e-05,0.9686374
pamap2,gnn_attention_adj,window,1,101,101,102,3253,3253,3253,5,5,6,6,cycling,cycling,True,8.087547e-05,1.6477203e-05,7.4521713e-06,5.041276e-06,6.3587463e-06,0.9666668,1.2747977e-05,0.0006689302,0.0041583353,0.024250679,0.0041109184,1.5414274e-05,0.9666668
pamap2,gnn_attention_adj,window,1,101,101,102,3254,3254,3254,5,5,6,6,cycling,cycling,True,9.033812e-05,2.0539457e-05,9.022537e-06,5.1175734e-06,8.34418e-06,0.9628787,1.9541181e-05,0.00075316353,0.004815982,0.026372444,0.005006399,2.0440038e-05,0.9628787
pamap2,gnn_attention_adj,window,1,101,101,102,3255,3255,3255,5,5,6,6,cycling,cycling,True,0.0004922784,0.0004892333,0.0002443259,4.9449958e-05,9.3106864e-05,0.69802296,0.000107795626,0.002138356,0.0068558455,0.17726924,0.114114664,0.00012276719,0.69802296
pamap2,gnn_attention_adj,window,1,101,101,102,3256,3256,3256,5,5,6,6,cycling,cycling,True,4.844508e-05,1.964575e-05,1.3595176e-05,6.2691e-06,6.5324366e-06,0.89228976,0.00010913123,0.0014745953,0.0063029984,0.09221254,0.0074981023,1.8283581e-05,0.89228976
pamap2,gnn_attention_adj,window,1,101,101,102,3257,3257,3257,5,6,6,7,cycling,nordic_walking,False,0.0003789064,0.0009315042,0.00017696973,0.0008123007,0.001073148,0.11931954,0.5223688,0.19857699,0.12513149,0.027400006,0.0013599138,0.002470427,0.5223688
pamap2,gnn_attention_adj,window,1,101,101,102,3258,3258,3258,5,6,6,7,cycling,nordic_walking,False,0.0004174333,0.001093058,0.00024035548,0.0011459864,0.0012058541,0.089432366,0.6154213,0.13437404,0.13045184,0.022001607,0.0013781725,0.0028380377,0.6154213
pamap2,gnn_attention_adj,window,1,101,101,102,3259,3259,3259,5,5,6,6,cycling,cycling,True,0.0004453778,0.00018068525,3.4373697e-05,1.7543665e-05,5.0296938e-05,0.906865,9.173754e-05,0.0012621873,0.008229411,0.06359827,0.019162182,6.2925945e-05,0.906865
pamap2,gnn_attention_adj,window,1,101,101,102,3260,3260,3260,5,5,6,6,cycling,cycling,True,0.0036619536,0.0011471502,0.00022557232,6.2736915e-05,0.0003104851,0.81925255,0.00012714413,0.0025699064,0.014711928,0.10789459,0.049714327,0.00032162346,0.81925255
pamap2,gnn_attention_adj,window,1,101,101,102,3261,3261,3261,5,5,6,6,cycling,cycling,True,0.003681155,0.0010482075,0.00020751439,5.4589425e-05,0.0002860377,0.8312551,0.000111753936,0.002383659,0.014963819,0.10044666,0.045254935,0.00030662995,0.8312551
pamap2,gnn_attention_adj,window,1,101,101,102,3262,3262,3262,5,5,6,6,cycling,cycling,True,0.002900916,0.00078470627,0.00020171826,5.708394e-05,0.00020750037,0.8320761,8.5105945e-05,0.0024173306,0.012375617,0.10632226,0.042324807,0.00024693433,0.8320761
pamap2,gnn_attention_adj,window,1,101,101,102,3263,3263,3263,5,5,6,6,cycling,cycling,True,0.0033017737,0.0010525724,0.00026556282,6.2498984e-05,0.00025148186,0.8008798,8.7826826e-05,0.0025290083,0.012358325,0.12059536,0.0583306,0.00028520767,0.8008798
pamap2,gnn_attention_adj,window,1,101,101,102,3264,3264,3264,5,5,6,6,cycling,cycling,True,0.0021428254,0.0006457737,0.00017510267,4.9272552e-05,0.00017330084,0.83517027,7.093461e-05,0.002174603,0.01067848,0.10433913,0.044171378,0.00020899525,0.83517027
pamap2,gnn_attention_adj,window,1,101,101,102,3265,3265,3265,5,5,6,6,cycling,cycling,True,0.0039297403,0.001118214,0.00026059884,7.6786426e-05,0.00031899713,0.8071221,0.0001088995,0.0027594413,0.014519499,0.11981616,0.04962035,0.00034916465,0.8071221
pamap2,gnn_attention_adj,window,1,101,101,102,3266,3266,3266,5,5,6,6,cycling,cycling,True,0.0070703467,0.0022598584,0.00044197775,0.000110190114,0.00061969325,0.75738204,0.00016952299,0.0033736122,0.019627823,0.13798459,0.07035985,0.0006004933,0.75738204
pamap2,gnn_attention_adj,window,1,101,101,102,3267,3267,3267,5,5,6,6,cycling,cycling,True,8.4193736e-05,3.6582853e-05,1.6531869e-05,5.853387e-05,2.4303428e-05,0.88882655,0.0025333303,0.005928573,0.045994796,0.054694347,0.0017201388,8.215849e-05,0.88882655
pamap2,gnn_attention_adj,window,1,101,101,102,3268,3268,3268,5,5,6,6,cycling,cycling,True,4.423424e-05,1.3073183e-05,5.395389e-06,2.0234615e-05,1.0096193e-05,0.9313925,0.0007828296,0.0032612165,0.040341485,0.023259684,0.00082768564,4.1497075e-05,0.9313925
pamap2,gnn_attention_adj,window,1,101,101,102,3269,3269,3269,5,5,6,6,cycling,cycling,True,3.0129318e-05,4.275488e-06,1.6422906e-06,1.8299039e-06,1.987134e-06,0.9810543,9.284073e-06,0.00042934873,0.003862538,0.013470285,0.0011283635,5.946545e-06,0.9810543
pamap2,gnn_attention_adj,window,1,101,101,102,3270,3270,3270,5,5,6,6,cycling,cycling,True,0.00016888663,3.59614e-05,1.4384786e-05,1.091889e-05,1.36089075e-05,0.9547858,2.3073777e-05,0.00096938363,0.0056329835,0.03269814,0.0056187874,2.8006607e-05,0.9547858
pamap2,gnn_attention_adj,window,1,101,101,102,3271,3271,3271,5,5,6,6,cycling,cycling,True,0.00012310267,2.384027e-05,1.1206717e-05,8.525084e-06,8.925125e-06,0.95929444,1.5870792e-05,0.0008468319,0.004777037,0.030265441,0.0046043126,2.052895e-05,0.95929444
pamap2,gnn_attention_adj,window,1,101,101,102,3272,3272,3272,5,5,6,6,cycling,cycling,True,9.0729634e-05,2.2624596e-05,8.700475e-06,7.4785517e-06,9.06099e-06,0.956854,3.1421474e-05,0.00085394026,0.0052226633,0.032386858,0.0044931434,1.9312496e-05,0.956854
pamap2,gnn_attention_adj,window,1,101,101,102,3273,3273,3273,5,5,6,6,cycling,cycling,True,0.00014201319,3.34439e-05,1.449716e-05,1.08881495e-05,1.2532268e-05,0.95089453,2.746066e-05,0.00097272545,0.0055365223,0.036388688,0.0059403055,2.6358837e-05,0.95089453
pamap2,gnn_attention_adj,window,1,101,101,102,3274,3274,3274,5,5,6,6,cycling,cycling,True,0.000101904254,1.9233128e-05,1.2819799e-05,1.3210757e-05,8.033021e-06,0.9583131,2.0605346e-05,0.0011385938,0.0064105815,0.03065169,0.0032878788,2.238759e-05,0.9583131
pamap2,gnn_attention_adj,window,1,101,101,102,3275,3275,3275,5,5,6,6,cycling,cycling,True,9.949953e-05,1.8235214e-05,1.102703e-05,1.0489714e-05,8.333894e-06,0.964539,1.9574501e-05,0.0010819298,0.0071352604,0.024116924,0.002935155,2.4532288e-05,0.964539
pamap2,gnn_attention_adj,window,1,101,101,102,3276,3276,3276,5,5,6,6,cycling,cycling,True,8.527246e-05,1.2681934e-05,6.079986e-06,6.146559e-06,5.8885985e-06,0.9709664,1.4340148e-05,0.00081181095,0.0055640354,0.020377697,0.0021328283,1.6731517e-05,0.9709664
pamap2,gnn_attention_adj,window,1,101,101,102,3277,3277,3277,5,5,6,6,cycling,cycling,True,6.78009e-05,8.898812e-06,4.791579e-06,5.207672e-06,4.338589e-06,0.9745851,1.2370056e-05,0.0008444105,0.0057547754,0.01721127,0.0014867799,1.4310621e-05,0.9745851
pamap2,gnn_attention_adj,window,1,101,101,102,3278,3278,3278,5,5,6,6,cycling,cycling,True,0.000105524574,1.6807957e-05,9.861666e-06,9.52365e-06,7.5310045e-06,0.9648323,1.3430128e-05,0.0010158415,0.006187435,0.025122767,0.002657504,2.1430362e-05,0.9648323
pamap2,gnn_attention_adj,window,1,101,101,102,3279,3279,3279,5,5,6,6,cycling,cycling,True,7.101755e-05,9.233881e-06,5.0448416e-06,5.99483e-06,5.6819376e-06,0.97474426,1.6467235e-05,0.0010026477,0.008835936,0.014088255,0.0011944906,2.0944935e-05,0.97474426
pamap2,gnn_attention_adj,window,1,101,101,102,3280,3280,3280,5,5,6,6,cycling,cycling,True,6.5549866e-05,8.105046e-06,4.402403e-06,6.4690585e-06,5.2180353e-06,0.97434026,1.8683313e-05,0.0009837728,0.008776521,0.014732688,0.0010394033,1.9011806e-05,0.97434026
pamap2,gnn_attention_adj,window,1,101,101,102,3281,3281,3281,5,5,6,6,cycling,cycling,True,2.4635283e-05,2.7737988e-06,1.1368112e-06,1.6136834e-06,1.574037e-06,0.98273575,1.2308299e-05,0.000459812,0.0046957037,0.01144148,0.00061766553,5.5473456e-06,0.98273575
pamap2,gnn_attention_adj,window,1,101,101,102,3282,3282,3282,5,5,6,6,cycling,cycling,True,3.5971712e-05,4.134165e-06,1.7433867e-06,2.2545723e-06,2.0451535e-06,0.98019433,1.1888496e-05,0.0005907478,0.0042045545,0.014077238,0.00086828595,6.8100567e-06,0.98019433
pamap2,gnn_attention_adj,window,1,101,101,102,3283,3283,3283,5,5,6,6,cycling,cycling,True,3.2981032e-05,4.232646e-06,1.8196138e-06,3.368897e-06,2.5267316e-06,0.9774876,2.5867812e-05,0.0008010086,0.006816906,0.014141616,0.0006729767,9.096533e-06,0.9774876
pamap2,gnn_attention_adj,window,1,101,101,102,3284,3284,3284,5,5,6,6,cycling,cycling,True,2.9761237e-05,4.1643034e-06,1.7061217e-06,2.3334512e-06,2.4138592e-06,0.979935,1.825784e-05,0.0006081285,0.006124345,0.012435074,0.0008302486,8.512583e-06,0.979935
pamap2,gnn_attention_adj,window,1,101,101,102,3285,3285,3285,5,5,6,6,cycling,cycling,True,0.00013377055,2.9470779e-05,1.4840405e-05,1.1780517e-05,1.24411035e-05,0.9573015,2.3606546e-05,0.0010389759,0.00630932,0.030079933,0.0050143534,2.9955521e-05,0.9573015
pamap2,gnn_attention_adj,window,1,101,101,102,3286,3286,3286,5,5,6,6,cycling,cycling,True,7.870403e-05,1.1274686e-05,5.709283e-06,5.873675e-06,5.5842547e-06,0.97325176,1.569817e-05,0.0008925283,0.0062397383,0.017668093,0.0018073084,1.764345e-05,0.97325176
pamap2,gnn_attention_adj,window,1,101,101,102,3287,3287,3287,5,5,6,6,cycling,cycling,True,6.999223e-05,9.46561e-06,5.1328348e-06,5.085751e-06,4.2192883e-06,0.97354186,8.644276e-06,0.0007768287,0.004973894,0.018832307,0.0017593646,1.3148969e-05,0.97354186
pamap2,gnn_attention_adj,window,1,101,101,102,3288,3288,3288,5,5,6,6,cycling,cycling,True,4.2722135e-05,4.772577e-06,2.2730517e-06,2.6596729e-06,2.5303978e-06,0.9803043,1.0957939e-05,0.0006455761,0.0049369643,0.013071277,0.0009668379,9.118762e-06,0.9803043
pamap2,gnn_attention_adj,window,1,101,101,102,3289,3289,3289,5,5,6,6,cycling,cycling,True,6.630668e-05,1.06186035e-05,6.319378e-06,7.406352e-06,5.858331e-06,0.96887624,3.148692e-05,0.0011558275,0.007646686,0.020368608,0.0018045912,1.99994e-05,0.96887624
pamap2,gnn_attention_adj,window,1,101,101,102,3290,3290,3290,5,5,6,6,cycling,cycling,True,6.442842e-05,1.2058926e-05,5.8968467e-06,5.849261e-06,5.4044795e-06,0.9674316,2.173229e-05,0.000860815,0.005208224,0.023803473,0.0025656566,1.4892732e-05,0.9674316
pamap2,gnn_attention_adj,window,1,101,101,102,3291,3291,3291,5,5,6,6,cycling,cycling,True,6.7491026e-05,1.33794365e-05,4.967687e-06,4.475238e-06,5.5364144e-06,0.9674663,2.5695366e-05,0.00083103974,0.004831052,0.024082525,0.002653441,1.4097728e-05,0.9674663
pamap2,gnn_attention_adj,window,1,101,101,102,3292,3292,3292,5,5,6,6,cycling,cycling,True,9.5161005e-05,2.5000401e-05,9.617375e-06,7.548441e-06,8.983877e-06,0.9529007,3.4790544e-05,0.0009903586,0.005045923,0.035890117,0.0049721156,1.9653362e-05,0.9529007
pamap2,gnn_attention_adj,window,1,101,101,102,3293,3293,3293,5,5,6,6,cycling,cycling,True,9.852961e-05,2.0256903e-05,7.0820047e-06,4.6427604e-06,7.5936005e-06,0.96317333,1.8139754e-05,0.0006543222,0.0042108474,0.027428398,0.0043607047,1.609096e-05,0.96317333
pamap2,gnn_attention_adj,window,1,101,101,102,3294,3294,3294,5,5,6,6,cycling,cycling,True,0.00023274907,6.253546e-05,2.1592232e-05,1.19460565e-05,2.0244406e-05,0.9363634,3.0420435e-05,0.00095459475,0.005327291,0.046473347,0.010467548,3.435312e-05,0.9363634
pamap2,gnn_attention_adj,window,1,101,101,102,3295,3295,3295,5,5,6,6,cycling,cycling,True,0.0003153025,7.5206466e-05,3.4006e-05,1.3140448e-05,2.3782117e-05,0.93407196,2.0799549e-05,0.0010204023,0.00549826,0.045652956,0.013228653,4.5573197e-05,0.93407196
pamap2,gnn_attention_adj,window,1,101,101,102,3296,3296,3296,5,5,6,6,cycling,cycling,True,0.0003122227,6.644994e-05,2.5155157e-05,1.0086845e-05,2.1772546e-05,0.94329107,1.786035e-05,0.00088049914,0.005448923,0.03926622,0.010619278,4.045889e-05,0.94329107
pamap2,gnn_attention_adj,window,1,101,101,102,3297,3297,3297,5,5,6,6,cycling,cycling,True,6.9123154e-05,1.1245499e-05,4.1163858e-06,2.8934837e-06,4.363966e-06,0.9709916,1.02176355e-05,0.0005077482,0.0033672343,0.022173695,0.0028474813,1.0238979e-05,0.9709916
pamap2,gnn_attention_adj,window,1,101,101,102,3298,3298,3298,5,5,6,6,cycling,cycling,True,4.5716475e-05,6.7802393e-06,2.5697193e-06,2.6844193e-06,3.2806674e-06,0.9758152,1.46590255e-05,0.00054871204,0.004469077,0.017586814,0.0014953311,9.190931e-06,0.9758152
pamap2,gnn_attention_adj,window,1,101,101,102,3299,3299,3299,5,5,6,6,cycling,cycling,True,5.222329e-05,7.811073e-06,3.0702731e-06,3.4711275e-06,3.742151e-06,0.9727906,1.6933835e-05,0.0005925818,0.0045403293,0.020381821,0.0015975292,9.88884e-06,0.9727906
pamap2,gnn_attention_adj,window,1,101,101,102,3300,3300,3300,5,5,6,6,cycling,cycling,True,0.00028922537,6.3645784e-05,3.0637315e-05,1.9252851e-05,2.2253205e-05,0.9356182,2.8421488e-05,0.0012393331,0.0061437446,0.04742579,0.009075928,4.3541168e-05,0.9356182
pamap2,gnn_attention_adj,window,1,101,101,102,3301,3301,3301,5,5,6,6,cycling,cycling,True,0.0002355776,4.5094494e-05,1.997862e-05,1.3851739e-05,1.6491835e-05,0.9457951,2.0783198e-05,0.001008469,0.005635092,0.040558755,0.006617711,3.304388e-05,0.9457951
pamap2,gnn_attention_adj,window,1,101,101,102,3302,3302,3302,5,5,6,6,cycling,cycling,True,2.2525855e-05,3.1524764e-06,1.1881318e-06,1.3948611e-06,1.4704065e-06,0.9780617,1.7551103e-05,0.0004772309,0.003937093,0.016651079,0.0008210452,4.658081e-06,0.9780617
pamap2,gnn_attention_adj,window,1,101,101,102,3303,3303,3303,5,5,6,6,cycling,cycling,True,2.756488e-05,4.9228247e-06,2.0341463e-06,2.3439914e-06,2.1304888e-06,0.96820045,3.0896503e-05,0.0006303217,0.004530613,0.02533707,0.0012254517,6.1777037e-06,0.96820045
pamap2,gnn_attention_adj,window,1,101,101,102,3304,3304,3304,5,5,6,6,cycling,cycling,True,0.00012878935,1.956898e-05,7.559343e-06,6.7083292e-06,7.2018884e-06,0.9603582,1.502002e-05,0.00075013854,0.004343347,0.031019816,0.0033279848,1.5670732e-05,0.9603582
pamap2,gnn_attention_adj,window,1,101,101,102,3305,3305,3305,5,5,6,6,cycling,cycling,True,0.00019698951,3.5196354e-05,1.2100732e-05,1.2291748e-05,1.2767958e-05,0.9470357,2.6124075e-05,0.0010201994,0.0054679406,0.041661832,0.0044956333,2.3339278e-05,0.9470357
pamap2,gnn_attention_adj,window,1,101,101,102,3306,3306,3306,5,5,6,6,cycling,cycling,True,0.0002757487,5.3917018e-05,1.5758695e-05,1.13261685e-05,1.6836218e-05,0.94020945,2.5320842e-05,0.0009325505,0.005026178,0.046584588,0.0068215053,2.6724276e-05,0.94020945
pamap2,gnn_attention_adj,window,1,101,101,102,3307,3307,3307,5,5,6,6,cycling,cycling,True,0.00015398482,2.9499713e-05,1.3350897e-05,1.1921076e-05,1.0973458e-05,0.95019066,2.6143327e-05,0.0010194192,0.004910352,0.038827308,0.004783765,2.267558e-05,0.95019066
pamap2,gnn_attention_adj,window,1,101,101,102,3308,3308,3308,5,5,6,6,cycling,cycling,True,8.609852e-05,2.0214251e-05,8.314747e-06,7.1889344e-06,7.979294e-06,0.95468307,3.6993275e-05,0.0009762313,0.004758037,0.035275295,0.0041228854,1.7580662e-05,0.95468307
pamap2,gnn_attention_adj,window,1,101,101,102,3309,3309,3309,5,5,6,6,cycling,cycling,True,0.00019993118,5.0157087e-05,2.2402497e-05,1.4840892e-05,1.747031e-05,0.94069666,2.6798194e-05,0.001089478,0.005233781,0.043838378,0.008776731,3.3403983e-05,0.94069666
pamap2,gnn_attention_adj,window,1,101,101,102,3310,3310,3310,5,5,6,6,cycling,cycling,True,0.00027955562,6.037252e-05,3.2230506e-05,2.4773999e-05,2.2516662e-05,0.9366942,3.0477597e-05,0.0014167656,0.0071044452,0.046458498,0.007829784,4.636857e-05,0.9366942
pamap2,gnn_attention_adj,window,1,101,101,102,3311,3311,3311,5,5,6,6,cycling,cycling,True,0.00024644574,3.9598104e-05,1.44848045e-05,9.88776e-06,1.5088498e-05,0.95831496,1.855324e-05,0.0009436056,0.005938025,0.029626228,0.004801973,3.1136e-05,0.95831496
pamap2,gnn_attention_adj,window,1,101,101,102,3312,3312,3312,5,5,6,6,cycling,cycling,True,5.938456e-05,9.208241e-06,3.4929183e-06,4.8818115e-06,4.4624985e-06,0.97320074,2.3876979e-05,0.0007772615,0.005758928,0.018718956,0.0014266289,1.2246846e-05,0.97320074
pamap2,gnn_attention_adj,window,1,101,101,102,3313,3313,3313,5,5,6,6,cycling,cycling,True,7.950106e-05,1.0011825e-05,5.032567e-06,1.0200007e-05,6.376704e-06,0.9706354,4.2039916e-05,0.0016506325,0.013511359,0.013174506,0.00084933214,2.5511074e-05,0.9706354
pamap2,gnn_attention_adj,window,1,101,101,102,3314,3314,3314,5,5,6,6,cycling,cycling,True,6.770864e-05,1.03299335e-05,5.1020306e-06,7.110765e-06,5.49129e-06,0.97295177,2.1606915e-05,0.00094172434,0.0074455007,0.017011378,0.0015147355,1.7541888e-05,0.97295177
pamap2,gnn_attention_adj,window,1,101,101,102,3315,3315,3315,5,5,6,6,cycling,cycling,True,0.00026399273,4.770515e-05,2.0313628e-05,1.942209e-05,2.050836e-05,0.9488841,2.9105726e-05,0.0012939216,0.0076948614,0.036588263,0.005095039,4.281951e-05,0.9488841
pamap2,gnn_attention_adj,window,1,101,101,102,3316,3316,3316,5,5,6,6,cycling,cycling,True,0.00010046744,1.1355571e-05,5.4549146e-06,5.0412627e-06,5.8103933e-06,0.9760492,1.2749999e-05,0.0009166095,0.0063554444,0.015081547,0.0014374548,1.8831708e-05,0.9760492
pamap2,gnn_attention_adj,window,1,101,101,102,3317,3317,3317,5,5,6,6,cycling,cycling,True,8.1859995e-05,1.0700239e-05,5.2316464e-06,5.7899e-06,5.411355e-06,0.9734716,1.2039119e-05,0.0008196854,0.005933171,0.018004458,0.001633682,1.6451631e-05,0.9734716
pamap2,gnn_attention_adj,window,1,101,101,102,3318,3318,3318,5,5,6,6,cycling,cycling,True,7.1077055e-05,8.513825e-06,3.9700267e-06,5.052777e-06,4.5951074e-06,0.9759368,1.3535093e-05,0.00073506084,0.005948349,0.015978878,0.001280018,1.4102054e-05,0.9759368
pamap2,gnn_attention_adj,window,1,101,101,102,3319,3319,3319,5,5,6,6,cycling,cycling,True,0.00017225364,2.7139997e-05,1.2638615e-05,1.0022923e-05,1.3316437e-05,0.9661117,2.397752e-05,0.0011775998,0.0075539695,0.021703113,0.0031582802,3.59515e-05,0.9661117
pamap2,gnn_attention_adj,window,1,101,101,102,3320,3320,3320,5,5,6,6,cycling,cycling,True,0.00037827072,7.704152e-05,3.6230533e-05,2.5297959e-05,3.3350883e-05,0.9382308,3.0271887e-05,0.0015373371,0.008649224,0.042829655,0.008104582,6.780462e-05,0.9382308
pamap2,gnn_attention_adj,window,1,101,101,102,3321,3321,3321,5,5,6,6,cycling,cycling,True,0.00019008749,3.4907913e-05,1.7337024e-05,1.1139878e-05,1.5577878e-05,0.96113074,1.9146555e-05,0.0010780853,0.0070686145,0.025657957,0.0047376733,3.8683967e-05,0.96113074
pamap2,gnn_attention_adj,window,1,101,101,102,3322,3322,3322,5,5,6,6,cycling,cycling,True,2.9941444e-05,3.3648164e-06,1.6565847e-06,2.0637463e-06,1.9727102e-06,0.9818902,1.3860153e-05,0.0005981385,0.0059404727,0.010831572,0.00067887176,7.966552e-06,0.9818902
pamap2,gnn_attention_adj,window,1,101,101,102,3323,3323,3323,5,5,6,6,cycling,cycling,True,7.599205e-05,9.069493e-06,5.1724383e-06,1.634919e-05,7.69883e-06,0.9626206,6.859917e-05,0.002154736,0.021340357,0.013051486,0.00061582215,3.416223e-05,0.9626206
pamap2,gnn_attention_adj,window,1,101,101,102,3324,3324,3324,5,5,6,6,cycling,cycling,True,9.414181e-05,1.0012072e-05,4.8346838e-06,1.0105679e-05,8.6049e-06,0.96545804,4.748945e-05,0.0021292227,0.021933334,0.009671043,0.00059280125,4.0388688e-05,0.96545804
pamap2,gnn_attention_adj,window,1,101,101,102,3325,3325,3325,5,5,6,6,cycling,cycling,True,4.95897e-05,4.983644e-06,2.786072e-06,4.648218e-06,2.8786894e-06,0.97834295,1.1791948e-05,0.0009862259,0.007184241,0.012744941,0.00065329624,1.1700952e-05,0.97834295
pamap2,gnn_attention_adj,window,1,101,101,102,3326,3326,3326,5,5,6,6,cycling,cycling,True,0.00016960272,3.3783792e-05,2.0500482e-05,2.5579431e-05,1.5235479e-05,0.94885534,4.5825567e-05,0.0019359101,0.009165271,0.03593184,0.0037600116,4.1095285e-05,0.94885534
pamap2,gnn_attention_adj,window,1,101,101,102,3327,3327,3327,5,5,6,6,cycling,cycling,True,0.00017568469,2.9549945e-05,1.4295306e-05,1.2044688e-05,1.3540774e-05,0.96389186,2.7277985e-05,0.0015337974,0.0081906775,0.02289203,0.0031806745,3.8602855e-05,0.96389186
pamap2,gnn_attention_adj,window,1,101,101,102,3328,3328,3328,5,5,6,6,cycling,cycling,True,0.00013411346,2.2564582e-05,1.1835443e-05,1.3099442e-05,9.949044e-06,0.9612944,2.0948746e-05,0.0012245865,0.0067615933,0.027498484,0.0029820732,2.6326456e-05,0.9612944
pamap2,gnn_attention_adj,window,1,101,101,102,3329,3329,3329,5,5,6,6,cycling,cycling,True,0.0001263987,2.1160606e-05,1.1024214e-05,1.027307e-05,9.410833e-06,0.96342945,1.88839e-05,0.0010274149,0.0062378207,0.025893642,0.0031896608,2.4926654e-05,0.96342945
pamap2,gnn_attention_adj,window,1,101,101,102,3330,3330,3330,5,5,6,6,cycling,cycling,True,0.00019064627,3.8069444e-05,1.8982542e-05,1.0774828e-05,1.5410753e-05,0.9552659,1.7380331e-05,0.0009934765,0.00597712,0.031149678,0.006286796,3.579262e-05,0.9552659
pamap2,gnn_attention_adj,window,1,101,101,102,3331,3331,3331,5,5,6,6,cycling,cycling,True,9.490641e-05,1.590776e-05,7.034014e-06,7.748462e-06,7.768403e-06,0.9678825,2.157073e-05,0.0008831887,0.0062149866,0.02237152,0.002472673,2.0280411e-05,0.9678825
pamap2,gnn_attention_adj,window,1,101,101,102,3332,3332,3332,5,5,6,6,cycling,cycling,True,8.215395e-05,1.0174757e-05,5.604569e-06,6.7061983e-06,5.8791024e-06,0.9739189,1.7311393e-05,0.0011753318,0.008855145,0.014719949,0.0011809542,2.1888955e-05,0.9739189
pamap2,gnn_attention_adj,window,1,101,101,102,3333,3333,3333,5,5,6,6,cycling,cycling,True,4.4768818e-05,6.0601415e-06,3.24911e-06,4.9279174e-06,3.620053e-06,0.97667515,1.4974312e-05,0.000810516,0.007577269,0.013861,0.0009850977,1.338589e-05,0.97667515
pamap2,gnn_attention_adj,window,1,101,101,102,3334,3334,3334,5,5,6,6,cycling,cycling,True,3.6677004e-05,4.8397233e-06,2.477773e-06,3.7610082e-06,2.637948e-06,0.97734684,1.7144523e-05,0.0007591671,0.0062550935,0.014676079,0.00088560005,9.6361455e-06,0.97734684
pamap2,gnn_attention_adj,window,1,101,101,102,3335,3335,3335,5,5,6,6,cycling,cycling,True,0.00012659379,2.3878705e-05,1.3640417e-05,1.1198974e-05,9.691266e-06,0.95949864,2.2354872e-05,0.0012824635,0.006228272,0.02891283,0.0038431915,2.7197357e-05,0.95949864
pamap2,gnn_attention_adj,window,1,101,101,102,3336,3336,3336,5,5,6,6,cycling,cycling,True,0.00023787186,3.8656963e-05,1.6149945e-05,1.0481126e-05,1.5680793e-05,0.9539448,1.4238432e-05,0.0009829251,0.005736245,0.03363748,0.0053320196,3.3456345e-05,0.9539448
pamap2,gnn_attention_adj,window,1,101,101,102,3337,3337,3337,5,5,6,6,cycling,cycling,True,0.00014410481,1.9887648e-05,1.015258e-05,6.0494285e-06,8.893492e-06,0.9674519,9.855583e-06,0.000847435,0.0051437165,0.023080382,0.003253897,2.378504e-05,0.9674519
pamap2,gnn_attention_adj,window,1,101,101,102,3338,3338,3338,5,5,6,6,cycling,cycling,True,0.000117372256,2.3302213e-05,1.3502655e-05,9.683266e-06,1.0237247e-05,0.9607147,2.3471584e-05,0.0010819631,0.006313639,0.027354164,0.0043095103,2.8457662e-05,0.9607147
pamap2,gnn_attention_adj,window,1,101,101,102,3339,3339,3339,5,5,6,6,cycling,cycling,True,0.00037660144,0.00029384525,0.00021999075,5.8150268e-05,7.675207e-05,0.76507986,0.00013878598,0.0026523615,0.008168315,0.1563076,0.06650029,0.00012743204,0.76507986
pamap2,gnn_attention_adj,window,1,101,101,102,3340,3340,3340,5,5,6,6,cycling,cycling,True,0.0010169259,0.0017393047,0.00096285937,8.134255e-05,0.0003146154,0.47242433,0.00025133524,0.0027298932,0.009315179,0.20161389,0.30918756,0.00036273827,0.47242433
pamap2,gnn_attention_adj,window,1,101,101,102,3341,3341,3341,5,10,6,17,cycling,ironing,False,0.0043311217,0.00608554,0.0042257085,0.0001949794,0.0009045339,0.3147374,0.00033778886,0.0044230577,0.01250467,0.2166265,0.43457562,0.001053044,0.43457562
pamap2,gnn_attention_adj,window,1,101,101,102,3342,3342,3342,5,5,6,6,cycling,cycling,True,0.001529525,0.0010089654,0.0021356384,0.00095056905,0.0003672117,0.540713,0.00074782665,0.0104635935,0.01954748,0.3441006,0.07767441,0.0007611721,0.540713
pamap2,gnn_attention_adj,window,1,101,101,102,3343,3343,3343,5,5,6,6,cycling,cycling,True,0.0011204081,0.0015343816,0.0022180928,0.0018128225,0.0004358594,0.45224825,0.0018910501,0.018484697,0.030011812,0.40287012,0.08663736,0.00073514914,0.45224825
pamap2,gnn_attention_adj,window,1,101,101,102,3344,3344,3344,5,10,6,17,cycling,ironing,False,0.0018283306,0.03866558,0.029917987,0.0023603258,0.0047461903,0.028390648,0.010242067,0.009293608,0.01970662,0.14949092,0.70198655,0.0033711342,0.70198655
pamap2,gnn_attention_adj,window,1,101,101,102,3345,3345,3345,5,1,6,2,cycling,sitting,False,0.014311099,0.33929497,0.13219391,0.005557121,0.017809179,0.0122287795,0.035274953,0.014377234,0.036098164,0.04896972,0.3343558,0.009529102,0.33929497
pamap2,gnn_attention_adj,window,1,101,101,102,3346,3346,3346,5,1,6,2,cycling,sitting,False,0.030594077,0.51595026,0.16329764,0.0037814057,0.017901635,0.008496997,0.020921817,0.010734703,0.03251953,0.021591045,0.16633426,0.007876626,0.51595026
pamap2,gnn_attention_adj,window,1,101,101,102,3347,3347,3347,5,1,6,2,cycling,sitting,False,0.046591844,0.724568,0.127619,0.0018365955,0.012211389,0.0019112129,0.008284755,0.0048434935,0.0147432415,0.0077256374,0.045961544,0.0037032203,0.724568
pamap2,gnn_attention_adj,window,1,101,101,102,3348,3348,3348,5,1,6,2,cycling,sitting,False,0.06250592,0.7639989,0.10423759,0.0017413441,0.012186948,0.0010160726,0.010057978,0.0040777996,0.0122650685,0.0044677746,0.020179281,0.0032652852,0.7639989
pamap2,gnn_attention_adj,window,1,101,101,102,3349,3349,3349,5,1,6,2,cycling,sitting,False,0.042479035,0.7469641,0.11610934,0.0016506512,0.011734859,0.0015588027,0.00716056,0.0044130185,0.0128845405,0.007324568,0.04441314,0.0033073465,0.7469641
pamap2,gnn_attention_adj,window,1,101,101,102,3350,3350,3350,5,1,6,2,cycling,sitting,False,0.04088747,0.7107743,0.14206395,0.0018334519,0.011961669,0.0018127083,0.007438879,0.005045502,0.014335665,0.0080406675,0.05208911,0.0037165782,0.7107743
pamap2,gnn_attention_adj,window,1,101,101,102,3351,3351,3351,5,1,6,2,cycling,sitting,False,0.054713767,0.8242197,0.072080605,0.00087352295,0.01050901,0.0005895091,0.0062014875,0.00234179,0.00841576,0.0029174925,0.01495039,0.0021869324,0.8242197
pamap2,gnn_attention_adj,window,1,101,101,102,3352,3352,3352,4,1,5,2,running,sitting,False,0.012358324,0.52068204,0.06731131,0.0008997672,0.011820192,0.0058502587,0.00789518,0.003714385,0.017284883,0.02157755,0.32733053,0.003275552,0.52068204
pamap2,gnn_attention_adj,window,1,101,101,102,3353,3353,3353,4,10,5,17,running,ironing,False,0.0024026176,0.096904665,0.03622979,0.0007217593,0.00542563,0.013213811,0.005018026,0.003761717,0.01514253,0.040955584,0.7775971,0.0026266875,0.7775971
pamap2,gnn_attention_adj,window,1,101,101,102,3354,3354,3354,4,10,5,17,running,ironing,False,0.003053354,0.088340946,0.05287543,0.0008854198,0.0059489524,0.017412826,0.005657941,0.005182916,0.020801365,0.038882576,0.75738555,0.0035726205,0.75738555
pamap2,gnn_attention_adj,window,1,101,101,102,3355,3355,3355,4,10,5,17,running,ironing,False,0.01053131,0.2528876,0.133361,0.0015612708,0.010672871,0.013329949,0.009923686,0.007598099,0.030429693,0.029171482,0.49503654,0.0054964595,0.49503654
pamap2,gnn_attention_adj,window,1,101,101,102,3356,3356,3356,4,10,5,17,running,ironing,False,0.012418113,0.24724698,0.18955831,0.00213936,0.011444472,0.013668023,0.011949508,0.009901697,0.0370872,0.027965406,0.429695,0.0069259396,0.429695
pamap2,gnn_attention_adj,window,1,101,101,102,3357,3357,3357,4,10,5,17,running,ironing,False,0.005144826,0.10731878,0.10807723,0.0018525075,0.008733745,0.021088647,0.009568491,0.00966688,0.03511786,0.042017292,0.6447012,0.006712592,0.6447012
pamap2,gnn_attention_adj,window,1,101,101,102,3358,3358,3358,4,10,5,17,running,ironing,False,0.0016237927,0.05275508,0.030821182,0.0005415851,0.0037816921,0.015903646,0.0031450347,0.003470792,0.013804798,0.039934747,0.83191127,0.0023062895,0.83191127
pamap2,gnn_attention_adj,window,1,101,101,102,3359,3359,3359,4,10,5,17,running,ironing,False,0.0017347678,0.05356605,0.020996993,0.00042358486,0.003997478,0.019378094,0.0037988229,0.002997724,0.014586999,0.041353073,0.8348768,0.002289616,0.8348768
pamap2,gnn_attention_adj,window,1,101,101,102,3360,3360,3360,4,10,5,17,running,ironing,False,0.0007130151,0.031844955,0.0080725765,0.00016956376,0.0021850215,0.0142397545,0.0018524276,0.0014188677,0.0073354733,0.03984533,0.8912788,0.0010441735,0.8912788
pamap2,gnn_attention_adj,window,1,101,101,102,3361,3361,3361,4,10,5,17,running,ironing,False,0.0008931886,0.04111443,0.009911579,0.00023171329,0.003028021,0.014931713,0.0029254819,0.0018047028,0.009207954,0.042234648,0.87232083,0.0013956892,0.87232083
pamap2,gnn_attention_adj,window,1,101,101,102,3362,3362,3362,4,10,5,17,running,ironing,False,0.0007962801,0.031602208,0.013042054,0.00019394113,0.0020878522,0.014023241,0.00133773,0.0016263737,0.0077054487,0.03399113,0.8924879,0.0011058344,0.8924879
pamap2,gnn_attention_adj,window,1,101,101,102,3363,3363,3363,4,10,5,17,running,ironing,False,0.0007701238,0.029732356,0.0137276845,0.00021537872,0.0021181414,0.014561051,0.0014083448,0.0017720626,0.008007696,0.03494592,0.8915558,0.0011854566,0.8915558
pamap2,gnn_attention_adj,window,1,101,101,102,3364,3364,3364,4,10,5,17,running,ironing,False,0.0012748429,0.020575197,0.033242915,0.0019952503,0.0039618695,0.03717353,0.0041092467,0.009082147,0.017627256,0.11057743,0.7566688,0.0037115104,0.7566688
pamap2,gnn_attention_adj,window,1,101,101,102,3365,3365,3365,4,3,5,4,running,walking,False,0.0021104054,0.0043041105,0.008297757,0.33173427,0.003113693,0.04758583,0.024642501,0.20500943,0.26253587,0.09008867,0.01185601,0.008721422,0.33173427
pamap2,gnn_attention_adj,window,1,101,101,102,3366,3366,3366,4,7,5,12,running,ascending_stairs,False,0.00073276245,0.0024952549,0.0007385966,0.2610402,0.011084556,0.0025942218,0.19771568,0.26571873,0.23529088,0.005577341,0.00044708134,0.016564697,0.26571873
pamap2,gnn_attention_adj,window,1,101,101,102,3367,3367,3367,4,6,5,7,running,nordic_walking,False,0.0003347359,0.0028860853,0.00014562793,0.010061081,0.21135244,0.00029112076,0.39092347,0.037308637,0.2356056,0.00046980413,0.00015421429,0.110467106,0.39092347
pamap2,gnn_attention_adj,window,1,101,101,102,3368,3368,3368,4,4,5,5,running,running,True,0.0015253817,0.0022406706,0.00010630849,0.00031141564,0.69609994,5.2146166e-05,0.003916294,0.004260123,0.03709791,0.00013236717,7.186164e-05,0.2541856,0.69609994
pamap2,gnn_attention_adj,window,1,101,101,102,3369,3369,3369,4,4,5,5,running,running,True,0.00046488942,0.002290188,4.2169027e-05,0.00025636712,0.7537428,7.4105425e-05,0.032631446,0.0067606186,0.05320134,0.00012689344,5.2939446e-05,0.15035622,0.7537428
pamap2,gnn_attention_adj,window,1,101,101,102,3370,3370,3370,4,4,5,5,running,running,True,0.00013067533,0.0015886816,1.1851686e-05,5.6237393e-05,0.91370803,5.6415706e-06,0.018953938,0.004997428,0.007929311,3.310872e-05,1.2603271e-05,0.05257249,0.91370803
pamap2,gnn_attention_adj,window,1,101,101,102,3371,3371,3371,4,4,5,5,running,running,True,8.253051e-05,0.00067394495,2.4489134e-06,1.13748665e-05,0.9043017,7.0014253e-06,0.011406968,0.0007994499,0.014127086,1.4205584e-05,5.9789068e-06,0.068567336,0.9043017
pamap2,gnn_attention_adj,window,1,101,101,102,3372,3372,3372,4,4,5,5,running,running,True,4.891592e-05,0.00050522835,1.1869809e-06,4.5668826e-06,0.9550613,1.1051667e-06,0.004280432,0.0005024223,0.0036581832,5.3066065e-06,2.1478938e-06,0.03592911,0.9550613
pamap2,gnn_attention_adj,window,1,101,101,102,3373,3373,3373,4,4,5,5,running,running,True,0.0001512376,0.0019883954,1.4051507e-05,5.6093366e-05,0.8829423,8.371515e-06,0.03512652,0.0083751585,0.011177745,4.609479e-05,1.4119625e-05,0.060099807,0.8829423
pamap2,gnn_attention_adj,window,1,101,101,102,3374,3374,3374,4,4,5,5,running,running,True,0.0007359931,0.003103719,9.241785e-05,0.00030550946,0.791354,2.9857934e-05,0.014845152,0.012068939,0.026985457,0.0001324869,5.2684576e-05,0.15029374,0.791354
pamap2,gnn_attention_adj,window,1,101,101,102,3375,3375,3375,4,4,5,5,running,running,True,0.0003351039,0.0026210384,3.8385402e-05,0.00020149277,0.7869755,5.1133877e-05,0.04659873,0.008806121,0.03805141,0.00011246829,5.247288e-05,0.11615624,0.7869755
pamap2,gnn_attention_adj,window,1,101,101,102,3376,3376,3376,4,4,5,5,running,running,True,0.00011145166,0.0010845336,7.285291e-06,3.633285e-05,0.82029915,2.6288937e-05,0.034335803,0.00159916,0.036222696,3.809397e-05,1.9845256e-05,0.10621938,0.82029915
pamap2,gnn_attention_adj,window,1,101,101,102,3377,3377,3377,4,4,5,5,running,running,True,0.00022180176,0.0009550031,2.5193607e-05,0.00012831051,0.6829953,2.539154e-05,0.011057877,0.0014509351,0.058303807,4.0985633e-05,3.2624346e-05,0.24476272,0.6829953
pamap2,gnn_attention_adj,window,1,101,101,102,3378,3378,3378,4,4,5,5,running,running,True,0.00039217947,0.002514346,4.617662e-05,0.00023056165,0.6753555,0.00012340346,0.06529755,0.007700303,0.082412794,0.00015239441,7.8651625e-05,0.16569613,0.6753555
pamap2,gnn_attention_adj,window,1,101,101,102,3379,3379,3379,4,4,5,5,running,running,True,0.00058626314,0.0024082423,0.0001264143,0.0022761053,0.4598465,0.00015886557,0.06269509,0.012318397,0.19818589,0.00020243012,0.00011607955,0.26107976,0.4598465
pamap2,gnn_attention_adj,window,1,101,101,102,3380,3380,3380,4,4,5,5,running,running,True,0.00035496036,0.002989729,7.032892e-05,0.00023994969,0.7054536,7.312716e-05,0.05929421,0.009471407,0.059424385,0.00014984098,9.121346e-05,0.16238733,0.7054536
pamap2,gnn_attention_adj,window,1,101,101,102,3381,3381,3381,4,4,5,5,running,running,True,0.00015055116,0.001047261,8.638589e-06,2.8511766e-05,0.8735407,1.0609597e-05,0.010961661,0.0015029259,0.016149718,2.8418328e-05,1.319161e-05,0.09655789,0.8735407
pamap2,gnn_attention_adj,window,1,101,101,102,3382,3382,3382,4,4,5,5,running,running,True,0.00052589894,0.0012457534,5.657943e-05,0.00035131854,0.45477077,0.00012310679,0.013939475,0.0032397115,0.17618714,9.377635e-05,6.0327424e-05,0.34940612,0.45477077
pamap2,gnn_attention_adj,window,1,101,101,102,3383,3383,3383,4,4,5,5,running,running,True,0.0008410368,0.0031985287,0.00017309956,0.0013432364,0.42528638,0.0003770224,0.068698905,0.015759446,0.22815947,0.00032727735,0.00020385301,0.2556317,0.42528638
pamap2,gnn_attention_adj,window,1,101,101,102,3384,3384,3384,4,4,5,5,running,running,True,0.00024794106,0.0030718646,2.647922e-05,0.00018668243,0.7934148,2.3988805e-05,0.09537849,0.029875478,0.018608749,0.00010948558,2.6111593e-05,0.059029896,0.7934148
pamap2,gnn_attention_adj,window,1,101,101,102,3385,3385,3385,4,4,5,5,running,running,True,0.00011308304,0.0018844011,1.359807e-05,7.358756e-05,0.8117631,2.0293632e-05,0.07465211,0.0055519105,0.02603959,5.9467835e-05,2.5109523e-05,0.07980373,0.8117631
pamap2,gnn_attention_adj,window,1,101,101,102,3386,3386,3386,4,4,5,5,running,running,True,0.0002591842,0.0012206725,3.5172754e-05,0.00011215389,0.74545133,1.6384702e-05,0.008601882,0.0020050677,0.03343149,4.504687e-05,3.423271e-05,0.20878734,0.74545133
pamap2,gnn_attention_adj,window,1,101,101,102,3387,3387,3387,4,4,5,5,running,running,True,0.0005093454,0.002850351,7.26005e-05,0.00027775572,0.79123175,3.2597556e-05,0.023070205,0.011627602,0.030320918,0.00011848175,5.421635e-05,0.13983425,0.79123175
pamap2,gnn_attention_adj,window,1,101,101,102,3388,3388,3388,4,4,5,5,running,running,True,0.00047774677,0.0048813378,0.00012737319,0.0011059407,0.65068716,5.012837e-05,0.13257518,0.06796398,0.041733403,0.00026730605,7.2885596e-05,0.10005755,0.65068716
pamap2,gnn_attention_adj,window,1,101,101,102,3389,3389,3389,4,4,5,5,running,running,True,0.00037307627,0.0031508955,9.767554e-05,0.00026179323,0.74552387,3.1484844e-05,0.03888692,0.015479507,0.037780453,0.00012297895,6.614373e-05,0.15822515,0.74552387
pamap2,gnn_attention_adj,window,1,101,101,102,3390,3390,3390,4,4,5,5,running,running,True,0.00035184022,0.0019007338,5.188001e-05,0.0002257032,0.70056695,6.277673e-05,0.02839379,0.0046616616,0.06528516,0.00010089914,7.447069e-05,0.19832417,0.70056695
pamap2,gnn_attention_adj,window,1,101,101,102,3391,3391,3391,4,4,5,5,running,running,True,0.0004314495,0.002601934,4.8203055e-05,0.00025616118,0.73850447,9.889728e-05,0.050674528,0.0067257946,0.057064615,0.0001519899,8.550052e-05,0.14335646,0.73850447
pamap2,gnn_attention_adj,window,1,101,101,102,3392,3392,3392,4,4,5,5,running,running,True,0.00069683325,0.0037935465,0.00014915554,0.0012866666,0.4091148,0.0006266946,0.1440142,0.016774917,0.23205441,0.00044952292,0.00030160492,0.19073771,0.4091148
pamap2,gnn_attention_adj,window,1,101,101,102,3393,3393,3393,4,4,5,5,running,running,True,0.00045241765,0.0041595576,9.1446884e-05,0.0007099218,0.56660366,0.00021248031,0.17990607,0.02248746,0.095113195,0.0003206763,0.00015625072,0.12978679,0.56660366
pamap2,gnn_attention_adj,window,1,101,101,102,3394,3394,3394,4,4,5,5,running,running,True,0.00017185097,0.0015790453,1.7981914e-05,8.8787216e-05,0.7518864,5.011175e-05,0.054248538,0.0030317828,0.05433143,7.016751e-05,4.23569e-05,0.13448149,0.7518864
pamap2,gnn_attention_adj,window,1,101,101,102,3395,3395,3395,4,4,5,5,running,running,True,0.00018682207,0.0011699477,2.7857375e-05,5.8208e-05,0.8217511,8.349341e-06,0.008185473,0.001794058,0.01795136,3.3968652e-05,2.5500078e-05,0.14880736,0.8217511
pamap2,gnn_attention_adj,window,1,101,101,102,3396,3396,3396,4,4,5,5,running,running,True,0.000300616,0.0031575814,4.1779225e-05,0.00024479095,0.7436555,4.7228023e-05,0.09629352,0.018502887,0.038178988,0.00013995443,4.7865553e-05,0.09938929,0.7436555
pamap2,gnn_attention_adj,window,1,101,101,102,3397,3397,3397,4,4,5,5,running,running,True,0.0005652707,0.0040536164,0.00021550161,0.002233082,0.5176801,0.00015756873,0.1357907,0.023110641,0.12473323,0.00034286905,0.00021866994,0.19089869,0.5176801
pamap2,gnn_attention_adj,window,1,101,101,102,3398,3398,3398,4,4,5,5,running,running,True,0.00031317442,0.0029132122,8.911037e-05,0.00025876923,0.7091901,4.763361e-05,0.05844001,0.010478116,0.0512177,0.00013505877,9.3041235e-05,0.16682407,0.7091901
pamap2,gnn_attention_adj,window,1,101,101,102,3399,3399,3399,4,4,5,5,running,running,True,6.3099804e-05,0.0017761908,1.3361294e-05,5.877142e-05,0.8089754,1.2326103e-05,0.09759029,0.004396884,0.01984406,5.1737396e-05,2.8981502e-05,0.067188874,0.8089754
pamap2,gnn_attention_adj,window,1,101,101,102,3400,3400,3400,4,4,5,5,running,running,True,8.407601e-05,0.001932502,1.5384227e-05,5.3154017e-05,0.87676466,5.062899e-06,0.04711227,0.009020496,0.009320467,3.941458e-05,1.50734095e-05,0.055637375,0.87676466
pamap2,gnn_attention_adj,window,1,101,101,102,3401,3401,3401,4,4,5,5,running,running,True,0.00034844817,0.0036019546,3.251903e-05,0.00019703478,0.75703466,2.9692555e-05,0.10837983,0.057935607,0.017382778,0.00014613169,2.5997515e-05,0.05488533,0.75703466
pamap2,gnn_attention_adj,window,1,101,101,102,3402,3402,3402,4,4,5,5,running,running,True,0.00040783337,0.0027034017,4.652691e-05,0.00021297154,0.8063147,4.908118e-05,0.035482258,0.0076446305,0.032466304,0.000117538475,6.165148e-05,0.114493124,0.8063147
pamap2,gnn_attention_adj,window,1,101,101,102,3403,3403,3403,4,4,5,5,running,running,True,0.00016995934,0.0011101238,8.70193e-06,3.5946177e-05,0.84354913,2.708174e-05,0.018802121,0.0013231696,0.029457726,3.7102058e-05,2.3496556e-05,0.105455436,0.84354913
pamap2,gnn_attention_adj,window,1,101,101,102,3404,3404,3404,4,4,5,5,running,running,True,0.00016100881,0.0008629649,1.2690775e-05,4.6038553e-05,0.77739173,2.5085164e-05,0.01389631,0.0010851198,0.041648537,3.3401066e-05,2.5918898e-05,0.1648111,0.77739173
pamap2,gnn_attention_adj,window,1,101,101,102,3405,3405,3405,4,4,5,5,running,running,True,0.00044061788,0.0016777316,8.475336e-05,0.00070959394,0.43114993,0.00015500878,0.034075473,0.0060772835,0.2137653,0.00013153047,0.000100384255,0.31163236,0.43114993
pamap2,gnn_attention_adj,window,1,101,101,102,3406,3406,3406,4,4,5,5,running,running,True,0.0005080054,0.0048298337,0.0001652954,0.0010526387,0.5870045,0.00013321487,0.15323693,0.0317246,0.07909561,0.0003418816,0.00017747936,0.14173009,0.5870045
pamap2,gnn_attention_adj,window,1,101,101,102,3407,3407,3407,4,4,5,5,running,running,True,0.00031729203,0.0023513797,9.699034e-05,0.0005707913,0.5467953,0.00014072754,0.08410514,0.008541078,0.1366119,0.00017827706,0.00016426723,0.2201268,0.5467953
pamap2,gnn_attention_adj,window,1,101,101,102,3408,3408,3408,4,4,5,5,running,running,True,0.00016077103,0.001429392,2.0160927e-05,0.00010095933,0.76059705,4.2387004e-05,0.04397614,0.0022878265,0.0512977,6.420421e-05,5.124183e-05,0.13997224,0.76059705
pamap2,gnn_attention_adj,window,1,101,101,102,3409,3409,3409,4,4,5,5,running,running,True,0.00022449878,0.0017600816,4.2807136e-05,0.00010657739,0.82534957,1.1545933e-05,0.016503315,0.004259741,0.019678129,5.4892007e-05,3.569194e-05,0.13197312,0.82534957
pamap2,gnn_attention_adj,window,1,101,101,102,3410,3410,3410,4,4,5,5,running,running,True,0.0007456639,0.0027475962,0.00017708138,0.0017972529,0.42790627,0.00021244386,0.046972305,0.012924507,0.2118285,0.0002390241,0.00016829718,0.29428107,0.42790627
pamap2,gnn_attention_adj,window,1,101,101,102,3411,3411,3411,4,4,5,5,running,running,True,0.0006842369,0.003903171,0.00016423092,0.000755904,0.69096446,6.936648e-05,0.04512555,0.021973627,0.057952717,0.0002202659,0.00011444148,0.17807199,0.69096446
pamap2,gnn_attention_adj,window,1,101,101,102,3412,3412,3412,4,4,5,5,running,running,True,0.00022964703,0.0008758186,1.9719773e-05,0.00010595662,0.63535523,5.3407344e-05,0.014641125,0.0014137039,0.09551948,4.5406094e-05,3.3977445e-05,0.2517065,0.63535523
pamap2,gnn_attention_adj,window,1,101,101,102,3413,3413,3413,4,4,5,5,running,running,True,0.00028925124,0.0006072485,2.556363e-05,0.00062923325,0.4103052,4.581626e-05,0.007393873,0.0016518317,0.19480924,3.1980053e-05,2.3944485e-05,0.38418683,0.4103052
pamap2,gnn_attention_adj,window,1,101,101,102,3414,3414,3414,4,4,5,5,running,running,True,0.00073147385,0.0016941488,7.938089e-05,0.0004631039,0.5378957,0.00011583031,0.01250486,0.003999408,0.1205859,0.00012404472,8.291507e-05,0.3217233,0.5378957
pamap2,gnn_attention_adj,window,1,101,101,102,3415,3415,3415,4,4,5,5,running,running,True,0.00046968207,0.005207836,0.00017272244,0.0012771446,0.4998436,0.00021235217,0.2602282,0.030480877,0.08595822,0.00044268038,0.000272254,0.11543442,0.4998436
pamap2,gnn_attention_adj,window,1,101,101,102,3416,3416,3416,4,4,5,5,running,running,True,0.0005892723,0.0025827968,0.0001140458,0.0005865005,0.6251067,0.00013050811,0.035647918,0.0075137094,0.09408068,0.0001839731,0.000161166,0.23330274,0.6251067
pamap2,gnn_attention_adj,window,1,101,101,102,3417,3417,3417,4,4,5,5,running,running,True,0.00015211762,0.0023459422,3.390169e-05,0.00017887072,0.7430376,3.748576e-05,0.10465782,0.0062393625,0.039570834,0.00010253057,6.931104e-05,0.1035742,0.7430376
pamap2,gnn_attention_adj,window,1,101,101,102,3418,3418,3418,4,4,5,5,running,running,True,0.00018094883,0.0029784865,2.5574189e-05,0.00014624115,0.76031744,3.9525858e-05,0.12730817,0.00817803,0.028746588,0.000111152905,5.4314063e-05,0.07191361,0.76031744
pamap2,gnn_attention_adj,window,1,101,101,102,3419,3419,3419,4,4,5,5,running,running,True,0.00057680125,0.004593219,6.9104055e-05,0.00040170408,0.7494325,6.860043e-05,0.09876338,0.038126037,0.028659314,0.00023459228,6.8110014e-05,0.079006635,0.7494325
pamap2,gnn_attention_adj,window,1,101,101,102,3420,3420,3420,4,4,5,5,running,running,True,0.00045202003,0.0034908308,7.71464e-05,0.00034221238,0.741057,0.00010358655,0.06750287,0.010665776,0.049846165,0.00019957464,0.00013577398,0.12612708,0.741057
pamap2,gnn_attention_adj,window,1,101,101,102,3421,3421,3421,4,4,5,5,running,running,True,0.0002314549,0.0008445306,3.1844906e-05,0.0008567325,0.40045905,0.000100127785,0.028795239,0.0028922195,0.26246005,5.8263326e-05,4.6530142e-05,0.3032239,0.40045905
pamap2,gnn_attention_adj,window,1,101,101,102,3422,3422,3422,4,4,5,5,running,running,True,0.00030633004,0.0017113741,7.593199e-05,0.00050170225,0.6039577,5.0260012e-05,0.029746627,0.004796661,0.09411707,9.3051196e-05,8.054408e-05,0.2645627,0.6039577
pamap2,gnn_attention_adj,window,1,101,101,102,3423,3423,3423,4,4,5,5,running,running,True,0.0006413524,0.004465247,8.624732e-05,0.00057986716,0.62326884,0.00018386009,0.13992745,0.030969577,0.07614298,0.00032692315,0.0001098239,0.12329779,0.62326884
pamap2,gnn_attention_adj,window,1,101,101,102,3424,3424,3424,4,4,5,5,running,running,True,0.000537244,0.005485612,0.00011837372,0.0009319912,0.57155555,7.778189e-05,0.20382948,0.10761607,0.03565052,0.00038464624,7.7184835e-05,0.07373548,0.57155555
pamap2,gnn_attention_adj,window,1,101,101,102,3425,3425,3425,4,4,5,5,running,running,True,0.0002720203,0.0024258432,3.6490965e-05,0.00016774306,0.7573611,6.185829e-05,0.060038168,0.0068992353,0.047586977,0.00011167375,6.702958e-05,0.124971874,0.7573611
pamap2,gnn_attention_adj,window,1,101,101,102,3426,3426,3426,4,8,5,13,running,descending_stairs,False,0.0002662038,0.0006186031,3.978459e-05,0.0017911042,0.21896107,0.000116275754,0.01673074,0.0030906461,0.424179,4.75158e-05,3.766614e-05,0.33412138,0.424179
pamap2,gnn_attention_adj,window,1,101,101,102,3427,3427,3427,4,4,5,5,running,running,True,0.00073131634,0.00276269,0.00013610645,0.0009861507,0.46412674,0.0003137931,0.056979302,0.010672405,0.20201087,0.00026293137,0.00018962742,0.26082805,0.46412674
pamap2,gnn_attention_adj,window,1,101,101,102,3428,3428,3428,4,4,5,5,running,running,True,0.00055526634,0.0029664463,0.00021422947,0.006455079,0.29798877,0.00027652388,0.15619658,0.025379118,0.29292873,0.00033284616,0.00019555172,0.2165109,0.29798877
pamap2,gnn_attention_adj,window,1,101,101,102,3429,3429,3429,4,8,5,13,running,descending_stairs,False,0.00036585602,0.0009005393,5.10161e-05,0.001568327,0.24549513,0.00021576593,0.026306745,0.0041230815,0.41797593,8.725216e-05,6.0942395e-05,0.30284938,0.41797593
pamap2,gnn_attention_adj,window,1,101,101,102,3430,3430,3430,4,4,5,5,running,running,True,0.00023879747,0.0009876104,3.218234e-05,0.00060929405,0.42039225,0.00015410046,0.04191673,0.0030316846,0.2602378,7.921307e-05,6.539763e-05,0.27225485,0.42039225
pamap2,gnn_attention_adj,window,1,101,101,102,3431,3431,3431,4,4,5,5,running,running,True,0.00041916786,0.0022585373,8.354633e-05,0.00049452094,0.50934076,0.00021820888,0.07136444,0.006847689,0.17438984,0.0001845852,0.00015669389,0.23424205,0.50934076
pamap2,gnn_attention_adj,window,1,101,101,102,3432,3432,3432,4,4,5,5,running,running,True,0.00055516936,0.005839499,0.00020737688,0.001197039,0.42526045,0.00035904098,0.28975633,0.039068304,0.113927454,0.00056600926,0.00034428592,0.12291902,0.42526045
pamap2,gnn_attention_adj,window,1,101,101,102,3433,3433,3433,4,4,5,5,running,running,True,0.00050163036,0.004133414,0.00020359759,0.0009438372,0.583025,0.00019008249,0.1165969,0.016960056,0.09939677,0.00034578962,0.00032211866,0.17738084,0.583025
pamap2,gnn_attention_adj,window,1,101,101,102,3434,3434,3434,4,4,5,5,running,running,True,0.0002950757,0.0021149588,5.941218e-05,0.00059766765,0.5812902,0.0001450677,0.09449315,0.0058384663,0.12772496,0.00015485732,0.00013573759,0.18715046,0.5812902
pamap2,gnn_attention_adj,window,1,101,101,102,3435,3435,3435,4,4,5,5,running,running,True,0.00038026075,0.0022270856,0.000104638246,0.00028629307,0.6920416,2.7822418e-05,0.019498726,0.0069778566,0.048013594,9.619771e-05,7.0688904e-05,0.23027523,0.6920416
pamap2,gnn_attention_adj,window,1,101,101,102,3436,3436,3436,4,4,5,5,running,running,True,0.0005191773,0.0053500226,0.00014179481,0.0009960602,0.43310767,0.00022570795,0.29834375,0.08528673,0.08244876,0.0004828429,0.00015779586,0.092939705,0.43310767
pamap2,gnn_attention_adj,window,1,101,101,102,3437,3437,3437,4,4,5,5,running,running,True,0.00064342143,0.0051494534,0.0003310207,0.0041331747,0.40166873,0.00019786265,0.22679289,0.0541224,0.14414537,0.0005449272,0.00024037594,0.16203035,0.40166873
pamap2,gnn_attention_adj,window,1,101,101,102,3438,3438,3438,4,4,5,5,running,running,True,0.0004465747,0.0013219609,5.7989877e-05,0.00049416965,0.41255242,0.00017724503,0.024493562,0.0040552723,0.23293184,0.0001078176,7.766722e-05,0.32328343,0.41255242
pamap2,gnn_attention_adj,window,1,101,101,102,3439,3439,3439,4,4,5,5,running,running,True,0.0003098722,0.001196943,1.848304e-05,6.439623e-05,0.7746363,4.5056244e-05,0.0122058205,0.0015694487,0.04331873,5.4315875e-05,3.365725e-05,0.16654696,0.7746363
pamap2,gnn_attention_adj,window,1,101,101,102,3440,3440,3440,4,4,5,5,running,running,True,0.0005853529,0.0035007012,0.00012146707,0.0003446157,0.76506555,3.2162403e-05,0.027340783,0.014698699,0.031417113,0.00015089154,7.1842056e-05,0.15667084,0.76506555
pamap2,gnn_attention_adj,window,1,101,101,102,3441,3441,3441,4,4,5,5,running,running,True,0.0012222136,0.00806491,0.0004242361,0.0025303597,0.4283205,0.0005025054,0.2474401,0.09830224,0.09681428,0.0010305466,0.00044456654,0.11490352,0.4283205
pamap2,gnn_attention_adj,window,1,101,101,102,3442,3442,3442,4,4,5,5,running,running,True,0.0009743432,0.0056320713,0.0002114932,0.000981284,0.62099546,0.0002990681,0.09446534,0.023356117,0.088739485,0.000471783,0.00031627167,0.16355717,0.62099546
pamap2,gnn_attention_adj,window,1,101,101,102,3443,3443,3443,4,4,5,5,running,running,True,0.00027226986,0.0013895679,3.5334593e-05,0.00037337025,0.49413478,0.00019256146,0.06678866,0.0037534419,0.2074325,0.00011193141,8.4503794e-05,0.22543114,0.49413478
pamap2,gnn_attention_adj,window,1,101,101,102,3444,3444,3444,4,4,5,5,running,running,True,0.0003284713,0.0012114743,8.517873e-05,0.0016970028,0.3609658,9.117026e-05,0.0252832,0.0051416163,0.24851616,8.106408e-05,8.303847e-05,0.35651588,0.3609658
pamap2,gnn_attention_adj,window,1,101,101,102,3445,3445,3445,4,8,5,13,running,descending_stairs,False,0.0009861726,0.002212469,0.00019415749,0.0027965547,0.27390817,0.0004571487,0.03194705,0.010927826,0.3489936,0.0002666026,0.00020966772,0.32710057,0.3489936
pamap2,gnn_attention_adj,window,1,101,101,102,3446,3446,3446,4,4,5,5,running,running,True,0.0011932799,0.007692012,0.0005373289,0.0035255796,0.45510212,0.0004905236,0.20644121,0.054822315,0.11616753,0.0009994155,0.0006186245,0.15241002,0.45510212
pamap2,gnn_attention_adj,window,1,101,101,102,3447,3447,3447,4,4,5,5,running,running,True,0.0008454006,0.0041245352,0.0002939467,0.0018404804,0.4908299,0.00028109655,0.07961282,0.018410334,0.15248245,0.00039919562,0.00034419165,0.25053567,0.4908299
pamap2,gnn_attention_adj,window,1,101,101,102,3448,3448,3448,4,4,5,5,running,running,True,0.00030594243,0.0013695186,3.03752e-05,0.00019388442,0.57491195,0.00014223493,0.037549492,0.0028989068,0.1527619,9.239397e-05,6.253007e-05,0.2296809,0.57491195
pamap2,gnn_attention_adj,window,1,101,101,102,3449,3449,3449,4,4,5,5,running,running,True,0.00036039826,0.002820609,7.469975e-05,0.00033155954,0.6849993,7.587009e-05,0.0648762,0.009081813,0.067533314,0.00015614086,9.867685e-05,0.1695915,0.6849993
pamap2,gnn_attention_adj,window,1,101,101,102,3450,3450,3450,4,6,5,7,running,nordic_walking,False,0.0004834988,0.0054019033,0.00017718427,0.001317706,0.33077782,0.00022545613,0.3846007,0.11924117,0.07917927,0.0005640132,0.00016629165,0.07786493,0.3846007
pamap2,gnn_attention_adj,window,1,101,101,102,3451,3451,3451,4,4,5,5,running,running,True,0.0005595345,0.0051764087,0.00025630603,0.0012644377,0.58175594,8.881375e-05,0.12075519,0.048813265,0.076024555,0.00034929594,0.00015692077,0.16479935,0.58175594
pamap2,gnn_attention_adj,window,1,101,101,102,3452,3452,3452,4,4,5,5,running,running,True,0.0001950064,0.001345874,5.3465952e-05,0.0013719518,0.35230792,0.00019210855,0.111268274,0.005949141,0.30104154,0.00012300447,0.0001173492,0.2260344,0.35230792
pamap2,gnn_attention_adj,window,1,101,101,102,3453,3453,3453,4,4,5,5,running,running,True,0.00024302554,0.0011811008,6.0990864e-05,0.0028002309,0.38256723,0.00010399769,0.05350019,0.005455735,0.266646,8.3730745e-05,7.919639e-05,0.28727862,0.38256723
pamap2,gnn_attention_adj,window,1,101,101,102,3454,3454,3454,4,4,5,5,running,running,True,0.00051394,0.003392025,0.000107084205,0.0006121912,0.54899424,0.0002726458,0.11159139,0.010233472,0.13670903,0.0002760491,0.00022656996,0.18707131,0.54899424
pamap2,gnn_attention_adj,window,1,101,101,102,3455,3455,3455,4,6,5,7,running,nordic_walking,False,0.00075885456,0.007099268,0.0003775865,0.0032547184,0.34219933,0.00055255933,0.3605269,0.051430073,0.122068085,0.00095138216,0.00058443914,0.11019688,0.3605269
pamap2,gnn_attention_adj,window,1,101,101,102,3456,3456,3456,4,4,5,5,running,running,True,0.0013291299,0.007180078,0.00039400184,0.0016153088,0.6012858,0.0003501886,0.101931974,0.032901216,0.08539334,0.0006637475,0.0004947516,0.16646047,0.6012858
pamap2,gnn_attention_adj,window,1,101,101,102,3457,3457,3457,4,4,5,5,running,running,True,0.00032954462,0.0014009774,3.271033e-05,0.00029870606,0.6342739,0.00012407219,0.034047075,0.0027753564,0.11482656,9.219032e-05,8.00003e-05,0.21171904,0.6342739
pamap2,gnn_attention_adj,window,1,101,101,102,3458,3458,3458,4,4,5,5,running,running,True,0.0002897239,0.0011051495,3.283111e-05,0.00019003736,0.6683446,4.1371688e-05,0.012306806,0.00204967,0.06854312,5.5546963e-05,4.921122e-05,0.24699193,0.6683446
pamap2,gnn_attention_adj,window,1,101,101,102,3459,3459,3459,4,4,5,5,running,running,True,0.00036629822,0.0043926807,6.410584e-05,0.00026443397,0.61672866,0.00022599714,0.17908652,0.014617676,0.077649646,0.00027618965,0.00018286139,0.10614486,0.61672866
pamap2,gnn_attention_adj,window,1,101,101,102,3460,3460,3460,4,4,5,5,running,running,True,0.00042808198,0.005283088,0.00014583762,0.0012043217,0.47749394,0.00017299893,0.29830098,0.05246379,0.069654286,0.00043141397,0.00018307014,0.09423826,0.47749394
pamap2,gnn_attention_adj,window,1,101,101,102,3461,3461,3461,4,4,5,5,running,running,True,0.00029342822,0.0026097964,7.8498844e-05,0.00038103538,0.63544554,0.00010047215,0.0920936,0.008525205,0.08596643,0.00016739874,0.0001369654,0.17420162,0.63544554
pamap2,gnn_attention_adj,window,1,101,101,102,3462,3462,3462,4,4,5,5,running,running,True,0.0002726224,0.0014015074,2.8118477e-05,0.00025752725,0.6417714,0.00011792864,0.045390606,0.0026691416,0.11360728,8.994497e-05,7.5067954e-05,0.19431888,0.6417714
pamap2,gnn_attention_adj,window,1,101,101,102,3463,3463,3463,4,4,5,5,running,running,True,0.0004625471,0.0015633253,6.73046e-05,0.00056993647,0.4230187,0.00022576739,0.035312947,0.004904644,0.23712577,0.00013398284,0.00010505098,0.29651,0.4230187
pamap2,gnn_attention_adj,window,1,101,101,102,3464,3464,3464,4,4,5,5,running,running,True,0.0006101843,0.006139484,0.00022450656,0.0013174149,0.41219407,0.00040452945,0.321171,0.054321922,0.099257834,0.0006758776,0.00035677882,0.103326365,0.41219407
pamap2,gnn_attention_adj,window,1,101,101,102,3465,3465,3465,4,4,5,5,running,running,True,0.00060096185,0.0053930962,0.000210017,0.0010113778,0.56145155,0.00025063753,0.16928746,0.0244315,0.09060104,0.0004656328,0.00034034712,0.14595635,0.56145155
pamap2,gnn_attention_adj,window,1,101,101,102,3466,3466,3466,4,4,5,5,running,running,True,0.00039760006,0.0011387722,2.7891449e-05,0.0001709075,0.5728038,0.00013591502,0.017382579,0.0019978664,0.14378746,7.706351e-05,5.273077e-05,0.26202744,0.5728038
pamap2,gnn_attention_adj,window,1,101,101,102,3467,3467,3467,4,4,5,5,running,running,True,0.00039784602,0.0009809881,2.567018e-05,5.3958363e-05,0.73876387,1.6959819e-05,0.0031345584,0.0010737224,0.027371854,3.6722926e-05,2.488853e-05,0.22811897,0.73876387
pamap2,gnn_attention_adj,window,1,101,101,102,3468,3468,3468,4,4,5,5,running,running,True,0.00057688344,0.002421083,7.502973e-05,0.00021404497,0.7047,6.15141e-05,0.020346738,0.006801436,0.056387562,0.00012569777,6.7488865e-05,0.20822252,0.7047
pamap2,gnn_attention_adj,window,1,101,101,102,3469,3469,3469,4,4,5,5,running,running,True,0.00054751086,0.0056194896,0.0002098144,0.001037676,0.546691,0.0002702199,0.22517246,0.02667139,0.07572749,0.00054071174,0.00038362687,0.1171286,0.546691
pamap2,gnn_attention_adj,window,1,101,101,102,3470,3470,3470,4,4,5,5,running,running,True,0.00043912584,0.0033360578,0.00011346139,0.00042694696,0.7276767,8.8611756e-05,0.06042203,0.0089000575,0.051478352,0.00019847418,0.00017841949,0.1467418,0.7276767
pamap2,gnn_attention_adj,window,1,101,101,102,3471,3471,3471,4,4,5,5,running,running,True,0.00017333003,0.0009095015,1.2104098e-05,5.5092554e-05,0.7940125,2.6227735e-05,0.014935121,0.0010827354,0.03918793,3.7248417e-05,2.4059982e-05,0.14954412,0.7940125
pamap2,gnn_attention_adj,window,1,101,101,102,3472,3472,3472,4,4,5,5,running,running,True,0.00033000333,0.0012655148,3.171555e-05,0.00021692607,0.61682415,9.7176555e-05,0.024441816,0.002540387,0.11458724,7.96774e-05,5.7637175e-05,0.23952775,0.61682415
pamap2,gnn_attention_adj,window,1,101,101,102,3473,3473,3473,4,4,5,5,running,running,True,0.00087815156,0.0036844816,0.0002405548,0.0018644241,0.40289062,0.00038586257,0.082649864,0.020682154,0.23147313,0.00039139105,0.00026157388,0.25459784,0.40289062
pamap2,gnn_attention_adj,window,1,101,101,102,3474,3474,3474,4,4,5,5,running,running,True,0.0003674977,0.0049388353,8.0048216e-05,0.0006354931,0.6116096,6.404419e-05,0.2218053,0.06173988,0.03096475,0.0002876235,7.2820665e-05,0.06743423,0.6116096
pamap2,gnn_attention_adj,window,1,101,101,102,3475,3475,3475,4,4,5,5,running,running,True,0.00017711443,0.002229171,2.8750032e-05,0.000114135335,0.82647884,2.0549485e-05,0.04909029,0.0063262684,0.022745568,7.521099e-05,4.0029565e-05,0.09267416,0.82647884
pamap2,gnn_attention_adj,window,1,101,101,102,3476,3476,3476,4,4,5,5,running,running,True,0.0003440591,0.0009968126,2.7306114e-05,0.00011861235,0.65871817,4.1348932e-05,0.0077786585,0.0014778667,0.063566014,4.974779e-05,3.8463455e-05,0.26684296,0.65871817
pamap2,gnn_attention_adj,window,1,101,101,102,3477,3477,3477,4,4,5,5,running,running,True,0.0005518134,0.0037122592,0.00011142562,0.0004052339,0.6693184,0.00013564073,0.071262464,0.010052538,0.073017135,0.00023159837,0.00017101422,0.17103049,0.6693184
pamap2,gnn_attention_adj,window,1,101,101,102,3478,3478,3478,4,4,5,5,running,running,True,0.0011269613,0.0050755134,0.0004223921,0.0024725394,0.5307373,0.00011108873,0.05920081,0.035622507,0.11395826,0.0004154071,0.00017806917,0.25067917,0.5307373
pamap2,gnn_attention_adj,window,1,101,101,102,3479,3479,3479,4,4,5,5,running,running,True,0.00061733375,0.0032719534,0.00015593585,0.00060718844,0.61865544,8.353484e-05,0.043578707,0.013460451,0.087192886,0.0001996785,0.00011598827,0.23206097,0.61865544
pamap2,gnn_attention_adj,window,1,101,101,102,3480,3480,3480,4,4,5,5,running,running,True,0.00015123136,0.0014665033,2.1815657e-05,5.109043e-05,0.8281613,1.19203405e-05,0.019067083,0.0034016042,0.022373244,4.111806e-05,2.3887327e-05,0.12522927,0.8281613
pamap2,gnn_attention_adj,window,1,101,101,102,3481,3481,3481,4,4,5,5,running,running,True,0.0002088724,0.001384537,4.5013443e-05,8.665446e-05,0.7746972,1.22700385e-05,0.012035376,0.0028462615,0.026902122,4.5813656e-05,3.8575177e-05,0.18169734,0.7746972
pamap2,gnn_attention_adj,window,1,101,101,102,3482,3482,3482,4,4,5,5,running,running,True,0.00029924887,0.0037863397,5.3441152e-05,0.00031983395,0.6394447,0.00010805701,0.17997938,0.015964126,0.0598493,0.00020964303,0.00010018535,0.0998857,0.6394447
pamap2,gnn_attention_adj,window,1,101,101,102,3483,3483,3483,4,4,5,5,running,running,True,0.00048194788,0.0034509725,0.00018585884,0.0034370546,0.44334912,0.00014727947,0.16173327,0.023760332,0.16630144,0.00029574326,0.00016633655,0.19669062,0.44334912
pamap2,gnn_attention_adj,window,1,101,101,102,3484,3484,3484,4,8,5,13,running,descending_stairs,False,0.00034483,0.0009923474,6.675212e-05,0.0020810852,0.23075421,0.00020577824,0.034976855,0.0050967876,0.42023546,9.708885e-05,7.430088e-05,0.3050745,0.42023546
pamap2,gnn_attention_adj,window,1,101,101,102,3485,3485,3485,4,4,5,5,running,running,True,0.00017518946,0.0014311472,1.8850886e-05,0.00010556457,0.68067336,8.426084e-05,0.06696111,0.0025528413,0.088492386,8.151838e-05,5.243943e-05,0.15937138,0.68067336
pamap2,gnn_attention_adj,window,1,101,101,102,3486,3486,3486,4,4,5,5,running,running,True,0.00033852726,0.0022679048,6.0232604e-05,0.00026765946,0.61583054,0.00012686214,0.06780127,0.0056709275,0.10659233,0.00014813212,0.000110820845,0.20078477,0.61583054
pamap2,gnn_attention_adj,window,1,101,101,102,3487,3487,3487,4,4,5,5,running,running,True,0.0011210106,0.0053526224,0.00034347808,0.0012209893,0.61337054,8.162669e-05,0.04196145,0.046491478,0.072372235,0.00034478886,0.00013567955,0.21720417,0.61337054
pamap2,gnn_attention_adj,window,1,101,101,102,3488,3488,3488,4,4,5,5,running,running,True,0.00066794513,0.0045409137,0.00015220915,0.00049100927,0.66587657,0.00026990514,0.07913403,0.011246365,0.0785825,0.00036122533,0.00034418728,0.15833311,0.66587657
pamap2,gnn_attention_adj,window,1,101,101,102,3489,3489,3489,4,4,5,5,running,running,True,0.00025967095,0.0011005368,3.5201592e-05,0.0005970928,0.6169306,4.4008702e-05,0.017284272,0.0024255987,0.09634559,5.389849e-05,5.2523246e-05,0.26487094,0.6169306
pamap2,gnn_attention_adj,window,1,101,101,102,3490,3490,3490,4,4,5,5,running,running,True,0.00022957535,0.0005994757,1.2016888e-05,0.00015623053,0.6558982,2.7100576e-05,0.005465076,0.0008914439,0.07271581,2.4219424e-05,2.0158153e-05,0.26396072,0.6558982
pamap2,gnn_attention_adj,window,1,101,101,102,3491,3491,3491,4,4,5,5,running,running,True,0.000619058,0.0022561909,6.5065506e-05,0.00036968387,0.6287587,0.00020776411,0.03386744,0.004724833,0.11400377,0.00016544363,0.00013248157,0.21482952,0.6287587
pamap2,gnn_attention_adj,window,1,101,101,102,3492,3492,3492,4,4,5,5,running,running,True,0.0005051382,0.005671573,0.00013273222,0.0010229527,0.5768703,0.00018548593,0.22923745,0.028603876,0.061924778,0.00043162736,0.00022163754,0.09519244,0.5768703
pamap2,gnn_attention_adj,window,1,101,101,102,3493,3493,3493,4,4,5,5,running,running,True,0.00081448385,0.004297295,0.00016160411,0.00057600543,0.6670852,0.00022753219,0.05940309,0.0123269,0.07762515,0.00033223903,0.00027440098,0.17687611,0.6670852
pamap2,gnn_attention_adj,window,1,101,101,102,3494,3494,3494,4,4,5,5,running,running,True,0.0004030121,0.0028508748,4.9260645e-05,0.00022664221,0.73257667,0.0001202335,0.062275305,0.00465397,0.05900703,0.00016284992,0.00012403734,0.13755016,0.73257667
pamap2,gnn_attention_adj,window,1,101,101,102,3495,3495,3495,4,4,5,5,running,running,True,0.00023999886,0.002874294,3.7228638e-05,0.00019568624,0.66453993,0.0001329164,0.14363435,0.0057373904,0.069978334,0.00016761571,0.00012392433,0.11233825,0.66453993
pamap2,gnn_attention_adj,window,1,101,101,102,3496,3496,3496,4,4,5,5,running,running,True,0.0007410621,0.0037182395,0.00018182099,0.0010917898,0.47271168,0.00033510863,0.09367166,0.016652506,0.18320823,0.00035361495,0.00024073427,0.22709362,0.47271168
pamap2,gnn_attention_adj,window,1,101,101,102,3497,3497,3497,4,4,5,5,running,running,True,0.0005084623,0.004365679,0.00011832304,0.0007774393,0.6132621,0.00019812283,0.14508478,0.019133242,0.08151302,0.0003451814,0.00020365306,0.13449006,0.6132621
pamap2,gnn_attention_adj,window,1,101,101,102,3498,3498,3498,4,4,5,5,running,running,True,0.0002269777,0.0010485608,2.5807794e-05,0.00024566028,0.54234344,0.00012119085,0.03626026,0.0024472356,0.17070192,7.092019e-05,6.023219e-05,0.24644782,0.54234344
pamap2,gnn_attention_adj,window,1,101,101,102,3499,3499,3499,4,8,5,13,running,descending_stairs,False,0.0001412559,0.00026591896,9.21304e-06,0.00041361887,0.27938968,4.5978915e-05,0.0066332943,0.00095787994,0.35687256,1.3898479e-05,1.00913885e-05,0.35524657,0.35687256
pamap2,gnn_attention_adj,window,1,101,101,102,3500,3500,3500,4,4,5,5,running,running,True,0.00036153535,0.0010444415,4.595766e-05,0.00059843995,0.41483945,0.0001142575,0.01998959,0.0032876986,0.222819,7.8596364e-05,5.7400357e-05,0.33676362,0.41483945
pamap2,gnn_attention_adj,window,1,101,101,102,3501,3501,3501,4,4,5,5,running,running,True,0.00052537466,0.0051871683,0.00018790063,0.0013109857,0.5077706,0.0003156491,0.2229132,0.018809505,0.10715286,0.00046136245,0.00040800375,0.13495745,0.5077706
pamap2,gnn_attention_adj,window,1,101,101,102,3502,3502,3502,4,4,5,5,running,running,True,0.00040894392,0.0030446977,0.00012056031,0.00094916014,0.5354487,0.00021813004,0.12078977,0.010161113,0.13817894,0.0002638309,0.00024331683,0.19017279,0.5354487
pamap2,gnn_attention_adj,window,1,101,101,102,3503,3503,3503,4,11,5,24,running,rope_jumping,False,0.0002569358,0.0007202982,3.7380356e-05,0.0014716169,0.3030102,9.542504e-05,0.021018408,0.002935168,0.3338925,5.0937546e-05,3.9342267e-05,0.33647186,0.33647186
pamap2,gnn_attention_adj,window,1,101,101,102,3504,3504,3504,4,4,5,5,running,running,True,0.00027251669,0.0009301076,3.6517027e-05,0.00026974507,0.5252774,5.5026703e-05,0.012974979,0.0020226648,0.12730281,5.3986583e-05,4.7874822e-05,0.33075643,0.5252774
pamap2,gnn_attention_adj,window,1,101,101,102,3505,3505,3505,4,4,5,5,running,running,True,0.00042623674,0.0033676133,8.839819e-05,0.00040254096,0.5965479,0.00015936396,0.10695219,0.01271526,0.104505286,0.00022127721,0.00014181317,0.17447214,0.5965479
pamap2,gnn_attention_adj,window,1,101,101,102,3506,3506,3506,4,4,5,5,running,running,True,0.00054122595,0.0021684759,0.00012758034,0.0019473606,0.4736965,0.00013355802,0.040571634,0.00906997,0.18117642,0.00016841142,0.0001327352,0.29026616,0.4736965
pamap2,gnn_attention_adj,window,1,101,101,102,3507,3507,3507,4,4,5,5,running,running,True,0.00020542828,0.0029223114,5.3368643e-05,0.00014347267,0.78825474,2.372865e-05,0.06528251,0.013809658,0.025725098,0.00010132903,5.4458105e-05,0.10342382,0.78825474
pamap2,gnn_attention_adj,window,1,101,101,102,3508,3508,3508,4,4,5,5,running,running,True,5.1059786e-05,0.0009905337,4.205561e-06,1.5444924e-05,0.9308178,2.2905833e-06,0.017943494,0.0017956164,0.005727469,1.45657e-05,6.6508674e-06,0.042630892,0.9308178
pamap2,gnn_attention_adj,window,1,101,101,102,3509,3509,3509,4,4,5,5,running,running,True,0.00022211023,0.0007144558,2.4282546e-05,8.718432e-05,0.64110845,1.2908482e-05,0.003680888,0.0009927527,0.044204053,2.7448214e-05,2.2456354e-05,0.30890307,0.64110845
pamap2,gnn_attention_adj,window,1,101,101,102,3510,3510,3510,4,4,5,5,running,running,True,0.00043357865,0.003103204,8.84942e-05,0.00030366742,0.70112795,8.715481e-05,0.055885743,0.009750996,0.06268597,0.00016683154,0.00012281214,0.16624364,0.70112795
pamap2,gnn_attention_adj,window,1,101,101,102,3511,3511,3511,4,4,5,5,running,running,True,0.00029333623,0.0036391108,3.802116e-05,0.00031007518,0.6882531,6.0453225e-05,0.17126246,0.04218418,0.030985534,0.00019120418,4.7887923e-05,0.06273455,0.6882531
pamap2,gnn_attention_adj,window,1,101,101,102,3512,3512,3512,4,4,5,5,running,running,True,0.00025258394,0.0024601235,5.4010547e-05,0.00016701786,0.74760723,4.3639076e-05,0.05438475,0.008480821,0.04408753,0.000107712534,7.250364e-05,0.14228207,0.74760723
pamap2,gnn_attention_adj,window,1,101,101,102,3513,3513,3513,4,4,5,5,running,running,True,0.00014784501,0.00061074866,8.278209e-06,3.773204e-05,0.72716343,3.5051427e-05,0.01081085,0.0007314181,0.06604608,2.694847e-05,1.9539817e-05,0.19436207,0.72716343
pamap2,gnn_attention_adj,window,1,101,101,102,3514,3514,3514,4,4,5,5,running,running,True,0.00020308334,0.0009198405,1.9331454e-05,3.742004e-05,0.7849193,1.367168e-05,0.0064646844,0.0011068819,0.02612578,3.1032123e-05,2.3956682e-05,0.18013507,0.7849193
pamap2,gnn_attention_adj,window,1,101,101,102,3515,3515,3515,4,4,5,5,running,running,True,0.00039976297,0.0028688428,6.657711e-05,0.0002250439,0.7749235,3.4490804e-05,0.034666277,0.013044244,0.03538501,0.00010941707,5.4611453e-05,0.13822228,0.7749235
pamap2,gnn_attention_adj,window,1,101,101,102,3516,3516,3516,4,4,5,5,running,running,True,0.00033512784,0.003436841,4.3158736e-05,0.00025266592,0.80631447,3.7964077e-05,0.07546554,0.019677637,0.022080332,0.00014324133,5.0462197e-05,0.07216266,0.80631447
pamap2,gnn_attention_adj,window,1,101,101,102,3517,3517,3517,4,4,5,5,running,running,True,0.000210687,0.002031108,3.7440557e-05,0.0001479119,0.7368642,5.0198516e-05,0.05965698,0.0046805697,0.0523343,9.4611525e-05,7.195613e-05,0.14382003,0.7368642
pamap2,gnn_attention_adj,window,1,101,101,102,3518,3518,3518,4,4,5,5,running,running,True,0.00013001311,0.0013124036,1.1281141e-05,5.3388478e-05,0.8014438,3.4459936e-05,0.045519255,0.0017804698,0.03994441,5.1481114e-05,3.4796147e-05,0.10968432,0.8014438
pamap2,gnn_attention_adj,window,1,101,101,102,3519,3519,3519,4,4,5,5,running,running,True,0.00019180895,0.0021844758,3.3575907e-05,0.00011071151,0.8145221,1.8410734e-05,0.043141954,0.0070521636,0.024868868,6.999716e-05,3.766999e-05,0.10776824,0.8145221
pamap2,gnn_attention_adj,window,1,101,101,102,3520,3520,3520,4,4,5,5,running,running,True,0.0006281659,0.004995853,0.00011656339,0.00065677334,0.64788085,0.00012001201,0.12977193,0.04369546,0.056389317,0.00031755352,0.00011207984,0.11531545,0.64788085
pamap2,gnn_attention_adj,window,1,101,101,102,3521,3521,3521,4,4,5,5,running,running,True,0.00067832245,0.002540044,0.00010308592,0.0003072451,0.74566716,3.774092e-05,0.012550848,0.0056097945,0.03554161,0.00012020423,8.11292e-05,0.19676282,0.74566716
pamap2,gnn_attention_adj,window,1,101,101,102,3522,3522,3522,4,4,5,5,running,running,True,0.0003603639,0.0008338614,2.5271587e-05,0.00016351996,0.5051569,0.00010057958,0.009479311,0.0015007966,0.15762869,5.3781925e-05,4.0346e-05,0.32465655,0.5051569
pamap2,gnn_attention_adj,window,1,101,101,102,3523,3523,3523,4,4,5,5,running,running,True,0.00031658608,0.0006979832,2.6425823e-05,0.00023567573,0.4816153,4.9052163e-05,0.006141652,0.0014117232,0.13667113,3.784783e-05,2.914099e-05,0.37276742,0.4816153
pamap2,gnn_attention_adj,window,1,101,101,102,3524,3524,3524,4,4,5,5,running,running,True,0.0004768637,0.001647319,5.7403933e-05,0.000146841,0.6515335,5.9995917e-05,0.013393703,0.0034428225,0.07122142,8.7556684e-05,6.1141436e-05,0.2578714,0.6515335
pamap2,gnn_attention_adj,window,1,101,101,102,3525,3525,3525,4,4,5,5,running,running,True,0.00030926627,0.0043131122,7.149537e-05,0.00043359274,0.48636538,0.00011028365,0.32809007,0.07206368,0.04416473,0.0003081255,9.080393e-05,0.063679494,0.48636538
pamap2,gnn_attention_adj,window,1,101,101,102,3526,3526,3526,4,4,5,5,running,running,True,0.00024284261,0.0037363565,6.960497e-05,0.000313151,0.72982687,3.782206e-05,0.117897026,0.02641391,0.031337064,0.00015901102,7.3170704e-05,0.08989319,0.72982687
pamap2,gnn_attention_adj,window,1,101,101,102,3527,3527,3527,4,4,5,5,running,running,True,0.00018217211,0.0010324612,2.061871e-05,4.1518404e-05,0.8049859,1.142195e-05,0.008447297,0.0015020332,0.02327255,3.1708947e-05,2.2806014e-05,0.16044965,0.8049859
pamap2,gnn_attention_adj,window,1,101,101,102,3528,3528,3528,4,4,5,5,running,running,True,0.00012781512,0.0013383155,1.9550213e-05,4.1508876e-05,0.87846893,6.062521e-06,0.013407154,0.0024699636,0.01134248,3.1555406e-05,2.0960839e-05,0.09272572,0.87846893
pamap2,gnn_attention_adj,window,1,101,101,102,3529,3529,3529,4,4,5,5,running,running,True,0.00025679838,0.0033553871,3.098949e-05,0.00015916198,0.79245764,3.3079436e-05,0.099991105,0.01610666,0.021380171,0.00012179584,4.288504e-05,0.0660643,0.79245764
pamap2,gnn_attention_adj,window,1,101,101,102,3530,3530,3530,4,4,5,5,running,running,True,0.0005750448,0.005627633,0.00012934962,0.0005963909,0.6723734,0.00016150114,0.15222523,0.025594546,0.04722757,0.00037982813,0.00022087625,0.09488861,0.6723734
pamap2,gnn_attention_adj,window,1,101,101,102,3531,3531,3531,4,4,5,5,running,running,True,0.00047613843,0.0050888606,0.00018678294,0.00037588752,0.7088096,6.840591e-05,0.089346156,0.028914133,0.037541993,0.00026088243,0.00016713697,0.128764,0.7088096
pamap2,gnn_attention_adj,window,1,101,101,102,3532,3532,3532,4,4,5,5,running,running,True,7.571631e-05,0.0020122742,7.348148e-06,5.3187843e-05,0.7598976,2.2794577e-05,0.16618663,0.0050071897,0.02152875,5.8939248e-05,2.5239357e-05,0.045124326,0.7598976
pamap2,gnn_attention_adj,window,1,101,101,102,3533,3533,3533,4,4,5,5,running,running,True,0.00033510753,0.0007790399,3.4636494e-05,0.00017197935,0.4937758,4.014276e-05,0.0054513053,0.0014082396,0.107881136,4.278366e-05,3.310106e-05,0.3900468,0.4937758
pamap2,gnn_attention_adj,window,1,101,101,102,3534,3534,3534,4,4,5,5,running,running,True,0.0005945865,0.0026659996,9.377438e-05,0.00038798444,0.6157117,0.00013221888,0.0405909,0.009366455,0.10472835,0.0001789882,0.00010865391,0.22544038,0.6157117
pamap2,gnn_attention_adj,window,1,101,101,102,3535,3535,3535,4,4,5,5,running,running,True,0.0005448419,0.004259892,0.00017324861,0.0010820997,0.6439494,0.00012631323,0.105413996,0.016647378,0.07251553,0.00030568955,0.000224136,0.15475747,0.6439494
pamap2,gnn_attention_adj,window,1,101,101,102,3536,3536,3536,4,4,5,5,running,running,True,0.0002675092,0.0019110655,6.228468e-05,0.00035898667,0.6447033,6.1774335e-05,0.051197715,0.005550889,0.086442135,0.00010564419,8.695318e-05,0.2092517,0.6447033
pamap2,gnn_attention_adj,window,1,101,101,102,3537,3537,3537,4,4,5,5,running,running,True,0.00011590896,0.0012163807,1.0152662e-05,4.9503702e-05,0.83466434,2.5674688e-05,0.03645836,0.0013880088,0.031257033,4.216517e-05,3.5717847e-05,0.09473664,0.83466434
pamap2,gnn_attention_adj,window,1,101,101,102,3538,3538,3538,4,4,5,5,running,running,True,0.00013059718,0.0013688935,1.8540431e-05,5.969995e-05,0.8743199,1.0964466e-05,0.021742683,0.0019759666,0.015183797,4.1332805e-05,3.423474e-05,0.08511336,0.8743199
pamap2,gnn_attention_adj,window,1,101,101,102,3539,3539,3539,4,4,5,5,running,running,True,0.00049852364,0.0027186936,0.00010967709,0.00037181878,0.6984051,5.0857558e-05,0.030676717,0.008475942,0.056499157,0.00014026041,9.4326184e-05,0.20195892,0.6984051
pamap2,gnn_attention_adj,window,1,101,101,102,3540,3540,3540,4,4,5,5,running,running,True,0.00027770447,0.0036653462,4.842594e-05,0.00026901107,0.75480247,5.5501023e-05,0.116841875,0.014785278,0.031455215,0.00016570413,8.0851765e-05,0.07755268,0.75480247
pamap2,gnn_attention_adj,window,1,101,101,102,3541,3541,3541,4,4,5,5,running,running,True,0.0002090853,0.001529019,3.6386704e-05,0.00013503271,0.7655419,3.1511336e-05,0.028686885,0.0028321524,0.04208654,6.776073e-05,5.984285e-05,0.15878384,0.7655419
pamap2,gnn_attention_adj,window,1,101,101,102,3542,3542,3542,4,4,5,5,running,running,True,0.00017305394,0.0008233988,1.2916318e-05,3.949699e-05,0.8150794,1.4695057e-05,0.0077372477,0.00090393773,0.025173858,2.8181175e-05,2.2844502e-05,0.1499909,0.8150794
pamap2,gnn_attention_adj,window,1,101,101,102,3543,3543,3543,4,4,5,5,running,running,True,0.00044674642,0.0024421855,7.338028e-05,0.00022509617,0.66424185,0.000119281074,0.040497195,0.0050708526,0.08285866,0.00014527286,0.00013465752,0.20374489,0.66424185
pamap2,gnn_attention_adj,window,1,101,101,102,3544,3544,3544,4,4,5,5,running,running,True,0.0008109368,0.0035434908,0.00015031519,0.00058583164,0.64455533,0.00011860965,0.037192088,0.014842364,0.08120842,0.00023659243,0.00013127338,0.21662472,0.64455533
pamap2,gnn_attention_adj,window,1,101,101,102,3545,3545,3545,4,4,5,5,running,running,True,0.0005908293,0.003149338,0.00016351853,0.00035499016,0.7312486,2.7779663e-05,0.018801088,0.012254228,0.03507254,0.00014048161,8.379969e-05,0.19811277,0.7312486
pamap2,gnn_attention_adj,window,1,101,101,102,3546,3546,3546,4,4,5,5,running,running,True,0.0004005888,0.001409698,6.15248e-05,6.9174785e-05,0.7345719,8.644131e-06,0.0034305502,0.001902253,0.019609706,4.1172825e-05,3.311751e-05,0.23846163,0.7345719
pamap2,gnn_attention_adj,window,1,101,101,102,3547,3547,3547,4,4,5,5,running,running,True,0.0002228278,0.000650168,9.567218e-06,1.78908e-05,0.816986,8.1748585e-06,0.0023986413,0.0005910651,0.016952503,1.7631546e-05,1.2005359e-05,0.16213351,0.816986
pamap2,gnn_attention_adj,window,1,101,101,102,3548,3548,3548,4,4,5,5,running,running,True,0.0003323971,0.0029064524,5.463269e-05,0.00021410051,0.75520337,5.0540704e-05,0.056653727,0.010343588,0.042695,0.00012640569,6.7685076e-05,0.13135214,0.75520337
pamap2,gnn_attention_adj,window,1,101,101,102,3549,3549,3549,4,4,5,5,running,running,True,0.0005504475,0.0036481603,0.00014544012,0.0008833904,0.65019923,0.00012006933,0.076172814,0.013237213,0.079554975,0.00025471408,0.00018124223,0.17505226,0.65019923
pamap2,gnn_attention_adj,window,1,101,101,102,3550,3550,3550,4,4,5,5,running,running,True,0.00034832134,0.0012620572,5.7717807e-05,0.0005470269,0.46401232,0.00010344429,0.023515498,0.0039819703,0.18218203,8.9616165e-05,7.365363e-05,0.32382628,0.46401232
pamap2,gnn_attention_adj,window,1,101,101,102,3551,3551,3551,4,4,5,5,running,running,True,0.00017236055,0.00059023214,6.545441e-06,2.6957558e-05,0.7114825,5.1875257e-05,0.009829378,0.000659386,0.08418317,2.6454944e-05,1.8451397e-05,0.19295272,0.7114825
pamap2,gnn_attention_adj,window,1,101,101,102,3552,3552,3552,4,4,5,5,running,running,True,0.00017998231,0.00071232463,1.1709589e-05,4.7395402e-05,0.7453415,2.8006709e-05,0.008319485,0.0008188758,0.04852986,2.9450173e-05,2.447179e-05,0.19595693,0.7453415
pamap2,gnn_attention_adj,window,1,101,101,102,3553,3553,3553,4,4,5,5,running,running,True,0.0005554233,0.0039622136,0.00016293746,0.0006469209,0.63068545,0.0001708228,0.08053287,0.012412849,0.08773858,0.00027688168,0.00026852344,0.18258652,0.63068545
pamap2,gnn_attention_adj,window,1,101,101,102,3554,3554,3554,4,4,5,5,running,running,True,0.0005803304,0.0032046335,0.00010553483,0.0004588095,0.75280213,4.660433e-05,0.03058457,0.011091094,0.041311152,0.00015423165,8.35629e-05,0.15957747,0.75280213
pamap2,gnn_attention_adj,window,1,101,101,102,3555,3555,3555,4,4,5,5,running,running,True,0.00025868914,0.0021198846,5.2627103e-05,0.00019382701,0.679548,7.0986825e-05,0.056938406,0.005365444,0.07309261,0.00011056017,9.206892e-05,0.18215689,0.679548
pamap2,gnn_attention_adj,window,1,101,101,102,3556,3556,3556,4,4,5,5,running,running,True,0.00016559618,0.0008830756,2.5212516e-05,0.00046166027,0.57648766,4.8197668e-05,0.027399626,0.0021110098,0.13018394,4.5376943e-05,4.5050707e-05,0.26214358,0.57648766
pamap2,gnn_attention_adj,window,1,101,101,102,3557,3557,3557,4,4,5,5,running,running,True,0.0004369002,0.0028271338,0.00012975615,0.00062413764,0.6142267,0.00012359086,0.056434613,0.006861329,0.09731303,0.00018143599,0.00022017119,0.22062118,0.6142267
pamap2,gnn_attention_adj,window,1,101,101,102,3558,3558,3558,4,4,5,5,running,running,True,0.00074133516,0.0027074122,0.0001969798,0.0013375197,0.42958727,0.00017601278,0.039167956,0.011790139,0.19355886,0.00022414078,0.00016487962,0.32034746,0.42958727
pamap2,gnn_attention_adj,window,1,101,101,102,3559,3559,3559,4,4,5,5,running,running,True,0.0004971993,0.001242006,5.2109295e-05,0.0006542471,0.44276032,0.00014455713,0.0187566,0.0037585287,0.2068098,0.00010148424,6.665509e-05,0.32515642,0.44276032
pamap2,gnn_attention_adj,window,1,101,101,102,3560,3560,3560,4,4,5,5,running,running,True,0.00024727965,0.0009777166,2.5876627e-05,0.0002804088,0.54904884,9.399968e-05,0.025687695,0.0020920346,0.15521128,6.219722e-05,5.14209e-05,0.26622123,0.54904884
pamap2,gnn_attention_adj,window,1,101,101,102,3561,3561,3561,4,11,5,24,running,rope_jumping,False,0.00021724093,0.0006622133,5.0199258e-05,0.00095938484,0.3374019,2.648809e-05,0.007896683,0.0021820439,0.1920613,3.07385e-05,3.0446694e-05,0.45848137,0.45848137
pamap2,gnn_attention_adj,window,1,101,101,102,3562,3562,3562,4,4,5,5,running,running,True,0.0004521244,0.0035143185,9.280791e-05,0.00034815565,0.72626156,7.444627e-05,0.06268727,0.011656723,0.049422886,0.00018414244,0.00011496042,0.14519058,0.72626156
pamap2,gnn_attention_adj,window,1,101,101,102,3563,3563,3563,4,4,5,5,running,running,True,0.0007133373,0.004848409,0.0002547256,0.0013822418,0.59668535,0.00012521281,0.094661035,0.027350225,0.08599947,0.00035168463,0.00020415084,0.18742415,0.59668535
pamap2,gnn_attention_adj,window,1,101,101,102,3564,3564,3564,4,4,5,5,running,running,True,0.0005090454,0.0018824096,0.00014034292,0.0009109034,0.38454074,0.00014424796,0.031635236,0.0075758696,0.21675186,0.0001514541,0.00012275483,0.35563517,0.38454074
pamap2,gnn_attention_adj,window,1,101,101,102,3565,3565,3565,4,4,5,5,running,running,True,0.00020462295,0.0007061388,8.770681e-06,2.9733576e-05,0.7178861,4.745308e-05,0.009642605,0.0008392718,0.07336305,3.0943276e-05,1.8892602e-05,0.19722229,0.7178861
pamap2,gnn_attention_adj,window,1,101,101,102,3566,3566,3566,4,4,5,5,running,running,True,0.00029407532,0.0007771004,1.9621715e-05,4.2186883e-05,0.70333374,1.7216253e-05,0.0034640913,0.0008383897,0.036134563,3.0285477e-05,2.0074049e-05,0.25502864,0.70333374
pamap2,gnn_attention_adj,window,1,101,101,102,3567,3567,3567,4,4,5,5,running,running,True,0.0006053192,0.0033427707,0.00016198,0.0010910984,0.50851345,0.00017469024,0.087577105,0.015163276,0.153482,0.0002584198,0.00016695677,0.22946294,0.50851345
pamap2,gnn_attention_adj,window,1,101,101,102,3568,3568,3568,4,4,5,5,running,running,True,0.0006630653,0.0047206967,0.00024841106,0.0010502224,0.6776954,6.247879e-05,0.06513417,0.026566789,0.052723918,0.00027377828,0.00015227147,0.17070878,0.6776954
pamap2,gnn_attention_adj,window,1,101,101,102,3569,3569,3569,4,11,5,24,running,rope_jumping,False,0.0004372376,0.0015891363,0.0001686629,0.0008038477,0.3802532,5.878428e-05,0.015617345,0.0055753007,0.15888838,9.940346e-05,9.406378e-05,0.4364147,0.4364147
pamap2,gnn_attention_adj,window,1,101,101,102,3570,3570,3570,4,4,5,5,running,running,True,0.00018992118,0.0010479351,1.6576874e-05,7.062389e-05,0.6708419,6.7055335e-05,0.027687011,0.0017085677,0.09672614,5.2451644e-05,3.65396e-05,0.20155536,0.6708419
pamap2,gnn_attention_adj,window,1,101,101,102,3571,3571,3571,4,4,5,5,running,running,True,0.0003106489,0.0020202687,0.00012692665,0.0011698458,0.41751122,0.00013796285,0.07670435,0.009612034,0.21276088,0.00015953073,0.00016111917,0.27932522,0.41751122
pamap2,gnn_attention_adj,window,1,101,101,102,3572,3572,3572,4,4,5,5,running,running,True,0.0009327011,0.0058880597,0.0006465742,0.0037065984,0.4080995,0.00042080707,0.13763623,0.035802618,0.17564504,0.00069006265,0.00071797706,0.22981381,0.4080995
pamap2,gnn_attention_adj,window,1,101,101,102,3573,3573,3573,4,4,5,5,running,running,True,0.0004962618,0.004543162,0.00014968897,0.0005952076,0.6756387,0.00016645921,0.113032006,0.014419282,0.06104614,0.00033689273,0.0002908121,0.12928547,0.6756387
pamap2,gnn_attention_adj,window,1,101,101,102,3574,3574,3574,4,4,5,5,running,running,True,0.00034108132,0.0023056017,5.8057056e-05,0.00059280015,0.62985915,0.00014476698,0.08569018,0.005334077,0.10463603,0.00015607607,0.00014134658,0.17074086,0.62985915
pamap2,gnn_attention_adj,window,1,101,101,102,3575,3575,3575,4,4,5,5,running,running,True,0.00017927388,0.00076898414,9.587254e-06,5.6179848e-05,0.80843925,2.6912365e-05,0.01037163,0.0008333977,0.035585083,3.0278588e-05,2.6249832e-05,0.1436732,0.80843925
pamap2,gnn_attention_adj,window,1,101,101,102,3576,3576,3576,4,4,5,5,running,running,True,0.00037070867,0.0019943316,6.555708e-05,0.00017073566,0.7796554,4.261071e-05,0.018915368,0.003525533,0.03455191,9.953284e-05,0.0001024519,0.16050586,0.7796554
pamap2,gnn_attention_adj,window,1,101,101,102,3577,3577,3577,4,4,5,5,running,running,True,0.00041575774,0.0030413975,6.712755e-05,0.0003642431,0.7758187,4.8026624e-05,0.046293203,0.011811345,0.038218394,0.00014056983,7.149671e-05,0.123709805,0.7758187
pamap2,gnn_attention_adj,window,1,101,101,102,3578,3578,3578,4,4,5,5,running,running,True,0.00024093279,0.0015939919,3.0462843e-05,0.00011512641,0.79986274,2.5477526e-05,0.020630462,0.0035200606,0.032916076,6.108955e-05,3.957969e-05,0.14096399,0.79986274
pamap2,gnn_attention_adj,window,1,101,101,102,3579,3579,3579,4,4,5,5,running,running,True,0.00016134582,0.0005022072,6.0471257e-06,2.4192768e-05,0.7440621,2.5626356e-05,0.0056074946,0.0004899006,0.05454615,1.9590147e-05,1.318933e-05,0.19454211,0.7440621
pamap2,gnn_attention_adj,window,1,101,101,102,3580,3580,3580,4,11,5,24,running,rope_jumping,False,0.00020506355,0.00024272902,9.777009e-06,0.00022175448,0.33271015,1.9196383e-05,0.0018591762,0.00070073066,0.20185089,9.974903e-06,6.629122e-06,0.46216393,0.46216393
pamap2,gnn_attention_adj,window,1,101,101,102,3581,3581,3581,4,4,5,5,running,running,True,0.00060939224,0.0010195803,5.038165e-05,0.0004424249,0.41835314,0.00011295619,0.006990592,0.0024596583,0.18269931,7.241879e-05,5.3120435e-05,0.3871371,0.41835314
pamap2,gnn_attention_adj,window,1,101,101,102,3582,3582,3582,4,4,5,5,running,running,True,0.0005701813,0.0036939115,9.45455e-05,0.00041550703,0.79947954,3.2199103e-05,0.03146579,0.022971839,0.026018003,0.00015593674,5.87829e-05,0.11504376,0.79947954
pamap2,gnn_attention_adj,window,1,101,101,102,3583,3583,3583,4,4,5,5,running,running,True,0.00043327562,0.002643689,8.434911e-05,0.0001802962,0.781346,2.5368208e-05,0.018595897,0.00944373,0.02826988,0.00010003521,5.9252514e-05,0.1588182,0.781346
pamap2,gnn_attention_adj,window,1,101,101,102,3584,3584,3584,4,4,5,5,running,running,True,0.00015887128,0.00093756535,8.457814e-06,2.2661803e-05,0.88518167,7.624482e-06,0.0068030194,0.00118777,0.012557623,2.1976683e-05,1.1992261e-05,0.093100764,0.88518167
pamap2,gnn_attention_adj,window,1,101,101,102,3585,3585,3585,4,4,5,5,running,running,True,0.00022908057,0.001013713,2.9614865e-05,9.649919e-05,0.72688127,1.4849085e-05,0.006940753,0.0014105514,0.033916667,3.7415783e-05,3.1875818e-05,0.22939768,0.72688127
pamap2,gnn_attention_adj,window,1,101,101,102,3586,3586,3586,4,4,5,5,running,running,True,0.00033377015,0.0034269157,7.7697965e-05,0.0003063259,0.71791005,7.237255e-05,0.090339035,0.011814484,0.049559664,0.0001750313,0.00011969155,0.12586488,0.71791005
pamap2,gnn_attention_adj,window,1,101,101,102,3587,3587,3587,4,8,5,13,running,descending_stairs,False,0.0004096521,0.0021276698,0.00016659002,0.014282906,0.2762594,0.00022730838,0.14475429,0.017880939,0.32001698,0.00025544176,0.00016521494,0.2234536,0.32001698
pamap2,gnn_attention_adj,window,1,101,101,102,3588,3588,3588,4,4,5,5,running,running,True,0.000458087,0.0020916543,0.00011850011,0.0010174217,0.4818064,0.0001623868,0.04626953,0.00822035,0.17200811,0.00017173233,0.00016228989,0.28751355,0.4818064
pamap2,gnn_attention_adj,window,1,101,101,102,3589,3589,3589,4,4,5,5,running,running,True,0.0002877683,0.0010003058,3.0701165e-05,0.00051391474,0.5633368,7.2504045e-05,0.01792907,0.002364551,0.1344464,5.6918896e-05,5.4051758e-05,0.279907,0.5633368
pamap2,gnn_attention_adj,window,1,101,101,102,3590,3590,3590,4,4,5,5,running,running,True,0.0003134381,0.0016817204,5.561713e-05,0.00019048183,0.70629823,5.0147602e-05,0.022754962,0.003364567,0.057846263,8.702791e-05,8.4005784e-05,0.20727354,0.70629823
pamap2,gnn_attention_adj,window,1,101,101,102,3591,3591,3591,4,4,5,5,running,running,True,0.00064250967,0.0053085713,0.0001396776,0.0005279236,0.68118244,0.0001287238,0.11929645,0.031456273,0.04794851,0.00033316526,0.00017000003,0.11286579,0.68118244
pamap2,gnn_attention_adj,window,1,101,101,102,3592,3592,3592,4,4,5,5,running,running,True,0.0006066138,0.0024750822,0.00013667757,0.0004848127,0.68493915,3.2560198e-05,0.0129450625,0.0072188755,0.045191046,0.00012006196,8.502827e-05,0.2457651,0.68493915
pamap2,gnn_attention_adj,window,1,101,101,102,3593,3593,3593,4,4,5,5,running,running,True,0.00019243841,0.0009285461,1.21433e-05,5.8364658e-05,0.7125201,6.834265e-05,0.02225927,0.001352295,0.082077876,4.7781985e-05,3.2848002e-05,0.18044999,0.7125201
pamap2,gnn_attention_adj,window,1,101,101,102,3594,3594,3594,4,4,5,5,running,running,True,8.5687236e-05,0.00082529394,5.3197696e-06,2.0892216e-05,0.8708595,9.871108e-06,0.01704031,0.0009440688,0.019851383,2.082331e-05,1.2709069e-05,0.09032425,0.8708595
pamap2,gnn_attention_adj,window,1,101,101,102,3595,3595,3595,4,4,5,5,running,running,True,0.00021186793,0.0018516841,2.8855955e-05,7.347071e-05,0.84384304,1.10958035e-05,0.020599265,0.0056358413,0.017801216,5.0223847e-05,2.3459326e-05,0.10987005,0.84384304
pamap2,gnn_attention_adj,window,1,101,101,102,3596,3596,3596,4,4,5,5,running,running,True,0.00073614216,0.0055117966,0.0002818539,0.00085573667,0.6869146,0.00013007592,0.085072994,0.02296194,0.05011918,0.00039930447,0.00031677543,0.14669956,0.6869146
pamap2,gnn_attention_adj,window,1,101,101,102,3597,3597,3597,4,4,5,5,running,running,True,0.000332327,0.0041903057,0.00015492138,0.00035526918,0.7235899,4.731152e-05,0.09051328,0.019554334,0.03486558,0.00020818935,0.00015168995,0.1260369,0.7235899
pamap2,gnn_attention_adj,window,1,101,101,102,3598,3598,3598,4,4,5,5,running,running,True,7.253997e-05,0.0017224712,6.310709e-06,3.5337856e-05,0.8449009,1.3147656e-05,0.088100746,0.0029212737,0.015979767,3.994311e-05,2.0652451e-05,0.046186823,0.8449009
pamap2,gnn_attention_adj,window,1,101,101,102,3599,3599,3599,4,4,5,5,running,running,True,0.00021473611,0.00041375763,9.637535e-06,5.1984483e-05,0.57250386,2.3946715e-05,0.0026556978,0.0005236196,0.08577608,1.7517938e-05,1.2428561e-05,0.33779672,0.57250386
pamap2,gnn_attention_adj,window,1,101,101,102,3600,3600,3600,4,4,5,5,running,running,True,0.00036487964,0.002099549,4.4085158e-05,0.00013843155,0.76991624,3.801611e-05,0.024182916,0.0055465507,0.04002893,8.676368e-05,4.647439e-05,0.1575072,0.76991624
pamap2,gnn_attention_adj,window,1,101,101,102,3601,3601,3601,4,4,5,5,running,running,True,0.0003259806,0.004746517,7.9772915e-05,0.00032879997,0.60889965,0.000108995795,0.26885,0.025007619,0.029669518,0.000344872,0.00014686807,0.06149144,0.60889965
pamap2,gnn_attention_adj,window,1,101,101,102,3602,3602,3602,4,4,5,5,running,running,True,0.00017083078,0.0034944613,6.575175e-05,0.00013541979,0.7567851,3.033346e-05,0.12266756,0.015444451,0.021826627,0.00013684643,9.3142895e-05,0.07914941,0.7567851
pamap2,gnn_attention_adj,window,1,101,101,102,3603,3603,3603,4,4,5,5,running,running,True,8.430456e-05,0.0009890159,7.2111607e-06,2.4724513e-05,0.891426,6.9208386e-06,0.01798836,0.0011940765,0.013445864,2.2259204e-05,1.5324855e-05,0.07479595,0.891426
pamap2,gnn_attention_adj,window,1,101,101,102,3604,3604,3604,4,4,5,5,running,running,True,0.00013053394,0.001129795,1.6285798e-05,3.9242877e-05,0.86429447,7.2107723e-06,0.012022197,0.0019076649,0.01461657,2.8804716e-05,1.8905554e-05,0.10578833,0.86429447
pamap2,gnn_attention_adj,window,1,101,101,102,3605,3605,3605,4,4,5,5,running,running,True,0.00036951824,0.004054577,5.188017e-05,0.0002787406,0.7100132,4.667784e-05,0.14371444,0.044724464,0.026369695,0.00018632003,4.8184684e-05,0.07014235,0.7100132
pamap2,gnn_attention_adj,window,1,101,101,102,3606,3606,3606,4,4,5,5,running,running,True,0.00066833873,0.0032214832,0.00021005257,0.0007443339,0.7091368,2.158393e-05,0.016255794,0.0130015975,0.037021514,0.00014287326,8.509819e-05,0.2194906,0.7091368
pamap2,gnn_attention_adj,window,1,101,101,102,3607,3607,3607,4,4,5,5,running,running,True,0.00038945428,0.0011794871,6.6267705e-05,0.00012100682,0.5815154,1.9542682e-05,0.004699772,0.0021185605,0.05387658,4.9307353e-05,3.9509054e-05,0.35592514,0.5815154
pamap2,gnn_attention_adj,window,1,101,101,102,3608,3608,3608,4,4,5,5,running,running,True,0.00017153112,0.00068110385,1.1284523e-05,7.445073e-05,0.6120402,7.9178506e-05,0.018358558,0.00104429,0.13369341,3.836732e-05,3.008925e-05,0.23377748,0.6120402
pamap2,gnn_attention_adj,window,1,101,101,102,3609,3609,3609,4,4,5,5,running,running,True,0.0003489788,0.0017055467,6.224629e-05,0.0004096227,0.53614545,0.0001357937,0.04254029,0.004657708,0.15711775,0.00011791943,0.00010300085,0.25665566,0.53614545
pamap2,gnn_attention_adj,window,1,101,101,102,3610,3610,3610,4,4,5,5,running,running,True,0.00059111696,0.0047744117,0.00020352112,0.0010490057,0.5945808,0.0001262942,0.11386113,0.032142207,0.08462089,0.0003303433,0.00018409111,0.16753614,0.5945808
pamap2,gnn_attention_adj,window,1,101,101,102,3611,3611,3611,4,4,5,5,running,running,True,0.00042064587,0.0030317053,9.121034e-05,0.00032320365,0.72376484,5.5811146e-05,0.04182247,0.011993892,0.051778194,0.0001458961,8.72852e-05,0.16648488,0.72376484
pamap2,gnn_attention_adj,window,1,101,101,102,3612,3612,3612,4,4,5,5,running,running,True,0.0003764589,0.0007985281,1.6753229e-05,9.801495e-05,0.5499143,0.00013053656,0.0099260975,0.0012875685,0.15733379,5.3395874e-05,3.3756744e-05,0.28003085,0.5499143
pamap2,gnn_attention_adj,window,1,101,101,102,3613,3613,3613,4,4,5,5,running,running,True,0.0003351908,0.0005946809,2.3049948e-05,0.0004797093,0.40365982,6.803219e-05,0.0066282223,0.0015025153,0.21208076,3.4566187e-05,2.562057e-05,0.3745679,0.40365982
pamap2,gnn_attention_adj,window,1,101,101,102,3614,3614,3614,4,11,5,24,running,rope_jumping,False,0.0007720428,0.002078055,0.00017280498,0.002958294,0.3350316,0.0002826184,0.031432196,0.008494776,0.28081194,0.0002057341,0.00018962851,0.33757034,0.33757034
pamap2,gnn_attention_adj,window,1,101,101,102,3615,3615,3615,4,4,5,5,running,running,True,0.00051277346,0.0031860832,0.00012160767,0.0012924777,0.58803844,0.00015443713,0.094318554,0.0126091745,0.11414523,0.00024532343,0.00016669929,0.1852093,0.58803844
pamap2,gnn_attention_adj,window,1,101,101,102,3616,3616,3616,4,4,5,5,running,running,True,0.0003476949,0.0015869433,3.968582e-05,0.00021659788,0.63695496,0.00013594137,0.032950696,0.0033181272,0.11112409,0.000107683176,9.170489e-05,0.21312591,0.63695496
pamap2,gnn_attention_adj,window,1,101,101,102,3617,3617,3617,4,4,5,5,running,running,True,0.0002319237,0.0006740514,1.4325974e-05,0.00017693936,0.48876458,0.000120469354,0.015996777,0.0012723122,0.21824859,4.2244825e-05,3.408945e-05,0.2744236,0.48876458
pamap2,gnn_attention_adj,window,1,101,101,102,3618,3618,3618,4,4,5,5,running,running,True,0.00025337675,0.0010131137,2.6537266e-05,3.4354613e-05,0.79871696,7.639752e-06,0.0035928418,0.0011838797,0.016053975,2.9170453e-05,2.1426704e-05,0.17906666,0.79871696
pamap2,gnn_attention_adj,window,1,101,101,102,3619,3619,3619,4,4,5,5,running,running,True,0.0003965232,0.0036999383,6.620854e-05,0.00032908714,0.7091552,7.485386e-05,0.09689129,0.021208705,0.050379023,0.0001826926,7.825429e-05,0.11753827,0.7091552
pamap2,gnn_attention_adj,window,1,101,101,102,3620,3620,3620,4,4,5,5,running,running,True,0.00046705586,0.005070136,0.00017877542,0.0009414457,0.55503917,0.00022371959,0.2118481,0.023061715,0.07954746,0.00045041318,0.00033024725,0.12284172,0.55503917
pamap2,gnn_attention_adj,window,1,101,101,102,3621,3621,3621,4,4,5,5,running,running,True,0.00037746527,0.0023540934,9.890976e-05,0.00063669117,0.49759012,0.00024766466,0.08801399,0.008218149,0.1743335,0.00021233353,0.0002143095,0.22770275,0.49759012
pamap2,gnn_attention_adj,window,1,101,101,102,3622,3622,3622,4,4,5,5,running,running,True,0.00033032996,0.0011317957,2.0191395e-05,0.00010629352,0.6986061,8.935919e-05,0.016652428,0.0015833543,0.081043504,6.517589e-05,4.713931e-05,0.20032434,0.6986061
pamap2,gnn_attention_adj,window,1,101,101,102,3623,3623,3623,4,4,5,5,running,running,True,0.00039729677,0.0009233979,3.1950236e-05,0.00019745421,0.556684,6.569557e-05,0.0075068823,0.0016220154,0.10414128,5.6166627e-05,4.4504864e-05,0.32832935,0.556684
pamap2,gnn_attention_adj,window,1,101,101,102,3624,3624,3624,4,4,5,5,running,running,True,0.0006235689,0.0029858334,0.00010452613,0.00032510224,0.67648244,0.00013106501,0.036714405,0.006830012,0.0744197,0.00018804049,0.00016172224,0.20103359,0.67648244
pamap2,gnn_attention_adj,window,1,101,101,102,3625,3625,3625,4,4,5,5,running,running,True,0.00046139403,0.0024240906,8.3869585e-05,0.00058059505,0.63144565,0.00012288261,0.05049496,0.0075148027,0.10234734,0.00016807535,0.00012317137,0.20423324,0.63144565
pamap2,gnn_attention_adj,window,1,101,101,102,3626,3626,3626,4,4,5,5,running,running,True,0.00029960883,0.0017903321,0.00010461481,0.0005041121,0.5429276,7.503813e-05,0.0342082,0.0063443473,0.118000306,0.00011607224,0.00012577994,0.29550397,0.5429276
pamap2,gnn_attention_adj,window,1,101,101,102,3627,3627,3627,4,4,5,5,running,running,True,0.00016181826,0.00074565574,1.17521295e-05,1.7740347e-05,0.85527325,4.6737873e-06,0.0030760528,0.0006614534,0.011210958,1.7427423e-05,1.3887955e-05,0.12880537,0.85527325
pamap2,gnn_attention_adj,window,1,101,101,102,3628,3628,3628,4,4,5,5,running,running,True,0.00014281097,0.00065681996,1.3995443e-05,1.1268779e-05,0.86219615,1.1977612e-06,0.0013274456,0.0006684556,0.005633957,9.804201e-06,7.268167e-06,0.1293309,0.86219615
pamap2,gnn_attention_adj,window,1,101,101,102,3629,3629,3629,4,4,5,5,running,running,True,0.00029930935,0.0025365069,4.2419408e-05,0.00014926877,0.8192714,2.3844426e-05,0.033143118,0.010040775,0.024628947,8.446476e-05,4.0492097e-05,0.109739445,0.8192714
pamap2,gnn_attention_adj,window,1,101,101,102,3630,3630,3630,4,4,5,5,running,running,True,0.0005467156,0.0018944783,0.00012878189,0.003953941,0.45126197,0.000106806816,0.030850107,0.008337148,0.18694595,0.00014081514,0.00011443127,0.31571886,0.45126197
pamap2,gnn_attention_adj,window,1,101,101,102,3631,3631,3631,4,4,5,5,running,running,True,0.00023000655,0.0014523864,2.8581118e-05,6.8571106e-05,0.8459533,1.3810754e-05,0.011412253,0.002705013,0.018030692,4.6159777e-05,3.3903714e-05,0.120025344,0.8459533
pamap2,gnn_attention_adj,window,1,101,101,102,3632,3632,3632,4,4,5,5,running,running,True,6.353598e-05,0.0007575588,6.569343e-06,1.6425747e-05,0.89963156,3.2255375e-06,0.010380868,0.0010885199,0.009686483,1.4552363e-05,9.358635e-06,0.07834139,0.89963156
pamap2,gnn_attention_adj,window,1,101,101,102,3633,3633,3633,4,4,5,5,running,running,True,0.00010266357,0.00049605366,4.5506204e-06,7.139931e-06,0.90845144,1.3788751e-06,0.0014758881,0.00038422475,0.005023631,7.3732817e-06,4.8711363e-06,0.08404082,0.90845144
pamap2,gnn_attention_adj,window,1,101,101,102,3634,3634,3634,4,4,5,5,running,running,True,0.00016972609,0.0011823179,8.765865e-06,2.8866601e-05,0.9117071,6.328875e-06,0.009799713,0.0031113352,0.0087078195,2.676651e-05,8.975761e-06,0.06524234,0.9117071
pamap2,gnn_attention_adj,window,1,101,101,102,3635,3635,3635,4,4,5,5,running,running,True,0.0002330492,0.002677122,2.5140094e-05,0.00012100446,0.867041,2.3359426e-05,0.046358515,0.007279688,0.015506787,8.226032e-05,4.090599e-05,0.060611155,0.867041
pamap2,gnn_attention_adj,window,1,101,101,102,3636,3636,3636,4,4,5,5,running,running,True,0.00020478583,0.0016937762,3.003282e-05,7.941806e-05,0.86603194,1.3533265e-05,0.015424273,0.0038429366,0.01579514,5.1192404e-05,3.6763446e-05,0.09679633,0.86603194
pamap2,gnn_attention_adj,window,1,101,101,102,3637,3637,3637,4,4,5,5,running,running,True,0.000100834506,0.00062316604,5.7191332e-06,1.439192e-05,0.8717001,6.2690674e-06,0.0057983403,0.0006712406,0.014891073,1.4422286e-05,9.8859055e-06,0.106164575,0.8717001
pamap2,gnn_attention_adj,window,1,101,101,102,3638,3638,3638,4,4,5,5,running,running,True,0.00011162199,0.00035778375,2.680618e-06,4.869616e-06,0.88021135,1.9746947e-06,0.0010759544,0.00021610297,0.0080709625,5.6561307e-06,3.6811955e-06,0.109937266,0.88021135
pamap2,gnn_attention_adj,window,1,101,101,102,3639,3639,3639,4,4,5,5,running,running,True,0.00028974962,0.00060375786,1.3669733e-05,4.5184068e-05,0.63101244,3.3678716e-05,0.003632713,0.00073659455,0.06934533,2.8706749e-05,1.9049045e-05,0.29423907,0.63101244
pamap2,gnn_attention_adj,window,1,101,101,102,3640,3640,3640,4,4,5,5,running,running,True,0.0001491757,0.0017691738,1.4715364e-05,6.162812e-05,0.8918637,9.9189465e-06,0.027568126,0.005099678,0.011948752,4.1668824e-05,1.935147e-05,0.0614541,0.8918637
pamap2,gnn_attention_adj,window,1,101,101,102,3641,3641,3641,4,4,5,5,running,running,True,0.00010145773,0.0012494347,1.0226747e-05,2.3175044e-05,0.94397455,1.6837649e-06,0.007383231,0.0046085715,0.0029173607,1.8117551e-05,6.961689e-06,0.03970519,0.94397455
pamap2,gnn_attention_adj,window,1,101,101,102,3642,3642,3642,4,4,5,5,running,running,True,7.781185e-05,0.0010844897,3.047817e-06,1.5708018e-05,0.93108535,5.3336103e-06,0.02087306,0.0017078315,0.007651675,1.7687327e-05,7.879558e-06,0.037470095,0.93108535
pamap2,gnn_attention_adj,window,1,101,101,102,3643,3643,3643,4,4,5,5,running,running,True,7.519802e-05,0.0004500639,2.2397564e-06,5.173844e-06,0.934539,1.4465106e-06,0.0021026665,0.00036073386,0.0044830455,6.061535e-06,3.4603127e-06,0.05797084,0.934539
pamap2,gnn_attention_adj,window,1,101,101,102,3644,3644,3644,4,4,5,5,running,running,True,0.0001608367,0.0011683663,1.4576373e-05,2.782041e-05,0.90007067,4.4132616e-06,0.006604327,0.0021401744,0.0077993367,2.4303192e-05,1.2886663e-05,0.08197235,0.90007067
pamap2,gnn_attention_adj,window,1,101,101,102,3645,3645,3645,4,4,5,5,running,running,True,0.00064997905,0.0017379351,6.625431e-05,0.00039337817,0.60853887,8.279561e-05,0.0131763965,0.004021705,0.09408738,0.00010710452,7.13751e-05,0.27706677,0.60853887
pamap2,gnn_attention_adj,window,1,101,101,102,3646,3646,3646,4,4,5,5,running,running,True,0.00031230564,0.0013498599,4.447807e-05,0.00015573425,0.79771614,6.459384e-06,0.0045285504,0.002386408,0.01641385,3.8929364e-05,2.8237113e-05,0.17701903,0.79771614
pamap2,gnn_attention_adj,window,1,101,101,102,3647,3647,3647,4,4,5,5,running,running,True,0.00020756101,0.000578895,1.569758e-05,0.00010193926,0.59231377,2.1270671e-05,0.004647728,0.00087728846,0.0771345,2.4281258e-05,1.8036317e-05,0.32405904,0.59231377
pamap2,gnn_attention_adj,window,1,101,101,102,3648,3648,3648,4,4,5,5,running,running,True,8.4861334e-05,0.0006480897,3.1695413e-06,1.3600556e-05,0.89993066,7.792384e-06,0.009369205,0.0005246401,0.015071641,1.39601e-05,9.978956e-06,0.07432234,0.89993066
pamap2,gnn_attention_adj,window,1,101,101,102,3649,3649,3649,4,4,5,5,running,running,True,8.029041e-05,0.00084321445,7.912244e-06,1.5737942e-05,0.92877567,1.8534131e-06,0.00558529,0.0014252135,0.0046933563,1.3289226e-05,8.143182e-06,0.058549974,0.92877567
pamap2,gnn_attention_adj,window,1,101,101,102,3650,3650,3650,4,4,5,5,running,running,True,0.00023173467,0.0026456085,2.0306397e-05,0.00010792142,0.8511777,1.28988795e-05,0.060395446,0.029719824,0.0099651115,7.885563e-05,1.660611e-05,0.045627993,0.8511777
pamap2,gnn_attention_adj,window,1,101,101,102,3651,3651,3651,4,4,5,5,running,running,True,0.00019169114,0.0017324304,1.16567035e-05,5.6619287e-05,0.9279034,7.806769e-06,0.0171642,0.0043012644,0.006538183,3.864618e-05,1.5570839e-05,0.042038523,0.9279034
pamap2,gnn_attention_adj,window,1,101,101,102,3652,3652,3652,4,4,5,5,running,running,True,0.00011922022,0.0011450889,1.9631634e-05,3.6771486e-05,0.8695487,5.5839378e-06,0.011065218,0.0021447353,0.012338069,2.7515842e-05,2.054464e-05,0.103529,0.8695487
pamap2,gnn_attention_adj,window,1,101,101,102,3653,3653,3653,4,4,5,5,running,running,True,3.675846e-05,0.00056261907,2.1285682e-06,6.404236e-06,0.9477661,1.0572136e-06,0.006903922,0.0005949626,0.00400025,6.5619693e-06,3.8672297e-06,0.04011541,0.9477661
pamap2,gnn_attention_adj,window,1,101,101,102,3654,3654,3654,4,4,5,5,running,running,True,2.4546003e-05,0.0003284582,8.41495e-07,1.5984677e-06,0.97968334,7.742651e-08,0.0009963872,0.00056760904,0.00055258936,1.4738363e-06,5.789758e-07,0.017842457,0.97968334
pamap2,gnn_attention_adj,window,1,101,101,102,3655,3655,3655,4,4,5,5,running,running,True,5.668439e-05,0.00084829377,2.3205894e-06,1.0971535e-05,0.95676506,8.1892574e-07,0.011482762,0.008821339,0.0018018894,1.045975e-05,1.4615201e-06,0.02019799,0.95676506
pamap2,gnn_attention_adj,window,1,101,101,102,3656,3656,3656,4,4,5,5,running,running,True,0.00016103202,0.001190499,1.7718465e-05,4.9059054e-05,0.9204049,2.6626572e-06,0.005175143,0.0023580908,0.0051114056,2.351476e-05,1.3620802e-05,0.06549239,0.9204049
pamap2,gnn_attention_adj,window,1,101,101,102,3657,3657,3657,4,4,5,5,running,running,True,0.000110898014,0.0013090372,1.6345948e-05,3.843854e-05,0.89995205,5.1806096e-06,0.014197802,0.002983522,0.009160953,2.8826145e-05,1.8372442e-05,0.07217853,0.89995205
pamap2,gnn_attention_adj,window,1,101,101,102,3658,3658,3658,4,4,5,5,running,running,True,0.0001164342,0.00053098646,6.4559235e-06,1.3029911e-05,0.8845051,2.204883e-06,0.0018436136,0.00047093426,0.0071725952,1.0380823e-05,7.186508e-06,0.10532109,0.8845051
pamap2,gnn_attention_adj,window,1,101,101,102,3659,3659,3659,4,4,5,5,running,running,True,0.00011021302,0.00047765885,3.822413e-06,9.49147e-06,0.92747366,1.2199364e-06,0.0012411566,0.00036952386,0.0038682658,7.131891e-06,4.6619025e-06,0.06643315,0.92747366
pamap2,gnn_attention_adj,window,1,101,101,102,3660,3660,3660,4,4,5,5,running,running,True,0.00051902485,0.002561814,3.736022e-05,0.00011139999,0.9074428,1.7895722e-05,0.00966871,0.0043870565,0.008716973,7.7091776e-05,4.4374658e-05,0.06641551,0.9074428
pamap2,gnn_attention_adj,window,1,101,101,102,3661,3661,3661,4,4,5,5,running,running,True,0.00010513826,0.0021921054,7.98402e-06,7.023395e-05,0.80878127,1.3453408e-05,0.122249916,0.032662895,0.00793088,7.912356e-05,9.999347e-06,0.025897015,0.80878127
pamap2,gnn_attention_adj,window,1,101,101,102,3662,3662,3662,4,4,5,5,running,running,True,0.000102194,0.0021475314,1.4427057e-05,5.923482e-05,0.8750016,8.065324e-06,0.059353743,0.01003555,0.0090278275,5.0597995e-05,1.8525008e-05,0.044180747,0.8750016
pamap2,gnn_attention_adj,window,1,101,101,102,3663,3663,3663,4,4,5,5,running,running,True,9.902639e-05,0.0005153043,1.0571037e-05,0.00011752073,0.71601105,7.2635175e-06,0.0062098633,0.00076669257,0.042111874,1.5196966e-05,1.3319162e-05,0.23412237,0.71601105
pamap2,gnn_attention_adj,window,1,101,101,102,3664,3664,3664,4,4,5,5,running,running,True,0.00011055658,0.00043559782,1.5780017e-05,0.00014077578,0.6156488,3.2174607e-06,0.0024314956,0.00076039694,0.04083502,9.758067e-06,9.134166e-06,0.33959943,0.6156488
pamap2,gnn_attention_adj,window,1,101,101,102,3665,3665,3665,4,4,5,5,running,running,True,0.0002653654,0.0018832708,3.8514176e-05,8.88001e-05,0.8634582,9.790184e-06,0.012943137,0.004958435,0.013431069,5.0574683e-05,3.1331667e-05,0.102841415,0.8634582
pamap2,gnn_attention_adj,window,1,101,101,102,3666,3666,3666,4,4,5,5,running,running,True,0.00043280126,0.0028178538,8.956136e-05,0.00044923293,0.83500123,1.2218464e-05,0.018015957,0.012653965,0.018041957,9.7635675e-05,4.4818684e-05,0.11234273,0.83500123
pamap2,gnn_attention_adj,window,1,101,101,102,3667,3667,3667,4,4,5,5,running,running,True,0.0005337881,0.0021227493,8.404347e-05,0.00029947868,0.7315528,4.181137e-05,0.013049698,0.004922362,0.041586433,0.00010640183,8.531024e-05,0.2056152,0.7315528
pamap2,gnn_attention_adj,window,1,101,101,102,3668,3668,3668,4,4,5,5,running,running,True,0.00022601125,0.0008056524,1.8876106e-05,0.00017921622,0.72180045,1.6336842e-05,0.006092349,0.0012287047,0.041175768,3.1575313e-05,2.4775074e-05,0.2284004,0.72180045
pamap2,gnn_attention_adj,window,1,101,101,102,3669,3669,3669,4,4,5,5,running,running,True,0.00017817062,0.00080850563,1.6004999e-05,9.005856e-05,0.7753879,1.4521732e-05,0.007209074,0.001130909,0.0320229,2.9290482e-05,2.4465295e-05,0.18308826,0.7753879
pamap2,gnn_attention_adj,window,1,101,101,102,3670,3670,3670,4,4,5,5,running,running,True,0.0004997283,0.0021287107,8.3548424e-05,0.00024685127,0.7125221,3.5096167e-05,0.014452845,0.005640487,0.046502292,9.860213e-05,6.4937456e-05,0.2177249,0.7125221
pamap2,gnn_attention_adj,window,1,101,101,102,3671,3671,3671,4,4,5,5,running,running,True,0.00033293993,0.0031093345,5.1181916e-05,0.00027488102,0.8499905,2.0402531e-05,0.040709972,0.0150260255,0.015840413,0.00010617051,4.597185e-05,0.07449224,0.8499905
pamap2,gnn_attention_adj,window,1,101,101,102,3672,3672,3672,4,4,5,5,running,running,True,0.00019317042,0.001201859,1.751992e-05,4.303286e-05,0.8750743,9.919839e-06,0.008992276,0.0018577434,0.013243411,3.4086395e-05,2.255269e-05,0.09931012,0.8750743
pamap2,gnn_attention_adj,window,1,101,101,102,3673,3673,3673,4,4,5,5,running,running,True,5.916004e-05,0.0016537069,5.806502e-06,4.1009378e-05,0.8446917,3.7646946e-06,0.098083906,0.020499712,0.005965393,3.3988697e-05,5.620206e-06,0.028956143,0.8446917
pamap2,gnn_attention_adj,window,1,101,101,102,3674,3674,3674,4,7,5,12,running,ascending_stairs,False,0.00070655195,0.001545776,0.00047368748,0.000818045,0.025959544,0.00045619774,0.07553687,0.8628762,0.014300736,0.0015756295,9.7470554e-05,0.01565332,0.8628762
pamap2,gnn_attention_adj,window,1,101,101,102,3675,3675,3675,4,7,5,12,running,ascending_stairs,False,0.001117499,0.0040887254,0.004782117,0.21504545,0.004594564,0.006780819,0.16352569,0.304977,0.2644692,0.012900051,0.0017549603,0.015963964,0.304977
pamap2,gnn_attention_adj,window,1,101,101,102,3676,3676,3676,4,7,5,12,running,ascending_stairs,False,0.013375567,0.062021676,0.13136458,0.15861307,0.021531552,0.027466562,0.10579194,0.161935,0.12916622,0.07938267,0.070833564,0.03851758,0.161935
pamap2,gnn_attention_adj,window,1,101,101,102,3677,3677,3677,4,1,5,2,running,sitting,False,0.0334853,0.45711833,0.19956383,0.003351747,0.016186072,0.0099505605,0.017480932,0.010992461,0.036060132,0.021711648,0.18620744,0.00789161,0.45711833
pamap2,gnn_attention_adj,window,1,101,101,102,3678,3678,3678,4,1,5,2,running,sitting,False,0.02149952,0.5367955,0.09036858,0.0019735363,0.01776524,0.008992946,0.021687102,0.0066177226,0.029336995,0.02286824,0.2358783,0.006216351,0.5367955
pamap2,gnn_attention_adj,window,1,101,101,102,3679,3679,3679,4,10,5,17,running,ironing,False,0.005397588,0.11101652,0.020298436,0.00096927583,0.008910188,0.034495056,0.010587586,0.0055004177,0.026435904,0.07119407,0.700732,0.004462908,0.700732
pamap2,gnn_attention_adj,window,1,101,101,102,3680,3680,3680,4,10,5,17,running,ironing,False,0.006780071,0.14155269,0.039753668,0.0015720553,0.010022336,0.02641296,0.011232055,0.0071144984,0.027351629,0.06562028,0.6572307,0.005357049,0.6572307
pamap2,gnn_attention_adj,window,1,101,101,102,3681,3681,3681,4,1,5,2,running,sitting,False,0.035350267,0.5640095,0.23485635,0.0033440187,0.013671314,0.0036133646,0.014290691,0.008865012,0.023594432,0.011244825,0.08125278,0.0059075137,0.5640095
pamap2,gnn_attention_adj,window,1,101,101,102,3682,3682,3682,4,1,5,2,running,sitting,False,0.05761289,0.7370558,0.1325348,0.0016352023,0.012380958,0.0011535827,0.009800445,0.0043778755,0.013482034,0.0041326927,0.022268806,0.003564949,0.7370558
pamap2,gnn_attention_adj,window,1,101,101,102,3683,3683,3683,11,1,24,2,rope_jumping,sitting,False,0.028865945,0.49960703,0.22134532,0.0032923238,0.014824549,0.006052488,0.016566036,0.009574508,0.029563036,0.016446572,0.14708945,0.0067727556,0.49960703
pamap2,gnn_attention_adj,window,1,101,101,102,3684,3684,3684,11,10,24,17,rope_jumping,ironing,False,0.007044808,0.1713347,0.12685579,0.002153757,0.008584429,0.013463927,0.007986042,0.008640893,0.025612371,0.04197191,0.58126044,0.0050908024,0.58126044
pamap2,gnn_attention_adj,window,1,101,101,102,3685,3685,3685,11,10,24,17,rope_jumping,ironing,False,0.0015933221,0.060938135,0.024313537,0.00040865105,0.003468494,0.013350262,0.002547834,0.0025641143,0.011151068,0.038229458,0.8396815,0.0017536893,0.8396815
pamap2,gnn_attention_adj,window,1,101,101,102,3686,3686,3686,11,10,24,17,rope_jumping,ironing,False,0.0025570772,0.12257144,0.019439342,0.00029641815,0.0053201113,0.0123291975,0.003784893,0.002012051,0.012715316,0.03187286,0.78522366,0.0018777411,0.78522366
pamap2,gnn_attention_adj,window,1,101,101,102,3687,3687,3687,11,10,24,17,rope_jumping,ironing,False,0.0011443117,0.049132638,0.015685467,0.00023814797,0.002842352,0.012972929,0.0019146616,0.0017543033,0.0092568835,0.032832537,0.8708711,0.0013545589,0.8708711
pamap2,gnn_attention_adj,window,1,101,101,102,3688,3688,3688,11,10,24,17,rope_jumping,ironing,False,0.0014414483,0.051139496,0.021022143,0.00035422447,0.0035808547,0.016458673,0.0029956992,0.0025641967,0.012885946,0.03600571,0.84956497,0.0019865343,0.84956497
pamap2,gnn_attention_adj,window,1,101,101,102,3689,3689,3689,11,10,24,17,rope_jumping,ironing,False,0.00044985395,0.020936063,0.0078065586,0.00015666528,0.0016368408,0.013225924,0.0012271665,0.0012850235,0.006114138,0.0370309,0.9092446,0.00088624563,0.9092446
pamap2,gnn_attention_adj,window,1,101,101,102,3690,3690,3690,11,10,24,17,rope_jumping,ironing,False,0.00031840365,0.0141833825,0.006674074,0.00012907854,0.001255297,0.014131711,0.00087194354,0.0011804627,0.005112086,0.038126193,0.9172964,0.00072090974,0.9172964
pamap2,gnn_attention_adj,window,1,101,101,102,3691,3691,3691,11,10,24,17,rope_jumping,ironing,False,0.00048287728,0.012076499,0.015815092,0.00048652999,0.0020291028,0.027187347,0.0013986916,0.003691833,0.009204057,0.061499543,0.8644577,0.0016706957,0.8644577
pamap2,gnn_attention_adj,window,1,101,101,102,3692,3692,3692,11,9,24,16,rope_jumping,vacuum_cleaning,False,0.0020984525,0.0058041313,0.019008454,0.009369282,0.0012144147,0.10614287,0.0029044135,0.037125606,0.02690557,0.5937368,0.19366252,0.0020273868,0.5937368
pamap2,gnn_attention_adj,window,1,101,101,102,3693,3693,3693,11,9,24,16,rope_jumping,vacuum_cleaning,False,0.004987329,0.016181057,0.024148555,0.18544698,0.0046583717,0.026898451,0.023012325,0.1683845,0.06883705,0.4211106,0.050176777,0.006157959,0.4211106
pamap2,gnn_attention_adj,window,1,101,101,102,3694,3694,3694,11,7,24,12,rope_jumping,ascending_stairs,False,0.0011351298,0.010970693,0.009522582,0.2411533,0.008244798,0.008651965,0.18183643,0.2437218,0.22443314,0.04385211,0.009726678,0.016751353,0.2437218
pamap2,gnn_attention_adj,window,1,101,101,102,3695,3695,3695,11,8,24,13,rope_jumping,descending_stairs,False,0.0012134732,0.0043992987,0.0034547339,0.0884501,0.006096386,0.036777567,0.09550469,0.13737978,0.58242404,0.019234594,0.0063194158,0.018745832,0.58242404
pamap2,gnn_attention_adj,window,1,101,101,102,3696,3696,3696,11,3,24,4,rope_jumping,walking,False,0.0027026425,0.0143276835,0.038158122,0.28627166,0.007565637,0.032277957,0.046058882,0.16478756,0.21944551,0.12482611,0.04513852,0.018439732,0.28627166
pamap2,gnn_attention_adj,window,1,101,101,102,3697,3697,3697,11,7,24,12,rope_jumping,ascending_stairs,False,0.001318992,0.0074786684,0.0062691313,0.068270795,0.008084002,0.028591411,0.24040972,0.32781106,0.18839997,0.09526022,0.012251833,0.015854249,0.32781106
pamap2,gnn_attention_adj,window,1,101,101,102,3698,3698,3698,11,6,24,7,rope_jumping,nordic_walking,False,0.0003054102,0.0015895788,0.0004261447,0.074593015,0.013253128,0.0021457083,0.42111596,0.09356496,0.36386126,0.0015884764,0.00032389344,0.02723243,0.42111596
pamap2,gnn_attention_adj,window,1,101,101,102,3699,3699,3699,11,4,24,5,rope_jumping,running,False,0.0018650815,0.006864233,0.0012582447,0.004408768,0.5541977,0.00034909454,0.027379807,0.014091465,0.062768005,0.001147853,0.0014183075,0.32425138,0.5541977
pamap2,gnn_attention_adj,window,1,101,101,102,3700,3700,3700,11,4,24,5,rope_jumping,running,False,0.0003430801,0.0019181834,0.00018425442,0.00063676113,0.62874424,6.796051e-05,0.013676806,0.003681653,0.05966952,0.00013984411,0.0003135269,0.29062417,0.62874424
pamap2,gnn_attention_adj,window,1,101,101,102,3701,3701,3701,11,8,24,13,rope_jumping,descending_stairs,False,0.0005405117,0.0032110421,0.0013176181,0.003180201,0.16829808,0.00069154525,0.07255762,0.02275272,0.3713992,0.00055781624,0.001509116,0.3539845,0.3713992
pamap2,gnn_attention_adj,window,1,101,101,102,3702,3702,3702,11,4,24,5,rope_jumping,running,False,0.0003666409,0.0018059877,0.000101174104,4.6763493e-05,0.7471397,2.9289395e-05,0.007874018,0.0048246733,0.029940465,7.31402e-05,9.861424e-05,0.2076995,0.7471397
pamap2,gnn_attention_adj,window,1,101,101,102,3703,3703,3703,11,4,24,5,rope_jumping,running,False,0.00012641543,0.0006043172,1.6648346e-05,1.905207e-05,0.8419904,2.4796373e-06,0.0018318275,0.0010859632,0.008961099,1.3500692e-05,1.4683135e-05,0.14533368,0.8419904
pamap2,gnn_attention_adj,window,1,101,101,102,3704,3704,3704,11,11,24,24,rope_jumping,rope_jumping,True,0.001188123,0.0053111603,0.0024072563,0.015170515,0.24777257,0.00054822396,0.07490288,0.012644368,0.12846938,0.0016496752,0.0017465061,0.5081893,0.5081893
pamap2,gnn_attention_adj,window,1,101,101,102,3705,3705,3705,11,6,24,7,rope_jumping,nordic_walking,False,0.0023732868,0.007999201,0.0076685552,0.016380731,0.03187027,0.01017565,0.66142654,0.094575204,0.10073137,0.00919318,0.0037780148,0.053828005,0.66142654
pamap2,gnn_attention_adj,window,1,101,101,102,3706,3706,3706,11,3,24,4,rope_jumping,walking,False,5.1868516e-05,0.0003976789,0.00019824426,0.7362062,0.001298973,0.00016487773,0.16327243,0.024552355,0.068561815,0.00067780365,5.4260472e-05,0.004563481,0.7362062
pamap2,gnn_attention_adj,window,1,101,101,102,3707,3707,3707,11,4,24,5,rope_jumping,running,False,0.0019102552,0.00803402,0.0019416071,0.0012736833,0.57878023,0.0004912271,0.051537253,0.04327437,0.06479238,0.0012001455,0.001514612,0.24525028,0.57878023
pamap2,gnn_attention_adj,window,1,101,101,102,3708,3708,3708,11,4,24,5,rope_jumping,running,False,0.00036440347,0.0025822204,7.109275e-05,6.1012684e-05,0.80013186,6.018902e-05,0.03070791,0.011672606,0.031242143,0.00010502769,0.00011358865,0.12288792,0.80013186
pamap2,gnn_attention_adj,window,1,101,101,102,3709,3709,3709,11,8,24,13,rope_jumping,descending_stairs,False,0.0011034745,0.0076691085,0.004578661,0.0014911662,0.14890207,0.0036054424,0.2259871,0.11886266,0.2923984,0.0022710816,0.004788325,0.18834245,0.2923984
pamap2,gnn_attention_adj,window,1,101,101,102,3710,3710,3710,11,4,24,5,rope_jumping,running,False,0.0005517292,0.00411973,0.0002654919,0.00038553102,0.57763433,0.00037672915,0.09693634,0.015494952,0.10740912,0.0004237898,0.0006345364,0.19576772,0.57763433
pamap2,gnn_attention_adj,window,1,101,101,102,3711,3711,3711,11,11,24,24,rope_jumping,rope_jumping,True,0.00070642575,0.00261848,0.000335886,0.0017773606,0.3430507,0.00041379392,0.033413474,0.00978156,0.25903192,0.00026946532,0.0005416825,0.34805936,0.34805936
pamap2,gnn_attention_adj,window,1,101,101,102,3712,3712,3712,11,7,24,12,rope_jumping,ascending_stairs,False,0.0016219107,0.007916836,0.0064464663,0.001546173,0.1107629,0.0032901014,0.18960401,0.28190646,0.23128693,0.0026609139,0.0033799333,0.15957738,0.28190646
pamap2,gnn_attention_adj,window,1,101,101,102,3713,3713,3713,11,4,24,5,rope_jumping,running,False,0.0006419735,0.0057372376,0.0004654028,0.00045886147,0.43844268,0.0005454035,0.20844382,0.05561319,0.12542146,0.0006295669,0.0007336772,0.16286671,0.43844268
pamap2,gnn_attention_adj,window,1,101,101,102,3714,3714,3714,11,8,24,13,rope_jumping,descending_stairs,False,0.00018807713,0.00039686315,9.310732e-05,0.0017547727,0.07312879,0.00010871333,0.005865744,0.0025489824,0.5826497,3.235446e-05,5.5445173e-05,0.33317742,0.5826497
pamap2,gnn_attention_adj,window,1,101,101,102,3715,3715,3715,11,11,24,24,rope_jumping,rope_jumping,True,0.0011635468,0.006031051,0.007710198,0.0027803816,0.18259045,0.0012854851,0.054395005,0.06199134,0.2912237,0.0015587048,0.0040718755,0.38519827,0.38519827
pamap2,gnn_attention_adj,window,1,101,101,102,3716,3716,3716,11,4,24,5,rope_jumping,running,False,0.0006856942,0.0043019685,0.0008553462,0.00052993745,0.501326,0.00025625512,0.052836224,0.025947567,0.115366094,0.0004535074,0.0008458045,0.29659557,0.501326
pamap2,gnn_attention_adj,window,1,101,101,102,3717,3717,3717,11,11,24,24,rope_jumping,rope_jumping,True,0.0011226822,0.003562695,0.0010838005,0.0011522723,0.28379965,0.00095886353,0.030475376,0.018647637,0.27553433,0.00056861056,0.0015729658,0.3815211,0.3815211
pamap2,gnn_attention_adj,window,1,101,101,102,3718,3718,3718,11,11,24,24,rope_jumping,rope_jumping,True,0.0010876302,0.0069059543,0.0045359,0.0017955913,0.20620327,0.0011494644,0.13722976,0.13178362,0.24386871,0.0014518845,0.0022686217,0.26171958,0.26171958
pamap2,gnn_attention_adj,window,1,101,101,102,3719,3719,3719,11,4,24,5,rope_jumping,running,False,0.00032920504,0.004100762,0.000107829044,0.0002417988,0.4866006,0.0003010808,0.3008368,0.03379318,0.07996514,0.00036131733,0.00027773206,0.09308451,0.4866006
pamap2,gnn_attention_adj,window,1,101,101,102,3720,3720,3720,11,11,24,24,rope_jumping,rope_jumping,True,0.0008116774,0.0026749934,0.0005852753,0.0003258295,0.29304293,0.00033978076,0.022971956,0.014460386,0.23384705,0.000281833,0.00046178856,0.4301965,0.4301965
pamap2,gnn_attention_adj,window,1,101,101,102,3721,3721,3721,11,11,24,24,rope_jumping,rope_jumping,True,0.00076891045,0.0037771107,0.0017216973,0.0010264266,0.30206442,0.00021009239,0.035192747,0.036805157,0.18499298,0.00045972053,0.00068903225,0.43229178,0.43229178
pamap2,gnn_attention_adj,window,1,101,101,102,3722,3722,3722,11,4,24,5,rope_jumping,running,False,0.0006034618,0.0036347825,0.0008332086,0.0007496307,0.4102511,0.000118648284,0.03514009,0.024678748,0.12684475,0.0003135296,0.00041843692,0.3964136,0.4102511
pamap2,gnn_attention_adj,window,1,101,101,102,3723,3723,3723,11,8,24,13,rope_jumping,descending_stairs,False,0.0014287591,0.0059211445,0.0018481892,0.0010634067,0.23448288,0.00096364744,0.09609391,0.12977201,0.26331645,0.0008829477,0.00092585746,0.26330078,0.26331645
pamap2,gnn_attention_adj,window,1,101,101,102,3724,3724,3724,11,8,24,13,rope_jumping,descending_stairs,False,0.0008573278,0.0036232038,0.0022895064,0.014160481,0.12702836,0.00071104494,0.03680047,0.032631345,0.41508245,0.00060868164,0.0015035225,0.3647036,0.41508245
pamap2,gnn_attention_adj,window,1,101,101,102,3725,3725,3725,11,8,24,13,rope_jumping,descending_stairs,False,0.0005808113,0.0025091418,0.00053993164,0.015030195,0.18552257,0.00048463178,0.05316363,0.018629927,0.42241004,0.0003412234,0.00052637275,0.30026156,0.42241004
pamap2,gnn_attention_adj,window,1,101,101,102,3726,3726,3726,11,11,24,24,rope_jumping,rope_jumping,True,0.0012763914,0.0040105414,0.0015671094,0.0024226028,0.23220865,0.0012501236,0.029010415,0.022469535,0.3218896,0.0007520539,0.0022669348,0.38087606,0.38087606
pamap2,gnn_attention_adj,window,1,101,101,102,3727,3727,3727,11,11,24,24,rope_jumping,rope_jumping,True,0.0013956774,0.005228772,0.0017212174,0.0028638341,0.33545223,0.00095099263,0.039470617,0.029152934,0.22396593,0.00092250574,0.0022281515,0.3566471,0.3566471
pamap2,gnn_attention_adj,window,1,101,101,102,3728,3728,3728,11,4,24,5,rope_jumping,running,False,0.0019635356,0.00884155,0.0023820822,0.012526137,0.27613485,0.002822145,0.1785862,0.041652113,0.22637966,0.0025156504,0.004565057,0.24163099,0.27613485
pamap2,gnn_attention_adj,window,1,101,101,102,3729,3729,3729,11,11,24,24,rope_jumping,rope_jumping,True,0.0014360559,0.0048575304,0.0014680696,0.0019632918,0.4081305,0.00049946463,0.024531344,0.015303284,0.12641867,0.0007794149,0.0017347202,0.4128777,0.4128777
pamap2,gnn_attention_adj,window,1,101,101,102,3730,3730,3730,11,4,24,5,rope_jumping,running,False,0.0016333548,0.0072103227,0.0007241463,0.0005067411,0.55703086,0.0009865342,0.091574274,0.071334966,0.09679786,0.0010781747,0.001134681,0.1699881,0.55703086
pamap2,gnn_attention_adj,window,1,101,101,102,3731,3731,3731,11,8,24,13,rope_jumping,descending_stairs,False,0.0019003184,0.007085984,0.004341275,0.0035180359,0.12779528,0.0056088595,0.12478441,0.114950694,0.4032287,0.0025116303,0.004804593,0.19947022,0.4032287
pamap2,gnn_attention_adj,window,1,101,101,102,3732,3732,3732,11,4,24,5,rope_jumping,running,False,0.0012651351,0.0063799513,0.00059777027,0.00049567554,0.5190327,0.0005196381,0.0947622,0.090463825,0.10194503,0.00072812877,0.0005751659,0.18323478,0.5190327
pamap2,gnn_attention_adj,window,1,101,101,102,3733,3733,3733,11,4,24,5,rope_jumping,running,False,0.001107875,0.004567837,0.00019377559,0.00019338974,0.5351681,0.00011159147,0.075796366,0.25482523,0.029032404,0.00042234283,8.3142506e-05,0.0984979,0.5351681
pamap2,gnn_attention_adj,window,1,101,101,102,3734,3734,3734,11,7,24,12,rope_jumping,ascending_stairs,False,0.0018100475,0.004694441,0.001487049,0.00056857284,0.1147139,0.00078453246,0.09080085,0.63857424,0.06206489,0.001454489,0.00042029057,0.08262668,0.63857424
pamap2,gnn_attention_adj,window,1,101,101,102,3735,3735,3735,11,7,24,12,rope_jumping,ascending_stairs,False,0.0012018904,0.004444746,0.00022335969,0.00024771865,0.36576715,0.00021591071,0.11916107,0.39480844,0.0328084,0.00068099744,0.00010334638,0.08033698,0.39480844
pamap2,gnn_attention_adj,window,1,101,101,102,3736,3736,3736,11,7,24,12,rope_jumping,ascending_stairs,False,0.0016641134,0.00474781,0.00042089907,0.00036175727,0.23813508,0.0007104803,0.14626478,0.4205805,0.082521215,0.00090608874,0.00023884463,0.103448324,0.4205805
pamap2,gnn_attention_adj,window,1,101,101,102,3737,3737,3737,11,4,24,5,rope_jumping,running,False,0.0017445202,0.008029512,0.0012790012,0.0013699863,0.372859,0.0020452917,0.1372918,0.0632625,0.20360902,0.0015275747,0.0021447337,0.20483705,0.372859
pamap2,gnn_attention_adj,window,1,101,101,102,3738,3738,3738,11,4,24,5,rope_jumping,running,False,0.00097539276,0.0070690787,0.0005146318,0.0007927177,0.53498626,0.000703625,0.1620311,0.038735863,0.09862401,0.0009028642,0.0010481427,0.15361634,0.53498626
pamap2,gnn_attention_adj,window,1,101,101,102,3739,3739,3739,11,8,24,13,rope_jumping,descending_stairs,False,0.0017289156,0.005726685,0.0018244564,0.00078633963,0.19702543,0.004339351,0.09706636,0.10907755,0.3513653,0.0016565424,0.0026979935,0.22670503,0.3513653
pamap2,gnn_attention_adj,window,1,101,101,102,3740,3740,3740,11,4,24,5,rope_jumping,running,False,0.0009705691,0.0058859936,0.00038449862,0.00072514906,0.36713406,0.0009562661,0.24106939,0.097236425,0.14952828,0.00086761254,0.0005710227,0.13467062,0.36713406
pamap2,gnn_attention_adj,window,1,101,101,102,3741,3741,3741,11,4,24,5,rope_jumping,running,False,0.0012669789,0.0057696407,0.0003804101,0.0005474897,0.44406492,0.0010196095,0.11374971,0.0436604,0.18386164,0.00070773985,0.0006423172,0.20432921,0.44406492
pamap2,gnn_attention_adj,window,1,101,101,102,3742,3742,3742,11,11,24,24,rope_jumping,rope_jumping,True,0.0024089252,0.007686666,0.0046853786,0.0009630455,0.26100242,0.000933381,0.050886966,0.22373797,0.16985147,0.0014989522,0.0013962713,0.27494857,0.27494857
pamap2,gnn_attention_adj,window,1,101,101,102,3743,3743,3743,11,4,24,5,rope_jumping,running,False,0.00095930253,0.0055102506,0.00033595745,0.00041626452,0.5814656,0.00015385433,0.090420865,0.11337506,0.058123026,0.0003951564,0.00018165851,0.14866295,0.5814656
pamap2,gnn_attention_adj,window,1,101,101,102,3744,3744,3744,11,8,24,13,rope_jumping,descending_stairs,False,0.001137557,0.0047022356,0.00086139276,0.003036762,0.1583722,0.0034654574,0.15991677,0.031646967,0.453915,0.0011637078,0.0019812118,0.17980073,0.453915
pamap2,gnn_attention_adj,window,1,101,101,102,3745,3745,3745,11,8,24,13,rope_jumping,descending_stairs,False,0.0014325049,0.0042548543,0.0021422508,0.0049168617,0.16467436,0.0018337672,0.03330607,0.024722585,0.39400953,0.00090425566,0.0029064175,0.3648966,0.39400953
pamap2,gnn_attention_adj,window,1,101,101,102,3746,3746,3746,11,8,24,13,rope_jumping,descending_stairs,False,0.00015192157,0.00033518206,6.442581e-05,0.01590253,0.047488708,0.00016499017,0.015801873,0.003782325,0.72848374,4.1501255e-05,3.951318e-05,0.18774337,0.72848374
pamap2,gnn_attention_adj,window,1,101,101,102,3747,3747,3747,11,7,24,12,rope_jumping,ascending_stairs,False,0.00092199695,0.0050856844,0.0004041273,0.00037365174,0.16646683,0.0005785258,0.31524715,0.39914763,0.051634543,0.0010478153,0.00024117155,0.058850873,0.39914763
pamap2,gnn_attention_adj,window,1,101,101,102,3748,3748,3748,11,11,24,24,rope_jumping,rope_jumping,True,0.0027756386,0.0083542345,0.006516008,0.0009734421,0.27954343,0.00060587283,0.039903894,0.23820218,0.123784654,0.0017229089,0.0011848954,0.29643285,0.29643285
pamap2,gnn_attention_adj,window,1,101,101,102,3749,3749,3749,11,4,24,5,rope_jumping,running,False,0.0007829581,0.004578827,0.00016893042,0.00029033006,0.69519264,0.000112031106,0.06895386,0.05529178,0.04465869,0.00027653496,0.0001260573,0.12956735,0.69519264
pamap2,gnn_attention_adj,window,1,101,101,102,3750,3750,3750,11,8,24,13,rope_jumping,descending_stairs,False,0.00077849877,0.0027048795,0.00078803493,0.0075642806,0.079063654,0.0030262272,0.099071495,0.029506536,0.6134587,0.00076317874,0.0013967926,0.16187772,0.6134587
pamap2,gnn_attention_adj,window,1,101,101,102,3751,3751,3751,11,8,24,13,rope_jumping,descending_stairs,False,0.00085650844,0.0029069579,0.0022338787,0.0040241964,0.08921441,0.001355418,0.03260465,0.029593261,0.50582385,0.00070556195,0.0016660967,0.32901525,0.50582385
pamap2,gnn_attention_adj,window,1,101,101,102,3752,3752,3752,11,11,24,24,rope_jumping,rope_jumping,True,0.0009735135,0.0019085007,0.00039416263,0.00060128764,0.2449915,0.00021575457,0.009739459,0.009405303,0.24396186,0.00020289212,0.00019416217,0.48741177,0.48741177
pamap2,gnn_attention_adj,window,1,101,101,102,3753,3753,3753,11,6,24,7,rope_jumping,nordic_walking,False,0.0011329172,0.005939473,0.00035230524,0.00046844388,0.2507803,0.0011010201,0.3353475,0.23797485,0.08791738,0.001186287,0.00043278077,0.07736675,0.3353475
pamap2,gnn_attention_adj,window,1,101,101,102,3754,3754,3754,11,7,24,12,rope_jumping,ascending_stairs,False,0.0022543734,0.0072840876,0.005595972,0.0009801072,0.11877994,0.0041448358,0.11336885,0.34110087,0.234998,0.0025470837,0.0031203,0.16582555,0.34110087
pamap2,gnn_attention_adj,window,1,101,101,102,3755,3755,3755,11,8,24,13,rope_jumping,descending_stairs,False,0.000862825,0.0014591678,0.00024198352,0.0048017856,0.13460067,0.00075893995,0.023079932,0.008954233,0.5259388,0.0002287072,0.00025231607,0.29882059,0.5259388
pamap2,gnn_attention_adj,window,1,101,101,102,3756,3756,3756,11,8,24,13,rope_jumping,descending_stairs,False,0.00037664306,0.0016800257,0.00023608313,0.03996546,0.11193001,0.00041451864,0.13331679,0.00992922,0.49432278,0.00025582043,0.00021505344,0.20735757,0.49432278
pamap2,gnn_attention_adj,window,1,101,101,102,3757,3757,3757,11,8,24,13,rope_jumping,descending_stairs,False,0.00089021545,0.0023984653,0.00062087225,0.021906652,0.09449356,0.00083027984,0.066082336,0.008273352,0.5329694,0.000387715,0.00050179433,0.27064532,0.5329694
pamap2,gnn_attention_adj,window,1,101,101,102,3758,3758,3758,11,4,24,5,rope_jumping,running,False,0.0008574715,0.005206584,0.0005070038,0.00066120626,0.38272068,0.0009192691,0.14722699,0.057960268,0.2073757,0.0006703237,0.00077710755,0.19511737,0.38272068
pamap2,gnn_attention_adj,window,1,101,101,102,3759,3759,3759,11,4,24,5,rope_jumping,running,False,0.00028775833,0.0035194748,4.593535e-05,0.00010400159,0.66641176,0.000113963986,0.18749747,0.03567268,0.037891533,0.00022010629,9.929998e-05,0.06813602,0.66641176
pamap2,gnn_attention_adj,window,1,101,101,102,3760,3760,3760,11,8,24,13,rope_jumping,descending_stairs,False,0.0015786081,0.004559819,0.0009740122,0.00062136166,0.2777424,0.0013400961,0.04362994,0.05037899,0.31617993,0.0006916744,0.0009350049,0.30136815,0.31617993
pamap2,gnn_attention_adj,window,1,101,101,102,3761,3761,3761,11,8,24,13,rope_jumping,descending_stairs,False,0.00016740811,0.0006383155,0.00025307902,0.10117137,0.022558851,0.00028777088,0.040265035,0.009488845,0.7075215,0.000106996,0.00010683225,0.11743398,0.7075215
pamap2,gnn_attention_adj,window,1,101,101,102,3762,3762,3762,11,4,24,5,rope_jumping,running,False,0.0016086578,0.007856251,0.00059409504,0.0009417648,0.50804037,0.002215319,0.11313702,0.022959959,0.1589961,0.0013890746,0.0021407919,0.18012051,0.50804037
pamap2,gnn_attention_adj,window,1,101,101,102,3763,3763,3763,11,8,24,13,rope_jumping,descending_stairs,False,0.0026237865,0.007911819,0.0022172711,0.0013986223,0.29355145,0.005085559,0.07162964,0.05540133,0.3031641,0.002112221,0.0046689394,0.2502353,0.3031641
pamap2,gnn_attention_adj,window,1,101,101,102,3764,3764,3764,11,8,24,13,rope_jumping,descending_stairs,False,0.0020063177,0.008057441,0.006509243,0.0029061087,0.169133,0.0046268697,0.0954036,0.09589269,0.35221162,0.002764239,0.006513773,0.25397515,0.35221162
pamap2,gnn_attention_adj,window,1,101,101,102,3765,3765,3765,11,4,24,5,rope_jumping,running,False,0.001033754,0.005454064,0.00041353097,0.000441701,0.63834625,0.00038020257,0.051442154,0.020557124,0.081153594,0.00049798633,0.00067677547,0.1996029,0.63834625
pamap2,gnn_attention_adj,window,1,101,101,102,3766,3766,3766,11,4,24,5,rope_jumping,running,False,0.0020017668,0.0062444624,0.0005325226,0.00038191292,0.5281914,0.00035794184,0.05241629,0.1797557,0.0664331,0.0006680789,0.00029941575,0.16271739,0.5281914
pamap2,gnn_attention_adj,window,1,101,101,102,3767,3767,3767,11,7,24,12,rope_jumping,ascending_stairs,False,0.0029456539,0.008977994,0.010850493,0.0022346461,0.14459868,0.0010356081,0.050978325,0.32191828,0.20261359,0.0023711266,0.0016254971,0.24985005,0.32191828
pamap2,gnn_attention_adj,window,1,101,101,102,3768,3768,3768,11,4,24,5,rope_jumping,running,False,0.0021412484,0.006099096,0.0013387379,0.0010771237,0.40285835,0.001079994,0.032669205,0.029920377,0.19050016,0.00094364607,0.0015305849,0.32984152,0.40285835
pamap2,gnn_attention_adj,window,1,101,101,102,3769,3769,3769,11,8,24,13,rope_jumping,descending_stairs,False,0.00046875028,0.0007928359,0.00011784476,0.010104923,0.11575034,0.00031242866,0.017901653,0.006167656,0.56704867,0.000105077816,8.843049e-05,0.28114143,0.56704867
pamap2,gnn_attention_adj,window,1,101,101,102,3770,3770,3770,11,8,24,13,rope_jumping,descending_stairs,False,0.0036691262,0.013634896,0.00832124,0.00464627,0.20255354,0.0086670695,0.2059902,0.11042426,0.21728191,0.00651637,0.011884569,0.20641047,0.21728191
pamap2,gnn_attention_adj,window,1,101,101,102,3771,3771,3771,11,4,24,5,rope_jumping,running,False,0.0023193609,0.009132138,0.00087689306,0.00094049034,0.6172512,0.0009983651,0.071372144,0.026442435,0.08329209,0.0012047165,0.0017825317,0.1843876,0.6172512
pamap2,gnn_attention_adj,window,1,101,101,102,3772,3772,3772,11,8,24,13,rope_jumping,descending_stairs,False,0.00014875169,0.00013767938,1.6761747e-05,0.0006664179,0.032418936,0.00019230116,0.0017357264,0.0012474011,0.79575723,1.4205149e-05,1.34361135e-05,0.16765107,0.79575723
pamap2,gnn_attention_adj,window,1,101,101,102,3773,3773,3773,11,6,24,7,rope_jumping,nordic_walking,False,0.002355509,0.0091718165,0.0033561243,0.002047176,0.17216815,0.0033167067,0.21189445,0.2069848,0.21161683,0.0027046239,0.0026782122,0.17170551,0.21189445
pamap2,gnn_attention_adj,window,1,101,101,102,3774,3774,3774,11,4,24,5,rope_jumping,running,False,0.0012425523,0.005559601,0.00024241366,0.0003111742,0.52461344,0.0011018035,0.11227169,0.049136113,0.14397825,0.00069859787,0.0005690344,0.1602753,0.52461344
pamap2,gnn_attention_adj,window,1,101,101,102,3775,3775,3775,11,8,24,13,rope_jumping,descending_stairs,False,0.00040023675,0.0004244774,4.4096487e-05,0.00086872134,0.076158196,0.00044578072,0.004844687,0.002389721,0.6697059,5.049187e-05,4.8500908e-05,0.24461924,0.6697059
pamap2,gnn_attention_adj,window,1,101,101,102,3776,3776,3776,11,8,24,13,rope_jumping,descending_stairs,False,0.003433021,0.011612692,0.005286665,0.008139095,0.19605196,0.008929053,0.18823156,0.074503325,0.2845168,0.0049769515,0.010541173,0.2037777,0.2845168
pamap2,gnn_attention_adj,window,1,101,101,102,3777,3777,3777,11,4,24,5,rope_jumping,running,False,0.0023025747,0.0061936737,0.0013038566,0.0019742157,0.476301,0.001134702,0.03254599,0.014682627,0.1280552,0.0011947451,0.002543171,0.33176818,0.476301
pamap2,gnn_attention_adj,window,1,101,101,102,3778,3778,3778,11,8,24,13,rope_jumping,descending_stairs,False,0.00021672528,0.0013729344,0.00018912969,0.17246158,0.11093767,6.364515e-05,0.113518946,0.0066489773,0.32497403,0.00012223427,7.124649e-05,0.26942286,0.32497403
pamap2,gnn_attention_adj,window,1,101,101,102,3779,3779,3779,11,8,24,13,rope_jumping,descending_stairs,False,0.0019807946,0.00649402,0.0026783287,0.0029587506,0.12184929,0.010385697,0.11596616,0.08902751,0.4629865,0.0029611385,0.0060491166,0.17666262,0.4629865
pamap2,gnn_attention_adj,window,1,101,101,102,3780,3780,3780,11,8,24,13,rope_jumping,descending_stairs,False,0.0011362748,0.004593935,0.0015295543,0.050813004,0.14298224,0.0009697381,0.06480245,0.01950363,0.38578615,0.00078339165,0.0013315086,0.32576817,0.38578615
pamap2,gnn_attention_adj,window,1,101,101,102,3781,3781,3781,11,11,24,24,rope_jumping,rope_jumping,True,0.00090708793,0.0022623357,0.00025790665,0.041906152,0.22272636,0.000111108486,0.022513555,0.0048839245,0.32040247,0.00013803932,9.962369e-05,0.38379142,0.38379142
pamap2,gnn_attention_adj,window,1,101,101,102,3782,3782,3782,11,6,24,7,rope_jumping,nordic_walking,False,0.0007759726,0.0050893486,0.00082438404,0.08122322,0.1057319,0.0015266195,0.33430952,0.02933046,0.30703375,0.0012723637,0.0013212226,0.13156134,0.33430952
pamap2,gnn_attention_adj,window,1,101,101,102,3783,3783,3783,11,6,24,7,rope_jumping,nordic_walking,False,0.00035721858,0.0029325697,0.00039104963,0.08672833,0.10875697,0.00026279502,0.37997285,0.008788846,0.22001585,0.0004504384,0.0003269561,0.19101612,0.37997285
pamap2,gnn_attention_adj,window,1,101,101,102,3784,3784,3784,11,4,24,5,rope_jumping,running,False,0.0010665655,0.0061042444,0.00039839552,0.03840125,0.37307867,0.00011930161,0.15603636,0.00531525,0.11001175,0.00048295184,0.00026969958,0.3087156,0.37307867
pamap2,gnn_attention_adj,window,1,101,101,102,3785,3785,3785,11,8,24,13,rope_jumping,descending_stairs,False,0.0006115477,0.003498192,0.00076635217,0.031205859,0.14378168,0.0009792394,0.1624989,0.032036096,0.4110752,0.00071119494,0.00094584894,0.21188985,0.4110752
pamap2,gnn_attention_adj,window,1,101,101,102,3786,3786,3786,11,11,24,24,rope_jumping,rope_jumping,True,0.0016983087,0.0064536748,0.004695889,0.0019795834,0.22111365,0.0025948153,0.05985465,0.061711702,0.3043364,0.0018957859,0.004847023,0.32881847,0.32881847
pamap2,gnn_attention_adj,window,1,101,101,102,3787,3787,3787,11,4,24,5,rope_jumping,running,False,0.0004760005,0.0037779647,3.3976736e-05,0.00018179492,0.448736,0.00023335296,0.3131366,0.15551865,0.03492796,0.00044437783,5.3786516e-05,0.042479504,0.448736
pamap2,gnn_attention_adj,window,1,101,101,102,3788,3788,3788,11,4,24,5,rope_jumping,running,False,0.0010327408,0.00494813,9.8903954e-05,0.0003481004,0.40336847,0.0011076559,0.2521776,0.06084823,0.16319902,0.0006512589,0.00023892624,0.11198098,0.40336847
pamap2,gnn_attention_adj,window,1,101,101,102,3789,3789,3789,11,8,24,13,rope_jumping,descending_stairs,False,0.0014336709,0.0035083005,0.0016484391,0.0025637932,0.13770624,0.0022436897,0.027550695,0.02527327,0.45921022,0.00084393885,0.0021832555,0.33583453,0.45921022
pamap2,gnn_attention_adj,window,1,101,101,102,3790,3790,3790,11,8,24,13,rope_jumping,descending_stairs,False,0.001161416,0.0036206061,0.00048936205,0.005027886,0.26071587,0.0009973149,0.04843972,0.016910953,0.37414888,0.00046786296,0.00078635593,0.28723374,0.37414888
pamap2,gnn_attention_adj,window,1,101,101,102,3791,3791,3791,11,6,24,7,rope_jumping,nordic_walking,False,0.0008260981,0.0050074314,0.00010471586,0.00031951658,0.3448031,0.0007274914,0.35785204,0.13843264,0.082906276,0.0007467154,0.00020223258,0.0680718,0.35785204
pamap2,gnn_attention_adj,window,1,101,101,102,3792,3792,3792,11,8,24,13,rope_jumping,descending_stairs,False,0.0016758858,0.0060560284,0.0017695135,0.00063692976,0.19441059,0.003292353,0.13200149,0.2092397,0.26246646,0.0017010998,0.0020504459,0.18469948,0.26246646
pamap2,gnn_attention_adj,window,1,101,101,102,3793,3793,3793,11,8,24,13,rope_jumping,descending_stairs,False,0.0010970186,0.0032441479,0.00023604684,0.00068162964,0.25759035,0.0024932413,0.07538911,0.015922543,0.42061102,0.00059145485,0.0006485536,0.22149487,0.42061102
pamap2,gnn_attention_adj,window,1,101,101,102,3794,3794,3794,11,4,24,5,rope_jumping,running,False,0.0006731463,0.0038797858,6.2111896e-05,0.0001875953,0.42824423,0.00015583551,0.19419026,0.29152158,0.028035233,0.00047627042,4.5210985e-05,0.052528758,0.42824423
pamap2,gnn_attention_adj,window,1,101,101,102,3795,3795,3795,11,7,24,12,rope_jumping,ascending_stairs,False,0.0021206706,0.006553256,0.0009864075,0.0005201913,0.25659448,0.0017564261,0.12037701,0.29611695,0.15916045,0.0013485068,0.0008713508,0.1535943,0.29611695
pamap2,gnn_attention_adj,window,1,101,101,102,3796,3796,3796,11,8,24,13,rope_jumping,descending_stairs,False,0.00089019147,0.0021717714,0.00019563566,0.00157995,0.22807178,0.0010927968,0.039347075,0.010265035,0.43618014,0.00033201225,0.00036184234,0.2795117,0.43618014
pamap2,gnn_attention_adj,window,1,101,101,102,3797,3797,3797,11,7,24,12,rope_jumping,ascending_stairs,False,0.00071550254,0.0036938833,0.00011432422,0.00020831944,0.34912264,0.00013452429,0.16341347,0.39205745,0.027941624,0.00050992507,5.3976575e-05,0.062034313,0.39205745
pamap2,gnn_attention_adj,window,1,101,101,102,3798,3798,3798,11,7,24,12,rope_jumping,ascending_stairs,False,0.0022933267,0.0064101913,0.0011007825,0.00047205028,0.32539102,0.0007815464,0.08007144,0.3294278,0.09063676,0.0011877817,0.0005578537,0.16166937,0.3294278
pamap2,gnn_attention_adj,window,1,101,101,102,3799,3799,3799,11,4,24,5,rope_jumping,running,False,0.0012157838,0.004791917,0.000305977,0.0012400852,0.45397612,0.000988633,0.09135348,0.021367302,0.20502278,0.0005928437,0.0006507418,0.21849437,0.45397612
pamap2,gnn_attention_adj,window,1,101,101,102,3800,3800,3800,11,8,24,13,rope_jumping,descending_stairs,False,0.00056432385,0.0024651217,0.00043492627,0.02113657,0.053859193,0.0023913693,0.32029647,0.023569617,0.46712676,0.00093777763,0.0007222198,0.1064956,0.46712676
pamap2,gnn_attention_adj,window,1,101,101,102,3801,3801,3801,11,7,24,12,rope_jumping,ascending_stairs,False,0.0010004716,0.0048262645,0.00074756733,0.0002998422,0.22955067,0.001651879,0.20386098,0.3060188,0.1330197,0.0011925047,0.0009822971,0.11684912,0.3060188
pamap2,gnn_attention_adj,window,1,101,101,102,3802,3802,3802,11,4,24,5,rope_jumping,running,False,0.00034735666,0.0026050927,0.000119666496,0.000105020285,0.7795535,2.996714e-05,0.022306133,0.014073769,0.02691658,0.000105845495,0.00010108491,0.15373611,0.7795535
pamap2,gnn_attention_adj,window,1,101,101,102,3803,3803,3803,11,4,24,5,rope_jumping,running,False,0.00022646609,0.001445342,6.472911e-05,8.685336e-05,0.81592745,1.8950526e-05,0.013068665,0.0029854847,0.019977946,7.7479024e-05,9.713932e-05,0.14602353,0.81592745
pamap2,gnn_attention_adj,window,1,101,101,102,3804,3804,3804,11,6,24,7,rope_jumping,nordic_walking,False,0.0006683069,0.0066698985,0.0016203332,0.0012141783,0.24517958,0.0013551379,0.4080487,0.08942306,0.10955069,0.0020545684,0.0025396214,0.13167587,0.4080487
pamap2,gnn_attention_adj,window,1,101,101,102,3805,3805,3805,11,3,24,4,rope_jumping,walking,False,5.488046e-05,0.00043275885,0.00031126937,0.8026748,0.0014309864,7.576617e-05,0.10219376,0.018732905,0.06673832,0.0004098428,4.93287e-05,0.006895477,0.8026748
pamap2,gnn_attention_adj,window,1,101,101,102,3806,3806,3806,11,8,24,13,rope_jumping,descending_stairs,False,0.0040059197,0.0065327995,0.0042881547,0.29835424,0.011363764,0.020777207,0.13671246,0.109892,0.35511476,0.023492536,0.003072743,0.026393423,0.35511476
pamap2,gnn_attention_adj,window,1,101,101,102,3807,3807,3807,11,3,24,4,rope_jumping,walking,False,0.0017796061,0.0035857372,0.0050397916,0.6498674,0.005533252,0.0034408616,0.020255916,0.11906385,0.16434701,0.008975686,0.0014536508,0.016657243,0.6498674
pamap2,gnn_attention_adj,window,1,101,101,102,3808,3808,3808,11,7,24,12,rope_jumping,ascending_stairs,False,0.0016412233,0.0075640185,0.003700085,0.0029835457,0.09920215,0.0043025427,0.2829483,0.32852653,0.15788858,0.004172685,0.0031906487,0.10387971,0.32852653
pamap2,gnn_attention_adj,window,1,101,101,102,3809,3809,3809,11,4,24,5,rope_jumping,running,False,0.0009672105,0.0053922907,0.00041674587,0.00045414633,0.2918881,0.0006446874,0.25185022,0.17835611,0.13453186,0.0006754714,0.00037287368,0.13445033,0.2918881
pamap2,gnn_attention_adj,window,1,101,101,102,3810,3810,3810,11,8,24,13,rope_jumping,descending_stairs,False,0.0009254144,0.0027674115,0.0011253209,0.005068747,0.10195494,0.0020805092,0.045996647,0.023839466,0.5526843,0.00065040844,0.0015344751,0.2613724,0.5526843
pamap2,gnn_attention_adj,window,1,101,101,102,3811,3811,3811,11,4,24,5,rope_jumping,running,False,0.0008306275,0.005151263,0.0005270774,0.0006323162,0.5146726,0.0005098943,0.09153099,0.028736124,0.12770714,0.00060218765,0.0008492798,0.2282505,0.5146726
pamap2,gnn_attention_adj,window,1,101,101,102,3812,3812,3812,11,6,24,7,rope_jumping,nordic_walking,False,0.0006958085,0.003981652,0.0004565687,0.0006907269,0.08384344,0.0015483733,0.41427138,0.36583334,0.08253554,0.0015240541,0.00054730807,0.04407171,0.41427138
pamap2,gnn_attention_adj,window,1,101,101,102,3813,3813,3813,11,8,24,13,rope_jumping,descending_stairs,False,0.000598684,0.001103508,0.00046393942,0.0054790787,0.0032505807,0.014816852,0.23960622,0.22210158,0.49568322,0.0024407003,0.00038590687,0.014069624,0.49568322
pamap2,gnn_attention_adj,window,1,101,101,102,3814,3814,3814,11,3,24,4,rope_jumping,walking,False,0.0016580849,0.0028507821,0.003608868,0.40219444,0.0032235072,0.010024337,0.057139494,0.28273815,0.20419216,0.020364642,0.0014560891,0.010549465,0.40219444
pamap2,gnn_attention_adj,window,1,101,101,102,3815,3815,3815,11,3,24,4,rope_jumping,walking,False,0.0002923769,0.00052847585,0.00028548363,0.53500915,0.0030095256,0.001354052,0.039513446,0.05701638,0.3493976,0.0008332265,9.356744e-05,0.0126667,0.53500915
pamap2,gnn_attention_adj,window,1,101,101,102,3816,3816,3816,11,8,24,13,rope_jumping,descending_stairs,False,0.0030696052,0.010416292,0.0056576547,0.006960644,0.17052254,0.013478262,0.2073226,0.10059941,0.27337027,0.0075631193,0.011030982,0.19000864,0.27337027
pamap2,gnn_attention_adj,window,1,101,101,102,3817,3817,3817,11,11,24,24,rope_jumping,rope_jumping,True,0.0015003107,0.0047902674,0.002469063,0.0021187677,0.21814108,0.002732967,0.04931018,0.026874775,0.33355582,0.0013284298,0.0045769704,0.35260132,0.35260132
pamap2,gnn_attention_adj,window,1,101,101,102,3818,3818,3818,11,8,24,13,rope_jumping,descending_stairs,False,0.00022864057,0.00045554116,7.471166e-05,0.012113774,0.05615454,0.00035296354,0.024308594,0.004515487,0.72465396,7.410268e-05,6.279071e-05,0.1770049,0.72465396
pamap2,gnn_attention_adj,window,1,101,101,102,3819,3819,3819,11,4,24,5,rope_jumping,running,False,0.000937771,0.0050750664,0.00027891737,0.0005488295,0.41982156,0.0007508001,0.17682159,0.06317289,0.16505791,0.00064725854,0.00039965907,0.1664878,0.41982156
pamap2,gnn_attention_adj,window,1,101,101,102,3820,3820,3820,11,8,24,13,rope_jumping,descending_stairs,False,0.0016585205,0.005599501,0.004649895,0.0015382174,0.12633526,0.0031988567,0.07288654,0.115643255,0.40066406,0.0016390333,0.0030189878,0.26316786,0.40066406
pamap2,gnn_attention_adj,window,1,101,101,102,3821,3821,3821,11,8,24,13,rope_jumping,descending_stairs,False,0.00034088784,0.0003437191,4.9863742e-05,0.0010425603,0.043250795,0.0006854732,0.0064352746,0.003097354,0.7699295,6.3827814e-05,5.426189e-05,0.17470643,0.7699295
pamap2,gnn_attention_adj,window,1,101,101,102,3822,3822,3822,11,8,24,13,rope_jumping,descending_stairs,False,0.0011006667,0.0052405987,0.0010981917,0.012518781,0.16660492,0.0024922474,0.18703492,0.03382747,0.38388678,0.0013585509,0.0022135717,0.2026232,0.38388678
pamap2,gnn_attention_adj,window,1,101,101,102,3823,3823,3823,11,11,24,24,rope_jumping,rope_jumping,True,0.0020792417,0.006913022,0.0058649415,0.0029024929,0.24899523,0.0022221396,0.03730957,0.039567985,0.25114983,0.0020580362,0.006299717,0.39463776,0.39463776
pamap2,gnn_attention_adj,window,1,101,101,102,3824,3824,3824,11,4,24,5,rope_jumping,running,False,0.001134368,0.006717666,0.00053976674,0.00063125533,0.52897173,0.0012425989,0.12956831,0.04153294,0.12686671,0.0009747216,0.0014224981,0.16039741,0.52897173
pamap2,gnn_attention_adj,window,1,101,101,102,3825,3825,3825,11,8,24,13,rope_jumping,descending_stairs,False,0.0010370493,0.0042600036,0.0008702369,0.0017885476,0.11524027,0.0048549077,0.16299756,0.048858672,0.5064894,0.0012272127,0.0018903253,0.15048574,0.5064894
pamap2,gnn_attention_adj,window,1,101,101,102,3826,3826,3826,11,4,24,5,rope_jumping,running,False,0.0013465855,0.0055070696,0.0012084501,0.00086625846,0.36785895,0.0006143548,0.057506036,0.054079533,0.19657631,0.00072802004,0.00088958937,0.31281886,0.36785895
pamap2,gnn_attention_adj,window,1,101,101,102,3827,3827,3827,11,4,24,5,rope_jumping,running,False,0.0007165816,0.004895879,0.00028573963,0.0005503701,0.56160134,0.00019456206,0.103542864,0.055638235,0.092679285,0.00036896224,0.00024238753,0.17928378,0.56160134
pamap2,gnn_attention_adj,window,1,101,101,102,3828,3828,3828,11,7,24,12,rope_jumping,ascending_stairs,False,0.0013431403,0.005665201,0.002670268,0.0011260769,0.11638915,0.0013770883,0.15790741,0.37639514,0.19574863,0.0013744379,0.0010362531,0.1389672,0.37639514
pamap2,gnn_attention_adj,window,1,101,101,102,3829,3829,3829,11,4,24,5,rope_jumping,running,False,0.0010311739,0.0037729836,0.000682334,0.00039895158,0.4696329,0.00025775842,0.023435451,0.019645847,0.13003935,0.000370236,0.000558535,0.3501745,0.4696329
pamap2,gnn_attention_adj,window,1,101,101,102,3830,3830,3830,11,4,24,5,rope_jumping,running,False,0.00103163,0.003873491,0.00026389217,0.00044297255,0.52713853,0.0004659842,0.041874073,0.017763264,0.15421629,0.0003607556,0.00042212944,0.25214705,0.52713853
pamap2,gnn_attention_adj,window,1,101,101,102,3831,3831,3831,11,8,24,13,rope_jumping,descending_stairs,False,0.0007803356,0.0025345015,0.0016705861,0.0018264863,0.056732148,0.0031283367,0.05862532,0.039014585,0.6306242,0.0007782673,0.0016686124,0.20261666,0.6306242
pamap2,gnn_attention_adj,window,1,101,101,102,3832,3832,3832,11,11,24,24,rope_jumping,rope_jumping,True,0.00070234644,0.001333155,0.00029917224,0.00088614546,0.18644033,0.00033516024,0.009716458,0.0062190276,0.34417248,0.00015903251,0.0002707416,0.44946596,0.44946596
pamap2,gnn_attention_adj,window,1,101,101,102,3833,3833,3833,11,8,24,13,rope_jumping,descending_stairs,False,0.0005688108,0.00056820194,8.996676e-05,0.0004678446,0.11484823,0.00036797932,0.0034645062,0.0028028558,0.5067904,6.809543e-05,8.545097e-05,0.36987767,0.5067904
pamap2,gnn_attention_adj,window,1,101,101,102,3834,3834,3834,11,8,24,13,rope_jumping,descending_stairs,False,0.001300145,0.005868479,0.003218809,0.0017694487,0.14013645,0.002884011,0.115546435,0.12663312,0.38261253,0.0014746139,0.0025306982,0.21602532,0.38261253
pamap2,gnn_attention_adj,window,1,101,101,102,3835,3835,3835,11,4,24,5,rope_jumping,running,False,0.00092672464,0.0043999245,0.00076515466,0.00085175474,0.44750226,0.00047595063,0.05004548,0.02091167,0.15381816,0.0005806469,0.0010428113,0.31867945,0.44750226
pamap2,gnn_attention_adj,window,1,101,101,102,3836,3836,3836,11,4,24,5,rope_jumping,running,False,0.0013445944,0.0047321827,0.0007446895,0.0014309469,0.35397893,0.0012602105,0.06672161,0.025331771,0.2599969,0.00077149447,0.0013439534,0.28234273,0.35397893
pamap2,gnn_attention_adj,window,1,101,101,102,3837,3837,3837,11,4,24,5,rope_jumping,running,False,0.0020558161,0.009223284,0.0017875291,0.0012651013,0.28192618,0.0011628186,0.18936579,0.21502303,0.13147804,0.001555156,0.0010079339,0.16414927,0.28192618
pamap2,gnn_attention_adj,window,1,101,101,102,3838,3838,3838,11,4,24,5,rope_jumping,running,False,0.0011411221,0.0061890474,0.0002851913,0.00044332969,0.59359926,0.0004255287,0.114270434,0.06444165,0.07685614,0.00063959643,0.00036050458,0.1413483,0.59359926
pamap2,gnn_attention_adj,window,1,101,101,102,3839,3839,3839,11,8,24,13,rope_jumping,descending_stairs,False,0.0012585911,0.0027454419,0.0005080938,0.00091335987,0.16057642,0.0020827344,0.03944656,0.020205941,0.4915052,0.0005393595,0.00072408095,0.27949417,0.4915052
pamap2,gnn_attention_adj,window,1,101,101,102,3840,3840,3840,11,4,24,5,rope_jumping,running,False,0.0010752415,0.0071636005,0.0005994708,0.00058858615,0.33419508,0.00045645845,0.24556455,0.23562774,0.06613541,0.00095331646,0.00039541442,0.107245095,0.33419508
pamap2,gnn_attention_adj,window,1,101,101,102,3841,3841,3841,11,4,24,5,rope_jumping,running,False,0.0011840947,0.0060473518,0.00045649195,0.00039449014,0.43085265,0.00041118538,0.1453013,0.2103265,0.07003397,0.00077536976,0.00031473866,0.13390191,0.43085265
pamap2,gnn_attention_adj,window,1,101,101,102,3842,3842,3842,11,8,24,13,rope_jumping,descending_stairs,False,0.0018273845,0.0051746895,0.0016435008,0.0010807541,0.1614193,0.0021259112,0.0796263,0.12260098,0.3786122,0.0010593549,0.001070626,0.24375899,0.3786122
pamap2,gnn_attention_adj,window,1,101,101,102,3843,3843,3843,11,4,24,5,rope_jumping,running,False,0.00095136283,0.0053747795,0.00013862285,0.00030065293,0.59879315,0.00026158834,0.1459055,0.09131596,0.055097897,0.00046639767,0.00015258946,0.1012415,0.59879315
pamap2,gnn_attention_adj,window,1,101,101,102,3844,3844,3844,11,4,24,5,rope_jumping,running,False,0.00075740716,0.0058726985,0.00021483269,0.00040465355,0.52870774,0.00031564318,0.21142681,0.08179535,0.06407587,0.0006028351,0.00029090032,0.105535224,0.52870774
pamap2,gnn_attention_adj,window,1,101,101,102,3845,3845,3845,11,7,24,12,rope_jumping,ascending_stairs,False,0.002179347,0.0085308,0.009630971,0.0017297191,0.12674607,0.0028164452,0.104218155,0.3000556,0.23288612,0.0027587821,0.0036032777,0.20484474,0.3000556
pamap2,gnn_attention_adj,window,1,101,101,102,3846,3846,3846,11,7,24,12,rope_jumping,ascending_stairs,False,0.00023639295,0.0020863765,2.220777e-05,8.02757e-05,0.24821518,7.280037e-05,0.27612588,0.44027832,0.011520813,0.00032270004,1.3036861e-05,0.021025993,0.44027832
pamap2,gnn_attention_adj,window,1,101,101,102,3847,3847,3847,11,4,24,5,rope_jumping,running,False,0.00125907,0.007510726,0.00021668672,0.0003603785,0.66929543,0.00042581055,0.1412885,0.049311794,0.041745022,0.0008200023,0.00045629768,0.08731035,0.66929543
pamap2,gnn_attention_adj,window,1,101,101,102,3848,3848,3848,11,4,24,5,rope_jumping,running,False,0.0014417173,0.0065097827,0.0019899968,0.000492727,0.4711057,0.0008137201,0.058817424,0.09095969,0.10512148,0.0011922361,0.0016666575,0.25988883,0.4711057
pamap2,gnn_attention_adj,window,1,101,101,102,3849,3849,3849,11,4,24,5,rope_jumping,running,False,0.0005884561,0.003977676,4.553383e-05,0.00013222238,0.45404875,0.0002449798,0.25602016,0.21409157,0.028314013,0.00050663494,5.7958074e-05,0.041972056,0.45404875
pamap2,gnn_attention_adj,window,1,101,101,102,3850,3850,3850,11,4,24,5,rope_jumping,running,False,0.0013572071,0.0062094918,0.0011416763,0.0010829652,0.26124462,0.0018315586,0.17746387,0.1446242,0.21669416,0.001410916,0.0013986311,0.18554072,0.26124462
pamap2,gnn_attention_adj,window,1,101,101,102,3851,3851,3851,11,11,24,24,rope_jumping,rope_jumping,True,0.00071400055,0.0029873129,0.00343071,0.0013782495,0.17932521,0.00024982175,0.012983546,0.025678037,0.22854827,0.00056544587,0.0010599002,0.54307944,0.54307944
pamap2,gnn_attention_adj,window,1,101,101,102,3852,3852,3852,11,4,24,5,rope_jumping,running,False,0.00060357945,0.0025999595,0.0001184798,0.0003192932,0.551477,0.0003340234,0.042409476,0.0073212064,0.14578415,0.00022307038,0.00029109127,0.2485186,0.551477
pamap2,gnn_attention_adj,window,1,101,101,102,3853,3853,3853,11,7,24,12,rope_jumping,ascending_stairs,False,0.0012849397,0.00644561,0.0008162445,0.00062224566,0.23632286,0.0010118396,0.22633885,0.32655948,0.09301901,0.0013181311,0.0006463371,0.10561439,0.32655948
pamap2,gnn_attention_adj,window,1,101,101,102,3854,3854,3854,11,4,24,5,rope_jumping,running,False,0.0015018774,0.006777741,0.0036601059,0.00074873114,0.3554781,0.0006873214,0.04829316,0.100481,0.15563793,0.0011550989,0.0017198176,0.32385916,0.3554781
pamap2,gnn_attention_adj,window,1,101,101,102,3855,3855,3855,11,4,24,5,rope_jumping,running,False,0.0012848241,0.004940641,0.00036287474,0.0006155501,0.5028775,0.0009880812,0.053086236,0.018179687,0.18018591,0.00055670436,0.0008483864,0.23607363,0.5028775
pamap2,gnn_attention_adj,window,1,101,101,102,3856,3856,3856,11,8,24,13,rope_jumping,descending_stairs,False,0.0012146677,0.003288162,0.001430975,0.006831414,0.05949359,0.007178709,0.09322967,0.043417834,0.63043606,0.0014546142,0.0026701025,0.1493542,0.63043606
pamap2,gnn_attention_adj,window,1,101,101,102,3857,3857,3857,11,4,24,5,rope_jumping,running,False,0.0012728628,0.005095976,0.00050378457,0.00050324626,0.3172022,0.0021794906,0.08599042,0.025397021,0.30856076,0.000826927,0.0012218107,0.25124547,0.3172022
pamap2,gnn_attention_adj,window,1,101,101,102,3858,3858,3858,11,8,24,13,rope_jumping,descending_stairs,False,0.00067544956,0.00086786615,8.661285e-05,0.0007140711,0.10858979,0.00097100367,0.011127051,0.004543541,0.6116147,0.0001290599,0.00012746755,0.26055348,0.6116147
pamap2,gnn_attention_adj,window,1,101,101,102,3859,3859,3859,11,8,24,13,rope_jumping,descending_stairs,False,0.0022817885,0.009383224,0.0069082556,0.005227638,0.12327414,0.008864156,0.16718507,0.12425514,0.35752764,0.0044215387,0.009279545,0.18139182,0.35752764
pamap2,gnn_attention_adj,window,1,101,101,102,3860,3860,3860,11,4,24,5,rope_jumping,running,False,0.0010289326,0.005826597,0.00087731524,0.0006554322,0.5060353,0.0008944925,0.08230375,0.0317176,0.13714437,0.00081449747,0.0017703784,0.23093134,0.5060353
pamap2,gnn_attention_adj,window,1,101,101,102,3861,3861,3861,11,4,24,5,rope_jumping,running,False,0.0011711369,0.004208651,0.0004672652,0.00059809943,0.46165147,0.00090668374,0.04325869,0.017648386,0.193234,0.0005251059,0.0010143361,0.27531618,0.46165147
pamap2,gnn_attention_adj,window,1,101,101,102,3862,3862,3862,11,8,24,13,rope_jumping,descending_stairs,False,0.00074209133,0.0023618152,0.0012267188,0.005349061,0.06950745,0.0017903205,0.045494307,0.029614469,0.61185217,0.0005825555,0.0012157373,0.23026331,0.61185217
pamap2,gnn_attention_adj,window,1,101,101,102,3863,3863,3863,11,4,24,5,rope_jumping,running,False,0.0015974626,0.0057337247,0.0008460608,0.0010869532,0.36823776,0.0010348227,0.065156825,0.04485022,0.2267727,0.0008340452,0.00095176575,0.2828977,0.36823776
pamap2,gnn_attention_adj,window,1,101,101,102,3864,3864,3864,11,8,24,13,rope_jumping,descending_stairs,False,0.0019908315,0.005182974,0.00061368226,0.0006806708,0.20537889,0.0029866814,0.13323963,0.17131607,0.31078768,0.0011552708,0.00073210965,0.16593552,0.31078768
pamap2,gnn_attention_adj,window,1,101,101,102,3865,3865,3865,11,8,24,13,rope_jumping,descending_stairs,False,0.0011000911,0.00315263,0.00054343644,0.0026424404,0.1501977,0.0024618653,0.07700472,0.02632008,0.5171677,0.00071149797,0.0009526844,0.21774516,0.5171677
pamap2,gnn_attention_adj,window,1,101,101,102,3866,3866,3866,11,4,24,5,rope_jumping,running,False,0.0014231459,0.0059150783,0.00085024757,0.0018423289,0.37285805,0.00095577934,0.08684065,0.039343946,0.22010562,0.00088850944,0.0010566314,0.26792008,0.37285805
pamap2,gnn_attention_adj,window,1,101,101,102,3867,3867,3867,11,7,24,12,rope_jumping,ascending_stairs,False,0.0026575744,0.0045042536,0.002273133,0.00043624887,0.14227152,0.00039664467,0.025944797,0.6315758,0.05684347,0.001384838,0.00029819322,0.13141349,0.6315758
pamap2,gnn_attention_adj,window,1,101,101,102,3868,3868,3868,11,4,24,5,rope_jumping,running,False,0.0013276382,0.0055075847,0.0001981616,0.00035112107,0.5486234,0.00015164452,0.09054054,0.22398573,0.03361202,0.0005630206,0.000100083336,0.095039085,0.5486234
pamap2,gnn_attention_adj,window,1,101,101,102,3869,3869,3869,11,8,24,13,rope_jumping,descending_stairs,False,0.0012727265,0.004397353,0.00072241627,0.0022977847,0.1778062,0.0024216615,0.116554,0.039057653,0.43859953,0.0009506249,0.0011238189,0.21479626,0.43859953
pamap2,gnn_attention_adj,window,1,101,101,102,3870,3870,3870,11,4,24,5,rope_jumping,running,False,0.0032320516,0.01121918,0.0064957994,0.00496038,0.30897653,0.0043843053,0.08223307,0.056822225,0.20153514,0.0040218774,0.010295382,0.305824,0.30897653
pamap2,gnn_attention_adj,window,1,101,101,102,3871,3871,3871,11,4,24,5,rope_jumping,running,False,0.0019708336,0.011354866,0.00084904593,0.0025090822,0.4762396,0.0020144244,0.2314534,0.04071757,0.10434268,0.002115399,0.002617361,0.12381579,0.4762396
pamap2,gnn_attention_adj,window,1,101,101,102,3872,3872,3872,11,8,24,13,rope_jumping,descending_stairs,False,0.0010038784,0.0028056686,0.0009571614,0.0012827573,0.048754603,0.0058409614,0.11362014,0.075400695,0.6286627,0.001020996,0.0011527528,0.11949761,0.6286627
pamap2,gnn_attention_adj,window,1,101,101,102,3873,3873,3873,11,4,24,5,rope_jumping,running,False,0.0012866026,0.0062721623,0.0005444281,0.0005258668,0.3732274,0.001624221,0.19126128,0.13335148,0.14984235,0.0012297555,0.00095075584,0.13988373,0.3732274
pamap2,gnn_attention_adj,window,1,101,101,102,3874,3874,3874,11,6,24,7,rope_jumping,nordic_walking,False,0.001348529,0.007445669,0.000533281,0.0007614067,0.2241686,0.0055633476,0.37894207,0.1551174,0.1439795,0.0031796645,0.001843746,0.0771168,0.37894207
pamap2,gnn_attention_adj,window,1,101,101,102,3875,3875,3875,11,8,24,13,rope_jumping,descending_stairs,False,0.0005671282,0.0033114522,0.0048489408,0.2744958,0.004606454,0.0024571759,0.19711827,0.1610882,0.32533783,0.0036853547,0.0010360578,0.021447308,0.32533783
pamap2,gnn_attention_adj,window,1,101,101,102,3876,3876,3876,11,10,24,17,rope_jumping,ironing,False,0.0012272365,0.020527843,0.0136943655,0.00062667154,0.0034733373,0.049420353,0.0032452107,0.004718702,0.017146219,0.06926977,0.81375104,0.0028992975,0.81375104
pamap2,gnn_attention_adj,window,1,101,101,102,3877,3877,3877,11,10,24,17,rope_jumping,ironing,False,0.005104845,0.040008508,0.02743151,0.0039886716,0.00922889,0.11946935,0.018382357,0.018042084,0.06504444,0.14158265,0.5424583,0.009258342,0.5424583
pamap2,gnn_attention_adj,window,1,101,101,102,3878,3878,3878,11,10,24,17,rope_jumping,ironing,False,0.0073843603,0.07888053,0.022116523,0.0030576133,0.010991081,0.08688095,0.023105295,0.013380725,0.054145403,0.1327258,0.5596323,0.0076994286,0.5596323
pamap2,gnn_attention_adj,window,1,101,101,102,3879,3879,3879,11,1,24,2,rope_jumping,sitting,False,0.02130913,0.801406,0.05372151,0.0009890961,0.011920622,0.0018375567,0.008398395,0.0028271596,0.011061856,0.009262048,0.07483093,0.0024357105,0.801406
pamap2,gnn_attention_adj,window,1,101,101,102,3880,3880,3880,11,1,24,2,rope_jumping,sitting,False,0.051233184,0.7885266,0.08717007,0.0015315644,0.0131834345,0.001070498,0.011989376,0.003699075,0.012119758,0.0044202227,0.021844225,0.003211937,0.7885266
pamap2,gnn_attention_adj,window,1,101,101,102,3881,3881,3881,11,1,24,2,rope_jumping,sitting,False,0.051264763,0.7950679,0.082008,0.0013147971,0.013474384,0.0010963511,0.011482864,0.0033790735,0.012118644,0.004110107,0.0214937,0.0031893696,0.7950679
pamap2,gnn_attention_adj,window,1,101,101,102,3882,3882,3882,11,1,24,2,rope_jumping,sitting,False,0.05248057,0.81965995,0.06533534,0.0009794877,0.013306467,0.00091163046,0.009859219,0.0026579706,0.010667536,0.0033979337,0.01793903,0.0028048812,0.81965995
