dataset,model,eval_unit,fold,fold_subject,test_subject,validation_subject,row_in_fold,source_window_index,original_window_index,y_true_id,y_pred_id,y_true_raw,y_pred_raw,y_true_label,y_pred_label,correct,proba_0,proba_1,proba_2,proba_3,proba_4,proba_5,proba_6,proba_7,proba_8,proba_9,proba_10,proba_11,confidence
pamap2,gnn_flatten_lstm,sequence,7,107,107,108,0,22417,22417,0,0,1,1,lying,lying,True,0.6004473,0.32408032,0.03923137,0.0025269925,0.0050396593,0.0009638338,0.0021821652,0.013222821,0.0036149267,0.0037607744,0.0012097824,0.0037200644,0.6004473
pamap2,gnn_flatten_lstm,sequence,7,107,107,108,1,22418,22418,0,0,1,1,lying,lying,True,0.89172757,0.102478325,0.0021668246,0.00016193363,0.0011550733,3.2466196e-05,0.0001943083,0.0010507783,0.000364531,0.00010301229,9.541623e-06,0.0005556794,0.89172757
pamap2,gnn_flatten_lstm,sequence,7,107,107,108,2,22419,22419,0,0,1,1,lying,lying,True,0.9866595,0.012960628,0.00015781124,5.733071e-06,7.213916e-05,4.5590676e-07,5.6219797e-06,6.461815e-05,1.9478457e-05,5.1312018e-06,1.339511e-07,4.8628965e-05,0.9866595
pamap2,gnn_flatten_lstm,sequence,7,107,107,108,3,22420,22420,0,0,1,1,lying,lying,True,0.9992405,0.0007403037,9.428997e-06,1.5418176e-07,2.1625356e-06,5.4543507e-09,1.403758e-07,3.1389297e-06,3.0460959e-07,2.8668302e-07,2.1954625e-09,3.5928238e-06,0.9992405
pamap2,gnn_flatten_lstm,sequence,7,107,107,108,4,22421,22421,0,0,1,1,lying,lying,True,0.999913,8.449294e-05,9.900094e-07,1.2661847e-08,2.443792e-07,4.0648918e-10,1.2104092e-08,4.956559e-07,1.7278328e-08,4.2347473e-08,1.3095597e-10,7.4312453e-07,0.999913
pamap2,gnn_flatten_lstm,sequence,7,107,107,108,5,22422,22422,0,0,1,1,lying,lying,True,0.99996305,3.5746874e-05,4.212838e-07,5.1366773e-09,1.0339e-07,1.4767489e-10,5.150824e-09,2.3520563e-07,5.897086e-09,2.0479433e-08,4.0547243e-11,3.667144e-07,0.99996305
pamap2,gnn_flatten_lstm,sequence,7,107,107,108,6,22423,22423,0,0,1,1,lying,lying,True,0.9999753,2.3888724e-05,2.79806e-07,3.2593366e-09,6.705123e-08,8.636163e-11,3.3059941e-09,1.6342197e-07,3.626363e-09,1.45104195e-08,2.1893817e-11,2.509342e-07,0.9999753
pamap2,gnn_flatten_lstm,sequence,7,107,107,108,7,22424,22424,0,0,1,1,lying,lying,True,0.9999815,1.7920542e-05,2.0351474e-07,2.237337e-09,4.6526008e-08,5.747729e-11,2.1939874e-09,1.3080312e-07,2.5940543e-09,1.1324704e-08,1.33680445e-11,1.7512008e-07,0.9999815
pamap2,gnn_flatten_lstm,sequence,7,107,107,108,8,22425,22425,0,0,1,1,lying,lying,True,0.99998474,1.4831203e-05,1.472623e-07,1.5493253e-09,3.5481552e-08,4.290306e-11,1.4772605e-09,1.15474904e-07,2.006782e-09,9.092884e-09,8.665479e-12,1.2779944e-07,0.99998474
pamap2,gnn_flatten_lstm,sequence,7,107,107,108,9,22426,22426,0,0,1,1,lying,lying,True,0.9999862,1.3524591e-05,1.2760282e-07,1.3016372e-09,3.138954e-08,3.5635297e-11,1.2371181e-09,1.0500456e-07,1.7621266e-09,8.07007e-09,7.06743e-12,1.0888903e-07,0.9999862
pamap2,gnn_flatten_lstm,sequence,7,107,107,108,10,22427,22427,0,0,1,1,lying,lying,True,0.9999865,1.3122999e-05,1.2072178e-07,1.1832347e-09,2.913043e-08,3.1673674e-11,1.1064021e-09,1.0009734e-07,1.662231e-09,7.4676985e-09,6.4858865e-12,9.990107e-08,0.9999865
pamap2,gnn_flatten_lstm,sequence,7,107,107,108,11,22428,22428,0,0,1,1,lying,lying,True,0.9999865,1.3123098e-05,1.2164774e-07,1.0946807e-09,2.6884521e-08,2.9018865e-11,1.0082902e-09,9.7901186e-08,1.6140268e-09,7.131969e-09,6.255859e-12,9.225093e-08,0.9999865
pamap2,gnn_flatten_lstm,sequence,7,107,107,108,12,22429,22429,0,0,1,1,lying,lying,True,0.9999865,1.3171357e-05,1.2254314e-07,1.0659544e-09,2.6157412e-08,2.8034356e-11,9.826515e-10,9.683205e-08,1.5974242e-09,7.0031145e-09,6.1862082e-12,8.922306e-08,0.9999865
pamap2,gnn_flatten_lstm,sequence,7,107,107,108,13,22430,22430,0,0,1,1,lying,lying,True,0.9999864,1.326293e-05,1.2442116e-07,1.0646275e-09,2.5930445e-08,2.7836993e-11,9.755847e-10,9.721159e-08,1.6121314e-09,7.0032873e-09,6.2374984e-12,8.85689e-08,0.9999864
pamap2,gnn_flatten_lstm,sequence,7,107,107,108,14,22431,22431,0,0,1,1,lying,lying,True,0.9999862,1.35193295e-05,1.2920746e-07,1.0735585e-09,2.5696131e-08,2.8040976e-11,9.649673e-10,9.904063e-08,1.6616091e-09,7.07181e-09,6.427191e-12,8.923647e-08,0.9999862
pamap2,gnn_flatten_lstm,sequence,7,107,107,108,15,22432,22432,0,0,1,1,lying,lying,True,0.99998593,1.37460875e-05,1.3313574e-07,1.0967783e-09,2.584851e-08,2.8672018e-11,9.745464e-10,1.01166954e-07,1.7100495e-09,7.2023796e-09,6.641084e-12,9.0701896e-08,0.99998593
pamap2,gnn_flatten_lstm,sequence,7,107,107,108,16,22433,22433,0,0,1,1,lying,lying,True,0.9999858,1.381532e-05,1.3415664e-07,1.1059077e-09,2.603743e-08,2.8916794e-11,9.840311e-10,1.0167454e-07,1.7245466e-09,7.252418e-09,6.7154446e-12,9.131534e-08,0.9999858
pamap2,gnn_flatten_lstm,sequence,7,107,107,108,17,22434,22434,0,0,1,1,lying,lying,True,0.9999858,1.3828e-05,1.3411929e-07,1.107267e-09,2.6191591e-08,2.8977694e-11,9.90471e-10,1.01571224e-07,1.726867e-09,7.2689814e-09,6.7304482e-12,9.1518125e-08,0.9999858
pamap2,gnn_flatten_lstm,sequence,7,107,107,108,18,22435,22435,0,0,1,1,lying,lying,True,0.99998593,1.3795508e-05,1.3350932e-07,1.1031815e-09,2.6182505e-08,2.884436e-11,9.895914e-10,1.0112683e-07,1.7182132e-09,7.2441244e-09,6.6956727e-12,9.122257e-08,0.99998593
pamap2,gnn_flatten_lstm,sequence,7,107,107,108,19,22436,22436,0,0,1,1,lying,lying,True,0.99998593,1.3730158e-05,1.327944e-07,1.1044996e-09,2.6113428e-08,2.8746488e-11,9.863953e-10,1.009711e-07,1.7088202e-09,7.21942e-09,6.6635417e-12,9.109495e-08,0.99998593
pamap2,gnn_flatten_lstm,sequence,7,107,107,108,20,22437,22437,0,0,1,1,lying,lying,True,0.99998605,1.367869e-05,1.3209163e-07,1.0982941e-09,2.5984502e-08,2.8537858e-11,9.797688e-10,1.0051973e-07,1.6969621e-09,7.175382e-09,6.6092153e-12,9.060906e-08,0.99998605
pamap2,gnn_flatten_lstm,sequence,7,107,107,108,21,22438,22438,0,0,1,1,lying,lying,True,0.99998605,1.3667476e-05,1.3160717e-07,1.0848239e-09,2.5885074e-08,2.8282795e-11,9.731683e-10,9.984826e-08,1.688342e-09,7.130456e-09,6.55288e-12,8.990016e-08,0.99998605
pamap2,gnn_flatten_lstm,sequence,7,107,107,108,22,22439,22439,0,0,1,1,lying,lying,True,0.99998605,1.3671413e-05,1.3156323e-07,1.0845819e-09,2.5938053e-08,2.8306916e-11,9.75268e-10,9.983074e-08,1.6900401e-09,7.1399002e-09,6.5570813e-12,8.9960885e-08,0.99998605
pamap2,gnn_flatten_lstm,sequence,7,107,107,108,23,22440,22440,0,0,1,1,lying,lying,True,0.99998605,1.3681482e-05,1.3158619e-07,1.0847577e-09,2.598797e-08,2.83449e-11,9.774357e-10,9.985588e-08,1.6916041e-09,7.1490165e-09,6.5642266e-12,9.000843e-08,0.99998605
pamap2,gnn_flatten_lstm,sequence,7,107,107,108,24,22441,22441,0,0,1,1,lying,lying,True,0.99998605,1.368464e-05,1.3157553e-07,1.0848901e-09,2.6018126e-08,2.835074e-11,9.790141e-10,9.981265e-08,1.6920108e-09,7.1535173e-09,6.567746e-12,9.003882e-08,0.99998605
pamap2,gnn_flatten_lstm,sequence,7,107,107,108,25,22442,22442,0,0,1,1,lying,lying,True,0.99998605,1.3675011e-05,1.3147958e-07,1.0844764e-09,2.6006813e-08,2.8312694e-11,9.778516e-10,9.977801e-08,1.6918686e-09,7.148049e-09,6.5642643e-12,9.0026795e-08,0.99998605
pamap2,gnn_flatten_lstm,sequence,7,107,107,108,26,22443,22443,0,0,1,1,lying,lying,True,0.99998605,1.3676003e-05,1.3153124e-07,1.0844019e-09,2.6007507e-08,2.830427e-11,9.777414e-10,9.976697e-08,1.6926305e-09,7.1475172e-09,6.5660676e-12,9.004242e-08,0.99998605
pamap2,gnn_flatten_lstm,sequence,7,107,107,108,27,22444,22444,0,0,1,1,lying,lying,True,0.99998593,1.3692157e-05,1.3176776e-07,1.0854571e-09,2.6061434e-08,2.8343923e-11,9.803407e-10,9.980122e-08,1.6960171e-09,7.161066e-09,6.5821923e-12,9.0160306e-08,0.99998593
pamap2,gnn_flatten_lstm,sequence,7,107,107,108,28,22445,22445,0,0,1,1,lying,lying,True,0.99998605,1.3684353e-05,1.3160012e-07,1.0863955e-09,2.6114927e-08,2.8400369e-11,9.81911e-10,9.984921e-08,1.6965478e-09,7.1689388e-09,6.5844027e-12,9.03247e-08,0.99998605
pamap2,gnn_flatten_lstm,sequence,7,107,107,108,29,22446,22446,0,0,1,1,lying,lying,True,0.99998605,1.3676916e-05,1.3148899e-07,1.0870109e-09,2.6098743e-08,2.8390783e-11,9.814878e-10,9.982884e-08,1.6944005e-09,7.162638e-09,6.578741e-12,9.031901e-08,0.99998605
pamap2,gnn_flatten_lstm,sequence,7,107,107,108,30,22447,22447,0,0,1,1,lying,lying,True,0.99998605,1.3681717e-05,1.3155181e-07,1.0867747e-09,2.6044491e-08,2.8342845e-11,9.803801e-10,9.9748895e-08,1.691346e-09,7.149303e-09,6.571731e-12,9.0151204e-08,0.99998605
pamap2,gnn_flatten_lstm,sequence,7,107,107,108,31,22448,22448,0,0,1,1,lying,lying,True,0.99998605,1.3683766e-05,1.3150591e-07,1.0855815e-09,2.6039972e-08,2.8341277e-11,9.802212e-10,9.9704764e-08,1.6900981e-09,7.14689e-09,6.5662176e-12,9.0071275e-08,0.99998605
pamap2,gnn_flatten_lstm,sequence,7,107,107,108,32,22449,22449,0,0,1,1,lying,lying,True,0.99998605,1.3687068e-05,1.3164683e-07,1.0840504e-09,2.6011477e-08,2.8287867e-11,9.786632e-10,9.964564e-08,1.6914202e-09,7.14351e-09,6.565867e-12,8.9972204e-08,0.99998605
pamap2,gnn_flatten_lstm,sequence,7,107,107,108,33,22450,22450,0,0,1,1,lying,lying,True,0.99998593,1.3698988e-05,1.3193349e-07,1.0855646e-09,2.601986e-08,2.8298279e-11,9.791112e-10,9.9756114e-08,1.6953281e-09,7.152248e-09,6.582117e-12,9.005152e-08,0.99998593
pamap2,gnn_flatten_lstm,sequence,7,107,107,108,34,22451,22451,0,0,1,1,lying,lying,True,0.99998593,1.3712452e-05,1.3211152e-07,1.0875335e-09,2.6068939e-08,2.8382767e-11,9.806082e-10,9.998393e-08,1.7001304e-09,7.167899e-09,6.600711e-12,9.022602e-08,0.99998593
pamap2,gnn_flatten_lstm,sequence,7,107,107,108,35,22452,22452,0,0,1,1,lying,lying,True,0.99998593,1.3711954e-05,1.3202386e-07,1.0865756e-09,2.6074957e-08,2.83516e-11,9.808102e-10,9.989282e-08,1.6994139e-09,7.1649326e-09,6.5974257e-12,9.0195215e-08,0.99998593
pamap2,gnn_flatten_lstm,sequence,7,107,107,108,36,22453,22453,0,0,1,1,lying,lying,True,0.99998593,1.3714413e-05,1.3202083e-07,1.0859851e-09,2.6079878e-08,2.8339706e-11,9.813979e-10,9.982292e-08,1.6991352e-09,7.1644273e-09,6.5965323e-12,9.0187996e-08,0.99998593
pamap2,gnn_flatten_lstm,sequence,7,107,107,108,37,22454,22454,0,0,1,1,lying,lying,True,0.99998593,1.3715447e-05,1.3196042e-07,1.0854923e-09,2.6089582e-08,2.834349e-11,9.820232e-10,9.977628e-08,1.6982667e-09,7.1640582e-09,6.5943306e-12,9.017853e-08,0.99998593
pamap2,gnn_flatten_lstm,sequence,7,107,107,108,38,22455,22455,0,0,1,1,lying,lying,True,0.99998593,1.3718966e-05,1.320479e-07,1.0867456e-09,2.6116865e-08,2.8390562e-11,9.829001e-10,9.988634e-08,1.7005877e-09,7.172139e-09,6.603167e-12,9.028782e-08,0.99998593
pamap2,gnn_flatten_lstm,sequence,7,107,107,108,39,22456,22456,0,0,1,1,lying,lying,True,0.99998593,1.3729096e-05,1.3217706e-07,1.0881269e-09,2.6130119e-08,2.8441185e-11,9.838867e-10,9.9991944e-08,1.7017718e-09,7.17879e-09,6.6109544e-12,9.036328e-08,0.99998593
pamap2,gnn_flatten_lstm,sequence,7,107,107,108,40,22457,22457,0,0,1,1,lying,lying,True,0.99998593,1.37245925e-05,1.3207813e-07,1.0869259e-09,2.6101974e-08,2.8417543e-11,9.826395e-10,9.99376e-08,1.6994431e-09,7.170976e-09,6.601051e-12,9.026302e-08,0.99998593
pamap2,gnn_flatten_lstm,sequence,7,107,107,108,41,22458,22458,0,0,1,1,lying,lying,True,0.99998593,1.3717147e-05,1.3196255e-07,1.0867724e-09,2.6091273e-08,2.8410064e-11,9.821038e-10,9.99195e-08,1.6976969e-09,7.1671606e-09,6.5942802e-12,9.022636e-08,0.99998593
pamap2,gnn_flatten_lstm,sequence,7,107,107,108,42,22459,22459,0,0,1,1,lying,lying,True,0.99998593,1.3718089e-05,1.319433e-07,1.0859499e-09,2.6084455e-08,2.839327e-11,9.816206e-10,9.9885774e-08,1.6969879e-09,7.1637576e-09,6.590885e-12,9.0154806e-08,0.99998593
pamap2,gnn_flatten_lstm,sequence,7,107,107,108,43,22460,22460,0,0,1,1,lying,lying,True,0.99998593,1.3715773e-05,1.3193475e-07,1.0843707e-09,2.6058501e-08,2.8328789e-11,9.807747e-10,9.974355e-08,1.6956483e-09,7.1553727e-09,6.584113e-12,9.002507e-08,0.99998593
pamap2,gnn_flatten_lstm,sequence,7,107,107,108,44,22461,22461,0,0,1,1,lying,lying,True,0.99998593,1.3708176e-05,1.3183929e-07,1.0836904e-09,2.6049058e-08,2.8296282e-11,9.801089e-10,9.9673386e-08,1.694659e-09,7.1500934e-09,6.5789037e-12,8.998919e-08,0.99998593
pamap2,gnn_flatten_lstm,sequence,7,107,107,108,45,22462,22462,0,0,1,1,lying,lying,True,0.99998593,1.3713629e-05,1.3190518e-07,1.0843872e-09,2.6076895e-08,2.832263e-11,9.811583e-10,9.9715024e-08,1.6962208e-09,7.1567783e-09,6.586236e-12,9.00711e-08,0.99998593
pamap2,gnn_flatten_lstm,sequence,7,107,107,108,46,22463,22463,0,0,1,1,lying,lying,True,0.99998593,1.3721439e-05,1.3201088e-07,1.0856807e-09,2.6112183e-08,2.8351167e-11,9.831832e-10,9.974451e-08,1.6981696e-09,7.165726e-09,6.596545e-12,9.0160995e-08,0.99998593
pamap2,gnn_flatten_lstm,sequence,7,107,107,108,47,22464,22464,0,0,1,1,lying,lying,True,0.99998593,1.3720104e-05,1.3191185e-07,1.0849438e-09,2.6116666e-08,2.8339706e-11,9.831682e-10,9.968402e-08,1.6969327e-09,7.161804e-09,6.5924696e-12,9.014294e-08,0.99998593
pamap2,gnn_flatten_lstm,sequence,7,107,107,108,48,22465,22465,0,0,1,1,lying,lying,True,0.99998593,1.37205625e-05,1.319506e-07,1.0851198e-09,2.611547e-08,2.834349e-11,9.830033e-10,9.9708366e-08,1.697441e-09,7.162719e-09,6.594142e-12,9.015498e-08,0.99998593
pamap2,gnn_flatten_lstm,sequence,7,107,107,108,49,22466,22466,0,0,1,1,lying,lying,True,0.99998593,1.37242e-05,1.320202e-07,1.0857303e-09,2.6134755e-08,2.837378e-11,9.840105e-10,9.9750025e-08,1.6986912e-09,7.1694854e-09,6.598709e-12,9.0204e-08,0.99998593
pamap2,gnn_flatten_lstm,sequence,7,107,107,108,50,22467,22467,0,0,1,1,lying,lying,True,0.99998593,1.3727054e-05,1.3204816e-07,1.0856599e-09,2.6145075e-08,2.839078e-11,9.842303e-10,9.978008e-08,1.6995143e-09,7.1727264e-09,6.601e-12,9.022533e-08,0.99998593
pamap2,gnn_flatten_lstm,sequence,7,107,107,108,51,22468,22468,0,0,1,1,lying,lying,True,0.99998593,1.3723519e-05,1.3199893e-07,1.0851446e-09,2.6140986e-08,2.8379191e-11,9.837909e-10,9.975745e-08,1.6992259e-09,7.171154e-09,6.597954e-12,9.020382e-08,0.99998593
pamap2,gnn_flatten_lstm,sequence,7,107,107,108,52,22469,22469,0,0,1,1,lying,lying,True,0.99998593,1.3719895e-05,1.3189675e-07,1.0843232e-09,2.6135853e-08,2.8367936e-11,9.837761e-10,9.9686694e-08,1.697483e-09,7.1675164e-09,6.5907596e-12,9.01438e-08,0.99998593
pamap2,gnn_flatten_lstm,sequence,7,107,107,108,53,22470,22470,0,0,1,1,lying,lying,True,0.99998593,1.3714139e-05,1.3177468e-07,1.0849872e-09,2.6151659e-08,2.8388451e-11,9.844255e-10,9.970286e-08,1.6965768e-09,7.169567e-09,6.5893515e-12,9.0194185e-08,0.99998593
pamap2,gnn_flatten_lstm,sequence,7,107,107,108,54,22471,22471,0,0,1,1,lying,lying,True,0.99998593,1.3716768e-05,1.3180974e-07,1.0848176e-09,2.6134755e-08,2.838921e-11,9.835903e-10,9.974108e-08,1.6963567e-09,7.1665593e-09,6.5886983e-12,9.0158764e-08,0.99998593
pamap2,gnn_flatten_lstm,sequence,7,107,107,108,55,22472,22472,0,0,1,1,lying,lying,True,0.99998593,1.3720733e-05,1.3187498e-07,1.0845838e-09,2.6114774e-08,2.8367612e-11,9.829901e-10,9.973747e-08,1.6962436e-09,7.1638393e-09,6.5890626e-12,9.009206e-08,0.99998593
pamap2,gnn_flatten_lstm,sequence,7,107,107,108,56,22473,22473,0,0,1,1,lying,lying,True,0.99998593,1.3718469e-05,1.3190946e-07,1.0852956e-09,2.6117165e-08,2.8373673e-11,9.827745e-10,9.9796836e-08,1.6975447e-09,7.165821e-09,6.592834e-12,9.0123166e-08,0.99998593
pamap2,gnn_flatten_lstm,sequence,7,107,107,108,57,22474,22474,0,0,1,1,lying,lying,True,0.99998593,1.371338e-05,1.3183036e-07,1.08465e-09,2.6103967e-08,2.8339489e-11,9.822424e-10,9.972301e-08,1.6963244e-09,7.1609434e-09,6.5873912e-12,9.0078835e-08,0.99998593
pamap2,gnn_flatten_lstm,sequence,7,107,107,108,58,22475,22475,0,0,1,1,lying,lying,True,0.99998593,1.3707875e-05,1.3177645e-07,1.0835209e-09,2.6092867e-08,2.8298764e-11,9.814015e-10,9.9631755e-08,1.6957001e-09,7.1555366e-09,6.5819915e-12,9.0046534e-08,0.99998593
pamap2,gnn_flatten_lstm,sequence,7,107,107,108,59,22476,22476,0,0,1,1,lying,lying,True,0.99998593,1.3707849e-05,1.3178561e-07,1.083178e-09,2.6097545e-08,2.828646e-11,9.813548e-10,9.96006e-08,1.6959362e-09,7.1542674e-09,6.5823423e-12,9.0056325e-08,0.99998593
pamap2,gnn_flatten_lstm,sequence,7,107,107,108,60,22477,22477,0,0,1,1,lying,lying,True,0.99998593,1.3712491e-05,1.3182056e-07,1.0832234e-09,2.6112383e-08,2.829655e-11,9.819371e-10,9.960857e-08,1.69658e-09,7.1566832e-09,6.585608e-12,9.006938e-08,0.99998593
pamap2,gnn_flatten_lstm,sequence,7,107,107,108,61,22478,22478,0,0,1,1,lying,lying,True,0.99998593,1.3716389e-05,1.318555e-07,1.0824633e-09,2.6111787e-08,2.8286082e-11,9.81982e-10,9.9564694e-08,1.6964442e-09,7.1558373e-09,6.584854e-12,9.0020954e-08,0.99998593
pamap2,gnn_flatten_lstm,sequence,7,107,107,108,62,22479,22479,0,0,1,1,lying,lying,True,0.99998593,1.3715395e-05,1.3181591e-07,1.0835953e-09,2.6131863e-08,2.8332465e-11,9.830539e-10,9.963955e-08,1.6966092e-09,7.1621047e-09,6.587417e-12,9.0078316e-08,0.99998593
pamap2,gnn_flatten_lstm,sequence,7,107,107,108,63,22480,22480,0,0,1,1,lying,lying,True,0.99998593,1.3710007e-05,1.3171274e-07,1.0826202e-09,2.6117066e-08,2.8318632e-11,9.823923e-10,9.959053e-08,1.6948076e-09,7.1575297e-09,6.578728e-12,8.999846e-08,0.99998593
pamap2,gnn_flatten_lstm,sequence,7,107,107,108,64,22481,22481,0,0,1,1,lying,lying,True,0.99998593,1.36979825e-05,1.3159033e-07,1.082005e-09,2.6088388e-08,2.8277613e-11,9.807635e-10,9.954932e-08,1.6931953e-09,7.148225e-09,6.5702513e-12,8.992656e-08,0.99998593
pamap2,gnn_flatten_lstm,sequence,7,107,107,108,65,22482,22482,0,0,1,1,lying,lying,True,0.99998605,1.3690096e-05,1.3145124e-07,1.0807037e-09,2.607665e-08,2.823617e-11,9.799858e-10,9.943963e-08,1.6914493e-09,7.1412347e-09,6.5615976e-12,8.9861935e-08,0.99998605
pamap2,gnn_flatten_lstm,sequence,7,107,107,108,66,22483,22483,0,0,1,1,lying,lying,True,0.99998593,1.3694534e-05,1.3148168e-07,1.0803142e-09,2.6076249e-08,2.8226206e-11,9.800342e-10,9.9411366e-08,1.6916202e-09,7.140172e-09,6.561935e-12,8.984273e-08,0.99998593
pamap2,gnn_flatten_lstm,sequence,7,107,107,108,67,22484,22484,0,0,1,1,lying,lying,True,0.99998593,1.3701954e-05,1.3151367e-07,1.0807922e-09,2.6101178e-08,2.825082e-11,9.81585e-10,9.941706e-08,1.6920815e-09,7.145812e-09,6.5666678e-12,8.988472e-08,0.99998593
pamap2,gnn_flatten_lstm,sequence,7,107,107,108,68,22485,22485,0,0,1,1,lying,lying,True,0.99998593,1.3691517e-05,1.3135573e-07,1.0802791e-09,2.6092568e-08,2.8237083e-11,9.812331e-10,9.935166e-08,1.6901236e-09,7.1416837e-09,6.558607e-12,8.987272e-08,0.99998593
pamap2,gnn_flatten_lstm,sequence,7,107,107,108,69,22486,22486,0,0,1,1,lying,lying,True,0.99998605,1.3689612e-05,1.313684e-07,1.0797003e-09,2.6076352e-08,2.8212646e-11,9.803894e-10,9.931227e-08,1.6896792e-09,7.1372996e-09,6.556156e-12,8.9835716e-08,0.99998605
pamap2,gnn_flatten_lstm,sequence,7,107,107,108,70,22487,22487,0,0,1,1,lying,lying,True,0.99998593,1.369302e-05,1.3149662e-07,1.0809077e-09,2.6089431e-08,2.8228897e-11,9.807878e-10,9.939184e-08,1.6920298e-09,7.1427873e-09,6.5648767e-12,8.99017e-08,0.99998593
pamap2,gnn_flatten_lstm,sequence,7,107,107,108,71,22488,22488,0,0,1,1,lying,lying,True,0.99998593,1.3695422e-05,1.3153034e-07,1.0815904e-09,2.610332e-08,2.8256801e-11,9.811714e-10,9.946864e-08,1.6931985e-09,7.147353e-09,6.569324e-12,8.994835e-08,0.99998593
pamap2,gnn_flatten_lstm,sequence,7,107,107,108,72,22489,22489,0,0,1,1,lying,lying,True,0.99998605,1.368896e-05,1.3139547e-07,1.0800629e-09,2.6080928e-08,2.822384e-11,9.799483e-10,9.938977e-08,1.6910365e-09,7.1387425e-09,6.5587826e-12,8.9843766e-08,0.99998605
pamap2,gnn_flatten_lstm,sequence,7,107,107,108,73,22490,22490,0,0,1,1,lying,lying,True,0.99998605,1.3687929e-05,1.3138168e-07,1.0794965e-09,2.607476e-08,2.8214582e-11,9.797988e-10,9.935243e-08,1.6903753e-09,7.1370274e-09,6.555381e-12,8.979563e-08,0.99998605
pamap2,gnn_flatten_lstm,sequence,7,107,107,108,74,22491,22491,0,0,1,1,lying,lying,True,0.99998593,1.3691557e-05,1.3140661e-07,1.0804625e-09,2.6088985e-08,2.8246993e-11,9.806811e-10,9.940815e-08,1.6906814e-09,7.141724e-09,6.559307e-12,8.9856776e-08,0.99998593
pamap2,gnn_flatten_lstm,sequence,7,107,107,108,75,22492,22492,0,0,1,1,lying,lying,True,0.99998593,1.3700426e-05,1.3145223e-07,1.0813016e-09,2.6121747e-08,2.8294013e-11,9.822874e-10,9.946864e-08,1.6916878e-09,7.1496977e-09,6.5658663e-12,8.993171e-08,0.99998593
pamap2,gnn_flatten_lstm,sequence,7,107,107,108,76,22493,22493,0,0,1,1,lying,lying,True,0.99998593,1.369908e-05,1.3143506e-07,1.0814151e-09,2.6120851e-08,2.8287053e-11,9.822612e-10,9.946277e-08,1.6914427e-09,7.148239e-09,6.565528e-12,8.99209e-08,0.99998593
pamap2,gnn_flatten_lstm,sequence,7,107,107,108,77,22494,22494,0,0,1,1,lying,lying,True,0.99998593,1.3692745e-05,1.313496e-07,1.0815264e-09,2.611891e-08,2.8287971e-11,9.818678e-10,9.947358e-08,1.6908105e-09,7.1466433e-09,6.5631493e-12,8.992879e-08,0.99998593
pamap2,gnn_flatten_lstm,sequence,7,107,107,108,78,22495,22495,0,0,1,1,lying,lying,True,0.99998605,1.3682683e-05,1.3118586e-07,1.0798239e-09,2.610168e-08,2.8230624e-11,9.807486e-10,9.933064e-08,1.6886641e-09,7.136905e-09,6.5520306e-12,8.9835375e-08,0.99998605
pamap2,gnn_flatten_lstm,sequence,7,107,107,108,79,22496,22496,0,0,1,1,lying,lying,True,0.99998605,1.3685919e-05,1.3121826e-07,1.079128e-09,2.6098643e-08,2.821652e-11,9.80801e-10,9.927572e-08,1.6884708e-09,7.1356117e-09,6.551031e-12,8.980505e-08,0.99998605
pamap2,gnn_flatten_lstm,sequence,7,107,107,108,80,22497,22497,0,0,1,1,lying,lying,True,0.99998605,1.3684523e-05,1.3127898e-07,1.079375e-09,2.6076949e-08,2.8197044e-11,9.800755e-10,9.927647e-08,1.6885836e-09,7.132632e-09,6.5514807e-12,8.9780386e-08,0.99998605
pamap2,gnn_flatten_lstm,sequence,7,107,107,108,81,22498,22498,0,0,1,1,lying,lying,True,0.99998605,1.3688868e-05,1.3135148e-07,1.0791753e-09,2.6077098e-08,2.8185105e-11,9.805429e-10,9.923293e-08,1.6889218e-09,7.1332713e-09,6.5530806e-12,8.975282e-08,0.99998605
pamap2,gnn_flatten_lstm,sequence,7,107,107,108,82,22499,22499,0,0,1,1,lying,lying,True,0.99998593,1.3705273e-05,1.3154089e-07,1.0812747e-09,2.614358e-08,2.8267205e-11,9.837909e-10,9.935412e-08,1.6924656e-09,7.1514976e-09,6.5709027e-12,8.992982e-08,0.99998593
pamap2,gnn_flatten_lstm,sequence,7,107,107,108,83,22500,22500,0,0,1,1,lying,lying,True,0.99998593,1.3706098e-05,1.3153826e-07,1.0812335e-09,2.615984e-08,2.8274483e-11,9.842265e-10,9.934767e-08,1.6929048e-09,7.153039e-09,6.5723317e-12,8.995882e-08,0.99998593
pamap2,gnn_flatten_lstm,sequence,7,107,107,108,84,22501,22501,0,0,1,1,lying,lying,True,0.99998593,1.3708254e-05,1.315222e-07,1.080784e-09,2.6158144e-08,2.8276536e-11,9.84005e-10,9.934995e-08,1.6925851e-09,7.151921e-09,6.571053e-12,8.992931e-08,0.99998593
pamap2,gnn_flatten_lstm,sequence,7,107,107,108,85,22502,22502,0,0,1,1,lying,lying,True,0.99998593,1.3697421e-05,1.3134859e-07,1.0790168e-09,2.6111188e-08,2.8224699e-11,9.819952e-10,9.924011e-08,1.6891955e-09,7.1399127e-09,6.556718e-12,8.9813255e-08,0.99998593
pamap2,gnn_flatten_lstm,sequence,7,107,107,108,86,22503,22503,0,0,1,1,lying,lying,True,0.99998593,1.3695318e-05,1.3134095e-07,1.079023e-09,2.6108797e-08,2.8239775e-11,9.819426e-10,9.926357e-08,1.6891504e-09,7.1412067e-09,6.55538e-12,8.9824226e-08,0.99998593
pamap2,gnn_flatten_lstm,sequence,7,107,107,108,87,22504,22504,0,0,1,1,lying,lying,True,0.99998605,1.3689535e-05,1.3137003e-07,1.0795851e-09,2.6091177e-08,2.8233691e-11,9.809825e-10,9.931927e-08,1.6896823e-09,7.1399957e-09,6.5555556e-12,8.982372e-08,0.99998605
pamap2,gnn_flatten_lstm,sequence,7,107,107,108,88,22505,22505,0,0,1,1,lying,lying,True,0.99998605,1.3688152e-05,1.31361e-07,1.0798034e-09,2.608038e-08,2.82289e-11,9.804382e-10,9.93494e-08,1.6894373e-09,7.138648e-09,6.5551306e-12,8.981498e-08,0.99998605
pamap2,gnn_flatten_lstm,sequence,7,107,107,108,89,22506,22506,0,0,1,1,lying,lying,True,0.99998593,1.3693398e-05,1.3134145e-07,1.0793728e-09,2.6087392e-08,2.8235038e-11,9.809431e-10,9.9326456e-08,1.6889216e-09,7.139355e-09,6.554667e-12,8.980229e-08,0.99998593
pamap2,gnn_flatten_lstm,sequence,7,107,107,108,90,22507,22507,0,0,1,1,lying,lying,True,0.99998593,1.3704568e-05,1.315375e-07,1.0820876e-09,2.6126031e-08,2.829369e-11,9.830838e-10,9.946827e-08,1.6921557e-09,7.153203e-09,6.5719804e-12,8.996825e-08,0.99998593
pamap2,gnn_flatten_lstm,sequence,7,107,107,108,91,22508,22508,0,0,1,1,lying,lying,True,0.99998593,1.3700491e-05,1.315286e-07,1.0814893e-09,2.612394e-08,2.8268606e-11,9.824748e-10,9.94254e-08,1.6926917e-09,7.1504345e-09,6.5703766e-12,8.996688e-08,0.99998593
pamap2,gnn_flatten_lstm,sequence,7,107,107,108,92,22509,22509,0,0,1,1,lying,lying,True,0.99998593,1.3693463e-05,1.3139457e-07,1.0800422e-09,2.609396e-08,2.8228359e-11,9.809917e-10,9.9341044e-08,1.6904846e-09,7.139845e-09,6.5601582e-12,8.988095e-08,0.99998593
pamap2,gnn_flatten_lstm,sequence,7,107,107,108,93,22510,22510,0,0,1,1,lying,lying,True,0.99998593,1.3693046e-05,1.3139169e-07,1.0803513e-09,2.6081969e-08,2.8220284e-11,9.810086e-10,9.933063e-08,1.6897497e-09,7.138279e-09,6.5593446e-12,8.985832e-08,0.99998593
pamap2,gnn_flatten_lstm,sequence,7,107,107,108,94,22511,22511,0,0,1,1,lying,lying,True,0.99998593,1.3698414e-05,1.3148357e-07,1.0813779e-09,2.611592e-08,2.8266126e-11,9.824486e-10,9.94089e-08,1.6920494e-09,7.1478707e-09,6.5678704e-12,8.99468e-08,0.99998593
pamap2,gnn_flatten_lstm,sequence,7,107,107,108,95,22512,22512,0,0,1,1,lying,lying,True,0.99998593,1.3694899e-05,1.314308e-07,1.0808995e-09,2.6112083e-08,2.8253783e-11,9.820644e-10,9.9381225e-08,1.691475e-09,7.1452537e-09,6.5639503e-12,8.990821e-08,0.99998593
pamap2,gnn_flatten_lstm,sequence,7,107,107,108,96,22513,22513,0,0,1,1,lying,lying,True,0.99998593,1.369345e-05,1.3139582e-07,1.0805739e-09,2.6102224e-08,2.8241283e-11,9.817067e-10,9.935639e-08,1.6905589e-09,7.142433e-09,6.5608088e-12,8.9869296e-08,0.99998593
pamap2,gnn_flatten_lstm,sequence,7,107,107,108,97,22514,22514,0,0,1,1,lying,lying,True,0.99998593,1.3700818e-05,1.3145737e-07,1.0805717e-09,2.6111634e-08,2.8263484e-11,9.822798e-10,9.938217e-08,1.6909749e-09,7.1455397e-09,6.563337e-12,8.986947e-08,0.99998593
pamap2,gnn_flatten_lstm,sequence,7,107,107,108,98,22515,22515,0,0,1,1,lying,lying,True,0.99998593,1.37047255e-05,1.3149386e-07,1.0805862e-09,2.6119507e-08,2.8272005e-11,9.825891e-10,9.9390135e-08,1.6913039e-09,7.1470936e-09,6.56514e-12,8.987581e-08,0.99998593
pamap2,gnn_flatten_lstm,sequence,7,107,107,108,99,22516,22516,0,0,1,1,lying,lying,True,0.99998605,1.3689129e-05,1.313491e-07,1.0800856e-09,2.6098146e-08,2.8242794e-11,9.806812e-10,9.938199e-08,1.690385e-09,7.1398594e-09,6.556994e-12,8.9835545e-08,0.99998605
pamap2,gnn_flatten_lstm,sequence,7,107,107,108,100,22517,22517,0,0,1,1,lying,lying,True,0.99998605,1.3682434e-05,1.3122853e-07,1.0793133e-09,2.6083764e-08,2.8212321e-11,9.802025e-10,9.9297296e-08,1.6883452e-09,7.134006e-09,6.549207e-12,8.976617e-08,0.99998605
pamap2,gnn_flatten_lstm,sequence,7,107,107,108,101,22518,22518,0,0,1,1,lying,lying,True,0.99998605,1.369024e-05,1.311926e-07,1.0779062e-09,2.6086301e-08,2.8189732e-11,9.811191e-10,9.91459e-08,1.6861762e-09,7.130673e-09,6.544437e-12,8.969344e-08,0.99998605
pamap2,gnn_flatten_lstm,sequence,7,107,107,108,102,22519,22519,0,0,1,1,lying,lying,True,0.99998593,1.3695005e-05,1.3127583e-07,1.0790291e-09,2.611806e-08,2.8225021e-11,9.823399e-10,9.921399e-08,1.6882323e-09,7.138238e-09,6.5534045e-12,8.978979e-08,0.99998593
pamap2,gnn_flatten_lstm,sequence,7,107,107,108,103,22520,22520,0,0,1,1,lying,lying,True,0.99998605,1.3685031e-05,1.3117447e-07,1.0788028e-09,2.610382e-08,2.8207318e-11,9.809955e-10,9.9220244e-08,1.6875565e-09,7.132768e-09,6.5488322e-12,8.978347e-08,0.99998605
pamap2,gnn_flatten_lstm,sequence,7,107,107,108,104,22521,22521,0,0,1,1,lying,lying,True,0.99998605,1.36710605e-05,1.3099195e-07,1.077006e-09,2.6062827e-08,2.8146697e-11,9.790478e-10,9.909315e-08,1.6846139e-09,7.120099e-09,6.533798e-12,8.965735e-08,0.99998605
pamap2,gnn_flatten_lstm,sequence,7,107,107,108,105,22522,22522,0,0,1,1,lying,lying,True,0.99998605,1.3670761e-05,1.3099158e-07,1.0766199e-09,2.6054575e-08,2.8128824e-11,9.788573e-10,9.905764e-08,1.684299e-09,7.1176145e-09,6.5317673e-12,8.960332e-08,0.99998605
pamap2,gnn_flatten_lstm,sequence,7,107,107,108,106,22523,22523,0,0,1,1,lying,lying,True,0.99998605,1.368823e-05,1.3124567e-07,1.0779844e-09,2.6081725e-08,2.8172098e-11,9.804456e-10,9.916027e-08,1.6872798e-09,7.129123e-09,6.5465845e-12,8.9686594e-08,0.99998605
pamap2,gnn_flatten_lstm,sequence,7,107,107,108,107,22524,22524,0,0,1,1,lying,lying,True,0.99998593,1.3698519e-05,1.3137277e-07,1.0790476e-09,2.6113828e-08,2.8219314e-11,9.819802e-10,9.924768e-08,1.6895885e-09,7.139627e-09,6.5569303e-12,8.977746e-08,0.99998593
pamap2,gnn_flatten_lstm,sequence,7,107,107,108,108,22525,22525,0,0,1,1,lying,lying,True,0.99998593,1.3702961e-05,1.3145561e-07,1.0790621e-09,2.6122894e-08,2.8224374e-11,9.819727e-10,9.928441e-08,1.6911588e-09,7.1418063e-09,6.5612715e-12,8.978602e-08,0.99998593
pamap2,gnn_flatten_lstm,sequence,7,107,107,108,109,22526,22526,0,0,1,1,lying,lying,True,0.99998593,1.3699472e-05,1.3136186e-07,1.0782802e-09,2.6111486e-08,2.8206507e-11,9.817667e-10,9.92138e-08,1.6893984e-09,7.1379933e-09,6.55518e-12,8.973946e-08,0.99998593
pamap2,gnn_flatten_lstm,sequence,7,107,107,108,110,22527,22527,0,0,1,1,lying,lying,True,0.99998593,1.36967155e-05,1.3134495e-07,1.0790189e-09,2.6125335e-08,2.8236866e-11,9.824448e-10,9.92562e-08,1.6898142e-09,7.142174e-09,6.5568553e-12,8.979373e-08,0.99998593
pamap2,gnn_flatten_lstm,sequence,7,107,107,108,111,22528,22528,0,0,1,1,lying,lying,True,0.99998593,1.3691962e-05,1.313129e-07,1.0786257e-09,2.6110191e-08,2.8231589e-11,9.812817e-10,9.9279106e-08,1.6893791e-09,7.1389463e-09,6.5528295e-12,8.9756746e-08,0.99998593
pamap2,gnn_flatten_lstm,sequence,7,107,107,108,112,22529,22529,0,0,1,1,lying,lying,True,0.99998605,1.3685827e-05,1.3122416e-07,1.0779925e-09,2.6082171e-08,2.820694e-11,9.799334e-10,9.926113e-08,1.6876949e-09,7.1324684e-09,6.5452856e-12,8.968146e-08,0.99998605
pamap2,gnn_flatten_lstm,sequence,7,107,107,108,113,22530,22530,0,0,1,1,lying,lying,True,0.99998605,1.368759e-05,1.3130126e-07,1.0797724e-09,2.6107704e-08,2.8240856e-11,9.814972e-10,9.9328176e-08,1.6894051e-09,7.1415616e-09,6.5540303e-12,8.9780215e-08,0.99998605
pamap2,gnn_flatten_lstm,sequence,7,107,107,108,114,22531,22531,0,0,1,1,lying,lying,True,0.99998593,1.3691151e-05,1.3132153e-07,1.080306e-09,2.6125734e-08,2.8261006e-11,9.82205e-10,9.935848e-08,1.6900269e-09,7.145158e-09,6.557956e-12,8.983228e-08,0.99998593
pamap2,gnn_flatten_lstm,sequence,7,107,107,108,115,22532,22532,0,0,1,1,lying,lying,True,0.99998593,1.3692314e-05,1.3133531e-07,1.0804336e-09,2.6137098e-08,2.826715e-11,9.82722e-10,9.935639e-08,1.6906234e-09,7.1465482e-09,6.5597076e-12,8.9850786e-08,0.99998593
pamap2,gnn_flatten_lstm,sequence,7,107,107,108,116,22533,22533,0,0,1,1,lying,lying,True,0.99998593,1.3694156e-05,1.3134132e-07,1.0800792e-09,2.6140986e-08,2.824651e-11,9.832357e-10,9.927986e-08,1.690243e-09,7.145294e-09,6.559282e-12,8.982936e-08,0.99998593
pamap2,gnn_flatten_lstm,sequence,7,107,107,108,117,22534,22534,0,0,1,1,lying,lying,True,0.99998593,1.3699616e-05,1.3134108e-07,1.0796056e-09,2.6163884e-08,2.8246669e-11,9.844086e-10,9.921399e-08,1.6902624e-09,7.147039e-09,6.5608838e-12,8.984238e-08,0.99998593
pamap2,gnn_flatten_lstm,sequence,7,107,107,108,118,22535,22535,0,0,1,1,lying,lying,True,0.99998593,1.3692275e-05,1.3127583e-07,1.0799804e-09,2.6145875e-08,2.8232453e-11,9.83382e-10,9.923273e-08,1.6896982e-09,7.143046e-09,6.558957e-12,8.985369e-08,0.99998593
pamap2,gnn_flatten_lstm,sequence,7,107,107,108,119,22536,22536,0,0,1,1,lying,lying,True,0.99998593,1.3691726e-05,1.3134658e-07,1.079935e-09,2.613311e-08,2.8218993e-11,9.824391e-10,9.926207e-08,1.6907911e-09,7.1415607e-09,6.560646e-12,8.984238e-08,0.99998593
pamap2,gnn_flatten_lstm,sequence,7,107,107,108,120,22537,22537,0,0,1,1,lying,lying,True,0.99998593,1.3700674e-05,1.3150715e-07,1.081184e-09,2.6154702e-08,2.8259659e-11,9.836222e-10,9.9352604e-08,1.693008e-09,7.1507613e-09,6.570802e-12,8.9921244e-08,0.99998593
pamap2,gnn_flatten_lstm,sequence,7,107,107,108,121,22538,22538,0,0,1,1,lying,lying,True,0.99998593,1.37043335e-05,1.3155832e-07,1.0819288e-09,2.6174815e-08,2.8292611e-11,9.843579e-10,9.942218e-08,1.6943035e-09,7.157202e-09,6.5763194e-12,8.9991424e-08,0.99998593
pamap2,gnn_flatten_lstm,sequence,7,107,107,108,122,22539,22539,0,0,1,1,lying,lying,True,0.99998593,1.3702542e-05,1.3149686e-07,1.081149e-09,2.6175364e-08,2.8285974e-11,9.841571e-10,9.9392224e-08,1.6937574e-09,7.155182e-09,6.5721937e-12,8.994663e-08,0.99998593
pamap2,gnn_flatten_lstm,sequence,7,107,107,108,123,22540,22540,0,0,1,1,lying,lying,True,0.99998593,1.369396e-05,1.3131039e-07,1.0792185e-09,2.6139091e-08,2.8237943e-11,9.828758e-10,9.925014e-08,1.6900334e-09,7.1443265e-09,6.5574933e-12,8.981806e-08,0.99998593
pamap2,gnn_flatten_lstm,sequence,7,107,107,108,124,22541,22541,0,0,1,1,lying,lying,True,0.99998593,1.3698387e-05,1.3131539e-07,1.0793338e-09,2.6153705e-08,2.8263055e-11,9.837723e-10,9.926036e-08,1.6900367e-09,7.14798e-09,6.559182e-12,8.984136e-08,0.99998593
pamap2,gnn_flatten_lstm,sequence,7,107,107,108,125,22542,22542,0,0,1,1,lying,lying,True,0.99998593,1.3695867e-05,1.3126869e-07,1.078774e-09,2.6147568e-08,2.8243437e-11,9.834852e-10,9.921021e-08,1.689131e-09,7.1439996e-09,6.555005e-12,8.9790305e-08,0.99998593
pamap2,gnn_flatten_lstm,sequence,7,107,107,108,126,22543,22543,0,0,1,1,lying,lying,True,0.99998605,1.3687381e-05,1.3113758e-07,1.0768417e-09,2.6108502e-08,2.8186934e-11,9.814055e-10,9.9101094e-08,1.6863756e-09,7.131353e-09,6.541966e-12,8.966111e-08,0.99998605
pamap2,gnn_flatten_lstm,sequence,7,107,107,108,127,22544,22544,0,0,1,1,lying,lying,True,0.99998605,1.3685683e-05,1.3111844e-07,1.0768171e-09,2.6097846e-08,2.819016e-11,9.809432e-10,9.9123774e-08,1.6858321e-09,7.1303874e-09,6.5396707e-12,8.9629644e-08,0.99998605
pamap2,gnn_flatten_lstm,sequence,7,107,107,108,128,22545,22545,0,0,1,1,lying,lying,True,0.99998605,1.3683296e-05,1.3117223e-07,1.0787247e-09,2.613122e-08,2.8238809e-11,9.822275e-10,9.9232736e-08,1.6880845e-09,7.1411397e-09,6.5485824e-12,8.976309e-08,0.99998605
pamap2,gnn_flatten_lstm,sequence,7,107,107,108,129,22546,22546,0,0,1,1,lying,lying,True,0.99998605,1.3679655e-05,1.3115846e-07,1.0787082e-09,2.6127433e-08,2.8222279e-11,9.819409e-10,9.920757e-08,1.6878784e-09,7.138988e-09,6.5474705e-12,8.975778e-08,0.99998605
pamap2,gnn_flatten_lstm,sequence,7,107,107,108,130,22547,22547,0,0,1,1,lying,lying,True,0.99998605,1.3677568e-05,1.3102918e-07,1.0769157e-09,2.6111092e-08,2.8181827e-11,9.812651e-10,9.908182e-08,1.6854784e-09,7.1298976e-09,6.5374754e-12,8.9655124e-08,0.99998605
pamap2,gnn_flatten_lstm,sequence,7,107,107,108,131,22548,22548,0,0,1,1,lying,lying,True,0.99998605,1.3676342e-05,1.3101358e-07,1.0762976e-09,2.6089237e-08,2.8151474e-11,9.805541e-10,9.9030615e-08,1.6845368e-09,7.125208e-09,6.533711e-12,8.9598196e-08,0.99998605
pamap2,gnn_flatten_lstm,sequence,7,107,107,108,132,22549,22549,0,0,1,1,lying,lying,True,0.99998605,1.3689587e-05,1.3123278e-07,1.077491e-09,2.610397e-08,2.8176506e-11,9.814859e-10,9.912321e-08,1.6872926e-09,7.1324684e-09,6.5462093e-12,8.965188e-08,0.99998605
pamap2,gnn_flatten_lstm,sequence,7,107,107,108,133,22550,22550,0,0,1,1,lying,lying,True,0.99998593,1.3692393e-05,1.3132768e-07,1.0789386e-09,2.6137995e-08,2.8203278e-11,9.829039e-10,9.9179175e-08,1.6897755e-09,7.141384e-09,6.557106e-12,8.977232e-08,0.99998593
pamap2,gnn_flatten_lstm,sequence,7,107,107,108,134,22551,22551,0,0,1,1,lying,lying,True,0.99998605,1.3686532e-05,1.3124681e-07,1.0790704e-09,2.614463e-08,2.8195269e-11,9.831514e-10,9.914268e-08,1.6892665e-09,7.1400637e-09,6.5553682e-12,8.979769e-08,0.99998605
pamap2,gnn_flatten_lstm,sequence,7,107,107,108,135,22552,22552,0,0,1,1,lying,lying,True,0.99998605,1.3683426e-05,1.3116721e-07,1.078192e-09,2.61372e-08,2.818113e-11,9.825273e-10,9.9109975e-08,1.6884774e-09,7.1358293e-09,6.5502313e-12,8.9745285e-08,0.99998605
pamap2,gnn_flatten_lstm,sequence,7,107,107,108,136,22553,22553,0,0,1,1,lying,lying,True,0.99998605,1.3684653e-05,1.3117698e-07,1.0773759e-09,2.613082e-08,2.8171026e-11,9.81896e-10,9.9095224e-08,1.6884935e-09,7.1342647e-09,6.5485577e-12,8.970592e-08,0.99998605
pamap2,gnn_flatten_lstm,sequence,7,107,107,108,137,22554,22554,0,0,1,1,lying,lying,True,0.99998605,1.3687068e-05,1.311477e-07,1.0758522e-09,2.612773e-08,2.8143422e-11,9.818903e-10,9.898586e-08,1.6872379e-09,7.1309176e-09,6.543551e-12,8.962862e-08,0.99998605
pamap2,gnn_flatten_lstm,sequence,7,107,107,108,138,22555,22555,0,0,1,1,lying,lying,True,0.99998593,1.3693176e-05,1.312409e-07,1.0770265e-09,2.6163633e-08,2.819263e-11,9.834233e-10,9.9076324e-08,1.6897305e-09,7.1404713e-09,6.5528793e-12,8.971977e-08,0.99998593
pamap2,gnn_flatten_lstm,sequence,7,107,107,108,139,22556,22556,0,0,1,1,lying,lying,True,0.99998593,1.369652e-05,1.3129399e-07,1.0781527e-09,2.6177212e-08,2.8225505e-11,9.838548e-10,9.9172176e-08,1.6910201e-09,7.144722e-09,6.5597324e-12,8.9790305e-08,0.99998593
pamap2,gnn_flatten_lstm,sequence,7,107,107,108,140,22557,22557,0,0,1,1,lying,lying,True,0.99998593,1.3700007e-05,1.3132829e-07,1.0775257e-09,2.6191046e-08,2.8225667e-11,9.841907e-10,9.914873e-08,1.6918138e-09,7.14648e-09,6.5606834e-12,8.977455e-08,0.99998593
pamap2,gnn_flatten_lstm,sequence,7,107,107,108,141,22558,22558,0,0,1,1,lying,lying,True,0.99998593,1.3698845e-05,1.3129073e-07,1.0775586e-09,2.6219483e-08,2.823622e-11,9.853084e-10,9.912225e-08,1.6923237e-09,7.1500796e-09,6.561197e-12,8.980349e-08,0.99998593
pamap2,gnn_flatten_lstm,sequence,7,107,107,108,142,22559,22559,0,0,1,1,lying,lying,True,0.99998593,1.37096395e-05,1.3137051e-07,1.077906e-09,2.625266e-08,2.8244462e-11,9.869786e-10,9.9111475e-08,1.6936476e-09,7.1554815e-09,6.5689602e-12,8.9814115e-08,0.99998593
pamap2,gnn_flatten_lstm,sequence,7,107,107,108,143,22560,22560,0,0,1,1,lying,lying,True,0.99998593,1.3726739e-05,1.315454e-07,1.0783563e-09,2.628588e-08,2.8259388e-11,9.887574e-10,9.912036e-08,1.6959264e-09,7.162651e-09,6.581238e-12,8.9867754e-08,0.99998593
pamap2,gnn_flatten_lstm,sequence,7,107,107,108,144,22561,22561,0,0,1,1,lying,lying,True,0.99998593,1.3729436e-05,1.3164103e-07,1.0793585e-09,2.630223e-08,2.8278314e-11,9.889742e-10,9.920529e-08,1.6984191e-09,7.167202e-09,6.589817e-12,8.994869e-08,0.99998593
pamap2,gnn_flatten_lstm,sequence,7,107,107,108,145,22562,22562,0,0,1,1,lying,lying,True,0.99998593,1.3725313e-05,1.3160287e-07,1.078704e-09,2.6296462e-08,2.8245486e-11,9.885746e-10,9.9130766e-08,1.6980335e-09,7.163129e-09,6.5868136e-12,8.992639e-08,0.99998593
pamap2,gnn_flatten_lstm,sequence,7,107,107,108,146,22563,22563,0,0,1,1,lying,lying,True,0.99998593,1.3734282e-05,1.3172493e-07,1.0783234e-09,2.630519e-08,2.8228576e-11,9.893365e-10,9.906915e-08,1.6989277e-09,7.1654522e-09,6.5915893e-12,8.993016e-08,0.99998593
pamap2,gnn_flatten_lstm,sequence,7,107,107,108,147,22564,22564,0,0,1,1,lying,lying,True,0.99998593,1.37329325e-05,1.3175331e-07,1.0779347e-09,2.6290946e-08,2.821754e-11,9.885198e-10,9.906933e-08,1.6993232e-09,7.1638393e-09,6.5912375e-12,8.9922786e-08,0.99998593
pamap2,gnn_flatten_lstm,sequence,7,107,107,108,148,22565,22565,0,0,1,1,lying,lying,True,0.99998593,1.37376355e-05,1.318623e-07,1.0780848e-09,2.6282422e-08,2.821501e-11,9.880109e-10,9.91164e-08,1.7006104e-09,7.1646458e-09,6.595161e-12,8.991919e-08,0.99998593
pamap2,gnn_flatten_lstm,sequence,7,107,107,108,149,22566,22566,0,0,1,1,lying,lying,True,0.99998593,1.3749654e-05,1.3204476e-07,1.0803883e-09,2.6322306e-08,2.8285705e-11,9.897914e-10,9.92952e-08,1.7040813e-09,7.1789272e-09,6.6110806e-12,9.0070245e-08,0.99998593
pamap2,gnn_flatten_lstm,sequence,7,107,107,108,150,22567,22567,0,0,1,1,lying,lying,True,0.99998593,1.3753404e-05,1.3210231e-07,1.0808788e-09,2.6333804e-08,2.8300922e-11,9.903693e-10,9.932589e-08,1.7050144e-09,7.1828166e-09,6.6151164e-12,9.0111996e-08,0.99998593
pamap2,gnn_flatten_lstm,sequence,7,107,107,108,151,22568,22568,0,0,1,1,lying,lying,True,0.99998593,1.375856e-05,1.3214316e-07,1.0803513e-09,2.6336718e-08,2.8293043e-11,9.906186e-10,9.928346e-08,1.7049233e-09,7.18246e-09,6.615142e-12,9.0095156e-08,0.99998593
pamap2,gnn_flatten_lstm,sequence,7,107,107,108,152,22569,22569,0,0,1,1,lying,lying,True,0.99998593,1.3754703e-05,1.3209652e-07,1.0806356e-09,2.6342695e-08,2.830254e-11,9.907433e-10,9.9294446e-08,1.7048031e-09,7.183337e-09,6.6145106e-12,9.011561e-08,0.99998593
pamap2,gnn_flatten_lstm,sequence,7,107,107,108,153,22570,22570,0,0,1,1,lying,lying,True,0.99998593,1.3759033e-05,1.3208167e-07,1.0810727e-09,2.6378947e-08,2.8334734e-11,9.923697e-10,9.930865e-08,1.7053853e-09,7.189629e-09,6.618436e-12,9.015773e-08,0.99998593
pamap2,gnn_flatten_lstm,sequence,7,107,107,108,154,22571,22571,0,0,1,1,lying,lying,True,0.99998593,1.3749641e-05,1.3189046e-07,1.0796117e-09,2.6371854e-08,2.8305996e-11,9.916962e-10,9.920926e-08,1.7031878e-09,7.1819124e-09,6.6072486e-12,9.0082956e-08,0.99998593
pamap2,gnn_flatten_lstm,sequence,7,107,107,108,155,22572,22572,0,0,1,1,lying,lying,True,0.99998593,1.3743767e-05,1.3176123e-07,1.0780088e-09,2.6355359e-08,2.826036e-11,9.907319e-10,9.909579e-08,1.7009769e-09,7.172877e-09,6.5970857e-12,8.9973064e-08,0.99998593
pamap2,gnn_flatten_lstm,sequence,7,107,107,108,156,22573,22573,0,0,1,1,lying,lying,True,0.99998593,1.3739377e-05,1.3169617e-07,1.0776757e-09,2.6341088e-08,2.8243761e-11,9.900406e-10,9.907028e-08,1.6997155e-09,7.1685142e-09,6.5926453e-12,8.992828e-08,0.99998593
pamap2,gnn_flatten_lstm,sequence,7,107,107,108,157,22574,22574,0,0,1,1,lying,lying,True,0.99998593,1.3734845e-05,1.3169152e-07,1.0767266e-09,2.6331946e-08,2.8217593e-11,9.890988e-10,9.9028526e-08,1.6998255e-09,7.1646458e-09,6.588824e-12,8.986981e-08,0.99998593
pamap2,gnn_flatten_lstm,sequence,7,107,107,108,158,22575,22575,0,0,1,1,lying,lying,True,0.99998593,1.3729057e-05,1.3159372e-07,1.0759095e-09,2.6326523e-08,2.8189942e-11,9.886989e-10,9.895923e-08,1.6987074e-09,7.160356e-09,6.5831585e-12,8.981103e-08,0.99998593
pamap2,gnn_flatten_lstm,sequence,7,107,107,108,159,22576,22576,0,0,1,1,lying,lying,True,0.99998593,1.3728362e-05,1.3160928e-07,1.0772524e-09,2.6341038e-08,2.8211565e-11,9.893837e-10,9.90238e-08,1.6995403e-09,7.1647e-09,6.5885223e-12,8.987889e-08,0.99998593
pamap2,gnn_flatten_lstm,sequence,7,107,107,108,160,22577,22577,0,0,1,1,lying,lying,True,0.99998593,1.3726177e-05,1.3155595e-07,1.0769731e-09,2.6337771e-08,2.8199406e-11,9.894366e-10,9.8973764e-08,1.6984417e-09,7.1623774e-09,6.5851556e-12,8.985113e-08,0.99998593
pamap2,gnn_flatten_lstm,sequence,7,107,107,108,161,22578,22578,0,0,1,1,lying,lying,True,0.99998593,1.372615e-05,1.3153488e-07,1.0743264e-09,2.6288037e-08,2.8115947e-11,9.87472e-10,9.879704e-08,1.6957744e-09,7.148157e-09,6.573134e-12,8.9653746e-08,0.99998593
pamap2,gnn_flatten_lstm,sequence,7,107,107,108,162,22579,22579,0,0,1,1,lying,lying,True,0.99998593,1.3716127e-05,1.3148583e-07,1.0740724e-09,2.6271245e-08,2.8095791e-11,9.862711e-10,9.879477e-08,1.695713e-09,7.1439996e-09,6.5691983e-12,8.962537e-08,0.99998593
pamap2,gnn_flatten_lstm,sequence,7,107,107,108,163,22580,22580,0,0,1,1,lying,lying,True,0.99998593,1.3714597e-05,1.3140271e-07,1.0737937e-09,2.6278162e-08,2.8096756e-11,9.864216e-10,9.877951e-08,1.6948949e-09,7.1433592e-09,6.5662293e-12,8.9610495e-08,0.99998593
pamap2,gnn_flatten_lstm,sequence,7,107,107,108,164,22581,22581,0,0,1,1,lying,lying,True,0.99998593,1.3722132e-05,1.3139382e-07,1.0745888e-09,2.6321151e-08,2.8154479e-11,9.884218e-10,9.884227e-08,1.6957001e-09,7.152466e-09,6.571692e-12,8.967888e-08,0.99998593
pamap2,gnn_flatten_lstm,sequence,7,107,107,108,165,22582,22582,0,0,1,1,lying,lying,True,0.99998593,1.3710347e-05,1.3124942e-07,1.0738634e-09,2.6301628e-08,2.8117234e-11,9.874079e-10,9.87635e-08,1.6936151e-09,7.1448722e-09,6.5622356e-12,8.961306e-08,0.99998593
pamap2,gnn_flatten_lstm,sequence,7,107,107,108,166,22583,22583,0,0,1,1,lying,lying,True,0.99998593,1.3705418e-05,1.3117821e-07,1.0733106e-09,2.6303134e-08,2.8107528e-11,9.873214e-10,9.871096e-08,1.6926142e-09,7.143141e-09,6.557656e-12,8.96028e-08,0.99998593
pamap2,gnn_flatten_lstm,sequence,7,107,107,108,167,22584,22584,0,0,1,1,lying,lying,True,0.99998593,1.3703889e-05,1.311288e-07,1.0726311e-09,2.6304138e-08,2.8097507e-11,9.87393e-10,9.8650915e-08,1.691649e-09,7.1410984e-09,6.5536044e-12,8.9570335e-08,0.99998593
pamap2,gnn_flatten_lstm,sequence,7,107,107,108,168,22585,22585,0,0,1,1,lying,lying,True,0.99998593,1.3703535e-05,1.3110741e-07,1.071997e-09,2.63079e-08,2.8082077e-11,9.875135e-10,9.8594676e-08,1.6912974e-09,7.140049e-09,6.552005e-12,8.953566e-08,0.99998593
pamap2,gnn_flatten_lstm,sequence,7,107,107,108,169,22586,22586,0,0,1,1,lying,lying,True,0.99998593,1.3702922e-05,1.310863e-07,1.0723815e-09,2.6320246e-08,2.8089683e-11,9.879316e-10,9.860746e-08,1.6916942e-09,7.141779e-09,6.5543296e-12,8.956743e-08,0.99998593
pamap2,gnn_flatten_lstm,sequence,7,107,107,108,170,22587,22587,0,0,1,1,lying,lying,True,0.99998593,1.3710215e-05,1.3109005e-07,1.0731713e-09,2.63435e-08,2.8121956e-11,9.893308e-10,9.863982e-08,1.6917556e-09,7.1454713e-09,6.558607e-12,8.961665e-08,0.99998593
pamap2,gnn_flatten_lstm,sequence,7,107,107,108,171,22588,22588,0,0,1,1,lying,lying,True,0.99998593,1.3701785e-05,1.3095347e-07,1.0722015e-09,2.6326724e-08,2.8084753e-11,9.884784e-10,9.8545975e-08,1.6897337e-09,7.137857e-09,6.5496935e-12,8.95565e-08,0.99998593
pamap2,gnn_flatten_lstm,sequence,7,107,107,108,172,22589,22589,0,0,1,1,lying,lying,True,0.99998593,1.3704934e-05,1.3107854e-07,1.0714472e-09,2.6296915e-08,2.8061515e-11,9.871255e-10,9.853809e-08,1.690388e-09,7.13425e-09,6.549506e-12,8.9503224e-08,0.99998593
pamap2,gnn_flatten_lstm,sequence,7,107,107,108,173,22590,22590,0,0,1,1,lying,lying,True,0.99998593,1.3713224e-05,1.3122552e-07,1.0721258e-09,2.630183e-08,2.8085718e-11,9.872799e-10,9.863117e-08,1.6925786e-09,7.139409e-09,6.5572057e-12,8.953361e-08,0.99998593
pamap2,gnn_flatten_lstm,sequence,7,107,107,108,174,22591,22591,0,0,1,1,lying,lying,True,0.99998593,1.3714427e-05,1.3124541e-07,1.0722403e-09,2.6306846e-08,2.8075221e-11,9.876642e-10,9.861311e-08,1.6927691e-09,7.1402675e-09,6.5586443e-12,8.952388e-08,0.99998593
pamap2,gnn_flatten_lstm,sequence,7,107,107,108,175,22592,22592,0,0,1,1,lying,lying,True,0.99998593,1.3723559e-05,1.3130487e-07,1.0729032e-09,2.6347118e-08,2.8123993e-11,9.894422e-10,9.867162e-08,1.6942968e-09,7.1498887e-09,6.5666426e-12,8.9613394e-08,0.99998593
pamap2,gnn_flatten_lstm,sequence,7,107,107,108,176,22593,22593,0,0,1,1,lying,lying,True,0.99998593,1.3729541e-05,1.3141111e-07,1.0745231e-09,2.6365717e-08,2.8172313e-11,9.904544e-10,9.879251e-08,1.6962014e-09,7.1589357e-09,6.5760184e-12,8.971823e-08,0.99998593
pamap2,gnn_flatten_lstm,sequence,7,107,107,108,177,22594,22594,0,0,1,1,lying,lying,True,0.99998593,1.373144e-05,1.3149987e-07,1.0752469e-09,2.6352646e-08,2.8185372e-11,9.899292e-10,9.8874516e-08,1.6971529e-09,7.1605744e-09,6.579807e-12,8.9737576e-08,0.99998593
pamap2,gnn_flatten_lstm,sequence,7,107,107,108,178,22595,22595,0,0,1,1,lying,lying,True,0.99998593,1.3738631e-05,1.316271e-07,1.0762913e-09,2.6362198e-08,2.821743e-11,9.906714e-10,9.895923e-08,1.6988144e-09,7.167202e-09,6.5874793e-12,8.978551e-08,0.99998593
pamap2,gnn_flatten_lstm,sequence,7,107,107,108,179,22596,22596,0,0,1,1,lying,lying,True,0.99998593,1.37393e-05,1.3162747e-07,1.0759527e-09,2.6364713e-08,2.8217269e-11,9.907168e-10,9.894677e-08,1.6990023e-09,7.16753e-09,6.587052e-12,8.978653e-08,0.99998593
pamap2,gnn_flatten_lstm,sequence,7,107,107,108,180,22597,22597,0,0,1,1,lying,lying,True,0.99998593,1.3735317e-05,1.3158305e-07,1.074763e-09,2.633968e-08,2.8177363e-11,9.893423e-10,9.8885266e-08,1.6978748e-09,7.160001e-09,6.5805603e-12,8.970694e-08,0.99998593
pamap2,gnn_flatten_lstm,sequence,7,107,107,108,181,22598,22598,0,0,1,1,lying,lying,True,0.99998593,1.3734138e-05,1.316217e-07,1.0760922e-09,2.6349378e-08,2.8181448e-11,9.899311e-10,9.89245e-08,1.6987884e-09,7.163812e-09,6.5862858e-12,8.9769244e-08,0.99998593
pamap2,gnn_flatten_lstm,sequence,7,107,107,108,182,22599,22599,0,0,1,1,lying,lying,True,0.99998593,1.3727852e-05,1.315385e-07,1.0754498e-09,2.6341691e-08,2.8154102e-11,9.893761e-10,9.88549e-08,1.6977778e-09,7.158499e-09,6.581037e-12,8.97386e-08,0.99998593
pamap2,gnn_flatten_lstm,sequence,7,107,107,108,183,22600,22600,0,0,1,1,lying,lying,True,0.99998593,1.371767e-05,1.31366e-07,1.0736688e-09,2.6321803e-08,2.8106082e-11,9.880071e-10,9.874053e-08,1.6957259e-09,7.148266e-09,6.5694993e-12,8.9644e-08,0.99998593
pamap2,gnn_flatten_lstm,sequence,7,107,107,108,184,22601,22601,0,0,1,1,lying,lying,True,0.99998593,1.3720483e-05,1.3142954e-07,1.073888e-09,2.633104e-08,2.8105386e-11,9.884048e-10,9.874637e-08,1.6966804e-09,7.1504753e-09,6.5730086e-12,8.965016e-08,0.99998593
pamap2,gnn_flatten_lstm,sequence,7,107,107,108,185,22602,22602,0,0,1,1,lying,lying,True,0.99998593,1.3735133e-05,1.3160098e-07,1.0757248e-09,2.6383074e-08,2.8173871e-11,9.910495e-10,9.8862635e-08,1.6996797e-09,7.1647825e-09,6.5883466e-12,8.977935e-08,0.99998593
pamap2,gnn_flatten_lstm,sequence,7,107,107,108,186,22603,22603,0,0,1,1,lying,lying,True,0.99998593,1.3739116e-05,1.3164079e-07,1.0763899e-09,2.6412275e-08,2.8202957e-11,9.922013e-10,9.890526e-08,1.701071e-09,7.171851e-09,6.5944815e-12,8.985096e-08,0.99998593
pamap2,gnn_flatten_lstm,sequence,7,107,107,108,187,22604,22604,0,0,1,1,lying,lying,True,0.99998593,1.3730144e-05,1.3148006e-07,1.0739801e-09,2.637915e-08,2.814272e-11,9.904789e-10,9.8752196e-08,1.6981048e-09,7.1599464e-09,6.580184e-12,8.971789e-08,0.99998593
pamap2,gnn_flatten_lstm,sequence,7,107,107,108,188,22605,22605,0,0,1,1,lying,lying,True,0.99998593,1.3720157e-05,1.31367e-07,1.0730566e-09,2.6355663e-08,2.8110585e-11,9.892328e-10,9.86863e-08,1.6964021e-09,7.1531074e-09,6.5714036e-12,8.9648786e-08,0.99998593
pamap2,gnn_flatten_lstm,sequence,7,107,107,108,189,22606,22606,0,0,1,1,lying,lying,True,0.99998593,1.3716519e-05,1.3135524e-07,1.0729564e-09,2.63437e-08,2.8105546e-11,9.88731e-10,9.868329e-08,1.695975e-09,7.1515656e-09,6.5688726e-12,8.962417e-08,0.99998593
pamap2,gnn_flatten_lstm,sequence,7,107,107,108,190,22607,22607,0,0,1,1,lying,lying,True,0.99998593,1.37185725e-05,1.3129737e-07,1.0720748e-09,2.6338826e-08,2.8104956e-11,9.885915e-10,9.8654304e-08,1.6947591e-09,7.1490973e-09,6.5637626e-12,8.9569824e-08,0.99998593
pamap2,gnn_flatten_lstm,sequence,7,107,107,108,191,22608,22608,0,0,1,1,lying,lying,True,0.99998593,1.3716859e-05,1.3123115e-07,1.0716535e-09,2.6325468e-08,2.8087003e-11,9.883313e-10,9.860483e-08,1.6928918e-09,7.14494e-09,6.5588815e-12,8.952644e-08,0.99998593
pamap2,gnn_flatten_lstm,sequence,7,107,107,108,192,22609,22609,0,0,1,1,lying,lying,True,0.99998593,1.3712452e-05,1.3117683e-07,1.0716639e-09,2.633099e-08,2.8077951e-11,9.887121e-10,9.8552746e-08,1.6922527e-09,7.1445587e-09,6.556956e-12,8.953361e-08,0.99998593
pamap2,gnn_flatten_lstm,sequence,7,107,107,108,193,22610,22610,0,0,1,1,lying,lying,True,0.99998593,1.3712987e-05,1.3119097e-07,1.0718989e-09,2.6328832e-08,2.8075809e-11,9.88633e-10,9.8555e-08,1.6923011e-09,7.1438224e-09,6.5582934e-12,8.954795e-08,0.99998593
pamap2,gnn_flatten_lstm,sequence,7,107,107,108,194,22611,22611,0,0,1,1,lying,lying,True,0.99998593,1.372594e-05,1.3138316e-07,1.0731427e-09,2.6340386e-08,2.8131612e-11,9.891762e-10,9.871416e-08,1.694937e-09,7.1516615e-09,6.569524e-12,8.961904e-08,0.99998593
pamap2,gnn_flatten_lstm,sequence,7,107,107,108,195,22612,22612,0,0,1,1,lying,lying,True,0.99998593,1.3728244e-05,1.3144583e-07,1.0741891e-09,2.6342294e-08,2.8152224e-11,9.895649e-10,9.8786856e-08,1.6959167e-09,7.1557955e-09,6.574413e-12,8.966622e-08,0.99998593
pamap2,gnn_flatten_lstm,sequence,7,107,107,108,196,22613,22613,0,0,1,1,lying,lying,True,0.99998593,1.372636e-05,1.3141236e-07,1.0740805e-09,2.6344907e-08,2.813966e-11,9.897764e-10,9.8754455e-08,1.6958843e-09,7.1558093e-09,6.5736605e-12,8.9668106e-08,0.99998593
pamap2,gnn_flatten_lstm,sequence,7,107,107,108,197,22614,22614,0,0,1,1,lying,lying,True,0.99998593,1.3724802e-05,1.3141288e-07,1.0747281e-09,2.6343198e-08,2.814911e-11,9.89378e-10,9.8819086e-08,1.6965315e-09,7.155905e-09,6.576043e-12,8.9701636e-08,0.99998593
pamap2,gnn_flatten_lstm,sequence,7,107,107,108,198,22615,22615,0,0,1,1,lying,lying,True,0.99998593,1.3729843e-05,1.3151579e-07,1.07593e-09,2.6355963e-08,2.8178654e-11,9.90003e-10,9.890413e-08,1.6982182e-09,7.1613937e-09,6.583874e-12,8.977147e-08,0.99998593
pamap2,gnn_flatten_lstm,sequence,7,107,107,108,199,22616,22616,0,0,1,1,lying,lying,True,0.99998593,1.3736902e-05,1.3158355e-07,1.0755381e-09,2.6352746e-08,2.817457e-11,9.900841e-10,9.888489e-08,1.6983348e-09,7.160452e-09,6.5849917e-12,8.974151e-08,0.99998593
pamap2,gnn_flatten_lstm,sequence,7,107,107,108,200,22617,22617,0,0,1,1,lying,lying,True,0.99998593,1.3742116e-05,1.3157916e-07,1.0741112e-09,2.6342494e-08,2.8152009e-11,9.898745e-10,9.880589e-08,1.6972209e-09,7.1561645e-09,6.5801583e-12,8.964486e-08,0.99998593
pamap2,gnn_flatten_lstm,sequence,7,107,107,108,201,22618,22618,0,0,1,1,lying,lying,True,0.99998593,1.37436755e-05,1.3161919e-07,1.0735112e-09,2.6337268e-08,2.813306e-11,9.895856e-10,9.876557e-08,1.6971691e-09,7.1550863e-09,6.5795308e-12,8.9615966e-08,0.99998593
pamap2,gnn_flatten_lstm,sequence,7,107,107,108,202,22619,22619,0,0,1,1,lying,lying,True,0.99998593,1.3728939e-05,1.3148095e-07,1.0727845e-09,2.632386e-08,2.8108548e-11,9.881955e-10,9.872848e-08,1.6963471e-09,7.1494797e-09,6.5719557e-12,8.9601265e-08,0.99998593
pamap2,gnn_flatten_lstm,sequence,7,107,107,108,203,22620,22620,0,0,1,1,lying,lying,True,0.99998593,1.3733601e-05,1.3156861e-07,1.0740826e-09,2.6347822e-08,2.8164523e-11,9.891951e-10,9.884906e-08,1.6982992e-09,7.1591817e-09,6.5801583e-12,8.968247e-08,0.99998593
pamap2,gnn_flatten_lstm,sequence,7,107,107,108,204,22621,22621,0,0,1,1,lying,lying,True,0.99998593,1.3727852e-05,1.3151367e-07,1.0747364e-09,2.6356718e-08,2.8174355e-11,9.894838e-10,9.887942e-08,1.6984449e-09,7.161039e-09,6.5799076e-12,8.9696336e-08,0.99998593
pamap2,gnn_flatten_lstm,sequence,7,107,107,108,205,22622,22622,0,0,1,1,lying,lying,True,0.99998593,1.3713341e-05,1.313293e-07,1.0737815e-09,2.6348072e-08,2.8131502e-11,9.887366e-10,9.876161e-08,1.6963244e-09,7.1537487e-09,6.5694494e-12,8.966007e-08,0.99998593
pamap2,gnn_flatten_lstm,sequence,7,107,107,108,206,22623,22623,0,0,1,1,lying,lying,True,0.99998593,1.3718351e-05,1.3129423e-07,1.0729339e-09,2.636974e-08,2.8123564e-11,9.899142e-10,9.865619e-08,1.6953831e-09,7.1534076e-09,6.567946e-12,8.964451e-08,0.99998593
pamap2,gnn_flatten_lstm,sequence,7,107,107,108,207,22624,22624,0,0,1,1,lying,lying,True,0.99998593,1.37205225e-05,1.3128272e-07,1.0727047e-09,2.6380809e-08,2.8108118e-11,9.905354e-10,9.860313e-08,1.6953509e-09,7.1518795e-09,6.568196e-12,8.9605365e-08,0.99998593
pamap2,gnn_flatten_lstm,sequence,7,107,107,108,208,22625,22625,0,0,1,1,lying,lying,True,0.99998593,1.3721229e-05,1.3128009e-07,1.0729503e-09,2.6389163e-08,2.8119328e-11,9.906337e-10,9.863436e-08,1.6957777e-09,7.152875e-09,6.5702387e-12,8.962674e-08,0.99998593
pamap2,gnn_flatten_lstm,sequence,7,107,107,108,209,22626,22626,0,0,1,1,lying,lying,True,0.99998593,1.371236e-05,1.3114844e-07,1.0716945e-09,2.6363805e-08,2.8077844e-11,9.891875e-10,9.8559326e-08,1.6938446e-09,7.144695e-09,6.5609215e-12,8.954351e-08,0.99998593
pamap2,gnn_flatten_lstm,sequence,7,107,107,108,210,22627,22627,0,0,1,1,lying,lying,True,0.99998593,1.3710843e-05,1.3109155e-07,1.0712325e-09,2.6360638e-08,2.806676e-11,9.89112e-10,9.8522484e-08,1.6929628e-09,7.142229e-09,6.557606e-12,8.9506294e-08,0.99998593
pamap2,gnn_flatten_lstm,sequence,7,107,107,108,211,22628,22628,0,0,1,1,lying,lying,True,0.99998593,1.37107645e-05,1.3105817e-07,1.0704483e-09,2.6350234e-08,2.804172e-11,9.890102e-10,9.843814e-08,1.6916621e-09,7.138565e-09,6.5534795e-12,8.946482e-08,0.99998593
pamap2,gnn_flatten_lstm,sequence,7,107,107,108,212,22629,22629,0,0,1,1,lying,lying,True,0.99998593,1.37244615e-05,1.3126719e-07,1.072361e-09,2.6387854e-08,2.8107476e-11,9.910116e-10,9.8574745e-08,1.6949563e-09,7.1523707e-09,6.568622e-12,8.960007e-08,0.99998593
pamap2,gnn_flatten_lstm,sequence,7,107,107,108,213,22630,22630,0,0,1,1,lying,lying,True,0.99998593,1.3727264e-05,1.313348e-07,1.0719521e-09,2.6386143e-08,2.809279e-11,9.908869e-10,9.855086e-08,1.6956094e-09,7.152521e-09,6.569925e-12,8.9586564e-08,0.99998593
pamap2,gnn_flatten_lstm,sequence,7,107,107,108,214,22631,22631,0,0,1,1,lying,lying,True,0.99998593,1.3720994e-05,1.3127182e-07,1.0720339e-09,2.638725e-08,2.8101419e-11,9.902447e-10,9.859524e-08,1.6959556e-09,7.152275e-09,6.5685847e-12,8.9614424e-08,0.99998593
pamap2,gnn_flatten_lstm,sequence,7,107,107,108,215,22632,22632,0,0,1,1,lying,lying,True,0.99998593,1.3717578e-05,1.3127733e-07,1.0722628e-09,2.636964e-08,2.8095042e-11,9.893535e-10,9.86274e-08,1.6959135e-09,7.1498887e-09,6.567933e-12,8.9609124e-08,0.99998593
pamap2,gnn_flatten_lstm,sequence,7,107,107,108,216,22633,22633,0,0,1,1,lying,lying,True,0.99998593,1.3727459e-05,1.313972e-07,1.0720748e-09,2.6361645e-08,2.808936e-11,9.894969e-10,9.8617434e-08,1.6961625e-09,7.150748e-09,6.571078e-12,8.9591865e-08,0.99998593
pamap2,gnn_flatten_lstm,sequence,7,107,107,108,217,22634,22634,0,0,1,1,lying,lying,True,0.99998593,1.3721243e-05,1.3132704e-07,1.0721606e-09,2.63627e-08,2.8096274e-11,9.895649e-10,9.861423e-08,1.6956935e-09,7.1515385e-09,6.568384e-12,8.959819e-08,0.99998593
pamap2,gnn_flatten_lstm,sequence,7,107,107,108,218,22635,22635,0,0,1,1,lying,lying,True,0.99998593,1.3718063e-05,1.3135347e-07,1.072537e-09,2.6364612e-08,2.809472e-11,9.892139e-10,9.863906e-08,1.6964571e-09,7.1516477e-09,6.5700253e-12,8.96175e-08,0.99998593
pamap2,gnn_flatten_lstm,sequence,7,107,107,108,219,22636,22636,0,0,1,1,lying,lying,True,0.99998593,1.371784e-05,1.313506e-07,1.0721197e-09,2.6356869e-08,2.808154e-11,9.887895e-10,9.861875e-08,1.69625e-09,7.1496027e-09,6.568484e-12,8.9588276e-08,0.99998593
pamap2,gnn_flatten_lstm,sequence,7,107,107,108,220,22637,22637,0,0,1,1,lying,lying,True,0.99998593,1.3718599e-05,1.3131853e-07,1.0732204e-09,2.63796e-08,2.812056e-11,9.898556e-10,9.8698344e-08,1.6969425e-09,7.154813e-09,6.5724444e-12,8.9648275e-08,0.99998593
pamap2,gnn_flatten_lstm,sequence,7,107,107,108,221,22638,22638,0,0,1,1,lying,lying,True,0.99998593,1.371181e-05,1.311697e-07,1.0727006e-09,2.637603e-08,2.8099544e-11,9.898028e-10,9.862834e-08,1.6950921e-09,7.1503794e-09,6.565428e-12,8.96081e-08,0.99998593
pamap2,gnn_flatten_lstm,sequence,7,107,107,108,222,22639,22639,0,0,1,1,lying,lying,True,0.99998593,1.3717657e-05,1.3123527e-07,1.0719888e-09,2.6376984e-08,2.808229e-11,9.900633e-10,9.8575114e-08,1.6952765e-09,7.150025e-09,6.565966e-12,8.956145e-08,0.99998593
pamap2,gnn_flatten_lstm,sequence,7,107,107,108,223,22640,22640,0,0,1,1,lying,lying,True,0.99998593,1.3713838e-05,1.3120248e-07,1.0717108e-09,2.6365617e-08,2.8074418e-11,9.894932e-10,9.856233e-08,1.6946525e-09,7.147162e-09,6.5627113e-12,8.953208e-08,0.99998593
pamap2,gnn_flatten_lstm,sequence,7,107,107,108,224,22641,22641,0,0,1,1,lying,lying,True,0.99998593,1.3713629e-05,1.3121662e-07,1.0709711e-09,2.6341539e-08,2.8061409e-11,9.882445e-10,9.8565906e-08,1.6940901e-09,7.1431683e-09,6.5589942e-12,8.9465495e-08,0.99998593
pamap2,gnn_flatten_lstm,sequence,7,107,107,108,225,22642,22642,0,0,1,1,lying,lying,True,0.99998593,1.3719607e-05,1.3131239e-07,1.0719704e-09,2.6356668e-08,2.8091666e-11,9.892555e-10,9.862495e-08,1.6953152e-09,7.1504616e-09,6.5659917e-12,8.9529e-08,0.99998593
pamap2,gnn_flatten_lstm,sequence,7,107,107,108,226,22643,22643,0,0,1,1,lying,lying,True,0.99998593,1.3712334e-05,1.3119835e-07,1.0717741e-09,2.6364862e-08,2.8089897e-11,9.892083e-10,9.8596935e-08,1.6946654e-09,7.1493975e-09,6.5622607e-12,8.954454e-08,0.99998593
pamap2,gnn_flatten_lstm,sequence,7,107,107,108,227,22644,22644,0,0,1,1,lying,lying,True,0.99998593,1.3706764e-05,1.3112242e-07,1.0710182e-09,2.633943e-08,2.8071365e-11,9.878299e-10,9.858151e-08,1.6934762e-09,7.14261e-09,6.555755e-12,8.946823e-08,0.99998593
pamap2,gnn_flatten_lstm,sequence,7,107,107,108,228,22645,22645,0,0,1,1,lying,lying,True,0.99998593,1.3716127e-05,1.3124003e-07,1.0719071e-09,2.6347069e-08,2.8096327e-11,9.883991e-10,9.865976e-08,1.6948076e-09,7.147284e-09,6.5631116e-12,8.9498435e-08,0.99998593
pamap2,gnn_flatten_lstm,sequence,7,107,107,108,229,22646,22646,0,0,1,1,lying,lying,True,0.99998593,1.3719293e-05,1.313318e-07,1.0720748e-09,2.6359382e-08,2.8099382e-11,9.891988e-10,9.863568e-08,1.6958586e-09,7.1517707e-09,6.566342e-12,8.953975e-08,0.99998593
pamap2,gnn_flatten_lstm,sequence,7,107,107,108,230,22647,22647,0,0,1,1,lying,lying,True,0.99998593,1.3727172e-05,1.3145724e-07,1.0722281e-09,2.6358125e-08,2.8090646e-11,9.893026e-10,9.863982e-08,1.6968972e-09,7.15233e-09,6.5716547e-12,8.954694e-08,0.99998593
pamap2,gnn_flatten_lstm,sequence,7,107,107,108,231,22648,22648,0,0,1,1,lying,lying,True,0.99998593,1.3731283e-05,1.31414e-07,1.0728807e-09,2.6386294e-08,2.8107692e-11,9.906563e-10,9.86528e-08,1.6972338e-09,7.1558373e-09,6.576332e-12,8.960571e-08,0.99998593
pamap2,gnn_flatten_lstm,sequence,7,107,107,108,232,22649,22649,0,0,1,1,lying,lying,True,0.99998593,1.3725286e-05,1.3134346e-07,1.0722097e-09,2.6364912e-08,2.8064833e-11,9.898443e-10,9.856384e-08,1.6955578e-09,7.1477073e-09,6.5700253e-12,8.95401e-08,0.99998593
pamap2,gnn_flatten_lstm,sequence,7,107,107,108,233,22650,22650,0,0,1,1,lying,lying,True,0.99998593,1.3740058e-05,1.3154352e-07,1.0725677e-09,2.6400894e-08,2.8094934e-11,9.914048e-10,9.8603515e-08,1.6985098e-09,7.157106e-09,6.581916e-12,8.960366e-08,0.99998593
pamap2,gnn_flatten_lstm,sequence,7,107,107,108,234,22651,22651,0,0,1,1,lying,lying,True,0.99998593,1.3744699e-05,1.3162132e-07,1.0725697e-09,2.6409657e-08,2.8101365e-11,9.915865e-10,9.86274e-08,1.6999812e-09,7.159919e-09,6.5865625e-12,8.963169e-08,0.99998593
pamap2,gnn_flatten_lstm,sequence,7,107,107,108,235,22652,22652,0,0,1,1,lying,lying,True,0.99998593,1.374648e-05,1.3166225e-07,1.0725083e-09,2.6414442e-08,2.8098364e-11,9.918684e-10,9.8615736e-08,1.7006104e-09,7.162091e-09,6.5883466e-12,8.9639556e-08,0.99998593
pamap2,gnn_flatten_lstm,sequence,7,107,107,108,236,22653,22653,0,0,1,1,lying,lying,True,0.99998593,1.375271e-05,1.3171827e-07,1.072083e-09,2.641273e-08,2.809622e-11,9.919345e-10,9.860201e-08,1.700698e-09,7.162159e-09,6.5895405e-12,8.9624685e-08,0.99998593
pamap2,gnn_flatten_lstm,sequence,7,107,107,108,237,22654,22654,0,0,1,1,lying,lying,True,0.99998593,1.37560155e-05,1.317581e-07,1.0725002e-09,2.6428756e-08,2.8118844e-11,9.925326e-10,9.8645835e-08,1.701759e-09,7.166272e-09,6.593878e-12,8.967341e-08,0.99998593
pamap2,gnn_flatten_lstm,sequence,7,107,107,108,238,22655,22655,0,0,1,1,lying,lying,True,0.99998593,1.3752854e-05,1.3175143e-07,1.0725819e-09,2.6426639e-08,2.8121096e-11,9.923206e-10,9.866409e-08,1.7023563e-09,7.167065e-09,6.5940287e-12,8.9684356e-08,0.99998593
pamap2,gnn_flatten_lstm,sequence,7,107,107,108,239,22656,22656,0,0,1,1,lying,lying,True,0.99998593,1.3757118e-05,1.3182056e-07,1.0737529e-09,2.6444992e-08,2.815158e-11,9.933052e-10,9.8732805e-08,1.7037369e-09,7.1730684e-09,6.6006983e-12,8.975709e-08,0.99998593
pamap2,gnn_flatten_lstm,sequence,7,107,107,108,240,22657,22657,0,0,1,1,lying,lying,True,0.99998593,1.3752604e-05,1.3178688e-07,1.0739617e-09,2.6443177e-08,2.8149648e-11,9.930438e-10,9.874166e-08,1.7034086e-09,7.172152e-09,6.599162e-12,8.976085e-08,0.99998593
pamap2,gnn_flatten_lstm,sequence,7,107,107,108,241,22658,22658,0,0,1,1,lying,lying,True,0.99998593,1.374913e-05,1.3173812e-07,1.073929e-09,2.6446102e-08,2.8156949e-11,9.926405e-10,9.877424e-08,1.7034834e-09,7.1722615e-09,6.598055e-12,8.976513e-08,0.99998593
pamap2,gnn_flatten_lstm,sequence,7,107,107,108,242,22659,22659,0,0,1,1,lying,lying,True,0.99998593,1.375612e-05,1.3184079e-07,1.0752981e-09,2.6466235e-08,2.8202097e-11,9.935781e-10,9.888734e-08,1.7052291e-09,7.179954e-09,6.6064667e-12,8.98357e-08,0.99998593
pamap2,gnn_flatten_lstm,sequence,7,107,107,108,243,22660,22660,0,0,1,1,lying,lying,True,0.99998593,1.3746468e-05,1.3174113e-07,1.075413e-09,2.645044e-08,2.8192955e-11,9.927162e-10,9.8891306e-08,1.7041366e-09,7.1763666e-09,6.6011515e-12,8.982645e-08,0.99998593
pamap2,gnn_flatten_lstm,sequence,7,107,107,108,244,22661,22661,0,0,1,1,lying,lying,True,0.99998593,1.3740413e-05,1.316197e-07,1.0730649e-09,2.639893e-08,2.8117985e-11,9.905016e-10,9.874053e-08,1.7007337e-09,7.161094e-09,6.5863617e-12,8.9643315e-08,0.99998593
pamap2,gnn_flatten_lstm,sequence,7,107,107,108,245,22662,22662,0,0,1,1,lying,lying,True,0.99998593,1.3741369e-05,1.3162521e-07,1.0730772e-09,2.6403312e-08,2.8115626e-11,9.909625e-10,9.871492e-08,1.7005974e-09,7.1623227e-09,6.587027e-12,8.964605e-08,0.99998593
pamap2,gnn_flatten_lstm,sequence,7,107,107,108,246,22663,22663,0,0,1,1,lying,lying,True,0.99998593,1.3740216e-05,1.316158e-07,1.0744904e-09,2.6424724e-08,2.8138053e-11,9.921086e-10,9.8752196e-08,1.7011034e-09,7.166641e-09,6.5919917e-12,8.9735174e-08,0.99998593
pamap2,gnn_flatten_lstm,sequence,7,107,107,108,247,22664,22664,0,0,1,1,lying,lying,True,0.99998593,1.3731309e-05,1.3147304e-07,1.0724347e-09,2.639047e-08,2.8072114e-11,9.904865e-10,9.859035e-08,1.6982409e-09,7.1534485e-09,6.578703e-12,8.961204e-08,0.99998593
pamap2,gnn_flatten_lstm,sequence,7,107,107,108,248,22665,22665,0,0,1,1,lying,lying,True,0.99998593,1.3723062e-05,1.3134621e-07,1.071725e-09,2.6384834e-08,2.8054345e-11,9.900596e-10,9.8526996e-08,1.6968713e-09,7.1494797e-09,6.5719804e-12,8.958982e-08,0.99998593
pamap2,gnn_flatten_lstm,sequence,7,107,107,108,249,22666,22666,0,0,1,1,lying,lying,True,0.99998593,1.3731415e-05,1.3142991e-07,1.0721708e-09,2.640613e-08,2.8082613e-11,9.911743e-10,9.85644e-08,1.6979753e-09,7.1550184e-09,6.57795e-12,8.962724e-08,0.99998593
pamap2,gnn_flatten_lstm,sequence,7,107,107,108,250,22667,22667,0,0,1,1,lying,lying,True,0.99998593,1.37408715e-05,1.3155545e-07,1.072717e-09,2.6435359e-08,2.8107102e-11,9.929283e-10,9.856346e-08,1.6995242e-09,7.163853e-09,6.5859345e-12,8.968795e-08,0.99998593
pamap2,gnn_flatten_lstm,sequence,7,107,107,108,251,22668,22668,0,0,1,1,lying,lying,True,0.99998593,1.3747083e-05,1.3162823e-07,1.0729257e-09,2.64458e-08,2.8124154e-11,9.93275e-10,9.860088e-08,1.700526e-09,7.1673525e-09,6.5901815e-12,8.9717716e-08,0.99998593
pamap2,gnn_flatten_lstm,sequence,7,107,107,108,252,22669,22669,0,0,1,1,lying,lying,True,0.99998593,1.3740465e-05,1.3153034e-07,1.0724102e-09,2.6423715e-08,2.8110157e-11,9.919648e-10,9.861048e-08,1.6994464e-09,7.1608475e-09,6.5837487e-12,8.966434e-08,0.99998593
pamap2,gnn_flatten_lstm,sequence,7,107,107,108,253,22670,22670,0,0,1,1,lying,lying,True,0.99998593,1.3733103e-05,1.3141977e-07,1.0716332e-09,2.6405477e-08,2.8089255e-11,9.910098e-10,9.857154e-08,1.6979753e-09,7.1551676e-09,6.576507e-12,8.961169e-08,0.99998593
pamap2,gnn_flatten_lstm,sequence,7,107,107,108,254,22671,22671,0,0,1,1,lying,lying,True,0.99998593,1.374344e-05,1.3148508e-07,1.072083e-09,2.6445091e-08,2.8130859e-11,9.931177e-10,9.859035e-08,1.6991999e-09,7.1642496e-09,6.583347e-12,8.966383e-08,0.99998593
pamap2,gnn_flatten_lstm,sequence,7,107,107,108,255,22672,22672,0,0,1,1,lying,lying,True,0.99998593,1.3736627e-05,1.3139996e-07,1.0713634e-09,2.6426688e-08,2.8099436e-11,9.922411e-10,9.852324e-08,1.6977226e-09,7.158021e-09,6.5769968e-12,8.961289e-08,0.99998593
pamap2,gnn_flatten_lstm,sequence,7,107,107,108,256,22673,22673,0,0,1,1,lying,lying,True,0.99998593,1.3741291e-05,1.3155481e-07,1.0725554e-09,2.6436469e-08,2.812807e-11,9.92542e-10,9.863098e-08,1.7001692e-09,7.1643864e-09,6.5858837e-12,8.967461e-08,0.99998593
pamap2,gnn_flatten_lstm,sequence,7,107,107,108,257,22674,22674,0,0,1,1,lying,lying,True,0.99998593,1.373241e-05,1.314985e-07,1.0730649e-09,2.6415298e-08,2.8118362e-11,9.913349e-10,9.8684225e-08,1.6998483e-09,7.161162e-09,6.5834976e-12,8.965597e-08,0.99998593
pamap2,gnn_flatten_lstm,sequence,7,107,107,108,258,22675,22675,0,0,1,1,lying,lying,True,0.99998593,1.3731885e-05,1.314649e-07,1.073026e-09,2.6405376e-08,2.8103563e-11,9.908945e-10,9.868348e-08,1.6993069e-09,7.158717e-09,6.5818783e-12,8.9628955e-08,0.99998593
pamap2,gnn_flatten_lstm,sequence,7,107,107,108,259,22676,22676,0,0,1,1,lying,lying,True,0.99998593,1.3737059e-05,1.315188e-07,1.0735112e-09,2.6416057e-08,2.8126569e-11,9.913368e-10,9.8725266e-08,1.7000525e-09,7.161913e-09,6.5859345e-12,8.967598e-08,0.99998593
pamap2,gnn_flatten_lstm,sequence,7,107,107,108,260,22677,22677,0,0,1,1,lying,lying,True,0.99998593,1.3728794e-05,1.3141299e-07,1.0728316e-09,2.6399434e-08,2.8094076e-11,9.907584e-10,9.8629094e-08,1.6980077e-09,7.1553865e-09,6.57785e-12,8.961836e-08,0.99998593
pamap2,gnn_flatten_lstm,sequence,7,107,107,108,261,22678,22678,0,0,1,1,lying,lying,True,0.99998593,1.3724266e-05,1.3134509e-07,1.0713429e-09,2.6363606e-08,2.80414e-11,9.891498e-10,9.852493e-08,1.6958099e-09,7.1449673e-09,6.568472e-12,8.9510216e-08,0.99998593
pamap2,gnn_flatten_lstm,sequence,7,107,107,108,262,22679,22679,0,0,1,1,lying,lying,True,0.99998593,1.3731701e-05,1.3140948e-07,1.0704972e-09,2.6345608e-08,2.8033057e-11,9.883653e-10,9.852982e-08,1.6957906e-09,7.1420927e-09,6.567745e-12,8.945373e-08,0.99998593
pamap2,gnn_flatten_lstm,sequence,7,107,107,108,263,22680,22680,0,0,1,1,lying,lying,True,0.99998593,1.3737439e-05,1.3151292e-07,1.0712367e-09,2.6363805e-08,2.8054453e-11,9.895914e-10,9.855857e-08,1.6972791e-09,7.149043e-09,6.5744883e-12,8.9503224e-08,0.99998593
pamap2,gnn_flatten_lstm,sequence,7,107,107,108,264,22681,22681,0,0,1,1,lying,lying,True,0.99998593,1.3729895e-05,1.3147128e-07,1.0715698e-09,2.6355963e-08,2.8044823e-11,9.89229e-10,9.85567e-08,1.6970428e-09,7.147353e-09,6.5730086e-12,8.951142e-08,0.99998593
pamap2,gnn_flatten_lstm,sequence,7,107,107,108,265,22682,22682,0,0,1,1,lying,lying,True,0.99998593,1.37321595e-05,1.3147694e-07,1.0723283e-09,2.637628e-08,2.808695e-11,9.904014e-10,9.860652e-08,1.6975026e-09,7.153817e-09,6.5765453e-12,8.9570506e-08,0.99998593
pamap2,gnn_flatten_lstm,sequence,7,107,107,108,266,22683,22683,0,0,1,1,lying,lying,True,0.99998593,1.3734164e-05,1.3144684e-07,1.0708894e-09,2.6363656e-08,2.8062906e-11,9.898368e-10,9.853075e-08,1.6963018e-09,7.1493163e-09,6.5709525e-12,8.9495536e-08,0.99998593
pamap2,gnn_flatten_lstm,sequence,7,107,107,108,267,22684,22684,0,0,1,1,lying,lying,True,0.99998593,1.3735592e-05,1.3154667e-07,1.0717741e-09,2.6382017e-08,2.8077684e-11,9.903541e-10,9.858114e-08,1.6983672e-09,7.1553314e-09,6.5779253e-12,8.956914e-08,0.99998593
pamap2,gnn_flatten_lstm,sequence,7,107,107,108,268,22685,22685,0,0,1,1,lying,lying,True,0.99998593,1.3740439e-05,1.3164492e-07,1.0726925e-09,2.6414543e-08,2.8113963e-11,9.913746e-10,9.866334e-08,1.7009412e-09,7.163416e-09,6.586688e-12,8.964451e-08,0.99998593
pamap2,gnn_flatten_lstm,sequence,7,107,107,108,269,22686,22686,0,0,1,1,lying,lying,True,0.99998593,1.3741867e-05,1.3165472e-07,1.0723815e-09,2.6405576e-08,2.8107959e-11,9.91161e-10,9.8659946e-08,1.700672e-09,7.1623094e-09,6.5853065e-12,8.959733e-08,0.99998593
pamap2,gnn_flatten_lstm,sequence,7,107,107,108,270,22687,22687,0,0,1,1,lying,lying,True,0.99998593,1.3738265e-05,1.3161568e-07,1.0722464e-09,2.6378846e-08,2.8092147e-11,9.902088e-10,9.865769e-08,1.6993718e-09,7.1581296e-09,6.581113e-12,8.956008e-08,0.99998593
pamap2,gnn_flatten_lstm,sequence,7,107,107,108,271,22688,22688,0,0,1,1,lying,lying,True,0.99998593,1.37411325e-05,1.3162786e-07,1.0728111e-09,2.638725e-08,2.8102652e-11,9.909588e-10,9.867087e-08,1.6993329e-09,7.160124e-09,6.5838866e-12,8.958572e-08,0.99998593
pamap2,gnn_flatten_lstm,sequence,7,107,107,108,272,22689,22689,0,0,1,1,lying,lying,True,0.99998593,1.3736364e-05,1.3158518e-07,1.0730362e-09,2.6388207e-08,2.811391e-11,9.908473e-10,9.869816e-08,1.6994788e-09,7.1615442e-09,6.583171e-12,8.960758e-08,0.99998593
pamap2,gnn_flatten_lstm,sequence,7,107,107,108,273,22690,22690,0,0,1,1,lying,lying,True,0.99998593,1.3739614e-05,1.3162823e-07,1.0730199e-09,2.6386143e-08,2.81226e-11,9.906337e-10,9.8734496e-08,1.7001692e-09,7.163484e-09,6.5852558e-12,8.962024e-08,0.99998593
pamap2,gnn_flatten_lstm,sequence,7,107,107,108,274,22691,22691,0,0,1,1,lying,lying,True,0.99998593,1.3751738e-05,1.3181e-07,1.0740704e-09,2.6412579e-08,2.8153833e-11,9.91908e-10,9.881343e-08,1.7030902e-09,7.172371e-09,6.5974886e-12,8.971087e-08,0.99998593
pamap2,gnn_flatten_lstm,sequence,7,107,107,108,275,22692,22692,0,0,1,1,lying,lying,True,0.99998593,1.3749339e-05,1.3177795e-07,1.0747425e-09,2.6417567e-08,2.8159204e-11,9.918759e-10,9.885076e-08,1.7033697e-09,7.171947e-09,6.598986e-12,8.975041e-08,0.99998593
pamap2,gnn_flatten_lstm,sequence,7,107,107,108,276,22693,22693,0,0,1,1,lying,lying,True,0.99998593,1.3746861e-05,1.316836e-07,1.0744002e-09,2.6432788e-08,2.8164467e-11,9.924115e-10,9.8810226e-08,1.7024244e-09,7.1716735e-09,6.596067e-12,8.9762224e-08,0.99998593
pamap2,gnn_flatten_lstm,sequence,7,107,107,108,277,22694,22694,0,0,1,1,lying,lying,True,0.99998593,1.3745302e-05,1.3159521e-07,1.0738552e-09,2.6447312e-08,2.8156305e-11,9.930988e-10,9.872979e-08,1.7013565e-09,7.170059e-09,6.5926453e-12,8.9756576e-08,0.99998593
pamap2,gnn_flatten_lstm,sequence,7,107,107,108,278,22695,22695,0,0,1,1,lying,lying,True,0.99998593,1.373909e-05,1.3152697e-07,1.072537e-09,2.6423109e-08,2.8101526e-11,9.919913e-10,9.861235e-08,1.699858e-09,7.161025e-09,6.5849544e-12,8.967016e-08,0.99998593
pamap2,gnn_flatten_lstm,sequence,7,107,107,108,279,22696,22696,0,0,1,1,lying,lying,True,0.99998593,1.3733286e-05,1.3145724e-07,1.0709241e-09,2.6399936e-08,2.8045252e-11,9.908832e-10,9.848172e-08,1.6981502e-09,7.152657e-09,6.5764195e-12,8.9570854e-08,0.99998593
pamap2,gnn_flatten_lstm,sequence,7,107,107,108,280,22697,22697,0,0,1,1,lying,lying,True,0.99998593,1.3734426e-05,1.3144533e-07,1.0707505e-09,2.6409907e-08,2.8052097e-11,9.911194e-10,9.847889e-08,1.6983155e-09,7.153817e-09,6.5768714e-12,8.9583665e-08,0.99998593
pamap2,gnn_flatten_lstm,sequence,7,107,107,108,281,22698,22698,0,0,1,1,lying,lying,True,0.99998593,1.3732056e-05,1.3143205e-07,1.0717313e-09,2.6414089e-08,2.8067297e-11,9.912499e-10,9.85347e-08,1.6984839e-09,7.1550184e-09,6.578427e-12,8.961221e-08,0.99998593
pamap2,gnn_flatten_lstm,sequence,7,107,107,108,282,22699,22699,0,0,1,1,lying,lying,True,0.99998593,1.3730196e-05,1.3139545e-07,1.0723242e-09,2.6429914e-08,2.8089147e-11,9.918967e-10,9.8565344e-08,1.69862e-09,7.1578437e-09,6.5796565e-12,8.963613e-08,0.99998593
pamap2,gnn_flatten_lstm,sequence,7,107,107,108,283,22700,22700,0,0,1,1,lying,lying,True,0.99998593,1.3727996e-05,1.3129437e-07,1.0712979e-09,2.642568e-08,2.8071524e-11,9.916659e-10,9.84943e-08,1.6969359e-09,7.1527255e-09,6.573109e-12,8.956452e-08,0.99998593
pamap2,gnn_flatten_lstm,sequence,7,107,107,108,284,22701,22701,0,0,1,1,lying,lying,True,0.99998593,1.3725902e-05,1.312304e-07,1.0703992e-09,2.6415753e-08,2.804771e-11,9.916054e-10,9.840286e-08,1.6950985e-09,7.148252e-09,6.56633e-12,8.950049e-08,0.99998593
pamap2,gnn_flatten_lstm,sequence,7,107,107,108,285,22702,22702,0,0,1,1,lying,lying,True,0.99998593,1.3710347e-05,1.310988e-07,1.0683596e-09,2.636602e-08,2.7973875e-11,9.891743e-10,9.82635e-08,1.6925948e-09,7.134808e-09,6.5515297e-12,8.9361976e-08,0.99998593
pamap2,gnn_flatten_lstm,sequence,7,107,107,108,286,22703,22703,0,0,1,1,lying,lying,True,0.99998593,1.37222105e-05,1.3122063e-07,1.0691669e-09,2.6394902e-08,2.8015631e-11,9.90543e-10,9.83445e-08,1.6946298e-09,7.1438637e-09,6.5610963e-12,8.9414314e-08,0.99998593
pamap2,gnn_flatten_lstm,sequence,7,107,107,108,287,22704,22704,0,0,1,1,lying,lying,True,0.99998593,1.373089e-05,1.3138316e-07,1.0719868e-09,2.6432183e-08,2.8088611e-11,9.920992e-10,9.855049e-08,1.6981015e-09,7.1578707e-09,6.57785e-12,8.9583835e-08,0.99998593
pamap2,gnn_flatten_lstm,sequence,7,107,107,108,288,22705,22705,0,0,1,1,lying,lying,True,0.99998593,1.3729096e-05,1.313932e-07,1.0726392e-09,2.6429461e-08,2.8097828e-11,9.919573e-10,9.859636e-08,1.6984385e-09,7.1596866e-09,6.579757e-12,8.96264e-08,0.99998593
pamap2,gnn_flatten_lstm,sequence,7,107,107,108,289,22706,22706,0,0,1,1,lying,lying,True,0.99998593,1.3730943e-05,1.3141387e-07,1.0723733e-09,2.6422304e-08,2.808502e-11,9.915562e-10,9.858696e-08,1.6985812e-09,7.1578166e-09,6.579895e-12,8.961528e-08,0.99998593
pamap2,gnn_flatten_lstm,sequence,7,107,107,108,290,22707,22707,0,0,1,1,lying,lying,True,0.99998593,1.3735317e-05,1.3146301e-07,1.0728153e-09,2.6441663e-08,2.8113106e-11,9.92542e-10,9.8620625e-08,1.6997997e-09,7.1635666e-09,6.5847033e-12,8.9673755e-08,0.99998593
pamap2,gnn_flatten_lstm,sequence,7,107,107,108,291,22708,22708,0,0,1,1,lying,lying,True,0.99998593,1.372873e-05,1.314135e-07,1.0729829e-09,2.6431678e-08,2.8104581e-11,9.921389e-10,9.861385e-08,1.6994592e-09,7.1624595e-09,6.582543e-12,8.9689486e-08,0.99998593
pamap2,gnn_flatten_lstm,sequence,7,107,107,108,292,22709,22709,0,0,1,1,lying,lying,True,0.99998593,1.3724672e-05,1.3142227e-07,1.07167e-09,2.6386294e-08,2.8052847e-11,9.900294e-10,9.855012e-08,1.6981794e-09,7.152016e-09,6.5749897e-12,8.9574435e-08,0.99998593
pamap2,gnn_flatten_lstm,sequence,7,107,107,108,293,22710,22710,0,0,1,1,lying,lying,True,0.99998593,1.3736496e-05,1.3155406e-07,1.0730117e-09,2.6419785e-08,2.8112783e-11,9.91787e-10,9.866052e-08,1.7004158e-09,7.163525e-09,6.5865746e-12,8.9683496e-08,0.99998593
pamap2,gnn_flatten_lstm,sequence,7,107,107,108,294,22711,22711,0,0,1,1,lying,lying,True,0.99998593,1.3742457e-05,1.3164744e-07,1.0742465e-09,2.6436519e-08,2.8138158e-11,9.924473e-10,9.8743726e-08,1.7022036e-09,7.1691706e-09,6.595161e-12,8.97665e-08,0.99998593
pamap2,gnn_flatten_lstm,sequence,7,107,107,108,295,22712,22712,0,0,1,1,lying,lying,True,0.99998593,1.3748198e-05,1.3176864e-07,1.0741522e-09,2.641792e-08,2.8119701e-11,9.918626e-10,9.8742596e-08,1.7025575e-09,7.1666824e-09,6.5969344e-12,8.972628e-08,0.99998593
pamap2,gnn_flatten_lstm,sequence,7,107,107,108,296,22713,22713,0,0,1,1,lying,lying,True,0.99998593,1.3760346e-05,1.3182834e-07,1.0747856e-09,2.6452307e-08,2.8172475e-11,9.937657e-10,9.8797976e-08,1.7034997e-09,7.175587e-09,6.6042245e-12,8.9798355e-08,0.99998593
pamap2,gnn_flatten_lstm,sequence,7,107,107,108,297,22714,22714,0,0,1,1,lying,lying,True,0.99998593,1.3746533e-05,1.3164492e-07,1.0745478e-09,2.6456393e-08,2.8177474e-11,9.931689e-10,9.880042e-08,1.702655e-09,7.173698e-09,6.5977527e-12,8.9821995e-08,0.99998593
pamap2,gnn_flatten_lstm,sequence,7,107,107,108,298,22715,22715,0,0,1,1,lying,lying,True,0.99998593,1.3736849e-05,1.3148959e-07,1.0726637e-09,2.6451046e-08,2.8134025e-11,9.929567e-10,9.863229e-08,1.7005326e-09,7.1674067e-09,6.585733e-12,8.97249e-08,0.99998593
pamap2,gnn_flatten_lstm,sequence,7,107,107,108,299,22716,22716,0,0,1,1,lying,lying,True,0.99998593,1.3734636e-05,1.3141185e-07,1.071204e-09,2.6423814e-08,2.8086254e-11,9.917188e-10,9.852944e-08,1.6980402e-09,7.1569697e-09,6.5768714e-12,8.959853e-08,0.99998593
pamap2,gnn_flatten_lstm,sequence,7,107,107,108,300,22717,22717,0,0,1,1,lying,lying,True,0.99998593,1.3726085e-05,1.3124479e-07,1.0697706e-09,2.6407793e-08,2.8049636e-11,9.906469e-10,9.843871e-08,1.6956354e-09,7.1480617e-09,6.565916e-12,8.9487514e-08,0.99998593
pamap2,gnn_flatten_lstm,sequence,7,107,107,108,301,22718,22718,0,0,1,1,lying,lying,True,0.99998593,1.3723689e-05,1.3118297e-07,1.0708853e-09,2.6442924e-08,2.8091612e-11,9.919611e-10,9.850257e-08,1.6963794e-09,7.1551542e-09,6.5696745e-12,8.9577e-08,0.99998593
pamap2,gnn_flatten_lstm,sequence,7,107,107,108,302,22719,22719,0,0,1,1,lying,lying,True,0.99998593,1.3711235e-05,1.310033e-07,1.0701156e-09,2.6428957e-08,2.806066e-11,9.910627e-10,9.8423875e-08,1.6941839e-09,7.147775e-09,6.5594574e-12,8.952832e-08,0.99998593
pamap2,gnn_flatten_lstm,sequence,7,107,107,108,303,22720,22720,0,0,1,1,lying,lying,True,0.99998593,1.3703719e-05,1.309014e-07,1.0686124e-09,2.6418475e-08,2.8006547e-11,9.904184e-10,9.826912e-08,1.6924334e-09,7.1406894e-09,6.550806e-12,8.9448946e-08,0.99998593
pamap2,gnn_flatten_lstm,sequence,7,107,107,108,304,22721,22721,0,0,1,1,lying,lying,True,0.99998593,1.3708804e-05,1.3104204e-07,1.0691016e-09,2.6418725e-08,2.7997682e-11,9.907016e-10,9.8270434e-08,1.6937606e-09,7.1427873e-09,6.557006e-12,8.94614e-08,0.99998593
pamap2,gnn_flatten_lstm,sequence,7,107,107,108,305,22722,22722,0,0,1,1,lying,lying,True,0.99998593,1.3715041e-05,1.311388e-07,1.0701421e-09,2.6433392e-08,2.8028673e-11,9.913746e-10,9.836119e-08,1.6957195e-09,7.148266e-09,6.565278e-12,8.952661e-08,0.99998593
pamap2,gnn_flatten_lstm,sequence,7,107,107,108,306,22723,22723,0,0,1,1,lying,lying,True,0.99998593,1.3714073e-05,1.3109229e-07,1.0696727e-09,2.6429513e-08,2.8017021e-11,9.912046e-10,9.83323e-08,1.6951697e-09,7.146112e-09,6.562786e-12,8.949315e-08,0.99998593
pamap2,gnn_flatten_lstm,sequence,7,107,107,108,307,22724,22724,0,0,1,1,lying,lying,True,0.99998593,1.3728468e-05,1.3120436e-07,1.0705912e-09,2.6468001e-08,2.8060177e-11,9.934644e-10,9.8368886e-08,1.6965735e-09,7.1558093e-09,6.5720055e-12,8.956845e-08,0.99998593
pamap2,gnn_flatten_lstm,sequence,7,107,107,108,308,22725,22725,0,0,1,1,lying,lying,True,0.99998593,1.3728009e-05,1.31214e-07,1.0707648e-09,2.6453721e-08,2.8050494e-11,9.928582e-10,9.838296e-08,1.6962403e-09,7.152439e-09,6.57183e-12,8.955633e-08,0.99998593
pamap2,gnn_flatten_lstm,sequence,7,107,107,108,309,22726,22726,0,0,1,1,lying,lying,True,0.99998593,1.3725208e-05,1.3123139e-07,1.0698482e-09,2.6422304e-08,2.8020386e-11,9.913765e-10,9.835388e-08,1.695768e-09,7.146739e-09,6.5674445e-12,8.949383e-08,0.99998593
pamap2,gnn_flatten_lstm,sequence,7,107,107,108,310,22727,22727,0,0,1,1,lying,lying,True,0.99998593,1.373588e-05,1.3139795e-07,1.0710324e-09,2.6439595e-08,2.8071687e-11,9.923735e-10,9.848172e-08,1.698364e-09,7.157188e-09,6.578101e-12,8.957358e-08,0.99998593
pamap2,gnn_flatten_lstm,sequence,7,107,107,108,311,22728,22728,0,0,1,1,lying,lying,True,0.99998593,1.3743308e-05,1.3151354e-07,1.0717599e-09,2.6454376e-08,2.8109513e-11,9.929132e-10,9.857944e-08,1.7004449e-09,7.16399e-09,6.585557e-12,8.963032e-08,0.99998593
pamap2,gnn_flatten_lstm,sequence,7,107,107,108,312,22729,22729,0,0,1,1,lying,lying,True,0.99998593,1.3742955e-05,1.3154717e-07,1.0733023e-09,2.646992e-08,2.8139715e-11,9.938756e-10,9.864904e-08,1.7013565e-09,7.1701556e-09,6.5912124e-12,8.971463e-08,0.99998593
pamap2,gnn_flatten_lstm,sequence,7,107,107,108,313,22730,22730,0,0,1,1,lying,lying,True,0.99998593,1.3740426e-05,1.3155507e-07,1.0729809e-09,2.6451804e-08,2.8124421e-11,9.931158e-10,9.86321e-08,1.7007239e-09,7.1672153e-09,6.588133e-12,8.96847e-08,0.99998593
pamap2,gnn_flatten_lstm,sequence,7,107,107,108,314,22731,22731,0,0,1,1,lying,lying,True,0.99998593,1.3747884e-05,1.3168649e-07,1.0740498e-09,2.6486234e-08,2.8177903e-11,9.942301e-10,9.874316e-08,1.7036231e-09,7.17816e-09,6.598986e-12,8.980966e-08,0.99998593
pamap2,gnn_flatten_lstm,sequence,7,107,107,108,315,22732,22732,0,0,1,1,lying,lying,True,0.99998593,1.37428115e-05,1.3158831e-07,1.0745846e-09,2.649927e-08,2.8184136e-11,9.948524e-10,9.8731675e-08,1.7027881e-09,7.1776944e-09,6.5975008e-12,8.98333e-08,0.99998593
pamap2,gnn_flatten_lstm,sequence,7,107,107,108,316,22733,22733,0,0,1,1,lying,lying,True,0.99998593,1.3735173e-05,1.3140534e-07,1.0721586e-09,2.6474265e-08,2.8129197e-11,9.93635e-10,9.856402e-08,1.6994884e-09,7.1654114e-09,6.5825683e-12,8.967905e-08,0.99998593
pamap2,gnn_flatten_lstm,sequence,7,107,107,108,317,22734,22734,0,0,1,1,lying,lying,True,0.99998593,1.3723087e-05,1.3116808e-07,1.0698156e-09,2.6454426e-08,2.8070723e-11,9.924228e-10,9.838183e-08,1.6959782e-09,7.1541444e-09,6.5664427e-12,8.9553424e-08,0.99998593
pamap2,gnn_flatten_lstm,sequence,7,107,107,108,318,22735,22735,0,0,1,1,lying,lying,True,0.99998593,1.3711706e-05,1.310493e-07,1.070134e-09,2.6444539e-08,2.8059855e-11,9.91734e-10,9.8385215e-08,1.6949046e-09,7.150679e-09,6.561685e-12,8.953993e-08,0.99998593
pamap2,gnn_flatten_lstm,sequence,7,107,107,108,319,22736,22736,0,0,1,1,lying,lying,True,0.99998593,1.370985e-05,1.3103643e-07,1.0703156e-09,2.6439293e-08,2.805884e-11,9.912783e-10,9.841543e-08,1.6950145e-09,7.149725e-09,6.561259e-12,8.953054e-08,0.99998593
pamap2,gnn_flatten_lstm,sequence,7,107,107,108,320,22737,22737,0,0,1,1,lying,lying,True,0.99998593,1.3713459e-05,1.3107105e-07,1.0698135e-09,2.6427848e-08,2.8041826e-11,9.911062e-10,9.837752e-08,1.694465e-09,7.147189e-09,6.5595823e-12,8.947386e-08,0.99998593
pamap2,gnn_flatten_lstm,sequence,7,107,107,108,321,22738,22738,0,0,1,1,lying,lying,True,0.99998593,1.3713224e-05,1.3102643e-07,1.0685186e-09,2.6408548e-08,2.8007617e-11,9.903995e-10,9.829668e-08,1.6931145e-09,7.141343e-09,6.553805e-12,8.938533e-08,0.99998593
pamap2,gnn_flatten_lstm,sequence,7,107,107,108,322,22739,22739,0,0,1,1,lying,lying,True,0.99998593,1.3712216e-05,1.3111068e-07,1.0700318e-09,2.6423715e-08,2.8031024e-11,9.908264e-10,9.8395155e-08,1.6954186e-09,7.147284e-09,6.5621853e-12,8.946823e-08,0.99998593
pamap2,gnn_flatten_lstm,sequence,7,107,107,108,323,22740,22740,0,0,1,1,lying,lying,True,0.99998593,1.3707443e-05,1.310288e-07,1.0696176e-09,2.6404972e-08,2.8009433e-11,9.902541e-10,9.834619e-08,1.693654e-09,7.141874e-09,6.5563553e-12,8.942029e-08,0.99998593
pamap2,gnn_flatten_lstm,sequence,7,107,107,108,324,22741,22741,0,0,1,1,lying,lying,True,0.99998593,1.3710477e-05,1.3107079e-07,1.069118e-09,2.6386294e-08,2.7999818e-11,9.896405e-10,9.833661e-08,1.6931985e-09,7.1393953e-09,6.5545924e-12,8.936675e-08,0.99998593
pamap2,gnn_flatten_lstm,sequence,7,107,107,108,325,22742,22742,0,0,1,1,lying,lying,True,0.99998593,1.3735946e-05,1.3139082e-07,1.0703585e-09,2.6425733e-08,2.8061728e-11,9.917757e-10,9.845993e-08,1.697072e-09,7.153817e-09,6.572921e-12,8.946379e-08,0.99998593
pamap2,gnn_flatten_lstm,sequence,7,107,107,108,326,22743,22743,0,0,1,1,lying,lying,True,0.99998593,1.3752119e-05,1.316104e-07,1.0723978e-09,2.6475476e-08,2.8137192e-11,9.943667e-10,9.8596175e-08,1.7007337e-09,7.1699913e-09,6.590508e-12,8.96264e-08,0.99998593
pamap2,gnn_flatten_lstm,sequence,7,107,107,108,327,22744,22744,0,0,1,1,lying,lying,True,0.99998593,1.3754821e-05,1.3168687e-07,1.073548e-09,2.649644e-08,2.8165328e-11,9.951219e-10,9.867218e-08,1.7026128e-09,7.1760518e-09,6.598558e-12,8.971344e-08,0.99998593
pamap2,gnn_flatten_lstm,sequence,7,107,107,108,328,22745,22745,0,0,1,1,lying,lying,True,0.99998593,1.3748841e-05,1.31633e-07,1.0728356e-09,2.6490628e-08,2.8140091e-11,9.945166e-10,9.861762e-08,1.7023076e-09,7.1720017e-09,6.59462e-12,8.969291e-08,0.99998593
pamap2,gnn_flatten_lstm,sequence,7,107,107,108,329,22746,22746,0,0,1,1,lying,lying,True,0.99998593,1.374243e-05,1.3152545e-07,1.0727333e-09,2.6504376e-08,2.814739e-11,9.947992e-10,9.860427e-08,1.7019667e-09,7.171892e-09,6.5913377e-12,8.970368e-08,0.99998593
pamap2,gnn_flatten_lstm,sequence,7,107,107,108,330,22747,22747,0,0,1,1,lying,lying,True,0.99998593,1.3734976e-05,1.3143368e-07,1.072539e-09,2.6501393e-08,2.8137728e-11,9.943592e-10,9.8583584e-08,1.7010515e-09,7.1696493e-09,6.587253e-12,8.969325e-08,0.99998593
pamap2,gnn_flatten_lstm,sequence,7,107,107,108,331,22748,22748,0,0,1,1,lying,lying,True,0.99998593,1.3734413e-05,1.3135636e-07,1.0715473e-09,2.6497299e-08,2.8111659e-11,9.945792e-10,9.848153e-08,1.6992323e-09,7.166218e-09,6.5809996e-12,8.962024e-08,0.99998593
pamap2,gnn_flatten_lstm,sequence,7,107,107,108,332,22749,22749,0,0,1,1,lying,lying,True,0.99998593,1.3738055e-05,1.3131402e-07,1.0708894e-09,2.6504932e-08,2.8112356e-11,9.950042e-10,9.843833e-08,1.6982799e-09,7.1654656e-09,6.578728e-12,8.959477e-08,0.99998593
pamap2,gnn_flatten_lstm,sequence,7,107,107,108,333,22750,22750,0,0,1,1,lying,lying,True,0.99998593,1.3739757e-05,1.3138141e-07,1.0719152e-09,2.6528552e-08,2.814911e-11,9.95682e-10,9.852868e-08,1.7003217e-09,7.172412e-09,6.58616e-12,8.968572e-08,0.99998593
pamap2,gnn_flatten_lstm,sequence,7,107,107,108,334,22751,22751,0,0,1,1,lying,lying,True,0.99998593,1.37293055e-05,1.3128847e-07,1.0724879e-09,2.6524098e-08,2.8125603e-11,9.951258e-10,9.852437e-08,1.7001531e-09,7.1691293e-09,6.5847284e-12,8.970454e-08,0.99998593
pamap2,gnn_flatten_lstm,sequence,7,107,107,108,335,22752,22752,0,0,1,1,lying,lying,True,0.99998593,1.3722957e-05,1.3119072e-07,1.0722977e-09,2.6523644e-08,2.8106725e-11,9.951636e-10,9.8460674e-08,1.6990607e-09,7.1665864e-09,6.580711e-12,8.970471e-08,0.99998593
pamap2,gnn_flatten_lstm,sequence,7,107,107,108,336,22753,22753,0,0,1,1,lying,lying,True,0.99998593,1.3725405e-05,1.3121212e-07,1.0712142e-09,2.6517977e-08,2.8088075e-11,9.949852e-10,9.8385776e-08,1.6986653e-09,7.1636483e-09,6.577975e-12,8.966485e-08,0.99998593
pamap2,gnn_flatten_lstm,sequence,7,107,107,108,337,22754,22754,0,0,1,1,lying,lying,True,0.99998593,1.373034e-05,1.3129548e-07,1.0714472e-09,2.6520558e-08,2.809547e-11,9.952548e-10,9.8408485e-08,1.6995889e-09,7.166231e-09,6.581891e-12,8.9677506e-08,0.99998593
pamap2,gnn_flatten_lstm,sequence,7,107,107,108,338,22755,22755,0,0,1,1,lying,lying,True,0.99998593,1.3737727e-05,1.3143757e-07,1.0725799e-09,2.6537661e-08,2.8126246e-11,9.963108e-10,9.848096e-08,1.7017038e-09,7.174287e-09,6.5912124e-12,8.976017e-08,0.99998593
pamap2,gnn_flatten_lstm,sequence,7,107,107,108,339,22756,22756,0,0,1,1,lying,lying,True,0.99998593,1.3750678e-05,1.3166803e-07,1.0736627e-09,2.6544395e-08,2.8154371e-11,9.967936e-10,9.8589034e-08,1.7044194e-09,7.180981e-09,6.603003e-12,8.9812744e-08,0.99998593
pamap2,gnn_flatten_lstm,sequence,7,107,107,108,340,22757,22757,0,0,1,1,lying,lying,True,0.99998593,1.3752526e-05,1.3172253e-07,1.0750336e-09,2.6541509e-08,2.8188759e-11,9.96767e-10,9.871134e-08,1.7053039e-09,7.18468e-09,6.608433e-12,8.98794e-08,0.99998593
pamap2,gnn_flatten_lstm,sequence,7,107,107,108,341,22758,22758,0,0,1,1,lying,lying,True,0.99998593,1.3746887e-05,1.316453e-07,1.0741708e-09,2.6511758e-08,2.8160172e-11,9.953003e-10,9.8682534e-08,1.7037303e-09,7.1774346e-09,6.600988e-12,8.97999e-08,0.99998593
pamap2,gnn_flatten_lstm,sequence,7,107,107,108,342,22759,22759,0,0,1,1,lying,lying,True,0.99998593,1.3751622e-05,1.3163012e-07,1.073286e-09,2.6516613e-08,2.8158722e-11,9.954485e-10,9.865807e-08,1.7035255e-09,7.1776944e-09,6.5997663e-12,8.975965e-08,0.99998593
pamap2,gnn_flatten_lstm,sequence,7,107,107,108,343,22760,22760,0,0,1,1,lying,lying,True,0.99998593,1.3744017e-05,1.3151391e-07,1.072402e-09,2.6503113e-08,2.8143956e-11,9.946475e-10,9.8609156e-08,1.702129e-09,7.172631e-09,6.592092e-12,8.971344e-08,0.99998593
pamap2,gnn_flatten_lstm,sequence,7,107,107,108,344,22761,22761,0,0,1,1,lying,lying,True,0.99998593,1.3739313e-05,1.31414e-07,1.0709383e-09,2.648305e-08,2.809949e-11,9.937031e-10,9.8500124e-08,1.700192e-09,7.1644135e-09,6.5827946e-12,8.960793e-08,0.99998593
pamap2,gnn_flatten_lstm,sequence,7,107,107,108,345,22762,22762,0,0,1,1,lying,lying,True,0.99998593,1.3745366e-05,1.3151167e-07,1.0714758e-09,2.6512163e-08,2.8122277e-11,9.947063e-10,9.854053e-08,1.7020511e-09,7.170388e-09,6.5900306e-12,8.965785e-08,0.99998593
pamap2,gnn_flatten_lstm,sequence,7,107,107,108,346,22763,22763,0,0,1,1,lying,lying,True,0.99998593,1.3738683e-05,1.3143894e-07,1.0712653e-09,2.6514185e-08,2.810233e-11,9.944692e-10,9.849769e-08,1.7015253e-09,7.1678445e-09,6.58709e-12,8.964281e-08,0.99998593
pamap2,gnn_flatten_lstm,sequence,7,107,107,108,347,22764,22764,0,0,1,1,lying,lying,True,0.99998593,1.373461e-05,1.3133756e-07,1.0704401e-09,2.651899e-08,2.8089574e-11,9.945375e-10,9.842669e-08,1.7003444e-09,7.165384e-09,6.5818783e-12,8.9609294e-08,0.99998593
pamap2,gnn_flatten_lstm,sequence,7,107,107,108,348,22765,22765,0,0,1,1,lying,lying,True,0.99998593,1.3734059e-05,1.3127196e-07,1.0695054e-09,2.6520862e-08,2.807008e-11,9.945602e-10,9.835369e-08,1.6992973e-09,7.1620496e-09,6.5772847e-12,8.955001e-08,0.99998593
pamap2,gnn_flatten_lstm,sequence,7,107,107,108,349,22766,22766,0,0,1,1,lying,lying,True,0.99998593,1.3733916e-05,1.3118772e-07,1.0686471e-09,2.6513781e-08,2.8047337e-11,9.947044e-10,9.8269496e-08,1.6973892e-09,7.157584e-09,6.571329e-12,8.947233e-08,0.99998593
pamap2,gnn_flatten_lstm,sequence,7,107,107,108,350,22767,22767,0,0,1,1,lying,lying,True,0.99998593,1.3729436e-05,1.3117683e-07,1.0682089e-09,2.6487596e-08,2.8015845e-11,9.937335e-10,9.821572e-08,1.6961853e-09,7.1518658e-09,6.5670937e-12,8.943069e-08,0.99998593
pamap2,gnn_flatten_lstm,sequence,7,107,107,108,351,22768,22768,0,0,1,1,lying,lying,True,0.99998593,1.3728454e-05,1.3121625e-07,1.0697686e-09,2.6502253e-08,2.8052258e-11,9.942113e-10,9.832143e-08,1.6977454e-09,7.1578024e-09,6.5738365e-12,8.952866e-08,0.99998593
pamap2,gnn_flatten_lstm,sequence,7,107,107,108,352,22769,22769,0,0,1,1,lying,lying,True,0.99998593,1.3724108e-05,1.3117696e-07,1.0697543e-09,2.6495126e-08,2.8038617e-11,9.935819e-10,9.8318424e-08,1.6976645e-09,7.1552093e-09,6.572156e-12,8.953088e-08,0.99998593
pamap2,gnn_flatten_lstm,sequence,7,107,107,108,353,22770,22770,0,0,1,1,lying,lying,True,0.99998593,1.3726099e-05,1.3131213e-07,1.0712244e-09,2.6501848e-08,2.8064993e-11,9.938169e-10,9.841825e-08,1.69967e-09,7.1609843e-09,6.58051e-12,8.961733e-08,0.99998593
pamap2,gnn_flatten_lstm,sequence,7,107,107,108,354,22771,22771,0,0,1,1,lying,lying,True,0.99998593,1.3725692e-05,1.313477e-07,1.0712286e-09,2.6484313e-08,2.8059376e-11,9.930514e-10,9.844715e-08,1.7000137e-09,7.1603967e-09,6.581113e-12,8.960895e-08,0.99998593
pamap2,gnn_flatten_lstm,sequence,7,107,107,108,355,22772,22772,0,0,1,1,lying,lying,True,0.99998593,1.3733169e-05,1.3140836e-07,1.0703339e-09,2.6478101e-08,2.8055629e-11,9.928317e-10,9.843814e-08,1.7004839e-09,7.1592225e-09,6.5808613e-12,8.955137e-08,0.99998593
pamap2,gnn_flatten_lstm,sequence,7,107,107,108,356,22773,22773,0,0,1,1,lying,lying,True,0.99998593,1.3739901e-05,1.314615e-07,1.0708731e-09,2.6500585e-08,2.807897e-11,9.94054e-10,9.846293e-08,1.7014539e-09,7.164564e-09,6.585608e-12,8.959084e-08,0.99998593
pamap2,gnn_flatten_lstm,sequence,7,107,107,108,357,22774,22774,0,0,1,1,lying,lying,True,0.99998593,1.374736e-05,1.3153462e-07,1.0713062e-09,2.6513932e-08,2.8085718e-11,9.951561e-10,9.84573e-08,1.7018823e-09,7.1681727e-09,6.590483e-12,8.961204e-08,0.99998593
pamap2,gnn_flatten_lstm,sequence,7,107,107,108,358,22775,22775,0,0,1,1,lying,lying,True,0.99998593,1.3748317e-05,1.3155193e-07,1.0721156e-09,2.651373e-08,2.8108335e-11,9.95175e-10,9.853019e-08,1.7021679e-09,7.1709345e-09,6.593903e-12,8.9659046e-08,0.99998593
pamap2,gnn_flatten_lstm,sequence,7,107,107,108,359,22776,22776,0,0,1,1,lying,lying,True,0.99998593,1.3743466e-05,1.3147617e-07,1.0704381e-09,2.6488001e-08,2.8073132e-11,9.940141e-10,9.8439834e-08,1.7004514e-09,7.16414e-09,6.584452e-12,8.9562306e-08,0.99998593
pamap2,gnn_flatten_lstm,sequence,7,107,107,108,360,22777,22777,0,0,1,1,lying,lying,True,0.99998593,1.3739143e-05,1.3144395e-07,1.0709302e-09,2.6497602e-08,2.8087862e-11,9.941012e-10,9.8480214e-08,1.701058e-09,7.1665043e-09,6.585733e-12,8.9606054e-08,0.99998593
pamap2,gnn_flatten_lstm,sequence,7,107,107,108,361,22778,22778,0,0,1,1,lying,lying,True,0.99998593,1.3737584e-05,1.3137904e-07,1.0709261e-09,2.6502455e-08,2.808754e-11,9.943117e-10,9.8465755e-08,1.700351e-09,7.1653425e-09,6.584075e-12,8.9601265e-08,0.99998593
pamap2,gnn_flatten_lstm,sequence,7,107,107,108,362,22779,22779,0,0,1,1,lying,lying,True,0.99998593,1.3737544e-05,1.3134633e-07,1.0708077e-09,2.650382e-08,2.809054e-11,9.946399e-10,9.8444154e-08,1.6995242e-09,7.164482e-09,6.5818154e-12,8.958622e-08,0.99998593
pamap2,gnn_flatten_lstm,sequence,7,107,107,108,363,22780,22780,0,0,1,1,lying,lying,True,0.99998593,1.3737648e-05,1.3137239e-07,1.0710528e-09,2.6513376e-08,2.8099436e-11,9.947727e-10,9.8457114e-08,1.7001207e-09,7.1666e-09,6.583736e-12,8.96322e-08,0.99998593
pamap2,gnn_flatten_lstm,sequence,7,107,107,108,364,22781,22781,0,0,1,1,lying,lying,True,0.99998593,1.3736587e-05,1.3134495e-07,1.0703461e-09,2.6508117e-08,2.8080469e-11,9.942814e-10,9.841036e-08,1.699631e-09,7.16317e-09,6.581037e-12,8.9601265e-08,0.99998593
pamap2,gnn_flatten_lstm,sequence,7,107,107,108,365,22782,22782,0,0,1,1,lying,lying,True,0.99998593,1.37416055e-05,1.3135474e-07,1.0714042e-09,2.6548749e-08,2.8119273e-11,9.964325e-10,9.843871e-08,1.7006916e-09,7.1714403e-09,6.587542e-12,8.968076e-08,0.99998593
pamap2,gnn_flatten_lstm,sequence,7,107,107,108,366,22783,22783,0,0,1,1,lying,lying,True,0.99998593,1.37336665e-05,1.3122563e-07,1.0700073e-09,2.6518231e-08,2.8065689e-11,9.949037e-10,9.833868e-08,1.6984029e-09,7.160356e-09,6.5771976e-12,8.95647e-08,0.99998593
pamap2,gnn_flatten_lstm,sequence,7,107,107,108,367,22784,22784,0,0,1,1,lying,lying,True,0.99998593,1.372492e-05,1.3119498e-07,1.0685635e-09,2.6483352e-08,2.8012585e-11,9.928809e-10,9.8260685e-08,1.6974637e-09,7.1513613e-09,6.5687724e-12,8.9465324e-08,0.99998593
pamap2,gnn_flatten_lstm,sequence,7,107,107,108,368,22785,22785,0,0,1,1,lying,lying,True,0.99998593,1.3718455e-05,1.3116409e-07,1.0686347e-09,2.6466285e-08,2.7993784e-11,9.918286e-10,9.827568e-08,1.6975317e-09,7.1485253e-09,6.567119e-12,8.944707e-08,0.99998593
pamap2,gnn_flatten_lstm,sequence,7,107,107,108,369,22786,22786,0,0,1,1,lying,lying,True,0.99998593,1.3722865e-05,1.312205e-07,1.0686614e-09,2.6468356e-08,2.79964e-11,9.920178e-10,9.829237e-08,1.6981048e-09,7.150216e-09,6.5696246e-12,8.943257e-08,0.99998593
pamap2,gnn_flatten_lstm,sequence,7,107,107,108,370,22787,22787,0,0,1,1,lying,lying,True,0.99998593,1.3734059e-05,1.3136162e-07,1.0694605e-09,2.6489264e-08,2.802862e-11,9.932408e-10,9.8355756e-08,1.6998678e-09,7.1578166e-09,6.578364e-12,8.948666e-08,0.99998593
pamap2,gnn_flatten_lstm,sequence,7,107,107,108,371,22788,22788,0,0,1,1,lying,lying,True,0.99998593,1.3735277e-05,1.3137353e-07,1.0709383e-09,2.6523896e-08,2.808186e-11,9.946741e-10,9.844622e-08,1.7013824e-09,7.1670785e-09,6.5860095e-12,8.962314e-08,0.99998593
pamap2,gnn_flatten_lstm,sequence,7,107,107,108,372,22789,22789,0,0,1,1,lying,lying,True,0.99998593,1.37315055e-05,1.3127571e-07,1.070285e-09,2.6518283e-08,2.8064084e-11,9.946038e-10,9.83717e-08,1.6996149e-09,7.1627326e-09,6.5796565e-12,8.958469e-08,0.99998593
pamap2,gnn_flatten_lstm,sequence,7,107,107,108,373,22790,22790,0,0,1,1,lying,lying,True,0.99998593,1.3729803e-05,1.3122376e-07,1.0694442e-09,2.6506397e-08,2.8040329e-11,9.942946e-10,9.83008e-08,1.6982992e-09,7.1575568e-09,6.5738612e-12,8.950954e-08,0.99998593
pamap2,gnn_flatten_lstm,sequence,7,107,107,108,374,22791,22791,0,0,1,1,lying,lying,True,0.99998593,1.3728599e-05,1.3126557e-07,1.0693096e-09,2.6499421e-08,2.8039045e-11,9.935781e-10,9.832761e-08,1.6989244e-09,7.156847e-09,6.574112e-12,8.9498606e-08,0.99998593
pamap2,gnn_flatten_lstm,sequence,7,107,107,108,375,22792,22792,0,0,1,1,lying,lying,True,0.99998593,1.3724906e-05,1.3119298e-07,1.0691302e-09,2.6475677e-08,2.8020976e-11,9.927068e-10,9.831431e-08,1.6972888e-09,7.152098e-09,6.5695743e-12,8.9455774e-08,0.99998593
pamap2,gnn_flatten_lstm,sequence,7,107,107,108,376,22793,22793,0,0,1,1,lying,lying,True,0.99998593,1.3727237e-05,1.312021e-07,1.0738368e-09,2.6525365e-08,2.812807e-11,9.967651e-10,9.847514e-08,1.6974021e-09,7.168446e-09,6.583975e-12,8.969924e-08,0.99998593
pamap2,gnn_flatten_lstm,sequence,7,107,107,108,377,22794,22794,0,0,1,1,lying,lying,True,0.99998605,1.3605624e-05,1.2971687e-07,1.1022269e-09,2.6960661e-08,2.8805054e-11,1.0217251e-09,9.912982e-08,1.6832169e-09,7.251853e-09,6.6105897e-12,9.121126e-08,0.99998605
pamap2,gnn_flatten_lstm,sequence,7,107,107,108,378,22795,22795,0,0,1,1,lying,lying,True,0.9999864,1.3293144e-05,1.387563e-07,1.1210871e-09,2.5448847e-08,2.5042364e-11,1.0498266e-09,8.8939636e-08,1.6111354e-09,7.1575057e-09,6.550259e-12,8.603029e-08,0.9999864
pamap2,gnn_flatten_lstm,sequence,7,107,107,108,379,22796,22796,0,0,1,1,lying,lying,True,0.9999864,1.326994e-05,1.5469999e-07,1.3838192e-09,3.2588645e-08,2.6485246e-11,1.3538272e-09,8.792526e-08,2.0533053e-09,8.406285e-09,8.434427e-12,1.1361199e-07,0.9999864
pamap2,gnn_flatten_lstm,sequence,7,107,107,108,380,22797,22797,0,0,1,1,lying,lying,True,0.9999856,1.3908104e-05,1.8007694e-07,1.8595361e-09,3.9676216e-08,3.2687363e-11,1.6234235e-09,1.0435321e-07,2.8298728e-09,1.0185634e-08,1.1608847e-11,1.5310577e-07,0.9999856
pamap2,gnn_flatten_lstm,sequence,7,107,107,108,381,22798,22798,0,0,1,1,lying,lying,True,0.9999869,1.26782925e-05,1.6829856e-07,1.7953204e-09,2.9002983e-08,3.003137e-11,9.891469e-10,1.15912954e-07,2.7216005e-09,8.451384e-09,1.0195777e-11,1.5910105e-07,0.9999869
pamap2,gnn_flatten_lstm,sequence,7,107,107,108,382,22799,22799,0,0,1,1,lying,lying,True,0.999985,1.4246161e-05,2.172131e-07,3.2244134e-09,3.1670652e-08,5.674688e-11,1.132813e-09,2.09849e-07,4.1065364e-09,1.3516276e-08,1.725682e-11,2.6216145e-07,0.999985
pamap2,gnn_flatten_lstm,sequence,7,107,107,108,383,22800,22800,0,0,1,1,lying,lying,True,0.99997735,2.139002e-05,3.667872e-07,6.0018284e-09,4.1843155e-08,1.3740431e-10,1.8554253e-09,4.1607444e-07,7.100983e-09,2.7558272e-08,3.7296312e-11,4.044348e-07,0.99997735
pamap2,gnn_flatten_lstm,sequence,7,107,107,108,384,22801,22801,0,0,1,1,lying,lying,True,0.9999571,4.0510942e-05,1.0642415e-06,1.0453126e-08,7.105286e-08,2.4679142e-10,4.472092e-09,6.160433e-07,1.6590851e-08,5.7271663e-08,1.03148136e-10,4.7192069e-07,0.9999571
pamap2,gnn_flatten_lstm,sequence,7,107,107,108,385,22802,22802,0,0,1,1,lying,lying,True,0.9999174,7.744128e-05,2.9511743e-06,2.3665882e-08,1.641153e-07,5.8251914e-10,1.3312657e-08,1.0847925e-06,4.4511705e-08,1.4098839e-07,3.831594e-10,8.662967e-07,0.9999174
pamap2,gnn_flatten_lstm,sequence,7,107,107,108,386,22803,22803,0,0,1,1,lying,lying,True,0.9997882,0.00019427198,1.0682188e-05,7.990158e-08,6.490382e-07,2.5647309e-09,6.55376e-08,2.6499213e-06,1.8501117e-07,4.918983e-07,2.4424152e-09,2.7098818e-06,0.9997882
pamap2,gnn_flatten_lstm,sequence,7,107,107,108,387,22804,22804,0,0,1,1,lying,lying,True,0.9991437,0.0007657428,5.7753685e-05,4.5615482e-07,4.8633274e-06,2.0783544e-08,6.101879e-07,9.343881e-06,1.2675439e-06,2.4411006e-06,3.1390567e-08,1.371068e-05,0.9991437
pamap2,gnn_flatten_lstm,sequence,7,107,107,108,388,22805,22805,0,0,1,1,lying,lying,True,0.9962381,0.0032877142,0.00027522966,3.1776167e-06,3.785998e-05,2.2184176e-07,5.918407e-06,4.3637046e-05,8.799466e-06,1.3709479e-05,4.4666496e-07,8.51101e-05,0.9962381
pamap2,gnn_flatten_lstm,sequence,7,107,107,108,389,22806,22806,0,0,1,1,lying,lying,True,0.9808849,0.016311383,0.0012695609,2.9853252e-05,0.00030507808,3.4902303e-06,5.8842732e-05,0.00032160073,6.972756e-05,9.177122e-05,6.7959813e-06,0.0006470603,0.9808849
pamap2,gnn_flatten_lstm,sequence,7,107,107,108,390,22807,22807,1,0,2,1,sitting,lying,False,0.8087886,0.15408161,0.027082607,0.00024852474,0.0015533403,5.482765e-05,0.00048046847,0.0029557152,0.0010570459,0.0009225549,0.00021891859,0.0025557748,0.8087886
pamap2,gnn_flatten_lstm,sequence,7,107,107,108,391,22808,22808,1,2,2,3,sitting,standing,False,0.18063533,0.3919759,0.39228815,0.0012580323,0.0036910656,0.00030473733,0.0018361415,0.0074570286,0.009897257,0.0037852004,0.0042301933,0.0026410068,0.39228815
pamap2,gnn_flatten_lstm,sequence,7,107,107,108,392,22809,22809,1,2,2,3,sitting,standing,False,0.013439106,0.070941836,0.8674945,0.0017926617,0.0021432345,0.00034658948,0.0032950186,0.0034719887,0.01396253,0.006749037,0.015523498,0.000839872,0.8674945
pamap2,gnn_flatten_lstm,sequence,7,107,107,108,393,22810,22810,1,2,2,3,sitting,standing,False,0.0059499675,0.036029026,0.90376604,0.0018578768,0.001511774,0.00045913042,0.00460016,0.0024334777,0.010656769,0.00941128,0.022621425,0.0007031076,0.90376604
pamap2,gnn_flatten_lstm,sequence,7,107,107,108,394,22811,22811,1,2,2,3,sitting,standing,False,0.0074449526,0.04365246,0.88733923,0.0023394902,0.0019175349,0.00056310237,0.0057911277,0.0029144008,0.011154449,0.010466929,0.025460768,0.0009555984,0.88733923
pamap2,gnn_flatten_lstm,sequence,7,107,107,108,395,22812,22812,1,2,2,3,sitting,standing,False,0.00760187,0.04540875,0.8861695,0.0023243416,0.0019472835,0.00055029045,0.005737164,0.0028776512,0.011016574,0.0101830885,0.025231875,0.0009515559,0.8861695
pamap2,gnn_flatten_lstm,sequence,7,107,107,108,396,22813,22813,1,2,2,3,sitting,standing,False,0.0074147084,0.0452785,0.8883974,0.0022063022,0.001886679,0.0005210313,0.005477899,0.0027388844,0.010780881,0.009792943,0.024607172,0.0008975785,0.8883974
pamap2,gnn_flatten_lstm,sequence,7,107,107,108,397,22814,22814,1,2,2,3,sitting,standing,False,0.007628086,0.042124607,0.88733006,0.0024156603,0.00191078,0.00056573376,0.0056632273,0.0029637935,0.011185208,0.010907837,0.02630593,0.0009989738,0.88733006
pamap2,gnn_flatten_lstm,sequence,7,107,107,108,398,22815,22815,1,2,2,3,sitting,standing,False,0.03603917,0.15903519,0.49744463,0.024446147,0.03137685,0.00425295,0.03299016,0.034067355,0.08786174,0.035889287,0.047006637,0.009589836,0.49744463
pamap2,gnn_flatten_lstm,sequence,7,107,107,108,399,22816,22816,1,8,2,13,sitting,descending_stairs,False,0.02713755,0.12880768,0.04157952,0.111376904,0.021817982,0.0029094203,0.007030379,0.25493783,0.33742785,0.035888705,0.01079706,0.020289075,0.33742785
pamap2,gnn_flatten_lstm,sequence,7,107,107,108,400,22817,22817,1,8,2,13,sitting,descending_stairs,False,0.0355851,0.24309106,0.030664437,0.10087885,0.008392014,0.0015613247,0.0020456593,0.23951794,0.25888738,0.053965073,0.012603483,0.012807656,0.25888738
pamap2,gnn_flatten_lstm,sequence,7,107,107,108,401,22818,22818,1,1,2,2,sitting,sitting,True,0.07604704,0.77231663,0.03869579,0.0074826013,0.0028822366,0.00075684284,0.00046429344,0.031682678,0.021357365,0.035187434,0.010325491,0.0028016225,0.77231663
pamap2,gnn_flatten_lstm,sequence,7,107,107,108,402,22819,22819,1,1,2,2,sitting,sitting,True,0.06356416,0.91302055,0.012247061,0.00021328768,0.0005315942,0.00016121802,5.3053544e-05,0.0021155411,0.0008236516,0.0058661727,0.0010698183,0.00033390257,0.91302055
pamap2,gnn_flatten_lstm,sequence,7,107,107,108,403,22820,22820,1,1,2,2,sitting,sitting,True,0.010886721,0.98039436,0.0073016873,8.8688685e-06,9.1275666e-05,3.7595957e-05,7.4521927e-06,0.00012952788,8.069158e-05,0.00082601816,0.00021619324,1.953444e-05,0.98039436
pamap2,gnn_flatten_lstm,sequence,7,107,107,108,404,22821,22821,1,1,2,2,sitting,sitting,True,0.0027725762,0.9925659,0.0042935573,1.3281933e-06,2.6316431e-05,1.2343182e-05,2.199847e-06,2.4649633e-05,2.1122627e-05,0.00020589735,7.100715e-05,3.1837096e-06,0.9925659
pamap2,gnn_flatten_lstm,sequence,7,107,107,108,405,22822,22822,1,1,2,2,sitting,sitting,True,0.0010489253,0.9956797,0.003116231,4.368071e-07,1.2943026e-05,7.906007e-06,1.125642e-06,9.565294e-06,9.86731e-06,7.181466e-05,4.0469513e-05,9.829885e-07,0.9956797
pamap2,gnn_flatten_lstm,sequence,7,107,107,108,406,22823,22823,1,1,2,2,sitting,sitting,True,0.00048533792,0.9958047,0.0035423322,1.9350465e-07,1.0648447e-05,1.1185507e-05,8.584961e-07,4.806951e-06,7.74118e-06,6.7806366e-05,6.39902e-05,5.0620275e-07,0.9958047
pamap2,gnn_flatten_lstm,sequence,7,107,107,108,407,22824,22824,1,1,2,2,sitting,sitting,True,0.00043982203,0.9968021,0.002201495,3.3927256e-07,2.6371095e-05,7.222135e-05,3.334507e-06,1.05600075e-05,1.0649927e-05,0.0002909541,0.00014089159,1.2477445e-06,0.9968021
pamap2,gnn_flatten_lstm,sequence,7,107,107,108,408,22825,22825,1,1,2,2,sitting,sitting,True,0.0002013941,0.99895465,0.00058471964,2.8856527e-07,2.8490465e-05,7.1049195e-05,2.6823122e-06,7.5290463e-06,5.5354994e-06,7.953711e-05,6.340725e-05,6.3861364e-07,0.99895465
pamap2,gnn_flatten_lstm,sequence,7,107,107,108,409,22826,22826,1,1,2,2,sitting,sitting,True,8.3476676e-05,0.99944633,0.00041458898,1.0246848e-07,1.0492688e-05,1.30544995e-05,7.7011964e-07,1.7323794e-06,2.1055496e-06,7.375258e-06,1.9688428e-05,1.4356225e-07,0.99944633
pamap2,gnn_flatten_lstm,sequence,7,107,107,108,410,22827,22827,1,1,2,2,sitting,sitting,True,3.8089227e-05,0.9991135,0.0008174373,3.9073207e-08,4.03271e-06,2.926903e-06,2.9333341e-07,4.0417635e-07,1.2717858e-06,2.3269172e-06,1.950626e-05,4.0392493e-08,0.9991135
pamap2,gnn_flatten_lstm,sequence,7,107,107,108,411,22828,22828,1,1,2,2,sitting,sitting,True,3.8356327e-05,0.99734604,0.0025226981,7.606495e-08,6.6473654e-06,3.7403986e-06,5.297172e-07,4.0481183e-07,2.7982649e-06,3.7730763e-06,7.4753705e-05,5.8776976e-08,0.99734604
pamap2,gnn_flatten_lstm,sequence,7,107,107,108,412,22829,22829,1,1,2,2,sitting,sitting,True,2.8618364e-05,0.99513197,0.0045388634,1.4282479e-07,1.18371245e-05,6.303381e-06,1.0374383e-06,3.796375e-07,5.289373e-06,6.1145993e-06,0.00026932132,7.227909e-08,0.99513197
pamap2,gnn_flatten_lstm,sequence,7,107,107,108,413,22830,22830,1,1,2,2,sitting,sitting,True,1.5762209e-05,0.9960884,0.0033628098,2.3353132e-07,2.1387044e-05,1.1785325e-05,1.9125412e-06,2.78334e-07,5.3955505e-06,4.285771e-06,0.00048770197,6.14456e-08,0.9960884
pamap2,gnn_flatten_lstm,sequence,7,107,107,108,414,22831,22831,1,1,2,2,sitting,sitting,True,2.0151012e-05,0.9989436,0.0006339896,7.0943526e-07,7.621648e-05,2.1200529e-05,4.713213e-06,5.204872e-07,4.224461e-06,2.2154097e-06,0.00029235546,1.11123136e-07,0.9989436
pamap2,gnn_flatten_lstm,sequence,7,107,107,108,415,22832,22832,1,1,2,2,sitting,sitting,True,2.0561401e-05,0.99935955,0.00041668795,6.55329e-07,5.2635733e-05,6.3070206e-06,3.3452184e-06,3.7229466e-07,2.3123084e-06,1.2993705e-06,0.00013617014,7.6785824e-08,0.99935955
pamap2,gnn_flatten_lstm,sequence,7,107,107,108,416,22833,22833,1,1,2,2,sitting,sitting,True,6.105426e-06,0.9995183,0.00041603777,9.9405064e-08,1.001043e-05,1.4659621e-06,7.9625704e-07,5.4724406e-08,8.602812e-07,3.7891184e-07,4.600992e-05,1.1870204e-08,0.9995183
pamap2,gnn_flatten_lstm,sequence,7,107,107,108,417,22834,22834,1,1,2,2,sitting,sitting,True,2.933441e-06,0.9998166,0.00016707025,2.0919398e-08,2.571754e-06,1.6660634e-07,1.5463714e-07,1.1975253e-08,2.106676e-07,7.54497e-08,1.0241987e-05,2.0248907e-09,0.9998166
pamap2,gnn_flatten_lstm,sequence,7,107,107,108,418,22835,22835,1,1,2,2,sitting,sitting,True,2.59962e-06,0.999841,0.00014739322,1.43311025e-08,1.6542401e-06,8.605339e-08,1.0011637e-07,8.445656e-09,1.4430238e-07,5.2138205e-08,6.976783e-06,1.3243306e-09,0.999841
pamap2,gnn_flatten_lstm,sequence,7,107,107,108,419,22836,22836,1,1,2,2,sitting,sitting,True,2.5490451e-06,0.9998479,0.00014141672,1.34012e-08,1.479851e-06,7.3869586e-08,9.0493785e-08,7.769552e-09,1.31279e-07,4.7049753e-08,6.259009e-06,1.2006338e-09,0.9998479
pamap2,gnn_flatten_lstm,sequence,7,107,107,108,420,22837,22837,1,1,2,2,sitting,sitting,True,2.3514435e-06,0.99986315,0.00012749233,1.1640942e-08,1.2955549e-06,6.2018906e-08,7.9031764e-08,6.553985e-09,1.14638844e-07,4.0006533e-08,5.3488016e-06,1.0055042e-09,0.99986315
pamap2,gnn_flatten_lstm,sequence,7,107,107,108,421,22838,22838,1,1,2,2,sitting,sitting,True,2.271179e-06,0.99986756,0.00012377495,1.1155284e-08,1.2413789e-06,5.878929e-08,7.713893e-08,6.1945964e-09,1.096681e-07,3.78539e-08,5.001783e-06,9.408139e-10,0.99986756
pamap2,gnn_flatten_lstm,sequence,7,107,107,108,422,22839,22839,1,1,2,2,sitting,sitting,True,2.2014299e-06,0.9998741,0.00011757308,1.0595334e-08,1.208888e-06,5.539955e-08,7.5003484e-08,5.855352e-09,1.0497658e-07,3.5878166e-08,4.7524e-06,8.911838e-10,0.9998741
pamap2,gnn_flatten_lstm,sequence,7,107,107,108,423,22840,22840,1,1,2,2,sitting,sitting,True,2.1235458e-06,0.99988484,0.000107359374,9.776168e-09,1.155251e-06,5.1078292e-08,7.0370035e-08,5.5106923e-09,9.72236e-08,3.288259e-08,4.3917125e-06,8.2930945e-10,0.99988484
pamap2,gnn_flatten_lstm,sequence,7,107,107,108,424,22841,22841,1,1,2,2,sitting,sitting,True,2.0710584e-06,0.9998952,9.726398e-05,9.225549e-09,1.1335212e-06,4.8557144e-08,6.806571e-08,5.258043e-09,9.085174e-08,3.0755963e-08,4.1068206e-06,7.8900175e-10,0.9998952
pamap2,gnn_flatten_lstm,sequence,7,107,107,108,425,22842,22842,1,1,2,2,sitting,sitting,True,2.0108598e-06,0.9999045,8.8314155e-05,8.893774e-09,1.1390606e-06,4.678823e-08,6.80727e-08,4.986786e-09,8.594092e-08,2.9158112e-08,3.8947273e-06,7.577008e-10,0.9999045
pamap2,gnn_flatten_lstm,sequence,7,107,107,108,426,22843,22843,1,1,2,2,sitting,sitting,True,1.9876238e-06,0.9999083,8.4524785e-05,8.885195e-09,1.1564554e-06,4.6340432e-08,6.9473735e-08,4.892497e-09,8.40512e-08,2.8596379e-08,3.817353e-06,7.5152184e-10,0.9999083
pamap2,gnn_flatten_lstm,sequence,7,107,107,108,427,22844,22844,1,1,2,2,sitting,sitting,True,2.0146535e-06,0.9999088,8.404784e-05,9.138231e-09,1.1826855e-06,4.7379885e-08,7.146873e-08,5.0167825e-09,8.478983e-08,2.8958599e-08,3.842994e-06,7.714762e-10,0.9999088
pamap2,gnn_flatten_lstm,sequence,7,107,107,108,428,22845,22845,1,1,2,2,sitting,sitting,True,1.9978586e-06,0.99990976,8.3133324e-05,9.051332e-09,1.1664803e-06,4.6890325e-08,7.090343e-08,4.9759996e-09,8.376165e-08,2.8600239e-08,3.7674597e-06,7.601917e-10,0.99990976
pamap2,gnn_flatten_lstm,sequence,7,107,107,108,429,22846,22846,1,1,2,2,sitting,sitting,True,1.9635997e-06,0.9999119,8.1150814e-05,8.86444e-09,1.1459869e-06,4.6035694e-08,7.00516e-08,4.8558113e-09,8.162991e-08,2.7886667e-08,3.6558756e-06,7.3920886e-10,0.9999119
pamap2,gnn_flatten_lstm,sequence,7,107,107,108,430,22847,22847,1,1,2,2,sitting,sitting,True,1.9741499e-06,0.99991274,8.03028e-05,8.978078e-09,1.1631945e-06,4.6577764e-08,7.159344e-08,4.882665e-09,8.133128e-08,2.8013996e-08,3.6501444e-06,7.475665e-10,0.99991274
pamap2,gnn_flatten_lstm,sequence,7,107,107,108,431,22848,22848,1,1,2,2,sitting,sitting,True,1.9885435e-06,0.99991417,7.895291e-05,9.0882715e-09,1.1749763e-06,4.676147e-08,7.2466214e-08,4.9275135e-09,8.0406245e-08,2.7826848e-08,3.6093722e-06,7.51866e-10,0.99991417
pamap2,gnn_flatten_lstm,sequence,7,107,107,108,432,22849,22849,1,1,2,2,sitting,sitting,True,1.9845118e-06,0.99991393,7.918294e-05,9.137319e-09,1.1769442e-06,4.685047e-08,7.3105205e-08,4.9079185e-09,8.029052e-08,2.779528e-08,3.5924552e-06,7.490147e-10,0.99991393
pamap2,gnn_flatten_lstm,sequence,7,107,107,108,433,22850,22850,1,1,2,2,sitting,sitting,True,2.051937e-06,0.9999076,8.508422e-05,9.6994786e-09,1.2204116e-06,4.994476e-08,7.6514254e-08,5.2043285e-09,8.580459e-08,2.9792108e-08,3.841326e-06,7.9977364e-10,0.9999076
pamap2,gnn_flatten_lstm,sequence,7,107,107,108,434,22851,22851,1,1,2,2,sitting,sitting,True,2.1326837e-06,0.9999007,9.164986e-05,1.0322352e-08,1.2645883e-06,5.3417736e-08,7.974369e-08,5.577888e-09,9.210378e-08,3.197467e-08,4.119219e-06,8.5942475e-10,0.9999007
pamap2,gnn_flatten_lstm,sequence,7,107,107,108,435,22852,22852,1,1,2,2,sitting,sitting,True,2.143798e-06,0.999899,9.3155504e-05,1.0463252e-08,1.2763995e-06,5.4696407e-08,8.056945e-08,5.666517e-09,9.416127e-08,3.2398265e-08,4.1893422e-06,8.722715e-10,0.999899
pamap2,gnn_flatten_lstm,sequence,7,107,107,108,436,22853,22853,1,1,2,2,sitting,sitting,True,2.146003e-06,0.9998982,9.385034e-05,1.0601918e-08,1.3004267e-06,5.604762e-08,8.2412086e-08,5.695204e-09,9.634472e-08,3.2889737e-08,4.270927e-06,8.8617097e-10,0.9998982
pamap2,gnn_flatten_lstm,sequence,7,107,107,108,437,22854,22854,1,1,2,2,sitting,sitting,True,2.169775e-06,0.9998939,9.795793e-05,1.0908825e-08,1.3204465e-06,5.7930063e-08,8.372311e-08,5.8360228e-09,1.00076804e-07,3.397002e-08,4.441712e-06,9.1079e-10,0.9998939
pamap2,gnn_flatten_lstm,sequence,7,107,107,108,438,22855,22855,1,1,2,2,sitting,sitting,True,2.2171448e-06,0.9998872,0.000104076964,1.145869e-08,1.3692825e-06,6.1862785e-08,8.7512674e-08,6.0749246e-09,1.06275586e-07,3.6122945e-08,4.733772e-06,9.606319e-10,0.9998872
pamap2,gnn_flatten_lstm,sequence,7,107,107,108,439,22856,22856,1,1,2,2,sitting,sitting,True,2.2699676e-06,0.9998795,0.00011148345,1.2022169e-08,1.4094334e-06,6.571319e-08,9.024274e-08,6.3719328e-09,1.1300091e-07,3.8099692e-08,5.040232e-06,1.0106063e-09,0.9998795
pamap2,gnn_flatten_lstm,sequence,7,107,107,108,440,22857,22857,1,1,2,2,sitting,sitting,True,2.3327054e-06,0.9998714,0.00011904163,1.26770745e-08,1.4677742e-06,7.089354e-08,9.426811e-08,6.713944e-09,1.2133505e-07,4.074406e-08,5.422585e-06,1.0758027e-09,0.9998714
pamap2,gnn_flatten_lstm,sequence,7,107,107,108,441,22858,22858,1,1,2,2,sitting,sitting,True,2.405359e-06,0.99986315,0.00012670964,1.3406798e-08,1.540706e-06,7.651786e-08,9.958666e-08,7.0583006e-09,1.3043986e-07,4.3951996e-08,5.860576e-06,1.1541473e-09,0.99986315
pamap2,gnn_flatten_lstm,sequence,7,107,107,108,442,22859,22859,1,1,2,2,sitting,sitting,True,2.4446713e-06,0.9998584,0.00013110416,1.38580045e-08,1.5849103e-06,8.002387e-08,1.02735626e-07,7.2517987e-09,1.360268e-07,4.588964e-08,6.1400683e-06,1.2011803e-09,0.9998584
pamap2,gnn_flatten_lstm,sequence,7,107,107,108,443,22860,22860,1,1,2,2,sitting,sitting,True,2.489649e-06,0.99985325,0.00013580907,1.4295788e-08,1.6234604e-06,8.35283e-08,1.05376e-07,7.477606e-09,1.4179837e-07,4.786711e-08,6.419306e-06,1.2504249e-09,0.99985325
pamap2,gnn_flatten_lstm,sequence,7,107,107,108,444,22861,22861,1,1,2,2,sitting,sitting,True,2.576631e-06,0.9998447,0.00014369504,1.5156218e-08,1.7028947e-06,9.030383e-08,1.10760595e-07,7.946377e-09,1.5235148e-07,5.1192497e-08,6.8952504e-06,1.3453344e-09,0.9998447
pamap2,gnn_flatten_lstm,sequence,7,107,107,108,445,22862,22862,1,1,2,2,sitting,sitting,True,2.660146e-06,0.99983597,0.00015176597,1.5969896e-08,1.772783e-06,9.681564e-08,1.15685204e-07,8.3897405e-09,1.6238667e-07,5.4631652e-08,7.3573424e-06,1.4365806e-09,0.99983597
pamap2,gnn_flatten_lstm,sequence,7,107,107,108,446,22863,22863,1,1,2,2,sitting,sitting,True,2.6785399e-06,0.9998318,0.0001557465,1.6165659e-08,1.789251e-06,9.864136e-08,1.16996155e-07,8.474364e-09,1.6635357e-07,5.6045078e-08,7.5540056e-06,1.4635876e-09,0.9998318
pamap2,gnn_flatten_lstm,sequence,7,107,107,108,447,22864,22864,1,1,2,2,sitting,sitting,True,2.7644744e-06,0.99982387,0.00016287567,1.7068798e-08,1.8837648e-06,1.05233305e-07,1.2427618e-07,8.873368e-09,1.7675913e-07,6.0036e-08,8.060542e-06,1.5687358e-09,0.99982387
pamap2,gnn_flatten_lstm,sequence,7,107,107,108,448,22865,22865,1,1,2,2,sitting,sitting,True,2.779929e-06,0.9998254,0.00016139109,1.7087718e-08,1.8922391e-06,1.0610152e-07,1.243621e-07,8.959811e-09,1.7655252e-07,6.0003586e-08,8.056904e-06,1.5806049e-09,0.9998254
pamap2,gnn_flatten_lstm,sequence,7,107,107,108,449,22866,22866,1,1,2,2,sitting,sitting,True,2.7695937e-06,0.99982953,0.00015742837,1.69391e-08,1.8938085e-06,1.058709e-07,1.2434471e-07,8.902271e-09,1.7441516e-07,5.9226206e-08,7.932534e-06,1.5692835e-09,0.99982953
pamap2,gnn_flatten_lstm,sequence,7,107,107,108,450,22867,22867,1,1,2,2,sitting,sitting,True,2.7674844e-06,0.9998306,0.00015637945,1.6964112e-08,1.8996387e-06,1.055613e-07,1.24857e-07,8.87888e-09,1.7411321e-07,5.9040172e-08,7.898949e-06,1.5673169e-09,0.9998306
pamap2,gnn_flatten_lstm,sequence,7,107,107,108,451,22868,22868,1,1,2,2,sitting,sitting,True,2.7657054e-06,0.9998312,0.00015584296,1.6937836e-08,1.8957453e-06,1.0522004e-07,1.2436698e-07,8.873366e-09,1.7366756e-07,5.8792985e-08,7.8698995e-06,1.562256e-09,0.9998312
pamap2,gnn_flatten_lstm,sequence,7,107,107,108,452,22869,22869,1,1,2,2,sitting,sitting,True,2.7535245e-06,0.99983275,0.00015444857,1.6792724e-08,1.8771855e-06,1.0412892e-07,1.2267115e-07,8.827902e-09,1.7167957e-07,5.799418e-08,7.777453e-06,1.5429213e-09,0.99983275
pamap2,gnn_flatten_lstm,sequence,7,107,107,108,453,22870,22870,1,1,2,2,sitting,sitting,True,2.7520923e-06,0.9998313,0.00015582948,1.6853889e-08,1.8680606e-06,1.03764165e-07,1.2156275e-07,8.873807e-09,1.7241142e-07,5.78025e-08,7.800916e-06,1.5385433e-09,0.9998313
pamap2,gnn_flatten_lstm,sequence,7,107,107,108,454,22871,22871,1,1,2,2,sitting,sitting,True,2.7336935e-06,0.99983156,0.00015562931,1.6746515e-08,1.851718e-06,1.0355817e-07,1.2003544e-07,8.852441e-09,1.7185268e-07,5.7236306e-08,7.7721725e-06,1.5238215e-09,0.99983156
pamap2,gnn_flatten_lstm,sequence,7,107,107,108,455,22872,22872,1,1,2,2,sitting,sitting,True,2.720662e-06,0.999833,0.00015424401,1.6631022e-08,1.8500314e-06,1.0372219e-07,1.1982357e-07,8.7956e-09,1.7073035e-07,5.6886915e-08,7.7375125e-06,1.5148403e-09,0.999833
pamap2,gnn_flatten_lstm,sequence,7,107,107,108,456,22873,22873,1,1,2,2,sitting,sitting,True,2.71298e-06,0.99983394,0.00015329287,1.660907e-08,1.8591736e-06,1.038274e-07,1.2102241e-07,8.716281e-09,1.7028495e-07,5.696699e-08,7.729186e-06,1.5141859e-09,0.99983394
pamap2,gnn_flatten_lstm,sequence,7,107,107,108,457,22874,22874,1,1,2,2,sitting,sitting,True,2.7089038e-06,0.9998344,0.00015287481,1.6576356e-08,1.8582351e-06,1.0336567e-07,1.2110132e-07,8.6912015e-09,1.7023925e-07,5.6832874e-08,7.717825e-06,1.5135544e-09,0.9998344
pamap2,gnn_flatten_lstm,sequence,7,107,107,108,458,22875,22875,1,1,2,2,sitting,sitting,True,2.7638741e-06,0.99982977,0.00015713097,1.7107329e-08,1.9042717e-06,1.07526255e-07,1.2428025e-07,8.980793e-09,1.7633019e-07,5.9017154e-08,8.006218e-06,1.5741283e-09,0.99982977
pamap2,gnn_flatten_lstm,sequence,7,107,107,108,459,22876,22876,1,1,2,2,sitting,sitting,True,2.8052896e-06,0.9998259,0.00016061592,1.7551939e-08,1.9482534e-06,1.1108707e-07,1.2751862e-07,9.176404e-09,1.8136171e-07,6.099936e-08,8.261828e-06,1.6246757e-09,0.9998259
pamap2,gnn_flatten_lstm,sequence,7,107,107,108,460,22877,22877,1,1,2,2,sitting,sitting,True,2.787858e-06,0.99982494,0.00016162884,1.741739e-08,1.9299218e-06,1.0884926e-07,1.2608731e-07,9.05229e-09,1.7943675e-07,6.043405e-08,8.217886e-06,1.6016626e-09,0.99982494
pamap2,gnn_flatten_lstm,sequence,7,107,107,108,461,22878,22878,1,1,2,2,sitting,sitting,True,2.8122104e-06,0.999819,0.00016736166,1.7835564e-08,1.955634e-06,1.1038025e-07,1.288995e-07,9.125844e-09,1.830847e-07,6.215139e-08,8.409333e-06,1.6284775e-09,0.999819
pamap2,gnn_flatten_lstm,sequence,7,107,107,108,462,22879,22879,1,1,2,2,sitting,sitting,True,2.8699842e-06,0.99980897,0.00017685776,1.8567704e-08,1.9947904e-06,1.1350108e-07,1.3281192e-07,9.387301e-09,1.898452e-07,6.503625e-08,8.745493e-06,1.6863566e-09,0.99980897
pamap2,gnn_flatten_lstm,sequence,7,107,107,108,463,22880,22880,1,1,2,2,sitting,sitting,True,2.904352e-06,0.99980134,0.00018428624,1.8968404e-08,1.9971903e-06,1.13947046e-07,1.3386429e-07,9.535076e-09,1.9306263e-07,6.6532834e-08,8.910196e-06,1.711277e-09,0.99980134
pamap2,gnn_flatten_lstm,sequence,7,107,107,108,464,22881,22881,1,1,2,2,sitting,sitting,True,2.9681048e-06,0.9997919,0.00019332052,1.9702325e-08,2.0319858e-06,1.1703166e-07,1.3724468e-07,9.854861e-09,2.0039379e-07,6.927657e-08,9.224803e-06,1.772986e-09,0.9997919
pamap2,gnn_flatten_lstm,sequence,7,107,107,108,465,22882,22882,1,1,2,2,sitting,sitting,True,3.0895303e-06,0.9997787,0.00020564857,2.1091159e-08,2.1320288e-06,1.2573302e-07,1.4531861e-07,1.0537351e-08,2.1594464e-07,7.463716e-08,9.891617e-06,1.9167847e-09,0.9997787
pamap2,gnn_flatten_lstm,sequence,7,107,107,108,466,22883,22883,1,1,2,2,sitting,sitting,True,3.1673046e-06,0.99977165,0.00021192188,2.207711e-08,2.2211743e-06,1.3300088e-07,1.5273544e-07,1.09841105e-08,2.2762852e-07,7.889306e-08,1.0416407e-05,2.0329107e-09,0.99977165
pamap2,gnn_flatten_lstm,sequence,7,107,107,108,467,22884,22884,1,1,2,2,sitting,sitting,True,3.2830744e-06,0.9997594,0.00022308271,2.3563283e-08,2.3437199e-06,1.4357023e-07,1.6330631e-07,1.1628773e-08,2.454674e-07,8.547223e-08,1.1222199e-05,2.2031943e-09,0.9997594
pamap2,gnn_flatten_lstm,sequence,7,107,107,108,468,22885,22885,1,1,2,2,sitting,sitting,True,3.3863514e-06,0.9997482,0.00023338197,2.4831369e-08,2.445715e-06,1.5254697e-07,1.721339e-07,1.2202251e-08,2.6112014e-07,9.1249596e-08,1.1922331e-05,2.3533273e-09,0.9997482
pamap2,gnn_flatten_lstm,sequence,7,107,107,108,469,22886,22886,1,1,2,2,sitting,sitting,True,3.3865867e-06,0.999749,0.00023293923,2.4214108e-08,2.3701355e-06,1.4686017e-07,1.6319376e-07,1.2261099e-08,2.5723e-07,8.8564605e-08,1.1674407e-05,2.3071296e-09,0.999749
pamap2,gnn_flatten_lstm,sequence,7,107,107,108,470,22887,22887,1,1,2,2,sitting,sitting,True,3.3353738e-06,0.9997595,0.00022314169,2.3044372e-08,2.2874572e-06,1.4093844e-07,1.5386162e-07,1.1993838e-08,2.457736e-07,8.412657e-08,1.1161107e-05,2.2070978e-09,0.9997595
pamap2,gnn_flatten_lstm,sequence,7,107,107,108,471,22888,22888,1,1,2,2,sitting,sitting,True,3.2261667e-06,0.9997756,0.0002077869,2.1696938e-08,2.2221384e-06,1.3400876e-07,1.4835454e-07,1.1296098e-08,2.3071098e-07,7.9365165e-08,1.0519412e-05,2.0762077e-09,0.9997756
pamap2,gnn_flatten_lstm,sequence,7,107,107,108,472,22889,22889,1,1,2,2,sitting,sitting,True,3.1170305e-06,0.9997904,0.00019407814,2.0318566e-08,2.120536e-06,1.2511133e-07,1.3979516e-07,1.0713874e-08,2.1547648e-07,7.2972895e-08,9.733984e-06,1.925543e-09,0.9997904
pamap2,gnn_flatten_lstm,sequence,7,107,107,108,473,22890,22890,1,1,2,2,sitting,sitting,True,3.0110834e-06,0.9998049,0.00018044055,1.9156227e-08,2.0472014e-06,1.1840234e-07,1.3415745e-07,1.01259765e-08,2.0123022e-07,6.7903706e-08,9.055508e-06,1.797368e-09,0.9998049
pamap2,gnn_flatten_lstm,sequence,7,107,107,108,474,22891,22891,1,1,2,2,sitting,sitting,True,2.9169873e-06,0.9998166,0.00016948287,1.8294976e-08,1.9897402e-06,1.1214281e-07,1.3103248e-07,9.540605e-09,1.8771972e-07,6.410616e-08,8.49673e-06,1.6935221e-09,0.9998166
pamap2,gnn_flatten_lstm,sequence,7,107,107,108,475,22892,22892,1,1,2,2,sitting,sitting,True,2.8388572e-06,0.9998246,0.00016245847,1.7337339e-08,1.8870672e-06,1.0449932e-07,1.226995e-07,9.189825e-09,1.7691407e-07,5.9047586e-08,7.879017e-06,1.5755198e-09,0.9998246
pamap2,gnn_flatten_lstm,sequence,7,107,107,108,476,22893,22893,1,1,2,2,sitting,sitting,True,2.698953e-06,0.9998355,0.0001524247,1.5885616e-08,1.7528239e-06,9.4794444e-08,1.1212205e-07,8.5206855e-09,1.6190846e-07,5.3136844e-08,7.1730406e-06,1.4150662e-09,0.9998355
pamap2,gnn_flatten_lstm,sequence,7,107,107,108,477,22894,22894,1,1,2,2,sitting,sitting,True,2.5767197e-06,0.9998449,0.00014379843,1.4821459e-08,1.6740959e-06,8.8135444e-08,1.0715505e-07,7.875341e-09,1.5134475e-07,4.957652e-08,6.6927314e-06,1.3048288e-09,0.9998449
pamap2,gnn_flatten_lstm,sequence,7,107,107,108,478,22895,22895,1,1,2,2,sitting,sitting,True,2.4895035e-06,0.99985206,0.00013695373,1.4090923e-08,1.6298483e-06,8.344142e-08,1.04679955e-07,7.4076127e-09,1.4431883e-07,4.750859e-08,6.417095e-06,1.2404489e-09,0.99985206
pamap2,gnn_flatten_lstm,sequence,7,107,107,108,479,22896,22896,1,1,2,2,sitting,sitting,True,2.5596796e-06,0.9998436,0.00014498581,1.4767991e-08,1.6784403e-06,8.6087105e-08,1.0841018e-07,7.707704e-09,1.5156064e-07,5.014325e-08,6.7585247e-06,1.3046405e-09,0.9998436
pamap2,gnn_flatten_lstm,sequence,7,107,107,108,480,22897,22897,1,1,2,2,sitting,sitting,True,2.8047195e-06,0.99981433,0.00017256057,1.7132141e-08,1.8433977e-06,9.821179e-08,1.178755e-07,9.023716e-09,1.8015687e-07,5.875802e-08,8.074915e-06,1.5398469e-09,0.99981433
pamap2,gnn_flatten_lstm,sequence,7,107,107,108,481,22898,22898,1,1,2,2,sitting,sitting,True,2.9838388e-06,0.9997956,0.00018926592,1.9164196e-08,2.0565008e-06,1.1497423e-07,1.3091356e-07,1.0082386e-08,2.1106939e-07,6.804777e-08,9.531243e-06,1.7941351e-09,0.9997956
pamap2,gnn_flatten_lstm,sequence,7,107,107,108,482,22899,22899,1,1,2,2,sitting,sitting,True,3.0839162e-06,0.9997881,0.00019562451,2.0167285e-08,2.1721207e-06,1.2543934e-07,1.3929937e-07,1.0601315e-08,2.2743525e-07,7.4245825e-08,1.0377493e-05,1.958471e-09,0.9997881
pamap2,gnn_flatten_lstm,sequence,7,107,107,108,483,22900,22900,1,1,2,2,sitting,sitting,True,3.1821685e-06,0.9997824,0.00020065131,2.1168617e-08,2.26746e-06,1.3310839e-07,1.4658649e-07,1.1114513e-08,2.403609e-07,7.859592e-08,1.0928866e-05,2.0975848e-09,0.9997824
pamap2,gnn_flatten_lstm,sequence,7,107,107,108,484,22901,22901,1,1,2,2,sitting,sitting,True,3.1754369e-06,0.9997887,0.00019448693,2.1132928e-08,2.2823986e-06,1.329187e-07,1.4828804e-07,1.1049775e-08,2.4025263e-07,7.789008e-08,1.0777038e-05,2.1039288e-09,0.9997887
pamap2,gnn_flatten_lstm,sequence,7,107,107,108,485,22902,22902,1,1,2,2,sitting,sitting,True,3.2882656e-06,0.9997811,0.0002010596,2.2626528e-08,2.4148237e-06,1.4341188e-07,1.5859358e-07,1.1719295e-08,2.587228e-07,8.34452e-08,1.150048e-05,2.2805937e-09,0.9997811
pamap2,gnn_flatten_lstm,sequence,7,107,107,108,486,22903,22903,1,1,2,2,sitting,sitting,True,3.4497084e-06,0.9997702,0.00021065657,2.4525209e-08,2.5758222e-06,1.5793229e-07,1.6850763e-07,1.2759989e-08,2.7896078e-07,8.940714e-08,1.2382401e-05,2.492239e-09,0.9997702
pamap2,gnn_flatten_lstm,sequence,7,107,107,108,487,22904,22904,1,1,2,2,sitting,sitting,True,3.5270134e-06,0.9997706,0.00020978633,2.5346626e-08,2.6891178e-06,1.6808156e-07,1.7335321e-07,1.331319e-08,2.857272e-07,9.093282e-08,1.2724662e-05,2.5840812e-09,0.9997706
pamap2,gnn_flatten_lstm,sequence,7,107,107,108,488,22905,22905,1,1,2,2,sitting,sitting,True,3.4103855e-06,0.9997805,0.00020058376,2.4030735e-08,2.6193406e-06,1.632864e-07,1.6493064e-07,1.2740008e-08,2.7422288e-07,8.5674465e-08,1.2272196e-05,2.435149e-09,0.9997805
pamap2,gnn_flatten_lstm,sequence,7,107,107,108,489,22906,22906,1,1,2,2,sitting,sitting,True,3.3037923e-06,0.9997949,0.00018682366,2.2820014e-08,2.5768982e-06,1.601549e-07,1.5807903e-07,1.2208967e-08,2.581206e-07,7.996004e-08,1.1728609e-05,2.2961504e-09,0.9997949
pamap2,gnn_flatten_lstm,sequence,7,107,107,108,490,22907,22907,1,1,2,2,sitting,sitting,True,3.3025913e-06,0.9997937,0.00018778391,2.3068688e-08,2.6189082e-06,1.6685773e-07,1.5943358e-07,1.2379851e-08,2.617551e-07,8.0331105e-08,1.1953592e-05,2.3158127e-09,0.9997937
pamap2,gnn_flatten_lstm,sequence,7,107,107,108,491,22908,22908,1,1,2,2,sitting,sitting,True,3.4203633e-06,0.999777,0.00020272077,2.4638746e-08,2.7997885e-06,1.8761777e-07,1.7098343e-07,1.3291125e-08,2.9129563e-07,8.771875e-08,1.3213068e-05,2.5315805e-09,0.999777
pamap2,gnn_flatten_lstm,sequence,7,107,107,108,492,22909,22909,1,1,2,2,sitting,sitting,True,3.51081e-06,0.9997712,0.00020777408,2.4994975e-08,2.8843413e-06,2.0177572e-07,1.723708e-07,1.3926746e-08,3.0336957e-07,9.004317e-08,1.3849577e-05,2.6398381e-09,0.9997712
pamap2,gnn_flatten_lstm,sequence,7,107,107,108,493,22910,22910,1,1,2,2,sitting,sitting,True,3.5553142e-06,0.99977165,0.00020668663,2.479551e-08,2.968982e-06,2.1543626e-07,1.742571e-07,1.4102317e-08,3.06407e-07,9.12963e-08,1.4329719e-05,2.6988873e-09,0.99977165
pamap2,gnn_flatten_lstm,sequence,7,107,107,108,494,22911,22911,1,1,2,2,sitting,sitting,True,3.6870144e-06,0.9997626,0.00021362811,2.6271389e-08,3.2448606e-06,2.4900942e-07,1.9325115e-07,1.4716718e-08,3.3217262e-07,1.0145388e-07,1.595132e-05,2.968647e-09,0.9997626
pamap2,gnn_flatten_lstm,sequence,7,107,107,108,495,22912,22912,1,1,2,2,sitting,sitting,True,3.7536695e-06,0.99975795,0.0002166261,2.7308417e-08,3.4781247e-06,2.7925017e-07,2.1325593e-07,1.4902712e-08,3.5636887e-07,1.1183079e-07,1.7245962e-05,3.2001508e-09,0.99975795
pamap2,gnn_flatten_lstm,sequence,7,107,107,108,496,22913,22913,1,1,2,2,sitting,sitting,True,3.963339e-06,0.9997391,0.00023195446,3.0493467e-08,3.926553e-06,3.378058e-07,2.4950154e-07,1.6101204e-08,4.086991e-07,1.3032397e-07,1.9895451e-05,3.7090626e-09,0.9997391
pamap2,gnn_flatten_lstm,sequence,7,107,107,108,497,22914,22914,1,1,2,2,sitting,sitting,True,4.06801e-06,0.99973184,0.00023765455,3.1965794e-08,4.1457374e-06,3.7065786e-07,2.6895842e-07,1.6602845e-08,4.3118524e-07,1.4008593e-07,2.11541e-05,3.963936e-09,0.99973184
pamap2,gnn_flatten_lstm,sequence,7,107,107,108,498,22915,22915,1,1,2,2,sitting,sitting,True,3.9784404e-06,0.9997408,0.00022969522,3.103475e-08,4.0621153e-06,3.5637433e-07,2.646839e-07,1.5990837e-08,4.192833e-07,1.3575668e-07,2.0312262e-05,3.82975e-09,0.9997408
pamap2,gnn_flatten_lstm,sequence,7,107,107,108,499,22916,22916,1,1,2,2,sitting,sitting,True,3.8752773e-06,0.9997553,0.00021668049,2.9602138e-08,3.9644465e-06,3.3434566e-07,2.536526e-07,1.5324527e-08,3.9265132e-07,1.2631372e-07,1.903949e-05,3.6060137e-09,0.9997553
pamap2,gnn_flatten_lstm,sequence,7,107,107,108,500,22917,22917,1,1,2,2,sitting,sitting,True,3.9579086e-06,0.99974793,0.00022215834,3.1654512e-08,4.265629e-06,3.6887099e-07,2.733427e-07,1.607183e-08,4.2098114e-07,1.346543e-07,2.0531175e-05,3.8573047e-09,0.99974793
pamap2,gnn_flatten_lstm,sequence,7,107,107,108,501,22918,22918,1,1,2,2,sitting,sitting,True,4.201944e-06,0.99971074,0.00025338153,3.6221223e-08,4.8094134e-06,4.520894e-07,3.1345257e-07,1.8033909e-08,4.981899e-07,1.6056411e-07,2.5486019e-05,4.542325e-09,0.99971074
pamap2,gnn_flatten_lstm,sequence,7,107,107,108,502,22919,22919,1,1,2,2,sitting,sitting,True,4.820465e-06,0.99964,0.0003112009,4.571958e-08,5.9167787e-06,6.62341e-07,4.028439e-07,2.2674138e-08,6.382307e-07,2.1708247e-07,3.597458e-05,6.151417e-09,0.99964
pamap2,gnn_flatten_lstm,sequence,7,107,107,108,503,22920,22920,1,1,2,2,sitting,sitting,True,5.9609793e-06,0.99950004,0.0004237914,6.6175424e-08,8.011529e-06,1.1829701e-06,5.978643e-07,3.2651357e-08,9.2769005e-07,3.4403746e-07,5.895852e-05,9.6323385e-09,0.99950004
pamap2,gnn_flatten_lstm,sequence,7,107,107,108,504,22921,22921,1,1,2,2,sitting,sitting,True,6.8899817e-06,0.9993818,0.0005177981,8.279323e-08,9.60389e-06,1.7302202e-06,7.5747994e-07,4.1505146e-08,1.1578412e-06,4.5756286e-07,7.9563004e-05,1.2733859e-08,0.9993818
pamap2,gnn_flatten_lstm,sequence,7,107,107,108,505,22922,22922,1,1,2,2,sitting,sitting,True,7.438827e-06,0.9993217,0.00056602084,9.251001e-08,1.0446521e-05,2.0779617e-06,8.50183e-07,4.6822986e-08,1.2749986e-06,5.211274e-07,8.965604e-05,1.4550333e-08,0.9993217
pamap2,gnn_flatten_lstm,sequence,7,107,107,108,506,22923,22923,1,1,2,2,sitting,sitting,True,7.5214143e-06,0.99932396,0.0005659185,9.242379e-08,1.0333625e-05,2.0678094e-06,8.3951903e-07,4.729062e-08,1.2650358e-06,5.1491384e-07,8.756116e-05,1.4528597e-08,0.99932396
pamap2,gnn_flatten_lstm,sequence,7,107,107,108,507,22924,22924,1,1,2,2,sitting,sitting,True,7.751806e-06,0.9993318,0.00055841566,9.5386035e-08,1.0557296e-05,2.1509304e-06,8.596795e-07,4.9300407e-08,1.2657757e-06,5.1829164e-07,8.6594795e-05,1.5029123e-08,0.9993318
pamap2,gnn_flatten_lstm,sequence,7,107,107,108,508,22925,22925,1,1,2,2,sitting,sitting,True,7.6054107e-06,0.999387,0.0005126417,9.2218315e-08,1.0224951e-05,1.9969625e-06,8.174646e-07,4.7609742e-08,1.174908e-06,4.750835e-07,7.791834e-05,1.4191883e-08,0.999387
pamap2,gnn_flatten_lstm,sequence,7,107,107,108,509,22926,22926,1,1,2,2,sitting,sitting,True,7.08861e-06,0.9994966,0.0004187678,8.3541515e-08,9.617533e-06,1.7192532e-06,7.296958e-07,4.321975e-08,1.0134224e-06,3.9003083e-07,6.4015374e-05,1.2387862e-08,0.9994966
pamap2,gnn_flatten_lstm,sequence,7,107,107,108,510,22927,22927,1,1,2,2,sitting,sitting,True,6.3779416e-06,0.99957424,0.0003550306,7.193639e-08,8.637259e-06,1.387971e-06,6.309509e-07,3.7093372e-08,8.7203443e-07,3.1783685e-07,5.2354237e-05,1.027197e-08,0.99957424
pamap2,gnn_flatten_lstm,sequence,7,107,107,108,511,22928,22928,1,1,2,2,sitting,sitting,True,6.274872e-06,0.99954104,0.0003865641,7.2456295e-08,8.528145e-06,1.3704318e-06,6.413132e-07,3.6351825e-08,9.1946265e-07,3.3073044e-07,5.4097498e-05,1.023826e-08,0.99954104
pamap2,gnn_flatten_lstm,sequence,7,107,107,108,512,22929,22929,1,1,2,2,sitting,sitting,True,6.456135e-06,0.9994716,0.00044859078,7.788632e-08,8.886308e-06,1.4748216e-06,6.999902e-07,3.804088e-08,1.0341339e-06,3.7431917e-07,6.0886545e-05,1.109217e-08,0.9994716
pamap2,gnn_flatten_lstm,sequence,7,107,107,108,513,22930,22930,1,1,2,2,sitting,sitting,True,6.3098223e-06,0.9994469,0.00047320535,7.658016e-08,8.597183e-06,1.4022984e-06,6.8774216e-07,3.675106e-08,1.0551923e-06,3.7908788e-07,6.131589e-05,1.0776771e-08,0.9994469
pamap2,gnn_flatten_lstm,sequence,7,107,107,108,514,22931,22931,1,1,2,2,sitting,sitting,True,6.2437857e-06,0.9994442,0.00047606725,7.560912e-08,8.52492e-06,1.3850456e-06,6.787524e-07,3.6306243e-08,1.065701e-06,3.776248e-07,6.1369545e-05,1.0641502e-08,0.9994442
pamap2,gnn_flatten_lstm,sequence,7,107,107,108,515,22932,22932,1,1,2,2,sitting,sitting,True,6.1979545e-06,0.99945253,0.0004674758,7.473828e-08,8.596329e-06,1.397079e-06,6.7780445e-07,3.6079225e-08,1.0769381e-06,3.747671e-07,6.1544655e-05,1.0645245e-08,0.99945253
pamap2,gnn_flatten_lstm,sequence,7,107,107,108,516,22933,22933,1,1,2,2,sitting,sitting,True,6.5047752e-06,0.9994129,0.00049652933,8.106904e-08,9.477453e-06,1.6326925e-06,7.6173484e-07,3.929166e-08,1.2023e-06,4.1946893e-07,7.032565e-05,1.2033095e-08,0.9994129
pamap2,gnn_flatten_lstm,sequence,7,107,107,108,517,22934,22934,1,1,2,2,sitting,sitting,True,6.7465594e-06,0.99938893,0.00051320915,8.5564174e-08,1.0058185e-05,1.8176243e-06,8.138101e-07,4.17441e-08,1.2759297e-06,4.512617e-07,7.658708e-05,1.2992142e-08,0.99938893
pamap2,gnn_flatten_lstm,sequence,7,107,107,108,518,22935,22935,1,1,2,2,sitting,sitting,True,6.6678977e-06,0.9994216,0.0004836783,8.276747e-08,9.913295e-06,1.803318e-06,7.819303e-07,4.0949434e-08,1.2179353e-06,4.3045904e-07,7.374763e-05,1.258567e-08,0.9994216
pamap2,gnn_flatten_lstm,sequence,7,107,107,108,519,22936,22936,1,1,2,2,sitting,sitting,True,6.6131306e-06,0.9994481,0.00045940882,7.9808764e-08,9.7776665e-06,1.7985295e-06,7.4943546e-07,4.0456605e-08,1.1567812e-06,4.1217046e-07,7.1941e-05,1.22075265e-08,0.9994481
pamap2,gnn_flatten_lstm,sequence,7,107,107,108,520,22937,22937,1,1,2,2,sitting,sitting,True,6.7643746e-06,0.99944633,0.0004566894,8.077264e-08,1.0076803e-05,1.9332706e-06,7.609239e-07,4.1967404e-08,1.1645428e-06,4.2411534e-07,7.571238e-05,1.2643053e-08,0.99944633
pamap2,gnn_flatten_lstm,sequence,7,107,107,108,521,22938,22938,1,1,2,2,sitting,sitting,True,6.6674024e-06,0.99948454,0.0004222527,7.708879e-08,9.90207e-06,1.883905e-06,7.2635714e-07,4.0600785e-08,1.0944002e-06,3.9993083e-07,7.2433526e-05,1.22158905e-08,0.99948454
pamap2,gnn_flatten_lstm,sequence,7,107,107,108,522,22939,22939,1,1,2,2,sitting,sitting,True,6.3127527e-06,0.9995478,0.000370655,6.9295986e-08,9.119243e-06,1.6161362e-06,6.398612e-07,3.6783455e-08,9.620663e-07,3.439719e-07,6.2393054e-05,1.0787832e-08,0.9995478
pamap2,gnn_flatten_lstm,sequence,7,107,107,108,523,22940,22940,1,1,2,2,sitting,sitting,True,5.876948e-06,0.99960595,0.0003253927,6.102887e-08,8.122511e-06,1.2933824e-06,5.477957e-07,3.242734e-08,8.209831e-07,2.8667003e-07,5.165999e-05,9.116438e-09,0.99960595
pamap2,gnn_flatten_lstm,sequence,7,107,107,108,524,22941,22941,1,1,2,2,sitting,sitting,True,5.561594e-06,0.99964225,0.00029758568,5.534488e-08,7.3937476e-06,1.0937172e-06,4.853109e-07,2.957836e-08,7.2034965e-07,2.48378e-07,4.4582055e-05,7.9706615e-09,0.99964225
pamap2,gnn_flatten_lstm,sequence,7,107,107,108,525,22942,22942,1,1,2,2,sitting,sitting,True,5.3232457e-06,0.99966204,0.000283559,5.137171e-08,6.8149084e-06,9.598566e-07,4.4283175e-07,2.7545221e-08,6.5593633e-07,2.246582e-07,3.989302e-05,7.189398e-09,0.99966204
pamap2,gnn_flatten_lstm,sequence,7,107,107,108,526,22943,22943,1,1,2,2,sitting,sitting,True,5.0540966e-06,0.9996722,0.00027824365,4.749551e-08,6.2060776e-06,8.245576e-07,4.0368872e-07,2.523993e-08,6.0852545e-07,2.0684341e-07,3.6087622e-05,6.4658754e-09,0.9996722
pamap2,gnn_flatten_lstm,sequence,7,107,107,108,527,22944,22944,1,1,2,2,sitting,sitting,True,4.81356e-06,0.9996941,0.00026150935,4.316147e-08,5.6679473e-06,6.9435964e-07,3.5801898e-07,2.3274763e-08,5.545165e-07,1.8253918e-07,3.1910724e-05,5.7695404e-09,0.9996941
pamap2,gnn_flatten_lstm,sequence,7,107,107,108,528,22945,22945,1,1,2,2,sitting,sitting,True,4.721668e-06,0.9997112,0.00024704088,4.1074276e-08,5.4832726e-06,6.4121576e-07,3.3895782e-07,2.2428209e-08,5.2630907e-07,1.706643e-07,2.9824138e-05,5.4767737e-09,0.9997112
pamap2,gnn_flatten_lstm,sequence,7,107,107,108,529,22946,22946,1,1,2,2,sitting,sitting,True,4.7864214e-06,0.999705,0.00025140634,4.2532108e-08,5.7202274e-06,6.670994e-07,3.5911273e-07,2.2883645e-08,5.555733e-07,1.7894908e-07,3.100801e-05,5.746935e-09,0.999705
pamap2,gnn_flatten_lstm,sequence,7,107,107,108,530,22947,22947,1,1,2,2,sitting,sitting,True,4.9376695e-06,0.99967897,0.0002737727,4.592343e-08,6.0789534e-06,7.242957e-07,3.959317e-07,2.403728e-08,6.221376e-07,1.9991802e-07,3.4121455e-05,6.3048584e-09,0.99967897
pamap2,gnn_flatten_lstm,sequence,7,107,107,108,531,22948,22948,1,1,2,2,sitting,sitting,True,5.110613e-06,0.9996506,0.0002978829,4.95288e-08,6.467812e-06,7.921737e-07,4.3506253e-07,2.5373957e-08,6.94107e-07,2.2308555e-07,3.7632068e-05,6.9183685e-09,0.9996506
pamap2,gnn_flatten_lstm,sequence,7,107,107,108,532,22949,22949,1,1,2,2,sitting,sitting,True,5.166576e-06,0.99964,0.0003078356,5.010388e-08,6.4783303e-06,7.8248166e-07,4.375027e-07,2.5530737e-08,7.083257e-07,2.2742759e-07,3.8140894e-05,6.999913e-09,0.99964
pamap2,gnn_flatten_lstm,sequence,7,107,107,108,533,22950,22950,1,1,2,2,sitting,sitting,True,4.905148e-06,0.9996741,0.00028156405,4.384255e-08,5.745823e-06,6.2194886e-07,3.7067778e-07,2.2845432e-08,5.996422e-07,1.9184515e-07,3.1801384e-05,5.9065135e-09,0.9996741
pamap2,gnn_flatten_lstm,sequence,7,107,107,108,534,22951,22951,1,1,2,2,sitting,sitting,True,4.5091797e-06,0.999723,0.00024164116,3.635872e-08,4.80334e-06,4.6085702e-07,2.9006023e-07,1.9762993e-08,4.7131644e-07,1.4877165e-07,2.450674e-05,4.650775e-09,0.999723
pamap2,gnn_flatten_lstm,sequence,7,107,107,108,535,22952,22952,1,1,2,2,sitting,sitting,True,4.0425584e-06,0.9997861,0.00018730441,2.7928772e-08,3.96464e-06,3.3765744e-07,2.1820436e-07,1.6760962e-08,3.4861642e-07,1.0497334e-07,1.7614719e-05,3.5034389e-09,0.9997861
pamap2,gnn_flatten_lstm,sequence,7,107,107,108,536,22953,22953,1,1,2,2,sitting,sitting,True,3.5931116e-06,0.9998381,0.00014139593,2.1544516e-08,3.361913e-06,2.4683118e-07,1.7558091e-07,1.3643869e-08,2.6180595e-07,7.7102236e-08,1.2734178e-05,2.688226e-09,0.9998381
pamap2,gnn_flatten_lstm,sequence,7,107,107,108,537,22954,22954,1,1,2,2,sitting,sitting,True,3.528473e-06,0.9998466,0.00013379309,2.0931003e-08,3.2641103e-06,2.3033121e-07,1.765839e-07,1.29012445e-08,2.4797382e-07,7.57503e-08,1.2011582e-05,2.6031706e-09,0.9998466
pamap2,gnn_flatten_lstm,sequence,7,107,107,108,538,22955,22955,1,1,2,2,sitting,sitting,True,3.5088037e-06,0.99984896,0.00013222208,2.08073e-08,3.188529e-06,2.1934855e-07,1.7547467e-07,1.2903367e-08,2.4464265e-07,7.2918176e-08,1.13144115e-05,2.5497904e-09,0.99984896
pamap2,gnn_flatten_lstm,sequence,7,107,107,108,539,22956,22956,1,1,2,2,sitting,sitting,True,3.3180786e-06,0.9998565,0.00012664622,1.8922329e-08,2.877493e-06,1.8787084e-07,1.5913159e-07,1.1831606e-08,2.2217004e-07,6.5269e-08,9.959131e-06,2.2489417e-09,0.9998565
pamap2,gnn_flatten_lstm,sequence,7,107,107,108,540,22957,22957,1,1,2,2,sitting,sitting,True,3.017261e-06,0.9998727,0.000113423215,1.5715209e-08,2.4162753e-06,1.4704486e-07,1.3103534e-07,1.0204686e-08,1.846228e-07,5.280258e-08,8.04936e-06,1.8112596e-09,0.9998727
pamap2,gnn_flatten_lstm,sequence,7,107,107,108,541,22958,22958,1,1,2,2,sitting,sitting,True,2.7425615e-06,0.9998878,0.000100369114,1.2989704e-08,2.0600473e-06,1.1558137e-07,1.0932448e-07,8.674491e-09,1.5437524e-07,4.326579e-08,6.6077732e-06,1.4709826e-09,0.9998878
pamap2,gnn_flatten_lstm,sequence,7,107,107,108,542,22959,22959,1,1,2,2,sitting,sitting,True,2.5728752e-06,0.9998958,9.324196e-05,1.1769969e-08,1.9073436e-06,1.0079729e-07,1.02263805e-07,7.675567e-09,1.409746e-07,4.002738e-08,6.0496923e-06,1.320695e-09,0.9998958
pamap2,gnn_flatten_lstm,sequence,7,107,107,108,543,22960,22960,1,1,2,2,sitting,sitting,True,2.4002834e-06,0.9999051,8.4964086e-05,1.0710608e-08,1.7285196e-06,8.638189e-08,9.385738e-08,6.770432e-09,1.2501893e-07,3.6439914e-08,5.4458046e-06,1.1662874e-09,0.9999051
pamap2,gnn_flatten_lstm,sequence,7,107,107,108,544,22961,22961,1,1,2,2,sitting,sitting,True,2.3201444e-06,0.99990904,8.150658e-05,1.0428608e-08,1.6642081e-06,7.893823e-08,9.283455e-08,6.2944605e-09,1.18867256e-07,3.5317903e-08,5.1574157e-06,1.1016543e-09,0.99990904
pamap2,gnn_flatten_lstm,sequence,7,107,107,108,545,22962,22962,1,1,2,2,sitting,sitting,True,2.4384185e-06,0.9999018,8.798959e-05,1.1667268e-08,1.7961022e-06,8.6242665e-08,1.0284203e-07,6.8000077e-09,1.3066877e-07,3.91985e-08,5.6629e-06,1.2229727e-09,0.9999018
pamap2,gnn_flatten_lstm,sequence,7,107,107,108,546,22963,22963,1,1,2,2,sitting,sitting,True,2.556951e-06,0.9998956,9.339786e-05,1.28672255e-08,1.9338427e-06,9.479689e-08,1.1253405e-07,7.3431115e-09,1.4122297e-07,4.2886704e-08,6.1534097e-06,1.3454593e-09,0.9998956
pamap2,gnn_flatten_lstm,sequence,7,107,107,108,547,22964,22964,1,1,2,2,sitting,sitting,True,2.388488e-06,0.99990165,8.840255e-05,1.1524961e-08,1.7273222e-06,8.1005105e-08,1.0010392e-07,6.6036527e-09,1.2589958e-07,3.8131795e-08,5.4281354e-06,1.1646893e-09,0.99990165
pamap2,gnn_flatten_lstm,sequence,7,107,107,108,548,22965,22965,1,1,2,2,sitting,sitting,True,2.2328122e-06,0.9999107,8.041967e-05,1.0274585e-08,1.5538905e-06,6.984672e-08,8.965333e-08,5.9223977e-09,1.09960844e-07,3.3421667e-08,4.6995397e-06,1.0074775e-09,0.9999107
pamap2,gnn_flatten_lstm,sequence,7,107,107,108,549,22966,22966,1,1,2,2,sitting,sitting,True,2.194285e-06,0.99991524,7.626297e-05,9.971857e-09,1.5260325e-06,6.720981e-08,8.858692e-08,5.7186176e-09,1.0540606e-07,3.2019745e-08,4.476631e-06,9.763269e-10,0.99991524
pamap2,gnn_flatten_lstm,sequence,7,107,107,108,550,22967,22967,1,1,2,2,sitting,sitting,True,2.2572983e-06,0.99991405,7.704889e-05,1.0461872e-08,1.5911412e-06,7.100252e-08,9.326202e-08,5.953246e-09,1.08775104e-07,3.3601264e-08,4.6738733e-06,1.0354981e-09,0.99991405
pamap2,gnn_flatten_lstm,sequence,7,107,107,108,551,22968,22968,1,1,2,2,sitting,sitting,True,2.412946e-06,0.99990714,8.301688e-05,1.1844466e-08,1.7589813e-06,8.170725e-08,1.05237056e-07,6.633684e-09,1.2145179e-07,3.8229008e-08,5.272213e-06,1.1931667e-09,0.99990714
pamap2,gnn_flatten_lstm,sequence,7,107,107,108,552,22969,22969,1,1,2,2,sitting,sitting,True,2.5375869e-06,0.99989843,9.085132e-05,1.32142235e-08,1.9011088e-06,9.13065e-08,1.1653802e-07,7.258801e-09,1.3599542e-07,4.290949e-08,5.8696596e-06,1.3407904e-09,0.99989843
pamap2,gnn_flatten_lstm,sequence,7,107,107,108,553,22970,22970,1,1,2,2,sitting,sitting,True,2.5902536e-06,0.9998956,9.342334e-05,1.3520225e-08,1.9394608e-06,9.4926435e-08,1.1786957e-07,7.594393e-09,1.4185794e-07,4.3522373e-08,6.030313e-06,1.3951073e-09,0.9998956
pamap2,gnn_flatten_lstm,sequence,7,107,107,108,554,22971,22971,1,1,2,2,sitting,sitting,True,2.546602e-06,0.9999008,8.8591616e-05,1.2926724e-08,1.9000075e-06,9.125622e-08,1.1360854e-07,7.3687834e-09,1.357537e-07,4.115327e-08,5.767062e-06,1.342539e-09,0.9999008
pamap2,gnn_flatten_lstm,sequence,7,107,107,108,555,22972,22972,1,1,2,2,sitting,sitting,True,2.5084648e-06,0.99990284,8.676848e-05,1.27635085e-08,1.8825592e-06,8.8483496e-08,1.1381482e-07,7.122142e-09,1.3275803e-07,4.0892488e-08,5.6566446e-06,1.3115843e-09,0.99990284
pamap2,gnn_flatten_lstm,sequence,7,107,107,108,556,22973,22973,1,1,2,2,sitting,sitting,True,2.4927801e-06,0.9999018,8.777043e-05,1.2890764e-08,1.8733999e-06,8.72536e-08,1.1462578e-07,7.0575905e-09,1.343861e-07,4.1064244e-08,5.655786e-06,1.3087765e-09,0.9999018
pamap2,gnn_flatten_lstm,sequence,7,107,107,108,557,22974,22974,1,1,2,2,sitting,sitting,True,2.5096192e-06,0.9999032,8.6418855e-05,1.3028464e-08,1.8939264e-06,8.751123e-08,1.1531395e-07,7.0886967e-09,1.333499e-07,4.0863497e-08,5.6411964e-06,1.3140913e-09,0.9999032
pamap2,gnn_flatten_lstm,sequence,7,107,107,108,558,22975,22975,1,1,2,2,sitting,sitting,True,2.5584645e-06,0.9999057,8.382409e-05,1.3325812e-08,1.9508782e-06,8.929484e-08,1.1823756e-07,7.2196538e-09,1.3209474e-07,4.077718e-08,5.6249974e-06,1.3413016e-09,0.9999057
pamap2,gnn_flatten_lstm,sequence,7,107,107,108,559,22976,22976,1,1,2,2,sitting,sitting,True,2.6194705e-06,0.99990153,8.7378954e-05,1.408055e-08,2.0560558e-06,9.570438e-08,1.2665126e-07,7.531889e-09,1.4229045e-07,4.3423793e-08,5.9699178e-06,1.4347799e-09,0.99990153
pamap2,gnn_flatten_lstm,sequence,7,107,107,108,560,22977,22977,1,1,2,2,sitting,sitting,True,2.6771681e-06,0.99989843,9.0062065e-05,1.4571678e-08,2.1281844e-06,1.0107363e-07,1.305612e-07,7.851795e-09,1.502137e-07,4.519292e-08,6.2948898e-06,1.5121536e-09,0.99989843
pamap2,gnn_flatten_lstm,sequence,7,107,107,108,561,22978,22978,1,1,2,2,sitting,sitting,True,2.7241801e-06,0.9998969,9.1125374e-05,1.4922021e-08,2.2018412e-06,1.0738611e-07,1.3381174e-07,8.145149e-09,1.578183e-07,4.666453e-08,6.607058e-06,1.5863934e-09,0.9998969
pamap2,gnn_flatten_lstm,sequence,7,107,107,108,562,22979,22979,1,1,2,2,sitting,sitting,True,2.7265687e-06,0.99989796,8.995164e-05,1.4820322e-08,2.2266809e-06,1.08755515e-07,1.342247e-07,8.136836e-09,1.5979944e-07,4.684507e-08,6.6996136e-06,1.6037606e-09,0.99989796
pamap2,gnn_flatten_lstm,sequence,7,107,107,108,563,22980,22980,1,1,2,2,sitting,sitting,True,2.7996248e-06,0.999894,9.328083e-05,1.5396767e-08,2.3216169e-06,1.16810114e-07,1.392602e-07,8.51436e-09,1.6873129e-07,4.9676924e-08,7.14794e-06,1.6999546e-09,0.999894
pamap2,gnn_flatten_lstm,sequence,7,107,107,108,564,22981,22981,1,1,2,2,sitting,sitting,True,2.9004116e-06,0.9998895,9.706596e-05,1.6143021e-08,2.4306619e-06,1.268227e-07,1.4460144e-07,9.03759e-09,1.7837478e-07,5.271642e-08,7.651922e-06,1.81711e-09,0.9998895
pamap2,gnn_flatten_lstm,sequence,7,107,107,108,565,22982,22982,1,1,2,2,sitting,sitting,True,2.9219043e-06,0.99989283,9.372516e-05,1.6011095e-08,2.4510423e-06,1.2756256e-07,1.4371764e-07,9.0594865e-09,1.754084e-07,5.1784408e-08,7.5958833e-06,1.8220166e-09,0.99989283
pamap2,gnn_flatten_lstm,sequence,7,107,107,108,566,22983,22983,1,1,2,2,sitting,sitting,True,2.8730535e-06,0.9998994,8.781552e-05,1.5137342e-08,2.3673472e-06,1.2038339e-07,1.3609e-07,8.701602e-09,1.6338153e-07,4.8355496e-08,7.153611e-06,1.7270307e-09,0.9998994
pamap2,gnn_flatten_lstm,sequence,7,107,107,108,567,22984,22984,1,1,2,2,sitting,sitting,True,2.789339e-06,0.99991167,7.662962e-05,1.3658386e-08,2.226478e-06,1.06608105e-07,1.2383751e-07,8.034759e-09,1.405427e-07,4.224722e-08,6.2569434e-06,1.5472486e-09,0.99991167
pamap2,gnn_flatten_lstm,sequence,7,107,107,108,568,22985,22985,1,1,2,2,sitting,sitting,True,2.6594485e-06,0.9999248,6.490038e-05,1.2077092e-08,2.045552e-06,9.038826e-08,1.1122465e-07,7.1762423e-09,1.15815375e-07,3.581093e-08,5.2349997e-06,1.3363222e-09,0.9999248
pamap2,gnn_flatten_lstm,sequence,7,107,107,108,569,22986,22986,1,1,2,2,sitting,sitting,True,2.5632587e-06,0.9999286,6.179781e-05,1.1552519e-08,1.9267252e-06,8.0913715e-08,1.0658551e-07,6.655663e-09,1.0591795e-07,3.3570426e-08,4.7900085e-06,1.2279328e-09,0.9999286
pamap2,gnn_flatten_lstm,sequence,7,107,107,108,570,22987,22987,1,1,2,2,sitting,sitting,True,2.5183278e-06,0.9999273,6.3292e-05,1.16221655e-08,1.8820381e-06,7.7459056e-08,1.0636664e-07,6.5075434e-09,1.0510758e-07,3.3262154e-08,4.6905234e-06,1.1947984e-09,0.9999273
pamap2,gnn_flatten_lstm,sequence,7,107,107,108,571,22988,22988,1,1,2,2,sitting,sitting,True,2.4541555e-06,0.9999243,6.645513e-05,1.1660745e-08,1.8331148e-06,7.55696e-08,1.0654867e-07,6.369156e-09,1.0625561e-07,3.364913e-08,4.661897e-06,1.1630641e-09,0.9999243
pamap2,gnn_flatten_lstm,sequence,7,107,107,108,572,22989,22989,1,1,2,2,sitting,sitting,True,2.3951575e-06,0.9999217,6.926584e-05,1.1585539e-08,1.7587486e-06,7.253023e-08,1.0418269e-07,6.230552e-09,1.0579809e-07,3.3545934e-08,4.5835773e-06,1.1190213e-09,0.9999217
pamap2,gnn_flatten_lstm,sequence,7,107,107,108,573,22990,22990,1,1,2,2,sitting,sitting,True,2.3716343e-06,0.9999187,7.225328e-05,1.17286e-08,1.7324396e-06,7.172932e-08,1.0433927e-07,6.2239063e-09,1.077403e-07,3.4009954e-08,4.6001255e-06,1.1088029e-09,0.9999187
pamap2,gnn_flatten_lstm,sequence,7,107,107,108,574,22991,22991,1,1,2,2,sitting,sitting,True,2.3612192e-06,0.99991393,7.694483e-05,1.2042665e-08,1.7225153e-06,7.229569e-08,1.0565631e-07,6.299452e-09,1.1190843e-07,3.5179646e-08,4.71009e-06,1.1148031e-09,0.99991393
pamap2,gnn_flatten_lstm,sequence,7,107,107,108,575,22992,22992,1,1,2,2,sitting,sitting,True,2.3743344e-06,0.9999063,8.422432e-05,1.2520193e-08,1.7268032e-06,7.4393256e-08,1.07882904e-07,6.483743e-09,1.18733915e-07,3.7348816e-08,4.959224e-06,1.1440601e-09,0.9999063
pamap2,gnn_flatten_lstm,sequence,7,107,107,108,576,22993,22993,1,1,2,2,sitting,sitting,True,2.4130302e-06,0.99989915,9.110542e-05,1.2963467e-08,1.7454788e-06,7.713636e-08,1.09967125e-07,6.7445245e-09,1.263784e-07,3.9582766e-08,5.2432397e-06,1.1896484e-09,0.99989915
pamap2,gnn_flatten_lstm,sequence,7,107,107,108,577,22994,22994,1,1,2,2,sitting,sitting,True,2.5444351e-06,0.99988973,9.960351e-05,1.4227352e-08,1.8892864e-06,8.6881066e-08,1.2088901e-07,7.3960043e-09,1.4311975e-07,4.4533145e-08,5.8740156e-06,1.3441356e-09,0.99988973
pamap2,gnn_flatten_lstm,sequence,7,107,107,108,578,22995,22995,1,1,2,2,sitting,sitting,True,2.7254368e-06,0.9998784,0.00010959836,1.6054745e-08,2.0942393e-06,1.0072116e-07,1.3567843e-07,8.312238e-09,1.6606396e-07,5.119286e-08,6.761525e-06,1.5671469e-09,0.9998784
pamap2,gnn_flatten_lstm,sequence,7,107,107,108,579,22996,22996,1,1,2,2,sitting,sitting,True,2.7762032e-06,0.99987566,0.00011177291,1.6665997e-08,2.189545e-06,1.0667932e-07,1.4236278e-07,8.612662e-09,1.7704465e-07,5.3487867e-08,7.113379e-06,1.6622241e-09,0.99987566
pamap2,gnn_flatten_lstm,sequence,7,107,107,108,580,22997,22997,2,1,3,2,standing,sitting,False,7.790802e-06,0.99934477,0.0006092644,1.0572434e-07,5.5163873e-06,2.7100194e-07,3.935268e-07,5.7832025e-08,9.846866e-07,2.1449677e-07,3.0632233e-05,9.48551e-09,0.99934477
pamap2,gnn_flatten_lstm,sequence,7,107,107,108,581,22998,22998,2,1,3,2,standing,sitting,False,2.774938e-05,0.9966364,0.0031418419,8.8788437e-07,2.0738005e-05,1.1614969e-06,2.0236516e-06,4.5877388e-07,6.054086e-06,1.3095727e-06,0.00016128141,8.749627e-08,0.9966364
pamap2,gnn_flatten_lstm,sequence,7,107,107,108,582,22999,22999,2,1,3,2,standing,sitting,False,0.00011166142,0.97939014,0.019300744,8.123157e-06,8.4150495e-05,5.898321e-06,1.4922519e-05,3.8243434e-06,3.955837e-05,1.09637695e-05,0.0010289431,9.927774e-07,0.97939014
pamap2,gnn_flatten_lstm,sequence,7,107,107,108,583,23000,23000,2,1,3,2,standing,sitting,False,0.00046985352,0.8766513,0.116008885,7.3850024e-05,0.00032190385,3.5911296e-05,0.0001297413,3.2965025e-05,0.00024685106,0.00010167005,0.0059153396,1.1686765e-05,0.8766513
pamap2,gnn_flatten_lstm,sequence,7,107,107,108,584,23001,23001,2,2,3,3,standing,standing,True,0.001745823,0.47099626,0.502119,0.00048140177,0.00091832597,0.00018126378,0.0010121586,0.00024250677,0.0012002443,0.0007911303,0.020205246,0.00010660355,0.502119
pamap2,gnn_flatten_lstm,sequence,7,107,107,108,585,23002,23002,2,2,3,3,standing,standing,True,0.0033534577,0.12071922,0.827003,0.001251913,0.0013999984,0.00048940926,0.003411685,0.0008238294,0.0029993823,0.0035046558,0.034616888,0.00042661783,0.827003
pamap2,gnn_flatten_lstm,sequence,7,107,107,108,586,23003,23003,2,2,3,3,standing,standing,True,0.0052371514,0.04755443,0.87322,0.0024776554,0.0018008711,0.0008755201,0.006539841,0.0019695165,0.006049976,0.010018738,0.04323919,0.0010171818,0.87322
pamap2,gnn_flatten_lstm,sequence,7,107,107,108,587,23004,23004,2,2,3,3,standing,standing,True,0.0058769016,0.032070763,0.8892283,0.0027681645,0.0015996264,0.0008095785,0.0060645593,0.0027411443,0.008229391,0.013048857,0.036467537,0.0010950667,0.8892283
pamap2,gnn_flatten_lstm,sequence,7,107,107,108,588,23005,23005,2,2,3,3,standing,standing,True,0.0057484205,0.02533089,0.90482926,0.00254571,0.0013155191,0.00062565657,0.0051162383,0.0028363448,0.009240025,0.012987986,0.028487062,0.000936793,0.90482926
pamap2,gnn_flatten_lstm,sequence,7,107,107,108,589,23006,23006,2,2,3,3,standing,standing,True,0.005966261,0.023019318,0.9102465,0.002544118,0.0012134843,0.00055322575,0.004886533,0.002926478,0.009636857,0.013061958,0.025070153,0.000875092,0.9102465
pamap2,gnn_flatten_lstm,sequence,7,107,107,108,590,23007,23007,2,2,3,3,standing,standing,True,0.0059651104,0.023025962,0.9103883,0.0025383532,0.0012096041,0.00055179436,0.0048723184,0.0029153447,0.009608957,0.013021751,0.025029339,0.0008732487,0.9103883
pamap2,gnn_flatten_lstm,sequence,7,107,107,108,591,23008,23008,2,2,3,3,standing,standing,True,0.0059474483,0.022986831,0.91060245,0.0025232327,0.0012028925,0.00054875464,0.0048664184,0.0029011625,0.00958023,0.013009861,0.024962459,0.00086820085,0.91060245
pamap2,gnn_flatten_lstm,sequence,7,107,107,108,592,23009,23009,2,2,3,3,standing,standing,True,0.005993968,0.023184711,0.9096628,0.0025458909,0.0012196541,0.0005584223,0.0049526603,0.0029357648,0.009661489,0.013179438,0.025222797,0.0008823558,0.9096628
pamap2,gnn_flatten_lstm,sequence,7,107,107,108,593,23010,23010,2,2,3,3,standing,standing,True,0.0060499855,0.023281148,0.9090349,0.0025739314,0.0012305259,0.0005656097,0.005003577,0.0029710906,0.009710248,0.01329699,0.025387451,0.00089459383,0.9090349
pamap2,gnn_flatten_lstm,sequence,7,107,107,108,594,23011,23011,2,2,3,3,standing,standing,True,0.006021319,0.023134174,0.90962577,0.0025566164,0.0012191671,0.0005600406,0.0049421494,0.0029545645,0.009659853,0.013202861,0.025237374,0.0008860389,0.90962577
pamap2,gnn_flatten_lstm,sequence,7,107,107,108,595,23012,23012,2,2,3,3,standing,standing,True,0.0059093423,0.022818947,0.91127014,0.0024993005,0.0011904401,0.0005443609,0.00477183,0.002882667,0.009530035,0.012891199,0.0248335,0.0008582362,0.91127014
pamap2,gnn_flatten_lstm,sequence,7,107,107,108,596,23013,23013,2,2,3,3,standing,standing,True,0.005752277,0.022481892,0.91355395,0.002411886,0.0011537314,0.0005213299,0.0045303754,0.002780117,0.009381061,0.012400878,0.024215411,0.00081707316,0.91355395
pamap2,gnn_flatten_lstm,sequence,7,107,107,108,597,23014,23014,2,2,3,3,standing,standing,True,0.0055670245,0.02198546,0.9162625,0.002309485,0.0011106535,0.00049427495,0.004242049,0.0026631746,0.009212467,0.011856843,0.023525873,0.0007702415,0.9162625
pamap2,gnn_flatten_lstm,sequence,7,107,107,108,598,23015,23015,2,2,3,3,standing,standing,True,0.0054092556,0.021376159,0.918658,0.0022224803,0.0010680789,0.00047154594,0.004006726,0.002566502,0.009027072,0.011471059,0.022990424,0.0007326331,0.918658
pamap2,gnn_flatten_lstm,sequence,7,107,107,108,599,23016,23016,2,2,3,3,standing,standing,True,0.005256236,0.020865208,0.9207329,0.0021370098,0.001029441,0.0004509587,0.00383565,0.0024795858,0.008861389,0.011161702,0.02249173,0.0006981121,0.9207329
pamap2,gnn_flatten_lstm,sequence,7,107,107,108,600,23017,23017,2,2,3,3,standing,standing,True,0.0051323627,0.020435888,0.92258126,0.0020684684,0.0009960096,0.00043309206,0.0036812436,0.0024041208,0.008710878,0.010864264,0.022023661,0.0006686924,0.92258126
pamap2,gnn_flatten_lstm,sequence,7,107,107,108,601,23018,23018,2,2,3,3,standing,standing,True,0.0049994932,0.019938853,0.9246171,0.0019974117,0.0009589885,0.00041407786,0.003517581,0.0023238708,0.008541064,0.010550469,0.021503916,0.0006372645,0.9246171
pamap2,gnn_flatten_lstm,sequence,7,107,107,108,602,23019,23019,2,2,3,3,standing,standing,True,0.00477218,0.019207746,0.92778707,0.0018753085,0.0009017784,0.00038493986,0.0032725118,0.0021948824,0.008282866,0.01006195,0.02067177,0.0005870741,0.92778707
pamap2,gnn_flatten_lstm,sequence,7,107,107,108,603,23020,23020,2,2,3,3,standing,standing,True,0.0045605362,0.018240817,0.93109846,0.0017530681,0.00084016274,0.00035752438,0.0030099452,0.0020671345,0.007980099,0.009629175,0.019923078,0.0005399502,0.93109846
pamap2,gnn_flatten_lstm,sequence,7,107,107,108,604,23021,23021,2,2,3,3,standing,standing,True,0.004270619,0.016922172,0.93572927,0.0016009676,0.0007580473,0.00031975075,0.0026513336,0.0018975261,0.007559198,0.008995594,0.018816952,0.00047851453,0.93572927
pamap2,gnn_flatten_lstm,sequence,7,107,107,108,605,23022,23022,2,2,3,3,standing,standing,True,0.003963957,0.01574183,0.94052804,0.001443346,0.00067690894,0.00028120138,0.0022924682,0.001730616,0.0071609206,0.00828516,0.017481526,0.00041398013,0.94052804
pamap2,gnn_flatten_lstm,sequence,7,107,107,108,606,23023,23023,2,2,3,3,standing,standing,True,0.003774667,0.014998345,0.9435998,0.0013386179,0.0006274999,0.00025900718,0.0020451352,0.0016295478,0.0069400277,0.00779378,0.016621107,0.00037249332,0.9435998
pamap2,gnn_flatten_lstm,sequence,7,107,107,108,607,23024,23024,2,2,3,3,standing,standing,True,0.0034345966,0.01431912,0.9454204,0.0011515468,0.00056289945,0.00025696246,0.002101447,0.001417528,0.00618845,0.007793692,0.017019741,0.0003336469,0.9454204
pamap2,gnn_flatten_lstm,sequence,7,107,107,108,608,23025,23025,2,2,3,3,standing,standing,True,0.0026407854,0.009031219,0.9626619,0.0005690497,0.0002580431,0.00013426991,0.0014334136,0.0006526791,0.0029118592,0.0065848827,0.0129778655,0.00014398055,0.9626619
pamap2,gnn_flatten_lstm,sequence,7,107,107,108,609,23026,23026,2,2,3,3,standing,standing,True,0.0012481546,0.0038410174,0.98154366,0.00018266434,7.1617025e-05,3.754187e-05,0.00044549693,0.00021540491,0.0011670779,0.0035538953,0.007654705,3.8776307e-05,0.98154366
pamap2,gnn_flatten_lstm,sequence,7,107,107,108,610,23027,23027,2,2,3,3,standing,standing,True,0.001453447,0.0035700519,0.9750006,0.00024458082,8.372964e-05,6.159381e-05,0.00069200725,0.00038387434,0.0016248103,0.006791917,0.010031751,6.1613726e-05,0.9750006
pamap2,gnn_flatten_lstm,sequence,7,107,107,108,611,23028,23028,2,2,3,3,standing,standing,True,0.0017651984,0.0042744204,0.9665413,0.00037006882,0.00012376806,9.882671e-05,0.0011752399,0.00070693134,0.0025965674,0.011339874,0.010917517,9.033511e-05,0.9665413
pamap2,gnn_flatten_lstm,sequence,7,107,107,108,612,23029,23029,2,2,3,3,standing,standing,True,0.0010791859,0.0024856487,0.98282695,0.00013917778,4.765039e-05,3.6199515e-05,0.00025700248,0.00028033505,0.0013132696,0.0040894668,0.007413505,3.1429725e-05,0.98282695
pamap2,gnn_flatten_lstm,sequence,7,107,107,108,613,23030,23030,2,2,3,3,standing,standing,True,0.0004560075,0.001248919,0.9924629,5.1025672e-05,1.5819684e-05,8.724436e-06,5.4746473e-05,0.00010291409,0.0007257036,0.0013025171,0.0035621878,8.49784e-06,0.9924629
pamap2,gnn_flatten_lstm,sequence,7,107,107,108,614,23031,23031,2,2,3,3,standing,standing,True,0.00047126782,0.0014514154,0.9926829,5.9168655e-05,1.7416136e-05,9.063169e-06,4.634109e-05,0.00012709241,0.00093189423,0.0010803689,0.003114268,8.682739e-06,0.9926829
pamap2,gnn_flatten_lstm,sequence,7,107,107,108,615,23032,23032,2,2,3,3,standing,standing,True,0.0005590085,0.0014703998,0.9920345,7.005655e-05,1.9648809e-05,9.437983e-06,4.9967945e-05,0.00014440349,0.0009847373,0.0012526937,0.0033945665,1.0622223e-05,0.9920345
pamap2,gnn_flatten_lstm,sequence,7,107,107,108,616,23033,23033,2,2,3,3,standing,standing,True,0.00089092075,0.0022085288,0.987833,0.000119512515,3.7924077e-05,1.6863942e-05,8.5694126e-05,0.00025109272,0.0014546781,0.0020066442,0.005073671,2.140054e-05,0.987833
pamap2,gnn_flatten_lstm,sequence,7,107,107,108,617,23034,23034,2,2,3,3,standing,standing,True,0.0032910348,0.008374881,0.9606969,0.0005976057,0.0002946162,0.00011643492,0.00045889005,0.0017923837,0.0072067105,0.0065811058,0.010457548,0.00013189478,0.9606969
pamap2,gnn_flatten_lstm,sequence,7,107,107,108,618,23035,23035,2,2,3,3,standing,standing,True,0.009785015,0.02674112,0.875293,0.0028072898,0.0017671398,0.0008418574,0.0021114515,0.008672507,0.02388353,0.0218672,0.025458211,0.0007715709,0.875293
pamap2,gnn_flatten_lstm,sequence,7,107,107,108,619,23036,23036,2,2,3,3,standing,standing,True,0.009261451,0.03559294,0.88773054,0.0040133875,0.0013091977,0.00047969754,0.0013317958,0.0067622974,0.025587797,0.011691688,0.015688438,0.0005507806,0.88773054
pamap2,gnn_flatten_lstm,sequence,7,107,107,108,620,23037,23037,2,2,3,3,standing,standing,True,0.0018825528,0.012274943,0.969786,0.00055558747,0.00016299043,4.7885063e-05,0.00017414626,0.0006815177,0.0060269553,0.0022972284,0.0060586254,5.1574047e-05,0.969786
pamap2,gnn_flatten_lstm,sequence,7,107,107,108,621,23038,23038,2,2,3,3,standing,standing,True,0.00039496156,0.002671799,0.9924595,8.479658e-05,2.0502679e-05,5.788161e-06,3.1593383e-05,9.981878e-05,0.0013494575,0.0005907041,0.0022846996,6.4228648e-06,0.9924595
pamap2,gnn_flatten_lstm,sequence,7,107,107,108,622,23039,23039,2,2,3,3,standing,standing,True,0.0001860486,0.0011621824,0.9959168,3.735204e-05,7.439041e-06,2.3863358e-06,1.5305013e-05,4.2431133e-05,0.00063701835,0.00035584814,0.0016345623,2.629635e-06,0.9959168
pamap2,gnn_flatten_lstm,sequence,7,107,107,108,623,23040,23040,2,2,3,3,standing,standing,True,0.0001346601,0.000747636,0.9968143,2.589017e-05,4.6794275e-06,1.6204365e-06,1.1304053e-05,2.9746901e-05,0.00046696846,0.00030256712,0.0014588444,1.8011953e-06,0.9968143
pamap2,gnn_flatten_lstm,sequence,7,107,107,108,624,23041,23041,2,2,3,3,standing,standing,True,0.00014395136,0.0006961531,0.9967037,2.5786372e-05,4.8750385e-06,1.7923186e-06,1.2682931e-05,3.286372e-05,0.0004874214,0.0003440656,0.0015447792,1.9465344e-06,0.9967037
pamap2,gnn_flatten_lstm,sequence,7,107,107,108,625,23042,23042,2,2,3,3,standing,standing,True,0.00015088012,0.00064259005,0.9965922,2.7025944e-05,5.001562e-06,1.921225e-06,1.3877641e-05,3.470008e-05,0.0004882997,0.00038292102,0.0016584204,2.1340343e-06,0.9965922
pamap2,gnn_flatten_lstm,sequence,7,107,107,108,626,23043,23043,2,2,3,3,standing,standing,True,0.00010071081,0.0004933677,0.99724114,1.997741e-05,3.1000557e-06,1.2537428e-06,8.5528045e-06,2.0234613e-05,0.00035282376,0.00027633487,0.0014812243,1.29926e-06,0.99724114
pamap2,gnn_flatten_lstm,sequence,7,107,107,108,627,23044,23044,2,2,3,3,standing,standing,True,6.1942024e-05,0.00036290404,0.99814713,1.2314443e-05,1.6612311e-06,6.1047916e-07,4.7677277e-06,1.0471964e-05,0.00025042347,0.00016890984,0.000978334,6.152567e-07,0.99814713
pamap2,gnn_flatten_lstm,sequence,7,107,107,108,628,23045,23045,2,2,3,3,standing,standing,True,5.603092e-05,0.00031649426,0.9985012,8.858939e-06,1.378536e-06,4.2534344e-07,4.112025e-06,8.786948e-06,0.00024190231,0.00014397995,0.00071627606,4.3279212e-07,0.9985012
pamap2,gnn_flatten_lstm,sequence,7,107,107,108,629,23046,23046,2,2,3,3,standing,standing,True,6.414273e-05,0.00030948894,0.99835545,9.568854e-06,1.5986341e-06,5.3873873e-07,5.2002038e-06,1.0378654e-05,0.00024016977,0.00017921808,0.0008236386,5.446491e-07,0.99835545
pamap2,gnn_flatten_lstm,sequence,7,107,107,108,630,23047,23047,2,2,3,3,standing,standing,True,4.880672e-05,0.00019788883,0.9987098,4.8791335e-06,8.3217304e-07,3.3194814e-07,2.7775236e-06,4.9646537e-06,0.000107464264,0.00012214562,0.0007998563,3.0497495e-07,0.9987098
pamap2,gnn_flatten_lstm,sequence,7,107,107,108,631,23048,23048,2,2,3,3,standing,standing,True,2.0891563e-05,0.00010819652,0.9992887,1.5528157e-06,2.4022e-07,8.6880696e-08,7.360699e-07,1.3569615e-06,4.0038896e-05,4.727694e-05,0.0004908161,7.985983e-08,0.9992887
pamap2,gnn_flatten_lstm,sequence,7,107,107,108,632,23049,23049,2,2,3,3,standing,standing,True,1.0615981e-05,7.628273e-05,0.999466,7.2391504e-07,1.0460401e-07,3.8798202e-08,3.3543586e-07,5.4605783e-07,2.0249068e-05,2.7505846e-05,0.00039761336,3.409319e-08,0.999466
pamap2,gnn_flatten_lstm,sequence,7,107,107,108,633,23050,23050,2,2,3,3,standing,standing,True,5.6636677e-06,4.6279743e-05,0.99967504,4.006985e-07,4.5052797e-08,1.7238767e-08,1.6330405e-07,2.8168822e-07,1.1102869e-05,1.4895061e-05,0.00024624608,1.4716608e-08,0.99967504
pamap2,gnn_flatten_lstm,sequence,7,107,107,108,634,23051,23051,2,2,3,3,standing,standing,True,4.549616e-06,4.247368e-05,0.9997594,4.0992214e-07,4.0506816e-08,1.2817222e-08,1.3537509e-07,3.041995e-07,1.3293827e-05,1.2822975e-05,0.00016655894,1.167028e-08,0.9997594
pamap2,gnn_flatten_lstm,sequence,7,107,107,108,635,23052,23052,2,2,3,3,standing,standing,True,6.370098e-06,5.242567e-05,0.99969697,7.055707e-07,6.598376e-08,2.0644759e-08,2.1081081e-07,5.666523e-07,2.301795e-05,1.9674875e-05,0.00019998904,2.065413e-08,0.99969697
pamap2,gnn_flatten_lstm,sequence,7,107,107,108,636,23053,23053,2,2,3,3,standing,standing,True,9.914273e-06,6.934707e-05,0.999585,1.1624628e-06,1.17948986e-07,3.694972e-08,3.6197903e-07,1.0604167e-06,3.7823163e-05,3.132503e-05,0.000263771,3.9239257e-08,0.999585
pamap2,gnn_flatten_lstm,sequence,7,107,107,108,637,23054,23054,2,2,3,3,standing,standing,True,1.4669414e-05,8.949647e-05,0.99945134,1.7300699e-06,1.9665633e-07,6.212344e-08,5.869875e-07,1.7637836e-06,5.6085308e-05,4.6394256e-05,0.00033754052,6.743539e-08,0.99945134
pamap2,gnn_flatten_lstm,sequence,7,107,107,108,638,23055,23055,2,2,3,3,standing,standing,True,1.9476805e-05,0.000107835105,0.999316,2.3244384e-06,2.8936503e-07,9.3794384e-08,8.56187e-07,2.5447653e-06,7.4820746e-05,6.2441315e-05,0.0004132463,1.0079188e-07,0.999316
pamap2,gnn_flatten_lstm,sequence,7,107,107,108,639,23056,23056,2,2,3,3,standing,standing,True,3.0319272e-05,0.00014636385,0.99900633,3.8393346e-06,5.431994e-07,1.8225414e-07,1.5647075e-06,4.4269686e-06,0.00011703493,9.74948e-05,0.0005917911,1.9188089e-07,0.99900633
pamap2,gnn_flatten_lstm,sequence,7,107,107,108,640,23057,23057,2,2,3,3,standing,standing,True,8.119304e-05,0.0003492537,0.99800223,1.0859334e-05,2.0678888e-06,7.238399e-07,5.4023712e-06,1.5308624e-05,0.000315971,0.00022287018,0.0009933683,6.9670637e-07,0.99800223
pamap2,gnn_flatten_lstm,sequence,7,107,107,108,641,23058,23058,2,2,3,3,standing,standing,True,0.000301017,0.0011366043,0.9945344,4.4533925e-05,1.2436545e-05,4.5134893e-06,2.8417733e-05,7.995477e-05,0.0011405823,0.00067110866,0.0020423387,4.071392e-06,0.9945344
pamap2,gnn_flatten_lstm,sequence,7,107,107,108,642,23059,23059,2,2,3,3,standing,standing,True,0.00049641187,0.0019013039,0.9917653,7.414588e-05,2.651441e-05,9.1837555e-06,6.153942e-05,0.00013561758,0.0016360657,0.0010103914,0.0028747902,8.6605605e-06,0.9917653
pamap2,gnn_flatten_lstm,sequence,7,107,107,108,643,23060,23060,2,2,3,3,standing,standing,True,0.0002935352,0.0011718649,0.9946827,3.9223894e-05,1.2792962e-05,4.1765825e-06,3.443355e-05,6.223722e-05,0.0008594976,0.00064031524,0.0021948228,4.365161e-06,0.9946827
pamap2,gnn_flatten_lstm,sequence,7,107,107,108,644,23061,23061,2,2,3,3,standing,standing,True,0.00035453652,0.0014324851,0.99373794,4.991807e-05,1.7324657e-05,5.613133e-06,4.685699e-05,7.770285e-05,0.0010268319,0.0007637491,0.0024810443,5.876973e-06,0.99373794
pamap2,gnn_flatten_lstm,sequence,7,107,107,108,645,23062,23062,2,2,3,3,standing,standing,True,0.00024024946,0.0007307425,0.9959579,2.9303428e-05,7.835704e-06,2.587581e-06,2.527624e-05,4.1295334e-05,0.0005575159,0.00057737954,0.0018266821,3.1207303e-06,0.9959579
pamap2,gnn_flatten_lstm,sequence,7,107,107,108,646,23063,23063,2,2,3,3,standing,standing,True,9.900109e-05,0.00029932256,0.9980622,1.0148796e-05,1.9532702e-06,7.1107195e-07,6.398165e-06,1.2262536e-05,0.0002049471,0.00024728742,0.0010549532,7.9510687e-07,0.9980622
pamap2,gnn_flatten_lstm,sequence,7,107,107,108,647,23064,23064,2,2,3,3,standing,standing,True,4.6011144e-05,0.00015922611,0.9987921,4.666906e-06,7.4007835e-07,2.9924547e-07,2.5580584e-06,5.142142e-06,0.00010478266,0.00013973066,0.00074456667,3.0532223e-07,0.9987921
pamap2,gnn_flatten_lstm,sequence,7,107,107,108,648,23065,23065,2,2,3,3,standing,standing,True,3.573843e-05,0.00014360632,0.9990244,3.6993822e-06,5.537456e-07,2.0605121e-07,1.835914e-06,4.2654165e-06,9.405537e-05,0.000106510415,0.00058489427,2.1297531e-07,0.9990244
pamap2,gnn_flatten_lstm,sequence,7,107,107,108,649,23066,23066,2,2,3,3,standing,standing,True,4.1781957e-05,0.00016492009,0.9989153,4.6376117e-06,6.8440147e-07,2.447263e-07,2.1479805e-06,5.5703217e-06,0.00011763578,0.000119782504,0.00062711263,2.668621e-07,0.9989153
pamap2,gnn_flatten_lstm,sequence,7,107,107,108,650,23067,23067,2,2,3,3,standing,standing,True,4.7272246e-05,0.00018554948,0.99879515,5.5182504e-06,8.270736e-07,2.8797382e-07,2.5326922e-06,6.7883802e-06,0.00014215059,0.0001350039,0.00067850895,3.2285325e-07,0.99879515
pamap2,gnn_flatten_lstm,sequence,7,107,107,108,651,23068,23068,2,2,3,3,standing,standing,True,5.1699306e-05,0.00020317195,0.99868804,6.148898e-06,9.632228e-07,3.3230515e-07,2.9400749e-06,7.81204e-06,0.0001630569,0.00014955254,0.00072583137,3.7057183e-07,0.99868804
pamap2,gnn_flatten_lstm,sequence,7,107,107,108,652,23069,23069,2,2,3,3,standing,standing,True,5.5246735e-05,0.00021635542,0.998604,6.641268e-06,1.0757694e-06,3.7114398e-07,3.2806595e-06,8.641474e-06,0.00018075516,0.00016136511,0.0007617186,4.0811787e-07,0.998604
pamap2,gnn_flatten_lstm,sequence,7,107,107,108,653,23070,23070,2,2,3,3,standing,standing,True,6.208517e-05,0.00023398588,0.9984855,7.636093e-06,1.2459992e-06,4.3036027e-07,3.7704117e-06,1.0073339e-05,0.00020568598,0.0001786571,0.0008104112,4.7745294e-07,0.9984855
pamap2,gnn_flatten_lstm,sequence,7,107,107,108,654,23071,23071,2,2,3,3,standing,standing,True,7.8326586e-05,0.00027780922,0.9982169,9.816005e-06,1.6839358e-06,5.838906e-07,5.0161602e-06,1.3442503e-05,0.00026034715,0.00021851124,0.0009168626,6.480479e-07,0.9982169
pamap2,gnn_flatten_lstm,sequence,7,107,107,108,655,23072,23072,2,2,3,3,standing,standing,True,0.00016351764,0.0005254713,0.9968465,2.2399663e-05,4.687198e-06,1.7019562e-06,1.3578051e-05,3.3406097e-05,0.0005112247,0.0004157906,0.0014599932,1.8581885e-06,0.9968465
pamap2,gnn_flatten_lstm,sequence,7,107,107,108,656,23073,23073,2,2,3,3,standing,standing,True,0.00029392337,0.000930405,0.995023,4.2914085e-05,1.0890292e-05,3.882135e-06,3.060702e-05,6.544665e-05,0.0008286798,0.0006597301,0.0021061432,4.3468067e-06,0.995023
pamap2,gnn_flatten_lstm,sequence,7,107,107,108,657,23074,23074,2,2,3,3,standing,standing,True,0.00031492757,0.0011300088,0.99474263,4.4747794e-05,1.2870979e-05,4.131217e-06,3.446943e-05,6.634583e-05,0.00090784597,0.0006475933,0.0020899035,4.5527668e-06,0.99474263
pamap2,gnn_flatten_lstm,sequence,7,107,107,108,658,23075,23075,2,2,3,3,standing,standing,True,0.00028576405,0.001157066,0.9950846,3.7903268e-05,1.1811519e-05,3.4857655e-06,2.9413352e-05,5.724784e-05,0.0008749419,0.000556526,0.0018976657,3.7135978e-06,0.9950846
pamap2,gnn_flatten_lstm,sequence,7,107,107,108,659,23076,23076,2,2,3,3,standing,standing,True,0.00029518091,0.0012447347,0.9948946,3.9314313e-05,1.2628367e-05,3.6293848e-06,3.045043e-05,5.9381353e-05,0.00094162434,0.0005584795,0.0019161226,3.8314024e-06,0.9948946
pamap2,gnn_flatten_lstm,sequence,7,107,107,108,660,23077,23077,2,2,3,3,standing,standing,True,0.0002853505,0.0012197815,0.9950119,3.7853864e-05,1.211129e-05,3.4716243e-06,2.9187417e-05,5.7006295e-05,0.0009340829,0.00054101826,0.0018646191,3.629027e-06,0.9950119
pamap2,gnn_flatten_lstm,sequence,7,107,107,108,661,23078,23078,2,2,3,3,standing,standing,True,0.0002670857,0.0011706123,0.9952331,3.3518347e-05,1.1177392e-05,3.1664624e-06,2.6808566e-05,5.249999e-05,0.0008699605,0.0005130259,0.0018157887,3.287539e-06,0.9952331
pamap2,gnn_flatten_lstm,sequence,7,107,107,108,662,23079,23079,2,2,3,3,standing,standing,True,0.00027141755,0.0012327771,0.9950836,3.227582e-05,1.1651685e-05,3.288252e-06,2.727738e-05,5.3608637e-05,0.0008774951,0.0005177276,0.0018855517,3.3450644e-06,0.9950836
pamap2,gnn_flatten_lstm,sequence,7,107,107,108,663,23080,23080,2,2,3,3,standing,standing,True,0.0002815812,0.0013097671,0.9948768,3.2298118e-05,1.2446144e-05,3.526155e-06,2.8957256e-05,5.5796558e-05,0.00089435,0.0005324295,0.001968666,3.523328e-06,0.9948768
pamap2,gnn_flatten_lstm,sequence,7,107,107,108,664,23081,23081,2,2,3,3,standing,standing,True,0.00029846808,0.0014244168,0.9945621,3.3644585e-05,1.3754548e-05,3.8932435e-06,3.1793992e-05,5.9740254e-05,0.0009374284,0.0005571028,0.0020738486,3.843844e-06,0.9945621
pamap2,gnn_flatten_lstm,sequence,7,107,107,108,665,23082,23082,2,2,3,3,standing,standing,True,0.00032707347,0.0016243176,0.9940156,3.6866262e-05,1.6104586e-05,4.5408224e-06,3.6627327e-05,6.715091e-05,0.0010260479,0.00059929455,0.0022419775,4.434771e-06,0.9940156
pamap2,gnn_flatten_lstm,sequence,7,107,107,108,666,23083,23083,2,2,3,3,standing,standing,True,0.00037676183,0.0019445624,0.99308455,4.4314816e-05,2.0545509e-05,5.834944e-06,4.6671477e-05,8.079226e-05,0.0011737193,0.00068724033,0.0025294397,5.6626427e-06,0.99308455
pamap2,gnn_flatten_lstm,sequence,7,107,107,108,667,23084,23084,2,2,3,3,standing,standing,True,0.0005517247,0.0030566617,0.99001664,7.353166e-05,3.8938386e-05,1.0927211e-05,8.798909e-05,0.00012936321,0.0016682044,0.0009802497,0.003374947,1.0718007e-05,0.99001664
pamap2,gnn_flatten_lstm,sequence,7,107,107,108,668,23085,23085,2,2,3,3,standing,standing,True,0.0007746577,0.0045656515,0.9861004,0.00011684974,6.892945e-05,1.9131672e-05,0.00015514629,0.0001965712,0.002275168,0.0013462624,0.0043621436,1.9053887e-05,0.9861004
pamap2,gnn_flatten_lstm,sequence,7,107,107,108,669,23086,23086,2,2,3,3,standing,standing,True,0.001106025,0.0065872325,0.9812244,0.0001887208,0.00011712131,3.0212985e-05,0.00024860312,0.00029670843,0.003140331,0.001729305,0.005298957,3.2424497e-05,0.9812244
pamap2,gnn_flatten_lstm,sequence,7,107,107,108,670,23087,23087,2,2,3,3,standing,standing,True,0.0014774749,0.009148715,0.97556096,0.0002799907,0.00018530469,4.4619726e-05,0.00037672897,0.0004135422,0.0040865745,0.0021222767,0.006253255,5.063586e-05,0.97556096
pamap2,gnn_flatten_lstm,sequence,7,107,107,108,671,23088,23088,2,2,3,3,standing,standing,True,0.0015578982,0.009794985,0.9738253,0.00031185625,0.00020801323,5.1798346e-05,0.00044495575,0.00044531788,0.0042144624,0.0023473129,0.0067395773,5.855365e-05,0.9738253
pamap2,gnn_flatten_lstm,sequence,7,107,107,108,672,23089,23089,2,2,3,3,standing,standing,True,0.0014874071,0.009044872,0.9748457,0.0003080059,0.00019488037,5.096233e-05,0.000442813,0.00042999987,0.004007747,0.0024028476,0.00672732,5.742135e-05,0.9748457
pamap2,gnn_flatten_lstm,sequence,7,107,107,108,673,23090,23090,2,2,3,3,standing,standing,True,0.0014101156,0.008399112,0.97588944,0.0002930706,0.00018095462,4.985705e-05,0.00043003555,0.000406863,0.0037748239,0.0024212948,0.006689737,5.4712735e-05,0.97588944
pamap2,gnn_flatten_lstm,sequence,7,107,107,108,674,23091,23091,2,2,3,3,standing,standing,True,0.001328282,0.007752471,0.97707033,0.00027340537,0.00016527394,4.775681e-05,0.00040726212,0.00038118553,0.0035421276,0.0023942024,0.0065867044,5.09498e-05,0.97707033
pamap2,gnn_flatten_lstm,sequence,7,107,107,108,675,23092,23092,2,2,3,3,standing,standing,True,0.0012194616,0.0069419206,0.97882354,0.00024383824,0.0001432557,4.2768075e-05,0.00036067347,0.00034762922,0.0032775898,0.0022722674,0.0062823677,4.4758446e-05,0.97882354
pamap2,gnn_flatten_lstm,sequence,7,107,107,108,676,23093,23093,2,2,3,3,standing,standing,True,0.0011512827,0.0064352276,0.97993886,0.00022396627,0.00012939141,3.9415732e-05,0.0003273626,0.00032734356,0.0031185085,0.002182668,0.0060852165,4.0783478e-05,0.97993886
pamap2,gnn_flatten_lstm,sequence,7,107,107,108,677,23094,23094,2,2,3,3,standing,standing,True,0.0011001943,0.006075923,0.98082685,0.00020705018,0.00011879474,3.6356236e-05,0.0002995902,0.00031143063,0.0029983232,0.0020902564,0.005897709,3.753353e-05,0.98082685
pamap2,gnn_flatten_lstm,sequence,7,107,107,108,678,23095,23095,2,2,3,3,standing,standing,True,0.0010019329,0.005530841,0.98256654,0.00017690768,0.000101153135,3.0187735e-05,0.0002485612,0.00027574346,0.00278595,0.0018621747,0.0053890133,3.1060863e-05,0.98256654
pamap2,gnn_flatten_lstm,sequence,7,107,107,108,679,23096,23096,2,2,3,3,standing,standing,True,0.0010289019,0.005736232,0.98203707,0.00018280357,0.0001062526,3.1863536e-05,0.0002594961,0.0002861265,0.0028442196,0.0019157752,0.005538604,3.2604876e-05,0.98203707
pamap2,gnn_flatten_lstm,sequence,7,107,107,108,680,23097,23097,2,2,3,3,standing,standing,True,0.0011296936,0.006327046,0.9801695,0.00021144075,0.00012455865,3.848948e-05,0.00030904097,0.00032662906,0.0030558386,0.0021515887,0.0061167507,3.9414106e-05,0.9801695
pamap2,gnn_flatten_lstm,sequence,7,107,107,108,681,23098,23098,2,2,3,3,standing,standing,True,0.0012596552,0.0072161485,0.9776554,0.0002490728,0.00015087388,4.7654838e-05,0.0003822825,0.00037743748,0.0033697584,0.0024268902,0.0068162167,4.8698992e-05,0.9776554
pamap2,gnn_flatten_lstm,sequence,7,107,107,108,682,23099,23099,2,2,3,3,standing,standing,True,0.0015959304,0.009364359,0.971351,0.00034905164,0.00022335116,7.49566e-05,0.0005913515,0.000515423,0.0041105375,0.003143552,0.008604162,7.625472e-05,0.971351
pamap2,gnn_flatten_lstm,sequence,7,107,107,108,683,23100,23100,2,2,3,3,standing,standing,True,0.0020398838,0.0115091195,0.9645677,0.00049733697,0.00031225386,0.00011042076,0.0008465063,0.00070587074,0.0049460777,0.003921454,0.010426887,0.00011642875,0.9645677
pamap2,gnn_flatten_lstm,sequence,7,107,107,108,684,23101,23101,2,2,3,3,standing,standing,True,0.002236633,0.0127762,0.96225303,0.00055902364,0.00034975496,0.000121877034,0.0008873837,0.00076805,0.005264664,0.0039494284,0.010705764,0.00012818731,0.96225303
pamap2,gnn_flatten_lstm,sequence,7,107,107,108,685,23102,23102,2,2,3,3,standing,standing,True,0.0020162687,0.012729777,0.965462,0.00046433392,0.0003099855,9.515794e-05,0.0007208891,0.00064298883,0.0048826667,0.0032521987,0.009322995,0.00010067633,0.965462
pamap2,gnn_flatten_lstm,sequence,7,107,107,108,686,23103,23103,2,2,3,3,standing,standing,True,0.0018618463,0.013008126,0.9673458,0.0003928793,0.00028724005,7.6041244e-05,0.0006228437,0.00055995095,0.004707478,0.0027722071,0.008282772,8.279e-05,0.9673458
pamap2,gnn_flatten_lstm,sequence,7,107,107,108,687,23104,23104,2,2,3,3,standing,standing,True,0.00176652,0.01325723,0.96804005,0.00036156972,0.00027976697,6.79804e-05,0.0005921984,0.00051600026,0.0046645557,0.0025773416,0.0078020412,7.480704e-05,0.96804005
pamap2,gnn_flatten_lstm,sequence,7,107,107,108,688,23105,23105,2,2,3,3,standing,standing,True,0.0019127893,0.015052653,0.96444994,0.00039460463,0.00032907628,7.8571946e-05,0.00069889106,0.00056632585,0.005101903,0.0028160622,0.008512754,8.644662e-05,0.96444994
pamap2,gnn_flatten_lstm,sequence,7,107,107,108,689,23106,23106,2,2,3,3,standing,standing,True,0.0021475265,0.017545318,0.9595612,0.00045192312,0.00040113783,9.3519535e-05,0.00085951405,0.00064447423,0.005666613,0.0031247113,0.00939885,0.00010523732,0.9595612
pamap2,gnn_flatten_lstm,sequence,7,107,107,108,690,23107,23107,2,2,3,3,standing,standing,True,0.0023279914,0.019289888,0.9559942,0.0005056905,0.00045736678,0.00010660451,0.0009815348,0.00070957554,0.006090703,0.0033660508,0.010049244,0.00012115685,0.9559942
pamap2,gnn_flatten_lstm,sequence,7,107,107,108,691,23108,23108,2,2,3,3,standing,standing,True,0.0022907974,0.018801425,0.9565233,0.00051953987,0.00045081144,0.0001080747,0.0009636755,0.00070995005,0.006101753,0.0033906584,0.010019412,0.00012070893,0.9565233
pamap2,gnn_flatten_lstm,sequence,7,107,107,108,692,23109,23109,2,2,3,3,standing,standing,True,0.0023176316,0.017637985,0.9564627,0.00059236324,0.0004408481,0.0001370775,0.00094261207,0.00075303094,0.006136069,0.0036058999,0.0108466195,0.00012722384,0.9564627
pamap2,gnn_flatten_lstm,sequence,7,107,107,108,693,23110,23110,2,2,3,3,standing,standing,True,0.0018905278,0.014805514,0.961428,0.00056383194,0.00034803164,0.00013480407,0.00080492615,0.0006252334,0.005272128,0.003405294,0.010615662,0.000106082836,0.961428
pamap2,gnn_flatten_lstm,sequence,7,107,107,108,694,23111,23111,2,2,3,3,standing,standing,True,0.0014095491,0.011402567,0.96964115,0.000422306,0.00022347805,9.546946e-05,0.0005506104,0.00043601505,0.0039235633,0.0027201818,0.009104245,7.100245e-05,0.96964115
pamap2,gnn_flatten_lstm,sequence,7,107,107,108,695,23112,23112,2,2,3,3,standing,standing,True,0.0008910403,0.0075390455,0.9799641,0.00020691144,0.00011001882,4.4744924e-05,0.00031005446,0.000245512,0.0023683216,0.00171609,0.0065691546,3.50525e-05,0.9799641
pamap2,gnn_flatten_lstm,sequence,7,107,107,108,696,23113,23113,2,2,3,3,standing,standing,True,0.00096946245,0.008657048,0.97857827,0.00018483556,0.00012183481,4.387622e-05,0.00034390742,0.0002592706,0.0024439655,0.001666148,0.0066947006,3.659589e-05,0.97857827
pamap2,gnn_flatten_lstm,sequence,7,107,107,108,697,23114,23114,2,2,3,3,standing,standing,True,0.0014623714,0.014657204,0.9683553,0.00025137494,0.00022845557,7.082212e-05,0.00058974355,0.0003918556,0.0034515422,0.0020766605,0.008403557,6.109757e-05,0.9683553
pamap2,gnn_flatten_lstm,sequence,7,107,107,108,698,23115,23115,2,2,3,3,standing,standing,True,0.0020024728,0.02254824,0.956294,0.00032036187,0.00038008555,0.00010215329,0.0009031169,0.00054076716,0.0046502864,0.0024364945,0.009732427,8.956842e-05,0.956294
pamap2,gnn_flatten_lstm,sequence,7,107,107,108,699,23116,23116,2,2,3,3,standing,standing,True,0.0026259248,0.03253399,0.9417094,0.0004238161,0.0006133242,0.00013705278,0.0013515265,0.0007629159,0.0063991514,0.002789796,0.010522844,0.00013036214,0.9417094
pamap2,gnn_flatten_lstm,sequence,7,107,107,108,700,23117,23117,2,2,3,3,standing,standing,True,0.0034469261,0.045572754,0.92296576,0.0005767468,0.00095426245,0.00017721845,0.0019431534,0.0010618571,0.008505946,0.0031855819,0.011421625,0.00018813672,0.92296576
pamap2,gnn_flatten_lstm,sequence,7,107,107,108,701,23118,23118,2,2,3,3,standing,standing,True,0.0042896187,0.05959323,0.9032815,0.0007351513,0.0013494268,0.00022564198,0.0025805302,0.001346752,0.010227728,0.003579902,0.012536779,0.00025374352,0.9032815
pamap2,gnn_flatten_lstm,sequence,7,107,107,108,702,23119,23119,2,2,3,3,standing,standing,True,0.006701158,0.09872543,0.8521086,0.0011384469,0.002368985,0.00035832776,0.0039995266,0.002021395,0.012339282,0.004304024,0.015498432,0.00043640728,0.8521086
pamap2,gnn_flatten_lstm,sequence,7,107,107,108,703,23120,23120,2,2,3,3,standing,standing,True,0.010519053,0.21387468,0.7326544,0.0013582567,0.0033850435,0.00040831184,0.004137688,0.0023291535,0.010161912,0.0037432355,0.01687704,0.00055118994,0.7326544
pamap2,gnn_flatten_lstm,sequence,7,107,107,108,704,23121,23121,2,1,3,2,standing,sitting,False,0.011968623,0.5544229,0.40779507,0.00095718465,0.0034168633,0.00024160648,0.0024518254,0.0015507753,0.004625794,0.0017814459,0.010454158,0.0003337664,0.5544229
pamap2,gnn_flatten_lstm,sequence,7,107,107,108,705,23122,23122,2,1,3,2,standing,sitting,False,0.010850527,0.64456785,0.32316577,0.0007725071,0.0031667517,0.00020528166,0.0019915632,0.0012565951,0.003570264,0.0013377661,0.008848071,0.00026708998,0.64456785
pamap2,gnn_flatten_lstm,sequence,7,107,107,108,706,23123,23123,2,1,3,2,standing,sitting,False,0.011072164,0.63220185,0.33430642,0.0008057245,0.0032404112,0.00021822778,0.002110678,0.0013116384,0.0037311204,0.0014335989,0.009284736,0.00028339264,0.63220185
pamap2,gnn_flatten_lstm,sequence,7,107,107,108,707,23124,23124,2,1,3,2,standing,sitting,False,0.011614536,0.5908968,0.3731746,0.00088942866,0.0033217317,0.0002338471,0.002295776,0.0014413163,0.0041518873,0.0016430517,0.01001913,0.00031787102,0.5908968
pamap2,gnn_flatten_lstm,sequence,7,107,107,108,708,23125,23125,2,1,3,2,standing,sitting,False,0.01188197,0.5489956,0.41396657,0.0009316104,0.0032487323,0.00023662453,0.0023697708,0.0015120036,0.0044523086,0.001780605,0.010292555,0.00033158358,0.5489956
pamap2,gnn_flatten_lstm,sequence,7,107,107,108,709,23126,23126,2,1,3,2,standing,sitting,False,0.011783341,0.5208423,0.4421949,0.000918966,0.003126,0.00023117845,0.002370075,0.0015013638,0.0045977933,0.001821956,0.0102870865,0.00032507718,0.5208423
pamap2,gnn_flatten_lstm,sequence,7,107,107,108,710,23127,23127,2,1,3,2,standing,sitting,False,0.011453636,0.48351008,0.479629,0.0009258434,0.0030116653,0.00021808589,0.0023733152,0.001469274,0.0047643697,0.0018764712,0.010446673,0.00032158685,0.48351008
pamap2,gnn_flatten_lstm,sequence,7,107,107,108,711,23128,23128,2,2,3,3,standing,standing,True,0.01129033,0.47170013,0.49129072,0.0009397681,0.0030041235,0.0002158833,0.0024077483,0.0014608982,0.0048166974,0.001912133,0.010636485,0.00032509855,0.49129072
pamap2,gnn_flatten_lstm,sequence,7,107,107,108,712,23129,23129,2,2,3,3,standing,standing,True,0.011670029,0.43742466,0.52272415,0.0010379226,0.0031597225,0.00023899063,0.0026510146,0.0015933384,0.005296076,0.002154866,0.011680038,0.00036911076,0.52272415
pamap2,gnn_flatten_lstm,sequence,7,107,107,108,713,23130,23130,2,2,3,3,standing,standing,True,0.012203456,0.39687705,0.5596011,0.0011736432,0.0033419176,0.0002710128,0.0029532781,0.0017799136,0.005907167,0.0024768417,0.012984564,0.0004300366,0.5596011
pamap2,gnn_flatten_lstm,sequence,7,107,107,108,714,23131,23131,2,2,3,3,standing,standing,True,0.012303792,0.36623126,0.58738637,0.0012761969,0.0034483816,0.00030050136,0.0032346821,0.0018907064,0.006393585,0.00277348,0.0142797325,0.00048140943,0.58738637
pamap2,gnn_flatten_lstm,sequence,7,107,107,108,715,23132,23132,2,2,3,3,standing,standing,True,0.012362484,0.33419153,0.6167537,0.0013662004,0.003507306,0.0003325184,0.003525307,0.0020158463,0.0069059306,0.0030781562,0.015433156,0.0005278587,0.6167537
pamap2,gnn_flatten_lstm,sequence,7,107,107,108,716,23133,23133,2,2,3,3,standing,standing,True,0.012197505,0.31305516,0.63646656,0.0013809956,0.003494552,0.00035590486,0.0036960568,0.0020704337,0.007305335,0.003289806,0.016141491,0.00054622017,0.63646656
pamap2,gnn_flatten_lstm,sequence,7,107,107,108,717,23134,23134,2,2,3,3,standing,standing,True,0.011787995,0.3079312,0.6425977,0.0013168282,0.0033557157,0.0003506194,0.0035864997,0.0020087247,0.0073452527,0.0032655357,0.015932532,0.0005213996,0.6425977
pamap2,gnn_flatten_lstm,sequence,7,107,107,108,718,23135,23135,2,2,3,3,standing,standing,True,0.0116644045,0.30866656,0.642024,0.0012970989,0.003337382,0.00035203501,0.0035813095,0.002001971,0.0073760203,0.0032741472,0.01591013,0.0005149004,0.642024
pamap2,gnn_flatten_lstm,sequence,7,107,107,108,719,23136,23136,2,2,3,3,standing,standing,True,0.012162309,0.31646848,0.6315871,0.0014152101,0.0035802166,0.0003842402,0.003824629,0.0021487353,0.0077233254,0.00347642,0.016666919,0.0005624031,0.6315871
pamap2,gnn_flatten_lstm,sequence,7,107,107,108,720,23137,23137,2,2,3,3,standing,standing,True,0.012711732,0.34047514,0.60514814,0.0016675037,0.0038784824,0.00042096514,0.0040919865,0.0022566349,0.0076202923,0.0036056626,0.017503692,0.0006198912,0.60514814
pamap2,gnn_flatten_lstm,sequence,7,107,107,108,721,23138,23138,2,2,3,3,standing,standing,True,0.012112973,0.28193375,0.66248757,0.002107694,0.0036662244,0.0004655915,0.0039002702,0.002457758,0.0079173315,0.0036423767,0.018659078,0.0006494626,0.66248757
pamap2,gnn_flatten_lstm,sequence,7,107,107,108,722,23139,23139,2,2,3,3,standing,standing,True,0.008199519,0.15483902,0.79738325,0.0021752454,0.0024347263,0.00041921018,0.0031589656,0.001983017,0.0075081554,0.0034472437,0.017968833,0.00048280874,0.79738325
pamap2,gnn_flatten_lstm,sequence,7,107,107,108,723,23140,23140,2,2,3,3,standing,standing,True,0.0041605085,0.060511064,0.9095298,0.00123782,0.0009592986,0.00023065139,0.001805456,0.0009668256,0.0049484526,0.0026216474,0.0127995545,0.00022895599,0.9095298
pamap2,gnn_flatten_lstm,sequence,7,107,107,108,724,23141,23141,2,2,3,3,standing,standing,True,0.0020389159,0.023474438,0.95843506,0.00057670806,0.00034743527,9.392412e-05,0.0008093161,0.00047912655,0.0032521435,0.0018920136,0.008506529,9.4437884e-05,0.95843506
pamap2,gnn_flatten_lstm,sequence,7,107,107,108,725,23142,23142,2,2,3,3,standing,standing,True,0.0013058163,0.0113001,0.9745482,0.0003541617,0.0001757638,5.479382e-05,0.00046755341,0.00033246828,0.0025586812,0.0017870363,0.0070587015,5.6740897e-05,0.9745482
pamap2,gnn_flatten_lstm,sequence,7,107,107,108,726,23143,23143,2,2,3,3,standing,standing,True,0.0009065888,0.0061568245,0.98276675,0.00020927952,9.523675e-05,3.3165983e-05,0.00027357638,0.00023225388,0.001987652,0.0015988118,0.005706061,3.3902797e-05,0.98276675
pamap2,gnn_flatten_lstm,sequence,7,107,107,108,727,23144,23144,2,2,3,3,standing,standing,True,0.0005756272,0.0030721733,0.98937315,0.000108968125,4.190244e-05,1.5125155e-05,0.0001234408,0.00013620067,0.0013539328,0.0011419262,0.0040420215,1.5584785e-05,0.98937315
pamap2,gnn_flatten_lstm,sequence,7,107,107,108,728,23145,23145,2,2,3,3,standing,standing,True,0.000309328,0.0013810501,0.99417925,4.7458565e-05,1.458153e-05,5.1946645e-06,4.2317653e-05,6.4671745e-05,0.0007902195,0.00065769564,0.0025028368,5.4464913e-06,0.99417925
pamap2,gnn_flatten_lstm,sequence,7,107,107,108,729,23146,23146,2,2,3,3,standing,standing,True,0.00015349599,0.0006386576,0.99681735,2.0288222e-05,4.948682e-06,1.6997249e-06,1.4173974e-05,2.8538467e-05,0.0004370305,0.00035632364,0.0015256336,1.8058963e-06,0.99681735
pamap2,gnn_flatten_lstm,sequence,7,107,107,108,730,23147,23147,2,2,3,3,standing,standing,True,0.00010112698,0.00043413506,0.99767786,1.2554771e-05,2.7523e-06,9.2178107e-07,7.739626e-06,1.7747212e-05,0.00031883392,0.00025141056,0.0011739989,9.688378e-07,0.99767786
pamap2,gnn_flatten_lstm,sequence,7,107,107,108,731,23148,23148,2,2,3,3,standing,standing,True,0.000108250475,0.0004549712,0.9975756,1.3013783e-05,2.953281e-06,9.838221e-07,8.040745e-06,1.9283301e-05,0.00034914172,0.00026305957,0.0012037258,1.0259648e-06,0.9975756
pamap2,gnn_flatten_lstm,sequence,7,107,107,108,732,23149,23149,2,2,3,3,standing,standing,True,0.0001179683,0.00043008305,0.9975139,1.3788689e-05,3.0253557e-06,1.0658148e-06,8.4609665e-06,1.9892424e-05,0.00033546146,0.0002868283,0.001268332,1.1321532e-06,0.9975139
pamap2,gnn_flatten_lstm,sequence,7,107,107,108,733,23150,23150,2,2,3,3,standing,standing,True,0.0001138577,0.00035308828,0.99754494,1.3171655e-05,2.6985672e-06,1.0243992e-06,8.3448e-06,1.7346323e-05,0.00027575108,0.00031022308,0.001358353,1.1506235e-06,0.99754494
pamap2,gnn_flatten_lstm,sequence,7,107,107,108,734,23151,23151,2,2,3,3,standing,standing,True,9.241335e-05,0.0002905793,0.99780494,1.0117772e-05,2.036137e-06,8.1128996e-07,6.6557027e-06,1.30366525e-05,0.00021018712,0.00027583636,0.0012924282,9.01592e-07,0.99780494
pamap2,gnn_flatten_lstm,sequence,7,107,107,108,735,23152,23152,2,2,3,3,standing,standing,True,8.3842926e-05,0.0002950075,0.9980428,9.351646e-06,1.790569e-06,6.900158e-07,5.5286273e-06,1.2386177e-05,0.00020239635,0.00022927645,0.0011161326,7.5954887e-07,0.9980428
pamap2,gnn_flatten_lstm,sequence,7,107,107,108,736,23153,23153,2,2,3,3,standing,standing,True,9.014912e-05,0.00033176682,0.9979361,1.039427e-05,2.0332027e-06,7.6122245e-07,6.0615766e-06,1.4507405e-05,0.00023447997,0.00023792325,0.001134894,8.3735995e-07,0.9979361
pamap2,gnn_flatten_lstm,sequence,7,107,107,108,737,23154,23154,2,2,3,3,standing,standing,True,0.00010468399,0.00038251828,0.99767846,1.2552097e-05,2.5294382e-06,9.4049204e-07,7.4522213e-06,1.8250797e-05,0.00028222607,0.00027075622,0.0012386604,1.0437795e-06,0.99767846
pamap2,gnn_flatten_lstm,sequence,7,107,107,108,738,23155,23155,2,2,3,3,standing,standing,True,0.00012578449,0.00044913404,0.9972965,1.5644753e-05,3.2927874e-06,1.2442995e-06,9.639316e-06,2.3497743e-05,0.0003426584,0.00032198956,0.0014093296,1.3762742e-06,0.9972965
pamap2,gnn_flatten_lstm,sequence,7,107,107,108,739,23156,23156,2,2,3,3,standing,standing,True,0.00014716954,0.00051883573,0.99694115,1.8762397e-05,4.119921e-06,1.5571665e-06,1.181318e-05,2.8863255e-05,0.0004043611,0.00036689528,0.0015548464,1.7174812e-06,0.99694115
pamap2,gnn_flatten_lstm,sequence,7,107,107,108,740,23157,23157,2,2,3,3,standing,standing,True,0.00016147918,0.0005688878,0.99672014,2.0623083e-05,4.723055e-06,1.7512293e-06,1.3194053e-05,3.2627115e-05,0.00045357508,0.0003930435,0.0016280927,1.926117e-06,0.99672014
pamap2,gnn_flatten_lstm,sequence,7,107,107,108,741,23158,23158,2,2,3,3,standing,standing,True,0.0001916788,0.0006847488,0.9961888,2.4447718e-05,6.185184e-06,2.2995555e-06,1.7058586e-05,4.050778e-05,0.0005445522,0.00046139976,0.0018358169,2.4590295e-06,0.9961888
pamap2,gnn_flatten_lstm,sequence,7,107,107,108,742,23159,23159,2,2,3,3,standing,standing,True,0.00037180344,0.0013605751,0.9934574,5.0646075e-05,1.662201e-05,6.061804e-06,4.3602395e-05,8.914002e-05,0.0010118242,0.0008043939,0.002781502,6.405913e-06,0.9934574
pamap2,gnn_flatten_lstm,sequence,7,107,107,108,743,23160,23160,2,2,3,3,standing,standing,True,0.0005961455,0.0024058898,0.9899479,8.994841e-05,3.620338e-05,1.2867622e-05,9.4204996e-05,0.00015416334,0.0015478597,0.0012131345,0.0038879362,1.3625751e-05,0.9899479
pamap2,gnn_flatten_lstm,sequence,7,107,107,108,744,23161,23161,2,2,3,3,standing,standing,True,0.00074181845,0.0033133598,0.9874702,0.00011791506,5.4001983e-05,1.8714663e-05,0.00013970281,0.00019476464,0.0018849001,0.0014512324,0.004593731,1.9597092e-05,0.9874702
pamap2,gnn_flatten_lstm,sequence,7,107,107,108,745,23162,23162,2,2,3,3,standing,standing,True,0.0008481708,0.00401664,0.98573905,0.0001406839,6.878818e-05,2.3064282e-05,0.00017432087,0.00022645642,0.0021492762,0.0016003137,0.0049889386,2.4182022e-05,0.98573905
pamap2,gnn_flatten_lstm,sequence,7,107,107,108,746,23163,23163,2,2,3,3,standing,standing,True,0.0008374146,0.003967505,0.98605144,0.0001390672,6.71687e-05,2.2142876e-05,0.0001694459,0.00022103392,0.0021367138,0.0015528745,0.004811902,2.327495e-05,0.98605144
pamap2,gnn_flatten_lstm,sequence,7,107,107,108,747,23164,23164,2,2,3,3,standing,standing,True,0.0008352673,0.0039057797,0.98610824,0.00014125454,6.666159e-05,2.2363787e-05,0.00017126426,0.00021999973,0.0021176103,0.0015662324,0.0048217922,2.3450864e-05,0.98610824
pamap2,gnn_flatten_lstm,sequence,7,107,107,108,748,23165,23165,2,2,3,3,standing,standing,True,0.0008282992,0.003812733,0.98625886,0.00014293271,6.546502e-05,2.2120914e-05,0.00017124957,0.00021845035,0.0020953612,0.0015675655,0.0047935355,2.3440894e-05,0.98625886
pamap2,gnn_flatten_lstm,sequence,7,107,107,108,749,23166,23166,2,2,3,3,standing,standing,True,0.0008274139,0.0036765183,0.986418,0.00014421638,6.390209e-05,2.1988664e-05,0.00016967372,0.00021835999,0.0020654695,0.0015824306,0.004788462,2.3512925e-05,0.986418
pamap2,gnn_flatten_lstm,sequence,7,107,107,108,750,23167,23167,2,2,3,3,standing,standing,True,0.0007937825,0.003427509,0.98694617,0.00013855609,5.928329e-05,2.084269e-05,0.00016165698,0.00020846615,0.001957129,0.001563029,0.004701152,2.2415044e-05,0.98694617
pamap2,gnn_flatten_lstm,sequence,7,107,107,108,751,23168,23168,2,2,3,3,standing,standing,True,0.0007519394,0.003253092,0.9873968,0.0001273397,5.4870598e-05,1.9774976e-05,0.00015151282,0.00019635847,0.0018576757,0.0015218093,0.004648026,2.0829548e-05,0.9873968
pamap2,gnn_flatten_lstm,sequence,7,107,107,108,752,23169,23169,2,2,3,3,standing,standing,True,0.00070530036,0.0030269194,0.9881171,0.000115668096,4.919247e-05,1.7814089e-05,0.0001363158,0.00018244637,0.0017502236,0.0014340709,0.004446374,1.8709661e-05,0.9881171
pamap2,gnn_flatten_lstm,sequence,7,107,107,108,753,23170,23170,2,2,3,3,standing,standing,True,0.0006551839,0.002786104,0.98892283,0.00010472554,4.3611162e-05,1.575924e-05,0.0001210749,0.00016697345,0.0016395149,0.00133966,0.004187975,1.6513606e-05,0.98892283
pamap2,gnn_flatten_lstm,sequence,7,107,107,108,754,23171,23171,2,2,3,3,standing,standing,True,0.00058990915,0.0025143595,0.99003696,8.885355e-05,3.670004e-05,1.28543925e-05,9.814259e-05,0.00014477476,0.0015079957,0.0011761273,0.0037798644,1.3366032e-05,0.99003696
pamap2,gnn_flatten_lstm,sequence,7,107,107,108,755,23172,23172,2,2,3,3,standing,standing,True,0.0005191379,0.002276745,0.9912373,7.269939e-05,3.0236271e-05,9.906148e-06,7.7162586e-05,0.000120769546,0.0013657857,0.0009914305,0.0032885096,1.0294234e-05,0.9912373
pamap2,gnn_flatten_lstm,sequence,7,107,107,108,756,23173,23173,2,2,3,3,standing,standing,True,0.0004958315,0.00224919,0.9915931,6.7381945e-05,2.8690052e-05,9.026709e-06,7.157266e-05,0.00011261624,0.0013294661,0.00092637935,0.0031075978,9.329588e-06,0.9915931
pamap2,gnn_flatten_lstm,sequence,7,107,107,108,757,23174,23174,2,2,3,3,standing,standing,True,0.00048026614,0.0021807004,0.991776,6.48427e-05,2.7577918e-05,8.831032e-06,7.000804e-05,0.00010801692,0.0012919089,0.00091542903,0.0030674848,8.955604e-06,0.991776
pamap2,gnn_flatten_lstm,sequence,7,107,107,108,758,23175,23175,2,2,3,3,standing,standing,True,0.00046539784,0.0020267658,0.991926,6.5023305e-05,2.6182823e-05,8.892748e-06,6.990648e-05,0.00010550783,0.0012350823,0.000942596,0.0031196696,8.95501e-06,0.991926
pamap2,gnn_flatten_lstm,sequence,7,107,107,108,759,23176,23176,2,2,3,3,standing,standing,True,0.00047728265,0.0020127655,0.99162114,7.016213e-05,2.7177595e-05,9.773694e-06,7.622981e-05,0.00011114593,0.001239689,0.0010203376,0.0033243492,9.8828505e-06,0.99162114
pamap2,gnn_flatten_lstm,sequence,7,107,107,108,760,23177,23177,2,2,3,3,standing,standing,True,0.00038548058,0.0014210478,0.9927205,5.2907533e-05,1.9251203e-05,8.475972e-06,7.333003e-05,7.774619e-05,0.00085056626,0.0010486497,0.003334096,7.991606e-06,0.9927205
pamap2,gnn_flatten_lstm,sequence,7,107,107,108,761,23178,23178,2,2,3,3,standing,standing,True,0.00017066381,0.00052246393,0.99628735,1.6854858e-05,4.3108885e-06,2.3884718e-06,1.6389502e-05,2.1651358e-05,0.00027742,0.0004810183,0.002197567,1.9945162e-06,0.99628735
pamap2,gnn_flatten_lstm,sequence,7,107,107,108,762,23179,23179,2,2,3,3,standing,standing,True,5.0422972e-05,0.00018306237,0.99865216,3.744593e-06,6.5461785e-07,3.3433713e-07,2.4179956e-06,4.1302474e-06,7.281406e-05,0.00012316134,0.0009068366,2.95448e-07,0.99865216
pamap2,gnn_flatten_lstm,sequence,7,107,107,108,763,23180,23180,2,2,3,3,standing,standing,True,2.1646336e-05,9.830849e-05,0.9991084,1.5723201e-06,2.2827291e-07,1.3006324e-07,8.091279e-07,1.5389397e-06,3.3964272e-05,6.202161e-05,0.00067130744,1.0372277e-07,0.9991084
pamap2,gnn_flatten_lstm,sequence,7,107,107,108,764,23181,23181,2,2,3,3,standing,standing,True,8.911688e-06,5.3835363e-05,0.9995741,7.0454945e-07,8.149765e-08,3.621586e-08,3.191106e-07,6.098368e-07,1.8060022e-05,2.8270259e-05,0.00031498756,3.1296814e-08,0.9995741
pamap2,gnn_flatten_lstm,sequence,7,107,107,108,765,23182,23182,2,2,3,3,standing,standing,True,1.0341642e-05,6.302159e-05,0.9995548,1.0059139e-06,1.0753544e-07,4.340211e-08,3.753331e-07,9.4240465e-07,2.6209897e-05,3.2503413e-05,0.00031054116,4.129288e-08,0.9995548
pamap2,gnn_flatten_lstm,sequence,7,107,107,108,766,23183,23183,2,2,3,3,standing,standing,True,1.560688e-05,8.332934e-05,0.99940205,1.7225203e-06,1.9003724e-07,7.446871e-08,6.3988625e-07,1.7965026e-06,4.321643e-05,4.9987517e-05,0.00040139162,7.837265e-08,0.99940205
pamap2,gnn_flatten_lstm,sequence,7,107,107,108,767,23184,23184,2,2,3,3,standing,standing,True,2.4319754e-05,0.00011493312,0.99916315,2.8993775e-06,3.4983225e-07,1.3621305e-07,1.1724377e-06,3.3430174e-06,7.031096e-05,7.902364e-05,0.0005402434,1.5297445e-07,0.99916315
pamap2,gnn_flatten_lstm,sequence,7,107,107,108,768,23185,23185,2,2,3,3,standing,standing,True,3.75686e-05,0.000159962,0.9988311,4.681201e-06,6.370882e-07,2.5363377e-07,2.1321462e-06,5.967948e-06,0.000110203866,0.00012198816,0.000725262,2.8816768e-07,0.9988311
pamap2,gnn_flatten_lstm,sequence,7,107,107,108,769,23186,23186,2,2,3,3,standing,standing,True,6.2769104e-05,0.00023688811,0.9982741,8.0838945e-06,1.2766158e-06,5.328475e-07,4.200314e-06,1.1572888e-05,0.00018507388,0.00019826503,0.0010168226,5.889479e-07,0.9982741
pamap2,gnn_flatten_lstm,sequence,7,107,107,108,770,23187,23187,2,2,3,3,standing,standing,True,0.00021578309,0.00069927366,0.9955635,3.1387408e-05,7.1377203e-06,3.072473e-06,2.0298075e-05,5.6119075e-05,0.000641517,0.00057616865,0.0021825621,3.192728e-06,0.9955635
pamap2,gnn_flatten_lstm,sequence,7,107,107,108,771,23188,23188,2,2,3,3,standing,standing,True,0.0019459031,0.0062222746,0.97103655,0.00049199763,0.00020640725,7.621403e-05,0.0004777262,0.0010931231,0.006040278,0.0042172237,0.008104354,8.795066e-05,0.97103655
pamap2,gnn_flatten_lstm,sequence,7,107,107,108,772,23189,23189,2,2,3,3,standing,standing,True,0.0029600002,0.010815389,0.9548708,0.0008915712,0.00043416314,0.00018009005,0.0011418355,0.001705334,0.007915451,0.0066567655,0.012226839,0.00020168399,0.9548708
pamap2,gnn_flatten_lstm,sequence,7,107,107,108,773,23190,23190,2,2,3,3,standing,standing,True,0.0030029754,0.011829798,0.9541148,0.00089522765,0.00044261123,0.00020233716,0.0013839082,0.0012895949,0.006014173,0.00644943,0.014137218,0.00023787661,0.9541148
pamap2,gnn_flatten_lstm,sequence,7,107,107,108,774,23191,23191,2,2,3,3,standing,standing,True,0.0029696643,0.010365868,0.9574326,0.0008294272,0.0003782355,0.00017940222,0.001286324,0.0010920045,0.0048556034,0.006218996,0.014158116,0.00023374773,0.9574326
pamap2,gnn_flatten_lstm,sequence,7,107,107,108,775,23192,23192,2,2,3,3,standing,standing,True,0.0024484158,0.0070780166,0.9671993,0.0005654246,0.0002367916,0.00010730288,0.0007768208,0.0007932308,0.0035689855,0.00519089,0.011880089,0.00015478516,0.9671993
pamap2,gnn_flatten_lstm,sequence,7,107,107,108,776,23193,23193,2,2,3,3,standing,standing,True,0.0015862554,0.004162687,0.9771075,0.00029493007,0.00011820059,5.6093817e-05,0.00036593986,0.0004439314,0.002301652,0.0037862314,0.009699165,7.728451e-05,0.9771075
pamap2,gnn_flatten_lstm,sequence,7,107,107,108,777,23194,23194,2,2,3,3,standing,standing,True,0.0009133661,0.0026206952,0.985686,0.00015405794,5.4006545e-05,2.5569514e-05,0.00016721922,0.000234113,0.0014584751,0.0022362284,0.0064175664,3.267192e-05,0.985686
pamap2,gnn_flatten_lstm,sequence,7,107,107,108,778,23195,23195,2,2,3,3,standing,standing,True,0.0007348585,0.0022885809,0.9882409,0.00012542123,4.03113e-05,1.8815632e-05,0.00012521028,0.00019574765,0.0013222018,0.001736854,0.0051482217,2.293988e-05,0.9882409
pamap2,gnn_flatten_lstm,sequence,7,107,107,108,779,23196,23196,2,2,3,3,standing,standing,True,0.00069108035,0.002143282,0.98886406,0.00011813974,3.6816917e-05,1.7065802e-05,0.00011415834,0.000191279,0.0013351854,0.0016352404,0.0048332335,2.053603e-05,0.98886406
pamap2,gnn_flatten_lstm,sequence,7,107,107,108,780,23197,23197,2,2,3,3,standing,standing,True,0.00063915807,0.0019654774,0.9895628,0.000108257766,3.2897347e-05,1.5112496e-05,0.00010153352,0.00018032562,0.0013128049,0.0015289747,0.004534663,1.7961156e-05,0.9895628
pamap2,gnn_flatten_lstm,sequence,7,107,107,108,781,23198,23198,2,2,3,3,standing,standing,True,0.0006233129,0.0019056238,0.9896869,0.00010613092,3.1868527e-05,1.4722085e-05,9.9348545e-05,0.00018168785,0.0013419372,0.0015126994,0.004478364,1.7293652e-05,0.9896869
pamap2,gnn_flatten_lstm,sequence,7,107,107,108,782,23199,23199,2,2,3,3,standing,standing,True,0.0006810386,0.0018824685,0.9892068,0.00011606808,3.3445936e-05,1.5641226e-05,0.00010619736,0.00019885531,0.0013773795,0.0016366155,0.004726031,1.946428e-05,0.9892068
pamap2,gnn_flatten_lstm,sequence,7,107,107,108,783,23200,23200,2,2,3,3,standing,standing,True,0.0008654551,0.002214872,0.9868395,0.0001528419,4.5138248e-05,2.1671929e-05,0.00014775398,0.00026201172,0.0015946713,0.00209236,0.005735126,2.8654478e-05,0.9868395
pamap2,gnn_flatten_lstm,sequence,7,107,107,108,784,23201,23201,2,2,3,3,standing,standing,True,0.001230055,0.003014654,0.98170954,0.00022141336,7.520068e-05,3.6853555e-05,0.00026168837,0.00038123006,0.0019961344,0.0031898655,0.007833228,5.011815e-05,0.98170954
pamap2,gnn_flatten_lstm,sequence,7,107,107,108,785,23202,23202,2,2,3,3,standing,standing,True,0.001346655,0.0035440507,0.9792473,0.00025242148,9.293546e-05,4.7034242e-05,0.00033860485,0.00042084395,0.0020992737,0.0036477998,0.008900613,6.2529965e-05,0.9792473
pamap2,gnn_flatten_lstm,sequence,7,107,107,108,786,23203,23203,2,2,3,3,standing,standing,True,0.0014682353,0.004772366,0.9770585,0.00031629048,0.000121970515,6.1725405e-05,0.00043082508,0.0004984837,0.0024857756,0.0036004076,0.009108245,7.710071e-05,0.9770585
pamap2,gnn_flatten_lstm,sequence,7,107,107,108,787,23204,23204,2,2,3,3,standing,standing,True,0.002084288,0.0074203345,0.9680863,0.00050753704,0.00022091306,0.00011135179,0.0007686975,0.0007920992,0.0036297399,0.0048140544,0.011429575,0.00013511641,0.9680863
pamap2,gnn_flatten_lstm,sequence,7,107,107,108,788,23205,23205,2,2,3,3,standing,standing,True,0.0026332422,0.009859988,0.95998764,0.0006911199,0.0003282769,0.00016312441,0.0011210388,0.0010779179,0.004705445,0.0058855764,0.01335093,0.00019566905,0.95998764
pamap2,gnn_flatten_lstm,sequence,7,107,107,108,789,23206,23206,2,2,3,3,standing,standing,True,0.003234361,0.012748364,0.9507373,0.00092035666,0.0004716373,0.00022960901,0.0016195019,0.001408734,0.005855488,0.0071131145,0.0153849935,0.00027654722,0.9507373
pamap2,gnn_flatten_lstm,sequence,7,107,107,108,790,23207,23207,2,2,3,3,standing,standing,True,0.003828062,0.015643789,0.9414535,0.0011727405,0.00062582013,0.00030117805,0.0021934544,0.0017403765,0.006928823,0.00827812,0.017463703,0.00037046062,0.9414535
pamap2,gnn_flatten_lstm,sequence,7,107,107,108,791,23208,23208,2,2,3,3,standing,standing,True,0.0042631174,0.017680138,0.9346754,0.001375194,0.0007479667,0.00035779332,0.0026637395,0.0019919155,0.007692588,0.0091677895,0.018936753,0.00044764788,0.9346754
pamap2,gnn_flatten_lstm,sequence,7,107,107,108,792,23209,23209,2,2,3,3,standing,standing,True,0.0050037117,0.020852504,0.92303646,0.0017370272,0.00096351793,0.00046760857,0.0035353615,0.0024180764,0.0087693175,0.01076354,0.0218509,0.0006019492,0.92303646
pamap2,gnn_flatten_lstm,sequence,7,107,107,108,793,23210,23210,2,2,3,3,standing,standing,True,0.0057202308,0.023934742,0.91134626,0.0021210026,0.0011894025,0.000592925,0.0045372825,0.0028493465,0.009688018,0.012363815,0.024875296,0.0007817137,0.91134626
pamap2,gnn_flatten_lstm,sequence,7,107,107,108,794,23211,23211,2,2,3,3,standing,standing,True,0.0059746876,0.02538821,0.9063731,0.0022403349,0.0012607108,0.0006549238,0.0050634514,0.0029198902,0.0096356375,0.012853123,0.026766,0.00086986495,0.9063731
pamap2,gnn_flatten_lstm,sequence,7,107,107,108,795,23212,23212,2,2,3,3,standing,standing,True,0.0059216744,0.024796616,0.90807414,0.0021836737,0.0012066928,0.0006374976,0.004913533,0.0027793038,0.009163219,0.012514874,0.026950384,0.0008585588,0.90807414
pamap2,gnn_flatten_lstm,sequence,7,107,107,108,796,23213,23213,2,2,3,3,standing,standing,True,0.0057464344,0.023050101,0.91396695,0.0021062917,0.0011057318,0.0005655141,0.004375029,0.0026264912,0.0087434305,0.0117489435,0.025176512,0.0007886528,0.91396695
pamap2,gnn_flatten_lstm,sequence,7,107,107,108,797,23214,23214,2,2,3,3,standing,standing,True,0.0053722574,0.021449832,0.92069656,0.0019493228,0.0009946832,0.00048666928,0.00378501,0.002401217,0.008315437,0.010717508,0.023142114,0.0006895043,0.92069656
pamap2,gnn_flatten_lstm,sequence,7,107,107,108,798,23215,23215,2,2,3,3,standing,standing,True,0.005159385,0.021354955,0.92214525,0.0018512738,0.0009698298,0.00047273954,0.0036271617,0.002301418,0.008247449,0.010418906,0.022802228,0.0006493865,0.92214525
pamap2,gnn_flatten_lstm,sequence,7,107,107,108,799,23216,23216,2,2,3,3,standing,standing,True,0.0050880597,0.02129228,0.9224861,0.0018174272,0.00096265326,0.00047022497,0.003575908,0.0022806437,0.00825483,0.0103779,0.02275678,0.0006372481,0.9224861
pamap2,gnn_flatten_lstm,sequence,7,107,107,108,800,23217,23217,2,2,3,3,standing,standing,True,0.0050733318,0.021454643,0.9220303,0.001809461,0.00096975476,0.00047397072,0.0036176783,0.0022883832,0.008314833,0.010438376,0.022891065,0.000638156,0.9220303
pamap2,gnn_flatten_lstm,sequence,7,107,107,108,801,23218,23218,2,2,3,3,standing,standing,True,0.0051915045,0.022001589,0.91992235,0.0018614501,0.0010074871,0.000494052,0.0037919972,0.0023646655,0.008502991,0.010732788,0.02346153,0.000667458,0.91992235
pamap2,gnn_flatten_lstm,sequence,7,107,107,108,802,23219,23219,2,2,3,3,standing,standing,True,0.005317374,0.022603557,0.9176632,0.0019157951,0.0010494598,0.0005156347,0.003978166,0.0024478533,0.008719533,0.011048118,0.024043173,0.00069813564,0.9176632
pamap2,gnn_flatten_lstm,sequence,7,107,107,108,803,23220,23220,2,2,3,3,standing,standing,True,0.005329557,0.022839477,0.9169425,0.0019181868,0.0010627779,0.0005214692,0.004051253,0.0024689834,0.008802924,0.011159109,0.024199843,0.00070394884,0.9169425
pamap2,gnn_flatten_lstm,sequence,7,107,107,108,804,23221,23221,2,2,3,3,standing,standing,True,0.0052854,0.022671873,0.91733783,0.001884961,0.0010524422,0.0005180898,0.004040987,0.0024499614,0.008780597,0.011166955,0.024116287,0.0006944768,0.91733783
pamap2,gnn_flatten_lstm,sequence,7,107,107,108,805,23222,23222,2,2,3,3,standing,standing,True,0.0049901986,0.02097184,0.9230689,0.0017206975,0.0009457751,0.00046583277,0.0035345836,0.00222402,0.008237789,0.010412238,0.022814304,0.0006139442,0.9230689
pamap2,gnn_flatten_lstm,sequence,7,107,107,108,806,23223,23223,2,2,3,3,standing,standing,True,0.004657324,0.019218553,0.9291815,0.0015680834,0.000836712,0.000411751,0.0030352192,0.0020044907,0.0075935395,0.009564295,0.021391004,0.0005374949,0.9291815
pamap2,gnn_flatten_lstm,sequence,7,107,107,108,807,23224,23224,2,2,3,3,standing,standing,True,0.004561702,0.018850252,0.9307771,0.0015306987,0.0008075048,0.00039734307,0.0029359146,0.0019552093,0.0074067423,0.009303352,0.020954851,0.0005193641,0.9307771
pamap2,gnn_flatten_lstm,sequence,7,107,107,108,808,23225,23225,2,2,3,3,standing,standing,True,0.004589481,0.020133624,0.93007886,0.0015966967,0.00083816925,0.0004244661,0.0026872468,0.0019649859,0.0077118296,0.0087599335,0.02071936,0.00049540214,0.93007886
pamap2,gnn_flatten_lstm,sequence,7,107,107,108,809,23226,23226,2,2,3,3,standing,standing,True,0.0035886029,0.01688847,0.943511,0.0011797199,0.00059874076,0.00030381768,0.0018317187,0.0014251773,0.0062185666,0.0067742416,0.01735594,0.00032403218,0.943511
pamap2,gnn_flatten_lstm,sequence,7,107,107,108,810,23227,23227,2,2,3,3,standing,standing,True,0.0030869597,0.014917073,0.94999534,0.00095204357,0.00048549217,0.0002352813,0.0015827216,0.0012013866,0.0054478697,0.005991536,0.01584017,0.000264093,0.94999534
pamap2,gnn_flatten_lstm,sequence,7,107,107,108,811,23228,23228,2,2,3,3,standing,standing,True,0.0033150231,0.015903017,0.94498026,0.0010693186,0.00056182785,0.00025950785,0.0019245807,0.0013630178,0.005962289,0.006789688,0.017553383,0.00031801392,0.94498026
pamap2,gnn_flatten_lstm,sequence,7,107,107,108,812,23229,23229,2,2,3,3,standing,standing,True,0.0037980927,0.017699987,0.9364619,0.0013231726,0.00070348533,0.00032041,0.0024743043,0.0016746612,0.006793474,0.008141381,0.020189144,0.00041991728,0.9364619
pamap2,gnn_flatten_lstm,sequence,7,107,107,108,813,23230,23230,2,2,3,3,standing,standing,True,0.004296306,0.016348794,0.9317925,0.0014485902,0.00076510693,0.0003346246,0.0027106078,0.0018966799,0.006949941,0.010259047,0.022685986,0.0005118718,0.9317925
pamap2,gnn_flatten_lstm,sequence,7,107,107,108,814,23231,23231,2,2,3,3,standing,standing,True,0.003932926,0.013583803,0.9397845,0.0012082346,0.000620395,0.00026272083,0.0020828675,0.001679286,0.0061103473,0.00944812,0.020860413,0.0004263225,0.9397845
pamap2,gnn_flatten_lstm,sequence,7,107,107,108,815,23232,23232,2,2,3,3,standing,standing,True,0.0039437385,0.016675534,0.9359972,0.0012179087,0.00071209116,0.00029809712,0.0023124334,0.0017410275,0.0066671385,0.009026868,0.020976435,0.0004315613,0.9359972
pamap2,gnn_flatten_lstm,sequence,7,107,107,108,816,23233,23233,2,2,3,3,standing,standing,True,0.004900099,0.023069134,0.92187166,0.0016134442,0.0010137977,0.00039838697,0.0032221666,0.0022960561,0.008380626,0.01003654,0.022610068,0.00058802246,0.92187166
pamap2,gnn_flatten_lstm,sequence,7,107,107,108,817,23234,23234,2,2,3,3,standing,standing,True,0.0059380755,0.031014849,0.9055362,0.0020008474,0.00141936,0.00050156296,0.0043976414,0.0028222166,0.010221074,0.011013429,0.024369398,0.0007654081,0.9055362
pamap2,gnn_flatten_lstm,sequence,7,107,107,108,818,23235,23235,2,2,3,3,standing,standing,True,0.008261495,0.044690877,0.87470746,0.002878568,0.002238765,0.0007197847,0.006919376,0.0038313044,0.012577678,0.013197006,0.028746031,0.0012316632,0.87470746
pamap2,gnn_flatten_lstm,sequence,7,107,107,108,819,23236,23236,2,2,3,3,standing,standing,True,0.010626658,0.057749,0.8479282,0.0036986156,0.0030262657,0.0009130987,0.0091908835,0.004716023,0.013924021,0.0145381875,0.03197904,0.0017100049,0.8479282
pamap2,gnn_flatten_lstm,sequence,7,107,107,108,820,23237,23237,2,2,3,3,standing,standing,True,0.011737033,0.06501619,0.8333223,0.0041193278,0.00348738,0.0010410455,0.010563038,0.0051699416,0.014566797,0.015232249,0.033777673,0.001967071,0.8333223
pamap2,gnn_flatten_lstm,sequence,7,107,107,108,821,23238,23238,2,2,3,3,standing,standing,True,0.012219525,0.06781615,0.8279989,0.004389621,0.003677153,0.0010852326,0.011056684,0.005437186,0.014890269,0.015370704,0.03397658,0.00208207,0.8279989
pamap2,gnn_flatten_lstm,sequence,7,107,107,108,822,23239,23239,2,2,3,3,standing,standing,True,0.012871771,0.069474526,0.82155186,0.0048607094,0.003938767,0.0011517606,0.011787748,0.005935408,0.015533435,0.016092975,0.034524623,0.0022764986,0.82155186
pamap2,gnn_flatten_lstm,sequence,7,107,107,108,823,23240,23240,2,2,3,3,standing,standing,True,0.011991003,0.067039,0.8299765,0.0044227727,0.0035998058,0.0010685864,0.011171452,0.005238264,0.014233837,0.015100105,0.03410668,0.0020520529,0.8299765
pamap2,gnn_flatten_lstm,sequence,7,107,107,108,824,23241,23241,2,2,3,3,standing,standing,True,0.011097272,0.06271687,0.8413673,0.0039453954,0.0031454235,0.00096906925,0.010015105,0.0045448397,0.0127148675,0.01398432,0.033667292,0.0018321588,0.8413673
pamap2,gnn_flatten_lstm,sequence,7,107,107,108,825,23242,23242,2,2,3,3,standing,standing,True,0.010975158,0.0622138,0.8442803,0.003724622,0.003043034,0.0009289696,0.009509374,0.0044092867,0.012581155,0.013559331,0.03302051,0.001754456,0.8442803
pamap2,gnn_flatten_lstm,sequence,7,107,107,108,826,23243,23243,2,2,3,3,standing,standing,True,0.011174665,0.0673641,0.8414138,0.0034849632,0.0031253234,0.0008929115,0.009302311,0.0042774817,0.012614246,0.012730056,0.031946976,0.0016731634,0.8414138
pamap2,gnn_flatten_lstm,sequence,7,107,107,108,827,23244,23244,2,2,3,3,standing,standing,True,0.011289872,0.071827546,0.8388865,0.0033112864,0.0032108019,0.0008600516,0.009195874,0.0041702134,0.012713364,0.0120674595,0.03086215,0.0016048729,0.8388865
pamap2,gnn_flatten_lstm,sequence,7,107,107,108,828,23245,23245,2,2,3,3,standing,standing,True,0.011288121,0.075503014,0.83714575,0.0031511865,0.0032792853,0.00082685065,0.009059778,0.0040568523,0.012840384,0.011485522,0.029825618,0.001537737,0.83714575
pamap2,gnn_flatten_lstm,sequence,7,107,107,108,829,23246,23246,2,2,3,3,standing,standing,True,0.011297144,0.07889046,0.83551615,0.0030225029,0.0033398292,0.0007951968,0.008860632,0.003971889,0.012997831,0.010981753,0.028847601,0.0014790582,0.83551615
pamap2,gnn_flatten_lstm,sequence,7,107,107,108,830,23247,23247,2,2,3,3,standing,standing,True,0.01130228,0.08287137,0.83364815,0.0028795823,0.0033929646,0.00075851154,0.008595263,0.0038584329,0.013086751,0.010404833,0.027791332,0.0014105306,0.83364815
pamap2,gnn_flatten_lstm,sequence,7,107,107,108,831,23248,23248,2,2,3,3,standing,standing,True,0.011429337,0.08749934,0.83055294,0.0027890434,0.0034675894,0.00072941417,0.008357334,0.0037840768,0.013150853,0.009917417,0.026957193,0.0013655337,0.83055294
pamap2,gnn_flatten_lstm,sequence,7,107,107,108,832,23249,23249,2,2,3,3,standing,standing,True,0.011648574,0.09303204,0.8260848,0.0027275842,0.0035613528,0.00070763397,0.008161804,0.0037204989,0.013126297,0.009497312,0.026395764,0.0013363207,0.8260848
pamap2,gnn_flatten_lstm,sequence,7,107,107,108,833,23250,23250,2,2,3,3,standing,standing,True,0.012003846,0.10094228,0.8190222,0.0026945916,0.0036812616,0.00068946386,0.007991542,0.0036769842,0.012917231,0.009056655,0.026004978,0.0013188957,0.8190222
pamap2,gnn_flatten_lstm,sequence,7,107,107,108,834,23251,23251,2,2,3,3,standing,standing,True,0.012332576,0.112765245,0.80952054,0.0025854367,0.0037474264,0.00065729156,0.007626806,0.0035353126,0.012307033,0.008346047,0.025309648,0.0012666377,0.80952054
pamap2,gnn_flatten_lstm,sequence,7,107,107,108,835,23252,23252,2,2,3,3,standing,standing,True,0.012594275,0.123122245,0.80060273,0.0024975708,0.0038098735,0.00063523516,0.007335318,0.0034528526,0.011953549,0.007853475,0.024920715,0.0012222661,0.80060273
pamap2,gnn_flatten_lstm,sequence,7,107,107,108,836,23253,23253,2,2,3,3,standing,standing,True,0.012834049,0.12857586,0.7950112,0.0024888257,0.0039020116,0.0006345582,0.007295676,0.0034808796,0.012002188,0.0077219396,0.024832252,0.0012204833,0.7950112
pamap2,gnn_flatten_lstm,sequence,7,107,107,108,837,23254,23254,2,2,3,3,standing,standing,True,0.013110671,0.13703059,0.7868462,0.0024732146,0.004004175,0.00062838197,0.0071996376,0.003477794,0.011877795,0.0074681626,0.024676217,0.0012071524,0.7868462
pamap2,gnn_flatten_lstm,sequence,7,107,107,108,838,23255,23255,2,2,3,3,standing,standing,True,0.013225939,0.14564748,0.7794186,0.0024086314,0.0040427973,0.00061316654,0.007004302,0.003404943,0.01157981,0.0071269693,0.02435948,0.0011678592,0.7794186
pamap2,gnn_flatten_lstm,sequence,7,107,107,108,839,23256,23256,2,2,3,3,standing,standing,True,0.013236023,0.15134689,0.77474254,0.002362063,0.0040525603,0.0005999191,0.0068527977,0.003344174,0.011347097,0.0068925424,0.024087446,0.0011360041,0.77474254
pamap2,gnn_flatten_lstm,sequence,7,107,107,108,840,23257,23257,2,2,3,3,standing,standing,True,0.0134975305,0.15598808,0.7698502,0.0023989908,0.004118888,0.0006001328,0.0068210466,0.0033917418,0.011305466,0.0068234312,0.024056751,0.0011477715,0.7698502
pamap2,gnn_flatten_lstm,sequence,7,107,107,108,841,23258,23258,2,2,3,3,standing,standing,True,0.013851091,0.16345339,0.76178217,0.002440855,0.0042469855,0.0006062302,0.0068647307,0.0034599144,0.011300988,0.006734106,0.024094414,0.0011652431,0.76178217
pamap2,gnn_flatten_lstm,sequence,7,107,107,108,842,23259,23259,2,2,3,3,standing,standing,True,0.013993265,0.16865554,0.75753325,0.0024297824,0.0042392993,0.00059102813,0.0066725574,0.003431487,0.011075973,0.0065128426,0.023719624,0.0011453795,0.75753325
pamap2,gnn_flatten_lstm,sequence,7,107,107,108,843,23260,23260,2,2,3,3,standing,standing,True,0.013672777,0.16378574,0.7646072,0.0024093688,0.004021835,0.0005657521,0.0064076367,0.003305381,0.0106155295,0.0063229194,0.023179388,0.0011065259,0.7646072
pamap2,gnn_flatten_lstm,sequence,7,107,107,108,844,23261,23261,2,2,3,3,standing,standing,True,0.013124653,0.1541112,0.77533334,0.002400462,0.0038385112,0.00056044676,0.006426951,0.0032051017,0.010397749,0.006385115,0.023125455,0.0010909855,0.77533334
pamap2,gnn_flatten_lstm,sequence,7,107,107,108,845,23262,23262,2,2,3,3,standing,standing,True,0.012974673,0.14660454,0.78110445,0.002447604,0.003834761,0.00058998563,0.0067756465,0.0032418838,0.010592594,0.0067647384,0.0239295,0.0011395118,0.78110445
pamap2,gnn_flatten_lstm,sequence,7,107,107,108,846,23263,23263,2,2,3,3,standing,standing,True,0.013063183,0.14264348,0.78396475,0.0024991077,0.0038502722,0.0006015743,0.0068762745,0.0033161866,0.010845541,0.006970951,0.024199724,0.001168849,0.78396475
pamap2,gnn_flatten_lstm,sequence,7,107,107,108,847,23264,23264,2,2,3,3,standing,standing,True,0.012835823,0.13781646,0.78927404,0.0024662272,0.0037742257,0.0005968282,0.006822335,0.0032721066,0.0108733205,0.0070100403,0.024112027,0.0011465905,0.78927404
pamap2,gnn_flatten_lstm,sequence,7,107,107,108,848,23265,23265,2,2,3,3,standing,standing,True,0.012253679,0.12622853,0.80015326,0.0024283873,0.0036628668,0.0006265599,0.0072956174,0.0031548273,0.010825917,0.0074190707,0.02480351,0.0011478161,0.80015326
pamap2,gnn_flatten_lstm,sequence,7,107,107,108,849,23266,23266,2,2,3,3,standing,standing,True,0.011619016,0.113436,0.8125576,0.0024052963,0.0034880205,0.0006453962,0.0075902143,0.003061286,0.0108040385,0.007851853,0.025393495,0.0011478919,0.8125576
pamap2,gnn_flatten_lstm,sequence,7,107,107,108,850,23267,23267,2,2,3,3,standing,standing,True,0.011335861,0.10342098,0.82171154,0.0024431483,0.003358847,0.00065312086,0.007537475,0.0031116828,0.011061524,0.008291338,0.025903689,0.0011707438,0.82171154
pamap2,gnn_flatten_lstm,sequence,7,107,107,108,851,23268,23268,2,2,3,3,standing,standing,True,0.011178951,0.09876045,0.8263266,0.002409929,0.003283126,0.00065413676,0.0074089942,0.0031550822,0.011373575,0.0084733125,0.025811369,0.0011645379,0.8263266
pamap2,gnn_flatten_lstm,sequence,7,107,107,108,852,23269,23269,2,2,3,3,standing,standing,True,0.011181333,0.0983348,0.82672495,0.00237612,0.0032954668,0.0006551397,0.007358691,0.0032141164,0.011707095,0.008496276,0.025494257,0.0011616499,0.82672495
pamap2,gnn_flatten_lstm,sequence,7,107,107,108,853,23270,23270,2,2,3,3,standing,standing,True,0.011595456,0.104918234,0.8200686,0.002379352,0.0034209252,0.00064859743,0.0072745807,0.0032827181,0.011810181,0.008285503,0.025142724,0.0011730494,0.8200686
pamap2,gnn_flatten_lstm,sequence,7,107,107,108,854,23271,23271,2,2,3,3,standing,standing,True,0.012030831,0.11351369,0.8117911,0.0023741731,0.0035487057,0.0006351028,0.007120007,0.0033297625,0.011812809,0.007969785,0.024698937,0.00117512,0.8117911
pamap2,gnn_flatten_lstm,sequence,7,107,107,108,855,23272,23272,2,2,3,3,standing,standing,True,0.011953143,0.11745652,0.8094762,0.0022723384,0.0035335342,0.0006106014,0.006841713,0.0032561356,0.011770902,0.007627694,0.024079282,0.0011218353,0.8094762
pamap2,gnn_flatten_lstm,sequence,7,107,107,108,856,23273,23273,2,2,3,3,standing,standing,True,0.012245753,0.11968856,0.8051606,0.002362018,0.0036993662,0.0006366128,0.0070354845,0.0033964228,0.01219547,0.007824459,0.024590963,0.0011643315,0.8051606
pamap2,gnn_flatten_lstm,sequence,7,107,107,108,857,23274,23274,2,2,3,3,standing,standing,True,0.0128933275,0.11709624,0.80482346,0.0026084797,0.0037742723,0.0006708624,0.007209397,0.0036210353,0.012279958,0.0082716625,0.025478533,0.0012727465,0.80482346
pamap2,gnn_flatten_lstm,sequence,7,107,107,108,858,23275,23275,2,2,3,3,standing,standing,True,0.013198633,0.10587452,0.814577,0.0028255451,0.003614539,0.0006674636,0.0071386383,0.0037058247,0.011937374,0.008815878,0.026267238,0.0013773824,0.814577
pamap2,gnn_flatten_lstm,sequence,7,107,107,108,859,23276,23276,2,2,3,3,standing,standing,True,0.012890023,0.10079914,0.8190764,0.0028473914,0.003558216,0.00066708535,0.007213566,0.0036472508,0.011812446,0.009084546,0.02701746,0.0013863962,0.8190764
pamap2,gnn_flatten_lstm,sequence,7,107,107,108,860,23277,23277,2,2,3,3,standing,standing,True,0.012799635,0.10543311,0.8174792,0.002692723,0.0034704881,0.0006351537,0.0067038047,0.0035724856,0.011638045,0.008465534,0.025810255,0.0012996942,0.8174792
pamap2,gnn_flatten_lstm,sequence,7,107,107,108,861,23278,23278,2,2,3,3,standing,standing,True,0.013178827,0.11579556,0.8069685,0.002636531,0.0036465758,0.00064320205,0.006799611,0.003640615,0.011815036,0.00816473,0.02543017,0.001280701,0.8069685
pamap2,gnn_flatten_lstm,sequence,7,107,107,108,862,23279,23279,2,2,3,3,standing,standing,True,0.013893282,0.12824138,0.79279774,0.0026841005,0.003943847,0.00066016556,0.006982231,0.0038102511,0.01218594,0.008026832,0.025470251,0.0013039953,0.79279774
pamap2,gnn_flatten_lstm,sequence,7,107,107,108,863,23280,23280,2,2,3,3,standing,standing,True,0.0144158285,0.13641733,0.7842334,0.0027389026,0.0041158446,0.00065249647,0.006923984,0.003950227,0.012448512,0.0078093084,0.02498175,0.0013124141,0.7842334
pamap2,gnn_flatten_lstm,sequence,7,107,107,108,864,23281,23281,2,2,3,3,standing,standing,True,0.014195787,0.13832283,0.784019,0.0026673095,0.0041065575,0.0006222359,0.006713553,0.0039014765,0.012552394,0.0075112623,0.024134632,0.0012530122,0.784019
pamap2,gnn_flatten_lstm,sequence,7,107,107,108,865,23282,23282,2,2,3,3,standing,standing,True,0.013699893,0.13596079,0.78759736,0.0025863003,0.004079635,0.00060158,0.006610616,0.0038218813,0.012802731,0.007411815,0.023631569,0.0011958412,0.78759736
pamap2,gnn_flatten_lstm,sequence,7,107,107,108,866,23283,23283,2,2,3,3,standing,standing,True,0.013483179,0.12805194,0.7960681,0.0026162176,0.0039576655,0.0005841678,0.0064743175,0.0038192412,0.012935873,0.007523398,0.023291657,0.0011942923,0.7960681
pamap2,gnn_flatten_lstm,sequence,7,107,107,108,867,23284,23284,2,2,3,3,standing,standing,True,0.013682514,0.12802568,0.7959518,0.0026814241,0.0039769304,0.00057403644,0.0064400737,0.0038659596,0.012949978,0.0075134933,0.02312731,0.0012107884,0.7959518
pamap2,gnn_flatten_lstm,sequence,7,107,107,108,868,23285,23285,2,2,3,3,standing,standing,True,0.013422912,0.13897671,0.7887891,0.0024675755,0.0038609756,0.00053457334,0.0060177166,0.0035111862,0.011893339,0.0068016713,0.022618262,0.0011059332,0.7887891
pamap2,gnn_flatten_lstm,sequence,7,107,107,108,869,23286,23286,2,2,3,3,standing,standing,True,0.013373351,0.14497678,0.7866381,0.0023612345,0.0036540367,0.0004903288,0.0054605715,0.0032675734,0.010957987,0.006162307,0.021620492,0.0010372661,0.7866381
pamap2,gnn_flatten_lstm,sequence,7,107,107,108,870,23287,23287,2,2,3,3,standing,standing,True,0.013141526,0.13981599,0.793261,0.0023237264,0.0035144957,0.00046924787,0.005283899,0.0031810952,0.010795347,0.006056813,0.021148395,0.0010085228,0.793261
pamap2,gnn_flatten_lstm,sequence,7,107,107,108,871,23288,23288,2,2,3,3,standing,standing,True,0.012278826,0.1316687,0.80325985,0.002163704,0.003330129,0.0004568496,0.0052365605,0.0029735016,0.010630488,0.006045983,0.021009257,0.00094617886,0.80325985
pamap2,gnn_flatten_lstm,sequence,7,107,107,108,872,23289,23289,2,2,3,3,standing,standing,True,0.011791213,0.12722072,0.80789346,0.0020707212,0.003265934,0.00046671057,0.0052978825,0.0028889824,0.010736063,0.0061585316,0.021289704,0.000919988,0.80789346
pamap2,gnn_flatten_lstm,sequence,7,107,107,108,873,23290,23290,2,2,3,3,standing,standing,True,0.011496561,0.123884164,0.81098044,0.002017387,0.0032379453,0.00047950028,0.005368118,0.002851719,0.010879163,0.0062895757,0.0216088,0.00090656953,0.81098044
pamap2,gnn_flatten_lstm,sequence,7,107,107,108,874,23291,23291,2,2,3,3,standing,standing,True,0.011397294,0.12246674,0.8118752,0.0019993186,0.0032430608,0.00049201195,0.005433244,0.0028542338,0.011013537,0.0064121853,0.021904794,0.0009083964,0.8118752
pamap2,gnn_flatten_lstm,sequence,7,107,107,108,875,23292,23292,2,2,3,3,standing,standing,True,0.011090232,0.12116305,0.81449217,0.0019148472,0.0031520552,0.0004810068,0.0052978257,0.0027657272,0.010899723,0.00630267,0.021568611,0.00087213406,0.81449217
pamap2,gnn_flatten_lstm,sequence,7,107,107,108,876,23293,23293,2,2,3,3,standing,standing,True,0.0111244675,0.1256542,0.8103382,0.0018916355,0.0031860035,0.00047864075,0.0052694245,0.0027486724,0.01078927,0.0061761136,0.02148333,0.00086001103,0.8103382
pamap2,gnn_flatten_lstm,sequence,7,107,107,108,877,23294,23294,2,2,3,3,standing,standing,True,0.011397919,0.13137041,0.8037086,0.0019342304,0.003300304,0.0004903696,0.005372422,0.0028136622,0.010828864,0.006174498,0.021729434,0.00087931263,0.8037086
pamap2,gnn_flatten_lstm,sequence,7,107,107,108,878,23295,23295,2,2,3,3,standing,standing,True,0.011133246,0.13099365,0.8056441,0.0018640908,0.003206298,0.00047410603,0.005218333,0.0027233164,0.010641841,0.006009121,0.021247555,0.000844329,0.8056441
pamap2,gnn_flatten_lstm,sequence,7,107,107,108,879,23296,23296,2,2,3,3,standing,standing,True,0.011476849,0.13510448,0.80062014,0.0019410963,0.003298161,0.00048042196,0.0053062006,0.0028128782,0.010630813,0.0060350634,0.021417089,0.00087688444,0.80062014
pamap2,gnn_flatten_lstm,sequence,7,107,107,108,880,23297,23297,2,2,3,3,standing,standing,True,0.012304169,0.13682656,0.7959017,0.0021692107,0.003480759,0.00050390203,0.005591873,0.0030610606,0.010843201,0.0063200733,0.022020206,0.0009772598,0.7959017
pamap2,gnn_flatten_lstm,sequence,7,107,107,108,881,23298,23298,2,2,3,3,standing,standing,True,0.012713658,0.13863333,0.7930551,0.0022720888,0.0035680896,0.00050720706,0.0056870873,0.0031568033,0.010895973,0.006368173,0.022125386,0.0010170474,0.7930551
pamap2,gnn_flatten_lstm,sequence,7,107,107,108,882,23299,23299,2,2,3,3,standing,standing,True,0.012499626,0.13473642,0.7973722,0.0022613897,0.0035059992,0.00050144235,0.005656661,0.003110983,0.010858673,0.006391549,0.022097332,0.001007661,0.7973722
pamap2,gnn_flatten_lstm,sequence,7,107,107,108,883,23300,23300,2,2,3,3,standing,standing,True,0.012021425,0.13338804,0.8003572,0.002142356,0.003402449,0.0004896642,0.005563764,0.002960716,0.010602809,0.0062394417,0.021880444,0.00095159805,0.8003572
pamap2,gnn_flatten_lstm,sequence,7,107,107,108,884,23301,23301,2,2,3,3,standing,standing,True,0.01149755,0.12900046,0.80657333,0.0020421373,0.0032429402,0.00047738897,0.005413768,0.0028261535,0.010364773,0.006123835,0.021536652,0.0009009494,0.80657333
pamap2,gnn_flatten_lstm,sequence,7,107,107,108,885,23302,23302,2,2,3,3,standing,standing,True,0.010992752,0.11642186,0.81995374,0.0020274578,0.0030427559,0.0004773051,0.005277424,0.0027565984,0.010308468,0.0062940046,0.02156169,0.0008859111,0.81995374
pamap2,gnn_flatten_lstm,sequence,7,107,107,108,886,23303,23303,2,2,3,3,standing,standing,True,0.010531424,0.089987084,0.83984846,0.002301121,0.0029775624,0.00057182985,0.0062333536,0.0028687527,0.010737636,0.007991745,0.02492103,0.0010300706,0.83984846
pamap2,gnn_flatten_lstm,sequence,7,107,107,108,887,23304,23304,2,2,3,3,standing,standing,True,0.011018404,0.07018562,0.840547,0.0026690208,0.0032048537,0.00086428825,0.007815878,0.0032474794,0.011779097,0.012155168,0.035129447,0.0013836909,0.840547
pamap2,gnn_flatten_lstm,sequence,7,107,107,108,888,23305,23305,2,2,3,3,standing,standing,True,0.008848277,0.049507447,0.866705,0.0021586814,0.0023766363,0.00079100265,0.0061849295,0.0027309677,0.009991342,0.012826635,0.036742687,0.0011363816,0.866705
pamap2,gnn_flatten_lstm,sequence,7,107,107,108,889,23306,23306,2,2,3,3,standing,standing,True,0.006901063,0.041619085,0.8954331,0.0017385966,0.001568413,0.00051833724,0.004271674,0.002254802,0.00829603,0.009597977,0.027019572,0.00078132155,0.8954331
pamap2,gnn_flatten_lstm,sequence,7,107,107,108,890,23307,23307,2,2,3,3,standing,standing,True,0.0075345878,0.047282998,0.89088887,0.0018965885,0.0016620099,0.0005140742,0.0043021776,0.0025863468,0.009147111,0.008967368,0.024399545,0.00081833015,0.89088887
pamap2,gnn_flatten_lstm,sequence,7,107,107,108,891,23308,23308,2,2,3,3,standing,standing,True,0.008571003,0.05718693,0.87809056,0.0020857132,0.0019977568,0.00054029346,0.0047894316,0.0029876893,0.010576001,0.008842297,0.023432842,0.00089943,0.87809056
pamap2,gnn_flatten_lstm,sequence,7,107,107,108,892,23309,23309,2,2,3,3,standing,standing,True,0.009456576,0.06533289,0.8663805,0.00222867,0.0023501492,0.0005646009,0.005259521,0.0033097581,0.011900026,0.008977922,0.02326318,0.0009762093,0.8663805
pamap2,gnn_flatten_lstm,sequence,7,107,107,108,893,23310,23310,2,2,3,3,standing,standing,True,0.009951228,0.071785085,0.85664773,0.0022985393,0.0026848463,0.0005911745,0.0057740896,0.0035041436,0.01311276,0.009168496,0.023450762,0.0010312572,0.85664773
pamap2,gnn_flatten_lstm,sequence,7,107,107,108,894,23311,23311,2,2,3,3,standing,standing,True,0.010082723,0.076525755,0.85026103,0.0022953684,0.002940798,0.0006031473,0.0061934125,0.0035883454,0.014036774,0.009186773,0.023239646,0.0010461007,0.85026103
pamap2,gnn_flatten_lstm,sequence,7,107,107,108,895,23312,23312,2,2,3,3,standing,standing,True,0.0110136205,0.086658426,0.83529794,0.002505876,0.003456679,0.00065945956,0.0070050736,0.003958888,0.015245125,0.009432101,0.023604358,0.0011624462,0.83529794
pamap2,gnn_flatten_lstm,sequence,7,107,107,108,896,23313,23313,2,2,3,3,standing,standing,True,0.0130602205,0.11008059,0.8024536,0.0030710814,0.004502825,0.00075641775,0.00821911,0.004766292,0.016491763,0.009712082,0.025498113,0.0013878667,0.8024536
pamap2,gnn_flatten_lstm,sequence,7,107,107,108,897,23314,23314,2,2,3,3,standing,standing,True,0.013205732,0.1228462,0.7938706,0.0028594472,0.004409301,0.00071486615,0.007845858,0.0042909426,0.0146442335,0.008684184,0.02531516,0.0013134158,0.7938706
pamap2,gnn_flatten_lstm,sequence,7,107,107,108,898,23315,23315,2,2,3,3,standing,standing,True,0.012314841,0.13895848,0.79074156,0.0021822008,0.0037094867,0.0005645295,0.006151932,0.0032097267,0.011510127,0.0066650487,0.022983465,0.0010086219,0.79074156
pamap2,gnn_flatten_lstm,sequence,7,107,107,108,899,23316,23316,2,2,3,3,standing,standing,True,0.012055639,0.14336318,0.7914444,0.002043889,0.0034270699,0.0004922433,0.005384642,0.0029381323,0.0105001945,0.005942457,0.021497866,0.000910263,0.7914444
pamap2,gnn_flatten_lstm,sequence,7,107,107,108,900,23317,23317,2,2,3,3,standing,standing,True,0.012274621,0.14462735,0.79039913,0.0020792254,0.0034325432,0.00048175472,0.0052761785,0.0029620442,0.010480183,0.005858586,0.021210823,0.00091755466,0.79039913
pamap2,gnn_flatten_lstm,sequence,7,107,107,108,901,23318,23318,2,2,3,3,standing,standing,True,0.012601739,0.1438642,0.7899385,0.0021537652,0.0035004965,0.00048858544,0.005393672,0.0030532863,0.010650184,0.005990029,0.021410253,0.0009553612,0.7899385
pamap2,gnn_flatten_lstm,sequence,7,107,107,108,902,23319,23319,2,2,3,3,standing,standing,True,0.01291149,0.15270221,0.7793107,0.002173208,0.0037125526,0.0005117011,0.0056474665,0.003115553,0.01079154,0.0060549113,0.022086587,0.0009821602,0.7793107
pamap2,gnn_flatten_lstm,sequence,7,107,107,108,903,23320,23320,2,2,3,3,standing,standing,True,0.012951235,0.15902598,0.7731254,0.002130284,0.003767362,0.00051462196,0.005662078,0.0030789368,0.010652334,0.0059539783,0.022167774,0.00096994726,0.7731254
pamap2,gnn_flatten_lstm,sequence,7,107,107,108,904,23321,23321,2,2,3,3,standing,standing,True,0.013083829,0.15371872,0.77932376,0.0021685455,0.0036359483,0.00049562746,0.0054371874,0.0030996457,0.0105602,0.0059119794,0.021587789,0.0009767491,0.77932376
pamap2,gnn_flatten_lstm,sequence,7,107,107,108,905,23322,23322,2,2,3,3,standing,standing,True,0.013430916,0.14270827,0.79056835,0.0022816558,0.00347737,0.00047931168,0.0052173752,0.0032122799,0.010691005,0.0059909364,0.020935073,0.0010074172,0.79056835
pamap2,gnn_flatten_lstm,sequence,7,107,107,108,906,23323,23323,2,2,3,3,standing,standing,True,0.013279791,0.13422099,0.80056196,0.0022555748,0.0033020598,0.00045299373,0.0049832803,0.0031691943,0.0107131675,0.005913124,0.020166008,0.0009818502,0.80056196
pamap2,gnn_flatten_lstm,sequence,7,107,107,108,907,23324,23324,2,2,3,3,standing,standing,True,0.012765569,0.13143475,0.8051997,0.0021198916,0.0031942148,0.00043354597,0.004832209,0.0030075174,0.010656933,0.0057407,0.019695515,0.0009195404,0.8051997
pamap2,gnn_flatten_lstm,sequence,7,107,107,108,908,23325,23325,2,2,3,3,standing,standing,True,0.012294003,0.12650548,0.8114379,0.0020122016,0.003078499,0.00042357534,0.0047269855,0.0028851728,0.010692828,0.0056866873,0.01938019,0.0008764156,0.8114379
pamap2,gnn_flatten_lstm,sequence,7,107,107,108,909,23326,23326,2,2,3,3,standing,standing,True,0.01222817,0.12765202,0.81052256,0.0019773925,0.0030915432,0.0004216559,0.0047410666,0.002831135,0.010636722,0.005635856,0.019398335,0.00086352316,0.81052256
pamap2,gnn_flatten_lstm,sequence,7,107,107,108,910,23327,23327,2,2,3,3,standing,standing,True,0.011828575,0.12269259,0.8157507,0.001964293,0.0030320885,0.00042239804,0.004797893,0.002756941,0.010520303,0.0057338905,0.019643042,0.00085731724,0.8157507
pamap2,gnn_flatten_lstm,sequence,7,107,107,108,911,23328,23328,2,2,3,3,standing,standing,True,0.012262842,0.12948856,0.8071524,0.002013262,0.0032032884,0.00044306295,0.004954849,0.0028808846,0.010815493,0.0058078202,0.020091332,0.0008862412,0.8071524
pamap2,gnn_flatten_lstm,sequence,7,107,107,108,912,23329,23329,2,2,3,3,standing,standing,True,0.011924719,0.121113665,0.8171756,0.0019672401,0.0030110457,0.0004268415,0.004740981,0.002813324,0.010778497,0.0057596657,0.019431982,0.00085643394,0.8171756
pamap2,gnn_flatten_lstm,sequence,7,107,107,108,913,23330,23330,2,2,3,3,standing,standing,True,0.010661589,0.10775734,0.8353642,0.0017502364,0.0026238114,0.00037817762,0.004244873,0.0024979964,0.010361404,0.005454518,0.018160783,0.0007450986,0.8353642
pamap2,gnn_flatten_lstm,sequence,7,107,107,108,914,23331,23331,2,2,3,3,standing,standing,True,0.009991788,0.11246499,0.83225214,0.0015492603,0.0026005125,0.00037599824,0.0041879322,0.0022920857,0.01020742,0.0052231993,0.01818322,0.00067145284,0.83225214
pamap2,gnn_flatten_lstm,sequence,7,107,107,108,915,23332,23332,2,2,3,3,standing,standing,True,0.01027642,0.12261403,0.82034713,0.0015693972,0.002782522,0.00040730965,0.004398648,0.0023610364,0.010307535,0.0052754893,0.018970203,0.0006903636,0.82034713
pamap2,gnn_flatten_lstm,sequence,7,107,107,108,916,23333,23333,2,2,3,3,standing,standing,True,0.010593649,0.13228366,0.8093668,0.0016142651,0.0029516856,0.00042642193,0.0045830575,0.00244277,0.010294749,0.0052715368,0.019460041,0.0007113613,0.8093668
pamap2,gnn_flatten_lstm,sequence,7,107,107,108,917,23334,23334,2,2,3,3,standing,standing,True,0.010782843,0.13617902,0.80500245,0.0016491621,0.0030230663,0.00042942486,0.0046186377,0.0025077115,0.010342486,0.005260957,0.019480336,0.00072383054,0.80500245
pamap2,gnn_flatten_lstm,sequence,7,107,107,108,918,23335,23335,2,2,3,3,standing,standing,True,0.011157485,0.13848877,0.80103314,0.001740576,0.0031419687,0.00044369177,0.0047606467,0.0026345379,0.010528176,0.0054187174,0.019886449,0.0007657264,0.80103314
pamap2,gnn_flatten_lstm,sequence,7,107,107,108,919,23336,23336,2,2,3,3,standing,standing,True,0.011359042,0.13822149,0.80123043,0.0017953659,0.0031326883,0.0004363663,0.0046931966,0.002672642,0.010396238,0.0054312414,0.019849706,0.0007815529,0.80123043
pamap2,gnn_flatten_lstm,sequence,7,107,107,108,920,23337,23337,2,2,3,3,standing,standing,True,0.011414188,0.14426473,0.79676354,0.0017692124,0.0031028443,0.0004143396,0.0044318493,0.0026059735,0.010041291,0.0051272814,0.01931117,0.00075354404,0.79676354
pamap2,gnn_flatten_lstm,sequence,7,107,107,108,921,23338,23338,2,2,3,3,standing,standing,True,0.010852564,0.13944267,0.80350083,0.0016515343,0.002952694,0.00039819116,0.004270336,0.0024603764,0.00987773,0.005008607,0.01888543,0.00069910893,0.80350083
pamap2,gnn_flatten_lstm,sequence,7,107,107,108,922,23339,23339,2,2,3,3,standing,standing,True,0.010752599,0.14202279,0.80123407,0.0016515818,0.002978591,0.00039150656,0.004332248,0.0024332518,0.009679106,0.0049535288,0.01888015,0.00069053826,0.80123407
pamap2,gnn_flatten_lstm,sequence,7,107,107,108,923,23340,23340,2,2,3,3,standing,standing,True,0.011499944,0.15622786,0.78467095,0.001793479,0.0032585133,0.0004112954,0.004603813,0.002599736,0.009666323,0.004993852,0.019528609,0.00074554567,0.78467095
pamap2,gnn_flatten_lstm,sequence,7,107,107,108,924,23341,23341,2,2,3,3,standing,standing,True,0.011293898,0.15236895,0.7885815,0.0017754365,0.0032181118,0.00041507412,0.004648271,0.0025655725,0.009698173,0.0050566336,0.019637583,0.0007408422,0.7885815
pamap2,gnn_flatten_lstm,sequence,7,107,107,108,925,23342,23342,2,2,3,3,standing,standing,True,0.010937852,0.14048204,0.8002453,0.001764195,0.0031113639,0.00042230793,0.0047204588,0.0025192157,0.009788268,0.005294408,0.01996958,0.00074505986,0.8002453
pamap2,gnn_flatten_lstm,sequence,7,107,107,108,926,23343,23343,2,2,3,3,standing,standing,True,0.010369253,0.12744662,0.813508,0.0017335698,0.0029585802,0.0004261993,0.0047640847,0.002440397,0.009821734,0.0055356296,0.020255975,0.000739989,0.813508
pamap2,gnn_flatten_lstm,sequence,7,107,107,108,927,23344,23344,2,2,3,3,standing,standing,True,0.010429191,0.12408259,0.8165838,0.0017588112,0.0029170304,0.00043170303,0.0046751495,0.0025032624,0.010028077,0.0056174975,0.020221826,0.00075100455,0.8165838
pamap2,gnn_flatten_lstm,sequence,7,107,107,108,928,23345,23345,2,2,3,3,standing,standing,True,0.010511601,0.12329073,0.8161296,0.0018492392,0.0029842872,0.0004528805,0.004664263,0.0025948803,0.010455523,0.0057374155,0.02056241,0.0007671871,0.8161296
pamap2,gnn_flatten_lstm,sequence,7,107,107,108,929,23346,23346,2,2,3,3,standing,standing,True,0.0103882905,0.121178366,0.8158472,0.0020042984,0.003086813,0.0005000094,0.004918822,0.002692044,0.010815339,0.006066349,0.021691334,0.0008111039,0.8158472
pamap2,gnn_flatten_lstm,sequence,7,107,107,108,930,23347,23347,2,2,3,3,standing,standing,True,0.009017269,0.09768663,0.8430456,0.0018615756,0.0025662663,0.0004670697,0.0048070205,0.0024314735,0.0100494,0.0062364466,0.021062728,0.0007683762,0.8430456
pamap2,gnn_flatten_lstm,sequence,7,107,107,108,931,23348,23348,2,2,3,3,standing,standing,True,0.009039105,0.087032296,0.84928674,0.0020411203,0.0025614423,0.00052349165,0.0054140417,0.0026166858,0.010433536,0.007210415,0.022960246,0.0008808201,0.84928674
pamap2,gnn_flatten_lstm,sequence,7,107,107,108,932,23349,23349,2,2,3,3,standing,standing,True,0.009771811,0.08509232,0.84405416,0.002355636,0.0028036917,0.00060924713,0.006364972,0.0029871995,0.011104955,0.008333761,0.025456151,0.001066064,0.84405416
pamap2,gnn_flatten_lstm,sequence,7,107,107,108,933,23350,23350,2,2,3,3,standing,standing,True,0.010601069,0.0844956,0.8374295,0.0026899432,0.003084872,0.0006981601,0.007365715,0.0034050313,0.011901428,0.009463374,0.02759996,0.0012653257,0.8374295
pamap2,gnn_flatten_lstm,sequence,7,107,107,108,934,23351,23351,2,2,3,3,standing,standing,True,0.011507131,0.08581981,0.829328,0.0030378853,0.0034031216,0.0007820513,0.008367201,0.0038369829,0.012672634,0.01045956,0.029314278,0.0014714019,0.829328
pamap2,gnn_flatten_lstm,sequence,7,107,107,108,935,23352,23352,2,2,3,3,standing,standing,True,0.012125273,0.08729262,0.8237845,0.003272204,0.0036164804,0.00083453645,0.009040253,0.0041191597,0.013079069,0.010996165,0.030224772,0.0016150102,0.8237845
pamap2,gnn_flatten_lstm,sequence,7,107,107,108,936,23353,23353,2,2,3,3,standing,standing,True,0.012448381,0.08819414,0.82066566,0.003391385,0.003737247,0.00086695387,0.009398682,0.0042733974,0.01334256,0.011263327,0.030724684,0.0016935003,0.82066566
pamap2,gnn_flatten_lstm,sequence,7,107,107,108,937,23354,23354,2,2,3,3,standing,standing,True,0.012636599,0.08708091,0.81834775,0.0035551523,0.0038703983,0.0009333776,0.009885689,0.0045225034,0.013933134,0.011851881,0.031590987,0.0017914812,0.81834775
pamap2,gnn_flatten_lstm,sequence,7,107,107,108,938,23355,23355,2,2,3,3,standing,standing,True,0.012599052,0.085819155,0.82033455,0.003550184,0.0037940294,0.0009364681,0.009649784,0.0045549283,0.013872253,0.011783236,0.03132878,0.0017776968,0.82033455
pamap2,gnn_flatten_lstm,sequence,7,107,107,108,939,23356,23356,2,2,3,3,standing,standing,True,0.012932504,0.08905619,0.8182474,0.0035391778,0.003804452,0.0009267593,0.009411267,0.0045777746,0.013624671,0.011384272,0.03072497,0.0017705342,0.8182474
pamap2,gnn_flatten_lstm,sequence,7,107,107,108,940,23357,23357,2,2,3,3,standing,standing,True,0.013013191,0.09414551,0.81573796,0.003411451,0.0038053894,0.00089699903,0.009025315,0.0044487095,0.013309389,0.010697465,0.029816017,0.0016925816,0.81573796
pamap2,gnn_flatten_lstm,sequence,7,107,107,108,941,23358,23358,2,2,3,3,standing,standing,True,0.012968885,0.09868968,0.8135423,0.0033021742,0.0038004057,0.0008615177,0.008662632,0.004329517,0.013022828,0.0101137,0.029091638,0.0016147741,0.8135423
pamap2,gnn_flatten_lstm,sequence,7,107,107,108,942,23359,23359,2,2,3,3,standing,standing,True,0.0128532015,0.10114378,0.8126999,0.0032127686,0.0037769463,0.000841162,0.008449634,0.0042285477,0.012843005,0.009771022,0.028619964,0.0015600949,0.8126999
pamap2,gnn_flatten_lstm,sequence,7,107,107,108,943,23360,23360,2,2,3,3,standing,standing,True,0.01271356,0.10210989,0.8129038,0.0031494263,0.003741308,0.000827915,0.008296341,0.004144058,0.012695245,0.009558235,0.028342597,0.0015176189,0.8129038
pamap2,gnn_flatten_lstm,sequence,7,107,107,108,944,23361,23361,2,2,3,3,standing,standing,True,0.0125921825,0.10165462,0.81408393,0.0031148999,0.003697952,0.0008173998,0.008190096,0.0040910007,0.012592315,0.009469015,0.028205028,0.0014915196,0.81408393
pamap2,gnn_flatten_lstm,sequence,7,107,107,108,945,23362,23362,2,2,3,3,standing,standing,True,0.012375146,0.10025944,0.8163439,0.0030579108,0.0036358293,0.0008043781,0.0081091,0.0040116664,0.012492479,0.00940255,0.0280495,0.0014579692,0.8163439
pamap2,gnn_flatten_lstm,sequence,7,107,107,108,946,23363,23363,2,2,3,3,standing,standing,True,0.012183781,0.098293446,0.81926936,0.002996871,0.0035612914,0.00078573043,0.007982447,0.0039321217,0.012425638,0.009347689,0.027797014,0.0014246022,0.81926936
pamap2,gnn_flatten_lstm,sequence,7,107,107,108,947,23364,23364,2,2,3,3,standing,standing,True,0.011834342,0.09079639,0.8277574,0.0029948468,0.0033575192,0.00076174777,0.007830893,0.0038372274,0.012202998,0.009530161,0.027690053,0.0014064516,0.8277574
pamap2,gnn_flatten_lstm,sequence,7,107,107,108,948,23365,23365,2,2,3,3,standing,standing,True,0.011834271,0.08361513,0.83225,0.0031932543,0.003301753,0.00079052424,0.008108175,0.0039631883,0.012306897,0.010257665,0.028880736,0.0014984392,0.83225
pamap2,gnn_flatten_lstm,sequence,7,107,107,108,949,23366,23366,2,2,3,3,standing,standing,True,0.011850187,0.073423214,0.83703923,0.0035359196,0.0032422475,0.00085763575,0.008572544,0.004234639,0.0125745395,0.011697443,0.03129948,0.001672887,0.83703923
pamap2,gnn_flatten_lstm,sequence,7,107,107,108,950,23367,23367,2,2,3,3,standing,standing,True,0.011704517,0.064763896,0.84061253,0.0037989053,0.003167911,0.0009249811,0.009084483,0.004431073,0.012713458,0.01323498,0.03374096,0.0018222464,0.84061253
pamap2,gnn_flatten_lstm,sequence,7,107,107,108,951,23368,23368,2,2,3,3,standing,standing,True,0.011198016,0.060926374,0.84580195,0.0036709227,0.0029908938,0.00091050804,0.008959172,0.0042941957,0.012398171,0.0133703975,0.033717744,0.0017616941,0.84580195
pamap2,gnn_flatten_lstm,sequence,7,107,107,108,952,23369,23369,2,2,3,3,standing,standing,True,0.011150993,0.060410384,0.8466111,0.0036417793,0.0029714024,0.0009021798,0.008932764,0.004327961,0.012523662,0.013432846,0.03334517,0.0017497718,0.8466111
pamap2,gnn_flatten_lstm,sequence,7,107,107,108,953,23370,23370,2,2,3,3,standing,standing,True,0.011398774,0.060950335,0.8459385,0.003679016,0.00300209,0.0008930959,0.008833087,0.004453784,0.012795058,0.013426476,0.03285792,0.0017718573,0.8459385
pamap2,gnn_flatten_lstm,sequence,7,107,107,108,954,23371,23371,2,2,3,3,standing,standing,True,0.011699138,0.06339089,0.8427076,0.0036717409,0.0031137718,0.0009001722,0.00892285,0.004547964,0.013154673,0.013387736,0.032709967,0.0017934444,0.8427076
pamap2,gnn_flatten_lstm,sequence,7,107,107,108,955,23372,23372,2,2,3,3,standing,standing,True,0.0114900805,0.064310595,0.831451,0.003801403,0.003572232,0.0010589035,0.01227643,0.0044548525,0.013229935,0.015537971,0.036862932,0.0019537355,0.831451
pamap2,gnn_flatten_lstm,sequence,7,107,107,108,956,23373,23373,2,2,3,3,standing,standing,True,0.013999631,0.072221234,0.7812635,0.004555596,0.0048796823,0.0018159584,0.023611099,0.0050716503,0.013132991,0.025847267,0.050953496,0.0026478656,0.7812635
pamap2,gnn_flatten_lstm,sequence,7,107,107,108,957,23374,23374,2,2,3,3,standing,standing,True,0.024405612,0.07585281,0.64290595,0.01056026,0.009232836,0.0042917617,0.051932324,0.014769178,0.021458205,0.06146794,0.075505674,0.0076173292,0.64290595
pamap2,gnn_flatten_lstm,sequence,7,107,107,108,958,23375,23375,2,2,3,3,standing,standing,True,0.054728735,0.06746151,0.26124913,0.035955217,0.02621671,0.0125008775,0.10867204,0.09092393,0.0446782,0.16934414,0.0910877,0.03718181,0.26124913
pamap2,gnn_flatten_lstm,sequence,7,107,107,108,959,23376,23376,2,9,3,16,standing,vacuum_cleaning,False,0.05841814,0.05322195,0.11342492,0.04817192,0.034558047,0.015345644,0.092309155,0.19276406,0.05653023,0.20801522,0.067480505,0.059760146,0.20801522
pamap2,gnn_flatten_lstm,sequence,7,107,107,108,960,23377,23377,2,9,3,16,standing,vacuum_cleaning,False,0.057633713,0.06866107,0.1442558,0.0454876,0.039990496,0.015491239,0.10037221,0.17688128,0.054253813,0.17730805,0.07052648,0.049138244,0.17730805
pamap2,gnn_flatten_lstm,sequence,7,107,107,108,961,23378,23378,2,2,3,3,standing,standing,True,0.056783225,0.084138334,0.17775007,0.04664842,0.043183267,0.0145733245,0.10085437,0.15537046,0.052406263,0.15381408,0.074695684,0.0397825,0.17775007
pamap2,gnn_flatten_lstm,sequence,7,107,107,108,962,23379,23379,2,2,3,3,standing,standing,True,0.056832444,0.10419787,0.21432152,0.052586455,0.04138104,0.013491145,0.081438534,0.15585952,0.05416014,0.12385922,0.064974986,0.036897223,0.21432152
pamap2,gnn_flatten_lstm,sequence,7,107,107,108,963,23380,23380,2,2,3,3,standing,standing,True,0.05720599,0.12051857,0.20804633,0.05851621,0.042104412,0.013250674,0.061773706,0.1819387,0.0603129,0.10519578,0.054244515,0.036892217,0.20804633
pamap2,gnn_flatten_lstm,sequence,7,107,107,108,964,23381,23381,2,7,3,12,standing,ascending_stairs,False,0.054172654,0.11518711,0.15434967,0.07000791,0.04280932,0.011332077,0.042526558,0.255184,0.07671817,0.09955681,0.042065572,0.03609012,0.255184
pamap2,gnn_flatten_lstm,sequence,7,107,107,108,965,23382,23382,2,7,3,12,standing,ascending_stairs,False,0.042621892,0.08003096,0.067062944,0.098450564,0.039356936,0.0066542327,0.02406721,0.40316936,0.09414988,0.09015468,0.025617095,0.028664337,0.40316936
pamap2,gnn_flatten_lstm,sequence,7,107,107,108,966,23383,23383,2,7,3,12,standing,ascending_stairs,False,0.041674092,0.08059049,0.053530604,0.12113647,0.046203777,0.007791623,0.030114478,0.39366835,0.079826474,0.08471874,0.026415488,0.03432937,0.39366835
pamap2,gnn_flatten_lstm,sequence,7,107,107,108,967,23384,23384,2,7,3,12,standing,ascending_stairs,False,0.050647195,0.105273634,0.0730186,0.11512894,0.059328217,0.010723601,0.046040952,0.3130747,0.07080642,0.0810175,0.033270437,0.041669827,0.3130747
pamap2,gnn_flatten_lstm,sequence,7,107,107,108,968,23385,23385,2,2,3,3,standing,standing,True,0.059724275,0.15321545,0.21049479,0.067056894,0.0546847,0.0108052865,0.06502628,0.15253082,0.06373037,0.07416027,0.052226555,0.036344316,0.21049479
pamap2,gnn_flatten_lstm,sequence,7,107,107,108,969,23386,23386,2,2,3,3,standing,standing,True,0.03212671,0.11396053,0.60464025,0.018490497,0.014250035,0.0044854307,0.039651304,0.027996458,0.031772513,0.044773623,0.057129554,0.010723101,0.60464025
pamap2,gnn_flatten_lstm,sequence,7,107,107,108,970,23387,23387,2,2,3,3,standing,standing,True,0.016596636,0.07697427,0.771779,0.007191264,0.005336472,0.0021242877,0.02036535,0.00914978,0.017551249,0.024556745,0.044454604,0.003920327,0.771779
pamap2,gnn_flatten_lstm,sequence,7,107,107,108,971,23388,23388,2,2,3,3,standing,standing,True,0.013013975,0.068568744,0.811788,0.004885228,0.003915209,0.0015010496,0.015079845,0.0059969677,0.0141412085,0.018481517,0.040022817,0.0026053379,0.811788
pamap2,gnn_flatten_lstm,sequence,7,107,107,108,972,23389,23389,2,2,3,3,standing,standing,True,0.012464309,0.07015359,0.8186707,0.0043379245,0.0037329544,0.0013233443,0.013704022,0.005306266,0.013469276,0.016433625,0.038105566,0.0022984524,0.8186707
pamap2,gnn_flatten_lstm,sequence,7,107,107,108,973,23390,23390,2,2,3,3,standing,standing,True,0.012332968,0.07176264,0.8205659,0.0041456353,0.0037118064,0.0012467289,0.013113518,0.0050869207,0.013363955,0.015514435,0.036971238,0.0021843077,0.8205659
pamap2,gnn_flatten_lstm,sequence,7,107,107,108,974,23391,23391,2,2,3,3,standing,standing,True,0.012348704,0.07379947,0.820443,0.004045321,0.0037467661,0.001206115,0.012777337,0.0049751983,0.013380194,0.014885837,0.036267377,0.0021247503,0.820443
pamap2,gnn_flatten_lstm,sequence,7,107,107,108,975,23392,23392,2,2,3,3,standing,standing,True,0.012319307,0.07569402,0.82031685,0.0039495532,0.003762352,0.0011710575,0.012498334,0.004857531,0.013315564,0.014357801,0.035690557,0.0020669517,0.82031685
pamap2,gnn_flatten_lstm,sequence,7,107,107,108,976,23393,23393,2,2,3,3,standing,standing,True,0.012165446,0.07666699,0.82196176,0.0038212123,0.0037056883,0.0011231183,0.012047072,0.0047033774,0.013137942,0.0138021475,0.03488494,0.001980191,0.82196176
pamap2,gnn_flatten_lstm,sequence,7,107,107,108,977,23394,23394,2,2,3,3,standing,standing,True,0.01199541,0.07690652,0.8243421,0.0037039823,0.003627084,0.0010686447,0.011528542,0.0045491117,0.012943791,0.013330819,0.03410845,0.0018955346,0.8243421
pamap2,gnn_flatten_lstm,sequence,7,107,107,108,978,23395,23395,2,2,3,3,standing,standing,True,0.011944559,0.07456911,0.82730216,0.0037861806,0.0035356234,0.0010367854,0.01119935,0.004519812,0.012765322,0.013378592,0.034070082,0.0018925191,0.82730216
pamap2,gnn_flatten_lstm,sequence,7,107,107,108,979,23396,23396,2,2,3,3,standing,standing,True,0.0120313605,0.072248355,0.8274907,0.003976038,0.0035302998,0.0010522068,0.011405994,0.004591544,0.012705499,0.013920904,0.035074174,0.0019729377,0.8274907
pamap2,gnn_flatten_lstm,sequence,7,107,107,108,980,23397,23397,2,2,3,3,standing,standing,True,0.012096984,0.07064965,0.82700497,0.004097502,0.003545656,0.0010765957,0.01167395,0.0046694996,0.01274565,0.014412014,0.035979666,0.0020478223,0.82700497
pamap2,gnn_flatten_lstm,sequence,7,107,107,108,981,23398,23398,10,2,17,3,ironing,standing,False,0.01222045,0.07174507,0.8250535,0.004090158,0.003591463,0.0011033935,0.011801699,0.004717918,0.012832663,0.014462335,0.03631254,0.0020688542,0.8250535
pamap2,gnn_flatten_lstm,sequence,7,107,107,108,982,23399,23399,10,2,17,3,ironing,standing,False,0.012184443,0.07276784,0.82498854,0.0039781514,0.0035907947,0.0010905701,0.011704146,0.0046664355,0.012844539,0.014237023,0.035919454,0.0020281007,0.82498854
pamap2,gnn_flatten_lstm,sequence,7,107,107,108,983,23400,23400,10,2,17,3,ironing,standing,False,0.01207036,0.073484145,0.82608,0.0038544273,0.0035632274,0.0010609302,0.01147723,0.004582773,0.01281384,0.013872174,0.035173733,0.0019670797,0.82608
pamap2,gnn_flatten_lstm,sequence,7,107,107,108,984,23401,23401,10,2,17,3,ironing,standing,False,0.012147675,0.07563404,0.8243102,0.0038008103,0.0036370994,0.0010559332,0.011493819,0.004579732,0.012990481,0.013647009,0.03475316,0.0019501261,0.8243102
pamap2,gnn_flatten_lstm,sequence,7,107,107,108,985,23402,23402,10,2,17,3,ironing,standing,False,0.012189425,0.07781307,0.8231857,0.0037275155,0.0036833684,0.0010383663,0.01136822,0.0045450768,0.013093479,0.013305226,0.03413532,0.0019153226,0.8231857
pamap2,gnn_flatten_lstm,sequence,7,107,107,108,986,23403,23403,10,2,17,3,ironing,standing,False,0.012262904,0.08035475,0.8212321,0.0036789465,0.0037486816,0.0010336183,0.011327955,0.004532161,0.013207409,0.013019131,0.03370728,0.0018951814,0.8212321
pamap2,gnn_flatten_lstm,sequence,7,107,107,108,987,23404,23404,10,2,17,3,ironing,standing,False,0.01244699,0.08166066,0.8182218,0.0037765284,0.0038522,0.0010684653,0.011607792,0.004638376,0.013419122,0.013211665,0.03414518,0.001951246,0.8182218
pamap2,gnn_flatten_lstm,sequence,7,107,107,108,988,23405,23405,10,2,17,3,ironing,standing,False,0.013252961,0.08030008,0.8080413,0.004623623,0.004212831,0.0012570816,0.01320647,0.0052457307,0.013998299,0.0153294625,0.038174238,0.0023579455,0.8080413
pamap2,gnn_flatten_lstm,sequence,7,107,107,108,989,23406,23406,10,2,17,3,ironing,standing,False,0.016840333,0.095453896,0.74052393,0.008409221,0.0069369725,0.0026075777,0.020189857,0.008017689,0.018874086,0.023128258,0.054897048,0.004121204,0.74052393
pamap2,gnn_flatten_lstm,sequence,7,107,107,108,990,23407,23407,10,2,17,3,ironing,standing,False,0.017210443,0.08009571,0.73833907,0.010598946,0.0065794536,0.0031184303,0.018712848,0.00802159,0.019358773,0.031995784,0.062049426,0.0039195484,0.73833907
pamap2,gnn_flatten_lstm,sequence,7,107,107,108,991,23408,23408,10,2,17,3,ironing,standing,False,0.013978182,0.078046486,0.77138853,0.011913275,0.0033737216,0.00068026804,0.019823134,0.0026124495,0.013619945,0.039195836,0.0438254,0.0015428872,0.77138853
pamap2,gnn_flatten_lstm,sequence,7,107,107,108,992,23409,23409,10,2,17,3,ironing,standing,False,0.022100393,0.114356086,0.28646746,0.09205602,0.0092422785,0.0015462146,0.10262634,0.007063236,0.08014182,0.16387464,0.11397808,0.0065473835,0.28646746
pamap2,gnn_flatten_lstm,sequence,7,107,107,108,993,23410,23410,10,10,17,17,ironing,ironing,True,0.012753018,0.09048558,0.119922385,0.040867154,0.007463333,0.0013325878,0.02376791,0.0048665074,0.10889316,0.16885588,0.41407603,0.006716478,0.41407603
pamap2,gnn_flatten_lstm,sequence,7,107,107,108,994,23411,23411,10,10,17,17,ironing,ironing,True,0.0006256557,0.010106021,0.016419388,0.00093395467,0.0005099552,0.00013539582,0.00021627198,0.00027634212,0.009413521,0.014690598,0.9464006,0.0002724086,0.9464006
pamap2,gnn_flatten_lstm,sequence,7,107,107,108,995,23412,23412,10,10,17,17,ironing,ironing,True,2.6907745e-05,0.00092023646,0.0016427502,4.4223765e-05,3.3221655e-05,1.5611075e-05,6.7472715e-06,1.3280724e-05,0.0005302726,0.0013539933,0.995404,8.687413e-06,0.995404
pamap2,gnn_flatten_lstm,sequence,7,107,107,108,996,23413,23413,10,10,17,17,ironing,ironing,True,1.356068e-06,3.89369e-05,0.00010820306,4.6019877e-06,2.9173952e-06,3.402269e-06,6.9889126e-07,1.104277e-06,3.1211464e-05,0.00026237225,0.99954444,6.6223294e-07,0.99954444
pamap2,gnn_flatten_lstm,sequence,7,107,107,108,997,23414,23414,10,10,17,17,ironing,ironing,True,1.6905533e-07,3.1140908e-06,1.0617984e-05,8.827069e-07,6.1461935e-07,1.1347797e-06,1.3564363e-07,3.035732e-07,4.3049386e-06,9.152581e-05,0.9998871,1.2253986e-07,0.9998871
pamap2,gnn_flatten_lstm,sequence,7,107,107,108,998,23415,23415,10,10,17,17,ironing,ironing,True,6.143329e-08,7.853688e-07,2.9490805e-06,4.2558e-07,2.8804257e-07,6.057474e-07,5.8215925e-08,2.0142662e-07,1.6528383e-06,5.5574797e-05,0.9999373,5.4897292e-08,0.9999373
pamap2,gnn_flatten_lstm,sequence,7,107,107,108,999,23416,23416,10,10,17,17,ironing,ironing,True,7.1869785e-08,6.040271e-07,2.3616592e-06,5.0160924e-07,3.2046952e-07,7.3312145e-07,7.823892e-08,2.7510544e-07,1.7784915e-06,8.4612315e-05,0.99990857,7.027606e-08,0.99990857
pamap2,gnn_flatten_lstm,sequence,7,107,107,108,1000,23417,23417,10,10,17,17,ironing,ironing,True,9.7136144e-08,5.23474e-07,2.3344826e-06,7.6960595e-07,3.9354288e-07,9.252259e-07,1.2502204e-07,4.2388498e-07,1.9859183e-06,0.00010320509,0.999889,1.0923851e-07,0.999889
pamap2,gnn_flatten_lstm,sequence,7,107,107,108,1001,23418,23418,10,10,17,17,ironing,ironing,True,6.629141e-08,4.0301884e-07,1.5242837e-06,6.1755014e-07,3.172957e-07,6.8000327e-07,8.146365e-08,3.3125352e-07,1.4958651e-06,6.707581e-05,0.9999273,7.304374e-08,0.9999273
pamap2,gnn_flatten_lstm,sequence,7,107,107,108,1002,23419,23419,10,10,17,17,ironing,ironing,True,5.129652e-08,4.008282e-07,1.2990326e-06,5.2703655e-07,2.7506252e-07,5.039802e-07,5.2778873e-08,2.5778004e-07,1.2346426e-06,3.774864e-05,0.9999577,5.502694e-08,0.9999577
pamap2,gnn_flatten_lstm,sequence,7,107,107,108,1003,23420,23420,10,10,17,17,ironing,ironing,True,5.189901e-08,4.4576652e-07,1.4887706e-06,5.477519e-07,2.7922397e-07,4.718657e-07,5.3698553e-08,2.5034632e-07,1.2159848e-06,3.35999e-05,0.9999616,5.2795798e-08,0.9999616
pamap2,gnn_flatten_lstm,sequence,7,107,107,108,1004,23421,23421,10,10,17,17,ironing,ironing,True,1.3376732e-07,8.4205914e-07,4.3125783e-06,1.0164663e-06,5.250981e-07,9.503239e-07,1.5586023e-07,5.7220797e-07,2.3419932e-06,8.6572065e-05,0.9999025,1.2420469e-07,0.9999025
pamap2,gnn_flatten_lstm,sequence,7,107,107,108,1005,23422,23422,10,10,17,17,ironing,ironing,True,2.8286692e-07,1.438502e-06,7.979306e-06,1.7541051e-06,9.916906e-07,1.8080285e-06,3.5410704e-07,1.2041392e-06,3.961073e-06,0.00016514148,0.9998148,2.5094795e-07,0.9998148
pamap2,gnn_flatten_lstm,sequence,7,107,107,108,1006,23423,23423,10,10,17,17,ironing,ironing,True,8.3899965e-07,4.546346e-06,1.825623e-05,4.033298e-06,3.258592e-06,4.913467e-06,9.583724e-07,3.8025582e-06,8.771156e-06,0.00033820092,0.9996119,6.1978636e-07,0.9996119
pamap2,gnn_flatten_lstm,sequence,7,107,107,108,1007,23424,23424,10,10,17,17,ironing,ironing,True,5.885659e-06,2.82255e-05,6.100506e-05,2.1824939e-05,2.632904e-05,2.7239656e-05,6.5608197e-06,2.9072997e-05,3.969115e-05,0.0011060821,0.99864465,3.5287142e-06,0.99864465
pamap2,gnn_flatten_lstm,sequence,7,107,107,108,1008,23425,23425,10,10,17,17,ironing,ironing,True,3.8551418e-05,0.00012394508,0.00013852336,0.000117820724,0.00021024217,0.00013658205,7.8857505e-05,0.00019527064,0.00016229514,0.004720728,0.99405754,1.9658448e-05,0.99405754
pamap2,gnn_flatten_lstm,sequence,7,107,107,108,1009,23426,23426,10,10,17,17,ironing,ironing,True,0.00028985416,0.0008305439,0.00038974578,0.00067451043,0.0021481605,0.000796711,0.0008557314,0.0013534604,0.00068272144,0.017122,0.97473824,0.00011842289,0.97473824
pamap2,gnn_flatten_lstm,sequence,7,107,107,108,1010,23427,23427,10,10,17,17,ironing,ironing,True,0.0028656172,0.006827215,0.001456394,0.005147062,0.023137374,0.0053330422,0.009481547,0.011351162,0.0030503303,0.060321882,0.870135,0.00089338515,0.870135
pamap2,gnn_flatten_lstm,sequence,7,107,107,108,1011,23428,23428,10,10,17,17,ironing,ironing,True,0.006649626,0.014508563,0.0013777404,0.010358994,0.092403606,0.02785146,0.01984407,0.039700355,0.007242551,0.09012792,0.68644315,0.0034919202,0.68644315
pamap2,gnn_flatten_lstm,sequence,7,107,107,108,1012,23429,23429,10,10,17,17,ironing,ironing,True,0.0046974686,0.018464152,0.0017823002,0.0045139994,0.06633056,0.08588447,0.006688338,0.035991866,0.006552903,0.10595157,0.6596072,0.00353525,0.6596072
pamap2,gnn_flatten_lstm,sequence,7,107,107,108,1013,23430,23430,10,10,17,17,ironing,ironing,True,0.003245517,0.027864352,0.002267527,0.0011662369,0.039863974,0.2939334,0.0031798484,0.012885353,0.0039725387,0.09767367,0.5117881,0.0021595517,0.5117881
pamap2,gnn_flatten_lstm,sequence,7,107,107,108,1014,23431,23431,10,10,17,17,ironing,ironing,True,0.0007148837,0.00745273,0.0009943864,0.000368694,0.008833095,0.073126875,0.00073680526,0.00261265,0.0013414472,0.0585493,0.8447853,0.00048385357,0.8447853
pamap2,gnn_flatten_lstm,sequence,7,107,107,108,1015,23432,23432,10,10,17,17,ironing,ironing,True,2.0975654e-05,0.0002573998,0.00010465338,4.3068892e-05,0.00023360956,0.0007259529,2.115598e-05,8.939765e-05,0.000118800956,0.0036353474,0.9947325,1.705865e-05,0.9947325
pamap2,gnn_flatten_lstm,sequence,7,107,107,108,1016,23433,23433,10,10,17,17,ironing,ironing,True,1.5219746e-06,2.9667262e-05,2.1437805e-05,8.216253e-06,1.8908408e-05,4.8936236e-05,2.120093e-06,7.1080453e-06,1.771959e-05,0.00034416185,0.9994986,1.5465337e-06,0.9994986
pamap2,gnn_flatten_lstm,sequence,7,107,107,108,1017,23434,23434,10,10,17,17,ironing,ironing,True,4.1405409e-07,1.0155042e-05,8.669021e-06,3.2568034e-06,5.7582592e-06,1.374639e-05,6.187347e-07,2.1148348e-06,6.7657033e-06,0.00011360549,0.9998343,4.794979e-07,0.9998343
pamap2,gnn_flatten_lstm,sequence,7,107,107,108,1018,23435,23435,10,10,17,17,ironing,ironing,True,1.6036617e-07,2.9324942e-06,4.116761e-06,1.6157853e-06,1.7102444e-06,3.7068007e-06,2.3322615e-07,8.9096085e-07,3.088158e-06,6.6955865e-05,0.9999143,1.7061888e-07,0.9999143
pamap2,gnn_flatten_lstm,sequence,7,107,107,108,1019,23436,23436,10,10,17,17,ironing,ironing,True,1.05089924e-07,1.6416161e-06,3.2793628e-06,1.0763836e-06,9.226371e-07,2.2184454e-06,1.5363844e-07,5.462239e-07,1.996718e-06,5.886902e-05,0.9999291,1.03909784e-07,0.9999291
pamap2,gnn_flatten_lstm,sequence,7,107,107,108,1020,23437,23437,10,10,17,17,ironing,ironing,True,7.882084e-08,9.742654e-07,2.6904977e-06,7.6781464e-07,5.679708e-07,1.3634726e-06,1.0318404e-07,4.144227e-07,1.5631038e-06,5.7799392e-05,0.9999335,7.465056e-08,0.9999335
pamap2,gnn_flatten_lstm,sequence,7,107,107,108,1021,23438,23438,10,10,17,17,ironing,ironing,True,7.363955e-08,7.9180774e-07,2.4600267e-06,7.6493495e-07,4.962455e-07,1.0415434e-06,8.864769e-08,4.5534873e-07,1.5934862e-06,5.685566e-05,0.99993527,6.994816e-08,0.99993527
pamap2,gnn_flatten_lstm,sequence,7,107,107,108,1022,23439,23439,10,10,17,17,ironing,ironing,True,8.42406e-08,9.5022267e-07,2.7034625e-06,8.7983864e-07,6.0306473e-07,1.3065325e-06,1.08094056e-07,5.1100477e-07,1.7197812e-06,5.963043e-05,0.99993134,8.121684e-08,0.99993134
pamap2,gnn_flatten_lstm,sequence,7,107,107,108,1023,23440,23440,10,10,17,17,ironing,ironing,True,1.2727105e-07,1.5586445e-06,3.3476226e-06,1.0291553e-06,9.898188e-07,2.4066396e-06,1.5609197e-07,5.878996e-07,2.0605803e-06,7.287088e-05,0.99991477,1.11452024e-07,0.99991477
pamap2,gnn_flatten_lstm,sequence,7,107,107,108,1024,23441,23441,10,10,17,17,ironing,ironing,True,1.4526324e-07,2.2990275e-06,3.4995526e-06,1.0329396e-06,1.2920565e-06,3.1385796e-06,1.8253347e-07,5.675133e-07,2.2373758e-06,7.0993105e-05,0.9999144,1.213861e-07,0.9999144
pamap2,gnn_flatten_lstm,sequence,7,107,107,108,1025,23442,23442,10,10,17,17,ironing,ironing,True,7.759871e-08,1.5677115e-06,2.1468163e-06,6.9563987e-07,8.3964136e-07,1.8625824e-06,1.0439361e-07,3.4946194e-07,1.5116443e-06,4.167585e-05,0.9999491,7.056124e-08,0.9999491
pamap2,gnn_flatten_lstm,sequence,7,107,107,108,1026,23443,23443,10,10,17,17,ironing,ironing,True,5.0035712e-08,1.061537e-06,1.598347e-06,5.445492e-07,5.603998e-07,1.1628399e-06,6.961746e-08,2.6375884e-07,1.1604559e-06,3.0824453e-05,0.9999627,4.855023e-08,0.9999627
pamap2,gnn_flatten_lstm,sequence,7,107,107,108,1027,23444,23444,10,10,17,17,ironing,ironing,True,4.3628177e-08,8.0690086e-07,1.4646677e-06,5.0311377e-07,4.385914e-07,8.873091e-07,5.76602e-08,2.5287514e-07,1.0622616e-06,3.0341338e-05,0.99996424,4.1438028e-08,0.99996424
pamap2,gnn_flatten_lstm,sequence,7,107,107,108,1028,23445,23445,10,10,17,17,ironing,ironing,True,4.999598e-08,7.196473e-07,1.6411266e-06,5.537215e-07,4.2226793e-07,9.255994e-07,7.05702e-08,2.8587993e-07,1.2367794e-06,3.9914194e-05,0.9999541,4.8083322e-08,0.9999541
pamap2,gnn_flatten_lstm,sequence,7,107,107,108,1029,23446,23446,10,10,17,17,ironing,ironing,True,6.342919e-08,8.9750074e-07,1.991692e-06,6.6974616e-07,5.2299305e-07,1.1314257e-06,9.4979065e-08,3.4425213e-07,1.5973732e-06,4.4390166e-05,0.99994826,6.450478e-08,0.99994826
pamap2,gnn_flatten_lstm,sequence,7,107,107,108,1030,23447,23447,10,10,17,17,ironing,ironing,True,6.497801e-08,1.0441473e-06,1.8806431e-06,7.0096587e-07,6.051654e-07,1.179094e-06,9.65223e-08,3.6117262e-07,1.7170939e-06,3.7744703e-05,0.99995446,6.864106e-08,0.99995446
pamap2,gnn_flatten_lstm,sequence,7,107,107,108,1031,23448,23448,10,10,17,17,ironing,ironing,True,7.450806e-08,1.0217301e-06,1.9608096e-06,7.7332953e-07,6.236818e-07,1.1134109e-06,1.0292561e-07,4.240686e-07,2.0291025e-06,4.2597527e-05,0.9999492,7.582327e-08,0.9999492
pamap2,gnn_flatten_lstm,sequence,7,107,107,108,1032,23449,23449,10,10,17,17,ironing,ironing,True,7.0459826e-08,1.0468345e-06,1.7846239e-06,7.3827925e-07,6.4060777e-07,1.1475987e-06,1.0045851e-07,3.7562327e-07,1.8100932e-06,3.9373317e-05,0.9999528,7.085592e-08,0.9999528
pamap2,gnn_flatten_lstm,sequence,7,107,107,108,1033,23450,23450,10,10,17,17,ironing,ironing,True,4.642936e-08,7.7552033e-07,1.2167509e-06,5.3063326e-07,5.0261144e-07,1.0083689e-06,7.08644e-08,2.4264452e-07,1.092132e-06,2.8617604e-05,0.9999658,4.6718505e-08,0.9999658
pamap2,gnn_flatten_lstm,sequence,7,107,107,108,1034,23451,23451,10,10,17,17,ironing,ironing,True,3.631583e-08,5.9119384e-07,1.0772608e-06,4.507042e-07,3.7781163e-07,7.7606757e-07,5.248895e-08,2.0259361e-07,8.1973997e-07,2.4577921e-05,0.99997115,3.4897422e-08,0.99997115
pamap2,gnn_flatten_lstm,sequence,7,107,107,108,1035,23452,23452,10,10,17,17,ironing,ironing,True,3.936811e-08,5.975193e-07,1.2011726e-06,4.963109e-07,3.7022457e-07,6.696936e-07,4.8660066e-08,2.3775746e-07,8.874131e-07,2.5651436e-05,0.99996984,3.6465494e-08,0.99996984
pamap2,gnn_flatten_lstm,sequence,7,107,107,108,1036,23453,23453,10,10,17,17,ironing,ironing,True,4.1869445e-08,6.084029e-07,1.2942255e-06,5.1592696e-07,3.7303457e-07,6.5661254e-07,4.797454e-08,2.5939468e-07,9.304593e-07,2.676839e-05,0.9999685,3.7075885e-08,0.9999685
pamap2,gnn_flatten_lstm,sequence,7,107,107,108,1037,23454,23454,10,10,17,17,ironing,ironing,True,4.334225e-08,6.133144e-07,1.3370056e-06,5.2607555e-07,3.7717123e-07,6.5929936e-07,4.8364875e-08,2.7169656e-07,9.559634e-07,2.7710632e-05,0.99996746,3.7495216e-08,0.99996746
pamap2,gnn_flatten_lstm,sequence,7,107,107,108,1038,23455,23455,10,10,17,17,ironing,ironing,True,4.671498e-08,7.0471185e-07,1.3994929e-06,5.684627e-07,4.321404e-07,7.387205e-07,5.2533082e-08,2.9718623e-07,1.0259298e-06,2.8015444e-05,0.9999666,4.073162e-08,0.9999666
pamap2,gnn_flatten_lstm,sequence,7,107,107,108,1039,23456,23456,10,10,17,17,ironing,ironing,True,4.8319322e-08,7.1741465e-07,1.463131e-06,5.8635817e-07,4.3985233e-07,7.655638e-07,5.50868e-08,3.0711152e-07,1.0466551e-06,2.9163162e-05,0.9999654,4.2428844e-08,0.9999654
pamap2,gnn_flatten_lstm,sequence,7,107,107,108,1040,23457,23457,10,10,17,17,ironing,ironing,True,4.7988742e-08,6.4161827e-07,1.5044844e-06,5.7146383e-07,4.0453122e-07,7.756218e-07,5.653248e-08,3.022898e-07,1.0059563e-06,3.1608903e-05,0.99996305,4.2196397e-08,0.99996305
pamap2,gnn_flatten_lstm,sequence,7,107,107,108,1041,23458,23458,10,10,17,17,ironing,ironing,True,4.9986387e-08,6.215288e-07,1.6067784e-06,5.852157e-07,4.0141083e-07,8.5813997e-07,5.971756e-08,3.1539324e-07,9.875774e-07,3.3925422e-05,0.99996054,4.341269e-08,0.99996054
pamap2,gnn_flatten_lstm,sequence,7,107,107,108,1042,23459,23459,10,10,17,17,ironing,ironing,True,5.4814752e-08,6.616403e-07,1.8129299e-06,6.345493e-07,4.2258887e-07,9.674872e-07,6.258991e-08,3.4829537e-07,1.0273872e-06,3.535037e-05,0.9999585,4.6118785e-08,0.9999585
pamap2,gnn_flatten_lstm,sequence,7,107,107,108,1043,23460,23460,10,10,17,17,ironing,ironing,True,6.5072e-08,8.509816e-07,2.0988748e-06,6.9853127e-07,5.281356e-07,1.269711e-06,6.971613e-08,3.899676e-07,1.1338994e-06,3.6698897e-05,0.99995613,5.319437e-08,0.99995613
pamap2,gnn_flatten_lstm,sequence,7,107,107,108,1044,23461,23461,10,10,17,17,ironing,ironing,True,4.651301e-08,6.906392e-07,1.5582344e-06,5.484736e-07,4.2971766e-07,9.990757e-07,5.457841e-08,2.956709e-07,8.9797925e-07,2.913255e-05,0.9999653,4.0696083e-08,0.9999653
pamap2,gnn_flatten_lstm,sequence,7,107,107,108,1045,23462,23462,10,10,17,17,ironing,ironing,True,3.9594955e-08,6.137299e-07,1.3832004e-06,4.823289e-07,3.764117e-07,8.58494e-07,4.928866e-08,2.5319213e-07,8.0807797e-07,2.6461757e-05,0.99996865,3.5795495e-08,0.99996865
pamap2,gnn_flatten_lstm,sequence,7,107,107,108,1046,23463,23463,10,10,17,17,ironing,ironing,True,3.9071114e-08,6.165075e-07,1.3549338e-06,4.6945405e-07,3.761023e-07,8.6109884e-07,4.9294616e-08,2.4186863e-07,7.874062e-07,2.5916197e-05,0.99996936,3.5073395e-08,0.99996936
pamap2,gnn_flatten_lstm,sequence,7,107,107,108,1047,23464,23464,10,10,17,17,ironing,ironing,True,3.80178e-08,5.6213224e-07,1.2938089e-06,4.4894904e-07,3.52412e-07,8.142109e-07,4.9463555e-08,2.3027108e-07,7.72377e-07,2.6488779e-05,0.9999689,3.4264367e-08,0.9999689
pamap2,gnn_flatten_lstm,sequence,7,107,107,108,1048,23465,23465,10,10,17,17,ironing,ironing,True,3.9950162e-08,5.1542924e-07,1.3571919e-06,4.589366e-07,3.333162e-07,7.7045354e-07,5.3916338e-08,2.3900338e-07,8.3653003e-07,2.9929408e-05,0.99996555,3.704029e-08,0.99996555
pamap2,gnn_flatten_lstm,sequence,7,107,107,108,1049,23466,23466,10,10,17,17,ironing,ironing,True,4.1528676e-08,4.6941284e-07,1.4156991e-06,4.6666065e-07,3.1195736e-07,7.4301124e-07,5.9438317e-08,2.3952228e-07,9.0141145e-07,3.3623783e-05,0.99996173,3.9936904e-08,0.99996173
pamap2,gnn_flatten_lstm,sequence,7,107,107,108,1050,23467,23467,10,10,17,17,ironing,ironing,True,4.065608e-08,4.6018016e-07,1.4284112e-06,4.6478434e-07,2.9969837e-07,7.2686026e-07,5.9477244e-08,2.2798697e-07,8.8313607e-07,3.3234322e-05,0.9999622,3.893982e-08,0.9999622
pamap2,gnn_flatten_lstm,sequence,7,107,107,108,1051,23468,23468,10,10,17,17,ironing,ironing,True,3.9463778e-08,4.4257084e-07,1.4386962e-06,4.7639895e-07,2.7496208e-07,6.249945e-07,5.0880427e-08,2.2840354e-07,8.544838e-07,3.0334513e-05,0.9999652,3.5851468e-08,0.9999652
pamap2,gnn_flatten_lstm,sequence,7,107,107,108,1052,23469,23469,10,10,17,17,ironing,ironing,True,4.5700794e-08,5.4378927e-07,1.6260362e-06,5.368013e-07,3.388703e-07,7.33591e-07,6.46437e-08,2.53334e-07,9.454233e-07,3.3392156e-05,0.9999614,4.4250058e-08,0.9999614
pamap2,gnn_flatten_lstm,sequence,7,107,107,108,1053,23470,23470,10,10,17,17,ironing,ironing,True,3.32562e-07,1.4767579e-06,4.8642123e-06,1.5655583e-06,1.3668267e-06,4.73845e-06,3.6709662e-07,1.0238201e-06,3.3345395e-06,0.00018519763,0.9997955,2.7186806e-07,0.9997955
pamap2,gnn_flatten_lstm,sequence,7,107,107,108,1054,23471,23471,10,10,17,17,ironing,ironing,True,2.6085197e-06,5.779725e-06,1.2190324e-05,3.8553553e-06,8.198687e-06,3.571534e-05,2.0907519e-06,3.8221656e-06,9.002085e-06,0.0010657524,0.9988495,1.5361219e-06,0.9988495
pamap2,gnn_flatten_lstm,sequence,7,107,107,108,1055,23472,23472,10,10,17,17,ironing,ironing,True,8.116056e-07,3.0376711e-06,6.4021424e-06,1.7697132e-06,3.4120835e-06,1.5050654e-05,9.446917e-07,1.4096432e-06,3.7299267e-06,0.00057611894,0.99938667,5.4352233e-07,0.99938667
pamap2,gnn_flatten_lstm,sequence,7,107,107,108,1056,23473,23473,10,10,17,17,ironing,ironing,True,1.0550933e-07,9.694706e-07,2.4591725e-06,8.4772137e-07,6.519565e-07,1.6997533e-06,1.4575583e-07,4.135473e-07,1.6137064e-06,8.054467e-05,0.99991035,1.05724475e-07,0.99991035
pamap2,gnn_flatten_lstm,sequence,7,107,107,108,1057,23474,23474,10,10,17,17,ironing,ironing,True,1.3862501e-07,2.0164427e-06,4.4414337e-06,1.1605003e-06,9.980554e-07,2.067165e-06,2.0180056e-07,5.499253e-07,2.0766336e-06,7.665965e-05,0.9999095,1.2234793e-07,0.9999095
pamap2,gnn_flatten_lstm,sequence,7,107,107,108,1058,23475,23475,10,10,17,17,ironing,ironing,True,8.6105345e-08,1.509199e-06,2.7063518e-06,8.908309e-07,7.909323e-07,1.7047031e-06,1.362011e-07,4.2325257e-07,1.4858124e-06,5.296716e-05,0.9999372,7.9236855e-08,0.9999372
pamap2,gnn_flatten_lstm,sequence,7,107,107,108,1059,23476,23476,10,10,17,17,ironing,ironing,True,7.680655e-08,1.4976031e-06,2.0572159e-06,9.2722274e-07,9.491442e-07,2.2577576e-06,1.4391865e-07,4.5402967e-07,1.4168775e-06,4.626135e-05,0.999944,8.1185185e-08,0.999944
pamap2,gnn_flatten_lstm,sequence,7,107,107,108,1060,23477,23477,10,10,17,17,ironing,ironing,True,8.3486675e-08,1.7179244e-06,1.9012372e-06,1.0329447e-06,1.1870087e-06,2.7826172e-06,1.8093708e-07,4.8208676e-07,1.4713062e-06,4.684503e-05,0.9999422,8.505945e-08,0.9999422
pamap2,gnn_flatten_lstm,sequence,7,107,107,108,1061,23478,23478,10,10,17,17,ironing,ironing,True,1.11827354e-07,1.535104e-06,2.2304146e-06,1.3893925e-06,1.197632e-06,2.8869852e-06,2.3297132e-07,6.292903e-07,1.8671464e-06,6.979419e-05,0.99991786,1.1527947e-07,0.99991786
pamap2,gnn_flatten_lstm,sequence,7,107,107,108,1062,23479,23479,10,10,17,17,ironing,ironing,True,1.5876435e-07,1.680567e-06,2.8932502e-06,2.0382006e-06,1.4213147e-06,3.0605243e-06,3.1252046e-07,9.548728e-07,2.5922761e-06,8.977269e-05,0.999895,1.7071324e-07,0.999895
pamap2,gnn_flatten_lstm,sequence,7,107,107,108,1063,23480,23480,10,10,17,17,ironing,ironing,True,1.2161975e-07,1.5336578e-06,2.4216345e-06,1.724583e-06,1.1811541e-06,2.1988903e-06,2.0590744e-07,7.4368234e-07,2.0244051e-06,5.384344e-05,0.99993384,1.2724023e-07,0.99993384
pamap2,gnn_flatten_lstm,sequence,7,107,107,108,1064,23481,23481,10,10,17,17,ironing,ironing,True,1.3637491e-07,1.8167409e-06,2.457141e-06,1.8923392e-06,1.4176507e-06,2.3648354e-06,2.0469722e-07,8.4479205e-07,2.2286256e-06,4.8061553e-05,0.99993837,1.3955542e-07,0.99993837
pamap2,gnn_flatten_lstm,sequence,7,107,107,108,1065,23482,23482,10,10,17,17,ironing,ironing,True,1.6280104e-07,2.3348402e-06,2.8262482e-06,2.1435242e-06,1.747041e-06,2.6812152e-06,2.4439657e-07,8.858505e-07,2.5119991e-06,4.6908466e-05,0.9999374,1.6375698e-07,0.9999374
pamap2,gnn_flatten_lstm,sequence,7,107,107,108,1066,23483,23483,10,10,17,17,ironing,ironing,True,1.8367265e-07,2.267755e-06,3.1365594e-06,2.275157e-06,1.7550311e-06,2.8837828e-06,2.8238324e-07,9.537154e-07,2.784294e-06,5.4744287e-05,0.9999286,1.8750455e-07,0.9999286
pamap2,gnn_flatten_lstm,sequence,7,107,107,108,1067,23484,23484,10,10,17,17,ironing,ironing,True,1.3941205e-07,8.6276566e-07,2.9721095e-06,1.5266432e-06,7.1303486e-07,1.368371e-06,1.9846733e-07,7.3190625e-07,2.3639386e-06,6.841089e-05,0.9999205,1.466245e-07,0.9999205
pamap2,gnn_flatten_lstm,sequence,7,107,107,108,1068,23485,23485,10,10,17,17,ironing,ironing,True,1.5122724e-07,6.951333e-07,3.3703477e-06,1.5266943e-06,6.035876e-07,1.2569412e-06,2.0788451e-07,7.540162e-07,2.5204251e-06,8.350706e-05,0.99990535,1.6601427e-07,0.99990535
pamap2,gnn_flatten_lstm,sequence,7,107,107,108,1069,23486,23486,10,10,17,17,ironing,ironing,True,1.630471e-07,6.6451656e-07,3.6340887e-06,1.5187933e-06,5.666025e-07,1.146418e-06,1.9450992e-07,7.748335e-07,2.700463e-06,9.051348e-05,0.99989796,1.8051371e-07,0.99989796
pamap2,gnn_flatten_lstm,sequence,7,107,107,108,1070,23487,23487,10,10,17,17,ironing,ironing,True,1.6116778e-07,7.232778e-07,4.1295893e-06,1.4633259e-06,5.362538e-07,8.814844e-07,1.7111219e-07,7.457199e-07,2.6733592e-06,8.233871e-05,0.99990606,1.6283134e-07,0.99990606
pamap2,gnn_flatten_lstm,sequence,7,107,107,108,1071,23488,23488,10,10,17,17,ironing,ironing,True,2.6055017e-07,1.0774762e-06,5.4121147e-06,2.2292488e-06,8.44602e-07,1.1260066e-06,2.586308e-07,1.136855e-06,3.5765856e-06,0.00010075715,0.9998832,2.633508e-07,0.9998832
pamap2,gnn_flatten_lstm,sequence,7,107,107,108,1072,23489,23489,10,10,17,17,ironing,ironing,True,2.706612e-07,1.0629648e-06,4.1660796e-06,2.3186376e-06,9.2427496e-07,1.1718256e-06,2.1064866e-07,1.2227383e-06,3.7813647e-06,8.332278e-05,0.9999012,2.988316e-07,0.9999012
pamap2,gnn_flatten_lstm,sequence,7,107,107,108,1073,23490,23490,10,10,17,17,ironing,ironing,True,1.9535524e-07,8.977596e-07,3.1071947e-06,1.7811547e-06,7.1983004e-07,9.37226e-07,1.29714e-07,8.852456e-07,2.9877272e-06,6.141076e-05,0.9999267,2.1246441e-07,0.9999267
pamap2,gnn_flatten_lstm,sequence,7,107,107,108,1074,23491,23491,10,10,17,17,ironing,ironing,True,1.08633856e-07,7.099074e-07,2.5860497e-06,1.0241948e-06,4.507053e-07,7.361671e-07,8.3582265e-08,4.6101914e-07,1.8422029e-06,4.7725476e-05,0.9999441,1.0634166e-07,0.9999441
pamap2,gnn_flatten_lstm,sequence,7,107,107,108,1075,23492,23492,10,10,17,17,ironing,ironing,True,7.352566e-08,6.510588e-07,1.9348954e-06,7.540223e-07,4.007027e-07,5.815774e-07,6.8131385e-08,3.3173896e-07,1.3629461e-06,3.652402e-05,0.9999573,7.533448e-08,0.9999573
pamap2,gnn_flatten_lstm,sequence,7,107,107,108,1076,23493,23493,10,10,17,17,ironing,ironing,True,1.2415697e-07,8.765823e-07,2.299586e-06,1.2053802e-06,6.5609606e-07,8.184512e-07,1.00461705e-07,5.7893646e-07,2.0810166e-06,4.2766093e-05,0.9999484,1.4915996e-07,0.9999484
pamap2,gnn_flatten_lstm,sequence,7,107,107,108,1077,23494,23494,10,10,17,17,ironing,ironing,True,1.5056632e-07,9.398225e-07,2.4292735e-06,1.4755171e-06,7.7518683e-07,8.5845306e-07,1.17701035e-07,7.5775483e-07,2.5035583e-06,4.68569e-05,0.9999429,1.961741e-07,0.9999429
pamap2,gnn_flatten_lstm,sequence,7,107,107,108,1078,23495,23495,10,10,17,17,ironing,ironing,True,1.3619234e-07,1.1015186e-06,2.7626782e-06,1.3808985e-06,7.43228e-07,8.0749066e-07,1.220229e-07,6.680716e-07,2.2773336e-06,4.8290553e-05,0.9999416,1.4657446e-07,0.9999416
pamap2,gnn_flatten_lstm,sequence,7,107,107,108,1079,23496,23496,10,10,17,17,ironing,ironing,True,1.7759385e-07,1.5971106e-06,3.236659e-06,1.8247057e-06,1.1028867e-06,1.1313778e-06,1.7919392e-07,8.795085e-07,2.8782583e-06,5.507783e-05,0.9999317,1.875849e-07,0.9999317
pamap2,gnn_flatten_lstm,sequence,7,107,107,108,1080,23497,23497,10,10,17,17,ironing,ironing,True,2.1224648e-07,1.7287629e-06,3.7870363e-06,2.1930252e-06,1.2316135e-06,1.2759505e-06,2.356281e-07,1.0490597e-06,3.2935434e-06,6.6709144e-05,0.999918,2.165332e-07,0.999918
pamap2,gnn_flatten_lstm,sequence,7,107,107,108,1081,23498,23498,10,10,17,17,ironing,ironing,True,1.8041955e-07,1.3203851e-06,3.3245674e-06,1.9448555e-06,9.980276e-07,1.1346049e-06,2.0191759e-07,9.550978e-07,2.9615428e-06,6.58465e-05,0.99992085,1.867874e-07,0.99992085
pamap2,gnn_flatten_lstm,sequence,7,107,107,108,1082,23499,23499,10,10,17,17,ironing,ironing,True,1.5046328e-07,1.3298709e-06,2.8104787e-06,1.800584e-06,1.025704e-06,1.3366289e-06,1.8904838e-07,8.4571656e-07,2.5615925e-06,5.801377e-05,0.99992967,1.6225574e-07,0.99992967
pamap2,gnn_flatten_lstm,sequence,7,107,107,108,1083,23500,23500,10,10,17,17,ironing,ironing,True,1.6974037e-07,1.9316044e-06,2.7866133e-06,2.2239542e-06,1.5112457e-06,1.9019877e-06,2.1220866e-07,1.005915e-06,2.7807146e-06,5.3957065e-05,0.99993145,1.8581169e-07,0.99993145
pamap2,gnn_flatten_lstm,sequence,7,107,107,108,1084,23501,23501,10,10,17,17,ironing,ironing,True,1.6955141e-07,2.4254632e-06,2.6401472e-06,2.3655205e-06,1.937735e-06,2.431167e-06,2.2749542e-07,9.918272e-07,2.6425655e-06,4.776276e-05,0.9999362,1.8910588e-07,0.9999362
pamap2,gnn_flatten_lstm,sequence,7,107,107,108,1085,23502,23502,10,10,17,17,ironing,ironing,True,2.0170305e-07,4.061074e-06,3.0502686e-06,2.6772518e-06,3.00992e-06,3.4433524e-06,3.053055e-07,1.0749603e-06,2.6610094e-06,4.9569928e-05,0.99992967,2.0195249e-07,0.99992967
pamap2,gnn_flatten_lstm,sequence,7,107,107,108,1086,23503,23503,10,10,17,17,ironing,ironing,True,2.6044842e-07,7.180921e-06,3.3639515e-06,3.0129863e-06,5.2764144e-06,6.446642e-06,3.7142078e-07,1.3523985e-06,3.0007043e-06,5.2509014e-05,0.9999169,2.5655729e-07,0.9999169
pamap2,gnn_flatten_lstm,sequence,7,107,107,108,1087,23504,23504,10,10,17,17,ironing,ironing,True,1.9376506e-07,5.6360727e-06,3.218506e-06,2.3605753e-06,3.8050644e-06,5.6091767e-06,2.9771664e-07,1.0291398e-06,2.766377e-06,4.568436e-05,0.9999292,2.1685099e-07,0.9999292
pamap2,gnn_flatten_lstm,sequence,7,107,107,108,1088,23505,23505,10,10,17,17,ironing,ironing,True,1.5243153e-07,3.562759e-06,3.2561409e-06,1.8841972e-06,2.3075672e-06,4.083146e-06,2.6754506e-07,8.304478e-07,2.4842436e-06,4.981777e-05,0.99993134,1.7383474e-07,0.99993134
pamap2,gnn_flatten_lstm,sequence,7,107,107,108,1089,23506,23506,10,10,17,17,ironing,ironing,True,1.3301013e-07,2.5045e-06,3.3069807e-06,1.5889628e-06,1.6059737e-06,3.2629314e-06,2.465268e-07,7.3707406e-07,2.3492983e-06,5.524317e-05,0.99992883,1.5078521e-07,0.99992883
pamap2,gnn_flatten_lstm,sequence,7,107,107,108,1090,23507,23507,10,10,17,17,ironing,ironing,True,1.223018e-07,1.8481934e-06,3.3658634e-06,1.4281582e-06,1.1896404e-06,2.647117e-06,2.2435376e-07,7.0063066e-07,2.2455208e-06,6.0854087e-05,0.99992526,1.380691e-07,0.99992526
pamap2,gnn_flatten_lstm,sequence,7,107,107,108,1091,23508,23508,10,10,17,17,ironing,ironing,True,1.2750921e-07,1.8390971e-06,3.5122903e-06,1.4599797e-06,1.209775e-06,2.8038469e-06,2.3516206e-07,7.581321e-07,2.3269836e-06,6.5658e-05,0.9999199,1.4452228e-07,0.9999199
pamap2,gnn_flatten_lstm,sequence,7,107,107,108,1092,23509,23509,10,10,17,17,ironing,ironing,True,1.3830704e-07,2.0708453e-06,3.6970466e-06,1.5781408e-06,1.3814025e-06,3.2838686e-06,2.5607605e-07,8.47193e-07,2.4642982e-06,6.884774e-05,0.99991536,1.5668715e-07,0.99991536
pamap2,gnn_flatten_lstm,sequence,7,107,107,108,1093,23510,23510,10,10,17,17,ironing,ironing,True,1.2839284e-07,1.943234e-06,3.4506575e-06,1.499713e-06,1.2983726e-06,3.1542945e-06,2.3360488e-07,7.899948e-07,2.2709698e-06,6.471727e-05,0.99992037,1.4381523e-07,0.99992037
pamap2,gnn_flatten_lstm,sequence,7,107,107,108,1094,23511,23511,10,10,17,17,ironing,ironing,True,1.231548e-07,2.0529992e-06,3.2016803e-06,1.4456961e-06,1.3432207e-06,3.1488312e-06,2.1497782e-07,7.4653764e-07,2.1898127e-06,5.7086498e-05,0.99992824,1.3502685e-07,0.99992824
pamap2,gnn_flatten_lstm,sequence,7,107,107,108,1095,23512,23512,10,10,17,17,ironing,ironing,True,1.01429606e-07,1.5699098e-06,2.773426e-06,1.2016765e-06,1.0241156e-06,2.3476646e-06,1.750552e-07,6.0582477e-07,1.904004e-06,5.1115883e-05,0.9999372,1.1050874e-07,0.9999372
pamap2,gnn_flatten_lstm,sequence,7,107,107,108,1096,23513,23513,10,10,17,17,ironing,ironing,True,8.5362096e-08,1.2832083e-06,2.3430562e-06,1.0437434e-06,8.546542e-07,1.939313e-06,1.4905513e-07,5.020632e-07,1.6430712e-06,4.5692545e-05,0.9999443,9.297196e-08,0.9999443
pamap2,gnn_flatten_lstm,sequence,7,107,107,108,1097,23514,23514,10,10,17,17,ironing,ironing,True,7.391675e-08,1.1426334e-06,2.0519303e-06,9.261406e-07,7.623654e-07,1.7563214e-06,1.2914936e-07,4.3091848e-07,1.4394213e-06,4.107483e-05,0.9999502,8.052993e-08,0.9999502
pamap2,gnn_flatten_lstm,sequence,7,107,107,108,1098,23515,23515,10,10,17,17,ironing,ironing,True,7.03094e-08,1.2059038e-06,2.03548e-06,8.8316557e-07,7.659922e-07,1.7579848e-06,1.1739614e-07,4.0954302e-07,1.3551515e-06,3.780523e-05,0.9999536,7.614114e-08,0.9999536
pamap2,gnn_flatten_lstm,sequence,7,107,107,108,1099,23516,23516,10,10,17,17,ironing,ironing,True,6.62168e-08,1.1889763e-06,2.0287855e-06,8.5097923e-07,7.1923154e-07,1.6137171e-06,1.0008256e-07,4.0711797e-07,1.2788863e-06,3.459185e-05,0.9999571,6.957499e-08,0.9999571
pamap2,gnn_flatten_lstm,sequence,7,107,107,108,1100,23517,23517,10,10,17,17,ironing,ironing,True,6.687225e-08,1.2168857e-06,2.1228977e-06,8.5303685e-07,7.1271785e-07,1.5762487e-06,9.396296e-08,4.2303841e-07,1.2698895e-06,3.4077682e-05,0.99995744,6.732877e-08,0.99995744
pamap2,gnn_flatten_lstm,sequence,7,107,107,108,1101,23518,23518,10,10,17,17,ironing,ironing,True,7.3295595e-08,1.1630409e-06,2.3091368e-06,9.075696e-07,7.024721e-07,1.5275511e-06,9.611893e-08,4.7315817e-07,1.3664506e-06,3.8061848e-05,0.99995327,7.280737e-08,0.99995327
pamap2,gnn_flatten_lstm,sequence,7,107,107,108,1102,23519,23519,10,10,17,17,ironing,ironing,True,8.496148e-08,1.336594e-06,2.998193e-06,9.099857e-07,7.1290106e-07,1.8586561e-06,1.15456054e-07,4.3525193e-07,1.4249437e-06,4.634983e-05,0.9999436,7.722326e-08,0.9999436
pamap2,gnn_flatten_lstm,sequence,7,107,107,108,1103,23520,23520,10,10,17,17,ironing,ironing,True,1.0251025e-07,1.6653003e-06,3.5127077e-06,9.431568e-07,8.6171804e-07,2.437176e-06,1.5186052e-07,4.2250187e-07,1.6118386e-06,5.627734e-05,0.99993193,9.4794906e-08,0.99993193
pamap2,gnn_flatten_lstm,sequence,7,107,107,108,1104,23521,23521,10,10,17,17,ironing,ironing,True,5.891454e-08,1.0559863e-06,2.015277e-06,6.4688396e-07,5.864583e-07,1.4532754e-06,1.0032928e-07,2.812205e-07,1.162485e-06,3.7673082e-05,0.99995494,6.095361e-08,0.99995494
pamap2,gnn_flatten_lstm,sequence,7,107,107,108,1105,23522,23522,10,10,17,17,ironing,ironing,True,4.3509296e-08,7.17682e-07,1.447384e-06,5.023025e-07,4.4909464e-07,1.1270572e-06,7.786445e-08,2.3642117e-07,9.889061e-07,3.1174848e-05,0.99996316,4.8278398e-08,0.99996316
pamap2,gnn_flatten_lstm,sequence,7,107,107,108,1106,23523,23523,10,10,17,17,ironing,ironing,True,4.708589e-08,7.231151e-07,1.5254177e-06,5.3967483e-07,4.6348617e-07,1.1237389e-06,8.180682e-08,2.6815292e-07,1.1316349e-06,3.2513162e-05,0.9999615,5.398434e-08,0.9999615
pamap2,gnn_flatten_lstm,sequence,7,107,107,108,1107,23524,23524,10,10,17,17,ironing,ironing,True,4.6108426e-08,7.197242e-07,1.478699e-06,5.2596766e-07,4.6062738e-07,1.1046146e-06,7.8942605e-08,2.6560122e-07,1.1330715e-06,3.1377658e-05,0.9999627,5.1977626e-08,0.9999627
pamap2,gnn_flatten_lstm,sequence,7,107,107,108,1108,23525,23525,10,10,17,17,ironing,ironing,True,4.6046402e-08,6.98383e-07,1.4571706e-06,5.3016805e-07,4.5326874e-07,1.0538242e-06,7.527604e-08,2.74481e-07,1.1351086e-06,3.0943014e-05,0.9999633,5.121195e-08,0.9999633
pamap2,gnn_flatten_lstm,sequence,7,107,107,108,1109,23526,23526,10,10,17,17,ironing,ironing,True,5.685269e-08,8.0105633e-07,1.7877436e-06,6.504224e-07,5.021021e-07,1.0487375e-06,8.0412065e-08,3.4811418e-07,1.3217872e-06,3.5353554e-05,0.9999579,5.9676076e-08,0.9999579
pamap2,gnn_flatten_lstm,sequence,7,107,107,108,1110,23527,23527,10,10,17,17,ironing,ironing,True,6.3380114e-08,8.3755833e-07,1.9447014e-06,7.1367185e-07,5.2564684e-07,1.0277492e-06,8.2132196e-08,3.9854933e-07,1.4225814e-06,3.8739774e-05,0.9999542,6.25598e-08,0.9999542
pamap2,gnn_flatten_lstm,sequence,7,107,107,108,1111,23528,23528,10,10,17,17,ironing,ironing,True,6.7930664e-08,8.6604416e-07,2.0344753e-06,7.807383e-07,5.462686e-07,1.0234298e-06,8.628846e-08,4.3024988e-07,1.4658655e-06,4.067356e-05,0.99995196,6.423774e-08,0.99995196
pamap2,gnn_flatten_lstm,sequence,7,107,107,108,1112,23529,23529,10,10,17,17,ironing,ironing,True,6.682018e-08,9.1362983e-07,1.9546444e-06,8.088886e-07,5.743258e-07,1.0617563e-06,8.684114e-08,4.2461724e-07,1.4037604e-06,3.7934384e-05,0.9999547,6.32338e-08,0.9999547
pamap2,gnn_flatten_lstm,sequence,7,107,107,108,1113,23530,23530,10,10,17,17,ironing,ironing,True,7.0548055e-08,1.0725237e-06,1.9903664e-06,8.879297e-07,6.717137e-07,1.2274645e-06,9.85713e-08,4.4484574e-07,1.4683782e-06,3.7040092e-05,0.9999548,6.935026e-08,0.9999548
pamap2,gnn_flatten_lstm,sequence,7,107,107,108,1114,23531,23531,10,10,17,17,ironing,ironing,True,6.751155e-08,1.0617348e-06,1.861117e-06,8.734908e-07,6.8672324e-07,1.3137021e-06,9.9584355e-08,4.3820833e-07,1.4293104e-06,3.5666915e-05,0.99995637,6.872883e-08,0.99995637
pamap2,gnn_flatten_lstm,sequence,7,107,107,108,1115,23532,23532,10,10,17,17,ironing,ironing,True,6.917962e-08,1.1077494e-06,1.9125541e-06,8.924927e-07,7.177409e-07,1.4179401e-06,1.04039664e-07,4.4967064e-07,1.464511e-06,3.6274956e-05,0.99995553,7.14019e-08,0.99995553
pamap2,gnn_flatten_lstm,sequence,7,107,107,108,1116,23533,23533,10,10,17,17,ironing,ironing,True,7.60706e-08,1.1889031e-06,2.0840644e-06,9.536666e-07,7.71287e-07,1.555437e-06,1.13879565e-07,4.8543575e-07,1.583194e-06,3.9409944e-05,0.99995184,7.8692054e-08,0.99995184
pamap2,gnn_flatten_lstm,sequence,7,107,107,108,1117,23534,23534,10,10,17,17,ironing,ironing,True,9.3844406e-08,1.556495e-06,2.517561e-06,1.0861943e-06,9.740817e-07,2.0066043e-06,1.4196986e-07,5.6646286e-07,1.9127258e-06,4.485156e-05,0.9999442,9.616042e-08,0.9999442
pamap2,gnn_flatten_lstm,sequence,7,107,107,108,1118,23535,23535,10,10,17,17,ironing,ironing,True,9.394788e-08,1.7140947e-06,2.4160279e-06,1.0564039e-06,1.0676359e-06,2.1309256e-06,1.4515037e-07,5.63883e-07,2.0420298e-06,4.3002983e-05,0.99994576,9.80624e-08,0.99994576
pamap2,gnn_flatten_lstm,sequence,7,107,107,108,1119,23536,23536,10,10,17,17,ironing,ironing,True,7.355546e-08,1.3714392e-06,1.8685738e-06,8.373955e-07,8.90464e-07,1.8697216e-06,1.1946132e-07,4.3845745e-07,1.6320184e-06,3.6398313e-05,0.99995434,7.775557e-08,0.99995434
pamap2,gnn_flatten_lstm,sequence,7,107,107,108,1120,23537,23537,10,10,17,17,ironing,ironing,True,6.4114545e-08,1.1856392e-06,1.6369469e-06,7.3565514e-07,7.8963507e-07,1.6857696e-06,1.0495145e-07,3.819161e-07,1.4421435e-06,3.3036333e-05,0.9999589,6.9063574e-08,0.9999589
pamap2,gnn_flatten_lstm,sequence,7,107,107,108,1121,23538,23538,10,10,17,17,ironing,ironing,True,7.050932e-08,1.3105494e-06,1.8386617e-06,8.2283924e-07,8.375621e-07,1.6212475e-06,1.0823876e-07,4.348772e-07,1.6409699e-06,3.4496006e-05,0.99995685,7.6477164e-08,0.99995685
pamap2,gnn_flatten_lstm,sequence,7,107,107,108,1122,23539,23539,10,10,17,17,ironing,ironing,True,7.705449e-08,1.4645267e-06,1.9279871e-06,8.906673e-07,9.3068167e-07,1.6914362e-06,1.1480647e-07,4.8514556e-07,1.8363098e-06,3.565336e-05,0.9999548,8.2784474e-08,0.9999548
pamap2,gnn_flatten_lstm,sequence,7,107,107,108,1123,23540,23540,10,10,17,17,ironing,ironing,True,7.226174e-08,1.3913447e-06,1.8107262e-06,8.5449494e-07,8.860674e-07,1.6123773e-06,1.0718079e-07,4.5839477e-07,1.7016282e-06,3.385566e-05,0.9999572,7.6508705e-08,0.9999572
pamap2,gnn_flatten_lstm,sequence,7,107,107,108,1124,23541,23541,10,10,17,17,ironing,ironing,True,5.4521465e-08,1.0830523e-06,1.4109334e-06,6.786222e-07,6.9992365e-07,1.3549171e-06,8.4134534e-08,3.4282903e-07,1.2817336e-06,2.8172095e-05,0.9999647,5.7020536e-08,0.9999647
pamap2,gnn_flatten_lstm,sequence,7,107,107,108,1125,23542,23542,10,10,17,17,ironing,ironing,True,4.793167e-08,8.587833e-07,1.3056923e-06,6.171149e-07,5.758224e-07,1.1873666e-06,7.9980374e-08,2.9614466e-07,1.1202592e-06,2.8534167e-05,0.9999652,5.198579e-08,0.9999652
pamap2,gnn_flatten_lstm,sequence,7,107,107,108,1126,23543,23543,10,10,17,17,ironing,ironing,True,5.175628e-08,8.6003126e-07,1.4264177e-06,6.6367113e-07,5.8245035e-07,1.219354e-06,9.0174815e-08,3.1198658e-07,1.1839772e-06,3.1661177e-05,0.99996185,5.7433073e-08,0.99996185
pamap2,gnn_flatten_lstm,sequence,7,107,107,108,1127,23544,23544,10,10,17,17,ironing,ironing,True,5.4667737e-08,8.08779e-07,1.5336633e-06,6.881065e-07,5.5759597e-07,1.219259e-06,9.595219e-08,3.2256384e-07,1.1862426e-06,3.500823e-05,0.9999584,5.977179e-08,0.9999584
pamap2,gnn_flatten_lstm,sequence,7,107,107,108,1128,23545,23545,10,10,17,17,ironing,ironing,True,4.7715275e-08,5.9142224e-07,1.426714e-06,5.9467993e-07,4.1132333e-07,9.65085e-07,7.6981344e-08,2.717341e-07,9.83612e-07,3.3911645e-05,0.99996066,4.8928307e-08,0.99996066
pamap2,gnn_flatten_lstm,sequence,7,107,107,108,1129,23546,23546,10,10,17,17,ironing,ironing,True,3.937319e-08,5.4770845e-07,1.2408788e-06,5.2011416e-07,3.6761588e-07,8.292344e-07,6.430614e-08,2.2623462e-07,8.3609285e-07,2.8030563e-05,0.99996734,4.1684213e-08,0.99996734
pamap2,gnn_flatten_lstm,sequence,7,107,107,108,1130,23547,23547,10,10,17,17,ironing,ironing,True,3.87776e-08,7.299888e-07,1.2199541e-06,5.0885865e-07,4.6850454e-07,1.0098479e-06,7.151145e-08,2.1819862e-07,7.696877e-07,2.6369275e-05,0.9999685,4.0574143e-08,0.9999685
pamap2,gnn_flatten_lstm,sequence,7,107,107,108,1131,23548,23548,10,10,17,17,ironing,ironing,True,4.0588358e-08,8.785008e-07,1.3120645e-06,5.3020847e-07,5.460748e-07,1.2385611e-06,8.058206e-08,2.2752519e-07,7.807634e-07,2.6368882e-05,0.99996793,4.21797e-08,0.99996793
pamap2,gnn_flatten_lstm,sequence,7,107,107,108,1132,23549,23549,10,10,17,17,ironing,ironing,True,5.756625e-08,1.0720676e-06,1.7446971e-06,7.109856e-07,6.68403e-07,1.5594312e-06,1.0481419e-07,3.0761623e-07,1.0146474e-06,3.3980243e-05,0.99995863,6.036482e-08,0.99995863
pamap2,gnn_flatten_lstm,sequence,7,107,107,108,1133,23550,23550,10,10,17,17,ironing,ironing,True,7.005596e-08,8.8579264e-07,2.0660234e-06,8.1476907e-07,5.996557e-07,1.6070394e-06,1.12492785e-07,3.9667833e-07,1.2055664e-06,4.4726723e-05,0.9999474,7.4850064e-08,0.9999474
pamap2,gnn_flatten_lstm,sequence,7,107,107,108,1134,23551,23551,10,10,17,17,ironing,ironing,True,1.1727284e-07,8.7854534e-07,3.0528915e-06,1.2178217e-06,6.2939563e-07,1.4488081e-06,1.4627251e-07,6.1590197e-07,1.8952039e-06,6.095259e-05,0.99992895,1.2271805e-07,0.99992895
pamap2,gnn_flatten_lstm,sequence,7,107,107,108,1135,23552,23552,10,10,17,17,ironing,ironing,True,2.0411323e-07,9.4158236e-07,3.779001e-06,1.883965e-06,7.7219687e-07,1.2923234e-06,1.7968752e-07,1.0064336e-06,3.1346292e-06,7.447812e-05,0.999912,2.206801e-07,0.999912
pamap2,gnn_flatten_lstm,sequence,7,107,107,108,1136,23553,23553,10,10,17,17,ironing,ironing,True,2.6198367e-07,9.008564e-07,4.2003385e-06,2.293985e-06,7.973468e-07,1.1772082e-06,1.9997343e-07,1.242397e-06,3.9410843e-06,8.6868145e-05,0.99989784,2.9106147e-07,0.99989784
pamap2,gnn_flatten_lstm,sequence,7,107,107,108,1137,23554,23554,10,10,17,17,ironing,ironing,True,2.2103771e-07,7.8102045e-07,3.7135565e-06,2.0610557e-06,6.7173215e-07,9.4384234e-07,1.7783452e-07,1.0262648e-06,3.506378e-06,7.8748926e-05,0.999908,2.4364934e-07,0.999908
pamap2,gnn_flatten_lstm,sequence,7,107,107,108,1138,23555,23555,10,10,17,17,ironing,ironing,True,2.512738e-07,8.746662e-07,4.032892e-06,2.3388807e-06,7.5079976e-07,8.87771e-07,1.996364e-07,1.1360972e-06,3.8419157e-06,8.144587e-05,0.9999039,2.7051277e-07,0.9999039
pamap2,gnn_flatten_lstm,sequence,7,107,107,108,1139,23556,23556,10,10,17,17,ironing,ironing,True,3.274368e-07,1.0226112e-06,4.792501e-06,2.9171574e-06,9.048065e-07,8.594636e-07,2.384674e-07,1.5306306e-06,4.7234994e-06,9.7091106e-05,0.9998853,3.276973e-07,0.9998853
pamap2,gnn_flatten_lstm,sequence,7,107,107,108,1140,23557,23557,10,10,17,17,ironing,ironing,True,3.056192e-07,8.944147e-07,4.4858325e-06,2.6445518e-06,8.173087e-07,7.7490387e-07,2.1809525e-07,1.4777082e-06,4.6847626e-06,9.860883e-05,0.9998847,3.024348e-07,0.9998847
pamap2,gnn_flatten_lstm,sequence,7,107,107,108,1141,23558,23558,10,10,17,17,ironing,ironing,True,1.6015655e-07,6.7876437e-07,2.6950543e-06,1.5530657e-06,5.690993e-07,6.1129384e-07,1.287369e-07,8.0504003e-07,2.93561e-06,6.149964e-05,0.9999281,1.6292566e-07,0.9999281
pamap2,gnn_flatten_lstm,sequence,7,107,107,108,1142,23559,23559,10,10,17,17,ironing,ironing,True,9.9370595e-08,5.365708e-07,2.1723638e-06,1.056821e-06,3.931983e-07,4.6320977e-07,8.1040206e-08,5.379671e-07,1.9545785e-06,4.680572e-05,0.99994576,9.599417e-08,0.99994576
pamap2,gnn_flatten_lstm,sequence,7,107,107,108,1143,23560,23560,10,10,17,17,ironing,ironing,True,9.300782e-08,5.161647e-07,2.1123592e-06,9.985656e-07,3.7326873e-07,4.682656e-07,7.379082e-08,5.184246e-07,1.8395936e-06,4.4330904e-05,0.9999485,8.682637e-08,0.9999485
pamap2,gnn_flatten_lstm,sequence,7,107,107,108,1144,23561,23561,10,10,17,17,ironing,ironing,True,1.044929e-07,5.076617e-07,2.5227669e-06,1.072409e-06,3.6555977e-07,4.7582637e-07,7.818905e-08,5.7998125e-07,1.9889656e-06,4.9857048e-05,0.9999423,9.0862436e-08,0.9999423
pamap2,gnn_flatten_lstm,sequence,7,107,107,108,1145,23562,23562,10,10,17,17,ironing,ironing,True,1.7053499e-07,6.003816e-07,4.5613137e-06,1.5256545e-06,4.3589182e-07,5.7926536e-07,1.1697392e-07,9.4753176e-07,2.9143143e-06,7.9193334e-05,0.9999088,1.3450179e-07,0.9999088
pamap2,gnn_flatten_lstm,sequence,7,107,107,108,1146,23563,23563,10,10,17,17,ironing,ironing,True,4.0766724e-07,1.0219346e-06,1.0202496e-05,3.0705223e-06,7.8452473e-07,9.1607996e-07,2.3955445e-07,2.2411994e-06,5.9855097e-06,0.00015045956,0.99982435,2.791313e-07,0.99982435
pamap2,gnn_flatten_lstm,sequence,7,107,107,108,1147,23564,23564,10,10,17,17,ironing,ironing,True,7.075297e-07,1.4159552e-06,1.6988293e-05,4.6342716e-06,1.1566965e-06,1.374421e-06,3.9893166e-07,3.707558e-06,9.3238505e-06,0.00023401214,0.99972576,4.496462e-07,0.99972576
pamap2,gnn_flatten_lstm,sequence,7,107,107,108,1148,23565,23565,10,10,17,17,ironing,ironing,True,6.266872e-07,1.3222229e-06,1.5116289e-05,4.0103255e-06,1.053764e-06,1.4062969e-06,3.736568e-07,2.9965113e-06,8.268458e-06,0.00022232893,0.9997421,4.3363923e-07,0.9997421
pamap2,gnn_flatten_lstm,sequence,7,107,107,108,1149,23566,23566,10,10,17,17,ironing,ironing,True,4.6348995e-07,1.0743668e-06,1.1988601e-05,3.0462188e-06,8.310507e-07,1.2592033e-06,3.022719e-07,2.1367173e-06,6.470185e-06,0.00018262495,0.9997894,3.5285686e-07,0.9997894
pamap2,gnn_flatten_lstm,sequence,7,107,107,108,1150,23567,23567,10,10,17,17,ironing,ironing,True,3.268061e-07,8.9249926e-07,8.561676e-06,2.2909685e-06,6.879824e-07,1.1461831e-06,2.3061189e-07,1.5260675e-06,4.9207456e-06,0.0001391893,0.9998399,2.830403e-07,0.9998399
pamap2,gnn_flatten_lstm,sequence,7,107,107,108,1151,23568,23568,10,10,17,17,ironing,ironing,True,1.6755097e-07,6.280103e-07,5.5316186e-06,1.2826814e-06,4.4841784e-07,8.5802e-07,1.4891707e-07,8.12278e-07,2.8628338e-06,0.000104520615,0.9998827,1.5900923e-07,0.9998827
pamap2,gnn_flatten_lstm,sequence,7,107,107,108,1152,23569,23569,10,10,17,17,ironing,ironing,True,1.2396934e-07,6.2070626e-07,4.5614474e-06,9.394219e-07,4.1154635e-07,7.8951774e-07,1.3366076e-07,5.821472e-07,2.0252774e-06,9.0732225e-05,0.999899,1.1359686e-07,0.999899
pamap2,gnn_flatten_lstm,sequence,7,107,107,108,1153,23570,23570,10,10,17,17,ironing,ironing,True,9.263771e-08,5.2763266e-07,3.2545547e-06,7.443758e-07,3.618531e-07,7.691476e-07,1.0039171e-07,4.6496592e-07,1.6468447e-06,7.1037255e-05,0.99992085,8.7787456e-08,0.99992085
pamap2,gnn_flatten_lstm,sequence,7,107,107,108,1154,23571,23571,10,10,17,17,ironing,ironing,True,9.589042e-08,6.4733905e-07,3.3805663e-06,7.858489e-07,4.1692243e-07,8.858832e-07,9.2686676e-08,5.1870114e-07,1.738332e-06,6.470354e-05,0.9999267,8.6287095e-08,0.9999267
pamap2,gnn_flatten_lstm,sequence,7,107,107,108,1155,23572,23572,10,10,17,17,ironing,ironing,True,8.68354e-08,7.429207e-07,2.9830376e-06,7.5860373e-07,4.6363363e-07,9.687895e-07,8.043072e-08,5.046504e-07,1.625634e-06,5.3550804e-05,0.99993813,7.552366e-08,0.99993813
pamap2,gnn_flatten_lstm,sequence,7,107,107,108,1156,23573,23573,10,10,17,17,ironing,ironing,True,6.9352296e-08,7.143927e-07,2.2523022e-06,6.854835e-07,4.6422443e-07,9.2039164e-07,6.747392e-08,4.4461243e-07,1.3661269e-06,4.2917207e-05,0.99994993,6.1490454e-08,0.99994993
pamap2,gnn_flatten_lstm,sequence,7,107,107,108,1157,23574,23574,10,10,17,17,ironing,ironing,True,6.666058e-08,8.188971e-07,2.0486402e-06,7.0533446e-07,5.4518273e-07,1.0821149e-06,7.052682e-08,4.5599572e-07,1.3510451e-06,3.955391e-05,0.99995327,6.1581034e-08,0.99995327
pamap2,gnn_flatten_lstm,sequence,7,107,107,108,1158,23575,23575,10,10,17,17,ironing,ironing,True,7.838092e-08,1.2672825e-06,2.0054506e-06,8.7113176e-07,8.962236e-07,1.8349511e-06,9.528569e-08,5.7150925e-07,1.6004133e-06,3.8767696e-05,0.99995184,7.865244e-08,0.99995184
pamap2,gnn_flatten_lstm,sequence,7,107,107,108,1159,23576,23576,10,10,17,17,ironing,ironing,True,9.823973e-08,2.1716296e-06,2.0455352e-06,1.1117173e-06,1.5926788e-06,3.2756373e-06,1.3670306e-07,7.077916e-07,1.9265958e-06,3.875598e-05,0.99994814,1.015612e-07,0.99994814
pamap2,gnn_flatten_lstm,sequence,7,107,107,108,1160,23577,23577,10,10,17,17,ironing,ironing,True,9.329003e-08,2.7310966e-06,1.7987846e-06,1.0277284e-06,1.8316263e-06,3.7185052e-06,1.3365627e-07,6.1038406e-07,1.7474434e-06,3.306943e-05,0.99995315,8.948475e-08,0.99995315
pamap2,gnn_flatten_lstm,sequence,7,107,107,108,1161,23578,23578,10,10,17,17,ironing,ironing,True,7.9433896e-08,2.5223455e-06,1.6418993e-06,9.396776e-07,1.5651833e-06,2.9955536e-06,1.1160857e-07,5.058397e-07,1.5538978e-06,2.7616617e-05,0.9999603,7.495075e-08,0.9999603
pamap2,gnn_flatten_lstm,sequence,7,107,107,108,1162,23579,23579,10,10,17,17,ironing,ironing,True,7.038005e-08,1.8080351e-06,1.7060602e-06,8.9282645e-07,1.1123343e-06,2.0653254e-06,9.6807e-08,4.6501805e-07,1.4784966e-06,2.791696e-05,0.99996233,6.8419915e-08,0.99996233
pamap2,gnn_flatten_lstm,sequence,7,107,107,108,1163,23580,23580,10,10,17,17,ironing,ironing,True,8.174521e-08,2.1383778e-06,1.7961256e-06,1.0232395e-06,1.3686519e-06,2.4537883e-06,1.11535726e-07,5.438578e-07,1.665947e-06,2.9065508e-05,0.9999597,7.903005e-08,0.9999597
pamap2,gnn_flatten_lstm,sequence,7,107,107,108,1164,23581,23581,10,10,17,17,ironing,ironing,True,8.238166e-08,2.1562867e-06,1.7590793e-06,1.0449738e-06,1.4085269e-06,2.532533e-06,1.1461168e-07,5.4725643e-07,1.6412959e-06,2.8707147e-05,0.99995995,7.868638e-08,0.99995995
pamap2,gnn_flatten_lstm,sequence,7,107,107,108,1165,23582,23582,10,10,17,17,ironing,ironing,True,7.565972e-08,1.910212e-06,1.6718783e-06,9.872344e-07,1.2373356e-06,2.2433412e-06,1.0503169e-07,4.954975e-07,1.4947938e-06,2.7435095e-05,0.9999622,7.092933e-08,0.9999622
pamap2,gnn_flatten_lstm,sequence,7,107,107,108,1166,23583,23583,10,10,17,17,ironing,ironing,True,6.967552e-08,1.7171773e-06,1.5617715e-06,9.1182943e-07,1.1067418e-06,1.9917095e-06,9.427529e-08,4.4923675e-07,1.3661876e-06,2.5902418e-05,0.99996483,6.3809686e-08,0.99996483
pamap2,gnn_flatten_lstm,sequence,7,107,107,108,1167,23584,23584,10,10,17,17,ironing,ironing,True,6.249778e-08,1.4909633e-06,1.4473186e-06,8.143994e-07,9.4614893e-07,1.671299e-06,8.0737266e-08,3.977087e-07,1.2479511e-06,2.419843e-05,0.9999676,5.6607288e-08,0.9999676
pamap2,gnn_flatten_lstm,sequence,7,107,107,108,1168,23585,23585,10,10,17,17,ironing,ironing,True,7.977421e-08,1.743986e-06,1.798466e-06,9.203132e-07,1.1089583e-06,2.2079166e-06,9.47606e-08,4.786654e-07,1.3955573e-06,2.9007644e-05,0.999961,6.882833e-08,0.999961
pamap2,gnn_flatten_lstm,sequence,7,107,107,108,1169,23586,23586,10,10,17,17,ironing,ironing,True,8.854558e-08,1.916745e-06,2.0720095e-06,9.4502053e-07,1.1841812e-06,2.6819343e-06,1.04733346e-07,5.0641756e-07,1.4418613e-06,3.316066e-05,0.9999558,7.5706865e-08,0.9999558
pamap2,gnn_flatten_lstm,sequence,7,107,107,108,1170,23587,23587,10,10,17,17,ironing,ironing,True,7.0266104e-08,1.561565e-06,1.8256824e-06,8.715697e-07,9.850414e-07,2.0777536e-06,8.800527e-08,4.617404e-07,1.3122286e-06,2.9322757e-05,0.9999614,6.7111074e-08,0.9999614
pamap2,gnn_flatten_lstm,sequence,7,107,107,108,1171,23588,23588,10,10,17,17,ironing,ironing,True,6.519204e-08,1.4478618e-06,1.7508975e-06,8.5845005e-07,9.4510426e-07,1.9799102e-06,8.6990845e-08,4.6363598e-07,1.2703997e-06,2.864407e-05,0.99996233,6.4828356e-08,0.99996233
pamap2,gnn_flatten_lstm,sequence,7,107,107,108,1172,23589,23589,10,10,17,17,ironing,ironing,True,6.5581794e-08,1.366414e-06,1.755727e-06,8.543252e-07,9.3233336e-07,2.0095981e-06,9.0691834e-08,4.8187144e-07,1.2898302e-06,3.0254727e-05,0.9999608,6.704092e-08,0.9999608
pamap2,gnn_flatten_lstm,sequence,7,107,107,108,1173,23590,23590,10,10,17,17,ironing,ironing,True,6.8189415e-08,1.3774833e-06,1.8823332e-06,8.786213e-07,9.275065e-07,2.0269506e-06,9.565194e-08,5.0651295e-07,1.3556256e-06,3.2528344e-05,0.99995816,7.051238e-08,0.99995816
pamap2,gnn_flatten_lstm,sequence,7,107,107,108,1174,23591,23591,10,10,17,17,ironing,ironing,True,7.1855716e-08,1.410901e-06,2.0061093e-06,9.2324467e-07,9.5310224e-07,2.1010517e-06,1.0409161e-07,5.424308e-07,1.4346591e-06,3.5276527e-05,0.99995506,7.503975e-08,0.99995506
pamap2,gnn_flatten_lstm,sequence,7,107,107,108,1175,23592,23592,10,10,17,17,ironing,ironing,True,8.793927e-08,1.6873748e-06,2.3086586e-06,1.0850785e-06,1.1820242e-06,2.719492e-06,1.3148804e-07,6.518358e-07,1.6691436e-06,4.095112e-05,0.9999474,9.2687365e-08,0.9999474
pamap2,gnn_flatten_lstm,sequence,7,107,107,108,1176,23593,23593,10,10,17,17,ironing,ironing,True,1.1058528e-07,2.165286e-06,2.786108e-06,1.2558596e-06,1.4977041e-06,3.7032603e-06,1.6793236e-07,7.638517e-07,1.9777467e-06,4.8391623e-05,0.9999372,1.1353382e-07,0.9999372
pamap2,gnn_flatten_lstm,sequence,7,107,107,108,1177,23594,23594,10,10,17,17,ironing,ironing,True,1.0684324e-07,2.1445205e-06,2.90204e-06,1.2500506e-06,1.3896666e-06,3.3994356e-06,1.7769115e-07,7.2014143e-07,1.9929055e-06,5.1141364e-05,0.9999348,1.0871306e-07,0.9999348
pamap2,gnn_flatten_lstm,sequence,7,107,107,108,1178,23595,23595,10,10,17,17,ironing,ironing,True,1.0535314e-07,2.071557e-06,2.980568e-06,1.220283e-06,1.3195827e-06,3.1959908e-06,1.8019252e-07,6.9664964e-07,2.001618e-06,5.2196905e-05,0.99993384,1.0898784e-07,0.99993384
pamap2,gnn_flatten_lstm,sequence,7,107,107,108,1179,23596,23596,10,10,17,17,ironing,ironing,True,9.949486e-08,1.9025053e-06,2.8725685e-06,1.1671314e-06,1.2002955e-06,2.867297e-06,1.7243434e-07,6.360002e-07,1.886415e-06,5.0521783e-05,0.9999366,1.03866775e-07,0.9999366
pamap2,gnn_flatten_lstm,sequence,7,107,107,108,1180,23597,23597,10,10,17,17,ironing,ironing,True,9.39295e-08,1.7376851e-06,2.7495837e-06,1.1170973e-06,1.0918006e-06,2.5557108e-06,1.6549345e-07,5.849118e-07,1.7890466e-06,4.924953e-05,0.99993885,9.869012e-08,0.99993885
pamap2,gnn_flatten_lstm,sequence,7,107,107,108,1181,23598,23598,10,10,17,17,ironing,ironing,True,8.638449e-08,1.5407171e-06,2.5452714e-06,1.0437717e-06,9.61619e-07,2.1672092e-06,1.4824272e-07,5.2858155e-07,1.6482761e-06,4.643518e-05,0.9999428,8.915927e-08,0.9999428
pamap2,gnn_flatten_lstm,sequence,7,107,107,108,1182,23599,23599,10,10,17,17,ironing,ironing,True,8.053315e-08,1.3869841e-06,2.3973234e-06,9.852472e-07,8.5990297e-07,1.8866634e-06,1.3287678e-07,4.863199e-07,1.5205854e-06,4.3887187e-05,0.99994624,8.107133e-08,0.99994624
pamap2,gnn_flatten_lstm,sequence,7,107,107,108,1183,23600,23600,10,10,17,17,ironing,ironing,True,7.3717274e-08,1.2278962e-06,2.2266136e-06,9.1052345e-07,7.5617186e-07,1.6314428e-06,1.14200596e-07,4.4377018e-07,1.3717691e-06,4.0555293e-05,0.99995065,7.127881e-08,0.99995065
pamap2,gnn_flatten_lstm,sequence,7,107,107,108,1184,23601,23601,10,10,17,17,ironing,ironing,True,7.1775126e-08,1.1328577e-06,2.1904964e-06,8.8343495e-07,6.933168e-07,1.4459667e-06,1.02269595e-07,4.3506526e-07,1.3290784e-06,3.9148836e-05,0.99995244,6.6778874e-08,0.99995244
pamap2,gnn_flatten_lstm,sequence,7,107,107,108,1185,23602,23602,10,10,17,17,ironing,ironing,True,6.4831724e-08,9.376622e-07,2.071734e-06,7.910076e-07,5.6822586e-07,1.1782865e-06,8.605042e-08,3.9253771e-07,1.2274814e-06,3.7389367e-05,0.9999552,5.8646823e-08,0.9999552
pamap2,gnn_flatten_lstm,sequence,7,107,107,108,1186,23603,23603,10,10,17,17,ironing,ironing,True,6.336746e-08,8.50145e-07,2.1156225e-06,7.5690366e-07,5.1249947e-07,1.054691e-06,8.0400156e-08,3.8518832e-07,1.2171554e-06,3.7993075e-05,0.9999548,5.7171672e-08,0.9999548
pamap2,gnn_flatten_lstm,sequence,7,107,107,108,1187,23604,23604,10,10,17,17,ironing,ironing,True,7.684951e-08,9.94879e-07,2.5645707e-06,8.875114e-07,5.931738e-07,1.2129491e-06,9.4127834e-08,4.6578637e-07,1.4101822e-06,4.3444194e-05,0.99994814,6.830277e-08,0.99994814
pamap2,gnn_flatten_lstm,sequence,7,107,107,108,1188,23605,23605,10,10,17,17,ironing,ironing,True,8.754736e-08,1.1451409e-06,2.8857146e-06,1.0028785e-06,6.8174177e-07,1.4219347e-06,1.05961206e-07,5.356935e-07,1.5377332e-06,4.6608708e-05,0.999944,7.646291e-08,0.999944
pamap2,gnn_flatten_lstm,sequence,7,107,107,108,1189,23606,23606,10,10,17,17,ironing,ironing,True,9.4984486e-08,1.2768676e-06,2.9610896e-06,1.1224835e-06,7.912744e-07,1.5706473e-06,1.1396051e-07,6.244232e-07,1.6648634e-06,4.7427977e-05,0.9999423,8.460092e-08,0.9999423
pamap2,gnn_flatten_lstm,sequence,7,107,107,108,1190,23607,23607,10,10,17,17,ironing,ironing,True,9.633223e-08,1.3206927e-06,2.907901e-06,1.1705542e-06,8.539532e-07,1.698979e-06,1.1941715e-07,6.738712e-07,1.7050464e-06,4.7391975e-05,0.99994206,8.775599e-08,0.99994206
pamap2,gnn_flatten_lstm,sequence,7,107,107,108,1191,23608,23608,10,10,17,17,ironing,ironing,True,9.455486e-08,1.3696969e-06,2.7252092e-06,1.1740444e-06,9.4314635e-07,1.9969416e-06,1.2916146e-07,7.023348e-07,1.7186482e-06,4.6232362e-05,0.9999428,9.1907765e-08,0.9999428
pamap2,gnn_flatten_lstm,sequence,7,107,107,108,1192,23609,23609,10,10,17,17,ironing,ironing,True,1.002148e-07,1.5364525e-06,2.7099252e-06,1.2446061e-06,1.110251e-06,2.4609876e-06,1.48575e-07,7.7360164e-07,1.85234e-06,4.743092e-05,0.9999405,1.033794e-07,0.9999405
pamap2,gnn_flatten_lstm,sequence,7,107,107,108,1193,23610,23610,10,10,17,17,ironing,ironing,True,9.41609e-08,1.4246655e-06,2.5227343e-06,1.1916597e-06,1.0649156e-06,2.5523889e-06,1.4019994e-07,7.553097e-07,1.7950832e-06,4.55585e-05,0.9999428,1.0066234e-07,0.9999428
pamap2,gnn_flatten_lstm,sequence,7,107,107,108,1194,23611,23611,10,10,17,17,ironing,ironing,True,9.167827e-08,1.3866755e-06,2.5312397e-06,1.144809e-06,1.0294762e-06,2.6559085e-06,1.3520513e-07,7.399455e-07,1.7630821e-06,4.5358487e-05,0.99994314,9.944181e-08,0.99994314
pamap2,gnn_flatten_lstm,sequence,7,107,107,108,1195,23612,23612,10,10,17,17,ironing,ironing,True,1.1207183e-07,1.8091341e-06,3.0545318e-06,1.3188708e-06,1.3238142e-06,3.5447824e-06,1.7118242e-07,9.0120085e-07,2.0989005e-06,5.2459756e-05,0.999933,1.2397818e-07,0.999933
pamap2,gnn_flatten_lstm,sequence,7,107,107,108,1196,23613,23613,10,10,17,17,ironing,ironing,True,1.1900595e-07,1.9376637e-06,2.979419e-06,1.337505e-06,1.5050169e-06,4.139908e-06,1.7525988e-07,9.895721e-07,2.2238976e-06,5.3844662e-05,0.99993074,1.322091e-07,0.99993074
pamap2,gnn_flatten_lstm,sequence,7,107,107,108,1197,23614,23614,10,10,17,17,ironing,ironing,True,1.1558034e-07,1.8926454e-06,2.8976522e-06,1.2811203e-06,1.470997e-06,4.143837e-06,1.627968e-07,9.630082e-07,2.16841e-06,5.2454066e-05,0.9999323,1.2727389e-07,0.9999323
pamap2,gnn_flatten_lstm,sequence,7,107,107,108,1198,23615,23615,10,10,17,17,ironing,ironing,True,1.1921385e-07,2.024865e-06,3.207897e-06,1.3353553e-06,1.4702391e-06,4.139246e-06,1.680494e-07,9.838379e-07,2.2560666e-06,5.4236974e-05,0.99993,1.3054776e-07,0.99993
pamap2,gnn_flatten_lstm,sequence,7,107,107,108,1199,23616,23616,10,10,17,17,ironing,ironing,True,9.211728e-08,1.7265495e-06,2.806845e-06,1.0359104e-06,1.0954091e-06,3.0405636e-06,1.3443719e-07,6.758589e-07,1.7624337e-06,4.697052e-05,0.9999405,9.468043e-08,0.9999405
pamap2,gnn_flatten_lstm,sequence,7,107,107,108,1200,23617,23617,10,10,17,17,ironing,ironing,True,9.826927e-08,1.9700033e-06,2.8873292e-06,1.082355e-06,1.2535654e-06,3.2242356e-06,1.678103e-07,6.578271e-07,1.8232398e-06,5.093927e-05,0.99993587,1.0684948e-07,0.99993587
pamap2,gnn_flatten_lstm,sequence,7,107,107,108,1201,23618,23618,10,10,17,17,ironing,ironing,True,1.5376074e-07,3.9781016e-06,3.9590573e-06,1.5359022e-06,2.3843484e-06,5.6500344e-06,3.0766859e-07,9.2331436e-07,2.2665115e-06,6.640276e-05,0.99991226,1.4873171e-07,0.99991226
pamap2,gnn_flatten_lstm,sequence,7,107,107,108,1202,23619,23619,10,10,17,17,ironing,ironing,True,2.863322e-07,8.403866e-06,5.6464e-06,2.7000367e-06,5.5037635e-06,1.3154492e-05,6.5897774e-07,1.7865445e-06,3.3468048e-06,8.84462e-05,0.9998697,2.562444e-07,0.9998697
pamap2,gnn_flatten_lstm,sequence,7,107,107,108,1203,23620,23620,10,10,17,17,ironing,ironing,True,3.2855874e-07,1.0325484e-05,5.2659216e-06,2.8028537e-06,7.187633e-06,1.842153e-05,8.7430936e-07,1.8387016e-06,3.2374346e-06,9.592883e-05,0.9998536,2.7040787e-07,0.9998536
pamap2,gnn_flatten_lstm,sequence,7,107,107,108,1204,23621,23621,10,10,17,17,ironing,ironing,True,3.8062186e-07,1.0022701e-05,5.5707114e-06,2.924e-06,7.5694866e-06,2.4918481e-05,8.9440897e-07,1.9784302e-06,3.3756314e-06,0.00010946203,0.9998325,3.2358705e-07,0.9998325
pamap2,gnn_flatten_lstm,sequence,7,107,107,108,1205,23622,23622,10,10,17,17,ironing,ironing,True,3.1903593e-07,7.4988034e-06,4.93377e-06,2.7690962e-06,5.7311822e-06,1.6522885e-05,6.728243e-07,1.6714007e-06,3.3282786e-06,9.267062e-05,0.9998635,3.1569064e-07,0.9998635
pamap2,gnn_flatten_lstm,sequence,7,107,107,108,1206,23623,23623,10,10,17,17,ironing,ironing,True,2.5920232e-07,5.54586e-06,4.721078e-06,2.7987235e-06,3.8764038e-06,8.236879e-06,5.186116e-07,1.3465263e-06,3.1674304e-06,7.2096576e-05,0.9998971,2.7167644e-07,0.9998971
pamap2,gnn_flatten_lstm,sequence,7,107,107,108,1207,23624,23624,10,10,17,17,ironing,ironing,True,2.2595046e-07,4.188897e-06,3.6733643e-06,2.4749354e-06,3.2546811e-06,6.1311403e-06,3.8495259e-07,1.1781593e-06,2.9116568e-06,5.941641e-05,0.99991584,2.5541473e-07,0.99991584
pamap2,gnn_flatten_lstm,sequence,7,107,107,108,1208,23625,23625,10,10,17,17,ironing,ironing,True,2.4981082e-07,4.253283e-06,3.7704535e-06,2.5721042e-06,3.483427e-06,6.1981e-06,3.910582e-07,1.2473245e-06,3.0566523e-06,5.7971025e-05,0.99991643,2.9375173e-07,0.99991643
pamap2,gnn_flatten_lstm,sequence,7,107,107,108,1209,23626,23626,10,10,17,17,ironing,ironing,True,3.1875368e-07,4.414255e-06,4.902995e-06,3.3069123e-06,3.530606e-06,5.8317864e-06,4.575979e-07,1.7065016e-06,3.9180923e-06,7.260112e-05,0.9998987,3.6249136e-07,0.9998987
pamap2,gnn_flatten_lstm,sequence,7,107,107,108,1210,23627,23627,10,10,17,17,ironing,ironing,True,3.237867e-07,3.1761786e-06,5.6120953e-06,3.372095e-06,2.5227373e-06,4.4975486e-06,4.0707576e-07,1.7448078e-06,4.0425143e-06,8.345463e-05,0.99989057,3.5730645e-07,0.99989057
pamap2,gnn_flatten_lstm,sequence,7,107,107,108,1211,23628,23628,10,10,17,17,ironing,ironing,True,2.44087e-07,1.4397997e-06,5.0445055e-06,2.3291493e-06,1.1739452e-06,2.3800442e-06,2.853171e-07,1.2460665e-06,3.3634817e-06,9.543334e-05,0.9998869,2.6004892e-07,0.9998869
pamap2,gnn_flatten_lstm,sequence,7,107,107,108,1212,23629,23629,10,10,17,17,ironing,ironing,True,1.779036e-07,8.3431735e-07,4.4868098e-06,1.6170194e-06,6.454333e-07,1.3091501e-06,1.9820365e-07,8.6003666e-07,2.7389626e-06,9.117968e-05,0.9998957,1.9083832e-07,0.9998957
pamap2,gnn_flatten_lstm,sequence,7,107,107,108,1213,23630,23630,10,10,17,17,ironing,ironing,True,2.5173028e-07,9.602044e-07,6.271395e-06,2.0878103e-06,7.3774925e-07,1.1469172e-06,2.615572e-07,1.1713239e-06,3.5322753e-06,0.00011731945,0.999866,2.5124965e-07,0.999866
pamap2,gnn_flatten_lstm,sequence,7,107,107,108,1214,23631,23631,10,10,17,17,ironing,ironing,True,2.0681809e-07,7.92121e-07,4.3826944e-06,1.8151866e-06,6.7502555e-07,1.0215168e-06,1.9978833e-07,1.0285639e-06,3.134854e-06,9.7181255e-05,0.99988925,2.1967686e-07,0.99988925
pamap2,gnn_flatten_lstm,sequence,7,107,107,108,1215,23632,23632,10,10,17,17,ironing,ironing,True,1.5910668e-07,7.480975e-07,3.3685437e-06,1.4723068e-06,6.2886335e-07,9.388553e-07,1.5754108e-07,8.103733e-07,2.533894e-06,7.6391465e-05,0.9999126,1.7148776e-07,0.9999126
pamap2,gnn_flatten_lstm,sequence,7,107,107,108,1216,23633,23633,10,10,17,17,ironing,ironing,True,1.1611739e-07,6.62025e-07,2.9953897e-06,1.1276729e-06,4.9962404e-07,7.802183e-07,1.2301575e-07,6.033138e-07,1.9386575e-06,6.351883e-05,0.9999275,1.2188197e-07,0.9999275
pamap2,gnn_flatten_lstm,sequence,7,107,107,108,1217,23634,23634,10,10,17,17,ironing,ironing,True,1.0854001e-07,6.840002e-07,2.9470136e-06,1.0641909e-06,5.072898e-07,8.159551e-07,1.2131144e-07,5.8462695e-07,1.8163108e-06,6.267856e-05,0.9999286,1.13494735e-07,0.9999286
pamap2,gnn_flatten_lstm,sequence,7,107,107,108,1218,23635,23635,10,10,17,17,ironing,ironing,True,7.383636e-08,5.904799e-07,2.141206e-06,7.7502625e-07,4.3606076e-07,7.7733125e-07,9.4891334e-08,4.164669e-07,1.3007932e-06,4.9849412e-05,0.9999435,7.760879e-08,0.9999435
pamap2,gnn_flatten_lstm,sequence,7,107,107,108,1219,23636,23636,10,10,17,17,ironing,ironing,True,6.401859e-08,5.4962925e-07,1.8815692e-06,6.938852e-07,4.079935e-07,7.916117e-07,7.73093e-08,3.901192e-07,1.1921662e-06,4.4840144e-05,0.999949,6.4776195e-08,0.999949
pamap2,gnn_flatten_lstm,sequence,7,107,107,108,1220,23637,23637,10,10,17,17,ironing,ironing,True,7.0980676e-08,7.4522484e-07,1.9556655e-06,8.154363e-07,5.6202555e-07,1.0746867e-06,8.3901384e-08,4.8568336e-07,1.3408306e-06,4.307338e-05,0.9999497,7.1600454e-08,0.9999497
pamap2,gnn_flatten_lstm,sequence,7,107,107,108,1221,23638,23638,10,10,17,17,ironing,ironing,True,8.354551e-08,1.0992176e-06,2.0438008e-06,1.0134419e-06,8.568205e-07,1.6925342e-06,1.0408379e-07,6.186355e-07,1.5543244e-06,4.226609e-05,0.9999486,8.604345e-08,0.9999486
pamap2,gnn_flatten_lstm,sequence,7,107,107,108,1222,23639,23639,10,10,17,17,ironing,ironing,True,9.378614e-08,1.5092785e-06,2.0211273e-06,1.1656174e-06,1.2139614e-06,2.4606468e-06,1.2101738e-07,7.0893657e-07,1.7007478e-06,4.0022234e-05,0.99994886,9.801652e-08,0.99994886
pamap2,gnn_flatten_lstm,sequence,7,107,107,108,1223,23640,23640,10,10,17,17,ironing,ironing,True,6.778792e-08,1.0502398e-06,1.6356486e-06,8.631312e-07,8.0954493e-07,1.6599682e-06,8.586883e-08,5.1433517e-07,1.3203396e-06,3.399412e-05,0.9999579,6.822167e-08,0.9999579
pamap2,gnn_flatten_lstm,sequence,7,107,107,108,1224,23641,23641,10,10,17,17,ironing,ironing,True,7.090298e-08,1.4272733e-06,1.6594726e-06,9.260611e-07,1.0400851e-06,2.1970543e-06,9.7846765e-08,5.154041e-07,1.3646414e-06,3.181769e-05,0.99995875,7.138252e-08,0.99995875
pamap2,gnn_flatten_lstm,sequence,7,107,107,108,1225,23642,23642,10,10,17,17,ironing,ironing,True,7.92224e-08,1.9464658e-06,1.7738686e-06,1.0055866e-06,1.3417383e-06,2.7870722e-06,1.14161246e-07,5.492432e-07,1.519087e-06,3.1782183e-05,0.99995697,7.9702865e-08,0.99995697
pamap2,gnn_flatten_lstm,sequence,7,107,107,108,1226,23643,23643,10,10,17,17,ironing,ironing,True,7.66021e-08,1.8714758e-06,1.8417953e-06,9.900413e-07,1.2391897e-06,2.4790613e-06,1.1661705e-07,5.3303387e-07,1.562469e-06,3.2818698e-05,0.9999565,7.871914e-08,0.9999565
pamap2,gnn_flatten_lstm,sequence,7,107,107,108,1227,23644,23644,10,10,17,17,ironing,ironing,True,7.677127e-08,1.6794868e-06,1.943692e-06,9.706229e-07,1.1045638e-06,2.1833516e-06,1.2124764e-07,5.2451986e-07,1.6146446e-06,3.600087e-05,0.99995375,7.89797e-08,0.99995375
pamap2,gnn_flatten_lstm,sequence,7,107,107,108,1228,23645,23645,10,10,17,17,ironing,ironing,True,7.674932e-08,1.5055241e-06,1.9886552e-06,9.478837e-07,9.958397e-07,1.9550512e-06,1.2085147e-07,5.1574284e-07,1.6310033e-06,3.797312e-05,0.9999521,7.813301e-08,0.9999521
pamap2,gnn_flatten_lstm,sequence,7,107,107,108,1229,23646,23646,10,10,17,17,ironing,ironing,True,8.479026e-08,1.702811e-06,2.0940718e-06,1.0542948e-06,1.1412089e-06,2.1988253e-06,1.341191e-07,5.709123e-07,1.7442995e-06,3.9079623e-05,0.99995005,8.6366995e-08,0.99995005
pamap2,gnn_flatten_lstm,sequence,7,107,107,108,1230,23647,23647,10,10,17,17,ironing,ironing,True,9.5042594e-08,1.7620611e-06,2.376396e-06,1.1809008e-06,1.2024122e-06,2.3832206e-06,1.5407264e-07,6.480832e-07,1.8846445e-06,4.455222e-05,0.9999436,9.77412e-08,0.9999436
pamap2,gnn_flatten_lstm,sequence,7,107,107,108,1231,23648,23648,10,10,17,17,ironing,ironing,True,1.040504e-07,1.7231856e-06,2.740554e-06,1.2527155e-06,1.1416661e-06,2.316134e-06,1.7245294e-07,6.6891187e-07,2.0106809e-06,5.1144096e-05,0.9999367,1.0567303e-07,0.9999367
pamap2,gnn_flatten_lstm,sequence,7,107,107,108,1232,23649,23649,10,10,17,17,ironing,ironing,True,9.63656e-08,1.5290195e-06,2.6462608e-06,1.1726215e-06,9.976361e-07,2.071523e-06,1.6182416e-07,6.027821e-07,1.8657983e-06,4.938817e-05,0.99993944,9.721388e-08,0.99993944
pamap2,gnn_flatten_lstm,sequence,7,107,107,108,1233,23650,23650,10,10,17,17,ironing,ironing,True,8.9647656e-08,1.4163097e-06,2.557281e-06,1.1101603e-06,8.9974196e-07,1.8641007e-06,1.4759398e-07,5.501644e-07,1.7050558e-06,4.687464e-05,0.9999428,8.735793e-08,0.9999428
pamap2,gnn_flatten_lstm,sequence,7,107,107,108,1234,23651,23651,10,10,17,17,ironing,ironing,True,7.5327776e-08,1.1102978e-06,2.1326186e-06,9.6235e-07,7.2984466e-07,1.5775759e-06,1.1609058e-07,4.7503764e-07,1.4334925e-06,4.103153e-05,0.9999503,7.113672e-08,0.9999503
pamap2,gnn_flatten_lstm,sequence,7,107,107,108,1235,23652,23652,10,10,17,17,ironing,ironing,True,5.8083543e-08,8.602232e-07,1.772898e-06,7.6730004e-07,5.5772136e-07,1.2714792e-06,8.812399e-08,3.6576577e-07,1.1305146e-06,3.392764e-05,0.9999591,5.3299747e-08,0.9999591
pamap2,gnn_flatten_lstm,sequence,7,107,107,108,1236,23653,23653,10,10,17,17,ironing,ironing,True,6.528605e-08,9.624433e-07,2.0616985e-06,8.314197e-07,6.064365e-07,1.3028576e-06,9.420056e-08,4.102936e-07,1.2550878e-06,3.6721358e-05,0.99995565,6.023031e-08,0.99995565
pamap2,gnn_flatten_lstm,sequence,7,107,107,108,1237,23654,23654,10,10,17,17,ironing,ironing,True,8.228231e-08,1.1627999e-06,2.444264e-06,1.0077197e-06,7.6057165e-07,1.5679508e-06,1.1394174e-07,5.4240127e-07,1.5460892e-06,4.337928e-05,0.9999473,7.7634844e-08,0.9999473
pamap2,gnn_flatten_lstm,sequence,7,107,107,108,1238,23655,23655,10,10,17,17,ironing,ironing,True,1.0607481e-07,1.4616149e-06,3.1707116e-06,1.218311e-06,9.212534e-07,2.0628572e-06,1.428584e-07,6.6807996e-07,1.8612703e-06,5.243625e-05,0.99993587,9.7937686e-08,0.99993587
pamap2,gnn_flatten_lstm,sequence,7,107,107,108,1239,23656,23656,10,10,17,17,ironing,ironing,True,7.942032e-08,9.835654e-07,2.6656949e-06,8.5837354e-07,6.148271e-07,1.9448369e-06,1.1064213e-07,4.6700129e-07,1.3569371e-06,4.903307e-05,0.9999418,6.997744e-08,0.9999418
pamap2,gnn_flatten_lstm,sequence,7,107,107,108,1240,23657,23657,10,10,17,17,ironing,ironing,True,5.3635407e-08,6.718159e-07,1.9656652e-06,6.349921e-07,4.2415326e-07,1.2351529e-06,7.293796e-08,3.4311324e-07,1.042556e-06,3.7372323e-05,0.99995613,4.9396835e-08,0.99995613
pamap2,gnn_flatten_lstm,sequence,7,107,107,108,1241,23658,23658,10,10,17,17,ironing,ironing,True,6.94553e-08,9.1455126e-07,2.3333848e-06,8.156551e-07,6.1161387e-07,1.5614861e-06,9.181258e-08,4.9228476e-07,1.3427222e-06,4.1640124e-05,0.99994993,6.8400794e-08,0.99994993
pamap2,gnn_flatten_lstm,sequence,7,107,107,108,1242,23659,23659,10,10,17,17,ironing,ironing,True,8.116367e-08,1.177877e-06,2.5085778e-06,9.629334e-07,8.1894734e-07,2.0726475e-06,1.1358367e-07,6.138776e-07,1.5764892e-06,4.4013672e-05,0.999946,8.4002124e-08,0.999946
pamap2,gnn_flatten_lstm,sequence,7,107,107,108,1243,23660,23660,10,10,17,17,ironing,ironing,True,9.094514e-08,1.4171428e-06,2.5791196e-06,1.1007874e-06,1.0246766e-06,2.581445e-06,1.3639273e-07,7.1542763e-07,1.7607534e-06,4.6137946e-05,0.9999423,9.737468e-08,0.9999423
pamap2,gnn_flatten_lstm,sequence,7,107,107,108,1244,23661,23661,10,10,17,17,ironing,ironing,True,1.10974526e-07,1.8720579e-06,2.8224804e-06,1.3268651e-06,1.396992e-06,3.4415868e-06,1.7179698e-07,8.892041e-07,2.1005999e-06,5.0128336e-05,0.9999356,1.2009924e-07,0.9999356
pamap2,gnn_flatten_lstm,sequence,7,107,107,108,1245,23662,23662,10,10,17,17,ironing,ironing,True,9.013728e-08,1.6285812e-06,2.463105e-06,1.1070894e-06,1.1571102e-06,3.0919723e-06,1.4459016e-07,6.9275785e-07,1.7564898e-06,4.366737e-05,0.9999441,9.682684e-08,0.9999441
pamap2,gnn_flatten_lstm,sequence,7,107,107,108,1246,23663,23663,10,10,17,17,ironing,ironing,True,6.8182125e-08,1.3355086e-06,2.052714e-06,8.457171e-07,8.8453663e-07,2.5045015e-06,1.1088688e-07,4.8796096e-07,1.3400414e-06,3.6164616e-05,0.9999542,7.142469e-08,0.9999542
pamap2,gnn_flatten_lstm,sequence,7,107,107,108,1247,23664,23664,10,10,17,17,ironing,ironing,True,5.8741076e-08,1.062563e-06,1.8502149e-06,7.147814e-07,7.104204e-07,2.2086174e-06,9.6897736e-08,4.099183e-07,1.1648201e-06,3.4653818e-05,0.99995697,6.190358e-08,0.99995697
pamap2,gnn_flatten_lstm,sequence,7,107,107,108,1248,23665,23665,10,10,17,17,ironing,ironing,True,5.563324e-08,9.097802e-07,1.8536521e-06,6.462595e-07,5.9059215e-07,1.9510567e-06,8.9461984e-08,3.6593667e-07,1.0977143e-06,3.607853e-05,0.99995613,5.7711333e-08,0.99995613
pamap2,gnn_flatten_lstm,sequence,7,107,107,108,1249,23666,23666,10,10,17,17,ironing,ironing,True,5.6657168e-08,9.999221e-07,2.103846e-06,6.3657916e-07,5.8345194e-07,1.9162514e-06,8.35794e-08,3.685158e-07,1.1282845e-06,3.6351285e-05,0.99995565,5.8829134e-08,0.99995565
pamap2,gnn_flatten_lstm,sequence,7,107,107,108,1250,23667,23667,10,10,17,17,ironing,ironing,True,5.738423e-08,9.2395027e-07,2.2572315e-06,6.209015e-07,5.1824264e-07,1.6818339e-06,7.517018e-08,3.7591727e-07,1.147943e-06,3.8226925e-05,0.9999541,5.7522197e-08,0.9999541
pamap2,gnn_flatten_lstm,sequence,7,107,107,108,1251,23668,23668,10,10,17,17,ironing,ironing,True,6.5733964e-08,1.0086035e-06,2.553321e-06,6.7165564e-07,5.7385245e-07,1.7786305e-06,8.875689e-08,4.1321888e-07,1.2491215e-06,4.403339e-05,0.99994755,6.7658696e-08,0.99994755
pamap2,gnn_flatten_lstm,sequence,7,107,107,108,1252,23669,23669,10,10,17,17,ironing,ironing,True,8.1921215e-08,1.5209499e-06,3.1723873e-06,8.117884e-07,8.0636727e-07,2.2684378e-06,1.2460035e-07,4.787821e-07,1.4068003e-06,5.135319e-05,0.9999379,8.093469e-08,0.9999379
pamap2,gnn_flatten_lstm,sequence,7,107,107,108,1253,23670,23670,10,10,17,17,ironing,ironing,True,9.05481e-08,2.106191e-06,3.4549485e-06,9.3545566e-07,1.0915734e-06,3.0735691e-06,1.6647736e-07,5.313652e-07,1.4739595e-06,5.226754e-05,0.9999348,8.8310806e-08,0.9999348
pamap2,gnn_flatten_lstm,sequence,7,107,107,108,1254,23671,23671,10,10,17,17,ironing,ironing,True,9.227675e-08,1.9082888e-06,3.2543876e-06,1.0172115e-06,1.092225e-06,3.285679e-06,1.813437e-07,5.448086e-07,1.4693653e-06,5.4563072e-05,0.9999325,9.647841e-08,0.9999325
pamap2,gnn_flatten_lstm,sequence,7,107,107,108,1255,23672,23672,10,10,17,17,ironing,ironing,True,1.1719837e-07,1.952753e-06,3.6606125e-06,1.2554073e-06,1.2176636e-06,3.8614025e-06,2.1967654e-07,6.743599e-07,1.7287799e-06,6.480317e-05,0.99992025,1.2538345e-07,0.99992025
pamap2,gnn_flatten_lstm,sequence,7,107,107,108,1256,23673,23673,10,10,17,17,ironing,ironing,True,3.42535e-07,2.695038e-06,7.534505e-06,2.8960171e-06,2.061806e-06,5.3863473e-06,4.9263076e-07,1.7393173e-06,4.1735825e-06,0.00011893735,0.9998534,3.702648e-07,0.9998534
pamap2,gnn_flatten_lstm,sequence,7,107,107,108,1257,23674,23674,10,10,17,17,ironing,ironing,True,4.8724746e-07,2.1609758e-06,6.315173e-06,3.859972e-06,2.2091565e-06,3.6538124e-06,4.1011455e-07,2.5901356e-06,5.7598986e-06,0.00011904295,0.9998529,5.789823e-07,0.9998529
pamap2,gnn_flatten_lstm,sequence,7,107,107,108,1258,23675,23675,10,10,17,17,ironing,ironing,True,4.3988183e-07,1.7520458e-06,4.869069e-06,3.522706e-06,1.8555922e-06,2.5472043e-06,2.957246e-07,2.248749e-06,5.4959305e-06,9.862969e-05,0.9998779,5.322331e-07,0.9998779
pamap2,gnn_flatten_lstm,sequence,7,107,107,108,1259,23676,23676,10,10,17,17,ironing,ironing,True,2.3199661e-07,1.1598248e-06,3.4863917e-06,2.187716e-06,1.012397e-06,1.4626437e-06,2.016346e-07,1.115164e-06,3.4174332e-06,7.364783e-05,0.9999118,2.7019982e-07,0.9999118
pamap2,gnn_flatten_lstm,sequence,7,107,107,108,1260,23677,23677,10,10,17,17,ironing,ironing,True,2.3159795e-07,1.3888566e-06,4.0995506e-06,2.2337044e-06,1.0113141e-06,1.1474212e-06,2.1055524e-07,1.007819e-06,3.3365523e-06,6.888209e-05,0.9999163,2.355055e-07,0.9999163
pamap2,gnn_flatten_lstm,sequence,7,107,107,108,1261,23678,23678,10,10,17,17,ironing,ironing,True,2.7552713e-07,1.6366446e-06,4.587873e-06,2.6375176e-06,1.1455012e-06,9.988895e-07,2.2214984e-07,1.1947984e-06,3.7862424e-06,7.0915754e-05,0.9999124,2.491346e-07,0.9999124
pamap2,gnn_flatten_lstm,sequence,7,107,107,108,1262,23679,23679,10,10,17,17,ironing,ironing,True,2.0280491e-07,9.2228726e-07,3.3961505e-06,2.0506122e-06,7.6055073e-07,8.417052e-07,1.7854782e-07,9.629752e-07,3.213835e-06,6.857316e-05,0.9999188,2.0503512e-07,0.9999188
pamap2,gnn_flatten_lstm,sequence,7,107,107,108,1263,23680,23680,10,10,17,17,ironing,ironing,True,1.2725089e-07,5.595244e-07,2.584773e-06,1.3049143e-06,4.5306567e-07,6.551592e-07,1.2057008e-07,6.0067487e-07,2.3315608e-06,5.937901e-05,0.9999318,1.3500762e-07,0.9999318
pamap2,gnn_flatten_lstm,sequence,7,107,107,108,1264,23681,23681,10,10,17,17,ironing,ironing,True,1.0108464e-07,4.75323e-07,2.400817e-06,1.049852e-06,3.6260542e-07,5.6837524e-07,9.810098e-08,4.880552e-07,2.0033729e-06,5.3727155e-05,0.9999386,1.05117195e-07,0.9999386
pamap2,gnn_flatten_lstm,sequence,7,107,107,108,1265,23682,23682,10,10,17,17,ironing,ironing,True,9.51649e-08,4.827372e-07,2.5554532e-06,9.921253e-07,3.4286475e-07,5.1566985e-07,9.147311e-08,4.7461896e-07,1.8827176e-06,5.2336753e-05,0.99994016,9.4791346e-08,0.99994016
pamap2,gnn_flatten_lstm,sequence,7,107,107,108,1266,23683,23683,10,10,17,17,ironing,ironing,True,9.525211e-08,5.111523e-07,2.784179e-06,9.763074e-07,3.4274558e-07,4.955402e-07,9.0777064e-08,4.8627635e-07,1.8165198e-06,5.356095e-05,0.9999387,9.046525e-08,0.9999387
pamap2,gnn_flatten_lstm,sequence,7,107,107,108,1267,23684,23684,10,10,17,17,ironing,ironing,True,9.534442e-08,4.895385e-07,2.4641672e-06,1.0105083e-06,3.58999e-07,5.3172556e-07,9.297319e-08,5.166141e-07,1.8399013e-06,5.2088395e-05,0.9999404,9.268953e-08,0.9999404
pamap2,gnn_flatten_lstm,sequence,7,107,107,108,1268,23685,23685,10,10,17,17,ironing,ironing,True,1.06767985e-07,5.340446e-07,2.474671e-06,1.1156843e-06,4.032376e-07,5.825741e-07,9.963836e-08,5.583268e-07,2.0551286e-06,5.218681e-05,0.9999397,1.0342882e-07,0.9999397
pamap2,gnn_flatten_lstm,sequence,7,107,107,108,1269,23686,23686,10,10,17,17,ironing,ironing,True,1.3626918e-07,6.3736144e-07,3.2890525e-06,1.3432111e-06,4.5560768e-07,5.878933e-07,1.1489548e-07,6.8680316e-07,2.4537242e-06,6.135205e-05,0.9999287,1.2189979e-07,0.9999287
pamap2,gnn_flatten_lstm,sequence,7,107,107,108,1270,23687,23687,10,10,17,17,ironing,ironing,True,1.2988437e-07,6.0239256e-07,3.0023841e-06,1.2689371e-06,4.4613137e-07,5.867844e-07,1.05476886e-07,6.746264e-07,2.4379478e-06,5.969516e-05,0.999931,1.222977e-07,0.999931
pamap2,gnn_flatten_lstm,sequence,7,107,107,108,1271,23688,23688,10,10,17,17,ironing,ironing,True,8.3546425e-08,4.4578772e-07,2.274683e-06,8.5772103e-07,3.2495709e-07,5.049597e-07,8.011352e-08,4.406836e-07,1.6961287e-06,5.0765113e-05,0.9999424,8.374378e-08,0.9999424
pamap2,gnn_flatten_lstm,sequence,7,107,107,108,1272,23689,23689,10,10,17,17,ironing,ironing,True,6.976211e-08,4.5399074e-07,2.07788e-06,7.0380537e-07,3.2011437e-07,4.9523624e-07,7.819068e-08,3.607042e-07,1.3359702e-06,4.8120623e-05,0.999946,6.702179e-08,0.999946
pamap2,gnn_flatten_lstm,sequence,7,107,107,108,1273,23690,23690,10,10,17,17,ironing,ironing,True,5.016882e-08,4.0433775e-07,1.4431668e-06,5.6701634e-07,3.0079423e-07,5.170681e-07,6.100781e-08,2.8077724e-07,1.0369769e-06,3.657872e-05,0.99995863,5.1044275e-08,0.99995863
pamap2,gnn_flatten_lstm,sequence,7,107,107,108,1274,23691,23691,10,10,17,17,ironing,ironing,True,4.990331e-08,5.5321885e-07,1.4220612e-06,6.069932e-07,3.8170737e-07,6.315283e-07,5.601317e-08,3.0165484e-07,1.0266731e-06,3.0750714e-05,0.99996424,4.7959606e-08,0.99996424
pamap2,gnn_flatten_lstm,sequence,7,107,107,108,1275,23692,23692,10,10,17,17,ironing,ironing,True,4.9660965e-08,5.5076754e-07,1.5196858e-06,5.81772e-07,3.5742056e-07,6.1601565e-07,5.1277265e-08,3.0168695e-07,1.0158744e-06,3.11986e-05,0.99996376,4.4669324e-08,0.99996376
pamap2,gnn_flatten_lstm,sequence,7,107,107,108,1276,23693,23693,10,10,17,17,ironing,ironing,True,5.164689e-08,6.0168907e-07,1.7452941e-06,5.5415813e-07,3.5468963e-07,6.705736e-07,5.1814723e-08,2.898807e-07,1.0281889e-06,3.3306314e-05,0.99996126,4.403485e-08,0.99996126
pamap2,gnn_flatten_lstm,sequence,7,107,107,108,1277,23694,23694,10,10,17,17,ironing,ironing,True,5.5028433e-08,7.166012e-07,1.9346387e-06,5.8854675e-07,4.0789683e-07,7.816163e-07,5.968816e-08,3.079751e-07,1.090311e-06,3.5875004e-05,0.99995816,4.922097e-08,0.99995816
pamap2,gnn_flatten_lstm,sequence,7,107,107,108,1278,23695,23695,10,10,17,17,ironing,ironing,True,5.871751e-08,8.6620645e-07,1.8366346e-06,6.875659e-07,5.524631e-07,1.0763852e-06,7.019984e-08,3.8945404e-07,1.198832e-06,3.5057736e-05,0.99995816,5.7897555e-08,0.99995816
pamap2,gnn_flatten_lstm,sequence,7,107,107,108,1279,23696,23696,10,10,17,17,ironing,ironing,True,5.8320918e-08,9.66368e-07,1.719284e-06,7.184677e-07,6.266742e-07,1.2358561e-06,7.570052e-08,3.9495097e-07,1.201676e-06,3.3265886e-05,0.9999597,5.864183e-08,0.9999597
pamap2,gnn_flatten_lstm,sequence,7,107,107,108,1280,23697,23697,10,10,17,17,ironing,ironing,True,7.0828065e-08,1.4300085e-06,1.8838724e-06,8.8751875e-07,9.2030984e-07,1.7398447e-06,9.863596e-08,4.883451e-07,1.442591e-06,3.4568042e-05,0.99995637,7.2555565e-08,0.99995637
pamap2,gnn_flatten_lstm,sequence,7,107,107,108,1281,23698,23698,10,10,17,17,ironing,ironing,True,8.6065704e-08,2.0466293e-06,2.0390507e-06,1.0611983e-06,1.3038642e-06,2.2659979e-06,1.2020153e-07,5.9735004e-07,1.7597978e-06,3.51829e-05,0.9999535,8.8207415e-08,0.9999535
pamap2,gnn_flatten_lstm,sequence,7,107,107,108,1282,23699,23699,10,10,17,17,ironing,ironing,True,8.616624e-08,1.9748238e-06,2.0540188e-06,1.0569261e-06,1.2770464e-06,2.2438292e-06,1.208882e-07,6.131264e-07,1.7940964e-06,3.51813e-05,0.9999536,8.9145274e-08,0.9999536
pamap2,gnn_flatten_lstm,sequence,7,107,107,108,1283,23700,23700,10,10,17,17,ironing,ironing,True,8.8607514e-08,2.1578473e-06,1.9967106e-06,1.0959943e-06,1.4138101e-06,2.4954386e-06,1.2509958e-07,6.256799e-07,1.8217365e-06,3.315696e-05,0.99995494,9.1991666e-08,0.99995494
pamap2,gnn_flatten_lstm,sequence,7,107,107,108,1284,23701,23701,10,10,17,17,ironing,ironing,True,9.3934226e-08,2.354217e-06,2.05602e-06,1.1374723e-06,1.4987552e-06,2.703312e-06,1.2710403e-07,6.1262676e-07,1.8036127e-06,3.285406e-05,0.9999548,9.264086e-08,0.9999548
pamap2,gnn_flatten_lstm,sequence,7,107,107,108,1285,23702,23702,10,10,17,17,ironing,ironing,True,1.052523e-07,2.6633506e-06,2.2206318e-06,1.25251e-06,1.6671274e-06,3.0181186e-06,1.4178327e-07,6.557855e-07,1.8895514e-06,3.531536e-05,0.9999509,9.863786e-08,0.9999509
pamap2,gnn_flatten_lstm,sequence,7,107,107,108,1286,23703,23703,10,10,17,17,ironing,ironing,True,1.1825028e-07,3.1613638e-06,2.2667512e-06,1.4017128e-06,2.0797586e-06,3.6589947e-06,1.6006803e-07,7.639193e-07,2.0998637e-06,3.5832803e-05,0.9999484,1.1361525e-07,0.9999484
pamap2,gnn_flatten_lstm,sequence,7,107,107,108,1287,23704,23704,10,10,17,17,ironing,ironing,True,1.2696945e-07,3.380965e-06,2.442605e-06,1.5413531e-06,2.2719385e-06,4.032505e-06,1.8094698e-07,8.5258006e-07,2.2898844e-06,3.8307426e-05,0.99994445,1.2590809e-07,0.99994445
pamap2,gnn_flatten_lstm,sequence,7,107,107,108,1288,23705,23705,10,10,17,17,ironing,ironing,True,1.2428139e-07,3.2917128e-06,2.4380886e-06,1.5436278e-06,2.2384768e-06,4.048818e-06,1.87912e-07,8.5509566e-07,2.290916e-06,3.898751e-05,0.99994385,1.2364016e-07,0.99994385
pamap2,gnn_flatten_lstm,sequence,7,107,107,108,1289,23706,23706,10,10,17,17,ironing,ironing,True,1.16914435e-07,3.0217807e-06,2.1423975e-06,1.4104006e-06,2.133225e-06,4.0342447e-06,1.7621477e-07,7.709667e-07,2.0258449e-06,3.6538502e-05,0.99994755,1.1007149e-07,0.99994755
pamap2,gnn_flatten_lstm,sequence,7,107,107,108,1290,23707,23707,10,10,17,17,ironing,ironing,True,7.6185344e-08,1.880924e-06,1.7045012e-06,9.670566e-07,1.2098913e-06,2.4218268e-06,1.1744692e-07,4.6506432e-07,1.3834849e-06,2.9985034e-05,0.9999598,6.875109e-08,0.9999598
pamap2,gnn_flatten_lstm,sequence,7,107,107,108,1291,23708,23708,10,10,17,17,ironing,ironing,True,5.6863563e-08,1.1243121e-06,1.589169e-06,7.6100895e-07,6.850972e-07,1.4586401e-06,8.503261e-08,3.4597068e-07,1.1106329e-06,2.8591312e-05,0.9999641,5.2188902e-08,0.9999641
pamap2,gnn_flatten_lstm,sequence,7,107,107,108,1292,23709,23709,10,10,17,17,ironing,ironing,True,5.375959e-08,8.107464e-07,1.6660872e-06,6.7958786e-07,4.909034e-07,1.0406518e-06,7.061081e-08,3.2015117e-07,1.0380112e-06,3.095935e-05,0.9999628,4.6342162e-08,0.9999628
pamap2,gnn_flatten_lstm,sequence,7,107,107,108,1293,23710,23710,10,10,17,17,ironing,ironing,True,5.2751773e-08,6.811853e-07,1.7242925e-06,6.47964e-07,4.2011058e-07,8.7765807e-07,6.600345e-08,3.190697e-07,1.0396983e-06,3.3238684e-05,0.9999609,4.585453e-08,0.9999609
pamap2,gnn_flatten_lstm,sequence,7,107,107,108,1294,23711,23711,10,10,17,17,ironing,ironing,True,5.277335e-08,6.6959745e-07,1.750137e-06,6.407754e-07,4.1623505e-07,8.6857705e-07,6.710266e-08,3.2254027e-07,1.0606019e-06,3.411337e-05,0.9999598,4.708761e-08,0.9999598
pamap2,gnn_flatten_lstm,sequence,7,107,107,108,1295,23712,23712,10,10,17,17,ironing,ironing,True,5.2851387e-08,6.6273645e-07,1.7592542e-06,6.35263e-07,4.1490833e-07,8.649807e-07,6.812475e-08,3.2575193e-07,1.0875766e-06,3.482754e-05,0.99995923,4.832805e-08,0.99995923
pamap2,gnn_flatten_lstm,sequence,7,107,107,108,1296,23713,23713,10,10,17,17,ironing,ironing,True,5.5975978e-08,6.6636903e-07,1.8967851e-06,6.486967e-07,4.1782314e-07,8.709112e-07,7.154194e-08,3.4474144e-07,1.1612952e-06,3.761522e-05,0.99995613,5.1933387e-08,0.99995613
pamap2,gnn_flatten_lstm,sequence,7,107,107,108,1297,23714,23714,10,10,17,17,ironing,ironing,True,4.9599645e-08,5.4087263e-07,1.6899959e-06,5.729723e-07,3.530094e-07,7.7246324e-07,6.3992836e-08,3.0851987e-07,1.0502274e-06,3.6105048e-05,0.9999584,4.59587e-08,0.9999584
pamap2,gnn_flatten_lstm,sequence,7,107,107,108,1298,23715,23715,10,10,17,17,ironing,ironing,True,4.6167802e-08,4.66377e-07,1.6103862e-06,5.314269e-07,3.06428e-07,6.8658846e-07,5.6839596e-08,2.8660762e-07,9.664285e-07,3.4716286e-05,0.9999603,4.1269704e-08,0.9999603
pamap2,gnn_flatten_lstm,sequence,7,107,107,108,1299,23716,23716,10,10,17,17,ironing,ironing,True,2.1131811e-07,1.5498902e-06,3.768344e-06,1.5169499e-06,1.3380501e-06,3.4521454e-06,1.6115901e-07,1.0780661e-06,2.7241608e-06,7.323224e-05,0.99991083,1.598088e-07,0.99991083
pamap2,gnn_flatten_lstm,sequence,7,107,107,108,1300,23717,23717,10,10,17,17,ironing,ironing,True,1.5827753e-07,1.6570467e-06,2.7382475e-06,9.598677e-07,1.4609586e-06,4.6403443e-06,1.5752822e-07,7.245482e-07,2.0407208e-06,6.66531e-05,0.9999187,1.3430791e-07,0.9999187
pamap2,gnn_flatten_lstm,sequence,7,107,107,108,1301,23718,23718,10,10,17,17,ironing,ironing,True,6.435616e-08,1.3596483e-06,1.7399587e-06,6.3086645e-07,8.3450385e-07,1.8534133e-06,8.932514e-08,3.518313e-07,1.1553742e-06,3.4780398e-05,0.9999571,5.837552e-08,0.9999571
pamap2,gnn_flatten_lstm,sequence,7,107,107,108,1302,23719,23719,10,10,17,17,ironing,ironing,True,4.772543e-08,1.0659976e-06,1.5327239e-06,6.0979585e-07,6.524005e-07,1.4235529e-06,8.15403e-08,3.08739e-07,1.0282412e-06,2.9504989e-05,0.99996364,5.0221534e-08,0.99996364
pamap2,gnn_flatten_lstm,sequence,7,107,107,108,1303,23720,23720,10,10,17,17,ironing,ironing,True,5.3549876e-08,1.1203798e-06,1.6064687e-06,6.9720585e-07,7.022226e-07,1.549843e-06,8.964821e-08,3.3799535e-07,1.072498e-06,3.0401732e-05,0.99996233,5.517938e-08,0.99996233
pamap2,gnn_flatten_lstm,sequence,7,107,107,108,1304,23721,23721,10,10,17,17,ironing,ironing,True,6.2215044e-08,8.3021695e-07,1.6599851e-06,7.395724e-07,5.562454e-07,1.2528263e-06,7.5229394e-08,3.7518078e-07,1.1842342e-06,3.364151e-05,0.99995947,6.067897e-08,0.99995947
pamap2,gnn_flatten_lstm,sequence,7,107,107,108,1305,23722,23722,10,10,17,17,ironing,ironing,True,1.0421391e-07,8.770089e-07,2.0205816e-06,1.000432e-06,7.247164e-07,1.3783427e-06,1.0641152e-07,6.0369314e-07,2.0231266e-06,4.6247398e-05,0.9999448,1.07995355e-07,0.9999448
pamap2,gnn_flatten_lstm,sequence,7,107,107,108,1306,23723,23723,10,10,17,17,ironing,ironing,True,9.3820944e-08,7.716754e-07,1.6811803e-06,9.2432526e-07,5.960896e-07,9.892644e-07,9.88027e-08,4.4590368e-07,2.0025243e-06,4.2412186e-05,0.9999498,9.4532986e-08,0.9999498
pamap2,gnn_flatten_lstm,sequence,7,107,107,108,1307,23724,23724,10,10,17,17,ironing,ironing,True,8.516594e-08,6.924447e-07,1.4782679e-06,8.444037e-07,5.302245e-07,8.1706173e-07,9.337997e-08,3.6441207e-07,1.8683761e-06,3.9595885e-05,0.9999535,8.217445e-08,0.9999535
pamap2,gnn_flatten_lstm,sequence,7,107,107,108,1308,23725,23725,10,10,17,17,ironing,ironing,True,1.291832e-07,7.967195e-07,1.6805027e-06,1.1182184e-06,7.571875e-07,1.2217059e-06,1.5585472e-07,5.252783e-07,2.7932238e-06,5.7802994e-05,0.9999329,1.3825645e-07,0.9999329
pamap2,gnn_flatten_lstm,sequence,7,107,107,108,1309,23726,23726,10,10,17,17,ironing,ironing,True,1.4578336e-07,8.532969e-07,1.6981104e-06,1.2688249e-06,7.891164e-07,9.841555e-07,1.1075044e-07,6.040633e-07,2.9463445e-06,4.4747165e-05,0.99994564,1.6406423e-07,0.99994564
pamap2,gnn_flatten_lstm,sequence,7,107,107,108,1310,23727,23727,10,10,17,17,ironing,ironing,True,1.7780164e-07,1.0777034e-06,1.6908198e-06,1.5953784e-06,9.468471e-07,8.464493e-07,8.514833e-08,7.664388e-07,3.4709817e-06,3.4404467e-05,0.9999547,2.0087286e-07,0.9999547
pamap2,gnn_flatten_lstm,sequence,7,107,107,108,1311,23728,23728,10,10,17,17,ironing,ironing,True,9.4814844e-08,7.7353485e-07,1.3672055e-06,1.0219603e-06,5.197742e-07,4.862765e-07,5.5196043e-08,4.2428678e-07,2.1988471e-06,2.6331632e-05,0.99996674,9.641641e-08,0.99996674
pamap2,gnn_flatten_lstm,sequence,7,107,107,108,1312,23729,23729,10,10,17,17,ironing,ironing,True,6.888102e-08,7.6172427e-07,1.4319619e-06,7.3455226e-07,3.9250276e-07,4.0399505e-07,4.3298613e-08,2.9431797e-07,1.7374974e-06,2.3123304e-05,0.99997103,6.079239e-08,0.99997103
pamap2,gnn_flatten_lstm,sequence,7,107,107,108,1313,23730,23730,10,10,17,17,ironing,ironing,True,7.387491e-08,9.4930056e-07,1.7867944e-06,8.0245724e-07,4.120356e-07,4.0909822e-07,4.6759684e-08,2.8118947e-07,1.8591614e-06,2.1885804e-05,0.9999714,5.926614e-08,0.9999714
pamap2,gnn_flatten_lstm,sequence,7,107,107,108,1314,23731,23731,10,10,17,17,ironing,ironing,True,6.924417e-08,8.885233e-07,1.744176e-06,7.8601704e-07,3.8336904e-07,3.9912234e-07,4.6831154e-08,2.4426865e-07,1.6648472e-06,2.1000662e-05,0.9999727,5.499471e-08,0.9999727
pamap2,gnn_flatten_lstm,sequence,7,107,107,108,1315,23732,23732,10,10,17,17,ironing,ironing,True,5.3004758e-08,5.831205e-07,1.5180976e-06,5.7976126e-07,2.8267544e-07,4.0411416e-07,4.3144865e-08,2.0032842e-07,1.1959515e-06,2.4030014e-05,0.99997103,4.4845677e-08,0.99997103
pamap2,gnn_flatten_lstm,sequence,7,107,107,108,1316,23733,23733,10,10,17,17,ironing,ironing,True,4.8452183e-08,4.582221e-07,1.5903709e-06,5.043775e-07,2.524931e-07,4.696355e-07,4.916003e-08,2.092311e-07,1.0917665e-06,3.2391366e-05,0.9999629,4.675421e-08,0.9999629
pamap2,gnn_flatten_lstm,sequence,7,107,107,108,1317,23734,23734,10,10,17,17,ironing,ironing,True,4.5061952e-08,4.4621595e-07,1.7106314e-06,4.632859e-07,2.4788687e-07,5.092768e-07,5.1220002e-08,2.1277289e-07,1.0100034e-06,3.497906e-05,0.9999603,4.5443105e-08,0.9999603
pamap2,gnn_flatten_lstm,sequence,7,107,107,108,1318,23735,23735,10,10,17,17,ironing,ironing,True,4.2499686e-08,5.004519e-07,1.6084072e-06,4.3516067e-07,2.8158905e-07,5.525853e-07,5.2184255e-08,2.0595917e-07,8.9821594e-07,3.2770462e-05,0.9999628,4.1536566e-08,0.9999628
pamap2,gnn_flatten_lstm,sequence,7,107,107,108,1319,23736,23736,10,10,17,17,ironing,ironing,True,3.788021e-08,4.4915382e-07,1.4159987e-06,4.00946e-07,2.6748373e-07,5.7168864e-07,4.4442828e-08,2.1056316e-07,8.492836e-07,3.0450223e-05,0.9999653,3.735266e-08,0.9999653
pamap2,gnn_flatten_lstm,sequence,7,107,107,108,1320,23737,23737,10,10,17,17,ironing,ironing,True,4.424511e-08,5.619842e-07,1.6631823e-06,4.585548e-07,3.374979e-07,7.565729e-07,4.9345807e-08,2.7487678e-07,1.0113941e-06,3.268314e-05,0.9999621,4.5246427e-08,0.9999621
pamap2,gnn_flatten_lstm,sequence,7,107,107,108,1321,23738,23738,10,10,17,17,ironing,ironing,True,4.9339246e-08,6.606808e-07,1.8189642e-06,5.183523e-07,3.913818e-07,8.633674e-07,5.348119e-08,3.1951026e-07,1.106103e-06,3.3584747e-05,0.99996066,4.8885678e-08,0.99996066
pamap2,gnn_flatten_lstm,sequence,7,107,107,108,1322,23739,23739,10,10,17,17,ironing,ironing,True,3.5443037e-08,4.451673e-07,1.2582706e-06,4.156259e-07,2.9526842e-07,7.2358597e-07,4.014683e-08,2.5304996e-07,8.1875436e-07,2.6838028e-05,0.99996877,3.4335017e-08,0.99996877
pamap2,gnn_flatten_lstm,sequence,7,107,107,108,1323,23740,23740,10,10,17,17,ironing,ironing,True,3.4325257e-08,3.9614244e-07,1.2106279e-06,4.216375e-07,2.75483e-07,7.06044e-07,4.0014346e-08,2.5391444e-07,7.766128e-07,2.7152935e-05,0.99996877,3.252982e-08,0.99996877
pamap2,gnn_flatten_lstm,sequence,7,107,107,108,1324,23741,23741,10,10,17,17,ironing,ironing,True,5.7375207e-08,6.5550574e-07,1.869987e-06,6.793591e-07,4.3522994e-07,9.480494e-07,6.064493e-08,4.178889e-07,1.1890204e-06,3.643665e-05,0.9999571,5.2092965e-08,0.9999571
pamap2,gnn_flatten_lstm,sequence,7,107,107,108,1325,23742,23742,10,10,17,17,ironing,ironing,True,8.1153985e-08,1.0613489e-06,2.340382e-06,9.754535e-07,7.1317334e-07,1.5440299e-06,8.943829e-08,6.16923e-07,1.5871483e-06,4.2048992e-05,0.99994874,7.421514e-08,0.99994874
pamap2,gnn_flatten_lstm,sequence,7,107,107,108,1326,23743,23743,10,10,17,17,ironing,ironing,True,1.04889615e-07,1.6807645e-06,2.674309e-06,1.3129489e-06,1.1378219e-06,2.4548915e-06,1.2421312e-07,8.3470604e-07,2.0031005e-06,4.397791e-05,0.99994373,9.92274e-08,0.99994373
pamap2,gnn_flatten_lstm,sequence,7,107,107,108,1327,23744,23744,10,10,17,17,ironing,ironing,True,1.1518846e-07,1.9595236e-06,2.6915047e-06,1.4239668e-06,1.3622399e-06,2.8379577e-06,1.372994e-07,9.2944714e-07,2.2241124e-06,4.3617933e-05,0.99994254,1.0924541e-07,0.99994254
pamap2,gnn_flatten_lstm,sequence,7,107,107,108,1328,23745,23745,10,10,17,17,ironing,ironing,True,9.9262365e-08,1.6690267e-06,2.3763134e-06,1.2319372e-06,1.143576e-06,2.281637e-06,1.2074163e-07,7.5842746e-07,1.967746e-06,3.9420054e-05,0.99994886,9.346595e-08,0.99994886
pamap2,gnn_flatten_lstm,sequence,7,107,107,108,1329,23746,23746,10,10,17,17,ironing,ironing,True,5.6856646e-08,1.0255237e-06,1.5199263e-06,7.4871235e-07,6.777535e-07,1.4910997e-06,8.05033e-08,3.7686956e-07,1.1867387e-06,2.8083812e-05,0.9999646,5.461982e-08,0.9999646
pamap2,gnn_flatten_lstm,sequence,7,107,107,108,1330,23747,23747,10,10,17,17,ironing,ironing,True,4.8459903e-08,9.6351e-07,1.426984e-06,6.4194563e-07,6.2909356e-07,1.4441105e-06,8.304474e-08,3.0363353e-07,1.0232467e-06,2.7591788e-05,0.9999658,5.1009795e-08,0.9999658
pamap2,gnn_flatten_lstm,sequence,7,107,107,108,1331,23748,23748,10,10,17,17,ironing,ironing,True,5.053718e-08,1.0823798e-06,1.3890995e-06,6.290333e-07,7.19678e-07,1.6071509e-06,9.609131e-08,2.8141503e-07,1.0060536e-06,2.7668266e-05,0.9999653,5.27973e-08,0.9999653
pamap2,gnn_flatten_lstm,sequence,7,107,107,108,1332,23749,23749,10,10,17,17,ironing,ironing,True,6.029628e-08,1.1335109e-06,1.3547964e-06,6.803391e-07,7.861887e-07,1.7022976e-06,9.2783466e-08,3.1045462e-07,1.077539e-06,2.9484696e-05,0.9999633,5.862538e-08,0.9999633
pamap2,gnn_flatten_lstm,sequence,7,107,107,108,1333,23750,23750,10,10,17,17,ironing,ironing,True,4.8750948e-08,9.2327474e-07,1.0549801e-06,5.5488454e-07,6.3295636e-07,1.2722007e-06,5.5918726e-08,2.684603e-07,9.91794e-07,2.1809545e-05,0.99997234,4.8088605e-08,0.99997234
pamap2,gnn_flatten_lstm,sequence,7,107,107,108,1334,23751,23751,10,10,17,17,ironing,ironing,True,4.4108408e-08,8.287788e-07,1.0479083e-06,4.716073e-07,5.498132e-07,1.101986e-06,4.7307875e-08,2.4635548e-07,9.505802e-07,2.190582e-05,0.9999728,4.3842856e-08,0.9999728
pamap2,gnn_flatten_lstm,sequence,7,107,107,108,1335,23752,23752,10,10,17,17,ironing,ironing,True,4.2504908e-08,7.290655e-07,1.1929799e-06,4.628061e-07,4.613066e-07,9.695694e-07,4.700425e-08,2.4970996e-07,9.655288e-07,2.367864e-05,0.9999713,4.3551744e-08,0.9999713
pamap2,gnn_flatten_lstm,sequence,7,107,107,108,1336,23753,23753,10,10,17,17,ironing,ironing,True,4.5297543e-08,7.156519e-07,1.4811027e-06,5.055044e-07,4.329432e-07,9.1428933e-07,5.906798e-08,2.5850446e-07,1.0082267e-06,2.8931256e-05,0.9999658,4.6703985e-08,0.9999658
pamap2,gnn_flatten_lstm,sequence,7,107,107,108,1337,23754,23754,10,10,17,17,ironing,ironing,True,4.8803237e-08,8.286259e-07,1.6825462e-06,5.396323e-07,4.7860465e-07,9.777519e-07,7.2900335e-08,2.62367e-07,9.702133e-07,3.3147044e-05,0.9999609,4.6393723e-08,0.9999609
pamap2,gnn_flatten_lstm,sequence,7,107,107,108,1338,23755,23755,10,10,17,17,ironing,ironing,True,4.9935e-08,7.168993e-07,1.5655685e-06,5.925516e-07,4.5928266e-07,9.726213e-07,7.215315e-08,2.8977453e-07,9.943958e-07,3.3933436e-05,0.9999602,4.8630273e-08,0.9999602
pamap2,gnn_flatten_lstm,sequence,7,107,107,108,1339,23756,23756,10,10,17,17,ironing,ironing,True,5.5885504e-08,7.9353487e-07,1.5764058e-06,7.283011e-07,5.6782227e-07,1.1807005e-06,7.283535e-08,4.0398746e-07,1.1284473e-06,3.353041e-05,0.9999598,5.7182863e-08,0.9999598
pamap2,gnn_flatten_lstm,sequence,7,107,107,108,1340,23757,23757,10,10,17,17,ironing,ironing,True,7.071535e-08,1.053419e-06,1.8532388e-06,9.32107e-07,7.767462e-07,1.6036703e-06,9.1056634e-08,5.524084e-07,1.403752e-06,3.7018537e-05,0.99995446,7.359672e-08,0.99995446
pamap2,gnn_flatten_lstm,sequence,7,107,107,108,1341,23758,23758,10,10,17,17,ironing,ironing,True,7.938122e-08,1.2806693e-06,2.0186105e-06,1.0331561e-06,9.4869137e-07,1.9965853e-06,1.0422612e-07,6.5332756e-07,1.6038854e-06,3.8890987e-05,0.99995124,8.39196e-08,0.99995124
pamap2,gnn_flatten_lstm,sequence,7,107,107,108,1342,23759,23759,10,10,17,17,ironing,ironing,True,1.0687556e-07,2.0246894e-06,2.2432887e-06,1.3576525e-06,1.5977358e-06,3.292943e-06,1.4477399e-07,9.229928e-07,2.0982843e-06,4.2632644e-05,0.9999435,1.1384474e-07,0.9999435
pamap2,gnn_flatten_lstm,sequence,7,107,107,108,1343,23760,23760,10,10,17,17,ironing,ironing,True,1.4780737e-07,3.053702e-06,2.5771117e-06,1.8179064e-06,2.554792e-06,5.049109e-06,2.052098e-07,1.295123e-06,2.7839774e-06,4.9071703e-05,0.9999312,1.558298e-07,0.9999312
pamap2,gnn_flatten_lstm,sequence,7,107,107,108,1344,23761,23761,10,10,17,17,ironing,ironing,True,1.8189283e-07,4.005628e-06,2.8224379e-06,2.2378588e-06,3.4012387e-06,6.321373e-06,2.5671923e-07,1.5882921e-06,3.3292622e-06,5.3248994e-05,0.9999224,1.8699018e-07,0.9999224
pamap2,gnn_flatten_lstm,sequence,7,107,107,108,1345,23762,23762,10,10,17,17,ironing,ironing,True,1.8253883e-07,4.360129e-06,2.6610319e-06,2.2528877e-06,3.5904288e-06,6.2171016e-06,2.5230509e-07,1.5231291e-06,3.2947908e-06,4.984391e-05,0.99992573,1.7823128e-07,0.99992573
pamap2,gnn_flatten_lstm,sequence,7,107,107,108,1346,23763,23763,10,10,17,17,ironing,ironing,True,1.8246536e-07,4.75047e-06,2.5241902e-06,2.2537063e-06,3.7863288e-06,6.034729e-06,2.407289e-07,1.4485724e-06,3.2503704e-06,4.491613e-05,0.9999304,1.7283647e-07,0.9999304
pamap2,gnn_flatten_lstm,sequence,7,107,107,108,1347,23764,23764,10,10,17,17,ironing,ironing,True,1.10604795e-07,2.4800963e-06,2.0981506e-06,1.4971488e-06,1.8305284e-06,3.1421578e-06,1.6389693e-07,8.2335447e-07,2.1252044e-06,3.799487e-05,0.99994767,1.06976756e-07,0.99994767
pamap2,gnn_flatten_lstm,sequence,7,107,107,108,1348,23765,23765,10,10,17,17,ironing,ironing,True,9.742348e-08,2.1211422e-06,2.0365546e-06,1.3226307e-06,1.5048813e-06,2.6021116e-06,1.4773535e-07,6.9020547e-07,1.8987595e-06,3.6305115e-05,0.99995124,9.536219e-08,0.99995124
pamap2,gnn_flatten_lstm,sequence,7,107,107,108,1349,23766,23766,10,10,17,17,ironing,ironing,True,9.032983e-08,1.995451e-06,1.9246734e-06,1.2350445e-06,1.3909756e-06,2.3838638e-06,1.3075275e-07,6.4218125e-07,1.7667e-06,3.33993e-05,0.99995506,8.740284e-08,0.99995506
pamap2,gnn_flatten_lstm,sequence,7,107,107,108,1350,23767,23767,10,10,17,17,ironing,ironing,True,8.127426e-08,1.7692854e-06,1.7918424e-06,1.0954158e-06,1.1836353e-06,2.0273196e-06,1.09598886e-07,5.613564e-07,1.5947359e-06,3.0619074e-05,0.9999591,7.629566e-08,0.9999591
pamap2,gnn_flatten_lstm,sequence,7,107,107,108,1351,23768,23768,10,10,17,17,ironing,ironing,True,6.958459e-08,1.4189781e-06,1.5709426e-06,8.9521825e-07,9.5306115e-07,1.7247952e-06,8.8163716e-08,4.6288235e-07,1.3560193e-06,2.7938193e-05,0.9999634,6.413282e-08,0.9999634
pamap2,gnn_flatten_lstm,sequence,7,107,107,108,1352,23769,23769,10,10,17,17,ironing,ironing,True,5.666022e-08,1.1024753e-06,1.3420187e-06,7.1009475e-07,7.1363036e-07,1.3204758e-06,6.618e-08,3.4952404e-07,1.0983845e-06,2.3690864e-05,0.9999695,4.935116e-08,0.9999695
pamap2,gnn_flatten_lstm,sequence,7,107,107,108,1353,23770,23770,10,10,17,17,ironing,ironing,True,4.0923222e-08,7.907194e-07,1.2014597e-06,5.197671e-07,4.783116e-07,9.837499e-07,5.3440463e-08,2.3695603e-07,8.2291706e-07,2.177228e-05,0.9999732,3.641106e-08,0.9999732
pamap2,gnn_flatten_lstm,sequence,7,107,107,108,1354,23771,23771,10,10,17,17,ironing,ironing,True,5.3592633e-08,1.3577906e-06,1.7307677e-06,6.582379e-07,7.275531e-07,1.3639709e-06,8.6090836e-08,2.9956266e-07,9.908707e-07,2.75394e-05,0.9999651,4.8693444e-08,0.9999651
pamap2,gnn_flatten_lstm,sequence,7,107,107,108,1355,23772,23772,10,10,17,17,ironing,ironing,True,7.2063315e-08,2.0014297e-06,2.200152e-06,8.6774503e-07,1.0996904e-06,2.2144873e-06,1.3353741e-07,4.1546252e-07,1.2088339e-06,3.3646178e-05,0.99995613,6.4838225e-08,0.99995613
pamap2,gnn_flatten_lstm,sequence,7,107,107,108,1356,23773,23773,10,10,17,17,ironing,ironing,True,1.14690835e-07,1.8310885e-06,2.893642e-06,1.2529141e-06,1.2031727e-06,2.8065485e-06,1.8319399e-07,6.147016e-07,1.6959787e-06,4.652551e-05,0.99994075,1.0994171e-07,0.99994075
pamap2,gnn_flatten_lstm,sequence,7,107,107,108,1357,23774,23774,10,10,17,17,ironing,ironing,True,1.2452004e-07,1.143799e-06,2.7536744e-06,1.2706433e-06,8.0187783e-07,1.648664e-06,1.1135026e-07,6.616348e-07,1.8257995e-06,4.602844e-05,0.9999435,1.07764144e-07,0.9999435
pamap2,gnn_flatten_lstm,sequence,7,107,107,108,1358,23775,23775,10,10,17,17,ironing,ironing,True,7.662138e-08,7.352956e-07,2.122009e-06,8.276294e-07,4.4855483e-07,9.164772e-07,6.632407e-08,4.127444e-07,1.3404483e-06,3.6554196e-05,0.99995637,6.4190985e-08,0.99995637
pamap2,gnn_flatten_lstm,sequence,7,107,107,108,1359,23776,23776,10,10,17,17,ironing,ironing,True,1.0555236e-07,9.680585e-07,3.6193912e-06,8.9469336e-07,5.1078234e-07,1.1324953e-06,9.536716e-08,4.7362073e-07,1.8502496e-06,5.1627285e-05,0.9999386,8.1367205e-08,0.9999386
pamap2,gnn_flatten_lstm,sequence,7,107,107,108,1360,23777,23777,10,10,17,17,ironing,ironing,True,1.0161667e-07,7.827883e-07,3.0782817e-06,8.9066367e-07,4.5150065e-07,8.3951534e-07,7.6744826e-08,5.0477604e-07,1.9815568e-06,4.6273875e-05,0.9999449,8.089621e-08,0.9999449
pamap2,gnn_flatten_lstm,sequence,7,107,107,108,1361,23778,23778,10,10,17,17,ironing,ironing,True,1.0311965e-07,7.536287e-07,3.0843162e-06,8.8313385e-07,4.3325406e-07,7.9091166e-07,7.389222e-08,4.8423783e-07,1.9577285e-06,4.876664e-05,0.99994254,8.662999e-08,0.99994254
pamap2,gnn_flatten_lstm,sequence,7,107,107,108,1362,23779,23779,10,10,17,17,ironing,ironing,True,9.718968e-08,7.496372e-07,3.130204e-06,8.233798e-07,4.2406398e-07,8.0808053e-07,7.737693e-08,4.5228938e-07,1.8181968e-06,5.3072246e-05,0.99993837,8.661889e-08,0.99993837
pamap2,gnn_flatten_lstm,sequence,7,107,107,108,1363,23780,23780,10,10,17,17,ironing,ironing,True,1.0317e-07,8.51751e-07,3.2262806e-06,8.768195e-07,4.685026e-07,8.199095e-07,8.2755186e-08,4.7501757e-07,1.9398515e-06,5.2446794e-05,0.9999386,9.312991e-08,0.9999386
pamap2,gnn_flatten_lstm,sequence,7,107,107,108,1364,23781,23781,10,10,17,17,ironing,ironing,True,9.7449984e-08,8.600656e-07,3.2473154e-06,8.378068e-07,4.4865826e-07,7.171699e-07,8.062631e-08,4.4910604e-07,1.8246076e-06,5.0444105e-05,0.9999409,8.56923e-08,0.9999409
pamap2,gnn_flatten_lstm,sequence,7,107,107,108,1365,23782,23782,10,10,17,17,ironing,ironing,True,1.05960666e-07,1.0556945e-06,3.7311404e-06,8.7363463e-07,5.052681e-07,7.456291e-07,8.7583324e-08,4.7987606e-07,1.8331817e-06,5.3473275e-05,0.99993694,8.4804995e-08,0.99993694
pamap2,gnn_flatten_lstm,sequence,7,107,107,108,1366,23783,23783,10,10,17,17,ironing,ironing,True,9.6041944e-08,1.0287375e-06,3.2377259e-06,7.932171e-07,5.187831e-07,8.3864757e-07,8.097329e-08,4.812165e-07,1.7280752e-06,5.1254312e-05,0.9999398,7.901883e-08,0.9999398
pamap2,gnn_flatten_lstm,sequence,7,107,107,108,1367,23784,23784,10,10,17,17,ironing,ironing,True,9.928045e-08,1.2316117e-06,3.2781738e-06,8.3614515e-07,6.272755e-07,1.0970186e-06,8.898049e-08,5.2752216e-07,1.7495938e-06,5.1858355e-05,0.99993837,8.190735e-08,0.99993837
pamap2,gnn_flatten_lstm,sequence,7,107,107,108,1368,23785,23785,10,10,17,17,ironing,ironing,True,1.18633544e-07,1.7783437e-06,3.687081e-06,1.0198426e-06,8.7950485e-07,1.5324873e-06,1.1484692e-07,6.160955e-07,2.036013e-06,5.3002932e-05,0.99993515,1.005125e-07,0.99993515
pamap2,gnn_flatten_lstm,sequence,7,107,107,108,1369,23786,23786,10,10,17,17,ironing,ironing,True,1.5794332e-07,2.5640707e-06,4.656381e-06,1.4018376e-06,1.2494602e-06,2.0145073e-06,1.715188e-07,7.8483345e-07,2.4025524e-06,6.0540322e-05,0.99992394,1.2707187e-07,0.99992394
pamap2,gnn_flatten_lstm,sequence,7,107,107,108,1370,23787,23787,10,10,17,17,ironing,ironing,True,1.5191789e-07,2.6178948e-06,3.4646628e-06,1.5459581e-06,1.549338e-06,2.6146213e-06,1.8715237e-07,8.6822246e-07,2.4343935e-06,5.4162392e-05,0.99993014,1.4599159e-07,0.99993014
pamap2,gnn_flatten_lstm,sequence,7,107,107,108,1371,23788,23788,10,10,17,17,ironing,ironing,True,1.6404269e-07,3.8282265e-06,2.8757063e-06,1.7740688e-06,2.5474892e-06,4.3307355e-06,1.998105e-07,1.0025057e-06,2.5486602e-06,4.4235305e-05,0.99993634,1.6956517e-07,0.99993634
pamap2,gnn_flatten_lstm,sequence,7,107,107,108,1372,23789,23789,10,10,17,17,ironing,ironing,True,5.218582e-07,1.7638897e-05,4.1410362e-06,4.0213345e-06,1.3971492e-05,1.9758416e-05,4.286111e-07,3.147475e-06,6.0097454e-06,5.563418e-05,0.9998741,4.8936784e-07,0.9998741
pamap2,gnn_flatten_lstm,sequence,7,107,107,108,1373,23790,23790,10,10,17,17,ironing,ironing,True,9.811619e-07,4.5336776e-05,5.464788e-06,5.9018557e-06,4.0896033e-05,6.652873e-05,7.69382e-07,6.0050506e-06,1.066967e-05,6.219561e-05,0.99975437,9.562337e-07,0.99975437
pamap2,gnn_flatten_lstm,sequence,7,107,107,108,1374,23791,23791,10,10,17,17,ironing,ironing,True,5.648094e-07,2.4505338e-05,4.57749e-06,3.8203857e-06,1.9789837e-05,3.9425428e-05,5.6560935e-07,3.466046e-06,7.0711717e-06,5.6495923e-05,0.9998392,5.722422e-07,0.9998392
pamap2,gnn_flatten_lstm,sequence,7,107,107,108,1375,23792,23792,10,10,17,17,ironing,ironing,True,3.5439012e-07,1.5824477e-05,4.557293e-06,2.8309373e-06,9.168119e-06,1.7583181e-05,4.6183823e-07,1.8549316e-06,4.3397836e-06,5.4725737e-05,0.99988806,3.013369e-07,0.99988806
pamap2,gnn_flatten_lstm,sequence,7,107,107,108,1376,23793,23793,10,10,17,17,ironing,ironing,True,4.994688e-07,2.716228e-05,5.710031e-06,3.6408946e-06,1.4027512e-05,2.4374105e-05,6.798951e-07,2.277458e-06,5.2051646e-06,6.275116e-05,0.99985313,3.667112e-07,0.99985313
pamap2,gnn_flatten_lstm,sequence,7,107,107,108,1377,23794,23794,10,10,17,17,ironing,ironing,True,4.7618974e-07,2.3581691e-05,4.70723e-06,3.555112e-06,1.4630257e-05,2.5288631e-05,6.2494763e-07,2.4522285e-06,5.749494e-06,5.8905534e-05,0.9998597,4.076879e-07,0.9998597
pamap2,gnn_flatten_lstm,sequence,7,107,107,108,1378,23795,23795,10,10,17,17,ironing,ironing,True,3.710743e-07,1.5141982e-05,3.788381e-06,2.9495109e-06,1.063666e-05,1.9214216e-05,4.745687e-07,2.0943007e-06,4.918133e-06,5.4205513e-05,0.9998858,3.435511e-07,0.9998858
pamap2,gnn_flatten_lstm,sequence,7,107,107,108,1379,23796,23796,10,10,17,17,ironing,ironing,True,3.19522e-07,9.098373e-06,3.9299834e-06,3.0106924e-06,7.070207e-06,1.3129212e-05,4.2131958e-07,2.1731328e-06,4.542707e-06,6.255663e-05,0.9998934,3.1426185e-07,0.9998934
pamap2,gnn_flatten_lstm,sequence,7,107,107,108,1380,23797,23797,10,10,17,17,ironing,ironing,True,2.0260309e-07,5.02824e-06,3.3551792e-06,2.187116e-06,3.6102633e-06,7.2464545e-06,2.7964265e-07,1.3616011e-06,3.208029e-06,5.265514e-05,0.9999207,1.9670198e-07,0.9999207
pamap2,gnn_flatten_lstm,sequence,7,107,107,108,1381,23798,23798,10,10,17,17,ironing,ironing,True,1.5034598e-07,3.473757e-06,2.7460767e-06,1.55035e-06,2.4637068e-06,5.6095655e-06,2.16593e-07,8.7767364e-07,2.3300004e-06,4.671873e-05,0.9999337,1.4752213e-07,0.9999337
pamap2,gnn_flatten_lstm,sequence,7,107,107,108,1382,23799,23799,10,10,17,17,ironing,ironing,True,1.821918e-07,6.0281186e-06,3.5035077e-06,1.6797018e-06,3.5573769e-06,7.08073e-06,3.2015538e-07,9.2377564e-07,2.4122514e-06,5.4475226e-05,0.99991965,1.6178501e-07,0.99991965
pamap2,gnn_flatten_lstm,sequence,7,107,107,108,1383,23800,23800,10,10,17,17,ironing,ironing,True,2.2849352e-07,8.663741e-06,3.264245e-06,1.8304505e-06,5.6809363e-06,1.0665215e-05,4.2962455e-07,1.0944284e-06,2.595974e-06,5.930674e-05,0.99990606,1.9602437e-07,0.99990606
pamap2,gnn_flatten_lstm,sequence,7,107,107,108,1384,23801,23801,10,10,17,17,ironing,ironing,True,1.9255704e-07,5.9367007e-06,2.706006e-06,1.6368206e-06,4.466528e-06,9.216951e-06,3.306038e-07,9.8165e-07,2.4027786e-06,5.4859e-05,0.99991703,1.8458627e-07,0.99991703
pamap2,gnn_flatten_lstm,sequence,7,107,107,108,1385,23802,23802,10,10,17,17,ironing,ironing,True,1.5915813e-07,3.866897e-06,2.901447e-06,1.7093513e-06,2.9836588e-06,6.3146954e-06,2.5198005e-07,1.072415e-06,2.4654832e-06,5.4137534e-05,0.99992406,1.7235705e-07,0.99992406
pamap2,gnn_flatten_lstm,sequence,7,107,107,108,1386,23803,23803,10,10,17,17,ironing,ironing,True,1.5157593e-07,3.066867e-06,3.0419849e-06,1.7417813e-06,2.4372205e-06,5.314608e-06,2.3271971e-07,1.1685161e-06,2.589343e-06,5.7539502e-05,0.9999225,1.651587e-07,0.9999225
pamap2,gnn_flatten_lstm,sequence,7,107,107,108,1387,23804,23804,10,10,17,17,ironing,ironing,True,1.6796142e-07,3.3949711e-06,3.1840714e-06,1.934623e-06,2.732331e-06,5.7854472e-06,2.4955537e-07,1.3605376e-06,2.9443634e-06,5.9474456e-05,0.9999186,1.786704e-07,0.9999186
pamap2,gnn_flatten_lstm,sequence,7,107,107,108,1388,23805,23805,10,10,17,17,ironing,ironing,True,1.8170823e-07,3.883415e-06,3.287352e-06,2.1353317e-06,3.0053413e-06,5.915908e-06,2.633474e-07,1.4778644e-06,3.277757e-06,5.9354126e-05,0.99991703,1.8500607e-07,0.99991703
pamap2,gnn_flatten_lstm,sequence,7,107,107,108,1389,23806,23806,10,10,17,17,ironing,ironing,True,1.7167446e-07,3.2594976e-06,3.3022754e-06,2.04661e-06,2.4633118e-06,4.800834e-06,2.395907e-07,1.371318e-06,3.0766887e-06,5.978665e-05,0.9999193,1.6776319e-07,0.9999193
pamap2,gnn_flatten_lstm,sequence,7,107,107,108,1390,23807,23807,10,10,17,17,ironing,ironing,True,1.3907572e-07,2.7075155e-06,2.7731583e-06,1.6920737e-06,1.933301e-06,3.6835838e-06,1.926101e-07,1.0196364e-06,2.5468787e-06,5.0915474e-05,0.99993217,1.301386e-07,0.99993217
pamap2,gnn_flatten_lstm,sequence,7,107,107,108,1391,23808,23808,10,10,17,17,ironing,ironing,True,1.3527539e-07,2.9755536e-06,2.8002876e-06,1.6238288e-06,1.919466e-06,3.40878e-06,1.8458697e-07,8.996502e-07,2.547304e-06,4.728731e-05,0.9999361,1.2499883e-07,0.9999361
pamap2,gnn_flatten_lstm,sequence,7,107,107,108,1392,23809,23809,10,10,17,17,ironing,ironing,True,1.13047506e-07,2.3152932e-06,2.6778894e-06,1.3495961e-06,1.4053602e-06,2.4742205e-06,1.5722657e-07,7.1682933e-07,2.1907233e-06,4.4908116e-05,0.9999417,1.0125977e-07,0.9999417
pamap2,gnn_flatten_lstm,sequence,7,107,107,108,1393,23810,23810,10,10,17,17,ironing,ironing,True,1.0260938e-07,1.9199604e-06,2.7091926e-06,1.1849884e-06,1.1031284e-06,1.9480428e-06,1.3912975e-07,6.128199e-07,2.004899e-06,4.3385047e-05,0.9999448,8.8621995e-08,0.9999448
pamap2,gnn_flatten_lstm,sequence,7,107,107,108,1394,23811,23811,10,10,17,17,ironing,ironing,True,1.1089222e-07,2.334088e-06,2.8168147e-06,1.287475e-06,1.2973018e-06,2.2312374e-06,1.5524931e-07,6.354358e-07,2.1448068e-06,4.1652875e-05,0.99994516,9.535451e-08,0.99994516
pamap2,gnn_flatten_lstm,sequence,7,107,107,108,1395,23812,23812,10,10,17,17,ironing,ironing,True,1.1346162e-07,2.4788194e-06,2.8528507e-06,1.3162688e-06,1.3575337e-06,2.3151435e-06,1.552904e-07,6.5342294e-07,2.207232e-06,4.077389e-05,0.99994564,9.630428e-08,0.99994564
pamap2,gnn_flatten_lstm,sequence,7,107,107,108,1396,23813,23813,10,10,17,17,ironing,ironing,True,1.11304e-07,2.4301212e-06,2.849044e-06,1.2906967e-06,1.3002392e-06,2.202892e-06,1.4229198e-07,6.4874433e-07,2.1925066e-06,3.9195307e-05,0.99994755,9.273158e-08,0.99994755
pamap2,gnn_flatten_lstm,sequence,7,107,107,108,1397,23814,23814,10,10,17,17,ironing,ironing,True,1.109545e-07,2.302457e-06,2.9378857e-06,1.2389106e-06,1.1968136e-06,1.9944318e-06,1.269879e-07,6.418912e-07,2.1758183e-06,3.938236e-05,0.9999478,8.91536e-08,0.9999478
pamap2,gnn_flatten_lstm,sequence,7,107,107,108,1398,23815,23815,10,10,17,17,ironing,ironing,True,1.0110222e-07,2.0105956e-06,2.8663117e-06,1.1022851e-06,1.0033003e-06,1.6817315e-06,1.0640808e-07,5.702117e-07,1.9747083e-06,3.7925398e-05,0.9999505,7.819983e-08,0.9999505
pamap2,gnn_flatten_lstm,sequence,7,107,107,108,1399,23816,23816,10,10,17,17,ironing,ironing,True,8.9342315e-08,1.736346e-06,2.6426596e-06,9.73623e-07,8.4626055e-07,1.3999728e-06,8.950981e-08,4.928959e-07,1.7519499e-06,3.5153196e-05,0.9999547,6.7801025e-08,0.9999547
pamap2,gnn_flatten_lstm,sequence,7,107,107,108,1400,23817,23817,10,10,17,17,ironing,ironing,True,8.183689e-08,1.6859917e-06,2.4155784e-06,9.0698643e-07,7.980803e-07,1.2659507e-06,8.065408e-08,4.4034854e-07,1.6317895e-06,3.1662777e-05,0.999959,6.1920005e-08,0.999959
pamap2,gnn_flatten_lstm,sequence,7,107,107,108,1401,23818,23818,10,10,17,17,ironing,ironing,True,7.8935564e-08,1.7265376e-06,2.4063017e-06,8.6653466e-07,7.8993594e-07,1.2424142e-06,8.24088e-08,4.107595e-07,1.6293595e-06,3.138258e-05,0.99995935,6.166167e-08,0.99995935
pamap2,gnn_flatten_lstm,sequence,7,107,107,108,1402,23819,23819,10,10,17,17,ironing,ironing,True,8.063958e-08,1.6865956e-06,2.4979095e-06,8.4936374e-07,7.86716e-07,1.2849176e-06,8.869068e-08,4.1938705e-07,1.7142473e-06,3.3894663e-05,0.9999566,6.540739e-08,0.9999566
pamap2,gnn_flatten_lstm,sequence,7,107,107,108,1403,23820,23820,10,10,17,17,ironing,ironing,True,8.19769e-08,1.6352922e-06,2.5017357e-06,8.5638044e-07,7.8234876e-07,1.2888005e-06,9.0485926e-08,4.3071697e-07,1.7368361e-06,3.497483e-05,0.99995553,6.6756535e-08,0.99995553
pamap2,gnn_flatten_lstm,sequence,7,107,107,108,1404,23821,23821,10,10,17,17,ironing,ironing,True,8.092737e-08,1.4702327e-06,2.4765748e-06,8.537537e-07,7.1530116e-07,1.192392e-06,8.368506e-08,4.2651487e-07,1.6340726e-06,3.4710356e-05,0.99995625,6.305528e-08,0.99995625
pamap2,gnn_flatten_lstm,sequence,7,107,107,108,1405,23822,23822,10,10,17,17,ironing,ironing,True,6.011526e-08,9.891168e-07,1.9815595e-06,6.618626e-07,4.9925194e-07,9.248837e-07,6.3992246e-08,3.181678e-07,1.2265439e-06,3.0497773e-05,0.99996257,4.7962548e-08,0.99996257
pamap2,gnn_flatten_lstm,sequence,7,107,107,108,1406,23823,23823,10,10,17,17,ironing,ironing,True,6.578951e-08,1.0459307e-06,2.3230584e-06,6.889946e-07,5.2826897e-07,1.0463826e-06,7.425893e-08,3.5433104e-07,1.3095897e-06,3.5714584e-05,0.99995685,5.6275326e-08,0.99995685
pamap2,gnn_flatten_lstm,sequence,7,107,107,108,1407,23824,23824,10,10,17,17,ironing,ironing,True,1.6509144e-07,3.732752e-06,6.485743e-06,1.2708276e-06,1.4088998e-06,3.0858369e-06,2.1489848e-07,6.6024234e-07,2.2743814e-06,6.3938045e-05,0.9999167,1.0891657e-07,0.9999167
pamap2,gnn_flatten_lstm,sequence,7,107,107,108,1408,23825,23825,10,10,17,17,ironing,ironing,True,6.376281e-07,2.4245666e-05,1.746225e-05,3.4445893e-06,7.165966e-06,1.3675123e-05,1.0409067e-06,1.7521476e-06,4.9602463e-06,0.0001246815,0.9998006,3.034786e-07,0.9998006
pamap2,gnn_flatten_lstm,sequence,7,107,107,108,1409,23826,23826,10,10,17,17,ironing,ironing,True,4.9887053e-06,0.00033675542,7.32134e-05,1.4121547e-05,6.838441e-05,8.721004e-05,9.377018e-06,6.902722e-06,1.5044239e-05,0.00032460171,0.99905795,1.426514e-06,0.99905795
pamap2,gnn_flatten_lstm,sequence,7,107,107,108,1410,23827,23827,10,10,17,17,ironing,ironing,True,5.1154344e-05,0.0058810804,0.00038642922,6.2385785e-05,0.00065481366,0.00064367166,8.861736e-05,3.5249584e-05,5.0167273e-05,0.0009764672,0.9911622,7.7298255e-06,0.9911622
pamap2,gnn_flatten_lstm,sequence,7,107,107,108,1411,23828,23828,10,10,17,17,ironing,ironing,True,0.00019692605,0.028018128,0.0007051336,0.0001282316,0.0029041304,0.002761306,0.00029783195,0.000112906986,0.00011288427,0.001918535,0.96281856,2.5276633e-05,0.96281856
pamap2,gnn_flatten_lstm,sequence,7,107,107,108,1412,23829,23829,10,10,17,17,ironing,ironing,True,0.00028336197,0.039389644,0.0005471102,0.00014740186,0.0071314923,0.009198399,0.0003621931,0.00024750296,0.00020482724,0.002047793,0.94038624,5.4013057e-05,0.94038624
pamap2,gnn_flatten_lstm,sequence,7,107,107,108,1413,23830,23830,10,10,17,17,ironing,ironing,True,0.0007588106,0.10937021,0.00088235835,0.00023949878,0.026224382,0.077314295,0.00055963144,0.0009750693,0.0006325021,0.002945398,0.7799041,0.00019377306,0.7799041
pamap2,gnn_flatten_lstm,sequence,7,107,107,108,1414,23831,23831,10,10,17,17,ironing,ironing,True,0.0009075528,0.15636979,0.0010572076,0.00022204858,0.042851727,0.29359666,0.00056654576,0.0015462289,0.001109072,0.0026699172,0.49879146,0.00031183517,0.49879146
pamap2,gnn_flatten_lstm,sequence,7,107,107,108,1415,23832,23832,10,5,17,6,ironing,cycling,False,0.0005481174,0.16028959,0.0010601019,0.00012909007,0.03526719,0.4435052,0.0003908218,0.0010233572,0.0011491975,0.0016682564,0.35473877,0.00023031501,0.4435052
pamap2,gnn_flatten_lstm,sequence,7,107,107,108,1416,23833,23833,10,5,17,6,ironing,cycling,False,0.00032116123,0.1085961,0.0015266355,8.1879974e-05,0.019298935,0.46305275,0.00028778287,0.000689518,0.0012031302,0.0017892634,0.40298352,0.0001692621,0.46305275
pamap2,gnn_flatten_lstm,sequence,7,107,107,108,1417,23834,23834,10,10,17,17,ironing,ironing,True,0.00025705353,0.04794981,0.0007961192,9.0132875e-05,0.019349273,0.4027616,0.0002218617,0.00081530254,0.0012433409,0.0018838902,0.52444845,0.00018311387,0.52444845
pamap2,gnn_flatten_lstm,sequence,7,107,107,108,1418,23835,23835,10,10,17,17,ironing,ironing,True,0.00013169952,0.013410497,0.00033557543,9.219562e-05,0.012459397,0.16332716,0.000124668,0.00065377087,0.0010519753,0.001703191,0.8065694,0.00014044339,0.8065694
pamap2,gnn_flatten_lstm,sequence,7,107,107,108,1419,23836,23836,10,10,17,17,ironing,ironing,True,2.8036184e-05,0.0016057383,6.723126e-05,4.872128e-05,0.0027811031,0.0146967005,2.8978915e-05,0.00020235838,0.0003573644,0.00077419437,0.97936946,4.0141676e-05,0.97936946
pamap2,gnn_flatten_lstm,sequence,7,107,107,108,1420,23837,23837,10,10,17,17,ironing,ironing,True,3.9165693e-06,0.00015677478,1.36271365e-05,1.5195241e-05,0.000259522,0.00069161336,4.706503e-06,3.420325e-05,5.977562e-05,0.00026316126,0.99849236,5.205154e-06,0.99849236
pamap2,gnn_flatten_lstm,sequence,7,107,107,108,1421,23838,23838,10,10,17,17,ironing,ironing,True,8.092504e-07,2.3343851e-05,6.8925433e-06,5.8882842e-06,2.4732442e-05,5.967847e-05,1.2848978e-06,6.454329e-06,1.1609507e-05,0.00012403034,0.99973434,8.792779e-07,0.99973434
pamap2,gnn_flatten_lstm,sequence,7,107,107,108,1422,23839,23839,10,10,17,17,ironing,ironing,True,5.631149e-07,1.4079712e-05,6.598827e-06,4.893363e-06,1.3011624e-05,3.2170836e-05,9.575509e-07,4.34792e-06,8.115767e-06,0.00011424527,0.9998005,5.8470255e-07,0.9998005
pamap2,gnn_flatten_lstm,sequence,7,107,107,108,1423,23840,23840,10,10,17,17,ironing,ironing,True,3.9411117e-07,8.99357e-06,5.7726343e-06,3.823824e-06,7.5832104e-06,1.9035322e-05,6.489434e-07,3.0815759e-06,6.002859e-06,9.821714e-05,0.9998462,3.9950515e-07,0.9998462
pamap2,gnn_flatten_lstm,sequence,7,107,107,108,1424,23841,23841,10,10,17,17,ironing,ironing,True,2.587925e-07,5.590609e-06,4.8863967e-06,2.7681117e-06,4.2007036e-06,1.0865569e-05,4.1338288e-07,1.9896704e-06,4.222883e-06,7.997413e-05,0.9998846,2.6120557e-07,0.9998846
pamap2,gnn_flatten_lstm,sequence,7,107,107,108,1425,23842,23842,10,10,17,17,ironing,ironing,True,1.6640702e-07,3.305102e-06,3.9721026e-06,1.9054831e-06,2.2658578e-06,6.1581122e-06,2.6111206e-07,1.2226243e-06,2.8567642e-06,6.4157684e-05,0.9999137,1.6621276e-07,0.9999137
pamap2,gnn_flatten_lstm,sequence,7,107,107,108,1426,23843,23843,10,10,17,17,ironing,ironing,True,1.11292934e-07,1.8849767e-06,3.1884929e-06,1.2944115e-06,1.2201551e-06,3.4930254e-06,1.7033382e-07,7.545492e-07,1.9369809e-06,5.381408e-05,0.99993205,1.0801479e-07,0.99993205
pamap2,gnn_flatten_lstm,sequence,7,107,107,108,1427,23844,23844,10,10,17,17,ironing,ironing,True,6.868999e-08,9.944283e-07,2.20936e-06,7.836609e-07,6.23445e-07,1.8058e-06,9.699876e-08,4.238813e-07,1.2354811e-06,4.1712465e-05,0.99994993,6.2482854e-08,0.99994993
pamap2,gnn_flatten_lstm,sequence,7,107,107,108,1428,23845,23845,10,10,17,17,ironing,ironing,True,5.7893494e-08,7.4053867e-07,2.137723e-06,6.45775e-07,4.6209195e-07,1.3558836e-06,8.581862e-08,3.378942e-07,1.090064e-06,4.193591e-05,0.999951,5.6961273e-08,0.999951
pamap2,gnn_flatten_lstm,sequence,7,107,107,108,1429,23846,23846,10,10,17,17,ironing,ironing,True,6.72594e-08,1.1826539e-06,2.7205308e-06,7.079313e-07,6.4298183e-07,1.6293253e-06,1.17333464e-07,3.5427888e-07,1.1459571e-06,4.6239824e-05,0.99994504,6.212557e-08,0.99994504
pamap2,gnn_flatten_lstm,sequence,7,107,107,108,1430,23847,23847,10,10,17,17,ironing,ironing,True,1.044529e-07,1.7322915e-06,3.818195e-06,1.0003814e-06,9.99936e-07,2.5137263e-06,2.0927959e-07,5.2142843e-07,1.6268904e-06,5.7745998e-05,0.99992955,9.811283e-08,0.99992955
pamap2,gnn_flatten_lstm,sequence,7,107,107,108,1431,23848,23848,10,10,17,17,ironing,ironing,True,1.6980457e-07,1.7112388e-06,4.220728e-06,1.4697345e-06,1.1620149e-06,2.6161947e-06,2.189287e-07,7.93077e-07,2.2375773e-06,6.673297e-05,0.9999186,1.5566145e-07,0.9999186
pamap2,gnn_flatten_lstm,sequence,7,107,107,108,1432,23849,23849,10,10,17,17,ironing,ironing,True,9.9121955e-08,1.0442756e-06,2.2581667e-06,9.754265e-07,6.9000487e-07,1.2798504e-06,9.035423e-08,4.925147e-07,1.5734444e-06,3.8866005e-05,0.99995244,8.572615e-08,0.99995244
pamap2,gnn_flatten_lstm,sequence,7,107,107,108,1433,23850,23850,10,10,17,17,ironing,ironing,True,8.297384e-08,9.513421e-07,2.4306487e-06,8.0991606e-07,5.006846e-07,8.8839545e-07,6.506211e-08,3.8230812e-07,1.4355728e-06,3.198983e-05,0.9999604,6.053753e-08,0.9999604
pamap2,gnn_flatten_lstm,sequence,7,107,107,108,1434,23851,23851,10,10,17,17,ironing,ironing,True,3.9643393e-07,4.271841e-06,1.650702e-05,2.2092763e-06,1.4980493e-06,2.594598e-06,2.3553656e-07,1.1684892e-06,4.9556393e-06,9.5138035e-05,0.9998709,1.7669599e-07,0.9998709
pamap2,gnn_flatten_lstm,sequence,7,107,107,108,1435,23852,23852,10,10,17,17,ironing,ironing,True,1.4171494e-06,1.3350451e-05,6.1061786e-05,6.4601795e-06,4.1254207e-06,5.562144e-06,7.782114e-07,2.8336947e-06,1.3553228e-05,0.00021420144,0.9996762,4.852765e-07,0.9996762
pamap2,gnn_flatten_lstm,sequence,7,107,107,108,1436,23853,23853,10,10,17,17,ironing,ironing,True,1.6413843e-06,1.22018455e-05,5.2600262e-05,6.6625403e-06,4.6856176e-06,6.2398653e-06,9.0780105e-07,3.2529888e-06,1.5093772e-05,0.0002655894,0.99963045,6.541752e-07,0.99963045
pamap2,gnn_flatten_lstm,sequence,7,107,107,108,1437,23854,23854,10,10,17,17,ironing,ironing,True,1.1683833e-06,7.4501163e-06,2.0413447e-05,5.1643606e-06,3.9960023e-06,4.097871e-06,4.7379245e-07,2.9002608e-06,1.2030606e-05,0.00018239232,0.9997594,5.550099e-07,0.9997594
pamap2,gnn_flatten_lstm,sequence,7,107,107,108,1438,23855,23855,10,10,17,17,ironing,ironing,True,2.2719412e-06,1.6643093e-05,2.8630344e-05,8.324812e-06,7.784683e-06,5.489697e-06,5.994636e-07,5.273698e-06,2.0686013e-05,0.00019609112,0.99970716,1.0066124e-06,0.99970716
pamap2,gnn_flatten_lstm,sequence,7,107,107,108,1439,23856,23856,10,10,17,17,ironing,ironing,True,6.649354e-06,4.6534482e-05,0.00010287555,1.5080861e-05,1.5353862e-05,7.4317113e-06,1.3114224e-06,1.0725032e-05,5.0611652e-05,0.00033719806,0.9994042,2.0878172e-06,0.9994042
pamap2,gnn_flatten_lstm,sequence,7,107,107,108,1440,23857,23857,9,10,16,17,vacuum_cleaning,ironing,False,0.00016287416,0.0014325357,0.002044257,0.00015390747,0.00017947178,3.0719377e-05,1.6582486e-05,0.00018278637,0.00045244378,0.0019352064,0.99338114,2.7981654e-05,0.99338114
pamap2,gnn_flatten_lstm,sequence,7,107,107,108,1441,23858,23858,9,10,16,17,vacuum_cleaning,ironing,False,0.0040920023,0.052258514,0.022616094,0.001386335,0.00394214,0.0004042557,0.00036327692,0.0041633607,0.004518906,0.012003939,0.89364254,0.0006086709,0.89364254
pamap2,gnn_flatten_lstm,sequence,7,107,107,108,1442,23859,23859,9,10,16,17,vacuum_cleaning,ironing,False,0.02554148,0.31583282,0.07595685,0.005407659,0.027564874,0.001990748,0.0033108632,0.031336732,0.01769947,0.036544032,0.45472285,0.0040916256,0.45472285
pamap2,gnn_flatten_lstm,sequence,7,107,107,108,1443,23860,23860,9,1,16,2,vacuum_cleaning,sitting,False,0.039598715,0.5120951,0.052951932,0.01079786,0.07482681,0.0028202792,0.008946099,0.058907513,0.022326238,0.028412376,0.18055286,0.007764223,0.5120951
pamap2,gnn_flatten_lstm,sequence,7,107,107,108,1444,23861,23861,9,1,16,2,vacuum_cleaning,sitting,False,0.061022878,0.3631594,0.03057608,0.029681286,0.14849378,0.0029865797,0.01432133,0.16086088,0.036161993,0.036071174,0.102007225,0.014657393,0.3631594
pamap2,gnn_flatten_lstm,sequence,7,107,107,108,1445,23862,23862,9,1,16,2,vacuum_cleaning,sitting,False,0.06596867,0.34155792,0.017517697,0.03873746,0.18685968,0.0032171053,0.016480835,0.20104292,0.02794622,0.025693279,0.057133682,0.017844452,0.34155792
pamap2,gnn_flatten_lstm,sequence,7,107,107,108,1446,23863,23863,9,1,16,2,vacuum_cleaning,sitting,False,0.047221486,0.73986846,0.013117614,0.0071463026,0.10158625,0.0017341899,0.0067832335,0.045800228,0.0071218405,0.004753396,0.018189047,0.0066780187,0.73986846
pamap2,gnn_flatten_lstm,sequence,7,107,107,108,1447,23864,23864,9,1,16,2,vacuum_cleaning,sitting,False,0.047054425,0.73478407,0.020079173,0.006773726,0.100335546,0.0026549727,0.011060204,0.038795777,0.008467106,0.0049373847,0.01733176,0.0077258856,0.73478407
pamap2,gnn_flatten_lstm,sequence,7,107,107,108,1448,23865,23865,9,1,16,2,vacuum_cleaning,sitting,False,0.09741786,0.43854302,0.023055958,0.013909561,0.16799508,0.016427595,0.04921052,0.06827166,0.016982468,0.03948009,0.048971616,0.019734597,0.43854302
pamap2,gnn_flatten_lstm,sequence,7,107,107,108,1449,23866,23866,9,9,16,16,vacuum_cleaning,vacuum_cleaning,True,0.06247619,0.26364934,0.07706162,0.0028857794,0.016537143,0.017075516,0.05287503,0.007288618,0.009829759,0.3830805,0.10216933,0.005071134,0.3830805
pamap2,gnn_flatten_lstm,sequence,7,107,107,108,1450,23867,23867,9,9,16,16,vacuum_cleaning,vacuum_cleaning,True,0.010551227,0.033051353,0.011949848,0.00023366138,0.0012587998,0.0034352436,0.006402053,0.0012845102,0.0013292755,0.9016185,0.028365111,0.000520409,0.9016185
pamap2,gnn_flatten_lstm,sequence,7,107,107,108,1451,23868,23868,9,9,16,16,vacuum_cleaning,vacuum_cleaning,True,0.00071935257,0.0020280133,0.00053441076,1.0309375e-05,7.362738e-05,0.0004480551,0.00048281092,0.00017710024,9.956048e-05,0.9924557,0.0029433882,2.7507034e-05,0.9924557
pamap2,gnn_flatten_lstm,sequence,7,107,107,108,1452,23869,23869,9,9,16,16,vacuum_cleaning,vacuum_cleaning,True,6.712412e-05,0.00016515359,2.8850376e-05,8.6460744e-07,6.7026535e-06,7.855759e-05,5.643616e-05,4.6564037e-05,1.3477663e-05,0.99922466,0.0003090688,2.458853e-06,0.99922466
pamap2,gnn_flatten_lstm,sequence,7,107,107,108,1453,23870,23870,9,9,16,16,vacuum_cleaning,vacuum_cleaning,True,2.1434367e-05,5.219314e-05,4.0739546e-06,2.4257739e-07,1.9722202e-06,2.7675984e-05,1.170816e-05,3.15446e-05,5.1819898e-06,0.99978644,5.6961922e-05,6.586157e-07,0.99978644
pamap2,gnn_flatten_lstm,sequence,7,107,107,108,1454,23871,23871,9,9,16,16,vacuum_cleaning,vacuum_cleaning,True,4.7374288e-06,9.820591e-06,6.5943544e-07,4.9493853e-08,3.9879131e-07,8.306307e-06,2.8157801e-06,1.51423155e-05,1.4302242e-06,0.9999422,1.435839e-05,1.2365788e-07,0.9999422
pamap2,gnn_flatten_lstm,sequence,7,107,107,108,1455,23872,23872,9,9,16,16,vacuum_cleaning,vacuum_cleaning,True,2.5970392e-06,4.749563e-06,3.1981298e-07,2.5817704e-08,2.100313e-07,5.025694e-06,1.5563708e-06,1.1769717e-05,8.5966286e-07,0.9999645,8.40989e-06,6.30011e-08,0.9999645
pamap2,gnn_flatten_lstm,sequence,7,107,107,108,1456,23873,23873,9,9,16,16,vacuum_cleaning,vacuum_cleaning,True,2.1536098e-06,3.716802e-06,2.5296825e-07,1.997169e-08,1.659859e-07,4.2077704e-06,1.197949e-06,1.0646972e-05,6.9476727e-07,0.99996996,6.946417e-06,4.828324e-08,0.99996996
pamap2,gnn_flatten_lstm,sequence,7,107,107,108,1457,23874,23874,9,9,16,16,vacuum_cleaning,vacuum_cleaning,True,1.8566849e-06,3.13922e-06,2.1391243e-07,1.6559888e-08,1.3882386e-07,3.7283603e-06,1.0099426e-06,9.7384245e-06,5.9936895e-07,0.99997354,6.110095e-06,4.0220446e-08,0.99997354
pamap2,gnn_flatten_lstm,sequence,7,107,107,108,1458,23875,23875,9,9,16,16,vacuum_cleaning,vacuum_cleaning,True,1.8686886e-06,3.1227266e-06,2.1449306e-07,1.6756873e-08,1.4087043e-07,3.8012554e-06,9.922459e-07,1.008696e-05,6.125859e-07,0.99997294,6.191816e-06,4.107288e-08,0.99997294
pamap2,gnn_flatten_lstm,sequence,7,107,107,108,1459,23876,23876,9,9,16,16,vacuum_cleaning,vacuum_cleaning,True,1.7551909e-06,2.9050886e-06,2.0240952e-07,1.6137518e-08,1.3047321e-07,3.6466863e-06,9.5059124e-07,9.881488e-06,5.9116724e-07,0.9999739,5.9847152e-06,3.9234614e-08,0.9999739
pamap2,gnn_flatten_lstm,sequence,7,107,107,108,1460,23877,23877,9,9,16,16,vacuum_cleaning,vacuum_cleaning,True,1.707001e-06,2.8501872e-06,1.9693766e-07,1.5569244e-08,1.2362324e-07,3.5002547e-06,9.1938375e-07,9.425718e-06,5.673447e-07,0.99997485,5.8178425e-06,3.75211e-08,0.99997485
pamap2,gnn_flatten_lstm,sequence,7,107,107,108,1461,23878,23878,9,9,16,16,vacuum_cleaning,vacuum_cleaning,True,1.8194593e-06,3.0720817e-06,2.1274442e-07,1.6779012e-08,1.3420976e-07,3.690385e-06,9.75782e-07,9.863925e-06,6.063837e-07,0.9999734,6.109803e-06,4.046405e-08,0.9999734
pamap2,gnn_flatten_lstm,sequence,7,107,107,108,1462,23879,23879,9,9,16,16,vacuum_cleaning,vacuum_cleaning,True,1.7058219e-06,2.9646035e-06,1.9871817e-07,1.5826998e-08,1.2783713e-07,3.5214368e-06,9.1849995e-07,9.54451e-06,5.917587e-07,0.99997437,5.855289e-06,3.861464e-08,0.99997437
pamap2,gnn_flatten_lstm,sequence,7,107,107,108,1463,23880,23880,9,9,16,16,vacuum_cleaning,vacuum_cleaning,True,1.9191718e-06,3.3011324e-06,2.4210482e-07,1.9216131e-08,1.4761952e-07,4.0248005e-06,1.0810002e-06,1.0602461e-05,6.810492e-07,0.9999708,7.177816e-06,4.5841254e-08,0.9999708
pamap2,gnn_flatten_lstm,sequence,7,107,107,108,1464,23881,23881,9,9,16,16,vacuum_cleaning,vacuum_cleaning,True,1.6943461e-06,2.973426e-06,2.3539766e-07,1.714863e-08,1.237731e-07,3.5378666e-06,1.0191912e-06,9.253873e-06,6.2395264e-07,0.9999733,7.18136e-06,4.1970235e-08,0.9999733
pamap2,gnn_flatten_lstm,sequence,7,107,107,108,1465,23882,23882,9,9,16,16,vacuum_cleaning,vacuum_cleaning,True,1.6991806e-06,3.0419878e-06,2.216941e-07,1.7112667e-08,1.2191565e-07,3.4183433e-06,1.0428959e-06,9.087824e-06,6.0774977e-07,0.999974,6.5962286e-06,4.1151655e-08,0.999974
pamap2,gnn_flatten_lstm,sequence,7,107,107,108,1466,23883,23883,9,9,16,16,vacuum_cleaning,vacuum_cleaning,True,2.4448652e-06,4.233297e-06,3.0109157e-07,2.7052383e-08,1.9846941e-07,4.6421633e-06,1.4121632e-06,1.3673997e-05,9.4233144e-07,0.99996436,7.744066e-06,6.656197e-08,0.99996436
pamap2,gnn_flatten_lstm,sequence,7,107,107,108,1467,23884,23884,9,9,16,16,vacuum_cleaning,vacuum_cleaning,True,3.02851e-06,4.40242e-06,2.9954842e-07,4.1216886e-08,2.3464472e-07,5.043819e-06,1.4789863e-06,1.9829686e-05,1.3115256e-06,0.9999558,8.451497e-06,9.982257e-08,0.9999558
pamap2,gnn_flatten_lstm,sequence,7,107,107,108,1468,23885,23885,9,9,16,16,vacuum_cleaning,vacuum_cleaning,True,3.4931234e-06,4.919671e-06,3.2242258e-07,6.4025045e-08,2.9178804e-07,5.0953254e-06,1.3900503e-06,2.811166e-05,2.0917116e-06,0.9999429,1.1079419e-05,1.5348034e-07,0.9999429
pamap2,gnn_flatten_lstm,sequence,7,107,107,108,1469,23886,23886,9,9,16,16,vacuum_cleaning,vacuum_cleaning,True,3.0052347e-06,4.9983764e-06,5.1792284e-07,9.6283486e-08,2.9505514e-07,4.7396757e-06,1.7341569e-06,2.8201493e-05,3.1821285e-06,0.9999262,2.6780637e-05,1.9238276e-07,0.9999262
pamap2,gnn_flatten_lstm,sequence,7,107,107,108,1470,23887,23887,9,9,16,16,vacuum_cleaning,vacuum_cleaning,True,2.3822365e-06,3.9418655e-06,4.4925247e-07,6.6201764e-08,2.5198256e-07,3.936055e-06,2.0744956e-06,1.9335697e-05,2.4164767e-06,0.9999436,2.1336491e-05,1.5308781e-07,0.9999436
pamap2,gnn_flatten_lstm,sequence,7,107,107,108,1471,23888,23888,9,9,16,16,vacuum_cleaning,vacuum_cleaning,True,2.7099338e-06,4.332246e-06,4.4656144e-07,6.156147e-08,3.1253035e-07,4.5434817e-06,2.6345858e-06,1.7880702e-05,2.3432335e-06,0.9999466,1.8001945e-05,1.7949556e-07,0.9999466
pamap2,gnn_flatten_lstm,sequence,7,107,107,108,1472,23889,23889,9,9,16,16,vacuum_cleaning,vacuum_cleaning,True,3.2220328e-06,4.836157e-06,3.8887768e-07,5.6265268e-08,3.4136426e-07,4.9536816e-06,2.6063944e-06,1.851627e-05,1.982341e-06,0.9999497,1.3116783e-05,1.607453e-07,0.9999497
pamap2,gnn_flatten_lstm,sequence,7,107,107,108,1473,23890,23890,9,9,16,16,vacuum_cleaning,vacuum_cleaning,True,2.4337803e-06,3.5889857e-06,2.76732e-07,3.183263e-08,2.1968559e-07,4.0240107e-06,1.7033827e-06,1.3805344e-05,1.1363196e-06,0.9999634,9.244458e-06,8.2879346e-08,0.9999634
pamap2,gnn_flatten_lstm,sequence,7,107,107,108,1474,23891,23891,9,9,16,16,vacuum_cleaning,vacuum_cleaning,True,2.0366713e-06,3.1612974e-06,2.2997713e-07,2.2106065e-08,1.617025e-07,3.6205104e-06,1.27833e-06,1.101763e-05,7.770867e-07,0.9999703,7.331426e-06,5.3240395e-08,0.9999703
pamap2,gnn_flatten_lstm,sequence,7,107,107,108,1475,23892,23892,9,9,16,16,vacuum_cleaning,vacuum_cleaning,True,2.08868e-06,3.492541e-06,2.5116913e-07,2.3227228e-08,1.6588018e-07,3.9371907e-06,1.3241774e-06,1.0978838e-05,7.798064e-07,0.9999689,7.993668e-06,5.3756946e-08,0.9999689
pamap2,gnn_flatten_lstm,sequence,7,107,107,108,1476,23893,23893,9,9,16,16,vacuum_cleaning,vacuum_cleaning,True,2.1133988e-06,3.7519437e-06,2.5411833e-07,2.2971944e-08,1.7559609e-07,4.1068865e-06,1.3410886e-06,1.11089375e-05,7.958063e-07,0.9999685,7.780282e-06,5.4183197e-08,0.9999685
pamap2,gnn_flatten_lstm,sequence,7,107,107,108,1477,23894,23894,9,9,16,16,vacuum_cleaning,vacuum_cleaning,True,2.4108292e-06,4.415512e-06,2.9501288e-07,2.6944289e-08,2.1171225e-07,4.835484e-06,1.495702e-06,1.2719955e-05,9.218946e-07,0.9999641,8.484516e-06,6.3806844e-08,0.9999641
pamap2,gnn_flatten_lstm,sequence,7,107,107,108,1478,23895,23895,9,9,16,16,vacuum_cleaning,vacuum_cleaning,True,2.7046558e-06,4.8959814e-06,3.3951187e-07,3.1693567e-08,2.540749e-07,5.6457457e-06,1.6594283e-06,1.48787285e-05,1.0800381e-06,0.99995875,9.733702e-06,7.580057e-08,0.99995875
pamap2,gnn_flatten_lstm,sequence,7,107,107,108,1479,23896,23896,9,9,16,16,vacuum_cleaning,vacuum_cleaning,True,2.6434311e-06,4.64954e-06,3.2014893e-07,3.0245467e-08,2.4576116e-07,5.5386163e-06,1.5295155e-06,1.52208795e-05,1.0481813e-06,0.9999596,9.129066e-06,7.2797e-08,0.9999596
pamap2,gnn_flatten_lstm,sequence,7,107,107,108,1480,23897,23897,9,9,16,16,vacuum_cleaning,vacuum_cleaning,True,2.2334355e-06,3.9153365e-06,2.9336195e-07,2.3502293e-08,1.8741817e-07,4.842691e-06,1.3512254e-06,1.226498e-05,8.341824e-07,0.99996567,8.197438e-06,5.8253452e-08,0.99996567
pamap2,gnn_flatten_lstm,sequence,7,107,107,108,1481,23898,23898,9,9,16,16,vacuum_cleaning,vacuum_cleaning,True,2.3191226e-06,4.2620345e-06,3.065506e-07,2.777917e-08,2.0385919e-07,5.008517e-06,1.5642349e-06,1.3427436e-05,9.80827e-07,0.9999635,8.38141e-06,6.821463e-08,0.9999635
pamap2,gnn_flatten_lstm,sequence,7,107,107,108,1482,23899,23899,9,9,16,16,vacuum_cleaning,vacuum_cleaning,True,2.5815189e-06,4.7846684e-06,3.42266e-07,3.3818473e-08,2.3959825e-07,5.601878e-06,1.8025636e-06,1.515058e-05,1.131938e-06,0.9999585,9.740033e-06,7.9657696e-08,0.9999585
pamap2,gnn_flatten_lstm,sequence,7,107,107,108,1483,23900,23900,9,9,16,16,vacuum_cleaning,vacuum_cleaning,True,2.8375628e-06,5.07771e-06,3.5672883e-07,3.803083e-08,2.7021306e-07,6.0401167e-06,1.9819395e-06,1.6922004e-05,1.2356863e-06,0.99995494,1.0077174e-05,8.821377e-08,0.99995494
pamap2,gnn_flatten_lstm,sequence,7,107,107,108,1484,23901,23901,9,9,16,16,vacuum_cleaning,vacuum_cleaning,True,3.0924898e-06,5.327168e-06,3.8608945e-07,4.4852104e-08,3.00068e-07,6.259859e-06,2.05054e-06,1.9333225e-05,1.4162191e-06,0.9999503,1.1346897e-05,1.0075991e-07,0.9999503
pamap2,gnn_flatten_lstm,sequence,7,107,107,108,1485,23902,23902,9,9,16,16,vacuum_cleaning,vacuum_cleaning,True,3.4177056e-06,5.896655e-06,4.304848e-07,5.3147215e-08,3.4218195e-07,6.8001805e-06,2.2616964e-06,2.187944e-05,1.651675e-06,0.9999447,1.248473e-05,1.189334e-07,0.9999447
pamap2,gnn_flatten_lstm,sequence,7,107,107,108,1486,23903,23903,9,9,16,16,vacuum_cleaning,vacuum_cleaning,True,3.6136616e-06,6.355773e-06,4.7666202e-07,5.599495e-08,3.632716e-07,7.122623e-06,2.3366892e-06,2.209083e-05,1.716968e-06,0.9999422,1.359726e-05,1.245308e-07,0.9999422
pamap2,gnn_flatten_lstm,sequence,7,107,107,108,1487,23904,23904,9,9,16,16,vacuum_cleaning,vacuum_cleaning,True,3.6610425e-06,5.934422e-06,4.6636595e-07,5.2007312e-08,3.4571016e-07,7.2283406e-06,2.2921124e-06,2.1886734e-05,1.5507699e-06,0.9999442,1.2188936e-05,1.14665966e-07,0.9999442
pamap2,gnn_flatten_lstm,sequence,7,107,107,108,1488,23905,23905,9,9,16,16,vacuum_cleaning,vacuum_cleaning,True,3.094544e-06,4.7882404e-06,4.0621478e-07,3.8174885e-08,2.6978879e-07,6.386857e-06,1.9095903e-06,1.7890003e-05,1.1738778e-06,0.9999534,1.0589694e-05,8.5989726e-08,0.9999534
pamap2,gnn_flatten_lstm,sequence,7,107,107,108,1489,23906,23906,9,9,16,16,vacuum_cleaning,vacuum_cleaning,True,2.2326033e-06,3.402811e-06,2.9504687e-07,2.3679494e-08,1.7716027e-07,4.763959e-06,1.4009782e-06,1.2572637e-05,7.722532e-07,0.9999659,8.325085e-06,5.3924996e-08,0.9999659
pamap2,gnn_flatten_lstm,sequence,7,107,107,108,1490,23907,23907,9,9,16,16,vacuum_cleaning,vacuum_cleaning,True,1.908394e-06,2.8854608e-06,2.494439e-07,1.9032576e-08,1.4665028e-07,4.149563e-06,1.2060348e-06,1.085722e-05,6.414873e-07,0.99997056,7.326948e-06,4.3569575e-08,0.99997056
pamap2,gnn_flatten_lstm,sequence,7,107,107,108,1491,23908,23908,9,9,16,16,vacuum_cleaning,vacuum_cleaning,True,2.6205714e-06,4.1758685e-06,3.5279368e-07,3.0241367e-08,2.2827916e-07,5.580841e-06,1.5745675e-06,1.4814302e-05,9.796013e-07,0.99995935,1.0244612e-05,6.947238e-08,0.99995935
pamap2,gnn_flatten_lstm,sequence,7,107,107,108,1492,23909,23909,9,9,16,16,vacuum_cleaning,vacuum_cleaning,True,3.2116025e-06,5.323056e-06,4.405133e-07,4.2311083e-08,2.9908446e-07,6.689891e-06,1.8737632e-06,1.8529907e-05,1.3247608e-06,0.9999497,1.2405582e-05,9.613674e-08,0.9999497
pamap2,gnn_flatten_lstm,sequence,7,107,107,108,1493,23910,23910,9,9,16,16,vacuum_cleaning,vacuum_cleaning,True,2.7600574e-06,4.324406e-06,3.6007563e-07,2.7473309e-08,2.2788873e-07,5.6376143e-06,1.4212789e-06,1.42355175e-05,9.420411e-07,0.9999604,9.642674e-06,6.9516325e-08,0.9999604
pamap2,gnn_flatten_lstm,sequence,7,107,107,108,1494,23911,23911,9,9,16,16,vacuum_cleaning,vacuum_cleaning,True,3.3986253e-06,5.7746274e-06,3.5583247e-07,2.987945e-08,2.6253886e-07,6.5679933e-06,1.8125913e-06,1.4239238e-05,8.90805e-07,0.99995863,8.01052e-06,7.2434325e-08,0.99995863
pamap2,gnn_flatten_lstm,sequence,7,107,107,108,1495,23912,23912,9,9,16,16,vacuum_cleaning,vacuum_cleaning,True,3.1794377e-06,5.797544e-06,3.5093376e-07,3.1017898e-08,2.6007106e-07,6.2353515e-06,1.8650051e-06,1.4307477e-05,9.5033374e-07,0.99995863,8.253176e-06,7.372138e-08,0.99995863
pamap2,gnn_flatten_lstm,sequence,7,107,107,108,1496,23913,23913,9,9,16,16,vacuum_cleaning,vacuum_cleaning,True,3.02058e-06,5.78969e-06,3.5391207e-07,3.1679352e-08,2.6149027e-07,6.0726607e-06,1.7964709e-06,1.4349436e-05,1.010485e-06,0.9999583,8.904593e-06,7.51576e-08,0.9999583
pamap2,gnn_flatten_lstm,sequence,7,107,107,108,1497,23914,23914,9,9,16,16,vacuum_cleaning,vacuum_cleaning,True,3.1941308e-06,6.3146404e-06,3.850677e-07,3.555503e-08,2.8415405e-07,6.268631e-06,1.8757889e-06,1.5091524e-05,1.1213662e-06,0.9999554,9.850568e-06,8.31837e-08,0.9999554
pamap2,gnn_flatten_lstm,sequence,7,107,107,108,1498,23915,23915,9,9,16,16,vacuum_cleaning,vacuum_cleaning,True,3.1267452e-06,6.2521285e-06,3.741362e-07,3.4516468e-08,2.8020466e-07,6.190265e-06,1.8039145e-06,1.4700976e-05,1.1010379e-06,0.99995625,9.867085e-06,8.117596e-08,0.99995625
pamap2,gnn_flatten_lstm,sequence,7,107,107,108,1499,23916,23916,9,9,16,16,vacuum_cleaning,vacuum_cleaning,True,3.4889463e-06,7.090567e-06,4.2053887e-07,4.0706013e-08,3.141933e-07,6.6717407e-06,2.0166567e-06,1.6084608e-05,1.2480123e-06,0.99995184,1.072873e-05,9.4077734e-08,0.99995184
pamap2,gnn_flatten_lstm,sequence,7,107,107,108,1500,23917,23917,9,9,16,16,vacuum_cleaning,vacuum_cleaning,True,4.273013e-06,9.053046e-06,5.353988e-07,5.7378013e-08,3.9702326e-07,7.884301e-06,2.5827321e-06,1.96416e-05,1.64633e-06,0.9999411,1.2785141e-05,1.282484e-07,0.9999411
pamap2,gnn_flatten_lstm,sequence,7,107,107,108,1501,23918,23918,9,9,16,16,vacuum_cleaning,vacuum_cleaning,True,4.1663184e-06,8.783197e-06,5.0886274e-07,5.6324765e-08,3.8580737e-07,7.551635e-06,2.5520053e-06,1.9725174e-05,1.6338146e-06,0.9999423,1.2156164e-05,1.2571861e-07,0.9999423
pamap2,gnn_flatten_lstm,sequence,7,107,107,108,1502,23919,23919,9,9,16,16,vacuum_cleaning,vacuum_cleaning,True,4.61377e-06,9.325354e-06,5.320299e-07,6.151602e-08,4.2833832e-07,8.14408e-06,2.7343847e-06,2.1531714e-05,1.7420417e-06,0.9999385,1.230449e-05,1.3844935e-07,0.9999385
pamap2,gnn_flatten_lstm,sequence,7,107,107,108,1503,23920,23920,9,9,16,16,vacuum_cleaning,vacuum_cleaning,True,4.760511e-06,9.265335e-06,5.470034e-07,6.570902e-08,4.423259e-07,8.300705e-06,2.750502e-06,2.302069e-05,1.8507781e-06,0.9999361,1.2690313e-05,1.4700692e-07,0.9999361
pamap2,gnn_flatten_lstm,sequence,7,107,107,108,1504,23921,23921,9,9,16,16,vacuum_cleaning,vacuum_cleaning,True,5.306825e-06,9.662074e-06,5.7656734e-07,7.397121e-08,4.825861e-07,8.780872e-06,2.9498815e-06,2.5627562e-05,1.9937713e-06,0.99993134,1.3002559e-05,1.6303373e-07,0.99993134
pamap2,gnn_flatten_lstm,sequence,7,107,107,108,1505,23922,23922,9,9,16,16,vacuum_cleaning,vacuum_cleaning,True,4.7786557e-06,8.767359e-06,5.214239e-07,6.205443e-08,4.246045e-07,8.1391845e-06,2.591458e-06,2.2879605e-05,1.7334002e-06,0.999938,1.1873803e-05,1.3837034e-07,0.999938
pamap2,gnn_flatten_lstm,sequence,7,107,107,108,1506,23923,23923,9,9,16,16,vacuum_cleaning,vacuum_cleaning,True,3.3150268e-06,5.9420227e-06,3.9042106e-07,3.5605805e-08,2.6710924e-07,6.2217487e-06,1.8207063e-06,1.5694564e-05,1.0852895e-06,0.9999558,9.304604e-06,8.230797e-08,0.9999558
pamap2,gnn_flatten_lstm,sequence,7,107,107,108,1507,23924,23924,9,9,16,16,vacuum_cleaning,vacuum_cleaning,True,3.2589023e-06,5.723022e-06,3.77159e-07,3.402248e-08,2.5880337e-07,6.0443413e-06,1.757833e-06,1.5906824e-05,1.0401833e-06,0.99995697,8.543232e-06,7.8071274e-08,0.99995697
pamap2,gnn_flatten_lstm,sequence,7,107,107,108,1508,23925,23925,9,9,16,16,vacuum_cleaning,vacuum_cleaning,True,3.1955583e-06,5.4940588e-06,3.676359e-07,3.2092462e-08,2.5733527e-07,5.890168e-06,1.5703167e-06,1.558176e-05,1.0305481e-06,0.9999578,8.72595e-06,7.602261e-08,0.9999578
pamap2,gnn_flatten_lstm,sequence,7,107,107,108,1509,23926,23926,9,9,16,16,vacuum_cleaning,vacuum_cleaning,True,3.1152647e-06,5.414177e-06,3.3375204e-07,2.9443415e-08,2.4877153e-07,5.669974e-06,1.4871774e-06,1.4735151e-05,9.643823e-07,0.99995995,8.0665695e-06,7.133211e-08,0.99995995
pamap2,gnn_flatten_lstm,sequence,7,107,107,108,1510,23927,23927,9,9,16,16,vacuum_cleaning,vacuum_cleaning,True,1.8285879e-06,3.2055639e-06,2.0233239e-07,1.6325378e-08,1.3252449e-07,3.5376268e-06,9.5105753e-07,9.531692e-06,5.9338834e-07,0.99997413,5.777366e-06,3.9303753e-08,0.99997413
pamap2,gnn_flatten_lstm,sequence,7,107,107,108,1511,23928,23928,9,9,16,16,vacuum_cleaning,vacuum_cleaning,True,1.2913522e-06,2.380219e-06,1.4636586e-07,1.2231233e-08,8.6667654e-08,2.5274217e-06,8.1615383e-07,7.1067943e-06,4.73259e-07,0.99998045,4.654846e-06,3.051276e-08,0.99998045
pamap2,gnn_flatten_lstm,sequence,7,107,107,108,1512,23929,23929,9,9,16,16,vacuum_cleaning,vacuum_cleaning,True,1.2667225e-06,2.3994767e-06,1.4898468e-07,1.38343355e-08,9.2750156e-08,2.451962e-06,9.861105e-07,7.0206324e-06,5.531495e-07,0.99998,5.025096e-06,3.7322515e-08,0.99998
pamap2,gnn_flatten_lstm,sequence,7,107,107,108,1513,23930,23930,9,9,16,16,vacuum_cleaning,vacuum_cleaning,True,1.9332035e-06,3.7649686e-06,2.4956876e-07,2.6150328e-08,1.5764667e-07,3.3543026e-06,1.3478095e-06,1.0340723e-05,9.658042e-07,0.99996936,8.34061e-06,7.045562e-08,0.99996936
pamap2,gnn_flatten_lstm,sequence,7,107,107,108,1514,23931,23931,9,9,16,16,vacuum_cleaning,vacuum_cleaning,True,2.9582707e-06,5.8391824e-06,3.6078208e-07,4.3161908e-08,2.5795495e-07,4.962115e-06,1.835445e-06,1.5573069e-05,1.4243906e-06,0.9999559,1.0696264e-05,1.0909486e-07,0.9999559
pamap2,gnn_flatten_lstm,sequence,7,107,107,108,1515,23932,23932,9,9,16,16,vacuum_cleaning,vacuum_cleaning,True,2.6657535e-06,5.4262787e-06,3.5305547e-07,4.1792976e-08,2.536905e-07,4.6884497e-06,1.8402131e-06,1.5639902e-05,1.4692644e-06,0.99995625,1.1320429e-05,1.02280715e-07,0.99995625
pamap2,gnn_flatten_lstm,sequence,7,107,107,108,1516,23933,23933,9,9,16,16,vacuum_cleaning,vacuum_cleaning,True,2.271735e-06,4.491614e-06,2.888385e-07,3.262092e-08,2.2105081e-07,4.395896e-06,1.7141056e-06,1.4020982e-05,1.1999457e-06,0.9999616,9.570082e-06,8.065213e-08,0.9999616
pamap2,gnn_flatten_lstm,sequence,7,107,107,108,1517,23934,23934,9,9,16,16,vacuum_cleaning,vacuum_cleaning,True,2.9722885e-06,5.2467235e-06,3.422935e-07,4.4208605e-08,2.9259294e-07,5.622475e-06,2.36076e-06,1.856276e-05,1.4427817e-06,0.99995303,1.0043065e-05,1.051538e-07,0.99995303
pamap2,gnn_flatten_lstm,sequence,7,107,107,108,1518,23935,23935,9,9,16,16,vacuum_cleaning,vacuum_cleaning,True,2.9750984e-06,4.747357e-06,3.3796636e-07,3.954399e-08,2.727924e-07,5.473782e-06,1.9688953e-06,1.8009685e-05,1.2648678e-06,0.9999548,9.9848285e-06,9.136007e-08,0.9999548
pamap2,gnn_flatten_lstm,sequence,7,107,107,108,1519,23936,23936,9,9,16,16,vacuum_cleaning,vacuum_cleaning,True,2.7124934e-06,3.964063e-06,3.049475e-07,3.1595704e-08,2.3058608e-07,5.0776957e-06,1.6616883e-06,1.6091964e-05,1.0174799e-06,0.9999598,8.953521e-06,7.303205e-08,0.9999598
pamap2,gnn_flatten_lstm,sequence,7,107,107,108,1520,23937,23937,9,9,16,16,vacuum_cleaning,vacuum_cleaning,True,3.0822193e-06,4.468214e-06,3.7136118e-07,4.0149526e-08,2.6191591e-07,5.7387065e-06,1.8512665e-06,1.808169e-05,1.193725e-06,0.99995387,1.0985534e-05,8.74029e-08,0.99995387
pamap2,gnn_flatten_lstm,sequence,7,107,107,108,1521,23938,23938,9,9,16,16,vacuum_cleaning,vacuum_cleaning,True,3.5107262e-06,5.2653118e-06,4.3247107e-07,5.1431094e-08,3.22255e-07,6.574494e-06,2.0114699e-06,2.1253289e-05,1.507109e-06,0.99994564,1.3314348e-05,1.1010425e-07,0.99994564
pamap2,gnn_flatten_lstm,sequence,7,107,107,108,1522,23939,23939,9,9,16,16,vacuum_cleaning,vacuum_cleaning,True,3.327906e-06,4.9770947e-06,4.228755e-07,4.4820233e-08,2.9434574e-07,6.44985e-06,1.8626729e-06,1.9671823e-05,1.3501904e-06,0.999949,1.25339475e-05,9.923492e-08,0.999949
pamap2,gnn_flatten_lstm,sequence,7,107,107,108,1523,23940,23940,9,9,16,16,vacuum_cleaning,vacuum_cleaning,True,3.6494387e-06,5.8161013e-06,4.6585797e-07,4.6946138e-08,3.248933e-07,6.931807e-06,2.080522e-06,1.9094012e-05,1.3696455e-06,0.9999473,1.2808933e-05,1.0325693e-07,0.9999473
pamap2,gnn_flatten_lstm,sequence,7,107,107,108,1524,23941,23941,9,9,16,16,vacuum_cleaning,vacuum_cleaning,True,3.7771456e-06,6.3892185e-06,4.782847e-07,4.7885262e-08,3.3811244e-07,7.3294327e-06,2.1922679e-06,1.9264424e-05,1.3907711e-06,0.99994636,1.2336311e-05,1.0598794e-07,0.99994636
pamap2,gnn_flatten_lstm,sequence,7,107,107,108,1525,23942,23942,9,9,16,16,vacuum_cleaning,vacuum_cleaning,True,3.3790952e-06,5.7043258e-06,4.3089915e-07,4.041132e-08,2.972026e-07,6.8823906e-06,1.9735426e-06,1.7503797e-05,1.2157865e-06,0.9999511,1.1276194e-05,9.135416e-08,0.9999511
pamap2,gnn_flatten_lstm,sequence,7,107,107,108,1526,23943,23943,9,9,16,16,vacuum_cleaning,vacuum_cleaning,True,2.9523283e-06,4.860492e-06,3.6624857e-07,3.1208803e-08,2.449575e-07,6.02175e-06,1.6925911e-06,1.470039e-05,9.669493e-07,0.9999584,9.585076e-06,7.2191284e-08,0.9999584
pamap2,gnn_flatten_lstm,sequence,7,107,107,108,1527,23944,23944,9,9,16,16,vacuum_cleaning,vacuum_cleaning,True,2.0788025e-06,3.6619058e-06,2.9011284e-07,2.2821425e-08,1.7224176e-07,4.626483e-06,1.4377873e-06,1.15564e-05,8.2038133e-07,0.99996734,7.8825315e-06,5.721013e-08,0.99996734
pamap2,gnn_flatten_lstm,sequence,7,107,107,108,1528,23945,23945,9,9,16,16,vacuum_cleaning,vacuum_cleaning,True,1.840176e-06,3.297255e-06,2.6189701e-07,2.240845e-08,1.6446843e-07,4.277085e-06,1.4434562e-06,1.1949288e-05,8.659074e-07,0.9999685,7.243118e-06,5.68688e-08,0.9999685
pamap2,gnn_flatten_lstm,sequence,7,107,107,108,1529,23946,23946,9,9,16,16,vacuum_cleaning,vacuum_cleaning,True,2.22334e-06,3.6036063e-06,2.8780678e-07,2.3448775e-08,1.9654551e-07,5.0017993e-06,1.4182649e-06,1.314801e-05,8.6524165e-07,0.9999652,7.980446e-06,6.053967e-08,0.9999652
pamap2,gnn_flatten_lstm,sequence,7,107,107,108,1530,23947,23947,9,9,16,16,vacuum_cleaning,vacuum_cleaning,True,2.3349612e-06,3.6065321e-06,2.853014e-07,2.287293e-08,1.9827662e-07,5.0186145e-06,1.3551274e-06,1.3223372e-05,8.208327e-07,0.9999653,7.758762e-06,5.789797e-08,0.9999653
pamap2,gnn_flatten_lstm,sequence,7,107,107,108,1531,23948,23948,9,9,16,16,vacuum_cleaning,vacuum_cleaning,True,2.4955173e-06,3.824174e-06,2.9213794e-07,2.22957e-08,2.0603535e-07,5.1121638e-06,1.3371586e-06,1.2789391e-05,7.808865e-07,0.9999654,7.644741e-06,5.6085078e-08,0.9999654
pamap2,gnn_flatten_lstm,sequence,7,107,107,108,1532,23949,23949,9,9,16,16,vacuum_cleaning,vacuum_cleaning,True,2.6999076e-06,4.2617685e-06,3.184436e-07,2.4769529e-08,2.2851742e-07,5.365384e-06,1.4274292e-06,1.3724133e-05,8.5974847e-07,0.99996305,7.933956e-06,6.159714e-08,0.99996305
pamap2,gnn_flatten_lstm,sequence,7,107,107,108,1533,23950,23950,9,9,16,16,vacuum_cleaning,vacuum_cleaning,True,2.672683e-06,4.2365227e-06,3.1314502e-07,2.4661482e-08,2.2623517e-07,5.281023e-06,1.365586e-06,1.4024117e-05,8.7406744e-07,0.99996305,7.894294e-06,6.1930415e-08,0.99996305
pamap2,gnn_flatten_lstm,sequence,7,107,107,108,1534,23951,23951,9,9,16,16,vacuum_cleaning,vacuum_cleaning,True,2.6686039e-06,4.2859115e-06,3.0092454e-07,2.3232754e-08,2.1247043e-07,5.132246e-06,1.3052955e-06,1.3275039e-05,8.144016e-07,0.9999645,7.4073123e-06,5.8867364e-08,0.9999645
pamap2,gnn_flatten_lstm,sequence,7,107,107,108,1535,23952,23952,9,9,16,16,vacuum_cleaning,vacuum_cleaning,True,2.5597567e-06,4.3003065e-06,2.881751e-07,2.2522206e-08,1.9884736e-07,4.706632e-06,1.2470131e-06,1.262309e-05,7.986167e-07,0.99996626,6.966732e-06,5.6290027e-08,0.99996626
pamap2,gnn_flatten_lstm,sequence,7,107,107,108,1536,23953,23953,9,9,16,16,vacuum_cleaning,vacuum_cleaning,True,2.8924849e-06,4.599115e-06,2.7495236e-07,2.4763748e-08,2.2513066e-07,4.809211e-06,1.3214993e-06,1.3933709e-05,8.541229e-07,0.99996424,6.6669522e-06,6.2308565e-08,0.99996424
pamap2,gnn_flatten_lstm,sequence,7,107,107,108,1537,23954,23954,9,9,16,16,vacuum_cleaning,vacuum_cleaning,True,3.1154486e-06,5.3546883e-06,2.954835e-07,3.000636e-08,2.4906635e-07,4.998845e-06,1.4055357e-06,1.5350199e-05,1.0121696e-06,0.9999608,7.2861753e-06,7.3765e-08,0.9999608
pamap2,gnn_flatten_lstm,sequence,7,107,107,108,1538,23955,23955,9,9,16,16,vacuum_cleaning,vacuum_cleaning,True,5.638893e-06,1.0734622e-05,4.7892206e-07,6.566243e-08,4.296732e-07,7.4037566e-06,2.1687933e-06,2.4916457e-05,1.7802871e-06,0.99993634,9.888065e-06,1.5657662e-07,0.99993634
pamap2,gnn_flatten_lstm,sequence,7,107,107,108,1539,23956,23956,9,9,16,16,vacuum_cleaning,vacuum_cleaning,True,5.3317713e-06,1.0907509e-05,3.9550272e-07,5.2438462e-08,3.7301697e-07,6.7727688e-06,1.8117463e-06,2.100938e-05,1.4025829e-06,0.9999434,8.359553e-06,1.2699874e-07,0.9999434
pamap2,gnn_flatten_lstm,sequence,7,107,107,108,1540,23957,23957,9,9,16,16,vacuum_cleaning,vacuum_cleaning,True,7.873095e-06,1.5978338e-05,4.4255987e-07,6.765027e-08,4.846946e-07,8.395928e-06,2.1598091e-06,2.643977e-05,1.5763196e-06,0.999928,8.472267e-06,1.6796669e-07,0.999928
pamap2,gnn_flatten_lstm,sequence,7,107,107,108,1541,23958,23958,9,9,16,16,vacuum_cleaning,vacuum_cleaning,True,1.0018583e-05,2.1589123e-05,5.0521345e-07,7.631773e-08,5.6748644e-07,1.0213046e-05,2.4664523e-06,2.9250752e-05,1.6737799e-06,0.99991465,8.786572e-06,1.941018e-07,0.99991465
pamap2,gnn_flatten_lstm,sequence,7,107,107,108,1542,23959,23959,9,9,16,16,vacuum_cleaning,vacuum_cleaning,True,3.1370218e-06,6.883789e-06,2.5488768e-07,2.1091097e-08,1.9870616e-07,5.0406843e-06,1.2409345e-06,1.0039168e-05,6.3138754e-07,0.9999664,6.138208e-06,5.1341893e-08,0.9999664
pamap2,gnn_flatten_lstm,sequence,7,107,107,108,1543,23960,23960,9,9,16,16,vacuum_cleaning,vacuum_cleaning,True,2.0708424e-06,4.447608e-06,1.9551734e-07,1.435261e-08,1.396279e-07,3.897699e-06,1.0371512e-06,7.4299383e-06,4.7076043e-07,0.99997497,5.273964e-06,3.4323442e-08,0.99997497
pamap2,gnn_flatten_lstm,sequence,7,107,107,108,1544,23961,23961,9,9,16,16,vacuum_cleaning,vacuum_cleaning,True,2.126171e-06,4.1585163e-06,2.087629e-07,1.6232837e-08,1.5081392e-07,4.1192034e-06,1.1162402e-06,8.544822e-06,5.2852863e-07,0.9999733,5.621634e-06,3.8452466e-08,0.9999733
pamap2,gnn_flatten_lstm,sequence,7,107,107,108,1545,23962,23962,9,9,16,16,vacuum_cleaning,vacuum_cleaning,True,2.0064924e-06,3.725275e-06,2.0384972e-07,1.5746721e-08,1.4115734e-07,3.9133997e-06,1.0764405e-06,8.444668e-06,5.141553e-07,0.99997437,5.6338768e-06,3.674024e-08,0.99997437
pamap2,gnn_flatten_lstm,sequence,7,107,107,108,1546,23963,23963,9,9,16,16,vacuum_cleaning,vacuum_cleaning,True,2.3213631e-06,4.5896063e-06,2.6662838e-07,2.0700927e-08,1.7409442e-07,4.615684e-06,1.2364343e-06,9.8163e-06,6.6421387e-07,0.99996877,7.352497e-06,4.8562566e-08,0.99996877
pamap2,gnn_flatten_lstm,sequence,7,107,107,108,1547,23964,23964,9,9,16,16,vacuum_cleaning,vacuum_cleaning,True,2.8457814e-06,5.3342324e-06,3.3444965e-07,3.0444017e-08,2.2856216e-07,5.526786e-06,1.4244881e-06,1.3742002e-05,9.650636e-07,0.9999604,9.13409e-06,7.2068026e-08,0.9999604
pamap2,gnn_flatten_lstm,sequence,7,107,107,108,1548,23965,23965,9,9,16,16,vacuum_cleaning,vacuum_cleaning,True,2.4572466e-06,4.02116e-06,2.6188738e-07,2.3570587e-08,1.8694807e-07,4.6494865e-06,1.1028764e-06,1.2892523e-05,8.1333496e-07,0.99996614,7.373593e-06,5.8356903e-08,0.99996614
pamap2,gnn_flatten_lstm,sequence,7,107,107,108,1549,23966,23966,9,9,16,16,vacuum_cleaning,vacuum_cleaning,True,2.0634202e-06,3.2648716e-06,2.2269342e-07,2.0023341e-08,1.5367935e-07,3.945002e-06,9.5330677e-07,1.1792301e-05,7.2309035e-07,0.9999702,6.5667164e-06,4.888353e-08,0.9999702
pamap2,gnn_flatten_lstm,sequence,7,107,107,108,1550,23967,23967,9,9,16,16,vacuum_cleaning,vacuum_cleaning,True,2.9452299e-06,4.7692542e-06,3.6229585e-07,3.9225466e-08,2.4595516e-07,5.6482677e-06,1.4326292e-06,1.8331026e-05,1.2731184e-06,0.99995434,1.05257695e-05,9.082836e-08,0.99995434
pamap2,gnn_flatten_lstm,sequence,7,107,107,108,1551,23968,23968,9,9,16,16,vacuum_cleaning,vacuum_cleaning,True,5.2178334e-06,8.109131e-06,6.386926e-07,8.151924e-08,4.5488554e-07,8.596717e-06,2.3537734e-06,2.8342005e-05,2.2408856e-06,0.99992657,1.7224542e-05,1.8247616e-07,0.99992657
pamap2,gnn_flatten_lstm,sequence,7,107,107,108,1552,23969,23969,9,9,16,16,vacuum_cleaning,vacuum_cleaning,True,6.535565e-06,1.0381302e-05,7.476354e-07,1.17199626e-07,5.6709746e-07,9.590656e-06,2.8670377e-06,3.5288027e-05,2.9748317e-06,0.9999119,1.8873898e-05,2.5211017e-07,0.9999119
pamap2,gnn_flatten_lstm,sequence,7,107,107,108,1553,23970,23970,9,9,16,16,vacuum_cleaning,vacuum_cleaning,True,7.3869e-06,1.1479439e-05,8.097737e-07,1.4945034e-07,6.397315e-07,1.0075458e-05,3.1372867e-06,4.1523606e-05,3.6094316e-06,0.9999001,2.0737296e-05,3.1125083e-07,0.9999001
pamap2,gnn_flatten_lstm,sequence,7,107,107,108,1554,23971,23971,9,9,16,16,vacuum_cleaning,vacuum_cleaning,True,8.334586e-06,1.2537638e-05,8.584597e-07,1.5638633e-07,6.7861976e-07,1.0521024e-05,3.4415696e-06,4.2046824e-05,3.5779221e-06,0.99989724,2.0351023e-05,3.2569972e-07,0.99989724
pamap2,gnn_flatten_lstm,sequence,7,107,107,108,1555,23972,23972,9,9,16,16,vacuum_cleaning,vacuum_cleaning,True,3.1777997e-06,5.014446e-06,3.3849264e-07,4.6274383e-08,2.1993687e-07,4.6281048e-06,1.5373753e-06,1.7433285e-05,1.2734744e-06,0.99995637,9.843853e-06,9.105525e-08,0.99995637
pamap2,gnn_flatten_lstm,sequence,7,107,107,108,1556,23973,23973,9,9,16,16,vacuum_cleaning,vacuum_cleaning,True,1.8917846e-06,3.0536764e-06,2.0542971e-07,2.2478998e-08,1.2600097e-07,3.144319e-06,1.0173142e-06,1.069487e-05,7.0033093e-07,0.99997234,6.7571063e-06,4.569432e-08,0.99997234
pamap2,gnn_flatten_lstm,sequence,7,107,107,108,1557,23974,23974,9,9,16,16,vacuum_cleaning,vacuum_cleaning,True,1.8922531e-06,3.0017857e-06,2.1330341e-07,1.8778264e-08,1.3338666e-07,3.3800843e-06,9.869145e-07,1.0051018e-05,6.337033e-07,0.99997294,6.7267756e-06,4.204401e-08,0.99997294
pamap2,gnn_flatten_lstm,sequence,7,107,107,108,1558,23975,23975,9,9,16,16,vacuum_cleaning,vacuum_cleaning,True,1.8448353e-06,2.9648e-06,2.1662731e-07,1.7165576e-08,1.4037518e-07,3.4990564e-06,9.740929e-07,9.993098e-06,6.2574605e-07,0.99997294,6.765441e-06,4.0943746e-08,0.99997294
pamap2,gnn_flatten_lstm,sequence,7,107,107,108,1559,23976,23976,9,9,16,16,vacuum_cleaning,vacuum_cleaning,True,1.8387298e-06,2.9659764e-06,2.1327473e-07,1.6210615e-08,1.4586773e-07,3.6155825e-06,9.3240874e-07,1.00706e-05,6.2379235e-07,0.99997294,6.5959002e-06,4.0644494e-08,0.99997294
pamap2,gnn_flatten_lstm,sequence,7,107,107,108,1560,23977,23977,9,9,16,16,vacuum_cleaning,vacuum_cleaning,True,1.7206369e-06,2.7928827e-06,1.9630276e-07,1.4075379e-08,1.3601048e-07,3.4386117e-06,8.517933e-07,9.31078e-06,5.6544496e-07,0.99997485,6.040634e-06,3.640334e-08,0.99997485
pamap2,gnn_flatten_lstm,sequence,7,107,107,108,1561,23978,23978,9,9,16,16,vacuum_cleaning,vacuum_cleaning,True,1.6649694e-06,2.6546115e-06,1.8532822e-07,1.3631618e-08,1.3086371e-07,3.4126545e-06,8.357441e-07,9.330823e-06,5.498188e-07,0.99997544,5.7003804e-06,3.538518e-08,0.99997544
pamap2,gnn_flatten_lstm,sequence,7,107,107,108,1562,23979,23979,9,9,16,16,vacuum_cleaning,vacuum_cleaning,True,1.6139511e-06,2.491884e-06,1.7828005e-07,1.28481785e-08,1.2337927e-07,3.3148483e-06,8.113227e-07,8.96527e-06,5.1358e-07,0.9999763,5.561097e-06,3.321509e-08,0.9999763
pamap2,gnn_flatten_lstm,sequence,7,107,107,108,1563,23980,23980,9,9,16,16,vacuum_cleaning,vacuum_cleaning,True,1.9476313e-06,3.0461995e-06,1.9692978e-07,1.47458765e-08,1.4146156e-07,3.8128985e-06,9.027902e-07,9.877333e-06,5.440834e-07,0.9999738,5.692396e-06,3.7822343e-08,0.9999738
pamap2,gnn_flatten_lstm,sequence,7,107,107,108,1564,23981,23981,9,9,16,16,vacuum_cleaning,vacuum_cleaning,True,1.9567249e-06,3.0809804e-06,1.9463873e-07,1.522278e-08,1.410953e-07,3.791091e-06,9.02295e-07,1.0325589e-05,5.609315e-07,0.9999734,5.5368864e-06,3.8578385e-08,0.9999734
pamap2,gnn_flatten_lstm,sequence,7,107,107,108,1565,23982,23982,9,9,16,16,vacuum_cleaning,vacuum_cleaning,True,1.9125168e-06,3.1153718e-06,2.1673443e-07,1.744438e-08,1.492899e-07,3.9212296e-06,9.4876657e-07,1.1098792e-05,6.549789e-07,0.9999714,6.509323e-06,4.3332665e-08,0.9999714
pamap2,gnn_flatten_lstm,sequence,7,107,107,108,1566,23983,23983,9,9,16,16,vacuum_cleaning,vacuum_cleaning,True,2.3664866e-06,4.1154226e-06,2.9010744e-07,2.366518e-08,1.864758e-07,4.753498e-06,1.2718032e-06,1.2255372e-05,8.0298025e-07,0.9999659,7.942049e-06,5.5989126e-08,0.9999659
pamap2,gnn_flatten_lstm,sequence,7,107,107,108,1567,23984,23984,9,9,16,16,vacuum_cleaning,vacuum_cleaning,True,2.4279875e-06,4.14019e-06,2.842914e-07,2.2919295e-08,1.8857563e-07,4.6347245e-06,1.2801564e-06,1.2215146e-05,7.8575204e-07,0.9999665,7.3738206e-06,5.524343e-08,0.9999665
pamap2,gnn_flatten_lstm,sequence,7,107,107,108,1568,23985,23985,9,9,16,16,vacuum_cleaning,vacuum_cleaning,True,2.6404607e-06,4.5763604e-06,3.018103e-07,2.5293483e-08,2.0469628e-07,4.978443e-06,1.3942796e-06,1.33669255e-05,8.4842713e-07,0.99996436,7.2524676e-06,6.106031e-08,0.99996436
pamap2,gnn_flatten_lstm,sequence,7,107,107,108,1569,23986,23986,9,9,16,16,vacuum_cleaning,vacuum_cleaning,True,2.7099359e-06,4.8765073e-06,3.81817e-07,3.2776402e-08,2.2791878e-07,5.8253663e-06,1.506567e-06,1.682871e-05,1.1322525e-06,0.9999578,8.59319e-06,7.9042415e-08,0.9999578
pamap2,gnn_flatten_lstm,sequence,7,107,107,108,1570,23987,23987,9,9,16,16,vacuum_cleaning,vacuum_cleaning,True,2.0912194e-06,3.758273e-06,2.944389e-07,2.1280322e-08,1.6380868e-07,4.579389e-06,1.1906549e-06,1.1498166e-05,7.640173e-07,0.99996793,7.620042e-06,5.1928946e-08,0.99996793
pamap2,gnn_flatten_lstm,sequence,7,107,107,108,1571,23988,23988,9,9,16,16,vacuum_cleaning,vacuum_cleaning,True,2.1626674e-06,3.895204e-06,3.0553622e-07,2.2894922e-08,1.7196626e-07,4.654024e-06,1.320743e-06,1.1712272e-05,7.972338e-07,0.99996686,8.03477e-06,5.483372e-08,0.99996686
pamap2,gnn_flatten_lstm,sequence,7,107,107,108,1572,23989,23989,9,9,16,16,vacuum_cleaning,vacuum_cleaning,True,4.7753306e-06,8.616647e-06,8.614918e-07,9.997516e-08,5.195884e-07,9.834806e-06,3.2241016e-06,3.3357297e-05,2.8802212e-06,0.99991345,2.2173714e-05,2.144267e-07,0.99991345
pamap2,gnn_flatten_lstm,sequence,7,107,107,108,1573,23990,23990,9,9,16,16,vacuum_cleaning,vacuum_cleaning,True,2.7052208e-06,3.948141e-06,2.828494e-07,4.0821522e-08,2.8900686e-07,4.998463e-06,1.6825138e-06,2.9052593e-05,1.3778767e-06,0.9999473,8.2280985e-06,8.250893e-08,0.9999473
pamap2,gnn_flatten_lstm,sequence,7,107,107,108,1574,23991,23991,9,9,16,16,vacuum_cleaning,vacuum_cleaning,True,5.16615e-06,5.7411107e-06,1.6016712e-07,5.814726e-08,4.3507967e-07,6.4666424e-06,1.7934146e-06,8.630984e-05,1.6155417e-06,0.9998883,3.8664157e-06,1.2344196e-07,0.9998883
pamap2,gnn_flatten_lstm,sequence,7,107,107,108,1575,23992,23992,9,9,16,16,vacuum_cleaning,vacuum_cleaning,True,4.302762e-06,5.180148e-06,1.4970168e-07,3.7568565e-08,3.5419941e-07,6.7006185e-06,1.3886804e-06,5.971148e-05,1.1897286e-06,0.99991727,3.7119833e-06,9.1566854e-08,0.99991727
pamap2,gnn_flatten_lstm,sequence,7,107,107,108,1576,23993,23993,9,9,16,16,vacuum_cleaning,vacuum_cleaning,True,8.052596e-06,1.0250472e-05,2.1616431e-07,5.6677134e-08,5.422334e-07,1.1134657e-05,1.8662779e-06,9.278471e-05,1.5913007e-06,0.99986935,4.0165664e-06,1.5562144e-07,0.99986935
pamap2,gnn_flatten_lstm,sequence,7,107,107,108,1577,23994,23994,9,9,16,16,vacuum_cleaning,vacuum_cleaning,True,4.383923e-06,6.8879e-06,3.5050533e-07,4.745936e-08,4.3989638e-07,8.526586e-06,2.0633906e-06,3.7020884e-05,1.5841081e-06,0.9999311,7.378202e-06,1.1923797e-07,0.9999311
pamap2,gnn_flatten_lstm,sequence,7,107,107,108,1578,23995,23995,9,9,16,16,vacuum_cleaning,vacuum_cleaning,True,2.2387062e-06,3.274294e-06,2.2977756e-07,1.9333484e-08,1.9794845e-07,4.7245985e-06,1.0673381e-06,1.5790618e-05,7.706533e-07,0.9999653,6.32074e-06,5.04944e-08,0.9999653
pamap2,gnn_flatten_lstm,sequence,7,107,107,108,1579,23996,23996,9,9,16,16,vacuum_cleaning,vacuum_cleaning,True,1.7601742e-06,2.5821073e-06,1.8379536e-07,1.3224951e-08,1.4438982e-07,3.6209547e-06,8.018066e-07,1.0993633e-05,5.6559753e-07,0.9999738,5.4624024e-06,3.603764e-08,0.9999738
pamap2,gnn_flatten_lstm,sequence,7,107,107,108,1580,23997,23997,9,9,16,16,vacuum_cleaning,vacuum_cleaning,True,1.6659686e-06,2.5128593e-06,1.8147607e-07,1.18388614e-08,1.3591593e-07,3.5019968e-06,7.315279e-07,9.506404e-06,5.1892636e-07,0.99997556,5.684519e-06,3.344501e-08,0.99997556
pamap2,gnn_flatten_lstm,sequence,7,107,107,108,1581,23998,23998,9,9,16,16,vacuum_cleaning,vacuum_cleaning,True,1.604116e-06,2.391606e-06,1.632719e-07,9.763772e-09,1.2464741e-07,3.312733e-06,6.619011e-07,8.158448e-06,4.330157e-07,0.9999778,5.2043542e-06,2.886745e-08,0.9999778
pamap2,gnn_flatten_lstm,sequence,7,107,107,108,1582,23999,23999,9,9,16,16,vacuum_cleaning,vacuum_cleaning,True,1.723475e-06,2.4162343e-06,1.5962134e-07,1.0712214e-08,1.2913188e-07,3.3523004e-06,6.791873e-07,9.326254e-06,4.702152e-07,0.9999769,4.780911e-06,3.1758347e-08,0.9999769
pamap2,gnn_flatten_lstm,sequence,7,107,107,108,1583,24000,24000,9,9,16,16,vacuum_cleaning,vacuum_cleaning,True,1.9540446e-06,2.9582086e-06,2.0273585e-07,1.6167789e-08,1.576265e-07,3.8981975e-06,8.165566e-07,1.1941298e-05,6.768149e-07,0.99997115,6.0456778e-06,4.5565372e-08,0.99997115
pamap2,gnn_flatten_lstm,sequence,7,107,107,108,1584,24001,24001,9,9,16,16,vacuum_cleaning,vacuum_cleaning,True,2.0991658e-06,3.4111715e-06,2.0721937e-07,1.7249674e-08,1.547771e-07,3.6775482e-06,8.250478e-07,1.1361152e-05,6.81805e-07,0.99997175,5.710142e-06,4.6263622e-08,0.99997175
pamap2,gnn_flatten_lstm,sequence,7,107,107,108,1585,24002,24002,9,9,16,16,vacuum_cleaning,vacuum_cleaning,True,2.064506e-06,3.6612028e-06,2.3073775e-07,1.9814774e-08,1.5396462e-07,3.6129136e-06,8.965046e-07,1.1408599e-05,7.6985015e-07,0.9999708,6.321733e-06,5.0855974e-08,0.9999708
pamap2,gnn_flatten_lstm,sequence,7,107,107,108,1586,24003,24003,9,9,16,16,vacuum_cleaning,vacuum_cleaning,True,2.3560424e-06,4.1581006e-06,2.8077153e-07,2.335031e-08,1.7966411e-07,4.244344e-06,1.0623241e-06,1.2318435e-05,8.5297984e-07,0.99996686,7.534117e-06,5.833569e-08,0.99996686
pamap2,gnn_flatten_lstm,sequence,7,107,107,108,1587,24004,24004,9,9,16,16,vacuum_cleaning,vacuum_cleaning,True,2.5182562e-06,4.577614e-06,2.579176e-07,2.40955e-08,2.1391033e-07,4.1785684e-06,1.0881324e-06,1.3443764e-05,9.418412e-07,0.99996567,7.04471e-06,6.4541474e-08,0.99996567
pamap2,gnn_flatten_lstm,sequence,7,107,107,108,1588,24005,24005,9,9,16,16,vacuum_cleaning,vacuum_cleaning,True,2.5373784e-06,4.7511644e-06,2.3367477e-07,2.2090434e-08,2.195653e-07,4.055257e-06,1.0266994e-06,1.2884961e-05,8.9164604e-07,0.99996686,6.4447204e-06,6.168002e-08,0.99996686
pamap2,gnn_flatten_lstm,sequence,7,107,107,108,1589,24006,24006,9,9,16,16,vacuum_cleaning,vacuum_cleaning,True,2.400793e-06,4.659348e-06,2.1898686e-07,1.9680794e-08,2.0793851e-07,3.918262e-06,9.3790015e-07,1.1922892e-05,8.2041055e-07,0.99996865,6.113877e-06,5.6263758e-08,0.99996865
pamap2,gnn_flatten_lstm,sequence,7,107,107,108,1590,24007,24007,9,9,16,16,vacuum_cleaning,vacuum_cleaning,True,2.230772e-06,4.4045914e-06,1.9789525e-07,1.6804018e-08,1.9644493e-07,3.7001173e-06,8.4459253e-07,1.0804858e-05,7.3867665e-07,0.99997115,5.7311536e-06,5.0177103e-08,0.99997115
pamap2,gnn_flatten_lstm,sequence,7,107,107,108,1591,24008,24008,9,9,16,16,vacuum_cleaning,vacuum_cleaning,True,2.0685159e-06,3.6191927e-06,1.4061305e-07,1.4222952e-08,1.8640003e-07,3.3214844e-06,7.367056e-07,1.1499983e-05,6.5068696e-07,0.9999734,4.3143323e-06,4.4283436e-08,0.9999734
pamap2,gnn_flatten_lstm,sequence,7,107,107,108,1592,24009,24009,9,9,16,16,vacuum_cleaning,vacuum_cleaning,True,1.6448748e-06,3.1692884e-06,1.592677e-07,1.3660191e-08,1.6944875e-07,3.5158257e-06,6.66514e-07,1.1369504e-05,7.206576e-07,0.9999733,5.27401e-06,4.549617e-08,0.9999733
pamap2,gnn_flatten_lstm,sequence,7,107,107,108,1593,24010,24010,9,9,16,16,vacuum_cleaning,vacuum_cleaning,True,1.7671227e-06,3.6843908e-06,1.9832655e-07,1.4908746e-08,2.0601352e-07,4.0197647e-06,9.1070183e-07,1.0583006e-05,8.737893e-07,0.999972,5.725084e-06,5.5600076e-08,0.999972
pamap2,gnn_flatten_lstm,sequence,7,107,107,108,1594,24011,24011,9,9,16,16,vacuum_cleaning,vacuum_cleaning,True,2.0958587e-06,4.299217e-06,2.2905674e-07,2.1122602e-08,2.8546424e-07,4.7202584e-06,1.2792864e-06,1.4109703e-05,1.2416143e-06,0.99996567,5.901572e-06,7.8395615e-08,0.99996567
pamap2,gnn_flatten_lstm,sequence,7,107,107,108,1595,24012,24012,9,9,16,16,vacuum_cleaning,vacuum_cleaning,True,4.304651e-06,9.88605e-06,4.7183315e-07,6.718184e-08,1.0147662e-06,1.17808995e-05,2.992088e-06,4.1873525e-05,4.276634e-06,0.99991465,8.453301e-06,2.760759e-07,0.99991465
pamap2,gnn_flatten_lstm,sequence,7,107,107,108,1596,24013,24013,9,9,16,16,vacuum_cleaning,vacuum_cleaning,True,1.2054311e-05,3.355545e-05,1.4566735e-06,3.376085e-07,7.803859e-06,4.4129563e-05,9.4328325e-06,0.00021647752,2.9181268e-05,0.99962306,2.0624177e-05,1.833524e-06,0.99962306
pamap2,gnn_flatten_lstm,sequence,7,107,107,108,1597,24014,24014,9,9,16,16,vacuum_cleaning,vacuum_cleaning,True,1.3275282e-05,2.5822894e-05,1.6627251e-06,6.0192866e-07,1.23907275e-05,4.1679472e-05,7.361335e-06,0.0005184711,6.212113e-05,0.99926394,4.987833e-05,2.820407e-06,0.99926394
pamap2,gnn_flatten_lstm,sequence,7,107,107,108,1598,24015,24015,9,9,16,16,vacuum_cleaning,vacuum_cleaning,True,8.476276e-06,1.1304801e-05,7.9111135e-07,2.2232861e-07,4.9876144e-06,1.963756e-05,3.6910092e-06,0.00017964662,1.8889272e-05,0.9997125,3.8737686e-05,1.017695e-06,0.9997125
pamap2,gnn_flatten_lstm,sequence,7,107,107,108,1599,24016,24016,9,9,16,16,vacuum_cleaning,vacuum_cleaning,True,6.332859e-06,7.1845952e-06,5.157539e-07,1.17754375e-07,3.1531e-06,1.3474264e-05,2.8020352e-06,8.2275816e-05,8.926803e-06,0.99983335,4.1218078e-05,6.220385e-07,0.99983335
pamap2,gnn_flatten_lstm,sequence,7,107,107,108,1600,24017,24017,9,9,16,16,vacuum_cleaning,vacuum_cleaning,True,1.2441572e-05,1.3719366e-05,1.6539082e-06,8.9014276e-07,1.3963351e-05,4.5451256e-05,6.546732e-06,0.00021120046,4.359939e-05,0.9978345,0.0018134675,2.6007322e-06,0.9978345
pamap2,gnn_flatten_lstm,sequence,7,107,107,108,1601,24018,24018,9,9,16,16,vacuum_cleaning,vacuum_cleaning,True,4.0014133e-05,3.8428916e-05,4.5190054e-06,6.041455e-06,0.00012663011,0.00039830108,4.372044e-05,0.0004666396,0.00020698675,0.974784,0.023865549,1.9047746e-05,0.974784
pamap2,gnn_flatten_lstm,sequence,7,107,107,108,1602,24019,24019,9,9,16,16,vacuum_cleaning,vacuum_cleaning,True,3.2561336e-05,2.2079557e-05,2.0676262e-06,2.412052e-06,7.4256306e-05,0.00030189124,5.5586715e-05,0.00027327362,0.00010236918,0.9960188,0.003101042,1.3528934e-05,0.9960188
pamap2,gnn_flatten_lstm,sequence,7,107,107,108,1603,24020,24020,9,9,16,16,vacuum_cleaning,vacuum_cleaning,True,3.308853e-05,2.1533253e-05,3.823334e-06,4.997041e-06,5.7698777e-05,0.00022715393,4.8032776e-05,0.00037773265,0.00017559306,0.9906771,0.008356766,1.6527461e-05,0.9906771
pamap2,gnn_flatten_lstm,sequence,7,107,107,108,1604,24021,24021,9,9,16,16,vacuum_cleaning,vacuum_cleaning,True,4.010969e-05,2.4796747e-05,5.024723e-06,6.5197873e-06,5.8783662e-05,0.0002281811,6.715848e-05,0.00041268225,0.00023188652,0.993793,0.0051081465,2.3721685e-05,0.993793
pamap2,gnn_flatten_lstm,sequence,7,107,107,108,1605,24022,24022,9,9,16,16,vacuum_cleaning,vacuum_cleaning,True,2.9937617e-05,1.710001e-05,4.45148e-06,3.9710385e-06,2.8009574e-05,0.0001221961,3.3687156e-05,0.00031352745,0.00012931948,0.9955348,0.0037709954,1.1927797e-05,0.9955348
pamap2,gnn_flatten_lstm,sequence,7,107,107,108,1606,24023,24023,9,9,16,16,vacuum_cleaning,vacuum_cleaning,True,3.3119766e-05,1.9334475e-05,7.938866e-06,8.554719e-06,3.237866e-05,0.000101202386,2.584329e-05,0.00068022223,0.00025980055,0.9863382,0.012478088,1.53084e-05,0.9863382
pamap2,gnn_flatten_lstm,sequence,7,107,107,108,1607,24024,24024,9,9,16,16,vacuum_cleaning,vacuum_cleaning,True,4.3141357e-05,3.4701967e-05,1.8216262e-05,2.5558922e-05,5.7276004e-05,0.00011880116,3.266515e-05,0.0011725153,0.00064300396,0.93082047,0.0670061,2.7453505e-05,0.93082047
pamap2,gnn_flatten_lstm,sequence,7,107,107,108,1608,24025,24025,9,9,16,16,vacuum_cleaning,vacuum_cleaning,True,4.222427e-05,5.001934e-05,2.94529e-05,3.449306e-05,6.024181e-05,0.00014237204,4.091108e-05,0.0008416369,0.0007647739,0.88263845,0.11532711,2.8442164e-05,0.88263845
pamap2,gnn_flatten_lstm,sequence,7,107,107,108,1609,24026,24026,9,9,16,16,vacuum_cleaning,vacuum_cleaning,True,4.063371e-05,6.353645e-05,3.6824786e-05,4.6917245e-05,6.4852895e-05,0.0001568808,4.640816e-05,0.000767306,0.0010168536,0.8319467,0.16578056,3.2505446e-05,0.8319467
pamap2,gnn_flatten_lstm,sequence,7,107,107,108,1610,24027,24027,9,9,16,16,vacuum_cleaning,vacuum_cleaning,True,6.296891e-05,0.00010118331,4.8743917e-05,0.00012975626,0.00011305999,0.00016826333,6.979015e-05,0.0014017245,0.0026209024,0.79217577,0.20304435,6.355138e-05,0.79217577
pamap2,gnn_flatten_lstm,sequence,7,107,107,108,1611,24028,24028,9,9,16,16,vacuum_cleaning,vacuum_cleaning,True,5.1212475e-05,5.054888e-05,1.7879744e-05,1.6957254e-05,4.8906357e-05,0.0001220906,3.741172e-05,0.00043811064,0.00051736465,0.96913964,0.029536763,2.3035289e-05,0.96913964
pamap2,gnn_flatten_lstm,sequence,7,107,107,108,1612,24029,24029,9,9,16,16,vacuum_cleaning,vacuum_cleaning,True,2.4987228e-05,2.194029e-05,6.553513e-06,2.3919558e-06,1.4404637e-05,5.991855e-05,1.7789118e-05,0.00013114115,8.91619e-05,0.9955812,0.004043691,6.763201e-06,0.9955812
pamap2,gnn_flatten_lstm,sequence,7,107,107,108,1613,24030,24030,9,9,16,16,vacuum_cleaning,vacuum_cleaning,True,1.7396109e-05,1.2453228e-05,2.5021038e-06,8.8741166e-07,8.242173e-06,3.231721e-05,1.0671893e-05,0.000102496335,3.5032423e-05,0.998998,0.0007765404,3.4317127e-06,0.998998
pamap2,gnn_flatten_lstm,sequence,7,107,107,108,1614,24031,24031,9,9,16,16,vacuum_cleaning,vacuum_cleaning,True,1.2971093e-05,8.2649085e-06,1.2985951e-06,2.9575088e-07,6.365751e-06,2.7624175e-05,6.6174275e-06,5.868587e-05,1.5573134e-05,0.9994816,0.00037871805,2.0321418e-06,0.9994816
pamap2,gnn_flatten_lstm,sequence,7,107,107,108,1615,24032,24032,9,9,16,16,vacuum_cleaning,vacuum_cleaning,True,9.952013e-06,6.176871e-06,9.1309784e-07,1.8866845e-07,4.6187947e-06,2.1490609e-05,4.038016e-06,4.73122e-05,1.0447538e-05,0.9995316,0.00036188378,1.3130087e-06,0.9995316
pamap2,gnn_flatten_lstm,sequence,7,107,107,108,1616,24033,24033,9,9,16,16,vacuum_cleaning,vacuum_cleaning,True,1.02362055e-05,6.658444e-06,1.0526502e-06,2.5784865e-07,3.085519e-06,1.4945638e-05,3.970293e-06,6.5824366e-05,1.1377852e-05,0.99967253,0.00020876431,1.4079461e-06,0.99967253
pamap2,gnn_flatten_lstm,sequence,7,107,107,108,1617,24034,24034,9,9,16,16,vacuum_cleaning,vacuum_cleaning,True,9.341106e-06,6.6475422e-06,8.5929196e-07,2.9600992e-07,2.1358028e-06,1.1371644e-05,2.9079788e-06,9.6435506e-05,1.1889431e-05,0.9997371,0.000119928736,1.1308308e-06,0.9997371
pamap2,gnn_flatten_lstm,sequence,7,107,107,108,1618,24035,24035,9,9,16,16,vacuum_cleaning,vacuum_cleaning,True,2.2863282e-05,1.3509909e-05,2.205163e-06,1.8758502e-06,5.5130945e-06,2.0131818e-05,6.6843195e-06,0.0004822455,5.655523e-05,0.9990969,0.00028665102,4.905683e-06,0.9990969
pamap2,gnn_flatten_lstm,sequence,7,107,107,108,1619,24036,24036,9,9,16,16,vacuum_cleaning,vacuum_cleaning,True,2.6491874e-05,1.4831074e-05,3.5311784e-06,4.615409e-06,7.3464385e-06,2.3103647e-05,8.898232e-06,0.000700688,0.00011544686,0.9981248,0.00096187426,8.42336e-06,0.9981248
pamap2,gnn_flatten_lstm,sequence,7,107,107,108,1620,24037,24037,9,9,16,16,vacuum_cleaning,vacuum_cleaning,True,2.64215e-05,1.4409918e-05,4.1595663e-06,6.892335e-06,7.7941895e-06,2.1650014e-05,9.420489e-06,0.00075235305,0.00016032657,0.99693644,0.0020506824,9.517519e-06,0.99693644
pamap2,gnn_flatten_lstm,sequence,7,107,107,108,1621,24038,24038,9,9,16,16,vacuum_cleaning,vacuum_cleaning,True,4.608879e-05,2.5111338e-05,1.1329128e-05,2.5456093e-05,1.7324848e-05,3.2970544e-05,1.5910762e-05,0.0013371686,0.0005174321,0.9833803,0.014565337,2.557813e-05,0.9833803
pamap2,gnn_flatten_lstm,sequence,7,107,107,108,1622,24039,24039,9,9,16,16,vacuum_cleaning,vacuum_cleaning,True,0.00011975102,8.438137e-05,5.1119598e-05,0.00018506251,6.803811e-05,7.3960255e-05,4.5259443e-05,0.0031687606,0.0026160853,0.869325,0.12413934,0.00012321686,0.869325
pamap2,gnn_flatten_lstm,sequence,7,107,107,108,1623,24040,24040,9,10,16,17,vacuum_cleaning,ironing,False,4.155482e-05,6.9142974e-05,9.632151e-05,0.00019355043,5.341834e-05,4.2668984e-05,2.7287322e-05,0.00045673441,0.0014631365,0.07711329,0.9203862,5.667107e-05,0.9203862
pamap2,gnn_flatten_lstm,sequence,7,107,107,108,1624,24041,24041,9,10,16,17,vacuum_cleaning,ironing,False,2.4384603e-06,5.536258e-06,2.0116186e-05,1.1374624e-05,4.1812827e-06,4.562922e-06,2.2594998e-06,9.911959e-06,5.357695e-05,0.0020795409,0.9978042,2.2818278e-06,0.9978042
pamap2,gnn_flatten_lstm,sequence,7,107,107,108,1625,24042,24042,9,10,16,17,vacuum_cleaning,ironing,False,2.6766105e-05,2.7794204e-05,6.771091e-05,1.7430579e-05,2.6826747e-05,4.82794e-05,2.4396139e-05,3.0599353e-05,8.301963e-05,0.024202717,0.9754326,1.1882293e-05,0.9754326
pamap2,gnn_flatten_lstm,sequence,7,107,107,108,1626,24043,24043,9,10,16,17,vacuum_cleaning,ironing,False,0.0007195257,0.00025267113,0.000177787,4.874041e-05,0.00034805984,0.00056949817,0.00020331935,0.00042960746,0.0003480761,0.47753513,0.519183,0.0001845518,0.519183
pamap2,gnn_flatten_lstm,sequence,7,107,107,108,1627,24044,24044,9,9,16,16,vacuum_cleaning,vacuum_cleaning,True,0.0006799886,0.00019559723,4.7200512e-05,9.983361e-06,0.00013848853,0.00025223583,8.153869e-05,0.00041962936,0.00013976159,0.9828084,0.015110245,0.00011690342,0.9828084
pamap2,gnn_flatten_lstm,sequence,7,107,107,108,1628,24045,24045,9,9,16,16,vacuum_cleaning,vacuum_cleaning,True,4.0468378e-05,2.7027565e-05,3.9670194e-06,2.9223347e-07,5.1525285e-06,3.6189478e-05,7.744989e-06,5.0874303e-05,7.761841e-06,0.9995696,0.00024893676,1.940227e-06,0.9995696
pamap2,gnn_flatten_lstm,sequence,7,107,107,108,1629,24046,24046,9,9,16,16,vacuum_cleaning,vacuum_cleaning,True,7.573839e-06,9.0015965e-06,9.760993e-07,7.746448e-08,1.0022397e-06,1.1523323e-05,2.3341786e-06,2.4181962e-05,2.955398e-06,0.9998771,6.283502e-05,3.4976253e-07,0.9998771
pamap2,gnn_flatten_lstm,sequence,7,107,107,108,1630,24047,24047,9,9,16,16,vacuum_cleaning,vacuum_cleaning,True,6.8410454e-06,9.262822e-06,8.98751e-07,1.5420063e-07,1.2379448e-06,1.0752247e-05,3.211297e-06,3.8968825e-05,6.1103583e-06,0.9998536,6.83503e-05,6.1187234e-07,0.9998536
pamap2,gnn_flatten_lstm,sequence,7,107,107,108,1631,24048,24048,9,9,16,16,vacuum_cleaning,vacuum_cleaning,True,8.469888e-06,1.0953232e-05,9.944799e-07,3.0135135e-07,1.6588336e-06,1.1735098e-05,5.1015136e-06,6.517083e-05,1.06494135e-05,0.9998159,6.812315e-05,1.0508811e-06,0.9998159
pamap2,gnn_flatten_lstm,sequence,7,107,107,108,1632,24049,24049,9,9,16,16,vacuum_cleaning,vacuum_cleaning,True,1.4168387e-05,1.5457985e-05,1.4472471e-06,9.017109e-07,3.26887e-06,1.7062359e-05,8.509026e-06,0.00018173296,2.6186985e-05,0.9996177,0.00011093593,2.5875368e-06,0.9996177
pamap2,gnn_flatten_lstm,sequence,7,107,107,108,1633,24050,24050,9,9,16,16,vacuum_cleaning,vacuum_cleaning,True,4.0642903e-05,3.051881e-05,3.4320308e-06,6.997524e-06,1.1276228e-05,3.307186e-05,2.17513e-05,0.0012249497,0.00014952465,0.9981887,0.00027429947,1.48253475e-05,0.9981887
pamap2,gnn_flatten_lstm,sequence,7,107,107,108,1634,24051,24051,9,9,16,16,vacuum_cleaning,vacuum_cleaning,True,9.578032e-05,5.6621895e-05,9.3604185e-06,3.912908e-05,2.7510461e-05,5.510066e-05,3.868244e-05,0.0051991693,0.0006168772,0.99276966,0.0010300439,6.2051025e-05,0.99276966
pamap2,gnn_flatten_lstm,sequence,7,107,107,108,1635,24052,24052,9,9,16,16,vacuum_cleaning,vacuum_cleaning,True,0.00035618796,0.00014571779,3.123208e-05,0.00030102086,0.0001062033,0.00011907369,7.5674645e-05,0.025670292,0.0031743795,0.96341693,0.0061882734,0.0004149118,0.96341693
pamap2,gnn_flatten_lstm,sequence,7,107,107,108,1636,24053,24053,9,9,16,16,vacuum_cleaning,vacuum_cleaning,True,0.0007771108,0.0002658004,9.8366596e-05,0.0011238175,0.00033385385,0.0002247965,0.00015373198,0.041340277,0.010121533,0.9008817,0.04320912,0.0014699282,0.9008817
pamap2,gnn_flatten_lstm,sequence,7,107,107,108,1637,24054,24054,9,10,16,17,vacuum_cleaning,ironing,False,6.279438e-05,8.262049e-05,0.00011036144,0.0003387611,7.368165e-05,3.7086615e-05,3.1682677e-05,0.000508986,0.001659787,0.034385137,0.9626218,8.72558e-05,0.9626218
pamap2,gnn_flatten_lstm,sequence,7,107,107,108,1638,24055,24055,9,10,16,17,vacuum_cleaning,ironing,False,1.7815737e-06,4.6159626e-06,1.2191077e-05,1.1649604e-05,3.8694734e-06,1.8415923e-06,8.374311e-07,7.586581e-06,2.79898e-05,0.00032030913,0.99960595,1.4573516e-06,0.99960595
pamap2,gnn_flatten_lstm,sequence,7,107,107,108,1639,24056,24056,9,10,16,17,vacuum_cleaning,ironing,False,1.2381475e-06,3.7789737e-06,9.848801e-06,9.65757e-06,2.9221815e-06,1.2440786e-06,5.594628e-07,4.858234e-06,1.8276198e-05,0.00016673368,0.9997799,9.668753e-07,0.9997799
pamap2,gnn_flatten_lstm,sequence,7,107,107,108,1640,24057,24057,9,10,16,17,vacuum_cleaning,ironing,False,1.4830125e-06,3.800504e-06,9.5339765e-06,1.2236406e-05,3.5108278e-06,1.3289987e-06,7.285764e-07,6.1158257e-06,2.1922366e-05,0.0001599766,0.9997781,1.2446199e-06,0.9997781
pamap2,gnn_flatten_lstm,sequence,7,107,107,108,1641,24058,24058,9,10,16,17,vacuum_cleaning,ironing,False,1.3630437e-06,3.590183e-06,7.806499e-06,1.000846e-05,3.7554782e-06,1.6601686e-06,8.2954574e-07,5.4274965e-06,2.1129332e-05,0.00016204399,0.9997811,1.2789538e-06,0.9997811
pamap2,gnn_flatten_lstm,sequence,7,107,107,108,1642,24059,24059,9,10,16,17,vacuum_cleaning,ironing,False,8.815522e-07,2.8410107e-06,5.9186455e-06,6.3452517e-06,2.90368e-06,1.6443026e-06,6.340476e-07,3.2824246e-06,1.4616205e-05,0.00013067981,0.9998294,8.749931e-07,0.9998294
pamap2,gnn_flatten_lstm,sequence,7,107,107,108,1643,24060,24060,9,10,16,17,vacuum_cleaning,ironing,False,2.0007583e-07,9.506929e-07,2.6443495e-06,1.8828819e-06,7.743923e-07,6.7252853e-07,1.6535664e-07,8.0510466e-07,4.027332e-06,5.761319e-05,0.99993014,1.9386636e-07,0.99993014
pamap2,gnn_flatten_lstm,sequence,7,107,107,108,1644,24061,24061,9,10,16,17,vacuum_cleaning,ironing,False,3.011989e-07,1.3321659e-06,3.8402127e-06,1.9644626e-06,1.0463572e-06,9.700785e-07,2.1318537e-07,1.0237817e-06,4.1574385e-06,0.00010957012,0.9998753,2.451134e-07,0.9998753
pamap2,gnn_flatten_lstm,sequence,7,107,107,108,1645,24062,24062,9,10,16,17,vacuum_cleaning,ironing,False,6.222929e-06,1.0686137e-05,2.0863781e-05,1.0871151e-05,1.2209365e-05,8.341474e-06,1.94996e-06,1.1416947e-05,2.8590144e-05,0.0012732118,0.9986119,3.7117509e-06,0.9986119
pamap2,gnn_flatten_lstm,sequence,7,107,107,108,1646,24063,24063,9,10,16,17,vacuum_cleaning,ironing,False,0.00037539675,0.000258428,0.00018547104,6.4592154e-05,0.0002463906,0.00023367093,3.0232733e-05,0.000361031,0.00031762008,0.07230577,0.92551094,0.000110475645,0.92551094
pamap2,gnn_flatten_lstm,sequence,7,107,107,108,1647,24064,24064,9,9,16,16,vacuum_cleaning,vacuum_cleaning,True,0.0027143292,0.0010231143,0.0002758711,5.112211e-05,0.0003713064,0.0008653447,7.0835165e-05,0.0017807017,0.00046075703,0.88601494,0.10598043,0.00039120295,0.88601494
pamap2,gnn_flatten_lstm,sequence,7,107,107,108,1648,24065,24065,9,9,16,16,vacuum_cleaning,vacuum_cleaning,True,0.0005264352,0.0002714266,2.6867901e-05,3.1829943e-06,2.4461124e-05,0.00013849423,1.4519118e-05,0.00041845615,4.5024113e-05,0.99724185,0.0012640512,2.5224708e-05,0.99724185
pamap2,gnn_flatten_lstm,sequence,7,107,107,108,1649,24066,24066,9,9,16,16,vacuum_cleaning,vacuum_cleaning,True,9.835176e-05,0.00012873924,4.5382553e-06,6.559611e-07,4.503892e-06,4.1087187e-05,7.3958095e-06,0.00014454857,1.1600662e-05,0.9994748,8.094486e-05,2.8031977e-06,0.9994748
pamap2,gnn_flatten_lstm,sequence,7,107,107,108,1650,24067,24067,9,9,16,16,vacuum_cleaning,vacuum_cleaning,True,2.7370874e-05,5.3152457e-05,1.405446e-06,2.9312562e-07,1.7491758e-06,2.1034848e-05,4.940828e-06,8.405838e-05,5.560735e-06,0.99977773,2.2019747e-05,8.0188954e-07,0.99977773
pamap2,gnn_flatten_lstm,sequence,7,107,107,108,1651,24068,24068,9,9,16,16,vacuum_cleaning,vacuum_cleaning,True,2.3482098e-05,5.278074e-05,1.1812041e-06,2.8004862e-07,1.6068725e-06,2.0147347e-05,4.950587e-06,9.007835e-05,5.549632e-06,0.9997836,1.5694406e-05,7.048692e-07,0.9997836
pamap2,gnn_flatten_lstm,sequence,7,107,107,108,1652,24069,24069,9,9,16,16,vacuum_cleaning,vacuum_cleaning,True,2.649353e-05,6.741607e-05,1.3045509e-06,2.7499246e-07,1.7503849e-06,2.2192822e-05,5.705423e-06,8.201839e-05,5.3140493e-06,0.99977154,1.5365307e-05,6.9571865e-07,0.99977154
pamap2,gnn_flatten_lstm,sequence,7,107,107,108,1653,24070,24070,9,9,16,16,vacuum_cleaning,vacuum_cleaning,True,9.447335e-06,2.1613147e-05,6.414601e-07,8.764872e-08,6.851712e-07,1.1444486e-05,3.2231958e-06,2.9427028e-05,2.0536845e-06,0.99991095,1.0276956e-05,2.0145012e-07,0.99991095
pamap2,gnn_flatten_lstm,sequence,7,107,107,108,1654,24071,24071,9,9,16,16,vacuum_cleaning,vacuum_cleaning,True,8.989104e-06,2.0157473e-05,6.273667e-07,8.436842e-08,6.458657e-07,1.1010278e-05,3.4225682e-06,2.4812376e-05,1.8253592e-06,0.99991786,1.0434985e-05,1.7940005e-07,0.99991786
pamap2,gnn_flatten_lstm,sequence,7,107,107,108,1655,24072,24072,9,9,16,16,vacuum_cleaning,vacuum_cleaning,True,1.1597392e-05,2.4561748e-05,8.339235e-07,1.5860086e-07,8.9342956e-07,1.3078914e-05,4.0754917e-06,3.7050508e-05,3.0581134e-06,0.9998889,1.537482e-05,3.2833637e-07,0.9998889
pamap2,gnn_flatten_lstm,sequence,7,107,107,108,1656,24073,24073,9,9,16,16,vacuum_cleaning,vacuum_cleaning,True,1.5189316e-05,2.7441576e-05,8.1148517e-07,2.2141143e-07,9.677995e-07,1.3219381e-05,4.2075553e-06,5.1388222e-05,3.6673027e-06,0.99986935,1.3017386e-05,4.4167592e-07,0.99986935
pamap2,gnn_flatten_lstm,sequence,7,107,107,108,1657,24074,24074,9,9,16,16,vacuum_cleaning,vacuum_cleaning,True,3.132853e-05,5.888577e-05,1.4449685e-06,5.0428656e-07,1.5197683e-06,1.9578996e-05,7.1776626e-06,8.455615e-05,5.8431165e-06,0.999772,1.6355028e-05,8.8237715e-07,0.999772
pamap2,gnn_flatten_lstm,sequence,7,107,107,108,1658,24075,24075,9,9,16,16,vacuum_cleaning,vacuum_cleaning,True,3.757079e-05,6.706532e-05,1.7065486e-06,6.74218e-07,1.7209998e-06,2.0932483e-05,8.246897e-06,0.00010409522,7.0751876e-06,0.9997317,1.8025425e-05,1.096495e-06,0.9997317
pamap2,gnn_flatten_lstm,sequence,7,107,107,108,1659,24076,24076,9,9,16,16,vacuum_cleaning,vacuum_cleaning,True,1.378385e-05,2.3470562e-05,8.834136e-07,2.509963e-07,8.217194e-07,1.1486596e-05,3.8750127e-06,5.698288e-05,4.2536417e-06,0.99987006,1.3679791e-05,4.862921e-07,0.99987006
pamap2,gnn_flatten_lstm,sequence,7,107,107,108,1660,24077,24077,9,9,16,16,vacuum_cleaning,vacuum_cleaning,True,5.5840587e-06,9.714246e-06,5.13081e-07,8.522105e-08,4.073882e-07,6.8095756e-06,2.1775734e-06,2.9350462e-05,2.3398345e-06,0.999933,9.864993e-06,1.997481e-07,0.999933
pamap2,gnn_flatten_lstm,sequence,7,107,107,108,1661,24078,24078,9,9,16,16,vacuum_cleaning,vacuum_cleaning,True,5.133272e-06,8.033347e-06,3.5415525e-07,5.4116445e-08,3.469629e-07,6.002926e-06,1.8196001e-06,2.2766346e-05,1.4029209e-06,0.99994695,7.1686286e-06,1.2070042e-07,0.99994695
pamap2,gnn_flatten_lstm,sequence,7,107,107,108,1662,24079,24079,9,9,16,16,vacuum_cleaning,vacuum_cleaning,True,6.9094126e-06,9.817155e-06,4.5087396e-07,8.4655e-08,4.225039e-07,7.2979333e-06,2.0745838e-06,3.3217282e-05,1.9489005e-06,0.9999291,8.605548e-06,1.9003558e-07,0.9999291
pamap2,gnn_flatten_lstm,sequence,7,107,107,108,1663,24080,24080,9,9,16,16,vacuum_cleaning,vacuum_cleaning,True,2.6798542e-05,3.700933e-05,1.0355961e-06,4.6171084e-07,1.0808013e-06,1.4605061e-05,5.667468e-06,0.00010406681,5.375039e-06,0.99979156,1.1369845e-05,8.8826914e-07,0.99979156
pamap2,gnn_flatten_lstm,sequence,7,107,107,108,1664,24081,24081,9,9,16,16,vacuum_cleaning,vacuum_cleaning,True,4.114234e-05,6.699174e-05,1.8448073e-06,6.1652446e-07,1.5212879e-06,2.0971149e-05,7.991765e-06,0.00010933741,6.424768e-06,0.9997242,1.7868322e-05,1.1453577e-06,0.9997242
pamap2,gnn_flatten_lstm,sequence,7,107,107,108,1665,24082,24082,9,9,16,16,vacuum_cleaning,vacuum_cleaning,True,6.0015896e-05,9.155513e-05,2.17798e-06,7.470922e-07,2.0349657e-06,2.6305686e-05,1.0283641e-05,0.00013838551,7.1518575e-06,0.9996419,1.7983986e-05,1.4987478e-06,0.9996419
pamap2,gnn_flatten_lstm,sequence,7,107,107,108,1666,24083,24083,9,9,16,16,vacuum_cleaning,vacuum_cleaning,True,5.2705844e-05,8.49054e-05,1.8028121e-06,5.492245e-07,1.6332235e-06,2.348602e-05,8.311431e-06,0.00012139587,5.4714615e-06,0.99968255,1.6162838e-05,1.1255208e-06,0.99968255
pamap2,gnn_flatten_lstm,sequence,7,107,107,108,1667,24084,24084,9,9,16,16,vacuum_cleaning,vacuum_cleaning,True,6.296287e-05,0.00011392495,2.2365255e-06,5.949056e-07,1.852909e-06,2.6633223e-05,9.608307e-06,0.00011600076,5.608069e-06,0.9996402,1.9259152e-05,1.168895e-06,0.9996402
pamap2,gnn_flatten_lstm,sequence,7,107,107,108,1668,24085,24085,9,9,16,16,vacuum_cleaning,vacuum_cleaning,True,0.0002313462,0.0004188755,5.6014806e-06,2.0709458e-06,5.1235625e-06,5.548445e-05,2.5674728e-05,0.00030697975,1.3720822e-05,0.998904,2.7094782e-05,4.0338027e-06,0.998904
pamap2,gnn_flatten_lstm,sequence,7,107,107,108,1669,24086,24086,9,9,16,16,vacuum_cleaning,vacuum_cleaning,True,0.00052527053,0.00093630626,9.73792e-06,3.3240888e-06,7.707921e-06,8.484817e-05,3.7716447e-05,0.0004727931,1.7787874e-05,0.9978642,3.3475997e-05,6.9707953e-06,0.9978642
pamap2,gnn_flatten_lstm,sequence,7,107,107,108,1670,24087,24087,9,9,16,16,vacuum_cleaning,vacuum_cleaning,True,0.0010454019,0.0021119874,1.7592887e-05,4.766309e-06,1.2182728e-05,0.00013676845,5.412318e-05,0.00062623696,2.3541683e-05,0.99591076,4.527395e-05,1.1456516e-05,0.99591076
pamap2,gnn_flatten_lstm,sequence,7,107,107,108,1671,24088,24088,9,9,16,16,vacuum_cleaning,vacuum_cleaning,True,0.0025875703,0.004991815,3.732243e-05,1.24837325e-05,2.5354826e-05,0.00022891033,0.00012338921,0.0012471441,4.884969e-05,0.9905984,6.491306e-05,3.392029e-05,0.9905984
pamap2,gnn_flatten_lstm,sequence,7,107,107,108,1672,24089,24089,9,9,16,16,vacuum_cleaning,vacuum_cleaning,True,0.0014601112,0.0027883593,3.0261335e-05,7.2188773e-06,1.718529e-05,0.00017516347,8.077419e-05,0.0007091554,3.4021134e-05,0.99460524,7.2233306e-05,2.044907e-05,0.99460524
pamap2,gnn_flatten_lstm,sequence,7,107,107,108,1673,24090,24090,9,9,16,16,vacuum_cleaning,vacuum_cleaning,True,0.00041077242,0.0008532115,1.2173809e-05,2.8203303e-06,7.822784e-06,8.517419e-05,4.0698502e-05,0.0002982723,1.7597084e-05,0.9982158,4.921594e-05,6.45601e-06,0.9982158
pamap2,gnn_flatten_lstm,sequence,7,107,107,108,1674,24091,24091,9,9,16,16,vacuum_cleaning,vacuum_cleaning,True,9.83252e-05,0.00022611702,4.893163e-06,9.617977e-07,3.2787038e-06,3.914603e-05,1.9963616e-05,0.00011279556,8.375706e-06,0.9994517,3.269716e-05,1.7316387e-06,0.9994517
pamap2,gnn_flatten_lstm,sequence,7,107,107,108,1675,24092,24092,9,9,16,16,vacuum_cleaning,vacuum_cleaning,True,0.00014287732,0.00025930084,5.3184276e-06,1.0751447e-06,4.6870728e-06,5.260942e-05,2.383963e-05,0.00015660757,9.193547e-06,0.9993155,2.6745374e-05,2.2018417e-06,0.9993155
pamap2,gnn_flatten_lstm,sequence,7,107,107,108,1676,24093,24093,9,9,16,16,vacuum_cleaning,vacuum_cleaning,True,0.00021740614,0.00036639767,4.8201055e-06,2.526599e-06,4.6323034e-06,4.086682e-05,2.9168317e-05,0.00025507904,1.4301522e-05,0.9990402,2.0522377e-05,4.0213845e-06,0.9990402
pamap2,gnn_flatten_lstm,sequence,7,107,107,108,1677,24094,24094,9,9,16,16,vacuum_cleaning,vacuum_cleaning,True,0.00075788255,0.00095312356,8.718758e-06,1.6259652e-05,8.611356e-06,4.9670572e-05,8.457883e-05,0.0006467973,3.400645e-05,0.9973972,2.6649268e-05,1.6519658e-05,0.9973972
pamap2,gnn_flatten_lstm,sequence,7,107,107,108,1678,24095,24095,9,9,16,16,vacuum_cleaning,vacuum_cleaning,True,0.00022991844,0.00035107712,5.8635633e-06,4.1429585e-06,4.717341e-06,4.2557902e-05,3.2661534e-05,0.00030369675,1.8218278e-05,0.9989723,2.9853352e-05,5.1122624e-06,0.9989723
pamap2,gnn_flatten_lstm,sequence,7,107,107,108,1679,24096,24096,9,9,16,16,vacuum_cleaning,vacuum_cleaning,True,0.00013059973,0.00020894212,4.1749086e-06,2.381992e-06,3.436368e-06,3.6618567e-05,2.1266147e-05,0.0002358079,1.3387383e-05,0.9993129,2.7555556e-05,3.0557162e-06,0.9993129
pamap2,gnn_flatten_lstm,sequence,7,107,107,108,1680,24097,24097,9,9,16,16,vacuum_cleaning,vacuum_cleaning,True,0.00012315073,0.00020444996,3.7571804e-06,2.1458848e-06,3.2903363e-06,3.611259e-05,2.005071e-05,0.00023965049,1.2720623e-05,0.99932647,2.541844e-05,2.917115e-06,0.99932647
pamap2,gnn_flatten_lstm,sequence,7,107,107,108,1681,24098,24098,9,9,16,16,vacuum_cleaning,vacuum_cleaning,True,0.00019116458,0.00032010503,5.2072014e-06,2.6905464e-06,4.5735533e-06,4.817406e-05,2.5183877e-05,0.00031774453,1.51771565e-05,0.99903655,2.9482499e-05,3.843096e-06,0.99903655
pamap2,gnn_flatten_lstm,sequence,7,107,107,108,1682,24099,24099,9,9,16,16,vacuum_cleaning,vacuum_cleaning,True,0.00047890068,0.0007240798,1.0152754e-05,5.387548e-06,9.090668e-06,8.508566e-05,4.6409987e-05,0.0006118823,2.4872243e-05,0.9979583,3.758768e-05,8.416383e-06,0.9979583
pamap2,gnn_flatten_lstm,sequence,7,107,107,108,1683,24100,24100,9,9,16,16,vacuum_cleaning,vacuum_cleaning,True,0.00075748755,0.0012885052,1.4650602e-05,1.1481352e-05,9.938603e-06,8.0527e-05,6.500604e-05,0.0008214247,3.850908e-05,0.99685585,4.1701896e-05,1.48114e-05,0.99685585
pamap2,gnn_flatten_lstm,sequence,7,107,107,108,1684,24101,24101,9,9,16,16,vacuum_cleaning,vacuum_cleaning,True,0.001275054,0.0025581096,3.2031123e-05,2.9611743e-05,1.2938091e-05,0.000104537765,9.783677e-05,0.0011148653,6.5789696e-05,0.9946016,7.696041e-05,3.0689935e-05,0.9946016
pamap2,gnn_flatten_lstm,sequence,7,107,107,108,1685,24102,24102,9,9,16,16,vacuum_cleaning,vacuum_cleaning,True,0.0014283173,0.002811101,3.9745195e-05,2.4208419e-05,1.5322174e-05,0.0001432835,0.00010226933,0.0011020676,5.7341695e-05,0.9941585,9.112311e-05,2.6732643e-05,0.9941585
pamap2,gnn_flatten_lstm,sequence,7,107,107,108,1686,24103,24103,9,9,16,16,vacuum_cleaning,vacuum_cleaning,True,0.0005018404,0.0011303332,1.5271697e-05,5.050105e-06,7.5564117e-06,8.603403e-05,4.3604952e-05,0.00041389166,2.2432681e-05,0.9977106,5.5748347e-05,7.636041e-06,0.9977106
pamap2,gnn_flatten_lstm,sequence,7,107,107,108,1687,24104,24104,9,9,16,16,vacuum_cleaning,vacuum_cleaning,True,0.00023232184,0.00055379997,8.834452e-06,2.0658777e-06,5.0156727e-06,6.513082e-05,2.8236136e-05,0.000231619,1.31602455e-05,0.99881136,4.491754e-05,3.624307e-06,0.99881136
pamap2,gnn_flatten_lstm,sequence,7,107,107,108,1688,24105,24105,9,9,16,16,vacuum_cleaning,vacuum_cleaning,True,0.00031448793,0.00067626627,9.700637e-06,2.4096717e-06,6.7194865e-06,7.682232e-05,3.3435375e-05,0.00029761402,1.5622976e-05,0.99851984,4.249139e-05,4.7263516e-06,0.99851984
pamap2,gnn_flatten_lstm,sequence,7,107,107,108,1689,24106,24106,9,9,16,16,vacuum_cleaning,vacuum_cleaning,True,0.00038364372,0.00076925295,9.635125e-06,2.534902e-06,7.437613e-06,8.252233e-05,3.3252807e-05,0.00035227547,1.5894411e-05,0.99829954,3.9036815e-05,5.1241996e-06,0.99829954
pamap2,gnn_flatten_lstm,sequence,7,107,107,108,1690,24107,24107,9,9,16,16,vacuum_cleaning,vacuum_cleaning,True,0.00044045722,0.0008515769,9.6201165e-06,2.3091495e-06,7.784237e-06,8.831389e-05,3.2387397e-05,0.00036011983,1.4765757e-05,0.99815035,3.7170314e-05,5.1559205e-06,0.99815035
pamap2,gnn_flatten_lstm,sequence,7,107,107,108,1691,24108,24108,9,9,16,16,vacuum_cleaning,vacuum_cleaning,True,0.0007034246,0.0011698575,1.117338e-05,3.501091e-06,1.1187007e-05,0.000109572415,4.5011464e-05,0.00054073933,1.9835183e-05,0.99734205,3.486502e-05,8.677936e-06,0.99734205
pamap2,gnn_flatten_lstm,sequence,7,107,107,108,1692,24109,24109,9,9,16,16,vacuum_cleaning,vacuum_cleaning,True,0.0008229453,0.0012714419,1.09769935e-05,3.6752688e-06,1.0194768e-05,0.000105976724,4.4130342e-05,0.0005907049,1.8469957e-05,0.99708146,3.1146643e-05,8.797144e-06,0.99708146
pamap2,gnn_flatten_lstm,sequence,7,107,107,108,1693,24110,24110,9,9,16,16,vacuum_cleaning,vacuum_cleaning,True,0.00167595,0.0025325501,1.781525e-05,5.922142e-06,1.554972e-05,0.00015067002,6.769426e-05,0.00087061647,2.5043606e-05,0.9945868,3.618164e-05,1.5191597e-05,0.9945868
pamap2,gnn_flatten_lstm,sequence,7,107,107,108,1694,24111,24111,9,9,16,16,vacuum_cleaning,vacuum_cleaning,True,0.01254206,0.018465701,7.8439996e-05,5.2276027e-05,8.1796745e-05,0.0005260199,0.0003142322,0.004717061,0.00013409388,0.9628651,6.18695e-05,0.00016128444,0.9628651
pamap2,gnn_flatten_lstm,sequence,7,107,107,108,1695,24112,24112,9,9,16,16,vacuum_cleaning,vacuum_cleaning,True,0.022599753,0.03390784,0.00013685459,8.4313826e-05,0.000105915424,0.00070750323,0.00041309427,0.006427021,0.00018010379,0.9351008,7.725466e-05,0.000259535,0.9351008
pamap2,gnn_flatten_lstm,sequence,7,107,107,108,1696,24113,24113,9,9,16,16,vacuum_cleaning,vacuum_cleaning,True,0.026484923,0.044976845,0.00020649539,8.6214335e-05,0.00010806999,0.0008016522,0.00043794946,0.0055649723,0.00018617093,0.9207714,0.000102843165,0.0002724731,0.9207714
pamap2,gnn_flatten_lstm,sequence,7,107,107,108,1697,24114,24114,9,9,16,16,vacuum_cleaning,vacuum_cleaning,True,0.030052183,0.053126793,0.00033848718,8.885024e-05,0.00013065647,0.0009082672,0.00053583604,0.0044318317,0.00021230908,0.9096803,0.00016366766,0.00033080258,0.9096803
pamap2,gnn_flatten_lstm,sequence,7,107,107,108,1698,24115,24115,9,9,16,16,vacuum_cleaning,vacuum_cleaning,True,0.030401034,0.066297665,0.0004793828,7.666498e-05,0.00014863622,0.0010033649,0.0006146751,0.0036197035,0.00021215371,0.89663875,0.0002046071,0.00030330205,0.89663875
pamap2,gnn_flatten_lstm,sequence,7,107,107,108,1699,24116,24116,9,9,16,16,vacuum_cleaning,vacuum_cleaning,True,0.014453988,0.030904448,0.00021760815,3.9665687e-05,8.730535e-05,0.0006533486,0.0003421952,0.0022419088,0.00012638375,0.9506289,0.00015709088,0.0001471738,0.9506289
pamap2,gnn_flatten_lstm,sequence,7,107,107,108,1700,24117,24117,9,9,16,16,vacuum_cleaning,vacuum_cleaning,True,0.002602482,0.0066543235,7.691857e-05,1.2175696e-05,3.11081e-05,0.00025306427,0.0001362344,0.0007073786,5.9103102e-05,0.98930013,0.00012977255,3.7332462e-05,0.98930013
pamap2,gnn_flatten_lstm,sequence,7,107,107,108,1701,24118,24118,9,9,16,16,vacuum_cleaning,vacuum_cleaning,True,0.00087035616,0.003027102,3.9107723e-05,4.5343713e-06,1.7523364e-05,0.0001602756,7.792296e-05,0.0002847038,3.1847583e-05,0.99536765,0.00010480631,1.4118066e-05,0.99536765
pamap2,gnn_flatten_lstm,sequence,7,107,107,108,1702,24119,24119,9,9,16,16,vacuum_cleaning,vacuum_cleaning,True,0.0002269463,0.00066656014,9.893255e-06,1.7487532e-06,9.571294e-06,7.492679e-05,4.1969277e-05,0.00013038334,1.6728123e-05,0.9987606,5.4930963e-05,5.881551e-06,0.9987606
pamap2,gnn_flatten_lstm,sequence,7,107,107,108,1703,24120,24120,9,9,16,16,vacuum_cleaning,vacuum_cleaning,True,0.00011844436,0.00027533385,6.194085e-06,1.6077107e-06,6.8669124e-06,4.6372155e-05,3.512727e-05,8.975e-05,1.516695e-05,0.9993468,5.3314958e-05,5.0642657e-06,0.9993468
pamap2,gnn_flatten_lstm,sequence,7,107,107,108,1704,24121,24121,9,9,16,16,vacuum_cleaning,vacuum_cleaning,True,6.335303e-05,0.00013848796,3.2916823e-06,1.0956762e-06,3.6446581e-06,2.8976738e-05,2.9580366e-05,6.741805e-05,8.973716e-06,0.99961984,3.3049266e-05,2.326066e-06,0.99961984
pamap2,gnn_flatten_lstm,sequence,7,107,107,108,1705,24122,24122,9,9,16,16,vacuum_cleaning,vacuum_cleaning,True,5.7337616e-05,0.000102410595,2.635677e-06,8.244436e-07,2.8598326e-06,2.8634231e-05,1.6229984e-05,8.631159e-05,7.5845373e-06,0.9996693,2.4327272e-05,1.6910774e-06,0.9996693
pamap2,gnn_flatten_lstm,sequence,7,107,107,108,1706,24123,24123,9,9,16,16,vacuum_cleaning,vacuum_cleaning,True,1.9336128e-05,4.1479994e-05,1.4405538e-06,2.5863224e-07,1.2872835e-06,1.7011347e-05,8.390893e-06,4.243067e-05,3.8106264e-06,0.9998468,1.7181253e-05,4.9467354e-07,0.9998468
pamap2,gnn_flatten_lstm,sequence,7,107,107,108,1707,24124,24124,9,9,16,16,vacuum_cleaning,vacuum_cleaning,True,1.4555944e-05,3.299138e-05,1.1649225e-06,1.7106092e-07,1.072468e-06,1.52576995e-05,7.661963e-06,3.4281275e-05,2.9484645e-06,0.9998752,1.4365551e-05,3.4927984e-07,0.9998752
pamap2,gnn_flatten_lstm,sequence,7,107,107,108,1708,24125,24125,9,9,16,16,vacuum_cleaning,vacuum_cleaning,True,3.3601435e-05,5.9419748e-05,1.4302108e-06,2.968751e-07,1.6166695e-06,2.262232e-05,9.882827e-06,6.683201e-05,3.6140864e-06,0.99978703,1.3013162e-05,6.2084155e-07,0.99978703
pamap2,gnn_flatten_lstm,sequence,7,107,107,108,1709,24126,24126,9,9,16,16,vacuum_cleaning,vacuum_cleaning,True,4.745879e-05,7.350876e-05,1.5903851e-06,3.8504467e-07,1.8470762e-06,2.5176247e-05,1.0228633e-05,9.336616e-05,4.204469e-06,0.99972874,1.2723293e-05,8.137143e-07,0.99972874
pamap2,gnn_flatten_lstm,sequence,7,107,107,108,1710,24127,24127,9,9,16,16,vacuum_cleaning,vacuum_cleaning,True,0.00010027728,0.00015600037,2.849464e-06,9.170133e-07,3.976803e-06,4.0956573e-05,2.0301153e-05,0.00018980257,8.620118e-06,0.9994599,1.4473036e-05,1.9163247e-06,0.9994599
pamap2,gnn_flatten_lstm,sequence,7,107,107,108,1711,24128,24128,9,9,16,16,vacuum_cleaning,vacuum_cleaning,True,0.00033157063,0.00048101012,6.056133e-06,2.7972083e-06,7.505425e-06,6.913098e-05,4.0951418e-05,0.0004351003,1.585729e-05,0.9985843,2.0636173e-05,5.0351528e-06,0.9985843
pamap2,gnn_flatten_lstm,sequence,7,107,107,108,1712,24129,24129,9,9,16,16,vacuum_cleaning,vacuum_cleaning,True,0.0021954593,0.004441625,3.8594713e-05,2.4458566e-05,2.6507272e-05,0.00019642714,0.00016363591,0.0016131304,7.500369e-05,0.9911343,5.5024957e-05,3.5972032e-05,0.9911343
pamap2,gnn_flatten_lstm,sequence,7,107,107,108,1713,24130,24130,9,9,16,16,vacuum_cleaning,vacuum_cleaning,True,0.003079772,0.0065214657,5.726253e-05,2.6806587e-05,3.386399e-05,0.00027344385,0.00017524422,0.0017854782,8.494048e-05,0.9878428,7.25354e-05,4.6480734e-05,0.9878428
pamap2,gnn_flatten_lstm,sequence,7,107,107,108,1714,24131,24131,9,9,16,16,vacuum_cleaning,vacuum_cleaning,True,0.005178806,0.011327312,8.5371044e-05,2.8844523e-05,4.984761e-05,0.00041202168,0.00021025572,0.0022168583,0.000101434,0.9802356,8.333515e-05,7.035904e-05,0.9802356
pamap2,gnn_flatten_lstm,sequence,7,107,107,108,1715,24132,24132,9,9,16,16,vacuum_cleaning,vacuum_cleaning,True,0.015517411,0.029633718,0.00019541587,9.6696e-05,0.00014122229,0.00072298053,0.00063939893,0.0054032677,0.00026236087,0.94701564,0.00010807174,0.00026381385,0.94701564
pamap2,gnn_flatten_lstm,sequence,7,107,107,108,1716,24133,24133,9,9,16,16,vacuum_cleaning,vacuum_cleaning,True,0.01123737,0.01955082,0.00017093257,5.3778578e-05,9.809469e-05,0.00052641495,0.000409634,0.0027597146,0.00017059025,0.9646968,0.00014256219,0.00018326711,0.9646968
pamap2,gnn_flatten_lstm,sequence,7,107,107,108,1717,24134,24134,9,9,16,16,vacuum_cleaning,vacuum_cleaning,True,0.0063997474,0.018786546,0.00027611834,2.69121e-05,7.87272e-05,0.00044757742,0.00031023365,0.0010714484,0.00013401454,0.9720809,0.00028446442,0.0001034232,0.9720809
pamap2,gnn_flatten_lstm,sequence,7,107,107,108,1718,24135,24135,9,9,16,16,vacuum_cleaning,vacuum_cleaning,True,0.002015901,0.008419249,0.00026978902,2.117589e-05,8.124519e-05,0.00032016425,0.00025338,0.00062650937,0.00014847123,0.98713857,0.0006454495,6.0057406e-05,0.98713857
pamap2,gnn_flatten_lstm,sequence,7,107,107,108,1719,24136,24136,9,9,16,16,vacuum_cleaning,vacuum_cleaning,True,0.0010209711,0.0031370958,0.00012890158,2.3931896e-05,5.8952828e-05,0.00023689056,0.00012317774,0.0008954286,0.00017122099,0.9934663,0.0006860747,5.1039184e-05,0.9934663
pamap2,gnn_flatten_lstm,sequence,7,107,107,108,1720,24137,24137,9,9,16,16,vacuum_cleaning,vacuum_cleaning,True,0.0004634487,0.0009844064,3.405356e-05,1.0372613e-05,1.8583942e-05,0.00011069335,5.095933e-05,0.00059185753,7.191744e-05,0.99744713,0.00019792121,1.8731627e-05,0.99744713
pamap2,gnn_flatten_lstm,sequence,7,107,107,108,1721,24138,24138,9,9,16,16,vacuum_cleaning,vacuum_cleaning,True,0.00038003206,0.00074783136,1.9413794e-05,5.9410254e-06,1.3041799e-05,0.00010370778,4.810233e-05,0.0004394098,3.8386854e-05,0.9980932,9.966911e-05,1.1333797e-05,0.9980932
pamap2,gnn_flatten_lstm,sequence,7,107,107,108,1722,24139,24139,9,9,16,16,vacuum_cleaning,vacuum_cleaning,True,0.00037283023,0.0006708339,1.616094e-05,5.2302225e-06,1.1517398e-05,9.968574e-05,4.8675014e-05,0.00043845316,3.2395863e-05,0.9982199,7.4328265e-05,9.983411e-06,0.9982199
pamap2,gnn_flatten_lstm,sequence,7,107,107,108,1723,24140,24140,9,9,16,16,vacuum_cleaning,vacuum_cleaning,True,0.0003387281,0.00061245624,1.5174254e-05,4.7320204e-06,9.772151e-06,9.200488e-05,4.5260625e-05,0.00040610827,2.8717406e-05,0.99837023,6.843021e-05,8.468359e-06,0.99837023
pamap2,gnn_flatten_lstm,sequence,7,107,107,108,1724,24141,24141,9,9,16,16,vacuum_cleaning,vacuum_cleaning,True,0.00019041436,0.0003863984,1.5124458e-05,3.6245083e-06,7.836639e-06,7.586999e-05,3.7288522e-05,0.00028081794,2.647536e-05,0.99888676,8.349879e-05,5.8155592e-06,0.99888676
pamap2,gnn_flatten_lstm,sequence,7,107,107,108,1725,24142,24142,9,9,16,16,vacuum_cleaning,vacuum_cleaning,True,0.0007545812,0.0012984185,5.8503076e-05,2.200088e-05,3.1901072e-05,0.00021523729,0.0001309755,0.0012234333,0.00011485674,0.9959418,0.00017317827,3.5094396e-05,0.9959418
pamap2,gnn_flatten_lstm,sequence,7,107,107,108,1726,24143,24143,9,9,16,16,vacuum_cleaning,vacuum_cleaning,True,0.0008321733,0.0014632037,5.8104644e-05,2.0134312e-05,2.5846335e-05,0.00018225143,0.00011100983,0.000992089,9.508403e-05,0.99601245,0.00017657157,3.1063173e-05,0.99601245
pamap2,gnn_flatten_lstm,sequence,7,107,107,108,1727,24144,24144,9,9,16,16,vacuum_cleaning,vacuum_cleaning,True,0.000668885,0.0011988451,2.9042876e-05,1.195948e-05,1.5764519e-05,0.00013387042,8.164213e-05,0.00077683537,5.3200234e-05,0.9969206,9.191299e-05,1.7516208e-05,0.9969206
pamap2,gnn_flatten_lstm,sequence,7,107,107,108,1728,24145,24145,9,9,16,16,vacuum_cleaning,vacuum_cleaning,True,0.0014578209,0.0025108913,4.4584718e-05,2.0357604e-05,2.6254507e-05,0.00020515482,0.00012775701,0.0013452785,7.608616e-05,0.9940538,9.916231e-05,3.2923337e-05,0.9940538
pamap2,gnn_flatten_lstm,sequence,7,107,107,108,1729,24146,24146,9,9,16,16,vacuum_cleaning,vacuum_cleaning,True,0.0028278474,0.0044597606,7.676992e-05,4.656438e-05,5.1137646e-05,0.00032997542,0.00023614572,0.0026666739,0.00014848326,0.9889544,0.00012205761,8.02036e-05,0.9889544
pamap2,gnn_flatten_lstm,sequence,7,107,107,108,1730,24147,24147,9,9,16,16,vacuum_cleaning,vacuum_cleaning,True,0.004869724,0.006451723,0.00010200883,6.673972e-05,6.476709e-05,0.00039903086,0.0003017281,0.0034671477,0.00017259286,0.98385954,0.00012856664,0.000116399235,0.98385954
pamap2,gnn_flatten_lstm,sequence,7,107,107,108,1731,24148,24148,9,9,16,16,vacuum_cleaning,vacuum_cleaning,True,0.0057912543,0.0063865064,0.0001220994,8.413839e-05,7.674276e-05,0.00043673074,0.00037012383,0.0038164402,0.00019717567,0.98242974,0.00014740338,0.0001416855,0.98242974
pamap2,gnn_flatten_lstm,sequence,7,107,107,108,1732,24149,24149,9,9,16,16,vacuum_cleaning,vacuum_cleaning,True,0.007493463,0.0074331313,0.00014774324,9.571232e-05,8.773689e-05,0.00047242586,0.00042748597,0.004088669,0.00020832711,0.9792174,0.00016184182,0.00016605278,0.9792174
pamap2,gnn_flatten_lstm,sequence,7,107,107,108,1733,24150,24150,9,9,16,16,vacuum_cleaning,vacuum_cleaning,True,0.006991758,0.0069081564,0.00016620095,8.553366e-05,8.318448e-05,0.00042603674,0.00040874956,0.0031804945,0.000197039,0.98120594,0.0001905496,0.00015631861,0.98120594
pamap2,gnn_flatten_lstm,sequence,7,107,107,108,1734,24151,24151,9,9,16,16,vacuum_cleaning,vacuum_cleaning,True,0.00934078,0.008634143,0.0002915163,0.00014131158,0.00013558552,0.0005304228,0.00059499673,0.004215549,0.00033602203,0.9752215,0.00028329983,0.0002747892,0.9752215
pamap2,gnn_flatten_lstm,sequence,7,107,107,108,1735,24152,24152,9,9,16,16,vacuum_cleaning,vacuum_cleaning,True,0.003180757,0.003070412,0.00010671661,5.6526536e-05,6.554342e-05,0.000326588,0.0002852308,0.0022552866,0.00016948786,0.9902012,0.00017974943,0.00010254451,0.9902012
pamap2,gnn_flatten_lstm,sequence,7,107,107,108,1736,24153,24153,9,9,16,16,vacuum_cleaning,vacuum_cleaning,True,0.005799203,0.005085995,0.00010726179,0.00010422893,7.594844e-05,0.00033976597,0.00038301834,0.0032737385,0.00021838788,0.9842689,0.0001527737,0.00019080148,0.9842689
pamap2,gnn_flatten_lstm,sequence,7,107,107,108,1737,24154,24154,9,9,16,16,vacuum_cleaning,vacuum_cleaning,True,0.0077935467,0.0070327693,0.00011791968,0.00013754847,8.0354286e-05,0.0003879285,0.00043906126,0.004042537,0.00023793253,0.9793466,0.00015716079,0.00022667831,0.9793466
pamap2,gnn_flatten_lstm,sequence,7,107,107,108,1738,24155,24155,9,9,16,16,vacuum_cleaning,vacuum_cleaning,True,0.012600761,0.010664282,0.00015971765,0.0001925086,0.000111903566,0.00048101982,0.000562558,0.0056277104,0.00029892506,0.9687773,0.00017154039,0.00035177535,0.9687773
pamap2,gnn_flatten_lstm,sequence,7,107,107,108,1739,24156,24156,9,9,16,16,vacuum_cleaning,vacuum_cleaning,True,0.010013584,0.010808474,0.00013557011,0.00012995457,7.4053576e-05,0.00039471482,0.00039093374,0.0043745614,0.00021329353,0.97309303,0.00015584899,0.0002159807,0.97309303
pamap2,gnn_flatten_lstm,sequence,7,107,107,108,1740,24157,24157,9,9,16,16,vacuum_cleaning,vacuum_cleaning,True,0.010480474,0.011886634,0.00012216119,0.000100754776,6.4990105e-05,0.00039393106,0.0003374198,0.004098861,0.00016874088,0.97204065,0.00013320004,0.00017219802,0.97204065
pamap2,gnn_flatten_lstm,sequence,7,107,107,108,1741,24158,24158,9,9,16,16,vacuum_cleaning,vacuum_cleaning,True,0.024551852,0.025394984,0.00020995809,0.00022838492,0.00011941246,0.0006353256,0.00055958104,0.008645698,0.00031079786,0.93874454,0.00014548782,0.00045399956,0.93874454
pamap2,gnn_flatten_lstm,sequence,7,107,107,108,1742,24159,24159,9,9,16,16,vacuum_cleaning,vacuum_cleaning,True,0.03983446,0.037644085,0.0003264663,0.00041795097,0.0001733852,0.00082932453,0.00078767125,0.013902594,0.00047956742,0.90462244,0.00016575059,0.0008163962,0.90462244
pamap2,gnn_flatten_lstm,sequence,7,107,107,108,1743,24160,24160,9,9,16,16,vacuum_cleaning,vacuum_cleaning,True,0.07029276,0.064972244,0.0005649757,0.0005602587,0.00025225,0.0011074777,0.0010752458,0.016607737,0.0006109276,0.84246564,0.00021159595,0.0012788969,0.84246564
pamap2,gnn_flatten_lstm,sequence,7,107,107,108,1744,24161,24161,9,9,16,16,vacuum_cleaning,vacuum_cleaning,True,0.04369198,0.0443678,0.0004884568,0.00032083754,0.00018810078,0.00078613154,0.0007871037,0.009702561,0.0004728393,0.8981386,0.00022907884,0.0008266232,0.8981386
pamap2,gnn_flatten_lstm,sequence,7,107,107,108,1745,24162,24162,9,9,16,16,vacuum_cleaning,vacuum_cleaning,True,0.019401876,0.026221823,0.00037025768,0.00014751912,0.00011610579,0.0005123702,0.0004890488,0.0046372856,0.00031857355,0.94716525,0.0002474987,0.00037227548,0.94716525
pamap2,gnn_flatten_lstm,sequence,7,107,107,108,1746,24163,24163,9,9,16,16,vacuum_cleaning,vacuum_cleaning,True,0.022078633,0.026633345,0.0004036127,0.0001956967,0.00014900121,0.000633295,0.0005819042,0.006015691,0.00040020305,0.9421753,0.0002570369,0.00047617854,0.9421753
pamap2,gnn_flatten_lstm,sequence,7,107,107,108,1747,24164,24164,9,9,16,16,vacuum_cleaning,vacuum_cleaning,True,0.055059176,0.055588506,0.0018628418,0.00090634753,0.00042367665,0.0012448097,0.001631438,0.016908113,0.0014291952,0.86215466,0.00069129985,0.0020999045,0.86215466
pamap2,gnn_flatten_lstm,sequence,7,107,107,108,1748,24165,24165,9,9,16,16,vacuum_cleaning,vacuum_cleaning,True,0.036007218,0.041435216,0.0008879226,0.00085448066,0.00023778758,0.0007862725,0.0012024057,0.014751799,0.0010939271,0.90103316,0.00041302454,0.001296905,0.90103316
pamap2,gnn_flatten_lstm,sequence,7,107,107,108,1749,24166,24166,9,9,16,16,vacuum_cleaning,vacuum_cleaning,True,0.014991873,0.016588328,0.00026270296,0.00036177374,0.00010218007,0.00044708853,0.0005966936,0.007874715,0.000469105,0.95760727,0.00023221537,0.00046622095,0.95760727
pamap2,gnn_flatten_lstm,sequence,7,107,107,108,1750,24167,24167,9,9,16,16,vacuum_cleaning,vacuum_cleaning,True,0.005552351,0.0050839097,0.00011736987,0.000104486535,7.31684e-05,0.0003293481,0.00033409425,0.0037564286,0.00023457715,0.98405343,0.00017871066,0.00018202506,0.98405343
pamap2,gnn_flatten_lstm,sequence,7,107,107,108,1751,24168,24168,9,9,16,16,vacuum_cleaning,vacuum_cleaning,True,0.0006596963,0.0008445421,3.101772e-05,1.2945642e-05,2.1324795e-05,0.00013432697,9.6670185e-05,0.00077809504,6.375722e-05,0.99722856,0.000106056665,2.3023542e-05,0.99722856
pamap2,gnn_flatten_lstm,sequence,7,107,107,108,1752,24169,24169,9,9,16,16,vacuum_cleaning,vacuum_cleaning,True,0.00028934932,0.0003588501,1.3787849e-05,6.386204e-06,1.34184265e-05,8.615853e-05,5.77926e-05,0.0004921771,4.0294748e-05,0.9985648,6.546712e-05,1.1571522e-05,0.9985648
pamap2,gnn_flatten_lstm,sequence,7,107,107,108,1753,24170,24170,9,9,16,16,vacuum_cleaning,vacuum_cleaning,True,0.0010746315,0.0010565149,2.219214e-05,1.7716891e-05,2.4587898e-05,0.0001333376,9.325534e-05,0.0013315608,7.0861686e-05,0.996075,6.69433e-05,3.330304e-05,0.996075
pamap2,gnn_flatten_lstm,sequence,7,107,107,108,1754,24171,24171,9,9,16,16,vacuum_cleaning,vacuum_cleaning,True,0.0018066088,0.0019823385,3.4768156e-05,2.3449289e-05,2.69851e-05,0.00015584235,0.00010456147,0.0015862006,7.970153e-05,0.99406946,8.698545e-05,4.3247393e-05,0.99406946
pamap2,gnn_flatten_lstm,sequence,7,107,107,108,1755,24172,24172,9,9,16,16,vacuum_cleaning,vacuum_cleaning,True,0.0015622124,0.0019063368,6.25966e-05,1.8644267e-05,2.5504458e-05,0.00013734089,0.00010620556,0.0009043228,7.759665e-05,0.99499524,0.0001678623,3.610906e-05,0.99499524
pamap2,gnn_flatten_lstm,sequence,7,107,107,108,1756,24173,24173,9,9,16,16,vacuum_cleaning,vacuum_cleaning,True,0.0013873616,0.0019982979,5.1902014e-05,1.30152e-05,2.0220623e-05,0.000118037955,7.568173e-05,0.00064304814,5.931032e-05,0.99544597,0.00015737231,2.9680696e-05,0.99544597
pamap2,gnn_flatten_lstm,sequence,7,107,107,108,1757,24174,24174,9,9,16,16,vacuum_cleaning,vacuum_cleaning,True,0.000243806,0.00046841858,1.2793283e-05,3.4848206e-06,7.4105424e-06,6.1112725e-05,3.5282617e-05,0.00024986707,2.2791623e-05,0.9988199,6.936401e-05,5.7008133e-06,0.9988199
pamap2,gnn_flatten_lstm,sequence,7,107,107,108,1758,24175,24175,9,9,16,16,vacuum_cleaning,vacuum_cleaning,True,8.334232e-05,0.00017422855,5.336922e-06,1.4270983e-06,3.7913805e-06,3.6898273e-05,1.9223067e-05,0.00013244488,1.2508843e-05,0.99948525,4.334307e-05,2.2169027e-06,0.99948525
pamap2,gnn_flatten_lstm,sequence,7,107,107,108,1759,24176,24176,9,9,16,16,vacuum_cleaning,vacuum_cleaning,True,5.3620235e-05,0.00014361403,5.8667006e-06,1.02105e-06,3.2133287e-06,3.3911125e-05,1.7816288e-05,8.4551786e-05,1.1026112e-05,0.9995926,5.1117717e-05,1.7026439e-06,0.9995926
pamap2,gnn_flatten_lstm,sequence,7,107,107,108,1760,24177,24177,9,9,16,16,vacuum_cleaning,vacuum_cleaning,True,2.0723639e-05,5.810686e-05,3.6167405e-06,4.5495514e-07,1.6968661e-06,2.3728338e-05,1.2127759e-05,4.278194e-05,6.578222e-06,0.999783,4.6488814e-05,7.7382805e-07,0.999783
pamap2,gnn_flatten_lstm,sequence,7,107,107,108,1761,24178,24178,9,9,16,16,vacuum_cleaning,vacuum_cleaning,True,1.1287884e-05,2.9991965e-05,2.0346451e-06,2.4951578e-07,9.44439e-07,1.5769874e-05,8.33554e-06,2.935143e-05,4.1824246e-06,0.9998629,3.4475826e-05,4.2855314e-07,0.9998629
pamap2,gnn_flatten_lstm,sequence,7,107,107,108,1762,24179,24179,9,9,16,16,vacuum_cleaning,vacuum_cleaning,True,5.9751264e-06,1.379952e-05,9.692e-07,1.0700371e-07,4.6470893e-07,9.638387e-06,3.96799e-06,2.051776e-05,2.2229046e-06,0.9999211,2.0936268e-05,1.9790326e-07,0.9999211
pamap2,gnn_flatten_lstm,sequence,7,107,107,108,1763,24180,24180,9,9,16,16,vacuum_cleaning,vacuum_cleaning,True,3.9528613e-06,7.68661e-06,5.69725e-07,5.988662e-08,2.9638235e-07,6.655722e-06,2.2546603e-06,1.7838256e-05,1.5420588e-06,0.9999454,1.3641359e-05,1.204808e-07,0.9999454
pamap2,gnn_flatten_lstm,sequence,7,107,107,108,1764,24181,24181,9,9,16,16,vacuum_cleaning,vacuum_cleaning,True,3.3200129e-06,5.91819e-06,4.7411868e-07,4.1927645e-08,2.4350743e-07,5.952577e-06,1.9145891e-06,1.5598065e-05,1.1996799e-06,0.99995375,1.1474166e-05,9.2514505e-08,0.99995375
pamap2,gnn_flatten_lstm,sequence,7,107,107,108,1765,24182,24182,9,9,16,16,vacuum_cleaning,vacuum_cleaning,True,2.830803e-06,4.770286e-06,3.5157097e-07,3.929079e-08,2.0099843e-07,4.842109e-06,1.5595832e-06,1.6368618e-05,1.1561643e-06,0.9999589,8.9756895e-06,8.2915015e-08,0.9999589
pamap2,gnn_flatten_lstm,sequence,7,107,107,108,1766,24183,24183,9,9,16,16,vacuum_cleaning,vacuum_cleaning,True,3.1222005e-06,5.14864e-06,3.600081e-07,4.4064777e-08,2.2724926e-07,4.736595e-06,1.4514791e-06,1.8737439e-05,1.3628963e-06,0.999956,8.75748e-06,9.461456e-08,0.999956
pamap2,gnn_flatten_lstm,sequence,7,107,107,108,1767,24184,24184,9,9,16,16,vacuum_cleaning,vacuum_cleaning,True,3.0905146e-06,5.1458223e-06,4.8478404e-07,5.496983e-08,2.8486892e-07,5.7976004e-06,1.5413416e-06,2.540047e-05,1.9783101e-06,0.9999436,1.2362412e-05,1.2902159e-07,0.9999436
pamap2,gnn_flatten_lstm,sequence,7,107,107,108,1768,24185,24185,9,9,16,16,vacuum_cleaning,vacuum_cleaning,True,4.650025e-06,7.979421e-06,1.5175596e-06,1.1441466e-07,5.129631e-07,1.0392578e-05,2.788851e-06,4.1227497e-05,4.0316827e-06,0.9998969,2.9651077e-05,2.56559e-07,0.9998969
pamap2,gnn_flatten_lstm,sequence,7,107,107,108,1769,24186,24186,9,9,16,16,vacuum_cleaning,vacuum_cleaning,True,1.2598894e-05,2.2687658e-05,1.1054329e-05,6.122204e-07,1.916793e-06,3.1587315e-05,9.214278e-06,0.0001265795,1.8604072e-05,0.9996146,0.00014946618,1.1927488e-06,0.9996146
pamap2,gnn_flatten_lstm,sequence,7,107,107,108,1770,24187,24187,9,9,16,16,vacuum_cleaning,vacuum_cleaning,True,8.795659e-05,0.0002099131,0.00036054407,1.5449521e-05,2.702512e-05,0.0001781934,5.8194615e-05,0.0016333867,0.00049327203,0.9949391,0.0019742711,2.2761644e-05,0.9949391
pamap2,gnn_flatten_lstm,sequence,7,107,107,108,1771,24188,24188,9,9,16,16,vacuum_cleaning,vacuum_cleaning,True,0.0004276846,0.0015106689,0.004047717,0.000112055284,0.00018977592,0.0005486388,0.00027451545,0.0079493625,0.0035905938,0.96992797,0.011294826,0.00012626512,0.96992797
pamap2,gnn_flatten_lstm,sequence,7,107,107,108,1772,24189,24189,9,9,16,16,vacuum_cleaning,vacuum_cleaning,True,0.00081328134,0.0037652669,0.009510957,0.00025956763,0.0004670155,0.0009844371,0.00056911586,0.010355073,0.005520688,0.9114819,0.05605716,0.0002154606,0.9114819
pamap2,gnn_flatten_lstm,sequence,7,107,107,108,1773,24190,24190,9,9,16,16,vacuum_cleaning,vacuum_cleaning,True,0.0011746838,0.0009838233,0.0021559845,0.00031579184,0.00021005198,0.00045102742,0.0002811707,0.006487796,0.0029558004,0.9279758,0.056670815,0.00033735752,0.9279758
pamap2,gnn_flatten_lstm,sequence,7,107,107,108,1774,24191,24191,9,10,16,17,vacuum_cleaning,ironing,False,0.0008509231,0.0005453974,0.0031866329,0.00077380554,0.00015906754,0.00017549537,0.00018567585,0.0026423025,0.003999013,0.37117147,0.6159504,0.00035977183,0.6159504
pamap2,gnn_flatten_lstm,sequence,7,107,107,108,1775,24192,24192,7,10,12,17,ascending_stairs,ironing,False,0.0003102912,0.00042769455,0.0058482895,0.00100574,0.000119842356,4.1765175e-05,6.9301255e-05,0.0009511695,0.0016719627,0.0143092135,0.9751482,9.660436e-05,0.9751482
pamap2,gnn_flatten_lstm,sequence,7,107,107,108,1776,24193,24193,7,10,12,17,ascending_stairs,ironing,False,0.0001912377,0.0002436336,0.0015492796,0.00073882885,0.0001514755,4.171643e-05,4.6518733e-05,0.0009334267,0.0007707416,0.008078389,0.98718166,7.3031486e-05,0.98718166
pamap2,gnn_flatten_lstm,sequence,7,107,107,108,1777,24194,24194,7,10,12,17,ascending_stairs,ironing,False,0.002585796,0.0027158048,0.010751102,0.010470587,0.0019941656,0.000267501,0.0006777493,0.019800859,0.00914416,0.052347943,0.8883467,0.0008976475,0.8883467
pamap2,gnn_flatten_lstm,sequence,7,107,107,108,1778,24195,24195,7,10,12,17,ascending_stairs,ironing,False,0.012566267,0.011936856,0.022828722,0.056622904,0.012329364,0.0010089073,0.0042481525,0.123138,0.03398417,0.12297056,0.59403074,0.0043354323,0.59403074
pamap2,gnn_flatten_lstm,sequence,7,107,107,108,1779,24196,24196,7,7,12,12,ascending_stairs,ascending_stairs,True,0.03258154,0.035865415,0.029129583,0.13296174,0.038071387,0.0025354566,0.013009903,0.3426603,0.05854381,0.1310295,0.17154503,0.012066306,0.3426603
pamap2,gnn_flatten_lstm,sequence,7,107,107,108,1780,24197,24197,7,7,12,12,ascending_stairs,ascending_stairs,True,0.0318402,0.04386811,0.020916121,0.2117761,0.039327957,0.0028909068,0.017386042,0.4421021,0.06320248,0.07974762,0.030508285,0.016434083,0.4421021
pamap2,gnn_flatten_lstm,sequence,7,107,107,108,1781,24198,24198,7,7,12,12,ascending_stairs,ascending_stairs,True,0.005809118,0.013065214,0.0010492489,0.084698886,0.01751785,0.00064641115,0.0012853706,0.749005,0.10128637,0.012978434,0.0018219574,0.010836175,0.749005
pamap2,gnn_flatten_lstm,sequence,7,107,107,108,1782,24199,24199,7,7,12,12,ascending_stairs,ascending_stairs,True,0.0017717578,0.0038887004,0.00011635274,0.011368405,0.0054977685,0.0001616663,5.7783975e-05,0.8769651,0.09283358,0.0016753044,0.0001125559,0.005551019,0.8769651
pamap2,gnn_flatten_lstm,sequence,7,107,107,108,1783,24200,24200,7,7,12,12,ascending_stairs,ascending_stairs,True,0.00052574876,0.00052547053,5.184321e-06,0.0008040984,0.0009460197,4.1523388e-05,1.6978961e-06,0.9802419,0.015631806,0.0001766422,5.3555764e-06,0.0010945717,0.9802419
pamap2,gnn_flatten_lstm,sequence,7,107,107,108,1784,24201,24201,7,7,12,12,ascending_stairs,ascending_stairs,True,0.00024321476,0.00015600979,8.814368e-07,0.00010656714,0.00018960524,2.2632013e-05,1.4516554e-07,0.99523526,0.0037469447,4.454606e-05,7.233187e-07,0.00025351834,0.99523526
pamap2,gnn_flatten_lstm,sequence,7,107,107,108,1785,24202,24202,7,7,12,12,ascending_stairs,ascending_stairs,True,7.5045085e-05,3.2344004e-05,6.471077e-08,1.2893264e-05,2.9325227e-05,7.830459e-06,9.021992e-09,0.99940395,0.00039556564,9.487849e-06,8.589806e-08,3.336492e-05,0.99940395
pamap2,gnn_flatten_lstm,sequence,7,107,107,108,1786,24203,24203,7,7,12,12,ascending_stairs,ascending_stairs,True,2.8155098e-05,9.075762e-06,7.998526e-09,3.1932045e-06,5.9811805e-06,3.2727596e-06,1.383028e-09,0.999859,8.0892314e-05,3.6013441e-06,1.4241303e-08,6.802023e-06,0.999859
pamap2,gnn_flatten_lstm,sequence,7,107,107,108,1787,24204,24204,7,7,12,12,ascending_stairs,ascending_stairs,True,1.3959192e-05,3.289806e-06,1.7864943e-09,1.1872115e-06,1.7692099e-06,1.835406e-06,4.3590784e-10,0.999949,2.4613102e-05,2.3590017e-06,4.2627017e-09,2.0459527e-06,0.999949
pamap2,gnn_flatten_lstm,sequence,7,107,107,108,1788,24205,24205,7,7,12,12,ascending_stairs,ascending_stairs,True,6.3018388e-06,1.2873644e-06,5.5457233e-10,5.929898e-07,7.8166045e-07,1.1536008e-06,1.9181927e-10,0.99997365,1.34579295e-05,1.8368803e-06,1.8433302e-09,9.436911e-07,0.99997365
pamap2,gnn_flatten_lstm,sequence,7,107,107,108,1789,24206,24206,7,7,12,12,ascending_stairs,ascending_stairs,True,3.2135408e-06,5.743485e-07,2.1186614e-10,3.4799936e-07,3.9718824e-07,7.329444e-07,9.802791e-11,0.9999846,8.016467e-06,1.5108476e-06,9.2817387e-10,4.885793e-07,0.9999846
pamap2,gnn_flatten_lstm,sequence,7,107,107,108,1790,24207,24207,7,7,12,12,ascending_stairs,ascending_stairs,True,1.2259583e-06,2.4914692e-07,9.053884e-11,3.9027123e-07,2.1007102e-07,2.907236e-07,7.0940157e-11,0.99998856,7.4946574e-06,1.2799699e-06,4.926684e-10,3.084992e-07,0.99998856
pamap2,gnn_flatten_lstm,sequence,7,107,107,108,1791,24208,24208,7,7,12,12,ascending_stairs,ascending_stairs,True,8.852643e-07,2.3078462e-07,1.0271615e-10,6.404781e-07,1.9705747e-07,2.1468433e-07,9.350521e-11,0.9999869,9.242754e-06,1.3929845e-06,6.826601e-10,3.053923e-07,0.9999869
pamap2,gnn_flatten_lstm,sequence,7,107,107,108,1792,24209,24209,7,7,12,12,ascending_stairs,ascending_stairs,True,1.0814903e-06,3.131287e-07,2.1753022e-10,1.1179028e-06,2.3108709e-07,3.0151512e-07,1.9938294e-10,0.9999796,1.4147952e-05,2.7422952e-06,1.6332561e-09,4.1816062e-07,0.9999796
pamap2,gnn_flatten_lstm,sequence,7,107,107,108,1793,24210,24210,7,7,12,12,ascending_stairs,ascending_stairs,True,9.858281e-07,2.5372984e-07,1.1940322e-10,5.837286e-07,2.1438468e-07,3.270984e-07,1.2145115e-10,0.9999882,7.3072374e-06,1.8872196e-06,1.0951838e-09,2.9613452e-07,0.9999882
pamap2,gnn_flatten_lstm,sequence,7,107,107,108,1794,24211,24211,7,7,12,12,ascending_stairs,ascending_stairs,True,7.8293345e-07,1.7582998e-07,5.1895918e-11,3.214593e-07,1.7462511e-07,2.5028973e-07,5.6418505e-11,0.9999931,3.9034244e-06,1.0668132e-06,6.179309e-10,1.9609641e-07,0.9999931
pamap2,gnn_flatten_lstm,sequence,7,107,107,108,1795,24212,24212,7,7,12,12,ascending_stairs,ascending_stairs,True,7.3656287e-07,1.5229637e-07,3.8461352e-11,2.6039746e-07,1.6260375e-07,2.2933672e-07,4.333144e-11,0.99999416,3.1083734e-06,8.897125e-07,5.0305465e-10,1.7043018e-07,0.99999416
pamap2,gnn_flatten_lstm,sequence,7,107,107,108,1796,24213,24213,7,7,12,12,ascending_stairs,ascending_stairs,True,7.202875e-07,1.4532048e-07,3.349948e-11,2.5772442e-07,1.6339582e-07,2.0617364e-07,3.9772515e-11,0.99999464,2.8708264e-06,7.8625544e-07,4.5793186e-10,1.6406946e-07,0.99999464
pamap2,gnn_flatten_lstm,sequence,7,107,107,108,1797,24214,24214,7,7,12,12,ascending_stairs,ascending_stairs,True,6.506233e-07,1.4538384e-07,3.108726e-11,2.9599897e-07,1.8701529e-07,1.964636e-07,4.358735e-11,0.99999475,2.8815216e-06,7.3405425e-07,5.16941e-10,1.6816912e-07,0.99999475
pamap2,gnn_flatten_lstm,sequence,7,107,107,108,1798,24215,24215,7,7,12,12,ascending_stairs,ascending_stairs,True,7.281968e-07,2.133665e-07,3.4735003e-11,4.779144e-07,3.1680258e-07,2.6690327e-07,7.064362e-11,0.99999404,3.0601882e-06,7.2300963e-07,9.824808e-10,2.0347072e-07,0.99999404
pamap2,gnn_flatten_lstm,sequence,7,107,107,108,1799,24216,24216,7,7,12,12,ascending_stairs,ascending_stairs,True,1.0281431e-06,4.2182836e-07,5.687982e-11,8.4730493e-07,5.772467e-07,4.1182574e-07,1.1368551e-10,0.99999213,3.6130493e-06,7.366463e-07,2.4048192e-09,2.6002672e-07,0.99999213
pamap2,gnn_flatten_lstm,sequence,7,107,107,108,1800,24217,24217,7,7,12,12,ascending_stairs,ascending_stairs,True,7.2598414e-07,1.6369253e-07,3.0832174e-11,2.8740035e-07,2.041228e-07,2.0794658e-07,3.9499837e-11,0.999995,2.6046612e-06,6.129278e-07,5.4708066e-10,1.6864955e-07,0.999995
pamap2,gnn_flatten_lstm,sequence,7,107,107,108,1801,24218,24218,7,7,12,12,ascending_stairs,ascending_stairs,True,8.277493e-07,2.1128803e-07,6.772988e-11,4.1135291e-07,2.1499761e-07,2.0540526e-07,5.78888e-11,0.99999166,5.56685e-06,8.3317843e-07,5.5923266e-10,2.2729832e-07,0.99999166
pamap2,gnn_flatten_lstm,sequence,7,107,107,108,1802,24219,24219,7,7,12,12,ascending_stairs,ascending_stairs,True,9.1481826e-07,2.818668e-07,1.2155114e-10,6.9642243e-07,2.5465536e-07,2.2078471e-07,9.538949e-11,0.99998724,9.064824e-06,1.0898156e-06,8.806975e-10,3.0912784e-07,0.99998724
pamap2,gnn_flatten_lstm,sequence,7,107,107,108,1803,24220,24220,7,7,12,12,ascending_stairs,ascending_stairs,True,8.393183e-07,3.387429e-07,1.871052e-10,1.847123e-06,3.0807118e-07,2.487443e-07,2.9315095e-10,0.9999763,1.7621884e-05,2.0819102e-06,1.7889437e-09,4.9763827e-07,0.9999763
pamap2,gnn_flatten_lstm,sequence,7,107,107,108,1804,24221,24221,7,7,12,12,ascending_stairs,ascending_stairs,True,8.3350784e-07,6.0305877e-07,4.5153423e-10,1.0256395e-05,4.3535894e-07,3.5237485e-07,1.875245e-09,0.9999101,6.8740315e-05,7.3657793e-06,5.345338e-09,1.2582976e-06,0.9999101
pamap2,gnn_flatten_lstm,sequence,7,107,107,108,1805,24222,24222,7,7,12,12,ascending_stairs,ascending_stairs,True,1.0132918e-06,1.0819639e-06,1.063211e-09,5.5088516e-05,6.446276e-07,4.1893787e-07,7.752983e-09,0.99965274,0.0002654507,2.008218e-05,1.3659148e-08,3.394528e-06,0.99965274
pamap2,gnn_flatten_lstm,sequence,7,107,107,108,1806,24223,24223,7,7,12,12,ascending_stairs,ascending_stairs,True,1.4723079e-06,2.9998866e-06,4.289558e-09,0.0007664963,1.5054054e-06,6.687788e-07,7.8635374e-08,0.99759585,0.0015422021,7.673988e-05,7.1140796e-08,1.2009621e-05,0.99759585
pamap2,gnn_flatten_lstm,sequence,7,107,107,108,1807,24224,24224,7,7,12,12,ascending_stairs,ascending_stairs,True,5.6312356e-06,2.4361707e-05,1.4408073e-07,0.1456536,7.3265305e-06,1.5998822e-06,8.436405e-06,0.83664954,0.016809983,0.00078944315,2.6992154e-06,4.720866e-05,0.83664954
pamap2,gnn_flatten_lstm,sequence,7,107,107,108,1808,24225,24225,7,3,12,4,ascending_stairs,walking,False,1.1652194e-06,9.936134e-06,1.5529666e-07,0.9963981,7.878188e-07,4.6808335e-08,1.6162981e-05,0.0033893853,0.00016582887,1.5647616e-05,1.9911422e-06,7.396167e-07,0.9963981
pamap2,gnn_flatten_lstm,sequence,7,107,107,108,1809,24226,24226,7,3,12,4,ascending_stairs,walking,False,6.140831e-07,1.354382e-05,1.7133064e-07,0.99949586,3.780021e-07,1.9394529e-08,6.2861177e-06,0.0004616294,1.7756387e-05,1.7022974e-06,1.963822e-06,1.5701654e-07,0.99949586
pamap2,gnn_flatten_lstm,sequence,7,107,107,108,1810,24227,24227,7,3,12,4,ascending_stairs,walking,False,8.3480245e-06,0.0001649749,7.555601e-07,0.989581,5.6637887e-06,5.677793e-07,1.6634263e-05,0.010143417,5.712641e-05,7.667915e-06,1.2875237e-05,9.5002923e-07,0.989581
pamap2,gnn_flatten_lstm,sequence,7,107,107,108,1811,24228,24228,7,7,12,12,ascending_stairs,ascending_stairs,True,0.00015699993,0.0025208746,1.7073479e-06,0.41460466,0.00019347561,4.4040517e-05,3.1177355e-05,0.581864,0.00046095278,5.528287e-05,5.193994e-05,1.4839405e-05,0.581864
pamap2,gnn_flatten_lstm,sequence,7,107,107,108,1812,24229,24229,7,7,12,12,ascending_stairs,ascending_stairs,True,4.296614e-05,0.00026493266,5.4051196e-08,0.002061306,5.0959126e-05,3.401833e-05,4.7523503e-07,0.9974583,6.629136e-05,1.35104865e-05,2.4246174e-06,4.791974e-06,0.9974583
pamap2,gnn_flatten_lstm,sequence,7,107,107,108,1813,24230,24230,7,7,12,12,ascending_stairs,ascending_stairs,True,7.668058e-06,1.2459169e-05,1.3806938e-09,2.1548054e-05,7.3649444e-06,6.6223743e-06,8.50949e-09,0.99992836,1.1615238e-05,3.4958516e-06,7.662595e-08,8.9993154e-07,0.99992836
pamap2,gnn_flatten_lstm,sequence,7,107,107,108,1814,24231,24231,7,7,12,12,ascending_stairs,ascending_stairs,True,2.9276532e-06,1.8430841e-06,2.0883181e-10,2.0788757e-06,2.06705e-06,1.864888e-06,6.949393e-10,0.9999826,4.506468e-06,1.7126725e-06,1.1641624e-08,4.1478268e-07,0.9999826
pamap2,gnn_flatten_lstm,sequence,7,107,107,108,1815,24232,24232,7,7,12,12,ascending_stairs,ascending_stairs,True,1.4497235e-06,6.046511e-07,8.418287e-11,5.2284594e-07,7.47314e-07,1.0089044e-06,1.5230642e-10,0.9999912,3.092124e-06,1.1663973e-06,3.0081118e-09,2.616578e-07,0.9999912
pamap2,gnn_flatten_lstm,sequence,7,107,107,108,1816,24233,24233,7,7,12,12,ascending_stairs,ascending_stairs,True,1.2406566e-06,4.0681758e-07,7.8255506e-11,3.1173704e-07,4.2464822e-07,7.6817196e-07,9.064406e-11,0.9999924,3.0871242e-06,1.1037903e-06,1.6103862e-09,2.3037971e-07,0.9999924
pamap2,gnn_flatten_lstm,sequence,7,107,107,108,1817,24234,24234,7,7,12,12,ascending_stairs,ascending_stairs,True,1.9528475e-06,5.559626e-07,1.4053778e-10,2.6528738e-07,4.1534807e-07,1.1195165e-06,9.668595e-11,0.9999906,3.4855696e-06,1.3201347e-06,1.7234894e-09,2.8090406e-07,0.9999906
pamap2,gnn_flatten_lstm,sequence,7,107,107,108,1818,24235,24235,7,7,12,12,ascending_stairs,ascending_stairs,True,1.9147456e-06,5.503733e-07,1.3863471e-10,2.765021e-07,4.1922016e-07,1.0949416e-06,1.0009415e-10,0.9999906,3.4580423e-06,1.3235117e-06,1.7630016e-09,2.8103162e-07,0.9999906
pamap2,gnn_flatten_lstm,sequence,7,107,107,108,1819,24236,24236,7,7,12,12,ascending_stairs,ascending_stairs,True,1.8692228e-06,5.950723e-07,1.4255207e-10,2.5360492e-07,4.3466764e-07,1.2692321e-06,9.7072725e-11,0.9999908,3.3427473e-06,1.2623032e-06,1.8720514e-09,2.6702668e-07,0.9999908
pamap2,gnn_flatten_lstm,sequence,7,107,107,108,1820,24237,24237,7,7,12,12,ascending_stairs,ascending_stairs,True,1.7503065e-06,5.926484e-07,1.3633869e-10,2.5358221e-07,4.4793254e-07,1.2796677e-06,9.832608e-11,0.99999094,3.3007077e-06,1.237711e-06,1.8763266e-09,2.604145e-07,0.99999094
pamap2,gnn_flatten_lstm,sequence,7,107,107,108,1821,24238,24238,7,7,12,12,ascending_stairs,ascending_stairs,True,1.2955239e-06,5.1932005e-07,1.3939934e-10,3.3313847e-07,4.1386707e-07,8.9799454e-07,1.0475895e-10,0.99999,5.2577166e-06,1.1115962e-06,1.4905055e-09,3.066382e-07,0.99999
pamap2,gnn_flatten_lstm,sequence,7,107,107,108,1822,24239,24239,7,7,12,12,ascending_stairs,ascending_stairs,True,9.983205e-07,4.826053e-07,1.6901638e-10,5.011715e-07,3.8845937e-07,6.25995e-07,1.3770818e-10,0.99998724,8.151743e-06,1.3134945e-06,1.545917e-09,3.2001796e-07,0.99998724
pamap2,gnn_flatten_lstm,sequence,7,107,107,108,1823,24240,24240,7,7,12,12,ascending_stairs,ascending_stairs,True,9.0654964e-07,4.1464673e-07,2.3425384e-10,1.3254555e-06,3.4135962e-07,4.1800246e-07,2.8626043e-10,0.999979,1.49005e-05,2.2931497e-06,2.1379978e-09,4.877381e-07,0.999979
pamap2,gnn_flatten_lstm,sequence,7,107,107,108,1824,24241,24241,7,7,12,12,ascending_stairs,ascending_stairs,True,9.302704e-07,6.784812e-07,5.7061555e-10,9.3876415e-06,4.5125054e-07,4.5092057e-07,1.7031535e-09,0.99992,5.9550308e-05,7.1785603e-06,6.581718e-09,1.2826093e-06,0.99992
pamap2,gnn_flatten_lstm,sequence,7,107,107,108,1825,24242,24242,7,7,12,12,ascending_stairs,ascending_stairs,True,1.3411361e-06,1.8819347e-06,2.1433062e-09,9.716646e-05,9.4251345e-07,6.9506e-07,1.4541341e-08,0.9996131,0.00025768596,2.2879894e-05,3.1972483e-08,4.1925714e-06,0.9996131
pamap2,gnn_flatten_lstm,sequence,7,107,107,108,1826,24243,24243,7,7,12,12,ascending_stairs,ascending_stairs,True,2.53433e-06,5.6849867e-06,9.94217e-09,0.0027810864,3.165433e-06,1.2993811e-06,3.4513775e-07,0.9956462,0.0014438719,9.856065e-05,2.3598628e-07,1.705954e-05,0.9956462
pamap2,gnn_flatten_lstm,sequence,7,107,107,108,1827,24244,24244,7,7,12,12,ascending_stairs,ascending_stairs,True,3.3063127e-06,3.6431961e-06,3.7035177e-09,0.00057565485,3.2583641e-06,1.3513704e-06,1.2212499e-07,0.9991665,0.00020148137,3.9703817e-05,1.7210068e-07,4.919415e-06,0.9991665
pamap2,gnn_flatten_lstm,sequence,7,107,107,108,1828,24245,24245,7,7,12,12,ascending_stairs,ascending_stairs,True,9.6216345e-06,8.750895e-06,9.179402e-09,0.001648825,6.4533174e-06,2.789466e-06,3.8913547e-07,0.99819547,9.288688e-05,3.077678e-05,4.5873017e-07,3.5120256e-06,0.99819547
pamap2,gnn_flatten_lstm,sequence,7,107,107,108,1829,24246,24246,7,3,12,4,ascending_stairs,walking,False,9.226429e-05,0.00080208544,1.1952633e-06,0.59181744,7.796032e-05,1.9704956e-05,3.6511126e-05,0.40675312,0.00030387734,4.803349e-05,3.7081707e-05,1.0810561e-05,0.59181744
pamap2,gnn_flatten_lstm,sequence,7,107,107,108,1830,24247,24247,7,7,12,12,ascending_stairs,ascending_stairs,True,0.00018750833,0.0027653745,1.9082456e-06,0.42399004,0.00026335387,7.288714e-05,4.205831e-05,0.5721474,0.00037754688,5.1463732e-05,8.38298e-05,1.6576321e-05,0.5721474
pamap2,gnn_flatten_lstm,sequence,7,107,107,108,1831,24248,24248,7,7,12,12,ascending_stairs,ascending_stairs,True,8.038575e-05,0.0005970262,1.1658177e-07,0.0052371724,0.00011944134,8.530416e-05,1.3621896e-06,0.9937635,8.090759e-05,1.8588185e-05,8.452734e-06,7.646859e-06,0.9937635
pamap2,gnn_flatten_lstm,sequence,7,107,107,108,1832,24249,24249,7,7,12,12,ascending_stairs,ascending_stairs,True,1.439991e-05,3.784786e-05,3.570128e-09,5.399063e-05,2.325135e-05,2.5212135e-05,3.1479672e-08,0.9998209,1.6713142e-05,5.824485e-06,3.2769617e-07,1.5396847e-06,0.9998209
pamap2,gnn_flatten_lstm,sequence,7,107,107,108,1833,24250,24250,7,7,12,12,ascending_stairs,ascending_stairs,True,4.134939e-06,3.842601e-06,3.2518865e-10,3.0246958e-06,5.804993e-06,5.347514e-06,2.0429132e-09,0.99996865,5.8782734e-06,2.749755e-06,2.5890893e-08,5.3199113e-07,0.99996865
pamap2,gnn_flatten_lstm,sequence,7,107,107,108,1834,24251,24251,7,7,12,12,ascending_stairs,ascending_stairs,True,1.5048267e-06,9.1182835e-07,1.1923688e-10,1.1278685e-06,1.4238814e-06,1.2943563e-06,3.736004e-10,0.9999865,5.3759586e-06,1.3755388e-06,5.093208e-09,3.64224e-07,0.9999865
pamap2,gnn_flatten_lstm,sequence,7,107,107,108,1835,24252,24252,7,7,12,12,ascending_stairs,ascending_stairs,True,1.0576471e-06,5.168728e-07,1.2828909e-10,9.807175e-07,6.6512996e-07,7.735957e-07,2.5677463e-10,0.9999871,6.9952257e-06,1.4547545e-06,3.1218195e-09,3.988655e-07,0.9999871
pamap2,gnn_flatten_lstm,sequence,7,107,107,108,1836,24253,24253,7,7,12,12,ascending_stairs,ascending_stairs,True,1.3643016e-06,6.42148e-07,3.0219635e-10,9.2977064e-07,4.9341753e-07,8.874658e-07,2.6370048e-10,0.9999815,1.1585852e-05,2.039917e-06,3.0832963e-09,5.16724e-07,0.9999815
pamap2,gnn_flatten_lstm,sequence,7,107,107,108,1837,24254,24254,7,7,12,12,ascending_stairs,ascending_stairs,True,1.1869294e-06,4.805146e-07,3.2699174e-10,1.5535376e-06,3.7320723e-07,5.3636927e-07,3.6514416e-10,0.9999764,1.5962387e-05,2.8926968e-06,2.9156968e-09,5.620454e-07,0.9999764
pamap2,gnn_flatten_lstm,sequence,7,107,107,108,1838,24255,24255,7,7,12,12,ascending_stairs,ascending_stairs,True,1.1381132e-06,5.906492e-07,5.5963284e-10,5.2605146e-06,3.7156408e-07,4.5955784e-07,1.066027e-09,0.9999441,4.07049e-05,6.5158906e-06,4.8739874e-09,9.612488e-07,0.9999441
pamap2,gnn_flatten_lstm,sequence,7,107,107,108,1839,24256,24256,7,7,12,12,ascending_stairs,ascending_stairs,True,1.02942e-06,6.342012e-07,5.788596e-10,1.6031587e-05,3.8841625e-07,3.643617e-07,2.3428415e-09,0.9998715,9.689746e-05,1.1431622e-05,6.130164e-09,1.7260188e-06,0.9998715
pamap2,gnn_flatten_lstm,sequence,7,107,107,108,1840,24257,24257,7,7,12,12,ascending_stairs,ascending_stairs,True,7.441076e-07,3.628733e-07,2.0587165e-10,3.6610406e-06,4.045531e-07,3.2475242e-07,7.352607e-10,0.99996185,2.7513219e-05,4.382954e-06,3.1176886e-09,7.814403e-07,0.99996185
pamap2,gnn_flatten_lstm,sequence,7,107,107,108,1841,24258,24258,7,7,12,12,ascending_stairs,ascending_stairs,True,1.0887378e-06,6.523652e-07,2.2838174e-10,8.735744e-06,1.3427025e-06,4.671675e-07,1.6592128e-09,0.99995434,2.8887223e-05,3.405138e-06,9.032127e-09,1.0331071e-06,0.99995434
pamap2,gnn_flatten_lstm,sequence,7,107,107,108,1842,24259,24259,7,7,12,12,ascending_stairs,ascending_stairs,True,4.3628177e-05,0.00036338094,3.4582737e-07,0.36490685,0.00011743322,8.8636525e-06,2.1402317e-05,0.6331889,0.001282559,3.6437763e-05,1.10000765e-05,1.9247625e-05,0.6331889
pamap2,gnn_flatten_lstm,sequence,7,107,107,108,1843,24260,24260,7,3,12,4,ascending_stairs,walking,False,9.3902396e-05,0.0023637642,1.1903838e-06,0.5223655,0.00030696206,4.0690207e-05,3.2937074e-05,0.47381034,0.00088755775,2.9989375e-05,4.6967838e-05,2.016385e-05,0.5223655
pamap2,gnn_flatten_lstm,sequence,7,107,107,108,1844,24261,24261,7,7,12,12,ascending_stairs,ascending_stairs,True,2.8956405e-05,0.00032235455,4.234273e-08,0.0029258588,0.000106882406,3.6258734e-05,6.6427606e-07,0.99640286,0.00015699299,1.0621506e-05,2.568998e-06,5.9371946e-06,0.99640286
pamap2,gnn_flatten_lstm,sequence,7,107,107,108,1845,24262,24262,7,7,12,12,ascending_stairs,ascending_stairs,True,3.8228927e-06,5.6244835e-06,6.191606e-10,9.321529e-06,7.964782e-06,4.74784e-06,4.426354e-09,0.9999498,1.4554406e-05,3.3155827e-06,5.01835e-08,7.6572275e-07,0.9999498
pamap2,gnn_flatten_lstm,sequence,7,107,107,108,1846,24263,24263,7,7,12,12,ascending_stairs,ascending_stairs,True,1.6784196e-06,9.551625e-07,1.1327829e-10,1.0301612e-06,1.9773051e-06,1.6630281e-06,4.5437626e-10,0.9999857,4.848014e-06,1.8371092e-06,6.5913466e-09,3.5106308e-07,0.9999857
pamap2,gnn_flatten_lstm,sequence,7,107,107,108,1847,24264,24264,7,7,12,12,ascending_stairs,ascending_stairs,True,9.300524e-07,4.578845e-07,8.1634366e-11,6.815183e-07,7.9266397e-07,7.383707e-07,2.2021486e-10,0.9999889,5.875691e-06,1.3031868e-06,2.0131121e-09,3.1445012e-07,0.9999889
pamap2,gnn_flatten_lstm,sequence,7,107,107,108,1848,24265,24265,7,7,12,12,ascending_stairs,ascending_stairs,True,7.783659e-07,4.068628e-07,1.2447839e-10,7.458465e-07,6.46168e-07,7.1675527e-07,2.7341365e-10,0.99998426,1.01826245e-05,1.905894e-06,2.0457993e-09,3.8787036e-07,0.99998426
pamap2,gnn_flatten_lstm,sequence,7,107,107,108,1849,24266,24266,7,7,12,12,ascending_stairs,ascending_stairs,True,1.0753307e-06,5.702483e-07,3.855541e-10,1.2979302e-06,6.1744385e-07,1.0561815e-06,6.555093e-10,0.9999641,2.5513616e-05,4.996488e-06,3.0122793e-09,7.472254e-07,0.9999641
pamap2,gnn_flatten_lstm,sequence,7,107,107,108,1850,24267,24267,7,7,12,12,ascending_stairs,ascending_stairs,True,1.0243982e-06,6.4675186e-07,6.677348e-10,5.2778523e-06,4.6942833e-07,7.3188454e-07,1.873448e-09,0.9999032,7.502947e-05,1.2229793e-05,4.0742614e-09,1.3879459e-06,0.9999032
pamap2,gnn_flatten_lstm,sequence,7,107,107,108,1851,24268,24268,7,7,12,12,ascending_stairs,ascending_stairs,True,1.3667577e-06,1.2037485e-06,1.7398343e-09,3.0989027e-05,5.674188e-07,8.249008e-07,7.103023e-09,0.9996487,0.00028222037,3.011921e-05,1.00614646e-08,3.969456e-06,0.9996487
pamap2,gnn_flatten_lstm,sequence,7,107,107,108,1852,24269,24269,7,7,12,12,ascending_stairs,ascending_stairs,True,1.2983877e-06,1.9688055e-06,3.2811012e-09,0.00011751018,1.0604998e-06,1.4285345e-06,2.7446085e-08,0.99847037,0.0013190635,7.654851e-05,2.3576257e-08,1.0695602e-05,0.99847037
pamap2,gnn_flatten_lstm,sequence,7,107,107,108,1853,24270,24270,7,7,12,12,ascending_stairs,ascending_stairs,True,9.899439e-07,7.2789516e-07,7.880565e-10,1.3342505e-05,7.45879e-07,8.344738e-07,4.2400248e-09,0.99981433,0.00014387594,2.294812e-05,8.629875e-09,2.1948167e-06,0.99981433
pamap2,gnn_flatten_lstm,sequence,7,107,107,108,1854,24271,24271,7,7,12,12,ascending_stairs,ascending_stairs,True,1.2994124e-06,1.0319902e-06,5.929739e-10,1.6427466e-05,2.0024163e-06,1.02525e-06,6.4129746e-09,0.9998759,8.78178e-05,1.2937435e-05,1.6776383e-08,1.4284406e-06,0.9998759
pamap2,gnn_flatten_lstm,sequence,7,107,107,108,1855,24272,24272,7,7,12,12,ascending_stairs,ascending_stairs,True,1.5858142e-05,8.37135e-05,3.2088767e-08,0.008839961,5.1135376e-05,1.0867982e-05,2.3482914e-06,0.99035454,0.000593284,4.0464918e-05,1.3370136e-06,6.4850956e-06,0.99035454
pamap2,gnn_flatten_lstm,sequence,7,107,107,108,1856,24273,24273,7,7,12,12,ascending_stairs,ascending_stairs,True,7.8847304e-05,0.0011135872,2.9050346e-07,0.034156375,0.00023320994,7.738335e-05,7.764899e-06,0.963837,0.00042725223,4.053393e-05,1.4034761e-05,1.37174675e-05,0.963837
pamap2,gnn_flatten_lstm,sequence,7,107,107,108,1857,24274,24274,7,7,12,12,ascending_stairs,ascending_stairs,True,1.39598515e-05,6.618231e-05,6.6621078e-09,0.00020983125,3.7771697e-05,2.343999e-05,1.1158575e-07,0.99959,4.7015976e-05,8.639561e-06,4.879651e-07,2.4712424e-06,0.99959
pamap2,gnn_flatten_lstm,sequence,7,107,107,108,1858,24275,24275,7,7,12,12,ascending_stairs,ascending_stairs,True,4.477219e-06,5.5872874e-06,5.5775073e-10,7.2480234e-06,7.64026e-06,5.763229e-06,4.217455e-09,0.99995506,9.923999e-06,3.5978626e-06,4.8395094e-08,7.087666e-07,0.99995506
pamap2,gnn_flatten_lstm,sequence,7,107,107,108,1859,24276,24276,7,7,12,12,ascending_stairs,ascending_stairs,True,2.0499026e-06,1.183687e-06,1.1232152e-10,1.1537114e-06,2.2130725e-06,1.8021929e-06,5.038935e-10,0.9999856,3.8568965e-06,1.7373158e-06,7.911834e-09,3.4620354e-07,0.9999856
pamap2,gnn_flatten_lstm,sequence,7,107,107,108,1860,24277,24277,7,7,12,12,ascending_stairs,ascending_stairs,True,1.1325163e-06,4.6777953e-07,7.471238e-11,7.704199e-07,7.112836e-07,7.253054e-07,1.782558e-10,0.99999046,4.338374e-06,1.0895427e-06,2.5597366e-09,3.198146e-07,0.99999046
pamap2,gnn_flatten_lstm,sequence,7,107,107,108,1861,24278,24278,7,7,12,12,ascending_stairs,ascending_stairs,True,9.741818e-07,4.234715e-07,1.10216204e-10,8.674978e-07,5.0527115e-07,6.0076644e-07,1.8217527e-10,0.9999888,6.2513236e-06,1.2240915e-06,2.4654392e-09,3.5981637e-07,0.9999888
pamap2,gnn_flatten_lstm,sequence,7,107,107,108,1862,24279,24279,7,7,12,12,ascending_stairs,ascending_stairs,True,1.0859864e-06,4.956139e-07,1.9793023e-10,1.2822455e-06,4.6390633e-07,6.2718897e-07,2.519937e-10,0.99998355,1.0378798e-05,1.6766625e-06,3.3367205e-09,5.1889094e-07,0.99998355
pamap2,gnn_flatten_lstm,sequence,7,107,107,108,1863,24280,24280,7,7,12,12,ascending_stairs,ascending_stairs,True,1.0462041e-06,5.401718e-07,2.787577e-10,4.069776e-06,4.8784545e-07,4.89023e-07,6.139449e-10,0.9999703,1.944005e-05,2.764629e-06,6.129144e-09,8.2928506e-07,0.9999703
pamap2,gnn_flatten_lstm,sequence,7,107,107,108,1864,24281,24281,7,7,12,12,ascending_stairs,ascending_stairs,True,1.5766722e-06,7.018025e-07,3.61717e-10,2.1927074e-06,6.2493405e-07,8.3060536e-07,5.5999894e-10,0.99997807,1.213907e-05,3.1791658e-06,7.563389e-09,7.0403877e-07,0.99997807
pamap2,gnn_flatten_lstm,sequence,7,107,107,108,1865,24282,24282,7,7,12,12,ascending_stairs,ascending_stairs,True,1.3670868e-06,5.0358784e-07,1.4634076e-10,1.0100581e-06,5.385445e-07,7.906954e-07,2.7315603e-10,0.9999877,5.6749623e-06,1.9532872e-06,3.879949e-09,4.3945167e-07,0.9999877
pamap2,gnn_flatten_lstm,sequence,7,107,107,108,1866,24283,24283,7,7,12,12,ascending_stairs,ascending_stairs,True,1.3506592e-06,4.842663e-07,1.0146869e-10,8.8963833e-07,5.9360485e-07,7.5956393e-07,2.2314775e-10,0.99999,4.173222e-06,1.5350918e-06,3.5722239e-09,3.503081e-07,0.99999
pamap2,gnn_flatten_lstm,sequence,7,107,107,108,1867,24284,24284,7,7,12,12,ascending_stairs,ascending_stairs,True,1.6548094e-06,6.567773e-07,1.1715534e-10,1.5107037e-06,1.0109378e-06,9.3445647e-07,3.6357903e-10,0.9999876,4.610909e-06,1.6196004e-06,6.9160695e-09,3.8795673e-07,0.9999876
pamap2,gnn_flatten_lstm,sequence,7,107,107,108,1868,24285,24285,7,7,12,12,ascending_stairs,ascending_stairs,True,5.8154787e-06,6.615927e-06,9.65225e-10,2.0400561e-05,6.032039e-06,5.7234947e-06,6.8345987e-09,0.9999385,1.2047942e-05,3.7302e-06,8.804372e-08,1.0453899e-06,0.9999385
pamap2,gnn_flatten_lstm,sequence,7,107,107,108,1869,24286,24286,7,7,12,12,ascending_stairs,ascending_stairs,True,7.701386e-06,1.8547255e-05,1.7619802e-09,1.6399003e-05,1.5432966e-05,1.9507774e-05,7.963578e-09,0.9999013,1.4276249e-05,5.244371e-06,2.4440732e-07,1.3298218e-06,0.9999013
pamap2,gnn_flatten_lstm,sequence,7,107,107,108,1870,24287,24287,7,7,12,12,ascending_stairs,ascending_stairs,True,3.854604e-06,4.2692827e-06,3.4153966e-10,1.6573924e-06,8.077274e-06,1.061852e-05,1.6325209e-09,0.9999604,6.7779692e-06,3.7101297e-06,3.4995097e-08,5.885368e-07,0.9999604
pamap2,gnn_flatten_lstm,sequence,7,107,107,108,1871,24288,24288,7,7,12,12,ascending_stairs,ascending_stairs,True,3.0212086e-06,2.3171083e-06,2.5783617e-10,7.49455e-07,4.0535024e-06,7.128108e-06,9.56838e-10,0.9999738,5.0272697e-06,3.423223e-06,1.2794638e-08,4.2016887e-07,0.9999738
pamap2,gnn_flatten_lstm,sequence,7,107,107,108,1872,24289,24289,7,7,12,12,ascending_stairs,ascending_stairs,True,2.2099723e-06,1.1132856e-06,2.2125594e-10,4.16266e-07,1.2648102e-06,3.2258845e-06,3.5143197e-10,0.9999846,4.220455e-06,2.5760135e-06,4.7746616e-09,3.3899136e-07,0.9999846
pamap2,gnn_flatten_lstm,sequence,7,107,107,108,1873,24290,24290,7,7,12,12,ascending_stairs,ascending_stairs,True,1.4847575e-06,5.7365463e-07,1.7611998e-10,3.712389e-07,5.744961e-07,1.3608122e-06,1.8514405e-10,0.999987,6.345235e-06,1.8787915e-06,1.7636075e-09,3.9706873e-07,0.999987
pamap2,gnn_flatten_lstm,sequence,7,107,107,108,1874,24291,24291,7,7,12,12,ascending_stairs,ascending_stairs,True,1.3345972e-06,5.439468e-07,2.150022e-10,5.7235667e-07,5.337567e-07,9.024052e-07,2.0434344e-10,0.999984,9.667063e-06,1.8491854e-06,1.9552522e-09,4.5511868e-07,0.999984
pamap2,gnn_flatten_lstm,sequence,7,107,107,108,1875,24292,24292,7,7,12,12,ascending_stairs,ascending_stairs,True,1.2066063e-06,4.4924653e-07,2.7395147e-10,1.2086748e-06,4.4098817e-07,5.7747803e-07,3.3895012e-10,0.9999771,1.566943e-05,2.7688088e-06,2.2407265e-09,5.9987315e-07,0.9999771
pamap2,gnn_flatten_lstm,sequence,7,107,107,108,1876,24293,24293,7,7,12,12,ascending_stairs,ascending_stairs,True,1.24981e-06,4.150684e-07,1.9285203e-10,8.0216853e-07,4.174331e-07,5.9139234e-07,2.43243e-10,0.99998546,8.285067e-06,2.3680614e-06,2.131147e-09,4.2328352e-07,0.99998546
pamap2,gnn_flatten_lstm,sequence,7,107,107,108,1877,24294,24294,7,7,12,12,ascending_stairs,ascending_stairs,True,1.2447264e-06,3.945885e-07,1.4228363e-10,5.816588e-07,3.9877176e-07,5.8739323e-07,1.8310814e-10,0.99998856,5.9387617e-06,1.8957543e-06,1.651518e-09,3.403941e-07,0.99998856
pamap2,gnn_flatten_lstm,sequence,7,107,107,108,1878,24295,24295,7,7,12,12,ascending_stairs,ascending_stairs,True,9.4014075e-07,3.0989366e-07,8.187159e-11,3.8073395e-07,3.636691e-07,5.2259384e-07,1.169832e-10,0.99999154,4.451674e-06,1.3606459e-06,1.1379462e-09,2.430839e-07,0.99999154
pamap2,gnn_flatten_lstm,sequence,7,107,107,108,1879,24296,24296,7,7,12,12,ascending_stairs,ascending_stairs,True,7.974042e-07,2.6720144e-07,5.4758652e-11,3.5876175e-07,3.777009e-07,4.4688284e-07,1.0266307e-10,0.9999927,3.692741e-06,1.1132756e-06,9.577089e-10,2.0635206e-07,0.9999927
pamap2,gnn_flatten_lstm,sequence,7,107,107,108,1880,24297,24297,7,7,12,12,ascending_stairs,ascending_stairs,True,9.542872e-07,2.9922435e-07,4.9820974e-11,4.9045394e-07,4.4961456e-07,4.6756213e-07,1.2420957e-10,0.99999297,3.095053e-06,1.049897e-06,1.2680448e-09,2.2910646e-07,0.99999297
pamap2,gnn_flatten_lstm,sequence,7,107,107,108,1881,24298,24298,7,7,12,12,ascending_stairs,ascending_stairs,True,1.6542207e-06,7.8462364e-07,8.3334346e-11,1.490743e-06,1.3286611e-06,8.8284185e-07,3.9300982e-10,0.99998856,3.851982e-06,1.2267747e-06,4.8457283e-09,3.1199818e-07,0.99998856
pamap2,gnn_flatten_lstm,sequence,7,107,107,108,1882,24299,24299,7,7,12,12,ascending_stairs,ascending_stairs,True,3.7136874e-06,3.1219047e-06,2.5988145e-10,3.7745735e-06,3.9877705e-06,2.9340702e-06,1.4927816e-09,0.9999747,5.2448268e-06,1.8942986e-06,1.9672656e-08,4.7637215e-07,0.9999747
pamap2,gnn_flatten_lstm,sequence,7,107,107,108,1883,24300,24300,7,7,12,12,ascending_stairs,ascending_stairs,True,1.7359228e-06,8.998251e-07,9.9028244e-11,7.500623e-07,1.4742101e-06,1.4550894e-06,3.0160302e-10,0.99998844,3.4644056e-06,1.4515773e-06,5.0158713e-09,2.8547183e-07,0.99998844
pamap2,gnn_flatten_lstm,sequence,7,107,107,108,1884,24301,24301,7,7,12,12,ascending_stairs,ascending_stairs,True,1.2511747e-06,4.831682e-07,8.195846e-11,3.872397e-07,6.2333237e-07,9.2861734e-07,1.4802568e-10,0.99999154,3.2163405e-06,1.2708814e-06,1.8324188e-09,2.4197323e-07,0.99999154
pamap2,gnn_flatten_lstm,sequence,7,107,107,108,1885,24302,24302,7,7,12,12,ascending_stairs,ascending_stairs,True,1.1134117e-06,3.4616815e-07,1.0165194e-10,3.6150598e-07,3.5153803e-07,5.6731653e-07,1.06495784e-10,0.9999901,5.5155137e-06,1.2701768e-06,9.1497127e-10,3.0769166e-07,0.9999901
pamap2,gnn_flatten_lstm,sequence,7,107,107,108,1886,24303,24303,7,7,12,12,ascending_stairs,ascending_stairs,True,1.0603848e-06,2.9658884e-07,1.3760137e-10,6.074904e-07,2.8339224e-07,3.6013353e-07,1.3783175e-10,0.9999858,9.497068e-06,1.7580213e-06,9.250661e-10,3.6540177e-07,0.9999858
pamap2,gnn_flatten_lstm,sequence,7,107,107,108,1887,24304,24304,7,7,12,12,ascending_stairs,ascending_stairs,True,1.0237532e-06,3.0474402e-07,2.2833947e-10,1.50026e-06,2.8346355e-07,2.73602e-07,2.7739383e-10,0.9999714,2.1765683e-05,2.7639808e-06,1.3788689e-09,5.9111505e-07,0.9999714
pamap2,gnn_flatten_lstm,sequence,7,107,107,108,1888,24305,24305,7,7,12,12,ascending_stairs,ascending_stairs,True,9.99933e-07,4.1621206e-07,3.967209e-10,6.6403927e-06,2.8416886e-07,2.382072e-07,8.5940755e-10,0.99991703,6.711339e-05,6.0527177e-06,2.3707019e-09,1.2324773e-06,0.99991703
pamap2,gnn_flatten_lstm,sequence,7,107,107,108,1889,24306,24306,7,7,12,12,ascending_stairs,ascending_stairs,True,1.0407861e-06,3.515476e-07,2.5774244e-10,1.8057202e-06,3.1528518e-07,2.7275667e-07,3.5257042e-10,0.9999707,2.1596059e-05,3.2631206e-06,1.8345873e-09,6.2986743e-07,0.9999707
pamap2,gnn_flatten_lstm,sequence,7,107,107,108,1890,24307,24307,7,7,12,12,ascending_stairs,ascending_stairs,True,9.867898e-07,3.3017187e-07,1.6649436e-10,9.106276e-07,3.5351027e-07,2.9501757e-07,2.0630643e-10,0.99998105,1.3386169e-05,2.196387e-06,1.2195639e-09,4.2941713e-07,0.99998105
pamap2,gnn_flatten_lstm,sequence,7,107,107,108,1891,24308,24308,7,7,12,12,ascending_stairs,ascending_stairs,True,8.025068e-07,2.3348154e-07,7.996174e-11,5.576148e-07,2.985844e-07,2.7457352e-07,1.2120713e-10,0.9999893,6.7227866e-06,1.5072899e-06,8.9657715e-10,2.7784296e-07,0.9999893
pamap2,gnn_flatten_lstm,sequence,7,107,107,108,1892,24309,24309,7,7,12,12,ascending_stairs,ascending_stairs,True,7.629744e-07,2.4433243e-07,5.61025e-11,6.047857e-07,3.891707e-07,3.328614e-07,1.339077e-10,0.99999154,4.719093e-06,1.182489e-06,1.1206482e-09,2.6070117e-07,0.99999154
pamap2,gnn_flatten_lstm,sequence,7,107,107,108,1893,24310,24310,7,7,12,12,ascending_stairs,ascending_stairs,True,1.8458718e-06,1.334417e-06,2.0903843e-10,4.3254868e-06,2.4473707e-06,1.280862e-06,1.1993271e-09,0.9999758,1.0280484e-05,2.127428e-06,1.4399264e-08,5.339672e-07,0.9999758
pamap2,gnn_flatten_lstm,sequence,7,107,107,108,1894,24311,24311,7,7,12,12,ascending_stairs,ascending_stairs,True,6.1558317e-06,1.4447545e-05,1.3182191e-09,2.4023655e-05,1.6039996e-05,1.1128078e-05,1.1204585e-08,0.9999038,1.8684714e-05,4.3380637e-06,1.5289118e-07,1.1892134e-06,0.9999038
pamap2,gnn_flatten_lstm,sequence,7,107,107,108,1895,24312,24312,7,7,12,12,ascending_stairs,ascending_stairs,True,2.7346387e-06,2.2809354e-06,2.0720156e-10,2.140102e-06,4.2537795e-06,3.2472622e-06,1.0951631e-09,0.999977,5.6345793e-06,2.2678953e-06,1.833631e-08,4.6099433e-07,0.999977
pamap2,gnn_flatten_lstm,sequence,7,107,107,108,1896,24313,24313,7,7,12,12,ascending_stairs,ascending_stairs,True,1.7563367e-06,8.9981654e-07,1.1400722e-10,7.2699925e-07,1.562382e-06,1.6960998e-06,3.066528e-10,0.9999875,3.777845e-06,1.6580426e-06,6.0309913e-09,3.1543965e-07,0.9999875
pamap2,gnn_flatten_lstm,sequence,7,107,107,108,1897,24314,24314,7,7,12,12,ascending_stairs,ascending_stairs,True,1.4094168e-06,5.403055e-07,9.9205796e-11,4.032305e-07,6.99302e-07,1.1575493e-06,1.5365148e-10,0.9999907,3.4181332e-06,1.407594e-06,2.5965237e-09,2.7799499e-07,0.9999907
pamap2,gnn_flatten_lstm,sequence,7,107,107,108,1898,24315,24315,7,7,12,12,ascending_stairs,ascending_stairs,True,1.4625892e-06,5.344521e-07,1.753387e-10,3.8890448e-07,5.12215e-07,1.1181105e-06,1.503105e-10,0.9999871,6.867716e-06,1.5712766e-06,1.7511053e-09,4.1284844e-07,0.9999871
pamap2,gnn_flatten_lstm,sequence,7,107,107,108,1899,24316,24316,7,7,12,12,ascending_stairs,ascending_stairs,True,1.3641519e-06,4.9001864e-07,2.4282784e-10,6.2891866e-07,4.4768097e-07,8.167713e-07,2.086339e-10,0.99998236,1.1228471e-05,2.1562053e-06,1.8382657e-09,5.115277e-07,0.99998236
pamap2,gnn_flatten_lstm,sequence,7,107,107,108,1900,24317,24317,7,7,12,12,ascending_stairs,ascending_stairs,True,1.4440124e-06,5.387936e-07,4.1263223e-10,1.166651e-06,4.183849e-07,7.500516e-07,3.43558e-10,0.9999722,1.9533472e-05,3.139686e-06,2.4587112e-09,7.5316535e-07,0.9999722
pamap2,gnn_flatten_lstm,sequence,7,107,107,108,1901,24318,24318,7,7,12,12,ascending_stairs,ascending_stairs,True,1.2207024e-06,5.6573856e-07,5.92576e-10,2.9081307e-06,3.863934e-07,6.168157e-07,6.9107586e-10,0.9999447,4.304159e-05,5.3573194e-06,3.5280765e-09,1.161859e-06,0.9999447
pamap2,gnn_flatten_lstm,sequence,7,107,107,108,1902,24319,24319,7,7,12,12,ascending_stairs,ascending_stairs,True,1.073838e-06,3.7954584e-07,2.2568308e-10,8.060013e-07,3.0242464e-07,5.4871026e-07,2.0051547e-10,0.9999827,1.1216787e-05,2.3519085e-06,1.8967494e-09,4.9259296e-07,0.9999827
pamap2,gnn_flatten_lstm,sequence,7,107,107,108,1903,24320,24320,7,7,12,12,ascending_stairs,ascending_stairs,True,9.600506e-07,3.0320538e-07,1.1148959e-10,4.776204e-07,2.7090374e-07,4.640633e-07,1.0655469e-10,0.99999,5.851116e-06,1.3720311e-06,1.2139932e-09,3.172106e-07,0.99999
pamap2,gnn_flatten_lstm,sequence,7,107,107,108,1904,24321,24321,7,7,12,12,ascending_stairs,ascending_stairs,True,8.0665205e-07,2.2972468e-07,6.397955e-11,4.089357e-07,2.4901965e-07,3.503852e-07,7.991017e-11,0.9999926,4.0481236e-06,1.0455801e-06,9.477344e-10,2.4511618e-07,0.9999926
pamap2,gnn_flatten_lstm,sequence,7,107,107,108,1905,24322,24322,7,7,12,12,ascending_stairs,ascending_stairs,True,8.1255e-07,2.5637902e-07,5.569676e-11,5.6792794e-07,3.682062e-07,3.8464594e-07,1.00589655e-10,0.9999925,3.9092406e-06,9.511167e-07,1.5927757e-09,2.532008e-07,0.9999925
pamap2,gnn_flatten_lstm,sequence,7,107,107,108,1906,24323,24323,7,7,12,12,ascending_stairs,ascending_stairs,True,1.9544611e-06,1.1748925e-06,2.0921007e-10,4.2831803e-06,1.6302499e-06,1.0705888e-06,7.043092e-10,0.9999802,7.7270215e-06,1.5018238e-06,1.6106593e-08,5.277204e-07,0.9999802
pamap2,gnn_flatten_lstm,sequence,7,107,107,108,1907,24324,24324,7,7,12,12,ascending_stairs,ascending_stairs,True,2.9788118e-06,4.4523135e-06,6.203931e-10,1.1953569e-05,4.111995e-06,2.8140225e-06,1.6767013e-09,0.99995863,1.2220479e-05,1.8797867e-06,6.5872506e-08,8.433344e-07,0.99995863
pamap2,gnn_flatten_lstm,sequence,7,107,107,108,1908,24325,24325,7,7,12,12,ascending_stairs,ascending_stairs,True,1.2758352e-06,6.4411665e-07,8.504545e-11,1.2029267e-06,1.1337345e-06,8.500945e-07,2.1572458e-10,0.9999889,4.6067044e-06,1.0680649e-06,6.1757635e-09,3.4587865e-07,0.9999889
pamap2,gnn_flatten_lstm,sequence,7,107,107,108,1909,24326,24326,7,7,12,12,ascending_stairs,ascending_stairs,True,8.51972e-07,3.224941e-07,7.008477e-11,8.255438e-07,4.961383e-07,4.162782e-07,1.3427401e-10,0.9999901,5.671421e-06,9.1545274e-07,1.9283535e-09,3.2457584e-07,0.9999901
pamap2,gnn_flatten_lstm,sequence,7,107,107,108,1910,24327,24327,7,7,12,12,ascending_stairs,ascending_stairs,True,7.2801095e-07,2.5551978e-07,1.12985475e-10,7.8465666e-07,2.9304096e-07,2.463629e-07,1.3386758e-10,0.9999857,1.0333379e-05,1.3465763e-06,1.0700438e-09,3.2162254e-07,0.9999857
pamap2,gnn_flatten_lstm,sequence,7,107,107,108,1911,24328,24328,7,7,12,12,ascending_stairs,ascending_stairs,True,9.0356326e-07,3.350276e-07,2.2606007e-10,9.280072e-07,2.7129218e-07,2.7023395e-07,1.809742e-10,0.9999771,1.776199e-05,2.0273253e-06,1.1439142e-09,4.2106723e-07,0.9999771
pamap2,gnn_flatten_lstm,sequence,7,107,107,108,1912,24329,24329,7,7,12,12,ascending_stairs,ascending_stairs,True,1.0477339e-06,4.751237e-07,5.051449e-10,1.7763654e-06,3.1044496e-07,3.5840424e-07,4.2801482e-10,0.9999598,3.162505e-05,3.9419488e-06,2.2047293e-09,6.1741537e-07,0.9999598
pamap2,gnn_flatten_lstm,sequence,7,107,107,108,1913,24330,24330,7,7,12,12,ascending_stairs,ascending_stairs,True,3.4259194e-06,2.6621485e-06,1.23177335e-08,1.2495547e-05,1.9103059e-06,2.2660297e-06,1.7009905e-08,0.999734,0.00020627656,3.4099263e-05,2.8935705e-08,2.8712143e-06,0.999734
pamap2,gnn_flatten_lstm,sequence,7,107,107,108,1914,24331,24331,7,7,12,12,ascending_stairs,ascending_stairs,True,1.3151695e-05,2.1417252e-05,3.3168237e-07,8.2532635e-05,1.8282633e-05,1.2302612e-05,4.2000215e-07,0.997874,0.001792329,0.00016926751,3.74703e-07,1.5591118e-05,0.997874
pamap2,gnn_flatten_lstm,sequence,7,107,107,108,1915,24332,24332,7,7,12,12,ascending_stairs,ascending_stairs,True,5.2065905e-05,0.00023552099,7.122856e-06,0.00075514993,0.00033769722,8.3813255e-05,1.6901662e-05,0.97485244,0.022766821,0.00076397165,3.9777515e-06,0.0001245486,0.97485244
pamap2,gnn_flatten_lstm,sequence,7,107,107,108,1916,24333,24333,8,7,13,12,descending_stairs,ascending_stairs,False,0.00015629172,0.0017090534,8.058654e-05,0.024505498,0.0037106897,0.00023467581,0.0009701371,0.7648293,0.1996527,0.0035389247,3.833938e-05,0.0005738274,0.7648293
pamap2,gnn_flatten_lstm,sequence,7,107,107,108,1917,24334,24334,8,3,13,4,descending_stairs,walking,False,7.767795e-05,0.00096307375,4.880569e-05,0.8633415,0.003777956,9.259846e-05,0.08016524,0.025400724,0.024512887,0.0013807208,0.0001056421,0.00013304176,0.8633415
pamap2,gnn_flatten_lstm,sequence,7,107,107,108,1918,24335,24335,8,3,13,4,descending_stairs,walking,False,0.00012887144,0.0014287868,0.000107815664,0.883496,0.004094775,0.00010602112,0.08656519,0.011415843,0.011285815,0.0010028658,0.00017851364,0.00018949618,0.883496
pamap2,gnn_flatten_lstm,sequence,7,107,107,108,1919,24336,24336,8,3,13,4,descending_stairs,walking,False,0.0008448132,0.0062921597,0.00049947,0.6229563,0.028732277,0.0007901818,0.2668372,0.039682887,0.02818626,0.0033714822,0.00058303925,0.0012239665,0.6229563
pamap2,gnn_flatten_lstm,sequence,7,107,107,108,1920,24337,24337,8,6,13,7,descending_stairs,nordic_walking,False,0.0071552764,0.028616844,0.0029164823,0.18228953,0.23207428,0.0062455903,0.3645857,0.095455125,0.05731432,0.006957762,0.0020621715,0.014326943,0.3645857
pamap2,gnn_flatten_lstm,sequence,7,107,107,108,1921,24338,24338,8,4,13,5,descending_stairs,running,False,0.03375617,0.07440619,0.012528957,0.106960885,0.30996084,0.009991953,0.11124236,0.18512952,0.07077789,0.015268786,0.0065991106,0.06337736,0.30996084
pamap2,gnn_flatten_lstm,sequence,7,107,107,108,1922,24339,24339,8,2,13,3,descending_stairs,standing,False,0.011668416,0.06435837,0.8412243,0.0036081125,0.0034224642,0.0007812115,0.008645435,0.004607931,0.015043664,0.013866303,0.031046612,0.0017272212,0.8412243
pamap2,gnn_flatten_lstm,sequence,7,107,107,108,1923,24340,24340,8,8,13,13,descending_stairs,descending_stairs,True,0.04950704,0.18116729,0.13544269,0.06041946,0.07483775,0.0062798737,0.035665724,0.14870863,0.20269729,0.041911732,0.031165428,0.03219716,0.20269729
pamap2,gnn_flatten_lstm,sequence,7,107,107,108,1924,24341,24341,8,8,13,13,descending_stairs,descending_stairs,True,0.011742219,0.1004865,0.016952377,0.11893701,0.029535389,0.0010128858,0.009885425,0.19869864,0.4755355,0.016217235,0.003271833,0.017725078,0.4755355
pamap2,gnn_flatten_lstm,sequence,7,107,107,108,1925,24342,24342,8,8,13,13,descending_stairs,descending_stairs,True,0.0026796854,0.047878545,0.00424244,0.17411792,0.008245087,0.00019679504,0.0029565196,0.13687313,0.610739,0.005725004,0.00067288463,0.005673002,0.610739
pamap2,gnn_flatten_lstm,sequence,7,107,107,108,1926,24343,24343,8,8,13,13,descending_stairs,descending_stairs,True,0.00016403598,0.0059954477,0.00017196627,0.05087703,0.0013520933,2.0460342e-05,0.00018112006,0.0762271,0.86293215,0.000671303,3.2642383e-05,0.0013746162,0.86293215
pamap2,gnn_flatten_lstm,sequence,7,107,107,108,1927,24344,24344,8,8,13,13,descending_stairs,descending_stairs,True,1.5253851e-06,0.00015515165,1.4677461e-06,0.004543164,0.0002134481,9.722753e-07,1.8633393e-05,0.0039411737,0.99088377,2.6191232e-05,4.739675e-07,0.0002139923,0.99088377
pamap2,gnn_flatten_lstm,sequence,7,107,107,108,1928,24345,24345,8,8,13,13,descending_stairs,descending_stairs,True,4.5929724e-08,8.879738e-06,4.2085148e-08,0.0005945392,7.3325005e-05,1.4326434e-07,3.8558633e-06,0.0004086193,0.9988439,2.3099278e-06,2.2239497e-08,6.43227e-05,0.9988439
pamap2,gnn_flatten_lstm,sequence,7,107,107,108,1929,24346,24346,8,8,13,13,descending_stairs,descending_stairs,True,3.8735783e-09,1.2823219e-06,4.368667e-09,0.0001434446,2.5907333e-05,3.103753e-08,1.1970841e-06,8.273956e-05,0.9997235,4.0190858e-07,2.5206717e-09,2.1537107e-05,0.9997235
pamap2,gnn_flatten_lstm,sequence,7,107,107,108,1930,24347,24347,8,8,13,13,descending_stairs,descending_stairs,True,7.890619e-10,3.883947e-07,1.1466778e-09,6.5496475e-05,1.1630394e-05,1.0520304e-08,5.9287663e-07,2.8195485e-05,0.9998838,1.3897632e-07,6.5330613e-10,9.6683425e-06,0.9998838
pamap2,gnn_flatten_lstm,sequence,7,107,107,108,1931,24348,24348,8,8,13,13,descending_stairs,descending_stairs,True,3.183805e-10,2.2884865e-07,6.750768e-10,5.1236235e-05,5.1927e-06,4.486959e-09,3.4381097e-07,1.3847055e-05,0.99992466,8.4677716e-08,3.1678976e-10,4.29568e-06,0.99992466
pamap2,gnn_flatten_lstm,sequence,7,107,107,108,1932,24349,24349,8,8,13,13,descending_stairs,descending_stairs,True,1.9352764e-10,1.7261189e-07,5.0620486e-10,4.9386676e-05,3.1593443e-06,3.1338085e-09,2.8971112e-07,9.114148e-06,0.9999349,7.6020434e-08,2.0995608e-10,2.8251363e-06,0.9999349
pamap2,gnn_flatten_lstm,sequence,7,107,107,108,1933,24350,24350,8,8,13,13,descending_stairs,descending_stairs,True,1.0300117e-10,1.0315882e-07,2.4103744e-10,3.5395653e-05,2.4439264e-06,2.3622229e-09,2.1645845e-07,5.46576e-06,0.9999541,4.530721e-08,1.14106974e-10,2.1801773e-06,0.9999541
pamap2,gnn_flatten_lstm,sequence,7,107,107,108,1934,24351,24351,8,8,13,13,descending_stairs,descending_stairs,True,6.153001e-11,6.5626885e-08,1.244378e-10,2.868368e-05,2.0224213e-06,1.9835111e-09,1.6956764e-07,3.885829e-06,0.9999633,2.8961447e-08,7.6494464e-11,1.8645887e-06,0.9999633
pamap2,gnn_flatten_lstm,sequence,7,107,107,108,1935,24352,24352,8,8,13,13,descending_stairs,descending_stairs,True,5.1507958e-11,5.751784e-08,9.6864294e-11,2.6572125e-05,2.0517325e-06,1.9626905e-09,1.675453e-07,3.3026759e-06,0.99996614,2.3104949e-08,7.226282e-11,1.7502364e-06,0.99996614
pamap2,gnn_flatten_lstm,sequence,7,107,107,108,1936,24353,24353,8,8,13,13,descending_stairs,descending_stairs,True,5.6480005e-11,6.0864295e-08,9.949942e-11,2.7100104e-05,2.3455477e-06,2.173235e-09,1.8342847e-07,3.4158422e-06,0.99996483,2.2862844e-08,8.195096e-11,1.9131537e-06,0.99996483
pamap2,gnn_flatten_lstm,sequence,7,107,107,108,1937,24354,24354,8,8,13,13,descending_stairs,descending_stairs,True,6.374858e-11,6.673736e-08,1.122287e-10,2.7893688e-05,2.4408055e-06,2.2500841e-09,1.8663124e-07,3.6441531e-06,0.99996376,2.5120483e-08,9.0260896e-11,2.0220211e-06,0.99996376
pamap2,gnn_flatten_lstm,sequence,7,107,107,108,1938,24355,24355,8,8,13,13,descending_stairs,descending_stairs,True,7.3370435e-11,7.6290384e-08,1.4418211e-10,3.094464e-05,2.3126338e-06,2.3412186e-09,1.9560815e-07,3.894046e-06,0.99996054,3.0214935e-08,1.0041756e-10,1.9829035e-06,0.99996054
pamap2,gnn_flatten_lstm,sequence,7,107,107,108,1939,24356,24356,8,8,13,13,descending_stairs,descending_stairs,True,8.0998354e-11,8.655494e-08,1.7940475e-10,3.8414953e-05,2.2493132e-06,2.497421e-09,2.4807218e-07,3.6823408e-06,0.99995327,3.4570785e-08,1.1338724e-10,2.0073132e-06,0.99995327
pamap2,gnn_flatten_lstm,sequence,7,107,107,108,1940,24357,24357,8,8,13,13,descending_stairs,descending_stairs,True,1.1586628e-10,1.219096e-07,3.2205685e-10,6.020549e-05,2.3771456e-06,3.1062908e-09,3.9761224e-07,3.729169e-06,0.999931,4.6794288e-08,1.8424316e-10,2.1455046e-06,0.999931
pamap2,gnn_flatten_lstm,sequence,7,107,107,108,1941,24358,24358,8,8,13,13,descending_stairs,descending_stairs,True,1.7198123e-10,1.5727234e-07,4.1428372e-10,5.724009e-05,2.968083e-06,3.8728065e-09,3.3500083e-07,6.109296e-06,0.9999305,6.5638254e-08,2.6921165e-10,2.586661e-06,0.9999305
pamap2,gnn_flatten_lstm,sequence,7,107,107,108,1942,24359,24359,8,8,13,13,descending_stairs,descending_stairs,True,9.246711e-11,9.3367184e-08,1.8459492e-10,3.653208e-05,2.5849042e-06,2.7680884e-09,2.4186608e-07,4.208742e-06,0.999954,3.6800504e-08,1.3132002e-10,2.237842e-06,0.999954
pamap2,gnn_flatten_lstm,sequence,7,107,107,108,1943,24360,24360,8,8,13,13,descending_stairs,descending_stairs,True,7.464613e-11,7.5797885e-08,1.306557e-10,3.1332078e-05,2.6108287e-06,2.555677e-09,2.1507724e-07,3.859776e-06,0.9999596,2.9276862e-08,1.06235486e-10,2.2333452e-06,0.9999596
pamap2,gnn_flatten_lstm,sequence,7,107,107,108,1944,24361,24361,8,8,13,13,descending_stairs,descending_stairs,True,7.02671e-11,7.177087e-08,1.182695e-10,2.9186482e-05,2.6708146e-06,2.507949e-09,2.0709503e-07,3.7476916e-06,0.99996185,2.6987944e-08,9.9657144e-11,2.2266702e-06,0.99996185
pamap2,gnn_flatten_lstm,sequence,7,107,107,108,1945,24362,24362,8,8,13,13,descending_stairs,descending_stairs,True,7.054978e-11,7.6103e-08,1.3062458e-10,2.953613e-05,2.5045206e-06,2.3085145e-09,2.0192125e-07,3.6962738e-06,0.99996185,2.7925957e-08,1.0125084e-10,2.005964e-06,0.99996185
pamap2,gnn_flatten_lstm,sequence,7,107,107,108,1946,24363,24363,8,8,13,13,descending_stairs,descending_stairs,True,9.609487e-11,9.921387e-08,2.0545153e-10,3.8343693e-05,2.4634633e-06,2.5674185e-09,2.3080614e-07,4.385693e-06,0.9999523,3.88293e-08,1.4205069e-10,2.0368755e-06,0.9999523
pamap2,gnn_flatten_lstm,sequence,7,107,107,108,1947,24364,24364,8,8,13,13,descending_stairs,descending_stairs,True,1.1040387e-10,1.1157172e-07,2.4740393e-10,4.536427e-05,2.4082456e-06,2.5729827e-09,2.4603912e-07,4.889255e-06,0.9999448,4.670033e-08,1.6769941e-10,2.104138e-06,0.9999448
pamap2,gnn_flatten_lstm,sequence,7,107,107,108,1948,24365,24365,8,8,13,13,descending_stairs,descending_stairs,True,1.0583402e-10,1.082091e-07,2.417635e-10,4.628885e-05,2.3700668e-06,2.6303426e-09,2.586436e-07,4.6216446e-06,0.9999442,4.5617192e-08,1.6650728e-10,2.079994e-06,0.9999442
pamap2,gnn_flatten_lstm,sequence,7,107,107,108,1949,24366,24366,8,8,13,13,descending_stairs,descending_stairs,True,7.520293e-11,8.081322e-08,1.5444063e-10,3.54223e-05,2.3066827e-06,2.2982034e-09,2.1705421e-07,3.9431034e-06,0.99995613,3.195717e-08,1.157369e-10,1.9089855e-06,0.99995613
pamap2,gnn_flatten_lstm,sequence,7,107,107,108,1950,24367,24367,8,8,13,13,descending_stairs,descending_stairs,True,6.210921e-11,6.6821926e-08,1.1287765e-10,2.99949e-05,2.4107658e-06,2.2223219e-09,1.9947706e-07,3.6337624e-06,0.99996173,2.5221444e-08,9.3649574e-11,1.9466086e-06,0.99996173
pamap2,gnn_flatten_lstm,sequence,7,107,107,108,1951,24368,24368,8,8,13,13,descending_stairs,descending_stairs,True,5.7102774e-11,6.3634225e-08,9.971284e-11,2.8127153e-05,2.5261454e-06,2.243048e-09,2.0094764e-07,3.40025e-06,0.99996364,2.2541702e-08,8.817705e-11,1.9545703e-06,0.99996364
pamap2,gnn_flatten_lstm,sequence,7,107,107,108,1952,24369,24369,8,8,13,13,descending_stairs,descending_stairs,True,6.133645e-11,6.5310346e-08,1.0160542e-10,2.7958606e-05,2.7072101e-06,2.3893652e-09,2.047738e-07,3.5338592e-06,0.9999634,2.3077535e-08,9.323731e-11,2.0633786e-06,0.9999634
pamap2,gnn_flatten_lstm,sequence,7,107,107,108,1953,24370,24370,8,8,13,13,descending_stairs,descending_stairs,True,6.3472554e-11,7.087372e-08,1.2053962e-10,3.012626e-05,2.432491e-06,2.3581446e-09,2.1334701e-07,3.3952601e-06,0.99996185,2.5662201e-08,9.68515e-11,1.915876e-06,0.99996185
pamap2,gnn_flatten_lstm,sequence,7,107,107,108,1954,24371,24371,8,8,13,13,descending_stairs,descending_stairs,True,8.846529e-11,9.389976e-08,1.9046988e-10,3.6883594e-05,2.4839662e-06,2.6703189e-09,2.4163992e-07,4.082449e-06,0.9999541,3.5805762e-08,1.334929e-10,2.0302564e-06,0.9999541
pamap2,gnn_flatten_lstm,sequence,7,107,107,108,1955,24372,24372,8,8,13,13,descending_stairs,descending_stairs,True,1.0084628e-10,1.0503746e-07,2.2873438e-10,4.396067e-05,2.4589165e-06,2.697985e-09,2.5411853e-07,4.56451e-06,0.9999465,4.14902e-08,1.5904947e-10,2.0604784e-06,0.9999465
pamap2,gnn_flatten_lstm,sequence,7,107,107,108,1956,24373,24373,8,8,13,13,descending_stairs,descending_stairs,True,6.4534e-11,7.1280304e-08,1.3254584e-10,3.3908233e-05,2.0865775e-06,2.1938444e-09,2.0733874e-07,3.4887692e-06,0.9999583,2.9436853e-08,9.736273e-11,1.7978111e-06,0.9999583
pamap2,gnn_flatten_lstm,sequence,7,107,107,108,1957,24374,24374,8,8,13,13,descending_stairs,descending_stairs,True,6.552697e-11,6.9276545e-08,1.1921979e-10,3.0245426e-05,2.4124854e-06,2.3473823e-09,2.0659094e-07,3.6004765e-06,0.9999614,2.6848692e-08,9.631024e-11,2.0339958e-06,0.9999614
pamap2,gnn_flatten_lstm,sequence,7,107,107,108,1958,24375,24375,8,8,13,13,descending_stairs,descending_stairs,True,6.4666626e-11,6.805577e-08,1.1038963e-10,2.8695182e-05,2.5999336e-06,2.4113347e-09,2.0648622e-07,3.5811877e-06,0.9999627,2.5235327e-08,9.492072e-11,2.1241037e-06,0.9999627
pamap2,gnn_flatten_lstm,sequence,7,107,107,108,1959,24376,24376,8,8,13,13,descending_stairs,descending_stairs,True,7.015634e-11,7.191296e-08,1.1680025e-10,2.92523e-05,2.7972549e-06,2.6216136e-09,2.1770535e-07,3.7081718e-06,0.99996173,2.6132877e-08,1.04112004e-10,2.2588251e-06,0.99996173
pamap2,gnn_flatten_lstm,sequence,7,107,107,108,1960,24377,24377,8,8,13,13,descending_stairs,descending_stairs,True,6.332769e-11,6.8849e-08,1.1589352e-10,3.0042685e-05,2.406645e-06,2.3569755e-09,2.0968872e-07,3.4001146e-06,0.99996185,2.5865248e-08,9.4034586e-11,1.9894635e-06,0.99996185
pamap2,gnn_flatten_lstm,sequence,7,107,107,108,1961,24378,24378,8,8,13,13,descending_stairs,descending_stairs,True,6.6426135e-11,7.343926e-08,1.325165e-10,3.190543e-05,2.257861e-06,2.304437e-09,2.1526884e-07,3.447203e-06,0.9999602,2.868806e-08,9.722707e-11,1.901344e-06,0.9999602
pamap2,gnn_flatten_lstm,sequence,7,107,107,108,1962,24379,24379,8,8,13,13,descending_stairs,descending_stairs,True,1.0423931e-10,1.0798497e-07,2.4237104e-10,4.3107655e-05,2.427965e-06,2.9079326e-09,2.7590764e-07,4.226136e-06,0.9999478,4.4645873e-08,1.5242363e-10,2.1098529e-06,0.9999478
pamap2,gnn_flatten_lstm,sequence,7,107,107,108,1963,24380,24380,8,8,13,13,descending_stairs,descending_stairs,True,1.11509094e-10,1.1544747e-07,2.8081115e-10,5.0873055e-05,2.356383e-06,3.0562466e-09,3.0414907e-07,4.3845425e-06,0.9999398,4.984701e-08,1.7376997e-10,2.083894e-06,0.9999398
pamap2,gnn_flatten_lstm,sequence,7,107,107,108,1964,24381,24381,8,8,13,13,descending_stairs,descending_stairs,True,7.3129454e-11,8.181364e-08,1.6091464e-10,3.698151e-05,2.1685798e-06,2.4688573e-09,2.38339e-07,3.4958823e-06,0.9999552,3.3565556e-08,1.1377914e-10,1.8860147e-06,0.9999552
pamap2,gnn_flatten_lstm,sequence,7,107,107,108,1965,24382,24382,8,8,13,13,descending_stairs,descending_stairs,True,7.607343e-11,8.0400895e-08,1.4688478e-10,3.314487e-05,2.5506445e-06,2.6853717e-09,2.3727651e-07,3.7156842e-06,0.99995816,3.072477e-08,1.14820695e-10,2.1480053e-06,0.99995816
pamap2,gnn_flatten_lstm,sequence,7,107,107,108,1966,24383,24383,8,8,13,13,descending_stairs,descending_stairs,True,6.742091e-11,7.134823e-08,1.1831543e-10,3.034072e-05,2.6423636e-06,2.547849e-09,2.2197764e-07,3.5976502e-06,0.9999609,2.627094e-08,1.0204993e-10,2.150073e-06,0.9999609
pamap2,gnn_flatten_lstm,sequence,7,107,107,108,1967,24384,24384,8,8,13,13,descending_stairs,descending_stairs,True,7.2680334e-11,7.6808035e-08,1.2897299e-10,3.1351476e-05,2.8644818e-06,2.7205243e-09,2.4084935e-07,3.7475074e-06,0.99995947,2.6809953e-08,1.1249439e-10,2.2498077e-06,0.99995947
pamap2,gnn_flatten_lstm,sequence,7,107,107,108,1968,24385,24385,8,8,13,13,descending_stairs,descending_stairs,True,8.553057e-11,8.7304194e-08,1.5349573e-10,3.311048e-05,3.1204083e-06,3.0713991e-09,2.6276183e-07,4.0797354e-06,0.99995685,3.0019578e-08,1.3061695e-10,2.4684275e-06,0.99995685
pamap2,gnn_flatten_lstm,sequence,7,107,107,108,1969,24386,24386,8,8,13,13,descending_stairs,descending_stairs,True,8.438399e-11,8.9888474e-08,1.7231283e-10,3.5842957e-05,2.602869e-06,2.7365523e-09,2.5174e-07,3.900534e-06,0.9999552,3.346896e-08,1.2622821e-10,2.110704e-06,0.9999552
pamap2,gnn_flatten_lstm,sequence,7,107,107,108,1970,24387,24387,8,8,13,13,descending_stairs,descending_stairs,True,1.02622806e-10,1.077804e-07,2.3755575e-10,4.318438e-05,2.5164554e-06,3.0858038e-09,2.8979736e-07,4.2124498e-06,0.99994755,4.4311776e-08,1.5164643e-10,2.1501305e-06,0.99994755
pamap2,gnn_flatten_lstm,sequence,7,107,107,108,1971,24388,24388,8,8,13,13,descending_stairs,descending_stairs,True,1.13486595e-10,1.1942957e-07,2.9702102e-10,5.6087065e-05,2.4065153e-06,3.110274e-09,3.4704598e-07,4.2732377e-06,0.99993455,5.0263676e-08,1.8344012e-10,2.1435508e-06,0.99993455
pamap2,gnn_flatten_lstm,sequence,7,107,107,108,1972,24389,24389,8,8,13,13,descending_stairs,descending_stairs,True,7.6087706e-11,8.637139e-08,1.7776769e-10,3.8930728e-05,2.2063962e-06,2.667547e-09,2.6412812e-07,3.3722097e-06,0.99995315,3.4988165e-08,1.1716293e-10,1.8722155e-06,0.99995315
pamap2,gnn_flatten_lstm,sequence,7,107,107,108,1973,24390,24390,8,8,13,13,descending_stairs,descending_stairs,True,8.458174e-11,8.8246466e-08,1.6826832e-10,3.522541e-05,2.7128049e-06,3.005057e-09,2.6204452e-07,3.9442402e-06,0.99995553,3.3443445e-08,1.3426886e-10,2.2019515e-06,0.99995553
pamap2,gnn_flatten_lstm,sequence,7,107,107,108,1974,24391,24391,8,8,13,13,descending_stairs,descending_stairs,True,8.756414e-11,8.924161e-08,1.6438174e-10,3.4026783e-05,3.0000579e-06,3.1486977e-09,2.6425533e-07,4.165605e-06,0.999956,3.2558887e-08,1.3358026e-10,2.4037731e-06,0.999956
pamap2,gnn_flatten_lstm,sequence,7,107,107,108,1975,24392,24392,8,8,13,13,descending_stairs,descending_stairs,True,7.453932e-11,7.5282124e-08,1.2582668e-10,3.0448555e-05,2.8935158e-06,2.7679363e-09,2.2846314e-07,3.959235e-06,0.99996006,2.7926173e-08,1.0872e-10,2.3664704e-06,0.99996006
pamap2,gnn_flatten_lstm,sequence,7,107,107,108,1976,24393,24393,8,8,13,13,descending_stairs,descending_stairs,True,7.2467296e-11,7.246852e-08,1.1943782e-10,2.9229974e-05,2.8699642e-06,2.6627138e-09,2.1632482e-07,3.952528e-06,0.99996126,2.6873334e-08,1.0294062e-10,2.3639109e-06,0.99996126
pamap2,gnn_flatten_lstm,sequence,7,107,107,108,1977,24394,24394,8,8,13,13,descending_stairs,descending_stairs,True,7.040323e-11,7.5025916e-08,1.3385182e-10,3.01497e-05,2.4326755e-06,2.4050482e-09,2.0655567e-07,3.7291402e-06,0.9999614,2.8958187e-08,9.830949e-11,2.0519476e-06,0.9999614
pamap2,gnn_flatten_lstm,sequence,7,107,107,108,1978,24395,24395,8,8,13,13,descending_stairs,descending_stairs,True,8.387194e-11,8.860919e-08,1.7422129e-10,3.4129178e-05,2.4549586e-06,2.6669715e-09,2.3141921e-07,4.07028e-06,0.9999567,3.563376e-08,1.16257344e-10,2.1492542e-06,0.9999567
pamap2,gnn_flatten_lstm,sequence,7,107,107,108,1979,24396,24396,8,8,13,13,descending_stairs,descending_stairs,True,8.368034e-11,9.065395e-08,1.8692213e-10,3.64545e-05,2.341477e-06,2.6098212e-09,2.449235e-07,3.8659027e-06,0.9999548,3.704668e-08,1.132763e-10,2.0526113e-06,0.9999548
pamap2,gnn_flatten_lstm,sequence,7,107,107,108,1980,24397,24397,8,8,13,13,descending_stairs,descending_stairs,True,7.7833094e-11,8.519822e-08,1.7227335e-10,3.7038782e-05,2.242732e-06,2.5342968e-09,2.460848e-07,3.509172e-06,0.9999548,3.4302854e-08,1.0802862e-10,1.9830775e-06,0.9999548
pamap2,gnn_flatten_lstm,sequence,7,107,107,108,1981,24398,24398,8,8,13,13,descending_stairs,descending_stairs,True,6.0260984e-11,6.945499e-08,1.2526166e-10,2.9738898e-05,2.1124295e-06,2.3052433e-09,2.0636439e-07,3.1433444e-06,0.9999628,2.8085433e-08,8.366474e-11,1.8264495e-06,0.9999628
pamap2,gnn_flatten_lstm,sequence,7,107,107,108,1982,24399,24399,8,8,13,13,descending_stairs,descending_stairs,True,5.2403307e-11,5.7989e-08,9.413625e-11,2.6053636e-05,2.1159942e-06,2.1088113e-09,1.7781784e-07,3.1320933e-06,0.9999666,2.3994124e-08,7.0864085e-11,1.8989116e-06,0.9999666
pamap2,gnn_flatten_lstm,sequence,7,107,107,108,1983,24400,24400,8,8,13,13,descending_stairs,descending_stairs,True,5.7106164e-11,6.224262e-08,1.00131195e-10,2.6238156e-05,2.3450043e-06,2.259197e-09,1.8939573e-07,3.2877256e-06,0.9999658,2.4378092e-08,7.82809e-11,1.9941576e-06,0.9999658
pamap2,gnn_flatten_lstm,sequence,7,107,107,108,1984,24401,24401,8,8,13,13,descending_stairs,descending_stairs,True,6.3048455e-11,6.751092e-08,1.0859049e-10,2.7521228e-05,2.5804327e-06,2.4580626e-09,2.0877887e-07,3.3887202e-06,0.999964,2.50132e-08,8.958309e-11,2.0994041e-06,0.999964
pamap2,gnn_flatten_lstm,sequence,7,107,107,108,1985,24402,24402,8,8,13,13,descending_stairs,descending_stairs,True,6.354266e-11,6.811644e-08,1.0682532e-10,2.8330145e-05,2.7294545e-06,2.5365519e-09,2.2126206e-07,3.4129182e-06,0.99996305,2.4161155e-08,9.537117e-11,2.1368458e-06,0.99996305
pamap2,gnn_flatten_lstm,sequence,7,107,107,108,1986,24403,24403,8,8,13,13,descending_stairs,descending_stairs,True,6.588813e-11,7.0212344e-08,1.1168023e-10,2.851549e-05,2.7676472e-06,2.5108136e-09,2.1601736e-07,3.551361e-06,0.9999628,2.4327482e-08,9.964697e-11,2.0829805e-06,0.9999628
pamap2,gnn_flatten_lstm,sequence,7,107,107,108,1987,24404,24404,8,8,13,13,descending_stairs,descending_stairs,True,6.0531594e-11,6.748149e-08,1.12666126e-10,2.9235656e-05,2.3690468e-06,2.3672952e-09,2.1043014e-07,3.2177797e-06,0.9999629,2.5073884e-08,8.8846874e-11,1.8800026e-06,0.9999629
pamap2,gnn_flatten_lstm,sequence,7,107,107,108,1988,24405,24405,8,8,13,13,descending_stairs,descending_stairs,True,7.005185e-11,7.792281e-08,1.4032547e-10,3.2873973e-05,2.354164e-06,2.560071e-09,2.3267316e-07,3.4015188e-06,0.999959,3.023882e-08,1.05267045e-10,1.93811e-06,0.999959
pamap2,gnn_flatten_lstm,sequence,7,107,107,108,1989,24406,24406,8,8,13,13,descending_stairs,descending_stairs,True,7.980139e-11,8.8578716e-08,1.7689791e-10,3.7884904e-05,2.2887275e-06,2.6639648e-09,2.557965e-07,3.525206e-06,0.9999541,3.5805762e-08,1.2009027e-10,1.9115357e-06,0.9999541
pamap2,gnn_flatten_lstm,sequence,7,107,107,108,1990,24407,24407,8,8,13,13,descending_stairs,descending_stairs,True,1.03346526e-10,1.0885085e-07,2.5677005e-10,5.9661303e-05,2.2993443e-06,2.5620268e-09,2.9834507e-07,4.4186095e-06,0.9999311,4.3491884e-08,1.8128023e-10,1.9905906e-06,0.9999311
pamap2,gnn_flatten_lstm,sequence,7,107,107,108,1991,24408,24408,8,8,13,13,descending_stairs,descending_stairs,True,1.2611012e-10,1.3587305e-07,3.7461065e-10,9.9309116e-05,2.3679277e-06,2.6295404e-09,3.9359088e-07,4.992392e-06,0.9998908,5.136632e-08,2.9069724e-10,1.9334127e-06,0.9998908
pamap2,gnn_flatten_lstm,sequence,7,107,107,108,1992,24409,24409,8,8,13,13,descending_stairs,descending_stairs,True,1.0133134e-10,1.1757979e-07,2.8758024e-10,6.994875e-05,2.420694e-06,2.6024463e-09,3.5729013e-07,4.159624e-06,0.9999212,4.0378907e-08,2.1484359e-10,1.8245403e-06,0.9999212
pamap2,gnn_flatten_lstm,sequence,7,107,107,108,1993,24410,24410,8,8,13,13,descending_stairs,descending_stairs,True,7.941941e-11,9.075982e-08,1.7378918e-10,4.3936016e-05,2.6385198e-06,2.477971e-09,2.7074904e-07,3.9871593e-06,0.9999472,3.0178477e-08,1.4850465e-10,1.954982e-06,0.9999472
pamap2,gnn_flatten_lstm,sequence,7,107,107,108,1994,24411,24411,8,8,13,13,descending_stairs,descending_stairs,True,7.0186856e-11,7.981916e-08,1.3637892e-10,3.695387e-05,2.7619858e-06,2.456276e-09,2.4770975e-07,3.7973468e-06,0.9999541,2.6147733e-08,1.233193e-10,2.015623e-06,0.9999541
pamap2,gnn_flatten_lstm,sequence,7,107,107,108,1995,24412,24412,8,8,13,13,descending_stairs,descending_stairs,True,6.5832596e-11,7.470942e-08,1.2145708e-10,3.435323e-05,2.8000436e-06,2.4599869e-09,2.3933706e-07,3.6823749e-06,0.99995685,2.4427166e-08,1.1177418e-10,2.028878e-06,0.99995685
pamap2,gnn_flatten_lstm,sequence,7,107,107,108,1996,24413,24413,8,8,13,13,descending_stairs,descending_stairs,True,6.237797e-11,7.3738875e-08,1.2418196e-10,3.4329805e-05,2.4491962e-06,2.2588895e-09,2.3329295e-07,3.4154882e-06,0.99995756,2.5490085e-08,1.0411792e-10,1.8450514e-06,0.99995756
pamap2,gnn_flatten_lstm,sequence,7,107,107,108,1997,24414,24414,8,8,13,13,descending_stairs,descending_stairs,True,8.680204e-11,9.911002e-08,1.7338343e-10,4.7536167e-05,3.0069634e-06,2.9835785e-09,3.0360854e-07,4.310403e-06,0.99994254,3.450961e-08,1.6661564e-10,2.1654112e-06,0.99994254
pamap2,gnn_flatten_lstm,sequence,7,107,107,108,1998,24415,24415,8,8,13,13,descending_stairs,descending_stairs,True,1.2206552e-10,1.2808052e-07,2.4408323e-10,6.200623e-05,3.4549485e-06,3.967581e-09,3.7899272e-07,5.1729075e-06,0.9999262,4.8279283e-08,2.4397523e-10,2.5834527e-06,0.9999262
pamap2,gnn_flatten_lstm,sequence,7,107,107,108,1999,24416,24416,8,8,13,13,descending_stairs,descending_stairs,True,1.182487e-10,1.2191435e-07,2.3666719e-10,7.442563e-05,3.3723468e-06,3.931778e-09,4.1726028e-07,5.200037e-06,0.9999137,4.8395307e-08,2.5705568e-10,2.674512e-06,0.9999137
pamap2,gnn_flatten_lstm,sequence,7,107,107,108,2000,24417,24417,8,8,13,13,descending_stairs,descending_stairs,True,1.2096814e-10,1.2491306e-07,3.0497824e-10,6.910348e-05,2.4563976e-06,3.2035186e-09,3.459878e-07,4.715741e-06,0.99992096,5.3327813e-08,2.457468e-10,2.138289e-06,0.99992096
pamap2,gnn_flatten_lstm,sequence,7,107,107,108,2001,24418,24418,8,8,13,13,descending_stairs,descending_stairs,True,8.4460994e-11,9.08874e-08,1.8968961e-10,4.349568e-05,2.2891065e-06,2.7900111e-09,2.614537e-07,3.866721e-06,0.999948,3.7121755e-08,1.4615308e-10,2.011724e-06,0.999948
pamap2,gnn_flatten_lstm,sequence,7,107,107,108,2002,24419,24419,8,8,13,13,descending_stairs,descending_stairs,True,7.182906e-11,7.621685e-08,1.3748887e-10,3.403663e-05,2.4277851e-06,2.5537275e-09,2.2357409e-07,3.6888518e-06,0.99995744,2.9646888e-08,1.1242553e-10,2.115644e-06,0.99995744
pamap2,gnn_flatten_lstm,sequence,7,107,107,108,2003,24420,24420,8,8,13,13,descending_stairs,descending_stairs,True,6.930501e-11,7.3598244e-08,1.2708494e-10,3.162508e-05,2.5490044e-06,2.4755549e-09,2.1590321e-07,3.6710492e-06,0.9999597,2.6924441e-08,1.056078e-10,2.1116396e-06,0.9999597
pamap2,gnn_flatten_lstm,sequence,7,107,107,108,2004,24421,24421,8,8,13,13,descending_stairs,descending_stairs,True,7.282131e-11,7.634196e-08,1.3079604e-10,3.1547046e-05,2.707726e-06,2.5301932e-09,2.2348883e-07,3.7675493e-06,0.99995935,2.7046676e-08,1.0959415e-10,2.1939318e-06,0.99995935
pamap2,gnn_flatten_lstm,sequence,7,107,107,108,2005,24422,24422,8,8,13,13,descending_stairs,descending_stairs,True,7.1418704e-11,7.731647e-08,1.4006753e-10,3.380022e-05,2.4266424e-06,2.3766118e-09,2.264451e-07,3.6168658e-06,0.9999578,2.8566612e-08,1.06566506e-10,2.0237837e-06,0.9999578
pamap2,gnn_flatten_lstm,sequence,7,107,107,108,2006,24423,24423,8,8,13,13,descending_stairs,descending_stairs,True,1.7545611e-10,1.6405318e-07,4.4695037e-10,6.254895e-05,2.8380055e-06,3.8704115e-09,3.6780267e-07,5.482275e-06,0.999926,6.774194e-08,2.729496e-10,2.592767e-06,0.999926
pamap2,gnn_flatten_lstm,sequence,7,107,107,108,2007,24424,24424,8,8,13,13,descending_stairs,descending_stairs,True,1.0317085e-09,7.2204267e-07,3.778111e-09,0.00018096928,4.377212e-06,1.0865142e-08,8.167463e-07,1.6611022e-05,0.99979156,4.0990716e-07,1.8574742e-09,4.480989e-06,0.99979156
pamap2,gnn_flatten_lstm,sequence,7,107,107,108,2008,24425,24425,8,8,13,13,descending_stairs,descending_stairs,True,2.4858684e-09,1.6606529e-06,1.2428062e-08,0.00040837663,4.485961e-06,1.3905528e-08,1.0150486e-06,3.670864e-05,0.99954164,1.1523e-06,5.906136e-09,4.827485e-06,0.99954164
pamap2,gnn_flatten_lstm,sequence,7,107,107,108,2009,24426,24426,8,8,13,13,descending_stairs,descending_stairs,True,2.2115325e-08,6.53457e-06,1.3763426e-07,0.0026058212,1.2561812e-05,6.602152e-08,9.1852835e-06,0.0001262782,0.9972249,5.231721e-06,4.4915808e-08,9.1438815e-06,0.9972249
pamap2,gnn_flatten_lstm,sequence,7,107,107,108,2010,24427,24427,8,8,13,13,descending_stairs,descending_stairs,True,3.7933518e-07,5.2656334e-05,2.9669102e-06,0.016446242,8.485793e-05,4.6284967e-07,9.7815275e-05,0.000787815,0.98246735,2.9727546e-05,4.7488214e-07,2.91636e-05,0.98246735
pamap2,gnn_flatten_lstm,sequence,7,107,107,108,2011,24428,24428,8,8,13,13,descending_stairs,descending_stairs,True,5.7515913e-06,0.00041330047,3.8637438e-05,0.075421795,0.000655057,3.8961402e-06,0.0009386861,0.004830668,0.9173841,0.00018808352,4.934341e-06,0.000115041374,0.9173841
pamap2,gnn_flatten_lstm,sequence,7,107,107,108,2012,24429,24429,8,8,13,13,descending_stairs,descending_stairs,True,4.191392e-05,0.0017617759,0.0001814229,0.23651335,0.0030553024,2.8191895e-05,0.0071093375,0.017077051,0.733017,0.00085720886,2.964024e-05,0.00032773,0.733017
pamap2,gnn_flatten_lstm,sequence,7,107,107,108,2013,24430,24430,7,8,12,13,ascending_stairs,descending_stairs,False,0.00015858412,0.0040320437,0.00047308972,0.3826918,0.0069438396,0.00011533379,0.024983363,0.042288728,0.5349319,0.0026594833,8.501431e-05,0.0006368307,0.5349319
pamap2,gnn_flatten_lstm,sequence,7,107,107,108,2014,24431,24431,7,8,12,13,ascending_stairs,descending_stairs,False,0.00093832315,0.009124834,0.0022110252,0.38477623,0.015845133,0.00058046984,0.04963006,0.10534598,0.4215687,0.007852938,0.00036521078,0.001761153,0.4215687
pamap2,gnn_flatten_lstm,sequence,7,107,107,108,2015,24432,24432,7,8,12,13,ascending_stairs,descending_stairs,False,0.0046418495,0.02057522,0.0115009,0.1455773,0.031111585,0.0018090495,0.02692935,0.23899396,0.49262443,0.017842263,0.0013827652,0.007011374,0.49262443
pamap2,gnn_flatten_lstm,sequence,7,107,107,108,2016,24433,24433,7,8,12,13,ascending_stairs,descending_stairs,False,0.019132573,0.067358576,0.060839318,0.069330364,0.051924516,0.0031403927,0.026558133,0.2390336,0.41035292,0.03141149,0.005572359,0.015345855,0.41035292
pamap2,gnn_flatten_lstm,sequence,7,107,107,108,2017,24434,24434,7,8,12,13,ascending_stairs,descending_stairs,False,0.047160804,0.1050495,0.15435514,0.084632024,0.08073336,0.010159933,0.09241312,0.1539825,0.16856328,0.052577104,0.017824663,0.03254858,0.16856328
pamap2,gnn_flatten_lstm,sequence,7,107,107,108,2018,24435,24435,7,2,12,3,ascending_stairs,standing,False,0.005391918,0.023491738,0.9197408,0.00205281,0.0011489361,0.00040365563,0.0036927576,0.0024696914,0.010129535,0.010191272,0.020646675,0.0006402169,0.9197408
pamap2,gnn_flatten_lstm,sequence,7,107,107,108,2019,24436,24436,7,2,12,3,ascending_stairs,standing,False,0.0065714023,0.028518464,0.9043662,0.0027879386,0.0015101142,0.00055978715,0.004612032,0.0031244045,0.011899608,0.011631249,0.02356832,0.00085049466,0.9043662
pamap2,gnn_flatten_lstm,sequence,7,107,107,108,2020,24437,24437,7,7,12,12,ascending_stairs,ascending_stairs,True,0.020521766,0.030293845,0.0069575026,0.03527526,0.027658358,0.004288155,0.0035820918,0.6413337,0.18198441,0.013263205,0.002589136,0.032252572,0.6413337
pamap2,gnn_flatten_lstm,sequence,7,107,107,108,2021,24438,24438,7,7,12,12,ascending_stairs,ascending_stairs,True,0.003845123,0.00358791,9.621094e-05,0.004141803,0.0034389351,0.00032680802,4.1079722e-05,0.9464439,0.032880206,0.00069094234,5.0452792e-05,0.0044565857,0.9464439
pamap2,gnn_flatten_lstm,sequence,7,107,107,108,2022,24439,24439,7,7,12,12,ascending_stairs,ascending_stairs,True,0.0011204355,0.00048471623,2.188452e-06,0.00016484885,0.0004467498,4.3555556e-05,5.9254813e-07,0.9952962,0.0020664663,5.4222564e-05,1.6249907e-06,0.00031849535,0.9952962
pamap2,gnn_flatten_lstm,sequence,7,107,107,108,2023,24440,24440,7,7,12,12,ascending_stairs,ascending_stairs,True,0.00026684077,8.586009e-05,1.0943913e-07,1.5794472e-05,8.915443e-05,1.2896496e-05,2.821382e-08,0.99916065,0.00030518233,1.0684731e-05,1.4162151e-07,5.266135e-05,0.99916065
pamap2,gnn_flatten_lstm,sequence,7,107,107,108,2024,24441,24441,7,7,12,12,ascending_stairs,ascending_stairs,True,5.63118e-05,1.5601814e-05,1.0258461e-08,3.1988413e-06,1.6528506e-05,5.109112e-06,2.7304012e-09,0.99981457,7.456495e-05,3.678945e-06,2.2732143e-08,1.0386946e-05,0.99981457
pamap2,gnn_flatten_lstm,sequence,7,107,107,108,2025,24442,24442,7,7,12,12,ascending_stairs,ascending_stairs,True,1.15421435e-05,3.1817906e-06,1.3935978e-09,8.6521675e-07,3.3925523e-06,2.3724865e-06,4.115093e-10,0.999946,2.8577027e-05,1.5463289e-06,4.266895e-09,2.4588146e-06,0.999946
pamap2,gnn_flatten_lstm,sequence,7,107,107,108,2026,24443,24443,7,7,12,12,ascending_stairs,ascending_stairs,True,3.83902e-06,1.0871518e-06,3.895071e-10,3.7960396e-07,1.0877106e-06,1.239568e-06,1.3307529e-10,0.9999757,1.4910799e-05,9.830642e-07,1.5487619e-09,8.489976e-07,0.9999757
pamap2,gnn_flatten_lstm,sequence,7,107,107,108,2027,24444,24444,7,7,12,12,ascending_stairs,ascending_stairs,True,2.4439191e-06,9.913398e-07,3.7348066e-10,3.5328029e-07,1.1351696e-06,1.4496211e-06,1.7889779e-10,0.99997115,2.0353285e-05,1.3357362e-06,1.5791508e-09,7.4984194e-07,0.99997115
pamap2,gnn_flatten_lstm,sequence,7,107,107,108,2028,24445,24445,7,7,12,12,ascending_stairs,ascending_stairs,True,2.0624734e-06,9.180783e-07,3.5916833e-10,3.793547e-07,9.913916e-07,1.494184e-06,2.2898117e-10,0.9999739,1.7820552e-05,1.9039376e-06,1.7159688e-09,6.0979863e-07,0.9999739
pamap2,gnn_flatten_lstm,sequence,7,107,107,108,2029,24446,24446,7,7,12,12,ascending_stairs,ascending_stairs,True,8.531458e-07,2.8924995e-07,1.233317e-10,4.923457e-07,3.692683e-07,3.74081e-07,1.566472e-10,0.99998224,1.3073201e-05,1.9802326e-06,7.1619377e-10,3.6181393e-07,0.99998224
pamap2,gnn_flatten_lstm,sequence,7,107,107,108,2030,24447,24447,7,7,12,12,ascending_stairs,ascending_stairs,True,7.3045584e-07,2.6882222e-07,1.5985475e-10,8.5442923e-07,2.9737922e-07,2.6781402e-07,2.1398684e-10,0.99997294,2.139021e-05,2.8179784e-06,8.397322e-10,4.2240077e-07,0.99997294
pamap2,gnn_flatten_lstm,sequence,7,107,107,108,2031,24448,24448,7,7,12,12,ascending_stairs,ascending_stairs,True,6.933231e-07,3.3147847e-07,2.4587213e-10,1.6308943e-06,3.2875778e-07,2.9466005e-07,3.818419e-10,0.99995005,4.1505926e-05,4.457828e-06,1.2737669e-09,6.16187e-07,0.99995005
pamap2,gnn_flatten_lstm,sequence,7,107,107,108,2032,24449,24449,7,7,12,12,ascending_stairs,ascending_stairs,True,6.3046093e-07,2.864913e-07,1.479322e-10,7.7339e-07,4.6448804e-07,3.8788707e-07,2.456099e-10,0.9999721,2.2044727e-05,2.8052398e-06,1.1221385e-09,4.950073e-07,0.9999721
pamap2,gnn_flatten_lstm,sequence,7,107,107,108,2033,24450,24450,7,7,12,12,ascending_stairs,ascending_stairs,True,6.415324e-07,2.8945928e-07,9.572534e-11,5.773953e-07,6.764297e-07,5.2622806e-07,2.1268115e-10,0.9999827,1.2312065e-05,1.9447773e-06,1.3125626e-09,4.0315305e-07,0.9999827
pamap2,gnn_flatten_lstm,sequence,7,107,107,108,2034,24451,24451,7,7,12,12,ascending_stairs,ascending_stairs,True,7.268101e-07,3.3611315e-07,9.743543e-11,7.424914e-07,9.0130413e-07,5.753435e-07,2.5866528e-10,0.9999838,1.0664681e-05,1.8365189e-06,1.9598072e-09,4.477414e-07,0.9999838
pamap2,gnn_flatten_lstm,sequence,7,107,107,108,2035,24452,24452,7,7,12,12,ascending_stairs,ascending_stairs,True,8.1301886e-07,3.747132e-07,8.667111e-11,9.104043e-07,9.1425954e-07,5.5302183e-07,2.6651048e-10,0.9999857,8.585861e-06,1.6620404e-06,2.2408484e-09,4.433699e-07,0.9999857
pamap2,gnn_flatten_lstm,sequence,7,107,107,108,2036,24453,24453,7,7,12,12,ascending_stairs,ascending_stairs,True,8.0458403e-07,3.5636356e-07,6.375354e-11,6.678855e-07,7.416298e-07,5.430647e-07,2.0750879e-10,0.99999,5.206135e-06,1.3689504e-06,1.6781264e-09,2.8990254e-07,0.99999
pamap2,gnn_flatten_lstm,sequence,7,107,107,108,2037,24454,24454,7,7,12,12,ascending_stairs,ascending_stairs,True,1.3380056e-06,1.1251203e-06,1.4136954e-10,2.3725418e-06,3.1567179e-06,1.2070237e-06,9.858879e-10,0.9999788,9.64127e-06,1.9140655e-06,7.834667e-09,4.1927916e-07,0.9999788
pamap2,gnn_flatten_lstm,sequence,7,107,107,108,2038,24455,24455,7,7,12,12,ascending_stairs,ascending_stairs,True,1.9788706e-06,2.4232522e-06,2.7844896e-10,1.1120946e-05,6.1035e-06,1.4510084e-06,4.0680743e-09,0.99994934,2.4326311e-05,2.42531e-06,1.4320386e-08,7.9307114e-07,0.99994934
pamap2,gnn_flatten_lstm,sequence,7,107,107,108,2039,24456,24456,7,7,12,12,ascending_stairs,ascending_stairs,True,9.504471e-07,5.529726e-07,7.9335455e-11,2.7964834e-06,1.5310799e-06,4.4389353e-07,5.3936017e-10,0.99998057,1.1561591e-05,1.1770821e-06,3.2608711e-09,4.4008348e-07,0.99998057
pamap2,gnn_flatten_lstm,sequence,7,107,107,108,2040,24457,24457,7,7,12,12,ascending_stairs,ascending_stairs,True,6.245386e-07,2.9226123e-07,6.7662154e-11,1.7902931e-06,6.630159e-07,2.606033e-07,2.67752e-10,0.9999831,1.1722217e-05,1.1863046e-06,2.008249e-09,3.8489992e-07,0.9999831
pamap2,gnn_flatten_lstm,sequence,7,107,107,108,2041,24458,24458,7,7,12,12,ascending_stairs,ascending_stairs,True,5.6936045e-07,2.5200006e-07,9.37271e-11,2.1366143e-06,4.3988962e-07,2.0722041e-07,2.8559172e-10,0.99997675,1.7477923e-05,1.6503329e-06,1.9302744e-09,4.7141853e-07,0.99997675
pamap2,gnn_flatten_lstm,sequence,7,107,107,108,2042,24459,24459,7,7,12,12,ascending_stairs,ascending_stairs,True,5.933474e-07,3.228011e-07,2.1094931e-10,4.654074e-06,3.6452792e-07,1.9280519e-07,5.423471e-10,0.99994135,4.823572e-05,3.3942908e-06,2.494002e-09,8.2413965e-07,0.99994135
pamap2,gnn_flatten_lstm,sequence,7,107,107,108,2043,24460,24460,7,7,12,12,ascending_stairs,ascending_stairs,True,5.778009e-07,4.2535189e-07,3.1559e-10,1.874159e-05,4.07998e-07,1.711544e-07,1.4795617e-09,0.9998342,0.0001372312,6.311208e-06,3.9752144e-09,1.8760428e-06,0.9998342
pamap2,gnn_flatten_lstm,sequence,7,107,107,108,2044,24461,24461,7,7,12,12,ascending_stairs,ascending_stairs,True,7.5123563e-07,8.282954e-07,7.374437e-10,0.00013569678,6.266449e-07,1.9121363e-07,6.354765e-09,0.9994287,0.0004140954,1.3957453e-05,1.2261567e-08,5.1174084e-06,0.9994287
pamap2,gnn_flatten_lstm,sequence,7,107,107,108,2045,24462,24462,7,7,12,12,ascending_stairs,ascending_stairs,True,1.5981467e-06,2.3053865e-06,1.4737798e-09,0.0005165624,2.5352865e-06,4.2670501e-07,3.036364e-08,0.99915016,0.00030530026,1.5399783e-05,9.0526406e-08,5.5641494e-06,0.99915016
pamap2,gnn_flatten_lstm,sequence,7,107,107,108,2046,24463,24463,7,3,12,4,ascending_stairs,walking,False,1.9419538e-06,3.7248374e-05,1.3322264e-07,0.9933876,2.4504764e-06,9.5166904e-08,8.431473e-06,0.006462857,9.270231e-05,3.2782898e-06,2.7041701e-06,6.1424595e-07,0.9933876
pamap2,gnn_flatten_lstm,sequence,7,107,107,108,2047,24464,24464,7,3,12,4,ascending_stairs,walking,False,1.2523711e-05,0.000305957,5.66977e-07,0.9754338,1.5730395e-05,1.1675002e-06,2.2713224e-05,0.024078256,0.00010863128,7.031533e-06,1.2085978e-05,1.4984626e-06,0.9754338
pamap2,gnn_flatten_lstm,sequence,7,107,107,108,2048,24465,24465,7,7,12,12,ascending_stairs,ascending_stairs,True,0.00012026718,0.0019936834,7.564935e-07,0.2955753,0.00032047095,5.1827592e-05,2.5800768e-05,0.70125276,0.00057053677,3.3121167e-05,3.9739753e-05,1.5722331e-05,0.70125276
pamap2,gnn_flatten_lstm,sequence,7,107,107,108,2049,24466,24466,7,7,12,12,ascending_stairs,ascending_stairs,True,3.2727694e-05,0.0002525372,2.8688236e-08,0.0027605544,0.00016388149,5.9530237e-05,1.3806588e-06,0.996579,0.00013100018,1.1658218e-05,2.098374e-06,5.6075874e-06,0.996579
pamap2,gnn_flatten_lstm,sequence,7,107,107,108,2050,24467,24467,7,7,12,12,ascending_stairs,ascending_stairs,True,5.0052245e-06,7.947284e-06,5.806266e-10,1.7051025e-05,1.2049271e-05,6.011639e-06,1.0234284e-08,0.99993443,1.354798e-05,3.0632032e-06,4.563128e-08,7.9849616e-07,0.99993443
pamap2,gnn_flatten_lstm,sequence,7,107,107,108,2051,24468,24468,7,7,12,12,ascending_stairs,ascending_stairs,True,1.8477386e-06,1.1997269e-06,9.7067916e-11,1.3706918e-06,2.6650835e-06,1.607051e-06,6.1178096e-10,0.9999852,4.326761e-06,1.49006e-06,6.794896e-09,3.2973585e-07,0.9999852
pamap2,gnn_flatten_lstm,sequence,7,107,107,108,2052,24469,24469,7,7,12,12,ascending_stairs,ascending_stairs,True,1.4216249e-06,7.089186e-07,7.249207e-11,6.0948935e-07,1.3061299e-06,1.1682531e-06,2.3893781e-10,0.9999902,3.1619275e-06,1.2244168e-06,3.323899e-09,2.5794066e-07,0.9999902
pamap2,gnn_flatten_lstm,sequence,7,107,107,108,2053,24470,24470,7,7,12,12,ascending_stairs,ascending_stairs,True,1.1814572e-06,4.8403234e-07,6.973875e-11,3.492101e-07,6.69259e-07,9.5262146e-07,1.2312609e-10,0.99999213,2.927e-06,1.0602276e-06,1.8049849e-09,2.2773084e-07,0.99999213
pamap2,gnn_flatten_lstm,sequence,7,107,107,108,2054,24471,24471,7,7,12,12,ascending_stairs,ascending_stairs,True,1.8609137e-06,8.099904e-07,1.593756e-10,2.9837008e-07,8.8922883e-07,1.984767e-06,1.5331855e-10,0.9999883,4.094621e-06,1.4656069e-06,2.8761393e-09,3.1024157e-07,0.9999883
pamap2,gnn_flatten_lstm,sequence,7,107,107,108,2055,24472,24472,7,7,12,12,ascending_stairs,ascending_stairs,True,1.8546381e-06,7.545513e-07,1.7941564e-10,3.155503e-07,8.8437525e-07,1.9509591e-06,1.6847083e-10,0.99998724,4.887369e-06,1.7612205e-06,3.0482297e-09,3.4688028e-07,0.99998724
pamap2,gnn_flatten_lstm,sequence,7,107,107,108,2056,24473,24473,7,7,12,12,ascending_stairs,ascending_stairs,True,1.2213727e-06,4.6273183e-07,1.0638849e-10,4.4085093e-07,6.2669625e-07,9.0167356e-07,1.3802662e-10,0.99998915,5.563434e-06,1.2577864e-06,1.8136658e-09,3.684821e-07,0.99998915
pamap2,gnn_flatten_lstm,sequence,7,107,107,108,2057,24474,24474,7,7,12,12,ascending_stairs,ascending_stairs,True,8.876582e-07,3.3999797e-07,8.96889e-11,7.52091e-07,5.2324856e-07,4.801508e-07,1.5163357e-10,0.99998856,7.09145e-06,1.0906051e-06,1.7981336e-09,3.485155e-07,0.99998856
pamap2,gnn_flatten_lstm,sequence,7,107,107,108,2058,24475,24475,7,7,12,12,ascending_stairs,ascending_stairs,True,7.671971e-07,3.0544683e-07,1.170665e-10,1.2994377e-06,4.0843764e-07,3.0341252e-07,1.8855767e-10,0.99998426,1.1035724e-05,1.2923205e-06,2.0286555e-09,3.962589e-07,0.99998426
pamap2,gnn_flatten_lstm,sequence,7,107,107,108,2059,24476,24476,7,7,12,12,ascending_stairs,ascending_stairs,True,8.083783e-07,4.3064938e-07,1.727582e-10,3.1593922e-06,5.122869e-07,3.1835145e-07,3.7411807e-10,0.99997497,1.7515451e-05,1.7158211e-06,4.102135e-09,5.5227594e-07,0.99997497
pamap2,gnn_flatten_lstm,sequence,7,107,107,108,2060,24477,24477,7,7,12,12,ascending_stairs,ascending_stairs,True,7.3968846e-07,3.6633165e-07,1.340558e-10,1.5760063e-06,5.7343243e-07,3.4365726e-07,2.8476127e-10,0.99998105,1.3283162e-05,1.7089026e-06,2.8290346e-09,4.5471558e-07,0.99998105
pamap2,gnn_flatten_lstm,sequence,7,107,107,108,2061,24478,24478,7,7,12,12,ascending_stairs,ascending_stairs,True,7.3960933e-07,3.0286708e-07,9.156571e-11,9.574734e-07,4.939346e-07,3.1661716e-07,2.0191245e-10,0.9999865,8.845936e-06,1.4485336e-06,1.5847904e-09,3.4333416e-07,0.9999865
pamap2,gnn_flatten_lstm,sequence,7,107,107,108,2062,24479,24479,7,7,12,12,ascending_stairs,ascending_stairs,True,8.2696704e-07,2.966872e-07,8.4792076e-11,7.9772775e-07,5.181186e-07,4.1103786e-07,2.0926084e-10,0.9999883,6.8530358e-06,1.6037948e-06,1.7029644e-09,3.3496843e-07,0.9999883
pamap2,gnn_flatten_lstm,sequence,7,107,107,108,2063,24480,24480,7,7,12,12,ascending_stairs,ascending_stairs,True,9.372909e-07,3.287986e-07,8.428352e-11,8.847397e-07,6.866797e-07,5.2749016e-07,2.7612584e-10,0.9999883,6.252233e-06,1.7957316e-06,2.3025117e-09,3.4773058e-07,0.9999883
pamap2,gnn_flatten_lstm,sequence,7,107,107,108,2064,24481,24481,7,7,12,12,ascending_stairs,ascending_stairs,True,1.964412e-06,1.5145657e-06,2.5446867e-10,6.1331493e-06,4.2656798e-06,1.8038786e-06,3.8926244e-09,0.99996114,1.7916705e-05,4.551771e-06,1.4566394e-08,6.558523e-07,0.99996114
pamap2,gnn_flatten_lstm,sequence,7,107,107,108,2065,24482,24482,7,7,12,12,ascending_stairs,ascending_stairs,True,3.2498326e-06,3.9334977e-06,4.466747e-10,6.577922e-06,9.363549e-06,6.4308647e-06,7.908428e-09,0.9999461,1.7315382e-05,6.146548e-06,3.019889e-08,8.3724797e-07,0.9999461
pamap2,gnn_flatten_lstm,sequence,7,107,107,108,2066,24483,24483,7,7,12,12,ascending_stairs,ascending_stairs,True,1.3221749e-06,7.9456896e-07,1.0176986e-10,9.451491e-07,2.1909566e-06,1.5684708e-06,5.1562776e-10,0.99998415,6.645444e-06,2.0307994e-06,4.575641e-09,3.809614e-07,0.99998415
pamap2,gnn_flatten_lstm,sequence,7,107,107,108,2067,24484,24484,7,7,12,12,ascending_stairs,ascending_stairs,True,7.750299e-07,3.3170843e-07,6.1157024e-11,3.9714575e-07,6.904318e-07,5.9844797e-07,1.482337e-10,0.9999902,5.3961394e-06,1.2531337e-06,1.1352804e-09,2.647318e-07,0.9999902
pamap2,gnn_flatten_lstm,sequence,7,107,107,108,2068,24485,24485,7,7,12,12,ascending_stairs,ascending_stairs,True,6.973764e-07,2.3520333e-07,7.838174e-11,4.4454862e-07,3.764558e-07,3.221404e-07,1.2277458e-10,0.99998665,9.571125e-06,1.4359433e-06,6.300267e-10,3.11614e-07,0.99998665
pamap2,gnn_flatten_lstm,sequence,7,107,107,108,2069,24486,24486,7,7,12,12,ascending_stairs,ascending_stairs,True,8.907163e-07,2.989168e-07,1.6438713e-10,6.4019235e-07,3.6803914e-07,3.6211418e-07,1.893868e-10,0.99997735,1.74831e-05,2.2106453e-06,8.0540635e-10,4.406591e-07,0.99997735
pamap2,gnn_flatten_lstm,sequence,7,107,107,108,2070,24487,24487,7,7,12,12,ascending_stairs,ascending_stairs,True,1.1574253e-06,4.0364586e-07,3.7559955e-10,1.3143031e-06,3.710462e-07,4.045735e-07,3.6353773e-10,0.999956,3.560546e-05,3.941524e-06,1.3412106e-09,7.290238e-07,0.999956
pamap2,gnn_flatten_lstm,sequence,7,107,107,108,2071,24488,24488,7,7,12,12,ascending_stairs,ascending_stairs,True,1.0204996e-06,3.962905e-07,3.131024e-10,1.2506355e-06,3.8248848e-07,3.8769602e-07,3.4057676e-10,0.9999639,2.8763576e-05,3.317638e-06,1.4075755e-09,6.6740324e-07,0.9999639
pamap2,gnn_flatten_lstm,sequence,7,107,107,108,2072,24489,24489,7,7,12,12,ascending_stairs,ascending_stairs,True,1.1617615e-06,3.8813957e-07,2.1496299e-10,7.510087e-07,3.76295e-07,4.436317e-07,2.1484085e-10,0.9999809,1.2982116e-05,2.4805456e-06,1.3889122e-09,4.2556286e-07,0.9999809
pamap2,gnn_flatten_lstm,sequence,7,107,107,108,2073,24490,24490,7,7,12,12,ascending_stairs,ascending_stairs,True,8.235117e-07,2.8417003e-07,9.6830745e-11,3.810315e-07,3.4794868e-07,4.1452031e-07,1.11608486e-10,0.99998784,8.142315e-06,1.4674664e-06,7.7416995e-10,2.8328202e-07,0.99998784
pamap2,gnn_flatten_lstm,sequence,7,107,107,108,2074,24491,24491,7,7,12,12,ascending_stairs,ascending_stairs,True,7.5034217e-07,2.642667e-07,7.200468e-11,4.44686e-07,3.9209246e-07,4.280498e-07,1.263307e-10,0.99999046,5.560577e-06,1.4143593e-06,1.0683644e-09,2.5981953e-07,0.99999046
pamap2,gnn_flatten_lstm,sequence,7,107,107,108,2075,24492,24492,7,7,12,12,ascending_stairs,ascending_stairs,True,1.2410858e-06,6.5433375e-07,1.2183758e-10,1.5218056e-06,1.5305691e-06,9.2514824e-07,5.25705e-10,0.99998343,8.173445e-06,2.0759635e-06,5.240114e-09,4.3555204e-07,0.99998343
pamap2,gnn_flatten_lstm,sequence,7,107,107,108,2076,24493,24493,7,7,12,12,ascending_stairs,ascending_stairs,True,2.4977965e-06,2.8791358e-06,3.2778472e-10,7.801807e-06,5.9545555e-06,2.690507e-06,3.836618e-09,0.9999571,1.685663e-05,3.4307548e-06,2.4281032e-08,6.879528e-07,0.9999571
pamap2,gnn_flatten_lstm,sequence,7,107,107,108,2077,24494,24494,7,7,12,12,ascending_stairs,ascending_stairs,True,3.6147892e-06,4.7579897e-06,3.910155e-10,7.1553923e-06,9.440409e-06,5.7036773e-06,4.66192e-09,0.99995375,1.14278955e-05,3.3159465e-06,3.755217e-08,7.2560607e-07,0.99995375
pamap2,gnn_flatten_lstm,sequence,7,107,107,108,2078,24495,24495,7,7,12,12,ascending_stairs,ascending_stairs,True,1.5429654e-06,1.1653112e-06,1.15873734e-10,1.200824e-06,3.386962e-06,1.9861973e-06,6.8488937e-10,0.9999819,6.6410703e-06,1.8944494e-06,6.8849553e-09,3.9354225e-07,0.9999819
pamap2,gnn_flatten_lstm,sequence,7,107,107,108,2079,24496,24496,7,7,12,12,ascending_stairs,ascending_stairs,True,9.511485e-07,5.3136546e-07,8.199005e-11,5.4515573e-07,1.3291176e-06,9.871494e-07,2.6628796e-10,0.9999877,6.0169327e-06,1.5259933e-06,2.1363615e-09,3.0486817e-07,0.9999877
pamap2,gnn_flatten_lstm,sequence,7,107,107,108,2080,24497,24497,7,7,12,12,ascending_stairs,ascending_stairs,True,8.1696805e-07,2.9408355e-07,8.988842e-11,5.042818e-07,5.0104074e-07,5.015393e-07,1.7191382e-10,0.99998665,8.689205e-06,1.6889544e-06,9.609913e-10,3.773314e-07,0.99998665
pamap2,gnn_flatten_lstm,sequence,7,107,107,108,2081,24498,24498,7,7,12,12,ascending_stairs,ascending_stairs,True,8.302814e-07,2.7594885e-07,1.3797177e-10,6.50397e-07,3.6421983e-07,4.1064646e-07,2.0159804e-10,0.9999808,1.3850078e-05,2.3716505e-06,9.2548674e-10,4.3915324e-07,0.9999808
pamap2,gnn_flatten_lstm,sequence,7,107,107,108,2082,24499,24499,7,7,12,12,ascending_stairs,ascending_stairs,True,7.759488e-07,2.7270931e-07,1.7905952e-10,1.5430026e-06,3.6515308e-07,2.923053e-07,3.355279e-10,0.99996877,2.409336e-05,3.2155008e-06,1.5128455e-09,5.932822e-07,0.99996877
pamap2,gnn_flatten_lstm,sequence,7,107,107,108,2083,24500,24500,7,7,12,12,ascending_stairs,ascending_stairs,True,8.233596e-07,2.4039798e-07,1.1789075e-10,6.923319e-07,2.8669842e-07,2.9412354e-07,1.5895132e-10,0.99998534,9.906956e-06,2.1257954e-06,1.0971962e-09,3.4098107e-07,0.99998534
pamap2,gnn_flatten_lstm,sequence,7,107,107,108,2084,24501,24501,7,7,12,12,ascending_stairs,ascending_stairs,True,7.644717e-07,2.2316944e-07,7.289026e-11,4.330145e-07,2.939727e-07,3.2124143e-07,1.0800381e-10,0.9999902,5.920913e-06,1.4818936e-06,8.1073726e-10,2.492833e-07,0.9999902
pamap2,gnn_flatten_lstm,sequence,7,107,107,108,2085,24502,24502,7,7,12,12,ascending_stairs,ascending_stairs,True,6.8807543e-07,1.9172272e-07,4.5853404e-11,3.3168e-07,2.6544652e-07,3.082765e-07,8.0864974e-11,0.9999932,3.8020864e-06,1.0950772e-06,6.235846e-10,2.0195337e-07,0.9999932
pamap2,gnn_flatten_lstm,sequence,7,107,107,108,2086,24503,24503,7,7,12,12,ascending_stairs,ascending_stairs,True,7.009144e-07,2.0969658e-07,4.2033186e-11,3.5925956e-07,3.1499877e-07,3.4067574e-07,8.795426e-11,0.99999356,3.2898179e-06,9.91e-07,7.5414636e-10,1.9944517e-07,0.99999356
pamap2,gnn_flatten_lstm,sequence,7,107,107,108,2087,24504,24504,7,7,12,12,ascending_stairs,ascending_stairs,True,9.479087e-07,4.6335836e-07,5.752427e-11,1.0368333e-06,1.0917336e-06,5.771121e-07,2.5853764e-10,0.99998987,4.577136e-06,1.1380546e-06,2.7431641e-09,2.7718835e-07,0.99998987
pamap2,gnn_flatten_lstm,sequence,7,107,107,108,2088,24505,24505,7,7,12,12,ascending_stairs,ascending_stairs,True,1.4651846e-06,8.264299e-07,9.287601e-11,1.4325122e-06,1.6896819e-06,1.0208025e-06,4.729731e-10,0.9999871,4.6384544e-06,1.4675802e-06,5.3788973e-09,3.1189003e-07,0.9999871
pamap2,gnn_flatten_lstm,sequence,7,107,107,108,2089,24506,24506,7,7,12,12,ascending_stairs,ascending_stairs,True,2.9446549e-06,2.4452054e-06,2.5727812e-10,2.057817e-06,5.016408e-06,4.171618e-06,1.359757e-09,0.9999738,6.3648054e-06,2.8127424e-06,2.087386e-08,4.8503586e-07,0.9999738
pamap2,gnn_flatten_lstm,sequence,7,107,107,108,2090,24507,24507,7,7,12,12,ascending_stairs,ascending_stairs,True,1.6872151e-06,8.546298e-07,1.3889774e-10,6.2042363e-07,1.5524319e-06,2.041476e-06,3.1402628e-10,0.9999863,4.443393e-06,2.085142e-06,6.328185e-09,3.3513038e-07,0.9999863
pamap2,gnn_flatten_lstm,sequence,7,107,107,108,2091,24508,24508,7,7,12,12,ascending_stairs,ascending_stairs,True,9.087195e-07,4.0079198e-07,9.368824e-11,4.3902588e-07,5.915672e-07,8.065802e-07,1.615857e-10,0.9999893,5.9364106e-06,1.4628812e-06,1.6545461e-09,3.1542518e-07,0.9999893
pamap2,gnn_flatten_lstm,sequence,7,107,107,108,2092,24509,24509,7,7,12,12,ascending_stairs,ascending_stairs,True,1.0576363e-06,4.6429355e-07,1.8112399e-10,5.766265e-07,5.056198e-07,7.9602916e-07,1.9642156e-10,0.9999844,9.9783465e-06,1.8811928e-06,1.7771706e-09,4.2324916e-07,0.9999844
pamap2,gnn_flatten_lstm,sequence,7,107,107,108,2093,24510,24510,7,7,12,12,ascending_stairs,ascending_stairs,True,8.8825493e-07,3.9381996e-07,2.2372654e-10,1.1867758e-06,4.2687722e-07,4.6699887e-07,2.8009883e-10,0.99997675,1.7029139e-05,2.3895036e-06,2.0517235e-09,5.1642496e-07,0.99997675
pamap2,gnn_flatten_lstm,sequence,7,107,107,108,2094,24511,24511,7,7,12,12,ascending_stairs,ascending_stairs,True,8.270415e-07,4.4701747e-07,3.4056286e-10,4.479557e-06,3.7818708e-07,3.4475926e-07,7.363871e-10,0.999944,4.3871773e-05,4.686618e-06,3.208876e-09,9.672295e-07,0.999944
pamap2,gnn_flatten_lstm,sequence,7,107,107,108,2095,24512,24512,7,7,12,12,ascending_stairs,ascending_stairs,True,8.227796e-07,3.186336e-07,1.6620223e-10,1.4198866e-06,3.5680097e-07,3.4920777e-07,2.9581712e-10,0.99998164,1.2191229e-05,2.4814678e-06,2.3012319e-09,4.559482e-07,0.99998164
pamap2,gnn_flatten_lstm,sequence,7,107,107,108,2096,24513,24513,7,7,12,12,ascending_stairs,ascending_stairs,True,7.6025646e-07,2.7757662e-07,8.4134893e-11,7.085956e-07,3.6275114e-07,3.7347667e-07,1.7122254e-10,0.9999895,6.1793057e-06,1.5949258e-06,1.420696e-09,2.9465647e-07,0.9999895
pamap2,gnn_flatten_lstm,sequence,7,107,107,108,2097,24514,24514,7,7,12,12,ascending_stairs,ascending_stairs,True,7.9400445e-07,2.8198278e-07,6.051866e-11,6.3600004e-07,4.3071688e-07,4.127912e-07,1.616699e-10,0.99999154,4.3995674e-06,1.2885002e-06,1.405353e-09,2.5698904e-07,0.99999154
pamap2,gnn_flatten_lstm,sequence,7,107,107,108,2098,24515,24515,7,7,12,12,ascending_stairs,ascending_stairs,True,1.040451e-06,4.1284028e-07,7.675265e-11,9.993246e-07,8.011899e-07,5.8477343e-07,2.7177827e-10,0.9999893,5.012034e-06,1.5187785e-06,3.0124239e-09,2.9924638e-07,0.9999893
pamap2,gnn_flatten_lstm,sequence,7,107,107,108,2099,24516,24516,7,7,12,12,ascending_stairs,ascending_stairs,True,2.4466683e-06,1.7724137e-06,2.2838904e-10,6.1632186e-06,3.1023494e-06,1.6571177e-06,2.7125608e-09,0.99997103,1.043727e-05,2.8644004e-06,1.4358468e-08,5.127424e-07,0.99997103
pamap2,gnn_flatten_lstm,sequence,7,107,107,108,2100,24517,24517,7,7,12,12,ascending_stairs,ascending_stairs,True,7.1304908e-06,1.2024783e-05,9.917669e-10,1.8704499e-05,1.2839413e-05,1.1326972e-05,1.2950341e-08,0.9999199,1.2578595e-05,4.385856e-06,8.616465e-08,9.714586e-07,0.9999199
pamap2,gnn_flatten_lstm,sequence,7,107,107,108,2101,24518,24518,7,7,12,12,ascending_stairs,ascending_stairs,True,2.602437e-06,2.1632336e-06,1.6942858e-10,1.7805735e-06,4.2614174e-06,3.3672927e-06,1.01476e-09,0.99997795,5.2891855e-06,2.178255e-06,1.4808e-08,4.1726202e-07,0.99997795
pamap2,gnn_flatten_lstm,sequence,7,107,107,108,2102,24519,24519,7,7,12,12,ascending_stairs,ascending_stairs,True,1.5736138e-06,8.0326953e-07,8.908758e-11,5.861034e-07,1.4734568e-06,1.6353929e-06,2.690743e-10,0.99998856,3.521836e-06,1.6136617e-06,4.649375e-09,2.7527705e-07,0.99998856
pamap2,gnn_flatten_lstm,sequence,7,107,107,108,2103,24520,24520,7,7,12,12,ascending_stairs,ascending_stairs,True,8.9653213e-07,3.7265215e-07,6.880573e-11,4.30423e-07,5.4693743e-07,6.941857e-07,1.376257e-10,0.99999094,4.638848e-06,1.1793924e-06,1.3846994e-09,2.7346755e-07,0.99999094
pamap2,gnn_flatten_lstm,sequence,7,107,107,108,2104,24521,24521,7,7,12,12,ascending_stairs,ascending_stairs,True,8.9767957e-07,3.1730568e-07,1.10711273e-10,5.356416e-07,3.5492286e-07,4.7252982e-07,1.4050687e-10,0.9999882,7.448383e-06,1.5215472e-06,1.1542872e-09,3.4004617e-07,0.9999882
pamap2,gnn_flatten_lstm,sequence,7,107,107,108,2105,24522,24522,7,7,12,12,ascending_stairs,ascending_stairs,True,8.2018704e-07,2.8425305e-07,1.4710368e-10,9.600882e-07,3.0431755e-07,3.288901e-07,2.0869122e-10,0.99998236,1.2373471e-05,2.120391e-06,1.3159912e-09,4.1530663e-07,0.99998236
pamap2,gnn_flatten_lstm,sequence,7,107,107,108,2106,24523,24523,7,7,12,12,ascending_stairs,ascending_stairs,True,7.4841574e-07,3.00787e-07,1.9728547e-10,2.5257948e-06,2.9664096e-07,2.512254e-07,4.2972423e-10,0.999967,2.4947609e-05,3.373395e-06,1.95063e-09,6.064117e-07,0.999967
pamap2,gnn_flatten_lstm,sequence,7,107,107,108,2107,24524,24524,7,7,12,12,ascending_stairs,ascending_stairs,True,9.2455514e-07,3.0907967e-07,1.6317411e-10,1.3882525e-06,3.3774256e-07,3.1992718e-07,2.8405117e-10,0.99998295,1.0877773e-05,2.4208734e-06,2.2159017e-09,4.2216575e-07,0.99998295
pamap2,gnn_flatten_lstm,sequence,7,107,107,108,2108,24525,24525,7,7,12,12,ascending_stairs,ascending_stairs,True,9.20706e-07,3.173084e-07,1.08007804e-10,7.6688997e-07,3.7727042e-07,4.1595356e-07,1.9344108e-10,0.99998915,6.145657e-06,1.6613109e-06,1.7105966e-09,3.1215075e-07,0.99998915
pamap2,gnn_flatten_lstm,sequence,7,107,107,108,2109,24526,24526,7,7,12,12,ascending_stairs,ascending_stairs,True,9.609046e-07,3.4043103e-07,8.943282e-11,6.425891e-07,4.6904674e-07,5.3275505e-07,1.8437922e-10,0.9999902,5.007886e-06,1.4798627e-06,1.8357433e-09,2.890408e-07,0.9999902
pamap2,gnn_flatten_lstm,sequence,7,107,107,108,2110,24527,24527,7,7,12,12,ascending_stairs,ascending_stairs,True,1.0358928e-06,4.0858774e-07,7.295619e-11,7.687632e-07,7.194667e-07,6.4912604e-07,2.1881047e-10,0.9999902,4.5140255e-06,1.3790758e-06,2.4812274e-09,2.803163e-07,0.9999902
pamap2,gnn_flatten_lstm,sequence,7,107,107,108,2111,24528,24528,7,7,12,12,ascending_stairs,ascending_stairs,True,2.6189975e-06,1.7634168e-06,2.3015788e-10,5.47835e-06,2.8849856e-06,1.8040491e-06,1.9125292e-09,0.9999746,8.091605e-06,2.2267116e-06,1.6320156e-08,5.1146276e-07,0.9999746
pamap2,gnn_flatten_lstm,sequence,7,107,107,108,2112,24529,24529,7,7,12,12,ascending_stairs,ascending_stairs,True,6.827471e-06,1.4978103e-05,1.2893793e-09,2.365501e-05,1.5292017e-05,1.3306095e-05,1.24925235e-08,0.9999045,1.6385846e-05,3.7965176e-06,1.2615365e-07,1.0885828e-06,0.9999045
pamap2,gnn_flatten_lstm,sequence,7,107,107,108,2113,24530,24530,7,7,12,12,ascending_stairs,ascending_stairs,True,2.386344e-06,2.3831874e-06,1.7002755e-10,2.0157333e-06,4.7917583e-06,3.680179e-06,9.944028e-10,0.9999764,6.14742e-06,1.7371738e-06,1.5678664e-08,4.3872265e-07,0.9999764
pamap2,gnn_flatten_lstm,sequence,7,107,107,108,2114,24531,24531,7,7,12,12,ascending_stairs,ascending_stairs,True,1.4692555e-06,1.4240351e-06,1.1552372e-10,7.2938326e-07,4.7763674e-06,3.6021643e-06,7.6926665e-10,0.99997795,7.700095e-06,1.9895374e-06,5.9872884e-09,3.6705998e-07,0.99997795
pamap2,gnn_flatten_lstm,sequence,7,107,107,108,2115,24532,24532,7,7,12,12,ascending_stairs,ascending_stairs,True,1.238038e-06,1.2532815e-06,1.6985255e-10,4.855787e-07,5.9567046e-06,5.592957e-06,1.083054e-09,0.9999651,1.6824724e-05,2.9281687e-06,3.8171963e-09,5.5951097e-07,0.9999651
pamap2,gnn_flatten_lstm,sequence,7,107,107,108,2116,24533,24533,7,7,12,12,ascending_stairs,ascending_stairs,True,1.6202428e-06,8.89939e-07,2.2755833e-10,5.093751e-07,3.2540042e-06,4.6058144e-06,7.8302487e-10,0.99995685,2.7770075e-05,3.4525413e-06,3.0355352e-09,1.0708845e-06,0.99995685
pamap2,gnn_flatten_lstm,sequence,7,107,107,108,2117,24534,24534,7,7,12,12,ascending_stairs,ascending_stairs,True,1.4224395e-06,1.132977e-06,2.8842623e-10,1.405495e-06,9.309119e-06,8.897007e-06,2.6913796e-09,0.9998946,7.5778335e-05,5.4669467e-06,1.026531e-08,1.8736921e-06,0.9998946
pamap2,gnn_flatten_lstm,sequence,7,107,107,108,2118,24535,24535,7,7,12,12,ascending_stairs,ascending_stairs,True,1.042124e-06,9.063849e-07,3.9782927e-10,8.221374e-06,9.370167e-06,3.3702922e-06,6.4900694e-09,0.9997296,0.0002357976,7.5013963e-06,1.8138705e-08,4.1232097e-06,0.9997296
pamap2,gnn_flatten_lstm,sequence,7,107,107,108,2119,24536,24536,7,7,12,12,ascending_stairs,ascending_stairs,True,1.3756757e-06,7.7897533e-07,3.9698103e-10,3.504816e-06,5.198226e-06,2.3954394e-06,2.4030642e-09,0.9999163,6.2180305e-05,6.4621313e-06,1.9927091e-08,1.7474907e-06,0.9999163
pamap2,gnn_flatten_lstm,sequence,7,107,107,108,2120,24537,24537,7,7,12,12,ascending_stairs,ascending_stairs,True,1.3680757e-06,5.468528e-07,2.2614119e-10,2.3020464e-06,2.9008463e-06,1.3017992e-06,1.0860753e-09,0.9999602,2.5720634e-05,4.6231817e-06,1.203149e-08,1.0890287e-06,0.9999602
pamap2,gnn_flatten_lstm,sequence,7,107,107,108,2121,24538,24538,7,7,12,12,ascending_stairs,ascending_stairs,True,1.345081e-06,5.7236804e-07,1.1891643e-10,1.8777591e-06,4.4916796e-06,1.3520851e-06,6.0286715e-10,0.9999695,1.663795e-05,3.0625802e-06,1.5617788e-08,1.0755139e-06,0.9999695
pamap2,gnn_flatten_lstm,sequence,7,107,107,108,2122,24539,24539,7,7,12,12,ascending_stairs,ascending_stairs,True,1.6289301e-06,8.388645e-07,1.0625073e-10,2.2044806e-06,8.302185e-06,1.7330697e-06,4.788988e-10,0.99996376,1.7129189e-05,2.6357518e-06,2.8447541e-08,1.7263641e-06,0.99996376
pamap2,gnn_flatten_lstm,sequence,7,107,107,108,2123,24540,24540,7,7,12,12,ascending_stairs,ascending_stairs,True,1.5000807e-06,7.675813e-07,8.543134e-11,1.8820268e-06,3.644221e-06,1.3177138e-06,4.0816447e-10,0.99997663,1.1194512e-05,2.0711993e-06,1.1583458e-08,9.785099e-07,0.99997663
pamap2,gnn_flatten_lstm,sequence,7,107,107,108,2124,24541,24541,7,7,12,12,ascending_stairs,ascending_stairs,True,1.0900721e-06,4.3725663e-07,5.2803404e-11,7.01073e-07,8.385521e-07,7.8268994e-07,1.8554214e-10,0.99999094,3.6881063e-06,1.2930036e-06,2.7612932e-09,2.944524e-07,0.99999094
pamap2,gnn_flatten_lstm,sequence,7,107,107,108,2125,24542,24542,7,7,12,12,ascending_stairs,ascending_stairs,True,2.9161138e-06,2.2937961e-06,2.306446e-10,1.2288126e-06,2.8498307e-06,4.1372796e-06,5.7421756e-10,0.9999795,4.4366006e-06,2.2077343e-06,1.8019566e-08,4.7042954e-07,0.9999795
pamap2,gnn_flatten_lstm,sequence,7,107,107,108,2126,24543,24543,7,7,12,12,ascending_stairs,ascending_stairs,True,1.1411788e-06,5.860531e-07,8.225341e-11,3.810423e-07,8.5202026e-07,1.2561602e-06,1.5676804e-10,0.99999046,3.779135e-06,1.3285928e-06,2.45719e-09,2.556324e-07,0.99999046
pamap2,gnn_flatten_lstm,sequence,7,107,107,108,2127,24544,24544,7,7,12,12,ascending_stairs,ascending_stairs,True,9.547948e-07,5.167696e-07,1.1018131e-10,2.866095e-07,6.7237875e-07,1.1520373e-06,1.4851367e-10,0.9999888,5.8473047e-06,1.4863866e-06,1.5098663e-09,2.7480655e-07,0.9999888
pamap2,gnn_flatten_lstm,sequence,7,107,107,108,2128,24545,24545,7,7,12,12,ascending_stairs,ascending_stairs,True,1.2200178e-06,5.299084e-07,2.1163227e-10,3.256968e-07,4.8639e-07,9.886802e-07,1.6140535e-10,0.9999826,1.1693661e-05,1.8769834e-06,1.0266601e-09,4.02183e-07,0.9999826
pamap2,gnn_flatten_lstm,sequence,7,107,107,108,2129,24546,24546,7,7,12,12,ascending_stairs,ascending_stairs,True,9.858456e-07,3.7530558e-07,2.2492942e-10,6.3082865e-07,3.6609697e-07,4.8715435e-07,2.0845346e-10,0.99997735,1.6917977e-05,2.4707742e-06,1.0346161e-09,4.5112793e-07,0.99997735
pamap2,gnn_flatten_lstm,sequence,7,107,107,108,2130,24547,24547,7,7,12,12,ascending_stairs,ascending_stairs,True,9.146913e-07,4.4269058e-07,2.9870598e-10,1.0719679e-06,4.3454565e-07,4.3537946e-07,2.967078e-10,0.99996674,2.662772e-05,2.7085828e-06,1.5089751e-09,5.420333e-07,0.99996674
pamap2,gnn_flatten_lstm,sequence,7,107,107,108,2131,24548,24548,7,7,12,12,ascending_stairs,ascending_stairs,True,8.5895834e-07,5.391745e-07,4.0317752e-10,2.7519322e-06,4.5156435e-07,3.8974048e-07,5.9791155e-10,0.99994385,4.6178826e-05,4.205462e-06,2.377599e-09,7.822203e-07,0.99994385
pamap2,gnn_flatten_lstm,sequence,7,107,107,108,2132,24549,24549,7,7,12,12,ascending_stairs,ascending_stairs,True,7.9946443e-07,3.4791077e-07,1.6384634e-10,7.726729e-07,3.8929318e-07,4.4267532e-07,2.1641705e-10,0.9999819,1.2670892e-05,2.3041125e-06,1.5699478e-09,3.9990513e-07,0.9999819
pamap2,gnn_flatten_lstm,sequence,7,107,107,108,2133,24550,24550,7,7,12,12,ascending_stairs,ascending_stairs,True,7.042593e-07,2.715545e-07,8.260461e-11,5.7697184e-07,4.34715e-07,4.309911e-07,1.6238262e-10,0.9999881,7.5236144e-06,1.6486007e-06,1.3157478e-09,3.125746e-07,0.9999881
pamap2,gnn_flatten_lstm,sequence,7,107,107,108,2134,24551,24551,7,7,12,12,ascending_stairs,ascending_stairs,True,7.071795e-07,2.615117e-07,5.196106e-11,6.421135e-07,5.380651e-07,4.1445193e-07,1.6824021e-10,0.9999907,5.123573e-06,1.293789e-06,1.4386047e-09,2.7376387e-07,0.9999907
pamap2,gnn_flatten_lstm,sequence,7,107,107,108,2135,24552,24552,7,7,12,12,ascending_stairs,ascending_stairs,True,1.7285655e-06,3.3327935e-06,3.660846e-10,1.6381886e-05,1.0597133e-05,1.6428216e-06,9.232574e-09,0.9999012,5.9758884e-05,4.5295224e-06,2.2797947e-08,8.097931e-07,0.9999012
pamap2,gnn_flatten_lstm,sequence,7,107,107,108,2136,24553,24553,7,7,12,12,ascending_stairs,ascending_stairs,True,2.4158812e-06,3.7021068e-06,3.3494327e-10,1.1933463e-05,7.776777e-06,2.3782948e-06,7.131551e-09,0.99994516,2.2381073e-05,3.6262868e-06,2.3280833e-08,5.987897e-07,0.99994516
pamap2,gnn_flatten_lstm,sequence,7,107,107,108,2137,24554,24554,7,7,12,12,ascending_stairs,ascending_stairs,True,6.315881e-06,1.1777673e-05,8.471441e-10,1.2209118e-05,1.859663e-05,1.2810307e-05,1.265875e-08,0.9999182,1.4078819e-05,4.9572263e-06,8.677506e-08,8.738899e-07,0.9999182
pamap2,gnn_flatten_lstm,sequence,7,107,107,108,2138,24555,24555,7,7,12,12,ascending_stairs,ascending_stairs,True,2.9701775e-06,2.4038047e-06,1.8638334e-10,1.5103028e-06,5.5381574e-06,4.310182e-06,1.2710828e-09,0.99997497,5.2306414e-06,2.6671792e-06,1.5644973e-08,4.4441416e-07,0.99997497
pamap2,gnn_flatten_lstm,sequence,7,107,107,108,2139,24556,24556,7,7,12,12,ascending_stairs,ascending_stairs,True,1.6248557e-06,1.1394159e-06,1.3931287e-10,9.296857e-07,2.2034756e-06,1.9808779e-06,4.747031e-10,0.99998367,6.380706e-06,1.6913962e-06,5.3946914e-09,4.198722e-07,0.99998367
pamap2,gnn_flatten_lstm,sequence,7,107,107,108,2140,24557,24557,7,7,12,12,ascending_stairs,ascending_stairs,True,1.3576552e-06,1.0262975e-06,2.087665e-10,9.912972e-07,1.5248523e-06,1.6020797e-06,3.8009362e-10,0.9999826,8.745269e-06,1.6887559e-06,5.881576e-09,4.4991097e-07,0.9999826
pamap2,gnn_flatten_lstm,sequence,7,107,107,108,2141,24558,24558,7,7,12,12,ascending_stairs,ascending_stairs,True,5.070596e-06,9.090831e-06,6.159173e-09,4.5255906e-06,9.86663e-06,1.5267751e-05,1.4521434e-08,0.9998758,6.619019e-05,1.2163195e-05,3.7017195e-08,2.0213517e-06,0.9998758
pamap2,gnn_flatten_lstm,sequence,7,107,107,108,2142,24559,24559,7,7,12,12,ascending_stairs,ascending_stairs,True,1.831264e-05,7.8561796e-05,1.3953432e-07,3.311639e-05,0.000105486826,7.73728e-05,5.57333e-07,0.9989913,0.00061643956,6.826836e-05,3.9113257e-07,9.946671e-06,0.9989913
pamap2,gnn_flatten_lstm,sequence,7,107,107,108,2143,24560,24560,7,7,12,12,ascending_stairs,ascending_stairs,True,7.2371404e-05,0.00058337674,3.0046417e-06,0.00037322953,0.0015091539,0.00021427628,2.2957214e-05,0.9882429,0.008579205,0.0003168928,3.7780424e-06,7.8777266e-05,0.9882429
pamap2,gnn_flatten_lstm,sequence,7,107,107,108,2144,24561,24561,7,7,12,12,ascending_stairs,ascending_stairs,True,0.00022073595,0.0021309475,2.4484058e-05,0.0034279195,0.011762625,0.00031019465,0.000335568,0.90484697,0.075479686,0.0009214741,1.8827888e-05,0.0005206453,0.90484697
pamap2,gnn_flatten_lstm,sequence,7,107,107,108,2145,24562,24562,8,7,13,12,descending_stairs,ascending_stairs,False,0.00047399255,0.005505249,0.00011084443,0.016141444,0.039100185,0.0003866936,0.0019706353,0.6366578,0.29626766,0.0016297977,5.774846e-05,0.0016979864,0.6366578
pamap2,gnn_flatten_lstm,sequence,7,107,107,108,2146,24563,24563,8,8,13,13,descending_stairs,descending_stairs,True,0.0010521683,0.013205658,0.0004197942,0.066559285,0.09422577,0.00049900415,0.012017202,0.32373792,0.48122486,0.002386472,0.00018813566,0.004483719,0.48122486
pamap2,gnn_flatten_lstm,sequence,7,107,107,108,2147,24564,24564,8,3,13,4,descending_stairs,walking,False,0.001638445,0.018516125,0.00095270993,0.31529674,0.14761285,0.0010050399,0.18836837,0.087053366,0.23078686,0.0035496093,0.00049975945,0.004720135,0.31529674
pamap2,gnn_flatten_lstm,sequence,7,107,107,108,2148,24565,24565,8,6,13,7,descending_stairs,nordic_walking,False,0.0035933089,0.018340874,0.002099078,0.28875428,0.15489578,0.0031971224,0.35744476,0.07414305,0.08325231,0.0056273974,0.0013435046,0.0073085916,0.35744476
pamap2,gnn_flatten_lstm,sequence,7,107,107,108,2149,24566,24566,8,7,13,12,descending_stairs,ascending_stairs,False,0.009616281,0.031063864,0.0015194991,0.09517485,0.2516107,0.0026933686,0.021478068,0.3812605,0.16902225,0.006107578,0.0012926667,0.02916046,0.3812605
pamap2,gnn_flatten_lstm,sequence,7,107,107,108,2150,24567,24567,8,8,13,13,descending_stairs,descending_stairs,True,0.027228013,0.11424034,0.0321354,0.050562702,0.04182484,0.0019678278,0.008372599,0.21601298,0.42073536,0.053018562,0.013294189,0.020607186,0.42073536
pamap2,gnn_flatten_lstm,sequence,7,107,107,108,2151,24568,24568,8,7,13,12,descending_stairs,ascending_stairs,False,0.00923513,0.030926835,0.0019356812,0.015168418,0.013719218,0.00049377314,0.0003050179,0.61543405,0.29456994,0.007879577,0.0009730609,0.00935925,0.61543405
pamap2,gnn_flatten_lstm,sequence,7,107,107,108,2152,24569,24569,8,7,13,12,descending_stairs,ascending_stairs,False,0.0006478161,0.0025807265,4.2093638e-05,0.0029312314,0.0027964073,6.095395e-05,1.2875303e-05,0.6854885,0.30219397,0.0006965523,1.6197278e-05,0.0025326265,0.6854885
pamap2,gnn_flatten_lstm,sequence,7,107,107,108,2153,24570,24570,8,8,13,13,descending_stairs,descending_stairs,True,1.4155991e-05,0.00015167166,7.667939e-07,0.0010523291,0.0013325269,7.442678e-06,4.1491835e-06,0.12236596,0.8734701,5.5089324e-05,4.0086246e-07,0.0015453986,0.8734701
pamap2,gnn_flatten_lstm,sequence,7,107,107,108,2154,24571,24571,8,8,13,13,descending_stairs,descending_stairs,True,2.5308364e-07,8.233712e-06,2.6377077e-08,0.00027485794,0.00032343587,6.173488e-07,1.3448616e-06,0.0061750785,0.99284726,3.787892e-06,2.114701e-08,0.0003651124,0.99284726
pamap2,gnn_flatten_lstm,sequence,7,107,107,108,2155,24572,24572,8,8,13,13,descending_stairs,descending_stairs,True,4.607678e-09,6.6480084e-07,1.8071409e-09,8.8670175e-05,3.929106e-05,4.059289e-08,4.7660205e-07,0.0002233997,0.99960285,3.959446e-07,1.5868465e-09,4.422713e-05,0.99960285
pamap2,gnn_flatten_lstm,sequence,7,107,107,108,2156,24573,24573,8,8,13,13,descending_stairs,descending_stairs,True,4.045918e-10,1.6300247e-07,3.85441e-10,4.7755002e-05,7.818297e-06,7.002854e-09,2.4860125e-07,2.8003473e-05,0.9999074,9.4089174e-08,3.1732736e-10,8.535569e-06,0.9999074
pamap2,gnn_flatten_lstm,sequence,7,107,107,108,2157,24574,24574,8,8,13,13,descending_stairs,descending_stairs,True,1.4238134e-10,9.7791826e-08,2.0764863e-10,3.642407e-05,3.6371393e-06,3.5085885e-09,1.9923787e-07,9.3715735e-06,0.9999465,4.985761e-08,1.4717388e-10,3.5991702e-06,0.9999465
pamap2,gnn_flatten_lstm,sequence,7,107,107,108,2158,24575,24575,8,8,13,13,descending_stairs,descending_stairs,True,9.988652e-11,6.911549e-08,1.3922836e-10,2.9033565e-05,2.8326606e-06,2.9436125e-09,1.5876736e-07,7.875213e-06,0.99995685,4.514051e-08,9.249842e-11,3.141249e-06,0.99995685
pamap2,gnn_flatten_lstm,sequence,7,107,107,108,2159,24576,24576,8,8,13,13,descending_stairs,descending_stairs,True,8.223755e-11,6.301486e-08,1.1767187e-10,2.6329815e-05,2.8028517e-06,2.6246654e-09,1.6549374e-07,6.0788807e-06,0.9999616,3.4698836e-08,8.1980395e-11,2.845321e-06,0.9999616
pamap2,gnn_flatten_lstm,sequence,7,107,107,108,2160,24577,24577,8,8,13,13,descending_stairs,descending_stairs,True,6.000083e-11,5.961592e-08,9.6306275e-11,2.5028468e-05,2.5694171e-06,2.2266509e-09,1.7496946e-07,3.9671545e-06,0.999966,2.4641949e-08,7.5163514e-11,2.2089175e-06,0.999966
pamap2,gnn_flatten_lstm,sequence,7,107,107,108,2161,24578,24578,8,8,13,13,descending_stairs,descending_stairs,True,5.0034744e-11,5.702941e-08,8.8792085e-11,2.4938876e-05,2.108829e-06,1.920932e-09,1.657633e-07,3.114719e-06,0.9999678,2.2388098e-08,6.8470694e-11,1.7950682e-06,0.9999678
pamap2,gnn_flatten_lstm,sequence,7,107,107,108,2162,24579,24579,8,8,13,13,descending_stairs,descending_stairs,True,6.563833e-11,7.03882e-08,1.2422202e-10,3.213055e-05,2.208567e-06,2.2556614e-09,2.015553e-07,3.506754e-06,0.9999598,2.8544827e-08,9.78805e-11,1.9152637e-06,0.9999598
pamap2,gnn_flatten_lstm,sequence,7,107,107,108,2163,24580,24580,8,8,13,13,descending_stairs,descending_stairs,True,7.587804e-11,8.3696335e-08,1.6803418e-10,4.0333944e-05,2.0911755e-06,2.3301452e-09,2.39355e-07,3.6107333e-06,0.9999517,3.5766703e-08,1.1821487e-10,1.8675088e-06,0.9999517
pamap2,gnn_flatten_lstm,sequence,7,107,107,108,2164,24581,24581,8,8,13,13,descending_stairs,descending_stairs,True,1.111681e-10,1.1452575e-07,2.841556e-10,6.004756e-05,2.2120526e-06,2.77907e-09,3.060755e-07,4.2058605e-06,0.99993086,4.7494396e-08,1.8845123e-10,2.0766463e-06,0.99993086
pamap2,gnn_flatten_lstm,sequence,7,107,107,108,2165,24582,24582,8,8,13,13,descending_stairs,descending_stairs,True,6.842889e-11,7.909414e-08,1.5213962e-10,3.653487e-05,2.100811e-06,2.3709839e-09,2.285668e-07,3.2823077e-06,0.9999559,3.106897e-08,1.08210614e-10,1.7920569e-06,0.9999559
pamap2,gnn_flatten_lstm,sequence,7,107,107,108,2166,24583,24583,8,8,13,13,descending_stairs,descending_stairs,True,5.945877e-11,6.8700515e-08,1.12851214e-10,2.9981442e-05,2.3314933e-06,2.2209838e-09,2.079786e-07,3.2545954e-06,0.9999621,2.5238872e-08,9.2022716e-11,1.8988615e-06,0.9999621
pamap2,gnn_flatten_lstm,sequence,7,107,107,108,2167,24584,24584,8,8,13,13,descending_stairs,descending_stairs,True,5.6511528e-11,6.477347e-08,9.8876914e-11,2.7968092e-05,2.5359484e-06,2.3256406e-09,2.0847527e-07,3.1860507e-06,0.999964,2.2885251e-08,8.8299944e-11,1.9780996e-06,0.999964
pamap2,gnn_flatten_lstm,sequence,7,107,107,108,2168,24585,24585,8,8,13,13,descending_stairs,descending_stairs,True,5.976077e-11,6.822587e-08,1.0663023e-10,2.9397605e-05,2.6245289e-06,2.5104916e-09,2.2251464e-07,3.266712e-06,0.99996245,2.3877242e-08,9.865673e-11,1.9619993e-06,0.99996245
pamap2,gnn_flatten_lstm,sequence,7,107,107,108,2169,24586,24586,8,8,13,13,descending_stairs,descending_stairs,True,6.2691026e-11,7.154513e-08,1.1945232e-10,3.123792e-05,2.530951e-06,2.58404e-09,2.3302573e-07,3.3089536e-06,0.99996066,2.5512099e-08,1.0233624e-10,1.943965e-06,0.99996066
pamap2,gnn_flatten_lstm,sequence,7,107,107,108,2170,24587,24587,8,8,13,13,descending_stairs,descending_stairs,True,8.918549e-11,9.370135e-08,1.9604357e-10,5.230086e-05,2.496546e-06,2.8460168e-09,3.2557165e-07,3.7028285e-06,0.99993885,3.479434e-08,1.5267365e-10,2.1469789e-06,0.99993885
pamap2,gnn_flatten_lstm,sequence,7,107,107,108,2171,24588,24588,8,8,13,13,descending_stairs,descending_stairs,True,5.93313e-11,6.872539e-08,1.1926553e-10,3.6712787e-05,2.309035e-06,2.5829239e-09,2.6009664e-07,3.0108058e-06,0.9999559,2.6185413e-08,1.00731694e-10,1.8386916e-06,0.9999559
pamap2,gnn_flatten_lstm,sequence,7,107,107,108,2172,24589,24589,8,8,13,13,descending_stairs,descending_stairs,True,5.6086094e-11,6.284098e-08,9.876628e-11,2.986698e-05,2.4467936e-06,2.3791258e-09,2.2083015e-07,3.138885e-06,0.9999622,2.326982e-08,8.887647e-11,1.9331583e-06,0.9999622
pamap2,gnn_flatten_lstm,sequence,7,107,107,108,2173,24590,24590,8,8,13,13,descending_stairs,descending_stairs,True,5.6360944e-11,6.146142e-08,9.3849706e-11,2.783245e-05,2.5295965e-06,2.3869893e-09,2.0937806e-07,3.1839188e-06,0.9999641,2.245927e-08,8.57473e-11,1.9939698e-06,0.9999641
pamap2,gnn_flatten_lstm,sequence,7,107,107,108,2174,24591,24591,8,8,13,13,descending_stairs,descending_stairs,True,5.3072047e-11,5.971477e-08,9.2376135e-11,2.7184738e-05,2.2657002e-06,2.1796953e-09,1.9245084e-07,3.0278286e-06,0.9999653,2.254677e-08,7.9453874e-11,1.8388719e-06,0.9999653
pamap2,gnn_flatten_lstm,sequence,7,107,107,108,2175,24592,24592,8,8,13,13,descending_stairs,descending_stairs,True,6.240923e-11,6.969093e-08,1.1809423e-10,2.9533307e-05,2.2762263e-06,2.2400104e-09,1.9875715e-07,3.3183362e-06,0.9999627,2.6334549e-08,9.422371e-11,1.8385882e-06,0.9999627
pamap2,gnn_flatten_lstm,sequence,7,107,107,108,2176,24593,24593,8,8,13,13,descending_stairs,descending_stairs,True,8.6142975e-11,8.950003e-08,1.9441039e-10,5.2574407e-05,2.2122115e-06,2.367184e-09,2.7051215e-07,3.9623656e-06,0.99993885,3.5471462e-08,1.4686403e-10,1.9386166e-06,0.99993885
pamap2,gnn_flatten_lstm,sequence,7,107,107,108,2177,24594,24594,8,8,13,13,descending_stairs,descending_stairs,True,8.456569e-11,9.141984e-08,1.7798713e-10,3.9993352e-05,2.7044407e-06,2.7423401e-09,2.724055e-07,4.0395475e-06,0.99995077,3.2026993e-08,1.4479222e-10,2.147762e-06,0.99995077
pamap2,gnn_flatten_lstm,sequence,7,107,107,108,2178,24595,24595,8,8,13,13,descending_stairs,descending_stairs,True,7.641074e-11,8.272596e-08,1.454675e-10,3.5259756e-05,2.8552465e-06,2.6903573e-09,2.5616472e-07,3.9110164e-06,0.9999554,2.8198158e-08,1.2639015e-10,2.1902335e-06,0.9999554
pamap2,gnn_flatten_lstm,sequence,7,107,107,108,2179,24596,24596,8,8,13,13,descending_stairs,descending_stairs,True,5.319751e-11,6.526538e-08,9.9513876e-11,3.069264e-05,2.55047e-06,2.2528441e-09,2.217378e-07,3.2950152e-06,0.9999614,2.178017e-08,9.3030694e-11,1.8167273e-06,0.9999614
pamap2,gnn_flatten_lstm,sequence,7,107,107,108,2180,24597,24597,8,8,13,13,descending_stairs,descending_stairs,True,5.1706823e-11,6.411444e-08,9.5772196e-11,2.9147184e-05,2.5634274e-06,2.25049e-09,2.1757091e-07,3.1809163e-06,0.9999629,2.1024992e-08,9.152637e-11,1.7859361e-06,0.9999629
pamap2,gnn_flatten_lstm,sequence,7,107,107,108,2181,24598,24598,8,8,13,13,descending_stairs,descending_stairs,True,6.369962e-11,7.3979415e-08,1.2372411e-10,3.141609e-05,2.5631764e-06,2.5558349e-09,2.3485755e-07,3.3736042e-06,0.9999603,2.573294e-08,1.08144035e-10,1.8970499e-06,0.9999603
pamap2,gnn_flatten_lstm,sequence,7,107,107,108,2182,24599,24599,8,8,13,13,descending_stairs,descending_stairs,True,8.805295e-11,9.116914e-08,1.868812e-10,4.7485977e-05,2.475906e-06,2.867532e-09,2.9314188e-07,3.8357352e-06,0.99994373,3.533058e-08,1.5042843e-10,2.0775544e-06,0.99994373
pamap2,gnn_flatten_lstm,sequence,7,107,107,108,2183,24600,24600,8,8,13,13,descending_stairs,descending_stairs,True,1.07148e-10,1.07418884e-07,2.5283647e-10,6.720932e-05,2.516297e-06,3.2762704e-09,3.8450793e-07,4.036796e-06,0.9999236,4.325818e-08,2.1034614e-10,2.1599126e-06,0.9999236
pamap2,gnn_flatten_lstm,sequence,7,107,107,108,2184,24601,24601,8,8,13,13,descending_stairs,descending_stairs,True,1.0001525e-10,9.814624e-08,1.8633313e-10,4.921035e-05,3.2500454e-06,3.6285257e-09,3.443426e-07,4.366746e-06,0.99994016,3.561822e-08,1.9130791e-10,2.5308652e-06,0.99994016
pamap2,gnn_flatten_lstm,sequence,7,107,107,108,2185,24602,24602,8,8,13,13,descending_stairs,descending_stairs,True,8.4543796e-11,8.398462e-08,1.3945137e-10,3.8498496e-05,3.3517956e-06,3.3907472e-09,2.8733297e-07,4.059686e-06,0.99995124,2.9316961e-08,1.4577993e-10,2.4985943e-06,0.99995124
pamap2,gnn_flatten_lstm,sequence,7,107,107,108,2186,24603,24603,8,8,13,13,descending_stairs,descending_stairs,True,6.2934775e-11,6.365972e-08,9.925003e-11,2.9850387e-05,2.5853826e-06,2.5239426e-09,2.0970667e-07,3.4397303e-06,0.9999616,2.4554057e-08,9.33156e-11,2.1966457e-06,0.9999616
pamap2,gnn_flatten_lstm,sequence,7,107,107,108,2187,24604,24604,8,8,13,13,descending_stairs,descending_stairs,True,6.890756e-11,6.859531e-08,1.0890835e-10,3.0036901e-05,2.778586e-06,2.7070604e-09,2.2112954e-07,3.601413e-06,0.999961,2.5621539e-08,1.0361311e-10,2.2982513e-06,0.999961
pamap2,gnn_flatten_lstm,sequence,7,107,107,108,2188,24605,24605,8,8,13,13,descending_stairs,descending_stairs,True,7.301008e-11,7.6505856e-08,1.3060615e-10,3.300925e-05,2.7167032e-06,2.7625615e-09,2.41197e-07,3.6442505e-06,0.99995804,2.7785534e-08,1.1429496e-10,2.1835776e-06,0.99995804
pamap2,gnn_flatten_lstm,sequence,7,107,107,108,2189,24606,24606,8,8,13,13,descending_stairs,descending_stairs,True,8.185209e-11,8.810402e-08,1.6923714e-10,3.591195e-05,2.4764315e-06,2.73334e-09,2.458471e-07,3.7248958e-06,0.99995553,3.374891e-08,1.2323036e-10,2.0168202e-06,0.99995553
pamap2,gnn_flatten_lstm,sequence,7,107,107,108,2190,24607,24607,8,8,13,13,descending_stairs,descending_stairs,True,1.178744e-10,1.2104772e-07,2.9990255e-10,6.7450645e-05,2.5100012e-06,2.9066178e-09,3.4713463e-07,4.4748126e-06,0.9999229,4.4654893e-08,2.0631882e-10,2.1475732e-06,0.9999229
pamap2,gnn_flatten_lstm,sequence,7,107,107,108,2191,24608,24608,8,8,13,13,descending_stairs,descending_stairs,True,9.703081e-11,1.01799934e-07,2.0500324e-10,4.3907778e-05,2.8610475e-06,3.0272402e-09,2.9978932e-07,4.2751294e-06,0.9999461,3.6262243e-08,1.6286371e-10,2.3082353e-06,0.9999461
pamap2,gnn_flatten_lstm,sequence,7,107,107,108,2192,24609,24609,8,8,13,13,descending_stairs,descending_stairs,True,8.090511e-11,8.4907235e-08,1.508681e-10,3.5117806e-05,2.8211612e-06,2.6559677e-09,2.492147e-07,3.9520496e-06,0.9999554,2.9616364e-08,1.2543862e-10,2.2799773e-06,0.9999554
pamap2,gnn_flatten_lstm,sequence,7,107,107,108,2193,24610,24610,8,8,13,13,descending_stairs,descending_stairs,True,8.237435e-11,8.204692e-08,1.4317937e-10,3.3662698e-05,2.898914e-06,2.7230294e-09,2.423463e-07,4.00165e-06,0.9999567,2.9083152e-08,1.2253067e-10,2.3911632e-06,0.9999567
pamap2,gnn_flatten_lstm,sequence,7,107,107,108,2194,24611,24611,8,8,13,13,descending_stairs,descending_stairs,True,8.350088e-11,8.3956785e-08,1.5796583e-10,3.7323294e-05,2.5765676e-06,2.438118e-09,2.406647e-07,3.8280405e-06,0.9999536,2.9852295e-08,1.2251486e-10,2.2259662e-06,0.9999536
pamap2,gnn_flatten_lstm,sequence,7,107,107,108,2195,24612,24612,8,8,13,13,descending_stairs,descending_stairs,True,9.449117e-11,9.598537e-08,1.9757611e-10,3.9754344e-05,2.5575177e-06,2.6253193e-09,2.6027362e-07,3.8517946e-06,0.99995136,3.427004e-08,1.332722e-10,2.196573e-06,0.99995136
pamap2,gnn_flatten_lstm,sequence,7,107,107,108,2196,24613,24613,8,8,13,13,descending_stairs,descending_stairs,True,1.03171235e-10,1.00331285e-07,2.2855205e-10,5.631337e-05,2.2921436e-06,2.2206184e-09,2.8294355e-07,3.9987704e-06,0.9999349,3.762904e-08,1.5529249e-10,2.0827972e-06,0.9999349
pamap2,gnn_flatten_lstm,sequence,7,107,107,108,2197,24614,24614,8,8,13,13,descending_stairs,descending_stairs,True,1.3139569e-10,1.2847481e-07,3.4109215e-10,8.4569925e-05,2.335164e-06,2.2440234e-09,3.6134335e-07,4.2213724e-06,0.9999063,4.5006697e-08,2.3636948e-10,2.0297489e-06,0.9999063
pamap2,gnn_flatten_lstm,sequence,7,107,107,108,2198,24615,24615,8,8,13,13,descending_stairs,descending_stairs,True,8.371446e-11,8.690191e-08,1.6986494e-10,4.457471e-05,2.4886635e-06,2.1551692e-09,2.489614e-07,3.8902544e-06,0.9999466,3.0144e-08,1.3940074e-10,2.0227117e-06,0.9999466
pamap2,gnn_flatten_lstm,sequence,7,107,107,108,2199,24616,24616,8,8,13,13,descending_stairs,descending_stairs,True,7.590453e-11,7.66431e-08,1.3463378e-10,3.7197537e-05,2.7293845e-06,2.2997941e-09,2.3357946e-07,3.910685e-06,0.9999536,2.6750444e-08,1.179563e-10,2.1849844e-06,0.9999536
pamap2,gnn_flatten_lstm,sequence,7,107,107,108,2200,24617,24617,8,8,13,13,descending_stairs,descending_stairs,True,7.272158e-11,7.3366735e-08,1.2861123e-10,3.272044e-05,2.6780615e-06,2.2683597e-09,2.2074758e-07,3.8202097e-06,0.9999583,2.5935305e-08,1.05549645e-10,2.179569e-06,0.9999583
pamap2,gnn_flatten_lstm,sequence,7,107,107,108,2201,24618,24618,8,8,13,13,descending_stairs,descending_stairs,True,7.675998e-11,7.910433e-08,1.3838965e-10,3.352769e-05,2.901039e-06,2.441309e-09,2.3756606e-07,4.0389177e-06,0.99995697,2.6687289e-08,1.1477282e-10,2.252015e-06,0.99995697
pamap2,gnn_flatten_lstm,sequence,7,107,107,108,2202,24619,24619,8,8,13,13,descending_stairs,descending_stairs,True,5.1309176e-11,5.982047e-08,9.5474975e-11,2.897518e-05,2.1402084e-06,1.7629544e-09,1.8469386e-07,3.1306267e-06,0.99996376,2.1437279e-08,7.6790525e-11,1.6874797e-06,0.99996376
pamap2,gnn_flatten_lstm,sequence,7,107,107,108,2203,24620,24620,8,8,13,13,descending_stairs,descending_stairs,True,4.44517e-11,5.4198164e-08,8.627014e-11,2.924303e-05,1.8651705e-06,1.5655366e-09,1.766205e-07,2.7335766e-06,0.99996436,1.9885674e-08,6.8319655e-11,1.5170513e-06,0.99996436
pamap2,gnn_flatten_lstm,sequence,7,107,107,108,2204,24621,24621,8,8,13,13,descending_stairs,descending_stairs,True,7.17555e-11,8.1215056e-08,1.5892138e-10,3.91931e-05,2.0181064e-06,1.8903008e-09,2.1534888e-07,3.4680882e-06,0.99995327,3.1256118e-08,1.1539007e-10,1.6491629e-06,0.99995327
pamap2,gnn_flatten_lstm,sequence,7,107,107,108,2205,24622,24622,8,8,13,13,descending_stairs,descending_stairs,True,1.0645265e-10,1.17775e-07,2.873909e-10,8.742881e-05,2.1497508e-06,1.9616506e-09,3.1261376e-07,4.5936727e-06,0.99990356,4.363011e-08,2.2927098e-10,1.7540417e-06,0.99990356
pamap2,gnn_flatten_lstm,sequence,7,107,107,108,2206,24623,24623,8,8,13,13,descending_stairs,descending_stairs,True,1.9601054e-10,2.1047713e-07,7.4089396e-10,0.00019899062,2.4941858e-06,2.4363138e-09,5.248179e-07,6.402377e-06,0.9997894,7.062658e-08,5.773468e-10,1.9513582e-06,0.9997894
pamap2,gnn_flatten_lstm,sequence,7,107,107,108,2207,24624,24624,8,8,13,13,descending_stairs,descending_stairs,True,5.1033966e-10,4.850264e-07,3.0797034e-09,0.00083799585,3.868024e-06,4.705976e-09,1.445804e-06,1.2516538e-05,0.99914014,1.5589224e-07,2.4521711e-09,3.3771182e-06,0.99914014
pamap2,gnn_flatten_lstm,sequence,7,107,107,108,2208,24625,24625,8,8,13,13,descending_stairs,descending_stairs,True,2.5661245e-10,2.507062e-07,7.538693e-10,0.00018978836,4.186494e-06,4.482712e-09,7.3454197e-07,8.196726e-06,0.99979407,7.682859e-08,8.32405e-10,2.6897374e-06,0.99979407
pamap2,gnn_flatten_lstm,sequence,7,107,107,108,2209,24626,24626,8,8,13,13,descending_stairs,descending_stairs,True,1.672789e-10,1.6403804e-07,3.5956552e-10,9.477028e-05,4.33821e-06,4.065106e-09,5.055205e-07,6.669998e-06,0.9998908,4.9268092e-08,4.119727e-10,2.7742815e-06,0.9998908
pamap2,gnn_flatten_lstm,sequence,7,107,107,108,2210,24627,24627,8,8,13,13,descending_stairs,descending_stairs,True,1.202251e-10,1.2154133e-07,2.220788e-10,6.686234e-05,4.138439e-06,3.6660743e-09,4.090539e-07,5.5232495e-06,0.99992025,3.6748833e-08,2.6205635e-10,2.6602838e-06,0.99992025
pamap2,gnn_flatten_lstm,sequence,7,107,107,108,2211,24628,24628,8,8,13,13,descending_stairs,descending_stairs,True,1.516452e-10,1.492978e-07,2.2033547e-10,8.591259e-05,6.918458e-06,5.7625975e-09,5.9245406e-07,7.071719e-06,0.9998956,4.0242554e-08,3.8953527e-10,3.7358568e-06,0.9998956
pamap2,gnn_flatten_lstm,sequence,7,107,107,108,2212,24629,24629,8,8,13,13,descending_stairs,descending_stairs,True,5.2655624e-10,4.979042e-07,6.316277e-10,0.0005960796,3.204906e-05,2.7807461e-08,3.619162e-06,2.960088e-05,0.9993243,1.2482924e-07,3.0011216e-09,1.3791916e-05,0.9993243
pamap2,gnn_flatten_lstm,sequence,7,107,107,108,2213,24630,24630,8,8,13,13,descending_stairs,descending_stairs,True,4.824831e-10,4.478378e-07,8.21079e-10,0.00081893214,1.772628e-05,2.0165418e-08,3.1758018e-06,2.7238535e-05,0.99912184,1.6259646e-07,3.0222769e-09,1.0451526e-05,0.99912184
pamap2,gnn_flatten_lstm,sequence,7,107,107,108,2214,24631,24631,8,8,13,13,descending_stairs,descending_stairs,True,4.180476e-10,3.817118e-07,8.79115e-10,0.0006342944,1.1087026e-05,1.4164565e-08,2.049476e-06,1.9771642e-05,0.99932384,1.502944e-07,2.313793e-09,8.413621e-06,0.99932384
pamap2,gnn_flatten_lstm,sequence,7,107,107,108,2215,24632,24632,8,8,13,13,descending_stairs,descending_stairs,True,8.382302e-11,9.2899214e-08,1.6161808e-10,4.652414e-05,3.0827964e-06,3.186929e-09,3.0270624e-07,4.061138e-06,0.9999436,3.2310844e-08,1.5859583e-10,2.2244456e-06,0.9999436
pamap2,gnn_flatten_lstm,sequence,7,107,107,108,2216,24633,24633,8,8,13,13,descending_stairs,descending_stairs,True,6.18108e-11,6.9562425e-08,1.1657855e-10,3.0459461e-05,2.4333535e-06,2.498757e-09,2.2044264e-07,3.2268192e-06,0.9999616,2.5673309e-08,9.351748e-11,1.942925e-06,0.9999616
pamap2,gnn_flatten_lstm,sequence,7,107,107,108,2217,24634,24634,8,8,13,13,descending_stairs,descending_stairs,True,4.8739436e-11,5.59803e-08,8.652626e-11,2.6192602e-05,2.1091826e-06,2.0055289e-09,1.788727e-07,2.973874e-06,0.9999666,2.1755625e-08,6.948788e-11,1.7719683e-06,0.9999666
pamap2,gnn_flatten_lstm,sequence,7,107,107,108,2218,24635,24635,8,8,13,13,descending_stairs,descending_stairs,True,5.417345e-11,6.271404e-08,1.01965575e-10,2.709111e-05,2.1641192e-06,2.041201e-09,1.8565453e-07,3.101824e-06,0.99996567,2.3549275e-08,7.94336e-11,1.718481e-06,0.99996567
pamap2,gnn_flatten_lstm,sequence,7,107,107,108,2219,24636,24636,8,8,13,13,descending_stairs,descending_stairs,True,1.29559e-10,1.2068209e-07,2.659565e-10,4.6932706e-05,2.622546e-06,2.8390104e-09,2.3454571e-07,5.816719e-06,0.99994195,5.2312615e-08,1.9037022e-10,2.2946092e-06,0.99994195
pamap2,gnn_flatten_lstm,sequence,7,107,107,108,2220,24637,24637,8,8,13,13,descending_stairs,descending_stairs,True,3.6876502e-10,2.8793673e-07,9.868664e-10,0.0001002973,3.3047943e-06,5.2443903e-09,4.600167e-07,8.833434e-06,0.99988353,1.3602425e-07,6.3731465e-10,3.124655e-06,0.99988353
pamap2,gnn_flatten_lstm,sequence,7,107,107,108,2221,24638,24638,8,8,13,13,descending_stairs,descending_stairs,True,4.9291917e-09,1.9120612e-06,2.1385066e-08,0.001045244,9.966966e-06,3.645557e-08,5.188507e-06,3.384129e-05,0.99889344,9.263466e-07,1.0613143e-08,9.336384e-06,0.99889344
pamap2,gnn_flatten_lstm,sequence,7,107,107,108,2222,24639,24639,8,8,13,13,descending_stairs,descending_stairs,True,5.2136826e-08,1.384569e-05,3.6463192e-07,0.009151573,3.651076e-05,1.5328308e-07,4.6528476e-05,0.00014226462,0.9905782,5.101342e-06,1.1098397e-07,2.5401407e-05,0.9905782
pamap2,gnn_flatten_lstm,sequence,7,107,107,108,2223,24640,24640,8,8,13,13,descending_stairs,descending_stairs,True,5.9161283e-07,0.00010399602,4.3738046e-06,0.042978495,0.0001707335,8.38139e-07,0.0003302823,0.0006343456,0.95565534,2.7798238e-05,8.0283127e-07,9.2339695e-05,0.95565534
pamap2,gnn_flatten_lstm,sequence,7,107,107,108,2224,24641,24641,8,8,13,13,descending_stairs,descending_stairs,True,5.119532e-06,0.00051887374,3.166688e-05,0.16957249,0.00062155764,4.457404e-06,0.0018267125,0.0026058755,0.8243303,0.000137522,4.6042333e-06,0.00034091662,0.8243303
pamap2,gnn_flatten_lstm,sequence,7,107,107,108,2225,24642,24642,8,8,13,13,descending_stairs,descending_stairs,True,2.3741917e-05,0.0016055343,0.00010609008,0.41159803,0.0016797388,1.6021118e-05,0.006656535,0.0059804497,0.5712444,0.00035851024,1.6303831e-05,0.0007146035,0.5712444
pamap2,gnn_flatten_lstm,sequence,7,107,107,108,2226,24643,24643,8,3,13,4,descending_stairs,walking,False,7.990211e-05,0.0034429342,0.00023491077,0.60982174,0.0038255276,4.3797987e-05,0.017785527,0.011330515,0.35167277,0.00072530395,4.0005136e-05,0.0009970386,0.60982174
pamap2,gnn_flatten_lstm,sequence,7,107,107,108,2227,24644,24644,3,3,4,4,walking,walking,True,0.00040477767,0.0075436165,0.000666019,0.6580726,0.011537776,0.00022269611,0.05846713,0.040379647,0.21798684,0.0030755564,0.0001535763,0.0014897345,0.6580726
pamap2,gnn_flatten_lstm,sequence,7,107,107,108,2228,24645,24645,3,3,4,4,walking,walking,True,0.0039518974,0.029228859,0.0038914431,0.4435564,0.054483585,0.001809917,0.10341166,0.14675917,0.19086373,0.010859678,0.000930374,0.010253265,0.4435564
pamap2,gnn_flatten_lstm,sequence,7,107,107,108,2229,24646,24646,3,7,4,12,walking,ascending_stairs,False,0.02448653,0.08120924,0.028963704,0.16237055,0.15001945,0.008566373,0.11160755,0.19949052,0.1554511,0.024934543,0.00654287,0.046357628,0.19949052
pamap2,gnn_flatten_lstm,sequence,7,107,107,108,2230,24647,24647,3,2,4,3,walking,standing,False,0.011897945,0.054911494,0.8436665,0.0048033544,0.0033781854,0.0009359725,0.008855253,0.0058556665,0.017580181,0.015460095,0.030663636,0.0019916843,0.8436665
pamap2,gnn_flatten_lstm,sequence,7,107,107,108,2231,24648,24648,3,2,4,3,walking,standing,False,0.008558512,0.04326151,0.8776792,0.0031020797,0.0021979762,0.00066764484,0.0065473644,0.003708105,0.013012094,0.012239455,0.027764684,0.0012613438,0.8776792
pamap2,gnn_flatten_lstm,sequence,7,107,107,108,2232,24649,24649,3,2,4,3,walking,standing,False,0.008148429,0.040475518,0.8817849,0.003029893,0.0020554902,0.00066945795,0.006390751,0.0035595081,0.012432397,0.012324442,0.027913854,0.0012152957,0.8817849
pamap2,gnn_flatten_lstm,sequence,7,107,107,108,2233,24650,24650,3,2,4,3,walking,standing,False,0.010674087,0.048130844,0.82504356,0.0067477906,0.0036486369,0.0015515205,0.011605096,0.005623368,0.017908763,0.022783238,0.04398817,0.0022950168,0.82504356
pamap2,gnn_flatten_lstm,sequence,7,107,107,108,2234,24651,24651,3,2,4,3,walking,standing,False,0.023451777,0.12174675,0.6637547,0.022274435,0.009557528,0.0019116389,0.016135423,0.0124301575,0.048422683,0.034348752,0.042021353,0.0039448147,0.6637547
pamap2,gnn_flatten_lstm,sequence,7,107,107,108,2235,24652,24652,3,8,4,13,walking,descending_stairs,False,0.009730698,0.095659256,0.03799336,0.33089584,0.00885645,0.0006590976,0.00897894,0.0747855,0.40002304,0.017660914,0.005330914,0.009425866,0.40002304
pamap2,gnn_flatten_lstm,sequence,7,107,107,108,2236,24653,24653,3,3,4,4,walking,walking,True,0.00018959389,0.004233794,0.0007732137,0.9261472,0.00027594116,1.0291651e-05,0.00096285885,0.005089165,0.06096422,0.0005272704,0.000247986,0.0005784659,0.9261472
pamap2,gnn_flatten_lstm,sequence,7,107,107,108,2237,24654,24654,3,3,4,4,walking,walking,True,6.594663e-06,0.0002690779,3.445573e-05,0.9947038,1.1809533e-05,2.7024836e-07,0.00010374282,0.00032918912,0.004469598,2.5494508e-05,2.153891e-05,2.4432702e-05,0.9947038
pamap2,gnn_flatten_lstm,sequence,7,107,107,108,2238,24655,24655,3,3,4,4,walking,walking,True,4.928738e-07,2.6945876e-05,2.4453432e-06,0.99940944,9.82572e-07,1.617181e-08,1.6768758e-05,4.9654205e-05,0.00048553187,2.6420978e-06,2.9474393e-06,2.1306053e-06,0.99940944
pamap2,gnn_flatten_lstm,sequence,7,107,107,108,2239,24656,24656,3,3,4,4,walking,walking,True,6.424253e-08,3.9258275e-06,2.7424093e-07,0.9999026,1.2101411e-07,1.4467382e-09,3.7948416e-06,1.1611628e-05,7.6397904e-05,4.3969007e-07,5.3008233e-07,2.538434e-07,0.9999026
pamap2,gnn_flatten_lstm,sequence,7,107,107,108,2240,24657,24657,3,3,4,4,walking,walking,True,1.4408343e-08,1.0094519e-06,5.83799e-08,0.99997485,2.4820755e-08,2.2982806e-10,1.1934666e-06,4.1231474e-06,1.8423483e-05,1.1603587e-07,1.5532959e-07,4.796899e-08,0.99997485
pamap2,gnn_flatten_lstm,sequence,7,107,107,108,2241,24658,24658,3,3,4,4,walking,walking,True,5.6938663e-09,4.4463846e-07,2.2806915e-08,0.9999894,9.246766e-09,7.398681e-11,5.6099924e-07,2.1425424e-06,7.2924463e-06,4.9664422e-08,7.4102445e-08,1.627346e-08,0.9999894
pamap2,gnn_flatten_lstm,sequence,7,107,107,108,2242,24659,24659,3,3,4,4,walking,walking,True,3.6414693e-09,3.1104423e-07,1.4666447e-08,0.9999933,5.2347517e-09,4.0222027e-11,3.6374016e-07,1.5329931e-06,4.286297e-06,3.3460534e-08,4.8012808e-08,8.801609e-09,0.9999933
pamap2,gnn_flatten_lstm,sequence,7,107,107,108,2243,24660,24660,3,3,4,4,walking,walking,True,2.9125493e-09,2.5974907e-07,1.16219105e-08,0.999995,3.8032626e-09,2.8551998e-11,2.735714e-07,1.314254e-06,3.1682025e-06,2.6359922e-08,3.854149e-08,6.257234e-09,0.999995
pamap2,gnn_flatten_lstm,sequence,7,107,107,108,2244,24661,24661,3,3,4,4,walking,walking,True,2.4674032e-09,2.0524178e-07,9.1313215e-09,0.99999547,3.6634002e-09,2.4611776e-11,2.677534e-07,1.2387629e-06,2.7632777e-06,2.1268287e-08,3.6750265e-08,5.4499822e-09,0.99999547
pamap2,gnn_flatten_lstm,sequence,7,107,107,108,2245,24662,24662,3,3,4,4,walking,walking,True,2.597066e-09,2.1056628e-07,9.233533e-09,0.99999547,3.842588e-09,2.6051553e-11,2.6189758e-07,1.3154585e-06,2.720471e-06,2.0988892e-08,3.822954e-08,5.86778e-09,0.99999547
pamap2,gnn_flatten_lstm,sequence,7,107,107,108,2246,24663,24663,3,3,4,4,walking,walking,True,2.2921782e-09,1.8561778e-07,8.076491e-09,0.9999956,3.314901e-09,2.2008059e-11,2.4854776e-07,1.1790368e-06,2.6334865e-06,1.9741666e-08,3.345091e-08,5.1239666e-09,0.9999956
pamap2,gnn_flatten_lstm,sequence,7,107,107,108,2247,24664,24664,3,3,4,4,walking,walking,True,2.2839524e-09,1.7993166e-07,7.9010105e-09,0.9999957,3.2166532e-09,2.1436745e-11,2.4721453e-07,1.158179e-06,2.6006546e-06,1.9719915e-08,3.3000088e-08,5.04269e-09,0.9999957
pamap2,gnn_flatten_lstm,sequence,7,107,107,108,2248,24665,24665,3,3,4,4,walking,walking,True,2.2823063e-09,1.7875186e-07,7.938987e-09,0.9999957,3.2044913e-09,2.1412636e-11,2.5064367e-07,1.1437791e-06,2.6045043e-06,1.9860257e-08,3.3032077e-08,5.010716e-09,0.9999957
pamap2,gnn_flatten_lstm,sequence,7,107,107,108,2249,24666,24666,3,3,4,4,walking,walking,True,2.3146904e-09,1.78197e-07,7.926021e-09,0.9999957,3.2018763e-09,2.1540112e-11,2.5002845e-07,1.1489699e-06,2.5522756e-06,1.9883833e-08,3.3484238e-08,5.0353086e-09,0.9999957
pamap2,gnn_flatten_lstm,sequence,7,107,107,108,2250,24667,24667,3,3,4,4,walking,walking,True,2.313715e-09,1.780582e-07,7.855839e-09,0.9999957,3.1778442e-09,2.128713e-11,2.4661736e-07,1.1494423e-06,2.546965e-06,1.9759296e-08,3.313013e-08,5.018635e-09,0.9999957
pamap2,gnn_flatten_lstm,sequence,7,107,107,108,2251,24668,24668,3,3,4,4,walking,walking,True,2.324078e-09,1.7879978e-07,7.876439e-09,0.9999957,3.1631193e-09,2.1259619e-11,2.437716e-07,1.1521486e-06,2.5382308e-06,1.973218e-08,3.3037306e-08,5.0376334e-09,0.9999957
pamap2,gnn_flatten_lstm,sequence,7,107,107,108,2252,24669,24669,3,3,4,4,walking,walking,True,2.3064717e-09,1.7844275e-07,7.8934645e-09,0.9999958,3.1287972e-09,2.1172054e-11,2.4112148e-07,1.1452636e-06,2.4805279e-06,1.9552578e-08,3.3020996e-08,4.9710582e-09,0.9999958
pamap2,gnn_flatten_lstm,sequence,7,107,107,108,2253,24670,24670,3,3,4,4,walking,walking,True,2.2921e-09,1.7877659e-07,7.915717e-09,0.9999957,3.1319791e-09,2.107648e-11,2.4115226e-07,1.1422082e-06,2.5430745e-06,1.9595886e-08,3.2830076e-08,4.996219e-09,0.9999957
pamap2,gnn_flatten_lstm,sequence,7,107,107,108,2254,24671,24671,3,3,4,4,walking,walking,True,2.332084e-09,1.8227622e-07,8.240452e-09,0.9999957,3.1906346e-09,2.1540688e-11,2.427499e-07,1.150247e-06,2.532044e-06,1.9681137e-08,3.3851098e-08,5.025455e-09,0.9999957
pamap2,gnn_flatten_lstm,sequence,7,107,107,108,2255,24672,24672,3,3,4,4,walking,walking,True,2.3881943e-09,1.83505e-07,8.387096e-09,0.9999957,3.2598568e-09,2.225653e-11,2.5043127e-07,1.1584319e-06,2.511808e-06,2.0084018e-08,3.4767858e-08,5.088613e-09,0.9999957
pamap2,gnn_flatten_lstm,sequence,7,107,107,108,2256,24673,24673,3,3,4,4,walking,walking,True,2.6279905e-09,1.9572788e-07,8.6704635e-09,0.9999956,3.5128254e-09,2.439148e-11,2.5493813e-07,1.2620384e-06,2.605023e-06,2.1261435e-08,3.6809197e-08,5.6529976e-09,0.9999956
pamap2,gnn_flatten_lstm,sequence,7,107,107,108,2257,24674,24674,3,3,4,4,walking,walking,True,2.468538e-09,1.8446246e-07,8.268777e-09,0.9999957,3.338811e-09,2.2998709e-11,2.534529e-07,1.2061822e-06,2.5665424e-06,2.058859e-08,3.5118564e-08,5.342727e-09,0.9999957
pamap2,gnn_flatten_lstm,sequence,7,107,107,108,2258,24675,24675,3,3,4,4,walking,walking,True,2.3987994e-09,1.816113e-07,8.1605265e-09,0.9999957,3.252857e-09,2.2124773e-11,2.4771535e-07,1.1778974e-06,2.5138327e-06,2.0003164e-08,3.4452707e-08,5.152722e-09,0.9999957
pamap2,gnn_flatten_lstm,sequence,7,107,107,108,2259,24676,24676,3,3,4,4,walking,walking,True,2.4327858e-09,1.8252325e-07,8.055292e-09,0.9999958,3.233582e-09,2.2024105e-11,2.4296162e-07,1.1885664e-06,2.4873243e-06,2.0009118e-08,3.4410885e-08,5.180532e-09,0.9999958
pamap2,gnn_flatten_lstm,sequence,7,107,107,108,2260,24677,24677,3,3,4,4,walking,walking,True,2.5332172e-09,1.8681284e-07,8.323798e-09,0.99999595,3.2853684e-09,2.2636884e-11,2.3917826e-07,1.2202283e-06,2.334554e-06,1.9740732e-08,3.5920266e-08,5.256467e-09,0.99999595
pamap2,gnn_flatten_lstm,sequence,7,107,107,108,2261,24678,24678,3,3,4,4,walking,walking,True,2.4044617e-09,1.7998939e-07,7.746198e-09,0.99999607,3.1057643e-09,2.0870791e-11,2.2352113e-07,1.1951275e-06,2.2258291e-06,1.8507777e-08,3.4032443e-08,4.972805e-09,0.99999607
pamap2,gnn_flatten_lstm,sequence,7,107,107,108,2262,24679,24679,3,3,4,4,walking,walking,True,2.2585889e-09,1.7314875e-07,7.504351e-09,0.99999607,2.9895317e-09,1.9844671e-11,2.2743309e-07,1.12686e-06,2.3425314e-06,1.854541e-08,3.192939e-08,4.752248e-09,0.99999607
pamap2,gnn_flatten_lstm,sequence,7,107,107,108,2263,24680,24680,3,3,4,4,walking,walking,True,2.3267621e-09,1.7654324e-07,7.780714e-09,0.99999595,3.0730136e-09,2.0753448e-11,2.3609839e-07,1.1368899e-06,2.3695095e-06,1.9168183e-08,3.2963232e-08,4.8802775e-09,0.99999595
pamap2,gnn_flatten_lstm,sequence,7,107,107,108,2264,24681,24681,3,3,4,4,walking,walking,True,2.3245348e-09,1.7673847e-07,7.816486e-09,0.9999958,3.1074525e-09,2.0983507e-11,2.4080757e-07,1.1372748e-06,2.4307299e-06,1.9392834e-08,3.2949963e-08,4.9359308e-09,0.9999958
pamap2,gnn_flatten_lstm,sequence,7,107,107,108,2265,24682,24682,3,3,4,4,walking,walking,True,2.2898412e-09,1.7456232e-07,7.664103e-09,0.9999958,3.0740626e-09,2.0647432e-11,2.3777793e-07,1.134137e-06,2.417751e-06,1.9148302e-08,3.2731982e-08,4.875653e-09,0.9999958
pamap2,gnn_flatten_lstm,sequence,7,107,107,108,2266,24683,24683,3,3,4,4,walking,walking,True,2.3836846e-09,1.8331907e-07,7.988688e-09,0.9999958,3.1531384e-09,2.144509e-11,2.3413193e-07,1.1704643e-06,2.4262345e-06,1.9464428e-08,3.3623568e-08,5.050121e-09,0.9999958
pamap2,gnn_flatten_lstm,sequence,7,107,107,108,2267,24684,24684,3,3,4,4,walking,walking,True,2.318778e-09,1.7835224e-07,7.955829e-09,0.9999958,3.1188174e-09,2.1203254e-11,2.4309236e-07,1.137942e-06,2.4776486e-06,1.9657993e-08,3.2996315e-08,4.9504405e-09,0.9999958
pamap2,gnn_flatten_lstm,sequence,7,107,107,108,2268,24685,24685,3,3,4,4,walking,walking,True,2.3498867e-09,1.7954531e-07,8.053172e-09,0.9999958,3.132123e-09,2.1383988e-11,2.4288587e-07,1.1419056e-06,2.3934535e-06,1.957411e-08,3.3642618e-08,4.9335305e-09,0.9999958
pamap2,gnn_flatten_lstm,sequence,7,107,107,108,2269,24686,24686,3,3,4,4,walking,walking,True,2.4317794e-09,1.9166255e-07,8.69763e-09,0.99999595,3.2828378e-09,2.2405229e-11,2.4418955e-07,1.1666186e-06,2.3684656e-06,1.9698268e-08,3.5534974e-08,4.992219e-09,0.99999595
pamap2,gnn_flatten_lstm,sequence,7,107,107,108,2270,24687,24687,3,3,4,4,walking,walking,True,2.2984528e-09,1.8461456e-07,8.341217e-09,0.99999595,3.1568814e-09,2.115692e-11,2.359451e-07,1.1314871e-06,2.398961e-06,1.8992372e-08,3.3907387e-08,4.827471e-09,0.99999595
pamap2,gnn_flatten_lstm,sequence,7,107,107,108,2271,24688,24688,3,3,4,4,walking,walking,True,2.3313862e-09,1.854722e-07,8.378304e-09,0.9999958,3.2201646e-09,2.1624832e-11,2.4151984e-07,1.1460186e-06,2.4512972e-06,1.936733e-08,3.419334e-08,4.9360818e-09,0.9999958
pamap2,gnn_flatten_lstm,sequence,7,107,107,108,2272,24689,24689,3,3,4,4,walking,walking,True,2.4502764e-09,1.8871769e-07,8.393177e-09,0.9999957,3.3479555e-09,2.2904458e-11,2.5041717e-07,1.1974945e-06,2.5537436e-06,2.0429539e-08,3.4934907e-08,5.302009e-09,0.9999957
pamap2,gnn_flatten_lstm,sequence,7,107,107,108,2273,24690,24690,3,3,4,4,walking,walking,True,2.4699844e-09,1.9020038e-07,8.583863e-09,0.9999958,3.3312544e-09,2.2790504e-11,2.4224207e-07,1.2022226e-06,2.4158264e-06,1.977012e-08,3.586864e-08,5.229296e-09,0.9999958
pamap2,gnn_flatten_lstm,sequence,7,107,107,108,2274,24691,24691,3,3,4,4,walking,walking,True,2.2930013e-09,1.7995882e-07,7.877102e-09,0.99999595,3.074673e-09,2.0480074e-11,2.242648e-07,1.1537641e-06,2.3182117e-06,1.8428555e-08,3.3185035e-08,4.894298e-09,0.99999595
pamap2,gnn_flatten_lstm,sequence,7,107,107,108,2275,24692,24692,3,3,4,4,walking,walking,True,2.21003e-09,1.7498441e-07,7.67616e-09,0.99999607,3.0196698e-09,2.0013671e-11,2.3102743e-07,1.1137804e-06,2.3935115e-06,1.863583e-08,3.1987785e-08,4.7400808e-09,0.99999607
pamap2,gnn_flatten_lstm,sequence,7,107,107,108,2276,24693,24693,3,3,4,4,walking,walking,True,2.3040447e-09,1.8073104e-07,8.120066e-09,0.99999595,3.1515512e-09,2.1348371e-11,2.4306456e-07,1.12947e-06,2.4125734e-06,1.9410749e-08,3.354286e-08,4.894419e-09,0.99999595
pamap2,gnn_flatten_lstm,sequence,7,107,107,108,2277,24694,24694,3,3,4,4,walking,walking,True,2.3112896e-09,1.8510077e-07,8.353284e-09,0.9999958,3.204565e-09,2.1555813e-11,2.4235254e-07,1.1339489e-06,2.4510425e-06,1.9384846e-08,3.4110418e-08,4.9095e-09,0.9999958
pamap2,gnn_flatten_lstm,sequence,7,107,107,108,2278,24695,24695,3,3,4,4,walking,walking,True,2.239534e-09,1.7954619e-07,8.019084e-09,0.99999595,3.0970209e-09,2.066623e-11,2.3640729e-07,1.1142595e-06,2.4181595e-06,1.8946169e-08,3.3077733e-08,4.7706825e-09,0.99999595
pamap2,gnn_flatten_lstm,sequence,7,107,107,108,2279,24696,24696,3,3,4,4,walking,walking,True,2.2797484e-09,1.8261154e-07,8.184987e-09,0.99999595,3.1847378e-09,2.122984e-11,2.435683e-07,1.1261584e-06,2.4550827e-06,1.9276525e-08,3.3470005e-08,4.8490003e-09,0.99999595
pamap2,gnn_flatten_lstm,sequence,7,107,107,108,2280,24697,24697,3,3,4,4,walking,walking,True,2.2892561e-09,1.8265784e-07,8.215578e-09,0.9999958,3.2144456e-09,2.1553018e-11,2.502262e-07,1.124201e-06,2.5297634e-06,1.9756362e-08,3.355079e-08,4.9254165e-09,0.9999958
pamap2,gnn_flatten_lstm,sequence,7,107,107,108,2281,24698,24698,3,3,4,4,walking,walking,True,2.3492723e-09,1.8477763e-07,8.3772e-09,0.9999957,3.2816603e-09,2.233759e-11,2.5779846e-07,1.1383186e-06,2.5206698e-06,2.0245285e-08,3.44221e-08,5.0175535e-09,0.9999957
pamap2,gnn_flatten_lstm,sequence,7,107,107,108,2282,24699,24699,3,3,4,4,walking,walking,True,2.4390623e-09,1.9394969e-07,8.788948e-09,0.9999957,3.385444e-09,2.3301921e-11,2.5946431e-07,1.1680656e-06,2.5753393e-06,2.0845034e-08,3.535898e-08,5.1992406e-09,0.9999957
pamap2,gnn_flatten_lstm,sequence,7,107,107,108,2283,24700,24700,3,3,4,4,walking,walking,True,2.4215772e-09,1.8996906e-07,8.545001e-09,0.9999957,3.3419776e-09,2.290743e-11,2.5294196e-07,1.1797039e-06,2.6026346e-06,2.0581012e-08,3.4854374e-08,5.252587e-09,0.9999957
pamap2,gnn_flatten_lstm,sequence,7,107,107,108,2284,24701,24701,3,3,4,4,walking,walking,True,2.4179911e-09,1.8491848e-07,8.331452e-09,0.9999957,3.3167102e-09,2.2798936e-11,2.5363641e-07,1.1876724e-06,2.6047874e-06,2.0558728e-08,3.4643477e-08,5.2891713e-09,0.9999957
pamap2,gnn_flatten_lstm,sequence,7,107,107,108,2285,24702,24702,3,3,4,4,walking,walking,True,2.6301965e-09,1.9499771e-07,8.603235e-09,0.99999547,3.5566403e-09,2.4726771e-11,2.5657204e-07,1.2780916e-06,2.6678342e-06,2.1329184e-08,3.6791366e-08,5.8016205e-09,0.99999547
pamap2,gnn_flatten_lstm,sequence,7,107,107,108,2286,24703,24703,3,3,4,4,walking,walking,True,2.57069e-09,1.9274212e-07,8.637929e-09,0.9999956,3.4886878e-09,2.4150478e-11,2.5260152e-07,1.2528346e-06,2.5752727e-06,2.0730683e-08,3.6781195e-08,5.579407e-09,0.9999956
pamap2,gnn_flatten_lstm,sequence,7,107,107,108,2287,24704,24704,3,3,4,4,walking,walking,True,2.5122997e-09,1.9237928e-07,8.661472e-09,0.9999957,3.4596905e-09,2.3706419e-11,2.5127912e-07,1.2311763e-06,2.550042e-06,2.0361151e-08,3.641396e-08,5.4271423e-09,0.9999957
pamap2,gnn_flatten_lstm,sequence,7,107,107,108,2288,24705,24705,3,3,4,4,walking,walking,True,2.467978e-09,1.8736232e-07,8.287629e-09,0.9999957,3.3817331e-09,2.311591e-11,2.507814e-07,1.2187152e-06,2.5913112e-06,2.0440648e-08,3.5155022e-08,5.4087477e-09,0.9999957
pamap2,gnn_flatten_lstm,sequence,7,107,107,108,2289,24706,24706,3,3,4,4,walking,walking,True,2.4778075e-09,1.8514065e-07,8.200517e-09,0.9999957,3.4167504e-09,2.3460237e-11,2.576414e-07,1.2251664e-06,2.59318e-06,2.0616136e-08,3.5270002e-08,5.456724e-09,0.9999957
pamap2,gnn_flatten_lstm,sequence,7,107,107,108,2290,24707,24707,3,3,4,4,walking,walking,True,2.4853046e-09,1.8746097e-07,8.351164e-09,0.9999956,3.4435215e-09,2.3588066e-11,2.5781515e-07,1.2252035e-06,2.6289497e-06,2.06685e-08,3.5537813e-08,5.4865925e-09,0.9999956
pamap2,gnn_flatten_lstm,sequence,7,107,107,108,2291,24708,24708,3,3,4,4,walking,walking,True,2.4413846e-09,1.8256257e-07,8.03047e-09,0.9999957,3.347713e-09,2.2862599e-11,2.5253894e-07,1.2138155e-06,2.5869356e-06,2.033352e-08,3.46893e-08,5.3916085e-09,0.9999957
pamap2,gnn_flatten_lstm,sequence,7,107,107,108,2292,24709,24709,3,3,4,4,walking,walking,True,2.43697e-09,1.8193964e-07,8.0086116e-09,0.9999957,3.3611618e-09,2.2945604e-11,2.565731e-07,1.2103073e-06,2.6030564e-06,2.0427942e-08,3.4435498e-08,5.396413e-09,0.9999957
pamap2,gnn_flatten_lstm,sequence,7,107,107,108,2293,24710,24710,3,3,4,4,walking,walking,True,2.3959275e-09,1.810738e-07,8.0304545e-09,0.9999957,3.2993968e-09,2.2418943e-11,2.531775e-07,1.1875138e-06,2.6052544e-06,2.024845e-08,3.412284e-08,5.2778946e-09,0.9999957
pamap2,gnn_flatten_lstm,sequence,7,107,107,108,2294,24711,24711,3,3,4,4,walking,walking,True,2.4131903e-09,1.8057197e-07,8.0396045e-09,0.9999957,3.329355e-09,2.2774336e-11,2.5615404e-07,1.1932093e-06,2.545882e-06,2.0241153e-08,3.4754997e-08,5.2772906e-09,0.9999957
pamap2,gnn_flatten_lstm,sequence,7,107,107,108,2295,24712,24712,3,3,4,4,walking,walking,True,2.481501e-09,1.8746078e-07,8.276776e-09,0.9999956,3.47624e-09,2.3831223e-11,2.6060803e-07,1.2303075e-06,2.6326654e-06,2.0666805e-08,3.5413578e-08,5.528917e-09,0.9999956
pamap2,gnn_flatten_lstm,sequence,7,107,107,108,2296,24713,24713,3,3,4,4,walking,walking,True,2.336216e-09,1.8179519e-07,8.103588e-09,0.9999958,3.221971e-09,2.1534855e-11,2.3796146e-07,1.171046e-06,2.4754875e-06,1.9082202e-08,3.3904797e-08,5.0869446e-09,0.9999958
pamap2,gnn_flatten_lstm,sequence,7,107,107,108,2297,24714,24714,3,3,4,4,walking,walking,True,2.3674318e-09,1.8266324e-07,8.199313e-09,0.9999958,3.2279868e-09,2.1637293e-11,2.387903e-07,1.168108e-06,2.4192777e-06,1.913662e-08,3.4282678e-08,5.0662425e-09,0.9999958
pamap2,gnn_flatten_lstm,sequence,7,107,107,108,2298,24715,24715,3,3,4,4,walking,walking,True,2.2635565e-09,1.7979839e-07,7.9956095e-09,0.9999958,3.1402942e-09,2.0762789e-11,2.3526538e-07,1.1331867e-06,2.4279498e-06,1.8770242e-08,3.320453e-08,4.865193e-09,0.9999958
pamap2,gnn_flatten_lstm,sequence,7,107,107,108,2299,24716,24716,3,3,4,4,walking,walking,True,2.2430693e-09,1.8021558e-07,8.027318e-09,0.99999607,3.095917e-09,2.0481953e-11,2.3084132e-07,1.1230878e-06,2.3886703e-06,1.8573093e-08,3.3130014e-08,4.774571e-09,0.99999607
pamap2,gnn_flatten_lstm,sequence,7,107,107,108,2300,24717,24717,3,3,4,4,walking,walking,True,2.2565692e-09,1.8052917e-07,8.026751e-09,0.99999595,3.116564e-09,2.067096e-11,2.348348e-07,1.1255195e-06,2.416926e-06,1.886633e-08,3.3095212e-08,4.8011537e-09,0.99999595
pamap2,gnn_flatten_lstm,sequence,7,107,107,108,2301,24718,24718,3,3,4,4,walking,walking,True,2.3023183e-09,1.8422585e-07,8.277267e-09,0.9999958,3.1990568e-09,2.1357166e-11,2.401865e-07,1.1374017e-06,2.4637445e-06,1.9264467e-08,3.3981063e-08,4.9098463e-09,0.9999958
pamap2,gnn_flatten_lstm,sequence,7,107,107,108,2302,24719,24719,3,3,4,4,walking,walking,True,2.369573e-09,1.8766798e-07,8.474784e-09,0.9999958,3.3195209e-09,2.2410053e-11,2.4873373e-07,1.1606537e-06,2.455942e-06,1.9647086e-08,3.503781e-08,5.052925e-09,0.9999958
pamap2,gnn_flatten_lstm,sequence,7,107,107,108,2303,24720,24720,3,3,4,4,walking,walking,True,2.3026827e-09,1.8529241e-07,8.215673e-09,0.9999958,3.2595526e-09,2.1727696e-11,2.4473695e-07,1.1508727e-06,2.5051027e-06,1.942656e-08,3.3868023e-08,4.9987072e-09,0.9999958
pamap2,gnn_flatten_lstm,sequence,7,107,107,108,2304,24721,24721,3,3,4,4,walking,walking,True,2.2742936e-09,1.817926e-07,8.0413844e-09,0.99999595,3.1752032e-09,2.1170846e-11,2.4411085e-07,1.1301661e-06,2.4981007e-06,1.9483783e-08,3.3169783e-08,4.8853908e-09,0.99999595
pamap2,gnn_flatten_lstm,sequence,7,107,107,108,2305,24722,24722,3,3,4,4,walking,walking,True,2.3387614e-09,1.8591986e-07,8.400672e-09,0.9999957,3.2384515e-09,2.1910973e-11,2.503811e-07,1.1336125e-06,2.5059505e-06,1.999664e-08,3.42026e-08,4.95453e-09,0.9999957
pamap2,gnn_flatten_lstm,sequence,7,107,107,108,2306,24723,24723,3,3,4,4,walking,walking,True,2.5628373e-09,1.9585691e-07,8.746821e-09,0.9999956,3.4688286e-09,2.4025237e-11,2.571367e-07,1.2258861e-06,2.6239852e-06,2.122444e-08,3.603361e-08,5.528263e-09,0.9999956
pamap2,gnn_flatten_lstm,sequence,7,107,107,108,2307,24724,24724,3,3,4,4,walking,walking,True,2.4376439e-09,1.8502115e-07,8.110917e-09,0.9999957,3.3351706e-09,2.276869e-11,2.474346e-07,1.214713e-06,2.5308368e-06,2.0175088e-08,3.5043623e-08,5.3038907e-09,0.9999957
pamap2,gnn_flatten_lstm,sequence,7,107,107,108,2308,24725,24725,3,3,4,4,walking,walking,True,2.4824338e-09,1.8793482e-07,8.254925e-09,0.9999957,3.4045073e-09,2.3312014e-11,2.5072998e-07,1.2305917e-06,2.5837032e-06,2.0452854e-08,3.5424527e-08,5.442473e-09,0.9999957
pamap2,gnn_flatten_lstm,sequence,7,107,107,108,2309,24726,24726,3,3,4,4,walking,walking,True,2.4629416e-09,1.8556895e-07,8.232864e-09,0.9999957,3.3997833e-09,2.3179531e-11,2.5399635e-07,1.2168686e-06,2.614132e-06,2.0440218e-08,3.5222673e-08,5.417565e-09,0.9999957
pamap2,gnn_flatten_lstm,sequence,7,107,107,108,2310,24727,24727,3,3,4,4,walking,walking,True,2.1816413e-09,1.7188809e-07,7.7052595e-09,0.9999956,3.532512e-09,2.2917609e-11,2.9974464e-07,1.136496e-06,2.6919429e-06,2.0056836e-08,3.383541e-08,4.937455e-09,0.9999956
pamap2,gnn_flatten_lstm,sequence,7,107,107,108,2311,24728,24728,3,3,4,4,walking,walking,True,2.368184e-09,1.9461451e-07,9.213209e-09,0.999995,4.4417177e-09,2.936219e-11,3.919152e-07,1.1774338e-06,3.1405211e-06,2.2688898e-08,3.8511217e-08,5.6445035e-09,0.999995
pamap2,gnn_flatten_lstm,sequence,7,107,107,108,2312,24729,24729,3,3,4,4,walking,walking,True,2.094952e-09,1.9470626e-07,9.523436e-09,0.9999951,4.524574e-09,2.8661342e-11,4.0633594e-07,1.084436e-06,3.12087e-06,2.1252221e-08,4.032817e-08,4.9038906e-09,0.9999951
pamap2,gnn_flatten_lstm,sequence,7,107,107,108,2313,24730,24730,3,3,4,4,walking,walking,True,2.230035e-09,1.9774532e-07,9.351197e-09,0.99999523,4.1790202e-09,2.7207642e-11,3.614358e-07,1.1242046e-06,3.087978e-06,2.1950694e-08,3.7891024e-08,5.2186913e-09,0.99999523
pamap2,gnn_flatten_lstm,sequence,7,107,107,108,2314,24731,24731,3,3,4,4,walking,walking,True,2.3830469e-09,2.0386837e-07,9.650115e-09,0.99999523,4.109517e-09,2.7323092e-11,3.363896e-07,1.1735799e-06,3.001492e-06,2.2299641e-08,3.9019177e-08,5.4200227e-09,0.99999523
pamap2,gnn_flatten_lstm,sequence,7,107,107,108,2315,24732,24732,3,3,4,4,walking,walking,True,2.403754e-09,1.9630191e-07,9.129823e-09,0.99999535,3.903956e-09,2.6301737e-11,3.1777702e-07,1.1806252e-06,2.8531065e-06,2.1904441e-08,3.8009016e-08,5.4148974e-09,0.99999535
pamap2,gnn_flatten_lstm,sequence,7,107,107,108,2316,24733,24733,3,3,4,4,walking,walking,True,2.515809e-09,2.002687e-07,9.122929e-09,0.99999535,3.9619112e-09,2.6936252e-11,3.0800186e-07,1.237851e-06,2.8869115e-06,2.216467e-08,3.8578428e-08,5.7350893e-09,0.99999535
pamap2,gnn_flatten_lstm,sequence,7,107,107,108,2317,24734,24734,3,3,4,4,walking,walking,True,2.5218478e-09,2.0444978e-07,9.521585e-09,0.99999535,3.942011e-09,2.6736623e-11,2.9714317e-07,1.2355135e-06,2.8341642e-06,2.1672506e-08,3.9260605e-08,5.6680576e-09,0.99999535
pamap2,gnn_flatten_lstm,sequence,7,107,107,108,2318,24735,24735,3,3,4,4,walking,walking,True,2.3867408e-09,1.954792e-07,8.973324e-09,0.99999547,3.7181818e-09,2.4850268e-11,2.8565793e-07,1.1928187e-06,2.7806511e-06,2.0887336e-08,3.6858513e-08,5.395465e-09,0.99999547
pamap2,gnn_flatten_lstm,sequence,7,107,107,108,2319,24736,24736,3,3,4,4,walking,walking,True,2.3597397e-09,1.940438e-07,8.936413e-09,0.99999535,3.6489995e-09,2.4391614e-11,2.8427652e-07,1.1766416e-06,2.8322484e-06,2.1105953e-08,3.644793e-08,5.342572e-09,0.99999535
pamap2,gnn_flatten_lstm,sequence,7,107,107,108,2320,24737,24737,3,3,4,4,walking,walking,True,2.3388997e-09,1.8472475e-07,8.444271e-09,0.9999956,3.485881e-09,2.354078e-11,2.7748672e-07,1.1596455e-06,2.6978848e-06,2.0750578e-08,3.545224e-08,5.2353726e-09,0.9999956
pamap2,gnn_flatten_lstm,sequence,7,107,107,108,2321,24738,24738,3,3,4,4,walking,walking,True,2.5483116e-09,1.9515211e-07,8.827015e-09,0.99999547,3.6842258e-09,2.5405199e-11,2.780342e-07,1.2423405e-06,2.7500148e-06,2.1658952e-08,3.7458307e-08,5.7077103e-09,0.99999547
pamap2,gnn_flatten_lstm,sequence,7,107,107,108,2322,24739,24739,3,3,4,4,walking,walking,True,2.5341294e-09,1.9329546e-07,8.677163e-09,0.9999956,3.5666814e-09,2.4639114e-11,2.6520777e-07,1.2469986e-06,2.7175436e-06,2.1358986e-08,3.6820712e-08,5.6414398e-09,0.9999956
pamap2,gnn_flatten_lstm,sequence,7,107,107,108,2323,24740,24740,3,3,4,4,walking,walking,True,2.514591e-09,1.921988e-07,8.571934e-09,0.9999956,3.5234076e-09,2.4327918e-11,2.613068e-07,1.2474732e-06,2.7207175e-06,2.1232662e-08,3.613644e-08,5.6305827e-09,0.9999956
pamap2,gnn_flatten_lstm,sequence,7,107,107,108,2324,24741,24741,3,3,4,4,walking,walking,True,2.50219e-09,1.9335059e-07,8.8571195e-09,0.9999956,3.5442078e-09,2.4430683e-11,2.640461e-07,1.2296458e-06,2.7193375e-06,2.113464e-08,3.6781756e-08,5.556478e-09,0.9999956
pamap2,gnn_flatten_lstm,sequence,7,107,107,108,2325,24742,24742,3,3,4,4,walking,walking,True,2.5119065e-09,1.9614757e-07,9.0079135e-09,0.9999956,3.592565e-09,2.466827e-11,2.6356233e-07,1.2310128e-06,2.6145876e-06,2.0719654e-08,3.7395278e-08,5.5077716e-09,0.9999956
pamap2,gnn_flatten_lstm,sequence,7,107,107,108,2326,24743,24743,3,3,4,4,walking,walking,True,2.4041584e-09,1.9463434e-07,8.846855e-09,0.9999957,3.4981897e-09,2.3570304e-11,2.567554e-07,1.193685e-06,2.5747916e-06,2.0007436e-08,3.611446e-08,5.2808047e-09,0.9999957
pamap2,gnn_flatten_lstm,sequence,7,107,107,108,2327,24744,24744,3,3,4,4,walking,walking,True,2.3291769e-09,1.8630485e-07,8.298527e-09,0.9999957,3.3288787e-09,2.2369483e-11,2.5370196e-07,1.1629548e-06,2.614107e-06,2.0066139e-08,3.407218e-08,5.148183e-09,0.9999957
pamap2,gnn_flatten_lstm,sequence,7,107,107,108,2328,24745,24745,3,3,4,4,walking,walking,True,2.3546105e-09,1.8492872e-07,8.242103e-09,0.9999957,3.3081053e-09,2.2386983e-11,2.548485e-07,1.1671959e-06,2.61316e-06,2.0290551e-08,3.4012572e-08,5.172603e-09,0.9999957
pamap2,gnn_flatten_lstm,sequence,7,107,107,108,2329,24746,24746,3,3,4,4,walking,walking,True,2.4694846e-09,1.9585433e-07,8.857999e-09,0.9999957,3.476645e-09,2.360229e-11,2.5555988e-07,1.2072547e-06,2.602369e-06,2.0471509e-08,3.6148368e-08,5.331e-09,0.9999957
pamap2,gnn_flatten_lstm,sequence,7,107,107,108,2330,24747,24747,3,3,4,4,walking,walking,True,2.3303812e-09,1.8199587e-07,8.013944e-09,0.9999957,3.2234522e-09,2.1667189e-11,2.4538028e-07,1.1623439e-06,2.5278675e-06,1.9770495e-08,3.3644792e-08,5.0532134e-09,0.9999957
pamap2,gnn_flatten_lstm,sequence,7,107,107,108,2331,24748,24748,3,3,4,4,walking,walking,True,2.3617808e-09,1.831859e-07,8.0793425e-09,0.9999958,3.216862e-09,2.1712906e-11,2.4353974e-07,1.1652986e-06,2.5013521e-06,1.981255e-08,3.3906094e-08,5.0576783e-09,0.9999958
pamap2,gnn_flatten_lstm,sequence,7,107,107,108,2332,24749,24749,3,3,4,4,walking,walking,True,2.4293727e-09,1.9236421e-07,8.672978e-09,0.9999957,3.3717371e-09,2.2836451e-11,2.4719142e-07,1.1906028e-06,2.5218765e-06,1.9968969e-08,3.5588485e-08,5.193759e-09,0.9999957
pamap2,gnn_flatten_lstm,sequence,7,107,107,108,2333,24750,24750,3,3,4,4,walking,walking,True,2.399623e-09,1.9090946e-07,8.654124e-09,0.9999957,3.3764866e-09,2.2970738e-11,2.520493e-07,1.1762315e-06,2.515159e-06,2.0024883e-08,3.5340438e-08,5.168234e-09,0.9999957
pamap2,gnn_flatten_lstm,sequence,7,107,107,108,2334,24751,24751,3,3,4,4,walking,walking,True,2.3898663e-09,1.890964e-07,8.383945e-09,0.9999957,3.376126e-09,2.2912628e-11,2.5421204e-07,1.1852046e-06,2.5971176e-06,2.0311308e-08,3.4523094e-08,5.269636e-09,0.9999957
pamap2,gnn_flatten_lstm,sequence,7,107,107,108,2335,24752,24752,3,3,4,4,walking,walking,True,2.3615236e-09,1.8605537e-07,8.3017255e-09,0.9999957,3.326099e-09,2.2574187e-11,2.5161722e-07,1.1799796e-06,2.5908219e-06,2.0145519e-08,3.4372828e-08,5.2097726e-09,0.9999957
pamap2,gnn_flatten_lstm,sequence,7,107,107,108,2336,24753,24753,3,3,4,4,walking,walking,True,2.4996478e-09,1.9669834e-07,8.815944e-09,0.9999957,3.496709e-09,2.3872716e-11,2.5280497e-07,1.2323296e-06,2.5921192e-06,2.0506171e-08,3.621469e-08,5.437648e-09,0.9999957
pamap2,gnn_flatten_lstm,sequence,7,107,107,108,2337,24754,24754,3,3,4,4,walking,walking,True,2.468406e-09,1.9086886e-07,8.443176e-09,0.9999956,3.4371694e-09,2.3545856e-11,2.5636712e-07,1.2222255e-06,2.6432717e-06,2.0791783e-08,3.5023906e-08,5.46565e-09,0.9999956
pamap2,gnn_flatten_lstm,sequence,7,107,107,108,2338,24755,24755,3,3,4,4,walking,walking,True,2.4667683e-09,1.8970057e-07,8.447655e-09,0.9999957,3.423724e-09,2.3588338e-11,2.579603e-07,1.2155242e-06,2.6108905e-06,2.08046e-08,3.524653e-08,5.426801e-09,0.9999957
pamap2,gnn_flatten_lstm,sequence,7,107,107,108,2339,24756,24756,3,3,4,4,walking,walking,True,2.4598572e-09,1.8943139e-07,8.523677e-09,0.9999957,3.4108378e-09,2.3417273e-11,2.5739163e-07,1.2048878e-06,2.6100192e-06,2.0709896e-08,3.54881e-08,5.3572884e-09,0.9999957
pamap2,gnn_flatten_lstm,sequence,7,107,107,108,2340,24757,24757,3,3,4,4,walking,walking,True,2.426455e-09,1.8659433e-07,8.374724e-09,0.9999957,3.3461298e-09,2.2887818e-11,2.5362675e-07,1.189747e-06,2.5534491e-06,2.0376497e-08,3.5148787e-08,5.239799e-09,0.9999957
pamap2,gnn_flatten_lstm,sequence,7,107,107,108,2341,24758,24758,3,3,4,4,walking,walking,True,2.5422098e-09,1.940348e-07,8.544365e-09,0.9999957,3.5077174e-09,2.4095682e-11,2.574987e-07,1.2447294e-06,2.6108582e-06,2.0904997e-08,3.5903543e-08,5.5515845e-09,0.9999957
pamap2,gnn_flatten_lstm,sequence,7,107,107,108,2342,24759,24759,3,3,4,4,walking,walking,True,2.4389042e-09,1.8601901e-07,8.159515e-09,0.9999957,3.3258323e-09,2.2636878e-11,2.4784032e-07,1.2076913e-06,2.566765e-06,2.0256254e-08,3.4548062e-08,5.3105715e-09,0.9999957
pamap2,gnn_flatten_lstm,sequence,7,107,107,108,2343,24760,24760,3,3,4,4,walking,walking,True,2.4244011e-09,1.8283542e-07,8.0276825e-09,0.9999957,3.2777567e-09,2.2354384e-11,2.464946e-07,1.1999351e-06,2.5213187e-06,2.009283e-08,3.4450277e-08,5.2415783e-09,0.9999957
pamap2,gnn_flatten_lstm,sequence,7,107,107,108,2344,24761,24761,3,3,4,4,walking,walking,True,2.451361e-09,1.8870779e-07,8.377073e-09,0.9999957,3.3389256e-09,2.2716636e-11,2.455514e-07,1.204696e-06,2.5086813e-06,2.0006139e-08,3.5234095e-08,5.2457785e-09,0.9999957
pamap2,gnn_flatten_lstm,sequence,7,107,107,108,2345,24762,24762,3,3,4,4,walking,walking,True,2.395617e-09,1.8694274e-07,8.3107405e-09,0.9999958,3.2739893e-09,2.2124986e-11,2.4044638e-07,1.1847325e-06,2.4573221e-06,1.953286e-08,3.4761364e-08,5.103349e-09,0.9999958
pamap2,gnn_flatten_lstm,sequence,7,107,107,108,2346,24763,24763,3,3,4,4,walking,walking,True,2.3506441e-09,1.825375e-07,8.18756e-09,0.9999957,3.257992e-09,2.2008735e-11,2.4868604e-07,1.162109e-06,2.5173304e-06,1.9770154e-08,3.397827e-08,5.083695e-09,0.9999957
pamap2,gnn_flatten_lstm,sequence,7,107,107,108,2347,24764,24764,3,3,4,4,walking,walking,True,2.3510027e-09,1.8408217e-07,8.325718e-09,0.9999957,3.2706e-09,2.2081559e-11,2.5003416e-07,1.1543195e-06,2.5493175e-06,1.990436e-08,3.4276137e-08,5.084655e-09,0.9999957
pamap2,gnn_flatten_lstm,sequence,7,107,107,108,2348,24765,24765,3,3,4,4,walking,walking,True,2.342302e-09,1.812079e-07,8.048289e-09,0.9999958,3.1950809e-09,2.1609e-11,2.4267771e-07,1.1554663e-06,2.4410303e-06,1.9564851e-08,3.4171045e-08,4.9829527e-09,0.9999958
pamap2,gnn_flatten_lstm,sequence,7,107,107,108,2349,24766,24766,3,3,4,4,walking,walking,True,2.3823528e-09,1.8411485e-07,8.1413125e-09,0.9999958,3.2288117e-09,2.186964e-11,2.4274115e-07,1.1682652e-06,2.4581775e-06,1.9719955e-08,3.4366085e-08,5.052848e-09,0.9999958
pamap2,gnn_flatten_lstm,sequence,7,107,107,108,2350,24767,24767,3,3,4,4,walking,walking,True,2.356062e-09,1.8126734e-07,8.023137e-09,0.9999958,3.1956413e-09,2.1585024e-11,2.429658e-07,1.1602409e-06,2.465359e-06,1.9641801e-08,3.3909647e-08,5.0140434e-09,0.9999958
pamap2,gnn_flatten_lstm,sequence,7,107,107,108,2351,24768,24768,3,3,4,4,walking,walking,True,2.3630062e-09,1.8190964e-07,8.130449e-09,0.9999958,3.1854481e-09,2.162046e-11,2.4297321e-07,1.1542405e-06,2.465712e-06,1.9743668e-08,3.40035e-08,5.00488e-09,0.9999958
pamap2,gnn_flatten_lstm,sequence,7,107,107,108,2352,24769,24769,3,3,4,4,walking,walking,True,2.4233007e-09,1.8467088e-07,8.277281e-09,0.9999957,3.2648535e-09,2.2336738e-11,2.4795358e-07,1.1748089e-06,2.504947e-06,2.0187098e-08,3.4739024e-08,5.157215e-09,0.9999957
pamap2,gnn_flatten_lstm,sequence,7,107,107,108,2353,24770,24770,3,3,4,4,walking,walking,True,2.4783557e-09,1.8617537e-07,8.379966e-09,0.9999958,3.3069196e-09,2.2848041e-11,2.4840614e-07,1.191081e-06,2.4426186e-06,2.0213456e-08,3.5682763e-08,5.221801e-09,0.9999958
pamap2,gnn_flatten_lstm,sequence,7,107,107,108,2354,24771,24771,3,3,4,4,walking,walking,True,2.5500384e-09,1.969542e-07,8.904941e-09,0.9999958,3.4338938e-09,2.3610891e-11,2.4527927e-07,1.2218283e-06,2.4263827e-06,2.0117376e-08,3.7187167e-08,5.294148e-09,0.9999958
pamap2,gnn_flatten_lstm,sequence,7,107,107,108,2355,24772,24772,3,3,4,4,walking,walking,True,2.4897175e-09,1.946845e-07,8.7668495e-09,0.9999958,3.3860708e-09,2.3110139e-11,2.430323e-07,1.2064804e-06,2.437376e-06,1.9875039e-08,3.6382726e-08,5.2109264e-09,0.9999958
pamap2,gnn_flatten_lstm,sequence,7,107,107,108,2356,24773,24773,3,3,4,4,walking,walking,True,2.4936764e-09,1.9549606e-07,8.83876e-09,0.9999958,3.4110725e-09,2.336784e-11,2.4605708e-07,1.2050775e-06,2.4318663e-06,1.9956367e-08,3.6486618e-08,5.2254276e-09,0.9999958
pamap2,gnn_flatten_lstm,sequence,7,107,107,108,2357,24774,24774,3,3,4,4,walking,walking,True,2.4514735e-09,1.973526e-07,8.94945e-09,0.9999958,3.4030274e-09,2.3149403e-11,2.4323936e-07,1.1952263e-06,2.4518445e-06,1.9714504e-08,3.625858e-08,5.1750706e-09,0.9999958
pamap2,gnn_flatten_lstm,sequence,7,107,107,108,2358,24775,24775,3,3,4,4,walking,walking,True,2.3540183e-09,1.8809693e-07,8.381325e-09,0.9999958,3.2006433e-09,2.174851e-11,2.3603218e-07,1.1577584e-06,2.4033852e-06,1.9395276e-08,3.4440692e-08,4.9552393e-09,0.9999958
pamap2,gnn_flatten_lstm,sequence,7,107,107,108,2359,24776,24776,3,3,4,4,walking,walking,True,2.4443019e-09,1.9061332e-07,8.330547e-09,0.9999958,3.2348033e-09,2.217632e-11,2.3487463e-07,1.1920959e-06,2.4307672e-06,1.980095e-08,3.453726e-08,5.155279e-09,0.9999958
pamap2,gnn_flatten_lstm,sequence,7,107,107,108,2360,24777,24777,3,3,4,4,walking,walking,True,2.4301792e-09,1.8821716e-07,8.323305e-09,0.9999958,3.2418632e-09,2.2245752e-11,2.4104884e-07,1.1848173e-06,2.4724604e-06,2.0016788e-08,3.4412526e-08,5.148204e-09,0.9999958
pamap2,gnn_flatten_lstm,sequence,7,107,107,108,2361,24778,24778,3,3,4,4,walking,walking,True,2.4247435e-09,1.8499453e-07,8.210252e-09,0.9999958,3.2228744e-09,2.2218616e-11,2.4235507e-07,1.1801372e-06,2.4276671e-06,1.9928105e-08,3.4568497e-08,5.1211444e-09,0.9999958
pamap2,gnn_flatten_lstm,sequence,7,107,107,108,2362,24779,24779,3,3,4,4,walking,walking,True,2.4307356e-09,1.860813e-07,8.237294e-09,0.9999958,3.2429581e-09,2.2323239e-11,2.430673e-07,1.1852263e-06,2.463822e-06,2.0032411e-08,3.4549185e-08,5.166717e-09,0.9999958
pamap2,gnn_flatten_lstm,sequence,7,107,107,108,2363,24780,24780,3,3,4,4,walking,walking,True,2.393813e-09,1.8495679e-07,8.210314e-09,0.9999958,3.2346184e-09,2.211275e-11,2.4386068e-07,1.1763001e-06,2.5083132e-06,1.9978227e-08,3.4127662e-08,5.138384e-09,0.9999958
pamap2,gnn_flatten_lstm,sequence,7,107,107,108,2364,24781,24781,3,3,4,4,walking,walking,True,2.3856674e-09,1.8292997e-07,8.10603e-09,0.9999957,3.2303271e-09,2.2046882e-11,2.4531502e-07,1.17773e-06,2.535589e-06,2.0042231e-08,3.3815667e-08,5.1661546e-09,0.9999957
pamap2,gnn_flatten_lstm,sequence,7,107,107,108,2365,24782,24782,3,3,4,4,walking,walking,True,2.4736615e-09,1.9141008e-07,8.697694e-09,0.9999957,3.3538485e-09,2.3008186e-11,2.4773658e-07,1.2015544e-06,2.515737e-06,2.0269471e-08,3.5795576e-08,5.234854e-09,0.9999957
pamap2,gnn_flatten_lstm,sequence,7,107,107,108,2366,24783,24783,3,3,4,4,walking,walking,True,2.408822e-09,1.8480974e-07,8.411849e-09,0.9999958,3.268399e-09,2.2403942e-11,2.4758288e-07,1.1735291e-06,2.4687354e-06,2.0006215e-08,3.5018903e-08,5.1141744e-09,0.9999958
pamap2,gnn_flatten_lstm,sequence,7,107,107,108,2367,24784,24784,3,3,4,4,walking,walking,True,2.4134252e-09,1.852664e-07,8.384953e-09,0.9999957,3.291803e-09,2.2508748e-11,2.5041598e-07,1.1770181e-06,2.5475285e-06,2.0328205e-08,3.495477e-08,5.172633e-09,0.9999957
pamap2,gnn_flatten_lstm,sequence,7,107,107,108,2368,24785,24785,3,3,4,4,walking,walking,True,2.455924e-09,1.8829002e-07,8.576727e-09,0.9999957,3.3511756e-09,2.2948842e-11,2.523538e-07,1.1897652e-06,2.5522804e-06,2.0460774e-08,3.5675953e-08,5.2402283e-09,0.9999957
pamap2,gnn_flatten_lstm,sequence,7,107,107,108,2369,24786,24786,3,3,4,4,walking,walking,True,2.3908557e-09,1.8471667e-07,8.391784e-09,0.9999957,3.2588996e-09,2.2227978e-11,2.4843808e-07,1.1641578e-06,2.5151733e-06,2.0105674e-08,3.4694526e-08,5.099991e-09,0.9999957
pamap2,gnn_flatten_lstm,sequence,7,107,107,108,2370,24787,24787,3,3,4,4,walking,walking,True,2.3632944e-09,1.8287712e-07,8.34217e-09,0.9999957,3.2426608e-09,2.2113929e-11,2.51564e-07,1.1500716e-06,2.5473537e-06,2.0204778e-08,3.4436876e-08,5.069345e-09,0.9999957
pamap2,gnn_flatten_lstm,sequence,7,107,107,108,2371,24788,24788,3,3,4,4,walking,walking,True,2.4302813e-09,1.8470436e-07,8.424951e-09,0.9999958,3.2821987e-09,2.260849e-11,2.5130598e-07,1.1700904e-06,2.4878298e-06,2.0309642e-08,3.5357502e-08,5.1527227e-09,0.9999958
pamap2,gnn_flatten_lstm,sequence,7,107,107,108,2372,24789,24789,3,3,4,4,walking,walking,True,2.4903632e-09,1.8901326e-07,8.348553e-09,0.9999957,3.3211163e-09,2.2770862e-11,2.4336836e-07,1.2129418e-06,2.5345687e-06,2.0347368e-08,3.5320156e-08,5.3421765e-09,0.9999957
pamap2,gnn_flatten_lstm,sequence,7,107,107,108,2373,24790,24790,3,3,4,4,walking,walking,True,2.4081326e-09,1.849998e-07,8.269518e-09,0.9999957,3.2705063e-09,2.2398429e-11,2.4827727e-07,1.1860606e-06,2.5862548e-06,2.0388665e-08,3.433725e-08,5.2284377e-09,0.9999957
pamap2,gnn_flatten_lstm,sequence,7,107,107,108,2374,24791,24791,3,3,4,4,walking,walking,True,2.4062776e-09,1.8665591e-07,8.465107e-09,0.9999957,3.286339e-09,2.2610039e-11,2.509089e-07,1.1766904e-06,2.5714862e-06,2.0486704e-08,3.477237e-08,5.181579e-09,0.9999957
pamap2,gnn_flatten_lstm,sequence,7,107,107,108,2375,24792,24792,3,3,4,4,walking,walking,True,2.5315017e-09,1.9402276e-07,8.967971e-09,0.9999957,3.450741e-09,2.4017817e-11,2.584991e-07,1.2095804e-06,2.5817576e-06,2.1045102e-08,3.687146e-08,5.3956515e-09,0.9999957
pamap2,gnn_flatten_lstm,sequence,7,107,107,108,2376,24793,24793,3,3,4,4,walking,walking,True,2.4866185e-09,1.8704812e-07,8.6125125e-09,0.9999957,3.3642018e-09,2.339415e-11,2.5584225e-07,1.191782e-06,2.5085617e-06,2.0617946e-08,3.6193214e-08,5.307817e-09,0.9999957
pamap2,gnn_flatten_lstm,sequence,7,107,107,108,2377,24794,24794,3,3,4,4,walking,walking,True,2.5439992e-09,1.9156657e-07,8.722347e-09,0.9999956,3.5142462e-09,2.4426629e-11,2.6421338e-07,1.2266545e-06,2.6436828e-06,2.125665e-08,3.677797e-08,5.5687326e-09,0.9999956
pamap2,gnn_flatten_lstm,sequence,7,107,107,108,2378,24795,24795,3,3,4,4,walking,walking,True,2.4402906e-09,1.845265e-07,8.426556e-09,0.9999956,3.3604048e-09,2.3133594e-11,2.5939553e-07,1.1870529e-06,2.6144057e-06,2.075426e-08,3.536444e-08,5.320618e-09,0.9999956
pamap2,gnn_flatten_lstm,sequence,7,107,107,108,2379,24796,24796,3,3,4,4,walking,walking,True,2.4335511e-09,1.8226892e-07,8.374197e-09,0.9999957,3.3263907e-09,2.2974771e-11,2.5981544e-07,1.1769451e-06,2.5663098e-06,2.0663732e-08,3.5310723e-08,5.264854e-09,0.9999957
pamap2,gnn_flatten_lstm,sequence,7,107,107,108,2380,24797,24797,3,3,4,4,walking,walking,True,2.489627e-09,1.8763555e-07,8.555421e-09,0.9999956,3.4187186e-09,2.3591754e-11,2.608542e-07,1.2048921e-06,2.6378702e-06,2.1026963e-08,3.60552e-08,5.414971e-09,0.9999956
pamap2,gnn_flatten_lstm,sequence,7,107,107,108,2381,24798,24798,3,3,4,4,walking,walking,True,2.437179e-09,1.8174853e-07,8.243266e-09,0.9999957,3.300196e-09,2.2748548e-11,2.553309e-07,1.1873575e-06,2.556268e-06,2.0578932e-08,3.513813e-08,5.2595444e-09,0.9999957
pamap2,gnn_flatten_lstm,sequence,7,107,107,108,2382,24799,24799,3,3,4,4,walking,walking,True,2.4342799e-09,1.841526e-07,8.420886e-09,0.9999957,3.2880256e-09,2.2649231e-11,2.5358926e-07,1.1754006e-06,2.5386764e-06,2.0521588e-08,3.5195473e-08,5.1850098e-09,0.9999957
pamap2,gnn_flatten_lstm,sequence,7,107,107,108,2383,24800,24800,3,3,4,4,walking,walking,True,2.702408e-09,2.025383e-07,9.33486e-09,0.9999957,3.5539696e-09,2.4963101e-11,2.5559203e-07,1.2643828e-06,2.4763065e-06,2.1340783e-08,3.926534e-08,5.479147e-09,0.9999957
pamap2,gnn_flatten_lstm,sequence,7,107,107,108,2384,24801,24801,3,3,4,4,walking,walking,True,2.5817715e-09,1.9468563e-07,8.875961e-09,0.99999595,3.3282572e-09,2.3225474e-11,2.3916957e-07,1.2241517e-06,2.3343046e-06,2.0178827e-08,3.724801e-08,5.218536e-09,0.99999595
pamap2,gnn_flatten_lstm,sequence,7,107,107,108,2385,24802,24802,3,3,4,4,walking,walking,True,2.4283213e-09,1.8782016e-07,8.448816e-09,0.9999958,3.2416099e-09,2.219371e-11,2.4103687e-07,1.1783615e-06,2.467474e-06,1.9985354e-08,3.483517e-08,5.1171116e-09,0.9999958
pamap2,gnn_flatten_lstm,sequence,7,107,107,108,2386,24803,24803,3,3,4,4,walking,walking,True,2.4274276e-09,1.8570796e-07,8.348617e-09,0.9999958,3.2372107e-09,2.2202263e-11,2.4396746e-07,1.1779682e-06,2.4992107e-06,2.015713e-08,3.4588812e-08,5.1497655e-09,0.9999958
pamap2,gnn_flatten_lstm,sequence,7,107,107,108,2387,24804,24804,3,3,4,4,walking,walking,True,2.477014e-09,1.8972429e-07,8.605945e-09,0.9999958,3.2772507e-09,2.2704248e-11,2.4493448e-07,1.1879002e-06,2.500744e-06,2.0436634e-08,3.5325822e-08,5.2120592e-09,0.9999958
pamap2,gnn_flatten_lstm,sequence,7,107,107,108,2388,24805,24805,3,3,4,4,walking,walking,True,2.4386486e-09,1.8933386e-07,8.670928e-09,0.9999958,3.2412637e-09,2.2284867e-11,2.4104676e-07,1.1733858e-06,2.464299e-06,2.0015797e-08,3.5203605e-08,5.099291e-09,0.9999958
pamap2,gnn_flatten_lstm,sequence,7,107,107,108,2389,24806,24806,3,3,4,4,walking,walking,True,2.3547952e-09,1.8153791e-07,8.27026e-09,0.9999958,3.1124054e-09,2.127593e-11,2.3626954e-07,1.1434126e-06,2.3996176e-06,1.9502409e-08,3.399247e-08,4.933484e-09,0.9999958
pamap2,gnn_flatten_lstm,sequence,7,107,107,108,2390,24807,24807,3,3,4,4,walking,walking,True,2.4782236e-09,1.9163933e-07,8.710761e-09,0.9999958,3.3146237e-09,2.2923035e-11,2.4533165e-07,1.1907346e-06,2.4962167e-06,2.0402437e-08,3.5722874e-08,5.2304236e-09,0.9999958
pamap2,gnn_flatten_lstm,sequence,7,107,107,108,2391,24808,24808,3,3,4,4,walking,walking,True,2.4267053e-09,1.8767119e-07,8.448058e-09,0.9999958,3.2470182e-09,2.2326986e-11,2.4256434e-07,1.1794992e-06,2.4985127e-06,2.0165704e-08,3.4820555e-08,5.152153e-09,0.9999958
pamap2,gnn_flatten_lstm,sequence,7,107,107,108,2392,24809,24809,3,3,4,4,walking,walking,True,2.3861952e-09,1.8492342e-07,8.273777e-09,0.9999957,3.2110625e-09,2.1904329e-11,2.4129398e-07,1.1718414e-06,2.5136121e-06,1.9972816e-08,3.4116464e-08,5.104526e-09,0.9999957
pamap2,gnn_flatten_lstm,sequence,7,107,107,108,2393,24810,24810,3,3,4,4,walking,walking,True,2.4404445e-09,1.8696055e-07,8.391097e-09,0.9999957,3.2763565e-09,2.2494586e-11,2.4479456e-07,1.1908743e-06,2.5478203e-06,2.0324405e-08,3.4880976e-08,5.2390092e-09,0.9999957
pamap2,gnn_flatten_lstm,sequence,7,107,107,108,2394,24811,24811,3,3,4,4,walking,walking,True,2.4090836e-09,1.8231603e-07,8.1482865e-09,0.9999957,3.2356793e-09,2.2176526e-11,2.4459737e-07,1.1847853e-06,2.5137201e-06,2.010483e-08,3.454951e-08,5.1814606e-09,0.9999957
pamap2,gnn_flatten_lstm,sequence,7,107,107,108,2395,24812,24812,3,3,4,4,walking,walking,True,2.5030973e-09,1.9026388e-07,8.599512e-09,0.9999957,3.3654983e-09,2.3259426e-11,2.4876857e-07,1.2120006e-06,2.5355528e-06,2.0550141e-08,3.6095663e-08,5.337003e-09,0.9999957
pamap2,gnn_flatten_lstm,sequence,7,107,107,108,2396,24813,24813,3,3,4,4,walking,walking,True,2.6416496e-09,1.990059e-07,8.8844265e-09,0.99999547,3.574956e-09,2.4908256e-11,2.548766e-07,1.2804182e-06,2.6249384e-06,2.1325848e-08,3.7785234e-08,5.7113367e-09,0.99999547
pamap2,gnn_flatten_lstm,sequence,7,107,107,108,2397,24814,24814,3,3,4,4,walking,walking,True,2.6538003e-09,1.9756723e-07,8.68642e-09,0.99999547,3.6165309e-09,2.5239486e-11,2.6073673e-07,1.3003064e-06,2.6892276e-06,2.162865e-08,3.690797e-08,5.8652736e-09,0.99999547
pamap2,gnn_flatten_lstm,sequence,7,107,107,108,2398,24815,24815,3,3,4,4,walking,walking,True,2.5489049e-09,1.9387885e-07,8.660678e-09,0.9999956,3.455127e-09,2.372279e-11,2.4421345e-07,1.2615234e-06,2.5426305e-06,2.0248951e-08,3.6460662e-08,5.567426e-09,0.9999956
pamap2,gnn_flatten_lstm,sequence,7,107,107,108,2399,24816,24816,3,3,4,4,walking,walking,True,2.3578828e-09,1.8310661e-07,8.0850615e-09,0.9999958,3.1935576e-09,2.1386353e-11,2.291399e-07,1.1894793e-06,2.4070298e-06,1.8836054e-08,3.4078877e-08,5.1102935e-09,0.9999958
pamap2,gnn_flatten_lstm,sequence,7,107,107,108,2400,24817,24817,3,3,4,4,walking,walking,True,2.2736601e-09,1.7882657e-07,7.831663e-09,0.9999958,3.1062197e-09,2.0629757e-11,2.3041216e-07,1.1515413e-06,2.4590568e-06,1.8907286e-08,3.2915917e-08,4.9228435e-09,0.9999958
pamap2,gnn_flatten_lstm,sequence,7,107,107,108,2401,24818,24818,3,3,4,4,walking,walking,True,2.5387932e-09,1.9228733e-07,8.359944e-09,0.9999956,3.4072027e-09,2.3282548e-11,2.4247893e-07,1.2549583e-06,2.5867603e-06,2.0484668e-08,3.564208e-08,5.542485e-09,0.9999956
pamap2,gnn_flatten_lstm,sequence,7,107,107,108,2402,24819,24819,3,3,4,4,walking,walking,True,2.5663982e-09,1.9122575e-07,8.17456e-09,0.99999547,3.4702246e-09,2.3723872e-11,2.4457725e-07,1.2933509e-06,2.677344e-06,2.0696584e-08,3.518191e-08,5.78924e-09,0.99999547
pamap2,gnn_flatten_lstm,sequence,7,107,107,108,2403,24820,24820,3,3,4,4,walking,walking,True,2.4234668e-09,1.8351075e-07,7.948926e-09,0.9999956,3.294906e-09,2.2269946e-11,2.4015114e-07,1.2316364e-06,2.642808e-06,2.0077238e-08,3.3999985e-08,5.4273896e-09,0.9999956
pamap2,gnn_flatten_lstm,sequence,7,107,107,108,2404,24821,24821,3,3,4,4,walking,walking,True,2.3468003e-09,1.7788373e-07,7.700691e-09,0.9999957,3.1793719e-09,2.1408144e-11,2.367303e-07,1.1992785e-06,2.5640738e-06,1.9621018e-08,3.318142e-08,5.212924e-09,0.9999957
pamap2,gnn_flatten_lstm,sequence,7,107,107,108,2405,24822,24822,3,3,4,4,walking,walking,True,2.5409437e-09,1.9591238e-07,8.613743e-09,0.99999547,3.5064722e-09,2.3892254e-11,2.458588e-07,1.2730613e-06,2.6307603e-06,2.0456984e-08,3.6400834e-08,5.6183738e-09,0.99999547
pamap2,gnn_flatten_lstm,sequence,7,107,107,108,2406,24823,24823,3,3,4,4,walking,walking,True,2.3361624e-09,1.831569e-07,7.971183e-09,0.9999957,3.241628e-09,2.1718245e-11,2.4084244e-07,1.19037e-06,2.5876511e-06,1.974611e-08,3.3608686e-08,5.156271e-09,0.9999957
pamap2,gnn_flatten_lstm,sequence,7,107,107,108,2407,24824,24824,3,3,4,4,walking,walking,True,2.328937e-09,1.8328934e-07,8.018991e-09,0.9999957,3.2366545e-09,2.1676614e-11,2.4387694e-07,1.174549e-06,2.587249e-06,1.9835612e-08,3.3421898e-08,5.1093867e-09,0.9999957
pamap2,gnn_flatten_lstm,sequence,7,107,107,108,2408,24825,24825,3,3,4,4,walking,walking,True,2.3763982e-09,1.8701493e-07,8.333964e-09,0.9999957,3.298006e-09,2.2198026e-11,2.440049e-07,1.1844611e-06,2.5620036e-06,1.9786338e-08,3.4546016e-08,5.1596456e-09,0.9999957
pamap2,gnn_flatten_lstm,sequence,7,107,107,108,2409,24826,24826,3,3,4,4,walking,walking,True,2.3577478e-09,1.7984195e-07,7.943032e-09,0.9999958,3.2121594e-09,2.1756394e-11,2.4281732e-07,1.1773427e-06,2.5052507e-06,1.9682192e-08,3.3925044e-08,5.1194156e-09,0.9999958
pamap2,gnn_flatten_lstm,sequence,7,107,107,108,2410,24827,24827,3,3,4,4,walking,walking,True,2.3994764e-09,1.8266917e-07,8.102489e-09,0.9999957,3.2809782e-09,2.230783e-11,2.4806758e-07,1.1882445e-06,2.541559e-06,2.0045098e-08,3.4531197e-08,5.208392e-09,0.9999957
pamap2,gnn_flatten_lstm,sequence,7,107,107,108,2411,24828,24828,3,3,4,4,walking,walking,True,2.403113e-09,1.8513394e-07,8.236178e-09,0.9999957,3.2925316e-09,2.235741e-11,2.4619158e-07,1.1889393e-06,2.5320705e-06,1.9972548e-08,3.4752944e-08,5.1884723e-09,0.9999957
pamap2,gnn_flatten_lstm,sequence,7,107,107,108,2412,24829,24829,3,3,4,4,walking,walking,True,2.3266193e-09,1.8082805e-07,8.081068e-09,0.9999957,3.201516e-09,2.170102e-11,2.4480903e-07,1.1585845e-06,2.5382963e-06,1.978717e-08,3.3675736e-08,5.062021e-09,0.9999957
pamap2,gnn_flatten_lstm,sequence,7,107,107,108,2413,24830,24830,3,3,4,4,walking,walking,True,2.3875155e-09,1.8562648e-07,8.473281e-09,0.9999957,3.3024816e-09,2.2540369e-11,2.5126832e-07,1.1665317e-06,2.5462364e-06,2.0123974e-08,3.5042685e-08,5.1448654e-09,0.9999957
pamap2,gnn_flatten_lstm,sequence,7,107,107,108,2414,24831,24831,3,3,4,4,walking,walking,True,2.4213325e-09,1.8750283e-07,8.614188e-09,0.9999957,3.3597518e-09,2.3082604e-11,2.5524028e-07,1.1747842e-06,2.524088e-06,2.030538e-08,3.588109e-08,5.192452e-09,0.9999957
pamap2,gnn_flatten_lstm,sequence,7,107,107,108,2415,24832,24832,3,3,4,4,walking,walking,True,2.5620552e-09,1.9520147e-07,8.916003e-09,0.9999956,3.5312928e-09,2.464748e-11,2.6267855e-07,1.2317363e-06,2.6145353e-06,2.1305805e-08,3.746267e-08,5.5340132e-09,0.9999956
pamap2,gnn_flatten_lstm,sequence,7,107,107,108,2416,24833,24833,3,3,4,4,walking,walking,True,2.6463043e-09,2.0456389e-07,9.482548e-09,0.99999547,3.6876988e-09,2.5799708e-11,2.649279e-07,1.2631918e-06,2.637963e-06,2.1497167e-08,3.9247585e-08,5.682097e-09,0.99999547
pamap2,gnn_flatten_lstm,sequence,7,107,107,108,2417,24834,24834,3,3,4,4,walking,walking,True,2.5384108e-09,1.9801374e-07,9.071623e-09,0.9999956,3.5761978e-09,2.4730456e-11,2.6085743e-07,1.2332407e-06,2.6072e-06,2.0912612e-08,3.7580826e-08,5.5095475e-09,0.9999956
pamap2,gnn_flatten_lstm,sequence,7,107,107,108,2418,24835,24835,3,3,4,4,walking,walking,True,2.4539288e-09,1.9093422e-07,8.818399e-09,0.9999956,3.4585819e-09,2.3845363e-11,2.6265275e-07,1.191057e-06,2.617574e-06,2.0812138e-08,3.64421e-08,5.339466e-09,0.9999956
pamap2,gnn_flatten_lstm,sequence,7,107,107,108,2419,24836,24836,3,3,4,4,walking,walking,True,2.4327762e-09,1.8732695e-07,8.624134e-09,0.9999957,3.3819008e-09,2.3313969e-11,2.5944453e-07,1.1766871e-06,2.5552297e-06,2.055614e-08,3.5941433e-08,5.246479e-09,0.9999957
pamap2,gnn_flatten_lstm,sequence,7,107,107,108,2420,24837,24837,3,3,4,4,walking,walking,True,2.3856903e-09,1.8680282e-07,8.479893e-09,0.9999957,3.3265368e-09,2.2655454e-11,2.536398e-07,1.1680545e-06,2.5782317e-06,2.0291907e-08,3.507405e-08,5.1637117e-09,0.9999957
pamap2,gnn_flatten_lstm,sequence,7,107,107,108,2421,24838,24838,3,3,4,4,walking,walking,True,2.4674414e-09,1.9446253e-07,8.826191e-09,0.9999957,3.451623e-09,2.3568909e-11,2.5332676e-07,1.2073227e-06,2.583159e-06,2.0458081e-08,3.6386055e-08,5.3254925e-09,0.9999957
pamap2,gnn_flatten_lstm,sequence,7,107,107,108,2422,24839,24839,3,3,4,4,walking,walking,True,2.4248543e-09,1.9424994e-07,8.722863e-09,0.9999957,3.4135126e-09,2.3144984e-11,2.484646e-07,1.2024072e-06,2.5764791e-06,2.0177705e-08,3.568916e-08,5.2640305e-09,0.9999957
pamap2,gnn_flatten_lstm,sequence,7,107,107,108,2423,24840,24840,3,3,4,4,walking,walking,True,2.4412168e-09,1.9186987e-07,8.5788034e-09,0.9999956,3.4331988e-09,2.3430048e-11,2.5520887e-07,1.2103892e-06,2.673652e-06,2.0768756e-08,3.5396628e-08,5.403004e-09,0.9999956
pamap2,gnn_flatten_lstm,sequence,7,107,107,108,2424,24841,24841,3,3,4,4,walking,walking,True,2.4796605e-09,1.8972352e-07,8.465252e-09,0.9999956,3.4818008e-09,2.393495e-11,2.5957715e-07,1.232218e-06,2.6460611e-06,2.0900927e-08,3.6066826e-08,5.5002864e-09,0.9999956
pamap2,gnn_flatten_lstm,sequence,7,107,107,108,2425,24842,24842,3,3,4,4,walking,walking,True,2.5643871e-09,2.008253e-07,8.99785e-09,0.99999547,3.650246e-09,2.507758e-11,2.5877432e-07,1.274975e-06,2.6859084e-06,2.108845e-08,3.8035566e-08,5.6745155e-09,0.99999547
pamap2,gnn_flatten_lstm,sequence,7,107,107,108,2426,24843,24843,3,3,4,4,walking,walking,True,2.4864475e-09,2.0076921e-07,9.060659e-09,0.9999956,3.6053256e-09,2.4487646e-11,2.5530966e-07,1.2504795e-06,2.6770224e-06,2.0576145e-08,3.7370825e-08,5.507793e-09,0.9999956
pamap2,gnn_flatten_lstm,sequence,7,107,107,108,2427,24844,24844,3,3,4,4,walking,walking,True,2.4316162e-09,1.969211e-07,8.815271e-09,0.9999956,3.5413361e-09,2.3886696e-11,2.558071e-07,1.2265937e-06,2.6474622e-06,2.0345812e-08,3.6176992e-08,5.3870024e-09,0.9999956
pamap2,gnn_flatten_lstm,sequence,7,107,107,108,2428,24845,24845,3,3,4,4,walking,walking,True,2.353048e-09,1.8893483e-07,8.376815e-09,0.9999956,3.3932528e-09,2.2824341e-11,2.5446036e-07,1.1895845e-06,2.6637415e-06,2.0297556e-08,3.4635082e-08,5.245068e-09,0.9999956
pamap2,gnn_flatten_lstm,sequence,7,107,107,108,2429,24846,24846,3,3,4,4,walking,walking,True,2.3345674e-09,1.8511345e-07,8.2289695e-09,0.9999956,3.361546e-09,2.264344e-11,2.5695553e-07,1.1775287e-06,2.6228142e-06,2.0203235e-08,3.4494263e-08,5.176175e-09,0.9999956
pamap2,gnn_flatten_lstm,sequence,7,107,107,108,2430,24847,24847,3,3,4,4,walking,walking,True,2.5241005e-09,2.017121e-07,9.136079e-09,0.9999956,3.6885435e-09,2.5154231e-11,2.667444e-07,1.2454774e-06,2.6751388e-06,2.0941112e-08,3.779576e-08,5.570496e-09,0.9999956
pamap2,gnn_flatten_lstm,sequence,7,107,107,108,2431,24848,24848,3,3,4,4,walking,walking,True,2.3302344e-09,1.892322e-07,8.177414e-09,0.9999956,3.4356489e-09,2.2764431e-11,2.4895152e-07,1.2143203e-06,2.6325524e-06,1.9774829e-08,3.5246327e-08,5.2184146e-09,0.9999956
pamap2,gnn_flatten_lstm,sequence,7,107,107,108,2432,24849,24849,3,3,4,4,walking,walking,True,2.2296407e-09,1.8540601e-07,7.855344e-09,0.9999956,3.5230647e-09,2.280885e-11,2.56393e-07,1.2149261e-06,2.6382477e-06,1.9190967e-08,3.5060864e-08,5.089903e-09,0.9999956
pamap2,gnn_flatten_lstm,sequence,7,107,107,108,2433,24850,24850,3,3,4,4,walking,walking,True,2.441361e-09,2.0209238e-07,9.135502e-09,0.99999547,3.8187906e-09,2.5676293e-11,2.8333278e-07,1.2319981e-06,2.7784217e-06,2.0988413e-08,3.7904048e-08,5.4645133e-09,0.99999547
pamap2,gnn_flatten_lstm,sequence,7,107,107,108,2434,24851,24851,3,3,4,4,walking,walking,True,2.1800608e-09,1.837964e-07,8.18222e-09,0.9999956,3.4546657e-09,2.260469e-11,2.698812e-07,1.141778e-06,2.6436248e-06,1.9589866e-08,3.4977507e-08,4.8726587e-09,0.9999956
pamap2,gnn_flatten_lstm,sequence,7,107,107,108,2435,24852,24852,3,3,4,4,walking,walking,True,2.308751e-09,1.895745e-07,8.5045455e-09,0.9999956,3.525868e-09,2.3613903e-11,2.7460143e-07,1.1664837e-06,2.6771859e-06,2.0432925e-08,3.568868e-08,5.1221978e-09,0.9999956
pamap2,gnn_flatten_lstm,sequence,7,107,107,108,2436,24853,24853,3,3,4,4,walking,walking,True,2.3820752e-09,1.9006434e-07,8.63465e-09,0.9999956,3.5309289e-09,2.392007e-11,2.7409595e-07,1.1798916e-06,2.6519424e-06,2.068037e-08,3.6191622e-08,5.219947e-09,0.9999956
pamap2,gnn_flatten_lstm,sequence,7,107,107,108,2437,24854,24854,3,3,4,4,walking,walking,True,2.3838478e-09,1.8605394e-07,8.441421e-09,0.9999956,3.4444805e-09,2.336026e-11,2.6902242e-07,1.1738052e-06,2.6169178e-06,2.0542146e-08,3.547469e-08,5.197405e-09,0.9999956
pamap2,gnn_flatten_lstm,sequence,7,107,107,108,2438,24855,24855,3,3,4,4,walking,walking,True,2.4013536e-09,1.8617216e-07,8.375028e-09,0.9999957,3.4030403e-09,2.3090925e-11,2.6376298e-07,1.175432e-06,2.602766e-06,2.0522606e-08,3.5225764e-08,5.202355e-09,0.9999957
pamap2,gnn_flatten_lstm,sequence,7,107,107,108,2439,24856,24856,3,3,4,4,walking,walking,True,2.3423774e-09,1.8121995e-07,8.1056895e-09,0.9999957,3.287411e-09,2.224838e-11,2.5599994e-07,1.1581668e-06,2.5306945e-06,2.000095e-08,3.4441804e-08,5.056665e-09,0.9999957
pamap2,gnn_flatten_lstm,sequence,7,107,107,108,2440,24857,24857,3,3,4,4,walking,walking,True,2.3582691e-09,1.809319e-07,8.175544e-09,0.9999957,3.3235685e-09,2.259288e-11,2.6123635e-07,1.1641855e-06,2.5980144e-06,2.032747e-08,3.45621e-08,5.1575797e-09,0.9999957
pamap2,gnn_flatten_lstm,sequence,7,107,107,108,2441,24858,24858,3,3,4,4,walking,walking,True,2.289946e-09,1.8126077e-07,7.781618e-09,0.9999958,3.2877627e-09,2.168555e-11,2.415201e-07,1.1912912e-06,2.4996589e-06,1.9137532e-08,3.472008e-08,4.9723954e-09,0.9999958
pamap2,gnn_flatten_lstm,sequence,7,107,107,108,2442,24859,24859,3,3,4,4,walking,walking,True,2.4276263e-09,1.8919235e-07,8.081777e-09,0.9999957,3.42471e-09,2.3142203e-11,2.4576462e-07,1.2437303e-06,2.5846423e-06,1.9950466e-08,3.5291265e-08,5.358995e-09,0.9999957
pamap2,gnn_flatten_lstm,sequence,7,107,107,108,2443,24860,24860,3,3,4,4,walking,walking,True,2.4869644e-09,1.9208335e-07,8.505876e-09,0.9999956,3.4798489e-09,2.3889066e-11,2.5588736e-07,1.2434953e-06,2.6671757e-06,2.0752836e-08,3.584121e-08,5.4907585e-09,0.9999956
pamap2,gnn_flatten_lstm,sequence,7,107,107,108,2444,24861,24861,3,3,4,4,walking,walking,True,2.4734537e-09,1.8780526e-07,8.376991e-09,0.9999956,3.4350198e-09,2.3667292e-11,2.57855e-07,1.2289096e-06,2.6406415e-06,2.0776202e-08,3.5552116e-08,5.4625757e-09,0.9999956
pamap2,gnn_flatten_lstm,sequence,7,107,107,108,2445,24862,24862,3,3,4,4,walking,walking,True,2.4560314e-09,1.8755503e-07,8.422604e-09,0.9999956,3.423064e-09,2.352597e-11,2.5869986e-07,1.2168139e-06,2.6646585e-06,2.0804913e-08,3.5428172e-08,5.4341434e-09,0.9999956
pamap2,gnn_flatten_lstm,sequence,7,107,107,108,2446,24863,24863,3,3,4,4,walking,walking,True,2.4370814e-09,1.8702582e-07,8.469064e-09,0.9999957,3.376332e-09,2.3084583e-11,2.5383193e-07,1.2014638e-06,2.5839745e-06,2.037335e-08,3.550238e-08,5.2965405e-09,0.9999957
pamap2,gnn_flatten_lstm,sequence,7,107,107,108,2447,24864,24864,3,3,4,4,walking,walking,True,2.3939817e-09,1.8492888e-07,8.3694545e-09,0.9999957,3.3208059e-09,2.2520688e-11,2.511574e-07,1.1813668e-06,2.54843e-06,2.0069889e-08,3.4990258e-08,5.170147e-09,0.9999957
pamap2,gnn_flatten_lstm,sequence,7,107,107,108,2448,24865,24865,3,3,4,4,walking,walking,True,2.4960123e-09,1.89323e-07,8.461184e-09,0.9999956,3.4556344e-09,2.3713108e-11,2.581394e-07,1.2253461e-06,2.6308885e-06,2.0861021e-08,3.596742e-08,5.4659215e-09,0.9999956
pamap2,gnn_flatten_lstm,sequence,7,107,107,108,2449,24866,24866,3,3,4,4,walking,walking,True,2.505318e-09,1.8898656e-07,8.446833e-09,0.9999956,3.5309762e-09,2.4301762e-11,2.6467083e-07,1.2426607e-06,2.6431658e-06,2.1022071e-08,3.6659745e-08,5.52819e-09,0.9999956
pamap2,gnn_flatten_lstm,sequence,7,107,107,108,2450,24867,24867,3,3,4,4,walking,walking,True,2.4841105e-09,1.9044501e-07,8.652555e-09,0.9999956,3.5438292e-09,2.431057e-11,2.6768984e-07,1.2267797e-06,2.7075039e-06,2.1107248e-08,3.6657372e-08,5.502175e-09,0.9999956
pamap2,gnn_flatten_lstm,sequence,7,107,107,108,2451,24868,24868,3,3,4,4,walking,walking,True,2.3601998e-09,1.8276326e-07,8.188606e-09,0.9999957,3.388131e-09,2.285353e-11,2.575144e-07,1.1898513e-06,2.5954068e-06,2.012762e-08,3.560403e-08,5.189709e-09,0.9999957
pamap2,gnn_flatten_lstm,sequence,7,107,107,108,2452,24869,24869,3,3,4,4,walking,walking,True,2.462528e-09,1.8907508e-07,8.436077e-09,0.9999956,3.5620857e-09,2.424662e-11,2.6549372e-07,1.2280217e-06,2.6591754e-06,2.0686603e-08,3.6727844e-08,5.4816134e-09,0.9999956
pamap2,gnn_flatten_lstm,sequence,7,107,107,108,2453,24870,24870,3,3,4,4,walking,walking,True,2.6245435e-09,2.0371758e-07,9.410225e-09,0.99999535,3.8278327e-09,2.6520768e-11,2.7718406e-07,1.2750455e-06,2.7337994e-06,2.1624441e-08,3.9614367e-08,5.8004685e-09,0.99999535
pamap2,gnn_flatten_lstm,sequence,7,107,107,108,2454,24871,24871,3,3,4,4,walking,walking,True,2.513747e-09,1.934618e-07,8.864099e-09,0.9999956,3.660914e-09,2.5301185e-11,2.7559156e-07,1.2345515e-06,2.6931266e-06,2.1236225e-08,3.7627732e-08,5.610407e-09,0.9999956
pamap2,gnn_flatten_lstm,sequence,7,107,107,108,2455,24872,24872,3,3,4,4,walking,walking,True,2.5259301e-09,1.9405455e-07,8.6449825e-09,0.99999547,3.6204582e-09,2.4859843e-11,2.660909e-07,1.2524188e-06,2.693573e-06,2.1065457e-08,3.7139806e-08,5.644377e-09,0.99999547
pamap2,gnn_flatten_lstm,sequence,7,107,107,108,2456,24873,24873,3,3,4,4,walking,walking,True,2.4120397e-09,1.862643e-07,8.157973e-09,0.9999956,3.4261471e-09,2.3209434e-11,2.5338642e-07,1.2252561e-06,2.6229443e-06,2.0222203e-08,3.54542e-08,5.3724016e-09,0.9999956
pamap2,gnn_flatten_lstm,sequence,7,107,107,108,2457,24874,24874,3,3,4,4,walking,walking,True,2.5468245e-09,1.913697e-07,8.36867e-09,0.99999547,3.5470344e-09,2.442439e-11,2.6016724e-07,1.272747e-06,2.7145466e-06,2.1131976e-08,3.607439e-08,5.7226335e-09,0.99999547
pamap2,gnn_flatten_lstm,sequence,7,107,107,108,2458,24875,24875,3,3,4,4,walking,walking,True,2.5595197e-09,1.9161237e-07,8.4005425e-09,0.99999535,3.5561927e-09,2.4453613e-11,2.5888983e-07,1.2787023e-06,2.7550072e-06,2.117951e-08,3.6114592e-08,5.785541e-09,0.99999535
pamap2,gnn_flatten_lstm,sequence,7,107,107,108,2459,24876,24876,3,3,4,4,walking,walking,True,2.515176e-09,1.8865053e-07,8.312355e-09,0.99999547,3.4809635e-09,2.390456e-11,2.5583464e-07,1.2577392e-06,2.702865e-06,2.0896621e-08,3.5783756e-08,5.6401697e-09,0.99999547
pamap2,gnn_flatten_lstm,sequence,7,107,107,108,2460,24877,24877,3,3,4,4,walking,walking,True,2.5463291e-09,1.9283384e-07,8.619232e-09,0.99999547,3.520391e-09,2.4191647e-11,2.5514314e-07,1.2595144e-06,2.6492526e-06,2.0777787e-08,3.667303e-08,5.6088765e-09,0.99999547
pamap2,gnn_flatten_lstm,sequence,7,107,107,108,2461,24878,24878,3,3,4,4,walking,walking,True,2.4146085e-09,1.8321245e-07,8.1225275e-09,0.9999957,3.326835e-09,2.2645516e-11,2.4894157e-07,1.2053979e-06,2.55698e-06,2.0042652e-08,3.4869867e-08,5.2965508e-09,0.9999957
pamap2,gnn_flatten_lstm,sequence,7,107,107,108,2462,24879,24879,3,3,4,4,walking,walking,True,2.3943376e-09,1.844477e-07,8.207966e-09,0.9999957,3.3327794e-09,2.2572938e-11,2.5029732e-07,1.1915399e-06,2.5602767e-06,1.998135e-08,3.472134e-08,5.2368114e-09,0.9999957
pamap2,gnn_flatten_lstm,sequence,7,107,107,108,2463,24880,24880,3,3,4,4,walking,walking,True,2.3864641e-09,1.8574302e-07,8.247277e-09,0.9999958,3.2696086e-09,2.201705e-11,2.3837232e-07,1.1921197e-06,2.462725e-06,1.932589e-08,3.4716575e-08,5.1859197e-09,0.9999958
pamap2,gnn_flatten_lstm,sequence,7,107,107,108,2464,24881,24881,3,3,4,4,walking,walking,True,2.3453954e-09,1.853076e-07,8.231295e-09,0.9999958,3.2307155e-09,2.1572511e-11,2.3602543e-07,1.1711477e-06,2.4256283e-06,1.9015422e-08,3.41758e-08,5.0399986e-09,0.9999958
pamap2,gnn_flatten_lstm,sequence,7,107,107,108,2465,24882,24882,3,3,4,4,walking,walking,True,2.2059237e-09,1.7670934e-07,7.738223e-09,0.99999595,3.0994733e-09,2.0417513e-11,2.3649838e-07,1.124896e-06,2.50292e-06,1.8868958e-08,3.210746e-08,4.8533026e-09,0.99999595
pamap2,gnn_flatten_lstm,sequence,7,107,107,108,2466,24883,24883,3,3,4,4,walking,walking,True,2.1859072e-09,1.7484757e-07,7.655806e-09,0.99999595,3.0893337e-09,2.0333879e-11,2.3828986e-07,1.1182462e-06,2.505031e-06,1.8863307e-08,3.2053247e-08,4.8165627e-09,0.99999595
pamap2,gnn_flatten_lstm,sequence,7,107,107,108,2467,24884,24884,3,3,4,4,walking,walking,True,2.2259228e-09,1.7758845e-07,7.714936e-09,0.9999957,3.1341785e-09,2.0691468e-11,2.3944088e-07,1.1373246e-06,2.564387e-06,1.9180138e-08,3.2076972e-08,4.950459e-09,0.9999957
pamap2,gnn_flatten_lstm,sequence,7,107,107,108,2468,24885,24885,3,3,4,4,walking,walking,True,2.1067428e-09,1.7085983e-07,7.3678272e-09,0.99999607,2.8767377e-09,1.8543861e-11,2.1353712e-07,1.0951806e-06,2.3696632e-06,1.7491589e-08,3.0590037e-08,4.6051665e-09,0.99999607
pamap2,gnn_flatten_lstm,sequence,7,107,107,108,2469,24886,24886,3,3,4,4,walking,walking,True,2.0981812e-09,1.732482e-07,7.540407e-09,0.9999962,2.8264235e-09,1.8236565e-11,2.0714064e-07,1.0788411e-06,2.2831316e-06,1.7156742e-08,3.0799104e-08,4.4597113e-09,0.9999962
pamap2,gnn_flatten_lstm,sequence,7,107,107,108,2470,24887,24887,3,3,4,4,walking,walking,True,2.103041e-09,1.7556692e-07,7.556993e-09,0.99999607,2.9207523e-09,1.881958e-11,2.167741e-07,1.0874113e-06,2.408578e-06,1.7831546e-08,3.0845428e-08,4.5581787e-09,0.99999607
pamap2,gnn_flatten_lstm,sequence,7,107,107,108,2471,24888,24888,3,3,4,4,walking,walking,True,2.0991857e-09,1.8074535e-07,7.906303e-09,0.99999595,3.0163365e-09,1.933379e-11,2.2562617e-07,1.0826369e-06,2.4459357e-06,1.807932e-08,3.164045e-08,4.508056e-09,0.99999595
pamap2,gnn_flatten_lstm,sequence,7,107,107,108,2472,24889,24889,3,3,4,4,walking,walking,True,2.179184e-09,1.9215211e-07,8.554444e-09,0.9999958,3.2992207e-09,2.1238547e-11,2.539741e-07,1.1044974e-06,2.6156508e-06,1.9467548e-08,3.294412e-08,4.705247e-09,0.9999958
pamap2,gnn_flatten_lstm,sequence,7,107,107,108,2473,24890,24890,3,3,4,4,walking,walking,True,2.0899171e-09,1.7536192e-07,7.552727e-09,0.99999595,2.9548541e-09,1.9029547e-11,2.2355393e-07,1.0858154e-06,2.4920664e-06,1.8209825e-08,3.06461e-08,4.592307e-09,0.99999595
pamap2,gnn_flatten_lstm,sequence,7,107,107,108,2474,24891,24891,3,3,4,4,walking,walking,True,2.1250648e-09,1.713368e-07,7.387725e-09,0.99999607,2.9317144e-09,1.9090623e-11,2.2261592e-07,1.0984744e-06,2.4045823e-06,1.8151743e-08,3.1273498e-08,4.586985e-09,0.99999607
pamap2,gnn_flatten_lstm,sequence,7,107,107,108,2475,24892,24892,3,3,4,4,walking,walking,True,2.1611661e-09,1.7567712e-07,7.723463e-09,0.99999595,3.0417162e-09,1.9882557e-11,2.3346973e-07,1.1016679e-06,2.4986725e-06,1.8709837e-08,3.1990222e-08,4.68913e-09,0.99999595
pamap2,gnn_flatten_lstm,sequence,7,107,107,108,2476,24893,24893,3,3,4,4,walking,walking,True,2.1947433e-09,1.7696753e-07,7.7905895e-09,0.99999595,3.1025134e-09,2.038646e-11,2.3943522e-07,1.1127335e-06,2.5051504e-06,1.9044354e-08,3.2566465e-08,4.7567816e-09,0.99999595
pamap2,gnn_flatten_lstm,sequence,7,107,107,108,2477,24894,24894,3,3,4,4,walking,walking,True,2.2746098e-09,1.836137e-07,8.151675e-09,0.9999957,3.2397736e-09,2.1490455e-11,2.477607e-07,1.1360162e-06,2.5608992e-06,1.965979e-08,3.3697777e-08,4.9351576e-09,0.9999957
pamap2,gnn_flatten_lstm,sequence,7,107,107,108,2478,24895,24895,3,3,4,4,walking,walking,True,2.3267304e-09,1.8466736e-07,8.297451e-09,0.9999957,3.3023808e-09,2.2169126e-11,2.5350198e-07,1.1531379e-06,2.6096136e-06,2.0065373e-08,3.4297717e-08,5.0774154e-09,0.9999957
pamap2,gnn_flatten_lstm,sequence,7,107,107,108,2479,24896,24896,3,3,4,4,walking,walking,True,2.3625506e-09,1.83906e-07,8.316051e-09,0.9999956,3.339193e-09,2.2570397e-11,2.590729e-07,1.165654e-06,2.6453272e-06,2.0434523e-08,3.458478e-08,5.171843e-09,0.9999956
pamap2,gnn_flatten_lstm,sequence,7,107,107,108,2480,24897,24897,3,3,4,4,walking,walking,True,2.5176818e-09,1.9336993e-07,8.715729e-09,0.9999956,3.5109233e-09,2.410345e-11,2.6209077e-07,1.2239902e-06,2.685932e-06,2.1183432e-08,3.637675e-08,5.516014e-09,0.9999956
pamap2,gnn_flatten_lstm,sequence,7,107,107,108,2481,24898,24898,3,3,4,4,walking,walking,True,2.5002147e-09,1.8932624e-07,8.357808e-09,0.9999956,3.510863e-09,2.4018548e-11,2.5792804e-07,1.2480682e-06,2.63568e-06,2.076226e-08,3.6485986e-08,5.5421467e-09,0.9999956
pamap2,gnn_flatten_lstm,sequence,7,107,107,108,2482,24899,24899,3,3,4,4,walking,walking,True,2.6520997e-09,1.9651658e-07,8.660957e-09,0.99999535,3.6582328e-09,2.5420074e-11,2.618491e-07,1.306651e-06,2.7441017e-06,2.160222e-08,3.7509636e-08,5.951698e-09,0.99999535
pamap2,gnn_flatten_lstm,sequence,7,107,107,108,2483,24900,24900,3,3,4,4,walking,walking,True,2.556344e-09,1.9386792e-07,8.667585e-09,0.99999547,3.572073e-09,2.4566705e-11,2.5890023e-07,1.2698215e-06,2.717971e-06,2.107518e-08,3.6749842e-08,5.7077867e-09,0.99999547
pamap2,gnn_flatten_lstm,sequence,7,107,107,108,2484,24901,24901,3,3,4,4,walking,walking,True,2.4678177e-09,1.888381e-07,8.4897485e-09,0.9999956,3.473112e-09,2.3756296e-11,2.5886297e-07,1.2307487e-06,2.7055476e-06,2.0828656e-08,3.5740108e-08,5.518424e-09,0.9999956
pamap2,gnn_flatten_lstm,sequence,7,107,107,108,2485,24902,24902,3,3,4,4,walking,walking,True,2.5150177e-09,1.940753e-07,8.878194e-09,0.9999956,3.5432075e-09,2.4296478e-11,2.6196705e-07,1.2334677e-06,2.6970745e-06,2.1036831e-08,3.688278e-08,5.5279683e-09,0.9999956
pamap2,gnn_flatten_lstm,sequence,7,107,107,108,2486,24903,24903,3,3,4,4,walking,walking,True,2.471638e-09,1.9059493e-07,8.683671e-09,0.9999957,3.4645375e-09,2.367646e-11,2.5774534e-07,1.211595e-06,2.5982622e-06,2.056069e-08,3.6385153e-08,5.3762874e-09,0.9999957
pamap2,gnn_flatten_lstm,sequence,7,107,107,108,2487,24904,24904,3,3,4,4,walking,walking,True,2.5095124e-09,1.9801148e-07,9.049658e-09,0.9999957,3.5519905e-09,2.419428e-11,2.572871e-07,1.2228727e-06,2.5993354e-06,2.0581602e-08,3.7331855e-08,5.4129585e-09,0.9999957
pamap2,gnn_flatten_lstm,sequence,7,107,107,108,2488,24905,24905,3,3,4,4,walking,walking,True,2.510441e-09,1.9978329e-07,9.111507e-09,0.9999956,3.58129e-09,2.4383107e-11,2.5879115e-07,1.2259504e-06,2.6112361e-06,2.0664677e-08,3.744517e-08,5.422889e-09,0.9999956
pamap2,gnn_flatten_lstm,sequence,7,107,107,108,2489,24906,24906,3,3,4,4,walking,walking,True,2.4493187e-09,1.9600998e-07,8.868463e-09,0.9999957,3.5068077e-09,2.3695027e-11,2.5608514e-07,1.208922e-06,2.6068747e-06,2.0388239e-08,3.6408615e-08,5.321258e-09,0.9999957
pamap2,gnn_flatten_lstm,sequence,7,107,107,108,2490,24907,24907,3,3,4,4,walking,walking,True,2.458867e-09,1.9324807e-07,8.601774e-09,0.9999956,3.4606538e-09,2.3580507e-11,2.571671e-07,1.2164263e-06,2.6703624e-06,2.0890248e-08,3.5570903e-08,5.415095e-09,0.9999956
pamap2,gnn_flatten_lstm,sequence,7,107,107,108,2491,24908,24908,3,3,4,4,walking,walking,True,2.4311755e-09,1.9042177e-07,8.466381e-09,0.9999956,3.464537e-09,2.3576774e-11,2.5853188e-07,1.2183942e-06,2.6249036e-06,2.068964e-08,3.5962273e-08,5.33687e-09,0.9999956
pamap2,gnn_flatten_lstm,sequence,7,107,107,108,2492,24909,24909,3,3,4,4,walking,walking,True,2.5474565e-09,1.9895184e-07,8.912381e-09,0.9999956,3.5667225e-09,2.46582e-11,2.6118326e-07,1.2478254e-06,2.7047015e-06,2.1438575e-08,3.6900932e-08,5.592373e-09,0.9999956
pamap2,gnn_flatten_lstm,sequence,7,107,107,108,2493,24910,24910,3,3,4,4,walking,walking,True,2.6178097e-09,2.0675152e-07,9.484864e-09,0.99999547,3.6610674e-09,2.5404762e-11,2.6044103e-07,1.2665042e-06,2.6366322e-06,2.1344363e-08,3.8636824e-08,5.6070473e-09,0.99999547
pamap2,gnn_flatten_lstm,sequence,7,107,107,108,2494,24911,24911,3,3,4,4,walking,walking,True,2.5073836e-09,2.0090751e-07,9.0917e-09,0.9999957,3.4972156e-09,2.3897e-11,2.4925302e-07,1.230371e-06,2.5372242e-06,2.041754e-08,3.6995303e-08,5.349406e-09,0.9999957
pamap2,gnn_flatten_lstm,sequence,7,107,107,108,2495,24912,24912,3,3,4,4,walking,walking,True,2.5416127e-09,2.0356728e-07,8.68569e-09,0.99999547,3.7192316e-09,2.5004124e-11,2.5170237e-07,1.3140542e-06,2.687392e-06,2.0629741e-08,3.7911132e-08,5.6690204e-09,0.99999547
pamap2,gnn_flatten_lstm,sequence,7,107,107,108,2496,24913,24913,3,3,4,4,walking,walking,True,2.4477624e-09,2.002435e-07,8.394632e-09,0.99999535,3.867824e-09,2.5565116e-11,2.61946e-07,1.331541e-06,2.7856302e-06,2.0294571e-08,3.796576e-08,5.703857e-09,0.99999535
pamap2,gnn_flatten_lstm,sequence,7,107,107,108,2497,24914,24914,3,3,4,4,walking,walking,True,2.6143605e-09,2.1254094e-07,9.160623e-09,0.999995,4.078072e-09,2.7671063e-11,2.7201983e-07,1.3805535e-06,2.973275e-06,2.1466917e-08,3.9243375e-08,6.2548597e-09,0.999995
pamap2,gnn_flatten_lstm,sequence,7,107,107,108,2498,24915,24915,3,3,4,4,walking,walking,True,2.3767552e-09,2.0326344e-07,8.534897e-09,0.99999523,3.834e-09,2.5003354e-11,2.5056517e-07,1.3368516e-06,2.9251785e-06,1.976909e-08,3.680905e-08,5.8320286e-09,0.99999523
pamap2,gnn_flatten_lstm,sequence,7,107,107,108,2499,24916,24916,3,3,4,4,walking,walking,True,2.283603e-09,1.8991572e-07,8.035845e-09,0.99999535,3.4773269e-09,2.2954787e-11,2.548022e-07,1.2363009e-06,2.9380255e-06,2.0265173e-08,3.3176157e-08,5.4922555e-09,0.99999535
pamap2,gnn_flatten_lstm,sequence,7,107,107,108,2500,24917,24917,3,3,4,4,walking,walking,True,2.2478601e-09,1.8616251e-07,8.08219e-09,0.99999535,3.3684961e-09,2.2264164e-11,2.5604646e-07,1.189936e-06,2.9146418e-06,2.0322034e-08,3.2783387e-08,5.2982667e-09,0.99999535
pamap2,gnn_flatten_lstm,sequence,7,107,107,108,2501,24918,24918,3,3,4,4,walking,walking,True,2.2243307e-09,1.8270953e-07,8.017903e-09,0.99999547,3.3394791e-09,2.2103635e-11,2.58434e-07,1.1693214e-06,2.8097659e-06,2.0108315e-08,3.3122543e-08,5.163031e-09,0.99999547
pamap2,gnn_flatten_lstm,sequence,7,107,107,108,2502,24919,24919,3,3,4,4,walking,walking,True,2.1908608e-09,1.8233894e-07,8.088468e-09,0.99999547,3.2963012e-09,2.1727356e-11,2.580936e-07,1.1387059e-06,2.7745532e-06,1.9914268e-08,3.29257e-08,5.023221e-09,0.99999547
pamap2,gnn_flatten_lstm,sequence,7,107,107,108,2503,24920,24920,3,3,4,4,walking,walking,True,2.0947337e-09,1.7521194e-07,7.68014e-09,0.9999957,3.133533e-09,2.0310153e-11,2.453534e-07,1.1088847e-06,2.6515052e-06,1.8966592e-08,3.2077093e-08,4.7265822e-09,0.9999957
pamap2,gnn_flatten_lstm,sequence,7,107,107,108,2504,24921,24921,3,3,4,4,walking,walking,True,2.206638e-09,1.7946293e-07,7.924116e-09,0.9999956,3.2100944e-09,2.1128965e-11,2.4848447e-07,1.1403001e-06,2.6722194e-06,1.9564698e-08,3.2980765e-08,4.9301803e-09,0.9999956
pamap2,gnn_flatten_lstm,sequence,7,107,107,108,2505,24922,24922,3,3,4,4,walking,walking,True,2.2248403e-09,1.8069134e-07,8.104437e-09,0.9999956,3.2175118e-09,2.1247861e-11,2.490128e-07,1.1334912e-06,2.640727e-06,1.9562496e-08,3.328169e-08,4.9323345e-09,0.9999956
pamap2,gnn_flatten_lstm,sequence,7,107,107,108,2506,24923,24923,3,3,4,4,walking,walking,True,2.217799e-09,1.798056e-07,8.16808e-09,0.9999958,3.1984952e-09,2.1205437e-11,2.4896417e-07,1.1192448e-06,2.5984955e-06,1.9448063e-08,3.3264495e-08,4.9137063e-09,0.9999958
pamap2,gnn_flatten_lstm,sequence,7,107,107,108,2507,24924,24924,3,3,4,4,walking,walking,True,2.3711642e-09,1.8798087e-07,8.365383e-09,0.9999956,3.4294292e-09,2.3021087e-11,2.5853262e-07,1.1884608e-06,2.6966911e-06,2.0386484e-08,3.4839616e-08,5.3404645e-09,0.9999956
pamap2,gnn_flatten_lstm,sequence,7,107,107,108,2508,24925,24925,3,3,4,4,walking,walking,True,2.3733588e-09,1.8201965e-07,8.14479e-09,0.9999957,3.3213314e-09,2.2527775e-11,2.5548968e-07,1.1770159e-06,2.6001462e-06,2.02305e-08,3.4496896e-08,5.227191e-09,0.9999957
pamap2,gnn_flatten_lstm,sequence,7,107,107,108,2509,24926,24926,3,3,4,4,walking,walking,True,2.3812938e-09,1.8156283e-07,8.208999e-09,0.9999957,3.3016818e-09,2.2491667e-11,2.5746579e-07,1.1661923e-06,2.5943377e-06,2.0380423e-08,3.4484334e-08,5.1908575e-09,0.9999957
pamap2,gnn_flatten_lstm,sequence,7,107,107,108,2510,24927,24927,3,3,4,4,walking,walking,True,2.6096636e-09,1.9487983e-07,8.703169e-09,0.99999547,3.5726182e-09,2.4766135e-11,2.6416168e-07,1.2585515e-06,2.7220929e-06,2.1583238e-08,3.661209e-08,5.7636123e-09,0.99999547
pamap2,gnn_flatten_lstm,sequence,7,107,107,108,2511,24928,24928,3,3,4,4,walking,walking,True,2.5878493e-09,1.9637349e-07,9.017678e-09,0.9999956,3.6048307e-09,2.5078252e-11,2.6681948e-07,1.246932e-06,2.6621644e-06,2.1317838e-08,3.7315125e-08,5.6695617e-09,0.9999956
pamap2,gnn_flatten_lstm,sequence,7,107,107,108,2512,24929,24929,3,3,4,4,walking,walking,True,2.4252842e-09,1.8677464e-07,8.489796e-09,0.9999956,3.3857275e-09,2.3140831e-11,2.5826006e-07,1.1888848e-06,2.6429643e-06,2.063309e-08,3.522072e-08,5.3286717e-09,0.9999956
pamap2,gnn_flatten_lstm,sequence,7,107,107,108,2513,24930,24930,3,3,4,4,walking,walking,True,2.5320714e-09,1.9431349e-07,8.886462e-09,0.9999957,3.4320013e-09,2.3616699e-11,2.5136973e-07,1.2185535e-06,2.519432e-06,2.0548065e-08,3.6925087e-08,5.351896e-09,0.9999957
pamap2,gnn_flatten_lstm,sequence,7,107,107,108,2514,24931,24931,3,3,4,4,walking,walking,True,2.4547675e-09,1.9021508e-07,8.588137e-09,0.9999958,3.296076e-09,2.2390485e-11,2.4153388e-07,1.1914094e-06,2.423053e-06,1.980163e-08,3.5567794e-08,5.1218962e-09,0.9999958
pamap2,gnn_flatten_lstm,sequence,7,107,107,108,2515,24932,24932,3,3,4,4,walking,walking,True,2.369686e-09,1.8329425e-07,8.060225e-09,0.9999958,3.2279805e-09,2.1712368e-11,2.41024e-07,1.1734799e-06,2.4963786e-06,1.9654582e-08,3.397445e-08,5.102541e-09,0.9999958
pamap2,gnn_flatten_lstm,sequence,7,107,107,108,2516,24933,24933,3,3,4,4,walking,walking,True,2.2232967e-09,1.7463593e-07,7.4072224e-09,0.9999958,3.259304e-09,2.125273e-11,2.4661267e-07,1.1739107e-06,2.4975643e-06,1.8840042e-08,3.2885858e-08,4.944958e-09,0.9999958
pamap2,gnn_flatten_lstm,sequence,7,107,107,108,2517,24934,24934,3,3,4,4,walking,walking,True,2.357082e-09,1.8691937e-07,8.241426e-09,0.9999957,3.424488e-09,2.2911624e-11,2.5707027e-07,1.1898967e-06,2.6144985e-06,1.988133e-08,3.4544964e-08,5.244258e-09,0.9999957
pamap2,gnn_flatten_lstm,sequence,7,107,107,108,2518,24935,24935,3,3,4,4,walking,walking,True,2.4973261e-09,1.9065068e-07,8.2399785e-09,0.99999535,3.5460934e-09,2.4052512e-11,2.6122555e-07,1.2536734e-06,2.742184e-06,2.0858629e-08,3.506982e-08,5.679745e-09,0.99999535
pamap2,gnn_flatten_lstm,sequence,7,107,107,108,2519,24936,24936,3,3,4,4,walking,walking,True,2.5124427e-09,1.8884526e-07,8.087449e-09,0.99999535,3.5697976e-09,2.421431e-11,2.6229299e-07,1.2806781e-06,2.8316488e-06,2.1094241e-08,3.460292e-08,5.8612692e-09,0.99999535
pamap2,gnn_flatten_lstm,sequence,7,107,107,108,2520,24937,24937,3,3,4,4,walking,walking,True,2.358179e-09,1.8162619e-07,7.9942195e-09,0.9999956,3.3166403e-09,2.2300594e-11,2.52642e-07,1.1944536e-06,2.7215456e-06,2.028881e-08,3.3462268e-08,5.33801e-09,0.9999956
pamap2,gnn_flatten_lstm,sequence,7,107,107,108,2521,24938,24938,3,3,4,4,walking,walking,True,2.3887863e-09,1.8018494e-07,7.977054e-09,0.9999957,3.2759382e-09,2.2199974e-11,2.5024528e-07,1.1899729e-06,2.616369e-06,2.020794e-08,3.395521e-08,5.2712643e-09,0.9999957
pamap2,gnn_flatten_lstm,sequence,7,107,107,108,2522,24939,24939,3,3,4,4,walking,walking,True,2.4575495e-09,1.8591558e-07,8.2092955e-09,0.9999956,3.3750889e-09,2.2939477e-11,2.5169376e-07,1.2181399e-06,2.6662194e-06,2.052601e-08,3.4709284e-08,5.4553912e-09,0.9999956
pamap2,gnn_flatten_lstm,sequence,7,107,107,108,2523,24940,24940,3,3,4,4,walking,walking,True,2.405585e-09,1.8438455e-07,8.20058e-09,0.9999957,3.3080167e-09,2.2214756e-11,2.402034e-07,1.2056361e-06,2.5603083e-06,1.9503075e-08,3.45337e-08,5.343369e-09,0.9999957
pamap2,gnn_flatten_lstm,sequence,7,107,107,108,2524,24941,24941,3,3,4,4,walking,walking,True,2.332636e-09,1.8059406e-07,7.912337e-09,0.9999958,3.2028908e-09,2.1217049e-11,2.3097824e-07,1.1888466e-06,2.4942058e-06,1.8841694e-08,3.3446963e-08,5.189789e-09,0.9999958
pamap2,gnn_flatten_lstm,sequence,7,107,107,108,2525,24942,24942,3,3,4,4,walking,walking,True,2.3327071e-09,1.8026779e-07,7.819736e-09,0.9999957,3.169672e-09,2.110158e-11,2.3419844e-07,1.1778883e-06,2.5594074e-06,1.9427448e-08,3.3019226e-08,5.140471e-09,0.9999957
pamap2,gnn_flatten_lstm,sequence,7,107,107,108,2526,24943,24943,3,3,4,4,walking,walking,True,2.2881737e-09,1.7740958e-07,7.705967e-09,0.99999595,3.0438636e-09,2.0111093e-11,2.1979544e-07,1.16276e-06,2.3985883e-06,1.839814e-08,3.2699536e-08,4.9735345e-09,0.99999595
pamap2,gnn_flatten_lstm,sequence,7,107,107,108,2527,24944,24944,3,3,4,4,walking,walking,True,2.0763053e-09,1.6406284e-07,6.861404e-09,0.9999962,2.7099918e-09,1.7277563e-11,1.9550134e-07,1.1001068e-06,2.2460013e-06,1.6508544e-08,2.9594814e-08,4.5024198e-09,0.9999962
pamap2,gnn_flatten_lstm,sequence,7,107,107,108,2528,24945,24945,3,3,4,4,walking,walking,True,2.0799873e-09,1.6464321e-07,6.9710895e-09,0.99999607,2.7560876e-09,1.7710985e-11,2.0627327e-07,1.0855214e-06,2.3417385e-06,1.7372825e-08,2.9738935e-08,4.491055e-09,0.99999607
pamap2,gnn_flatten_lstm,sequence,7,107,107,108,2529,24946,24946,3,3,4,4,walking,walking,True,2.1137216e-09,1.7001427e-07,7.300582e-09,0.99999595,2.8641398e-09,1.8538412e-11,2.1669386e-07,1.0897949e-06,2.4278067e-06,1.7997296e-08,3.0321893e-08,4.5876494e-09,0.99999595
pamap2,gnn_flatten_lstm,sequence,7,107,107,108,2530,24947,24947,3,3,4,4,walking,walking,True,2.1579987e-09,1.7416707e-07,7.626104e-09,0.99999595,2.9725478e-09,1.9350391e-11,2.3140976e-07,1.0869966e-06,2.48976e-06,1.8771532e-08,3.1274567e-08,4.6253072e-09,0.99999595
pamap2,gnn_flatten_lstm,sequence,7,107,107,108,2531,24948,24948,3,3,4,4,walking,walking,True,2.2161584e-09,1.7884771e-07,7.963526e-09,0.9999958,3.1113134e-09,2.044908e-11,2.4983493e-07,1.0927681e-06,2.5393522e-06,1.9684219e-08,3.2363296e-08,4.6957704e-09,0.9999958
pamap2,gnn_flatten_lstm,sequence,7,107,107,108,2532,24949,24949,3,3,4,4,walking,walking,True,2.2551576e-09,1.871759e-07,8.452475e-09,0.9999958,3.1714016e-09,2.0978063e-11,2.4752478e-07,1.0984218e-06,2.5386112e-06,1.9793438e-08,3.344001e-08,4.7139963e-09,0.9999958
pamap2,gnn_flatten_lstm,sequence,7,107,107,108,2533,24950,24950,3,3,4,4,walking,walking,True,2.1876425e-09,1.7819636e-07,7.841634e-09,0.99999595,2.9744986e-09,1.9595598e-11,2.2667196e-07,1.0942878e-06,2.4383553e-06,1.8766306e-08,3.194108e-08,4.6263042e-09,0.99999595
pamap2,gnn_flatten_lstm,sequence,7,107,107,108,2534,24951,24951,3,3,4,4,walking,walking,True,2.2175457e-09,1.7654997e-07,7.730272e-09,0.99999595,2.9972673e-09,1.981668e-11,2.2645781e-07,1.1167798e-06,2.4656863e-06,1.8827686e-08,3.1898825e-08,4.7647815e-09,0.99999595
pamap2,gnn_flatten_lstm,sequence,7,107,107,108,2535,24952,24952,3,3,4,4,walking,walking,True,2.19151e-09,1.8048303e-07,8.004141e-09,0.99999607,2.9480938e-09,1.9262383e-11,2.1553807e-07,1.0993275e-06,2.3574821e-06,1.805117e-08,3.2262903e-08,4.579249e-09,0.99999607
pamap2,gnn_flatten_lstm,sequence,7,107,107,108,2536,24953,24953,3,3,4,4,walking,walking,True,2.2016744e-09,1.7757482e-07,7.829022e-09,0.9999962,2.8869125e-09,1.8953264e-11,2.0841716e-07,1.1064925e-06,2.2467148e-06,1.7572214e-08,3.2236272e-08,4.5433968e-09,0.9999962
pamap2,gnn_flatten_lstm,sequence,7,107,107,108,2537,24954,24954,3,3,4,4,walking,walking,True,2.3040623e-09,1.8020678e-07,7.89351e-09,0.9999958,3.0859646e-09,2.0639282e-11,2.2858879e-07,1.1489469e-06,2.4272251e-06,1.902293e-08,3.2955555e-08,4.9173536e-09,0.9999958
pamap2,gnn_flatten_lstm,sequence,7,107,107,108,2538,24955,24955,3,3,4,4,walking,walking,True,2.2980056e-09,1.7876775e-07,7.814071e-09,0.9999958,3.1113845e-09,2.0802825e-11,2.3296083e-07,1.1545279e-06,2.478471e-06,1.9209796e-08,3.287896e-08,4.9692472e-09,0.9999958
pamap2,gnn_flatten_lstm,sequence,7,107,107,108,2539,24956,24956,3,3,4,4,walking,walking,True,2.4271496e-09,1.8735696e-07,8.240028e-09,0.9999957,3.272884e-09,2.2190659e-11,2.3914444e-07,1.2014066e-06,2.5294928e-06,1.9908576e-08,3.42849e-08,5.252116e-09,0.9999957
pamap2,gnn_flatten_lstm,sequence,7,107,107,108,2540,24957,24957,3,3,4,4,walking,walking,True,2.3137636e-09,1.7964327e-07,7.9396685e-09,0.9999957,3.1505107e-09,2.1147271e-11,2.383289e-07,1.156829e-06,2.536433e-06,1.9560261e-08,3.3073686e-08,5.0285713e-09,0.9999957
pamap2,gnn_flatten_lstm,sequence,7,107,107,108,2541,24958,24958,3,3,4,4,walking,walking,True,2.325151e-09,1.7867636e-07,7.961931e-09,0.9999957,3.1743608e-09,2.1391734e-11,2.4406236e-07,1.1517598e-06,2.5312593e-06,1.9733987e-08,3.3389785e-08,5.034723e-09,0.9999957
pamap2,gnn_flatten_lstm,sequence,7,107,107,108,2542,24959,24959,3,3,4,4,walking,walking,True,2.3860225e-09,1.8453743e-07,8.233492e-09,0.9999957,3.3080925e-09,2.2316553e-11,2.4934147e-07,1.1800931e-06,2.5741558e-06,2.0029352e-08,3.4381944e-08,5.2043996e-09,0.9999957
pamap2,gnn_flatten_lstm,sequence,7,107,107,108,2543,24960,24960,3,3,4,4,walking,walking,True,2.2753779e-09,1.7943319e-07,7.9450615e-09,0.9999957,3.1813494e-09,2.1203171e-11,2.4439822e-07,1.142387e-06,2.5412683e-06,1.9511782e-08,3.3079303e-08,4.9595226e-09,0.9999957
pamap2,gnn_flatten_lstm,sequence,7,107,107,108,2544,24961,24961,3,3,4,4,walking,walking,True,2.319468e-09,1.8438438e-07,8.184859e-09,0.9999957,3.2242022e-09,2.1529433e-11,2.4361728e-07,1.1518081e-06,2.5198788e-06,1.9607812e-08,3.3696878e-08,4.979494e-09,0.9999957
pamap2,gnn_flatten_lstm,sequence,7,107,107,108,2545,24962,24962,3,3,4,4,walking,walking,True,2.3591107e-09,1.823461e-07,8.008322e-09,0.9999957,3.2044425e-09,2.1600015e-11,2.4236752e-07,1.1703358e-06,2.5482332e-06,1.9882126e-08,3.3387934e-08,5.114711e-09,0.9999957
pamap2,gnn_flatten_lstm,sequence,7,107,107,108,2546,24963,24963,3,3,4,4,walking,walking,True,2.4199058e-09,1.8229116e-07,8.028647e-09,0.9999957,3.2580667e-09,2.2196628e-11,2.4649862e-07,1.1986667e-06,2.586874e-06,2.0307317e-08,3.394349e-08,5.2858127e-09,0.9999957
pamap2,gnn_flatten_lstm,sequence,7,107,107,108,2547,24964,24964,3,3,4,4,walking,walking,True,2.4386388e-09,1.8425008e-07,8.282951e-09,0.9999957,3.3322773e-09,2.2814597e-11,2.539748e-07,1.1982393e-06,2.6035952e-06,2.0550377e-08,3.4851514e-08,5.3148272e-09,0.9999957
pamap2,gnn_flatten_lstm,sequence,7,107,107,108,2548,24965,24965,3,3,4,4,walking,walking,True,2.3999158e-09,1.8205715e-07,8.182658e-09,0.9999957,3.2795828e-09,2.237725e-11,2.5058583e-07,1.1805975e-06,2.542376e-06,2.0174742e-08,3.4623525e-08,5.199072e-09,0.9999957
pamap2,gnn_flatten_lstm,sequence,7,107,107,108,2549,24966,24966,3,3,4,4,walking,walking,True,2.5456013e-09,1.9005115e-07,8.484294e-09,0.9999957,3.4227774e-09,2.3697466e-11,2.5398862e-07,1.2331315e-06,2.593269e-06,2.0949184e-08,3.594157e-08,5.516983e-09,0.9999957
pamap2,gnn_flatten_lstm,sequence,7,107,107,108,2550,24967,24967,3,3,4,4,walking,walking,True,2.4478282e-09,1.8667563e-07,7.909377e-09,0.9999956,3.451379e-09,2.3089072e-11,2.384687e-07,1.2802706e-06,2.6011803e-06,1.9656039e-08,3.5831913e-08,5.5156666e-09,0.9999956
pamap2,gnn_flatten_lstm,sequence,7,107,107,108,2551,24968,24968,3,3,4,4,walking,walking,True,2.2660964e-09,1.7764688e-07,7.333195e-09,0.9999957,3.3049454e-09,2.1617408e-11,2.3145738e-07,1.2454335e-06,2.5592976e-06,1.8601305e-08,3.385626e-08,5.19927e-09,0.9999957
pamap2,gnn_flatten_lstm,sequence,7,107,107,108,2552,24969,24969,3,3,4,4,walking,walking,True,2.5071483e-09,1.8976039e-07,8.104682e-09,0.99999535,3.559151e-09,2.4262573e-11,2.5656416e-07,1.2908001e-06,2.761889e-06,2.0774614e-08,3.5466908e-08,5.762194e-09,0.99999535
pamap2,gnn_flatten_lstm,sequence,7,107,107,108,2553,24970,24970,3,3,4,4,walking,walking,True,2.3920732e-09,1.8178405e-07,7.863739e-09,0.9999956,3.4061565e-09,2.3018365e-11,2.5342288e-07,1.2414537e-06,2.7106455e-06,2.0247791e-08,3.4410938e-08,5.4830562e-09,0.9999956
pamap2,gnn_flatten_lstm,sequence,7,107,107,108,2554,24971,24971,3,3,4,4,walking,walking,True,2.4161193e-09,1.8347434e-07,8.030944e-09,0.9999956,3.4272385e-09,2.3226884e-11,2.558798e-07,1.2385918e-06,2.7247918e-06,2.0451562e-08,3.4669846e-08,5.5193814e-09,0.9999956
pamap2,gnn_flatten_lstm,sequence,7,107,107,108,2555,24972,24972,3,3,4,4,walking,walking,True,2.4054512e-09,1.8272122e-07,7.977068e-09,0.99999547,3.439963e-09,2.3174929e-11,2.5633506e-07,1.2362916e-06,2.7661226e-06,2.0429221e-08,3.4582534e-08,5.5498677e-09,0.99999547
pamap2,gnn_flatten_lstm,sequence,7,107,107,108,2556,24973,24973,3,3,4,4,walking,walking,True,2.383511e-09,1.8189519e-07,8.022079e-09,0.99999547,3.478614e-09,2.33755e-11,2.6397635e-07,1.2242562e-06,2.7894346e-06,2.0536621e-08,3.4734313e-08,5.517666e-09,0.99999547
pamap2,gnn_flatten_lstm,sequence,7,107,107,108,2557,24974,24974,3,3,4,4,walking,walking,True,2.4091245e-09,1.8416502e-07,8.295772e-09,0.99999547,3.5222647e-09,2.391131e-11,2.7260455e-07,1.2184603e-06,2.832962e-06,2.1067304e-08,3.5229785e-08,5.5623306e-09,0.99999547
pamap2,gnn_flatten_lstm,sequence,7,107,107,108,2558,24975,24975,3,3,4,4,walking,walking,True,2.3209368e-09,1.7880535e-07,7.967366e-09,0.99999547,3.3644063e-09,2.257556e-11,2.6201297e-07,1.1865118e-06,2.7406707e-06,2.035369e-08,3.4147835e-08,5.297024e-09,0.99999547
pamap2,gnn_flatten_lstm,sequence,7,107,107,108,2559,24976,24976,3,3,4,4,walking,walking,True,2.338806e-09,1.8050791e-07,8.0433304e-09,0.9999956,3.3306884e-09,2.2346961e-11,2.5772567e-07,1.1820631e-06,2.7339463e-06,2.038279e-08,3.3951515e-08,5.2775717e-09,0.9999956
pamap2,gnn_flatten_lstm,sequence,7,107,107,108,2560,24977,24977,3,3,4,4,walking,walking,True,2.6283908e-09,1.953366e-07,8.534897e-09,0.99999523,3.702364e-09,2.540238e-11,2.6729688e-07,1.308192e-06,2.8557577e-06,2.1744757e-08,3.6944446e-08,6.0334653e-09,0.99999523
pamap2,gnn_flatten_lstm,sequence,7,107,107,108,2561,24978,24978,3,3,4,4,walking,walking,True,2.6510272e-09,1.9561324e-07,8.4110106e-09,0.99999523,3.8202903e-09,2.6155952e-11,2.7115613e-07,1.3524926e-06,2.9284108e-06,2.1819247e-08,3.6898104e-08,6.2845067e-09,0.99999523
pamap2,gnn_flatten_lstm,sequence,7,107,107,108,2562,24979,24979,3,3,4,4,walking,walking,True,2.7234663e-09,1.9888097e-07,8.594718e-09,0.999995,3.850238e-09,2.6691573e-11,2.7211584e-07,1.3726282e-06,2.9745456e-06,2.2318272e-08,3.723803e-08,6.461847e-09,0.999995
pamap2,gnn_flatten_lstm,sequence,7,107,107,108,2563,24980,24980,3,3,4,4,walking,walking,True,2.5336262e-09,1.915897e-07,8.430156e-09,0.99999535,3.6086134e-09,2.4607642e-11,2.584744e-07,1.2961315e-06,2.8067045e-06,2.0938868e-08,3.611542e-08,5.8780736e-09,0.99999535
pamap2,gnn_flatten_lstm,sequence,7,107,107,108,2564,24981,24981,3,3,4,4,walking,walking,True,2.5051596e-09,1.9574969e-07,8.763066e-09,0.99999535,3.5910637e-09,2.4348619e-11,2.5521854e-07,1.2683134e-06,2.737875e-06,2.0615342e-08,3.6624307e-08,5.6726757e-09,0.99999535
pamap2,gnn_flatten_lstm,sequence,7,107,107,108,2565,24982,24982,3,3,4,4,walking,walking,True,2.3616589e-09,1.8467686e-07,8.20058e-09,0.9999957,3.3200331e-09,2.229443e-11,2.4728598e-07,1.1970868e-06,2.6128532e-06,1.993103e-08,3.4352908e-08,5.2332463e-09,0.9999957
pamap2,gnn_flatten_lstm,sequence,7,107,107,108,2566,24983,24983,3,3,4,4,walking,walking,True,2.311342e-09,1.7945764e-07,8.011988e-09,0.9999957,3.211724e-09,2.151572e-11,2.4676135e-07,1.1588884e-06,2.5516379e-06,1.9727251e-08,3.34889e-08,5.0447966e-09,0.9999957
pamap2,gnn_flatten_lstm,sequence,7,107,107,108,2567,24984,24984,3,3,4,4,walking,walking,True,2.4088123e-09,1.8405687e-07,8.118268e-09,0.9999956,3.3691074e-09,2.2659381e-11,2.530727e-07,1.201286e-06,2.6429138e-06,2.0296474e-08,3.465008e-08,5.335883e-09,0.9999956
pamap2,gnn_flatten_lstm,sequence,7,107,107,108,2568,24985,24985,3,3,4,4,walking,walking,True,2.3385875e-09,1.7875749e-07,7.869065e-09,0.9999957,3.297704e-09,2.2066654e-11,2.5166187e-07,1.1821929e-06,2.5869306e-06,1.9877424e-08,3.425921e-08,5.1683426e-09,0.9999957
pamap2,gnn_flatten_lstm,sequence,7,107,107,108,2569,24986,24986,3,3,4,4,walking,walking,True,2.3451532e-09,1.8044217e-07,7.957587e-09,0.9999956,3.285079e-09,2.2054367e-11,2.5175137e-07,1.1789671e-06,2.6309963e-06,2.0068162e-08,3.3818825e-08,5.2023146e-09,0.9999956
pamap2,gnn_flatten_lstm,sequence,7,107,107,108,2570,24987,24987,3,3,4,4,walking,walking,True,2.3392657e-09,1.787684e-07,7.90962e-09,0.9999957,3.234223e-09,2.177856e-11,2.502145e-07,1.1673117e-06,2.5724257e-06,1.997312e-08,3.365333e-08,5.1116094e-09,0.9999957
pamap2,gnn_flatten_lstm,sequence,7,107,107,108,2571,24988,24988,3,3,4,4,walking,walking,True,1.9083872e-09,1.6040315e-07,7.058687e-09,0.9999962,3.006905e-09,1.8784332e-11,2.4697428e-07,1.0365936e-06,2.357289e-06,1.7303577e-08,3.1115118e-08,4.1239216e-09,0.9999962
pamap2,gnn_flatten_lstm,sequence,7,107,107,108,2572,24989,24989,3,3,4,4,walking,walking,True,1.6506986e-09,1.6627745e-07,7.607376e-09,0.9999958,3.6418464e-09,2.1359692e-11,3.29969e-07,9.3712987e-07,2.567877e-06,1.6811038e-08,3.306013e-08,3.7205314e-09,0.9999958
pamap2,gnn_flatten_lstm,sequence,7,107,107,108,2573,24990,24990,3,3,4,4,walking,walking,True,1.2814074e-09,1.6412038e-07,7.162292e-09,0.999995,4.549323e-09,2.330924e-11,5.027067e-07,7.96668e-07,3.3557453e-06,1.5934218e-08,3.062474e-08,3.4628107e-09,0.999995
pamap2,gnn_flatten_lstm,sequence,7,107,107,108,2574,24991,24991,3,3,4,4,walking,walking,True,1.3945893e-09,2.218401e-07,1.0400843e-08,0.99999154,9.98798e-09,4.8863708e-11,1.431688e-06,7.727209e-07,6.066044e-06,2.1632939e-08,4.396451e-08,4.39323e-09,0.99999154
pamap2,gnn_flatten_lstm,sequence,7,107,107,108,2575,24992,24992,3,3,4,4,walking,walking,True,1.68955e-09,2.682705e-07,1.18286705e-08,0.99998796,1.4721046e-08,6.842951e-11,2.4515864e-06,8.9399964e-07,8.406103e-06,2.9124195e-08,4.8159755e-08,5.80575e-09,0.99998796
pamap2,gnn_flatten_lstm,sequence,7,107,107,108,2576,24993,24993,3,3,4,4,walking,walking,True,1.5800994e-09,2.2377804e-07,9.922247e-09,0.9999919,7.53221e-09,3.9790386e-11,1.0184124e-06,8.799038e-07,5.9121994e-06,2.4149506e-08,3.7500204e-08,4.8910027e-09,0.9999919
pamap2,gnn_flatten_lstm,sequence,7,107,107,108,2577,24994,24994,3,3,4,4,walking,walking,True,1.5968626e-09,2.0354923e-07,9.164945e-09,0.99999356,5.2230043e-09,2.8612578e-11,5.931079e-07,9.019329e-07,4.552461e-06,2.1297636e-08,3.3897223e-08,4.4560857e-09,0.99999356
pamap2,gnn_flatten_lstm,sequence,7,107,107,108,2578,24995,24995,3,3,4,4,walking,walking,True,1.5948612e-09,1.8539025e-07,8.311047e-09,0.9999945,4.2397055e-09,2.3996954e-11,4.398622e-07,9.1375074e-07,3.832654e-06,1.9700831e-08,3.1641246e-08,4.259466e-09,0.9999945
pamap2,gnn_flatten_lstm,sequence,7,107,107,108,2579,24996,24996,3,3,4,4,walking,walking,True,1.7167836e-09,1.8767258e-07,8.424636e-09,0.99999464,4.1123527e-09,2.4080725e-11,3.9178462e-07,9.758436e-07,3.706395e-06,1.9905896e-08,3.2132476e-08,4.569645e-09,0.99999464
pamap2,gnn_flatten_lstm,sequence,7,107,107,108,2580,24997,24997,3,3,4,4,walking,walking,True,1.6153552e-09,1.7337936e-07,7.718843e-09,0.99999475,3.654639e-09,2.12891e-11,3.532425e-07,9.4229085e-07,3.6783204e-06,1.9306306e-08,2.963629e-08,4.344331e-09,0.99999475
pamap2,gnn_flatten_lstm,sequence,7,107,107,108,2581,24998,24998,3,3,4,4,walking,walking,True,1.6254796e-09,1.7248756e-07,7.8298905e-09,0.9999944,3.621504e-09,2.1314282e-11,3.4761962e-07,9.613184e-07,4.0524997e-06,2.030706e-08,2.998837e-08,4.61543e-09,0.9999944
pamap2,gnn_flatten_lstm,sequence,7,107,107,108,2582,24999,24999,3,3,4,4,walking,walking,True,1.866881e-09,1.7685512e-07,8.026588e-09,0.99999475,3.4626715e-09,2.114467e-11,3.028661e-07,1.0358214e-06,3.5426826e-06,2.0540366e-08,3.1334597e-08,4.9019246e-09,0.99999475
pamap2,gnn_flatten_lstm,sequence,7,107,107,108,2583,25000,25000,3,3,4,4,walking,walking,True,2.1581255e-09,1.7706893e-07,7.822645e-09,0.9999956,3.4108374e-09,2.2094618e-11,2.775894e-07,1.1175049e-06,2.8338295e-06,1.9985693e-08,3.314928e-08,5.0562403e-09,0.9999956
pamap2,gnn_flatten_lstm,sequence,7,107,107,108,2584,25001,25001,3,3,4,4,walking,walking,True,2.5233635e-09,1.8872356e-07,8.308407e-09,0.99999535,3.619795e-09,2.472842e-11,2.777877e-07,1.254458e-06,2.8221536e-06,2.1631866e-08,3.5345483e-08,5.790984e-09,0.99999535
pamap2,gnn_flatten_lstm,sequence,7,107,107,108,2585,25002,25002,3,3,4,4,walking,walking,True,2.5920972e-09,1.9179501e-07,8.4546965e-09,0.99999535,3.5827856e-09,2.471338e-11,2.6503855e-07,1.2794476e-06,2.8232412e-06,2.1625885e-08,3.5625078e-08,5.939971e-09,0.99999535
pamap2,gnn_flatten_lstm,sequence,7,107,107,108,2586,25003,25003,3,3,4,4,walking,walking,True,2.5351683e-09,1.8816087e-07,8.196542e-09,0.99999535,3.5095165e-09,2.4080283e-11,2.6131573e-07,1.2693129e-06,2.7564342e-06,2.1222291e-08,3.4978097e-08,5.771147e-09,0.99999535
pamap2,gnn_flatten_lstm,sequence,7,107,107,108,2587,25004,25004,3,3,4,4,walking,walking,True,2.3639524e-09,1.7898026e-07,7.867594e-09,0.9999956,3.30342e-09,2.229685e-11,2.545902e-07,1.1990027e-06,2.72593e-06,2.0403833e-08,3.3301436e-08,5.376461e-09,0.9999956
pamap2,gnn_flatten_lstm,sequence,7,107,107,108,2588,25005,25005,3,3,4,4,walking,walking,True,2.2731483e-09,1.720997e-07,7.3903874e-09,0.9999958,3.043933e-09,2.0126978e-11,2.2420103e-07,1.168954e-06,2.4322906e-06,1.8446627e-08,3.224038e-08,5.069268e-09,0.9999958
pamap2,gnn_flatten_lstm,sequence,7,107,107,108,2589,25006,25006,3,3,4,4,walking,walking,True,2.1145972e-09,1.6378581e-07,6.7368084e-09,0.9999962,2.7562352e-09,1.7651497e-11,1.980962e-07,1.1215691e-06,2.2383012e-06,1.6629011e-08,2.97521e-08,4.6233857e-09,0.9999962
pamap2,gnn_flatten_lstm,sequence,7,107,107,108,2590,25007,25007,3,3,4,4,walking,walking,True,2.2472268e-09,1.7324716e-07,7.0098882e-09,0.9999958,3.009549e-09,1.9452375e-11,2.1090662e-07,1.1868267e-06,2.479556e-06,1.7932532e-08,3.0704193e-08,5.0862266e-09,0.9999958
pamap2,gnn_flatten_lstm,sequence,7,107,107,108,2591,25008,25008,3,3,4,4,walking,walking,True,2.18519e-09,1.7081125e-07,6.8178947e-09,0.9999958,3.0185634e-09,1.9304825e-11,2.1284721e-07,1.1923768e-06,2.5333802e-06,1.7840659e-08,3.0286454e-08,5.0461253e-09,0.9999958
pamap2,gnn_flatten_lstm,sequence,7,107,107,108,2592,25009,25009,3,3,4,4,walking,walking,True,2.0396167e-09,1.6461854e-07,6.6672294e-09,0.99999595,2.8204346e-09,1.7873364e-11,2.1020685e-07,1.1095228e-06,2.507871e-06,1.7458056e-08,2.8723472e-08,4.6357465e-09,0.99999595
pamap2,gnn_flatten_lstm,sequence,7,107,107,108,2593,25010,25010,3,3,4,4,walking,walking,True,1.9902004e-09,1.6219303e-07,6.602135e-09,0.99999607,2.7439921e-09,1.731418e-11,2.0715072e-07,1.0807792e-06,2.4315677e-06,1.7155955e-08,2.8492718e-08,4.439766e-09,0.99999607
pamap2,gnn_flatten_lstm,sequence,7,107,107,108,2594,25011,25011,3,3,4,4,walking,walking,True,2.1457671e-09,1.7297309e-07,7.0830817e-09,0.9999957,2.9686487e-09,1.9075984e-11,2.1922388e-07,1.1378409e-06,2.5450252e-06,1.8239472e-08,2.9993846e-08,4.828464e-09,0.9999957
pamap2,gnn_flatten_lstm,sequence,7,107,107,108,2595,25012,25012,3,3,4,4,walking,walking,True,2.1151692e-09,1.7662674e-07,7.3543327e-09,0.9999958,2.9751563e-09,1.8992774e-11,2.1716946e-07,1.1236897e-06,2.564441e-06,1.8077143e-08,3.018801e-08,4.749872e-09,0.9999958
pamap2,gnn_flatten_lstm,sequence,7,107,107,108,2596,25013,25013,3,3,4,4,walking,walking,True,2.1169329e-09,1.7610668e-07,7.3904713e-09,0.9999958,3.0039693e-09,1.9347435e-11,2.2406296e-07,1.1186419e-06,2.5364598e-06,1.8342424e-08,3.0520617e-08,4.734198e-09,0.9999958
pamap2,gnn_flatten_lstm,sequence,7,107,107,108,2597,25014,25014,3,3,4,4,walking,walking,True,2.1283704e-09,1.7888352e-07,7.464364e-09,0.9999958,2.9973986e-09,1.9275538e-11,2.2359184e-07,1.115847e-06,2.5595689e-06,1.8533205e-08,3.0354986e-08,4.721096e-09,0.9999958
pamap2,gnn_flatten_lstm,sequence,7,107,107,108,2598,25015,25015,3,3,4,4,walking,walking,True,2.1631952e-09,1.7614484e-07,7.466914e-09,0.99999595,3.0179768e-09,1.9625447e-11,2.2484107e-07,1.1270845e-06,2.5135432e-06,1.8471875e-08,3.1184502e-08,4.7735775e-09,0.99999595
pamap2,gnn_flatten_lstm,sequence,7,107,107,108,2599,25016,25016,3,3,4,4,walking,walking,True,2.440989e-09,1.8598992e-07,8.282793e-09,0.9999957,3.3527483e-09,2.2737747e-11,2.4925376e-07,1.2114228e-06,2.584736e-06,2.0200503e-08,3.4928846e-08,5.3172204e-09,0.9999957
pamap2,gnn_flatten_lstm,sequence,7,107,107,108,2600,25017,25017,3,3,4,4,walking,walking,True,2.4252198e-09,1.8357623e-07,8.049977e-09,0.9999957,3.288496e-09,2.2313361e-11,2.4618873e-07,1.204202e-06,2.5936797e-06,2.0231889e-08,3.4105863e-08,5.3172102e-09,0.9999957
pamap2,gnn_flatten_lstm,sequence,7,107,107,108,2601,25018,25018,3,3,4,4,walking,walking,True,2.400456e-09,1.8138958e-07,7.958742e-09,0.9999957,3.2449994e-09,2.2054284e-11,2.4500733e-07,1.1942817e-06,2.5577167e-06,2.0087121e-08,3.3881456e-08,5.2402886e-09,0.9999957
pamap2,gnn_flatten_lstm,sequence,7,107,107,108,2602,25019,25019,3,3,4,4,walking,walking,True,2.5104987e-09,1.9347584e-07,8.647985e-09,0.9999957,3.4581074e-09,2.3591849e-11,2.4792237e-07,1.238703e-06,2.5650936e-06,2.0235593e-08,3.6277672e-08,5.487032e-09,0.9999957
pamap2,gnn_flatten_lstm,sequence,7,107,107,108,2603,25020,25020,3,3,4,4,walking,walking,True,2.2879814e-09,1.7840378e-07,7.829632e-09,0.9999958,3.1517133e-09,2.1053983e-11,2.3799345e-07,1.1600052e-06,2.4939561e-06,1.9288034e-08,3.313045e-08,4.988421e-09,0.9999958
pamap2,gnn_flatten_lstm,sequence,7,107,107,108,2604,25021,25021,3,3,4,4,walking,walking,True,2.3472033e-09,1.8317891e-07,8.124559e-09,0.9999958,3.206864e-09,2.1537484e-11,2.4108954e-07,1.1634464e-06,2.464983e-06,1.955325e-08,3.395437e-08,5.006618e-09,0.9999958
pamap2,gnn_flatten_lstm,sequence,7,107,107,108,2605,25022,25022,3,3,4,4,walking,walking,True,2.3928313e-09,1.8490914e-07,8.16889e-09,0.9999957,3.2560166e-09,2.2016377e-11,2.4421186e-07,1.1805311e-06,2.536029e-06,2.002328e-08,3.4207822e-08,5.1547175e-09,0.9999957
pamap2,gnn_flatten_lstm,sequence,7,107,107,108,2606,25023,25023,3,3,4,4,walking,walking,True,2.465616e-09,1.866956e-07,8.2685085e-09,0.9999957,3.312386e-09,2.2749675e-11,2.4638322e-07,1.2080011e-06,2.5162458e-06,2.0347564e-08,3.5147515e-08,5.2967026e-09,0.9999957
pamap2,gnn_flatten_lstm,sequence,7,107,107,108,2607,25024,25024,3,3,4,4,walking,walking,True,2.5426412e-09,1.9674768e-07,8.854485e-09,0.9999957,3.4974292e-09,2.4072208e-11,2.5069792e-07,1.2390267e-06,2.5382212e-06,2.050093e-08,3.7063103e-08,5.45354e-09,0.9999957
pamap2,gnn_flatten_lstm,sequence,7,107,107,108,2608,25025,25025,3,3,4,4,walking,walking,True,2.3833797e-09,1.8874614e-07,8.423151e-09,0.9999957,3.3361884e-09,2.2524553e-11,2.443789e-07,1.1895893e-06,2.5231684e-06,1.9725258e-08,3.5042888e-08,5.169023e-09,0.9999957
pamap2,gnn_flatten_lstm,sequence,7,107,107,108,2609,25026,25026,3,3,4,4,walking,walking,True,2.3434144e-09,1.8438261e-07,8.135537e-09,0.9999957,3.304271e-09,2.217124e-11,2.490698e-07,1.1801573e-06,2.5860797e-06,1.9900718e-08,3.3780147e-08,5.1612994e-09,0.9999957
pamap2,gnn_flatten_lstm,sequence,7,107,107,108,2610,25027,25027,3,3,4,4,walking,walking,True,2.3982e-09,1.8645521e-07,8.245373e-09,0.9999957,3.3438075e-09,2.2604692e-11,2.5070798e-07,1.1908992e-06,2.5962634e-06,2.0203084e-08,3.4536665e-08,5.259043e-09,0.9999957
pamap2,gnn_flatten_lstm,sequence,7,107,107,108,2611,25028,25028,3,3,4,4,walking,walking,True,2.3453595e-09,1.8347752e-07,8.13352e-09,0.9999957,3.2314915e-09,2.1876941e-11,2.4503584e-07,1.1625501e-06,2.5119612e-06,1.9802497e-08,3.396648e-08,5.070476e-09,0.9999957
pamap2,gnn_flatten_lstm,sequence,7,107,107,108,2612,25029,25029,3,3,4,4,walking,walking,True,2.4272928e-09,1.8847705e-07,8.533794e-09,0.9999957,3.3188303e-09,2.2704767e-11,2.4799212e-07,1.1843279e-06,2.5248173e-06,2.014283e-08,3.5345224e-08,5.186157e-09,0.9999957
pamap2,gnn_flatten_lstm,sequence,7,107,107,108,2613,25030,25030,3,3,4,4,walking,walking,True,4.88596e-09,3.1016648e-07,1.065081e-08,0.99999416,5.1855453e-09,4.2783506e-11,2.6035374e-07,2.4825972e-06,2.6567611e-06,2.659235e-08,5.482957e-08,8.189281e-09,0.99999416
pamap2,gnn_flatten_lstm,sequence,7,107,107,108,2614,25031,25031,3,3,4,4,walking,walking,True,5.7173843e-09,3.2838471e-07,9.94221e-09,0.9999933,5.5010503e-09,4.9809875e-11,2.536162e-07,3.2755072e-06,2.811593e-06,2.5609028e-08,5.1216908e-08,9.174229e-09,0.9999933
pamap2,gnn_flatten_lstm,sequence,7,107,107,108,2615,25032,25032,3,3,4,4,walking,walking,True,3.123083e-09,2.1801283e-07,7.846864e-09,0.999995,3.621499e-09,2.7310475e-11,2.23169e-07,1.7600621e-06,2.6494306e-06,2.1002661e-08,3.5590293e-08,6.360258e-09,0.999995
pamap2,gnn_flatten_lstm,sequence,7,107,107,108,2616,25033,25033,3,3,4,4,walking,walking,True,2.7624227e-09,1.9999202e-07,7.952823e-09,0.9999956,3.317001e-09,2.4326154e-11,2.238028e-07,1.4567757e-06,2.5262043e-06,2.0460263e-08,3.423203e-08,5.7460836e-09,0.9999956
pamap2,gnn_flatten_lstm,sequence,7,107,107,108,2617,25034,25034,3,3,4,4,walking,walking,True,2.7288756e-09,2.0241701e-07,8.460167e-09,0.9999956,3.319216e-09,2.4239173e-11,2.2892054e-07,1.3732536e-06,2.5224417e-06,2.085573e-08,3.527518e-08,5.6411813e-09,0.9999956
pamap2,gnn_flatten_lstm,sequence,7,107,107,108,2618,25035,25035,3,3,4,4,walking,walking,True,2.6809683e-09,2.0252129e-07,8.5855145e-09,0.9999956,3.278069e-09,2.3791576e-11,2.2894193e-07,1.3298836e-06,2.5511777e-06,2.103627e-08,3.5020964e-08,5.565515e-09,0.9999956
pamap2,gnn_flatten_lstm,sequence,7,107,107,108,2619,25036,25036,3,3,4,4,walking,walking,True,2.578444e-09,1.9677917e-07,8.365607e-09,0.9999956,3.1483118e-09,2.2614521e-11,2.2467809e-07,1.2795663e-06,2.5559775e-06,2.0810113e-08,3.3576516e-08,5.394992e-09,0.9999956
pamap2,gnn_flatten_lstm,sequence,7,107,107,108,2620,25037,25037,3,3,4,4,walking,walking,True,2.6355353e-09,1.9964767e-07,8.541269e-09,0.9999956,3.191322e-09,2.3088234e-11,2.272125e-07,1.291734e-06,2.5800564e-06,2.1266787e-08,3.415175e-08,5.5032983e-09,0.9999956
pamap2,gnn_flatten_lstm,sequence,7,107,107,108,2621,25038,25038,3,3,4,4,walking,walking,True,2.6762579e-09,1.9634597e-07,8.390823e-09,0.9999956,3.1821623e-09,2.3198372e-11,2.2808199e-07,1.3096842e-06,2.5355573e-06,2.1426025e-08,3.4385874e-08,5.549117e-09,0.9999956
pamap2,gnn_flatten_lstm,sequence,7,107,107,108,2622,25039,25039,3,3,4,4,walking,walking,True,2.6770492e-09,1.885644e-07,7.968675e-09,0.9999956,3.1675562e-09,2.2762736e-11,2.2580797e-07,1.3442301e-06,2.5950799e-06,2.1367624e-08,3.4012373e-08,5.6629688e-09,0.9999956
pamap2,gnn_flatten_lstm,sequence,7,107,107,108,2623,25040,25040,3,3,4,4,walking,walking,True,2.683178e-09,1.9396056e-07,8.5182466e-09,0.99999547,3.509885e-09,2.4596663e-11,2.5314074e-07,1.3058825e-06,2.7186632e-06,2.1706514e-08,3.6393335e-08,5.9022964e-09,0.99999547
pamap2,gnn_flatten_lstm,sequence,7,107,107,108,2624,25041,25041,3,3,4,4,walking,walking,True,2.6934275e-09,1.9634874e-07,8.711006e-09,0.99999535,3.5803671e-09,2.5097292e-11,2.594019e-07,1.3022336e-06,2.744298e-06,2.194806e-08,3.684192e-08,5.9625034e-09,0.99999535
pamap2,gnn_flatten_lstm,sequence,7,107,107,108,2625,25042,25042,3,3,4,4,walking,walking,True,2.549352e-09,1.9096335e-07,8.598101e-09,0.9999956,3.4567746e-09,2.3856828e-11,2.5486568e-07,1.2489851e-06,2.6878668e-06,2.1100323e-08,3.59343e-08,5.601938e-09,0.9999956
pamap2,gnn_flatten_lstm,sequence,7,107,107,108,2626,25043,25043,3,3,4,4,walking,walking,True,2.5675246e-09,1.8842096e-07,8.502339e-09,0.9999956,3.4476422e-09,2.3970766e-11,2.576507e-07,1.2418835e-06,2.6192347e-06,2.115416e-08,3.6331958e-08,5.5813336e-09,0.9999956
pamap2,gnn_flatten_lstm,sequence,7,107,107,108,2627,25044,25044,3,3,4,4,walking,walking,True,2.6943683e-09,1.9576726e-07,8.70727e-09,0.99999547,3.6135868e-09,2.5305235e-11,2.6104874e-07,1.3009577e-06,2.6962484e-06,2.1781412e-08,3.761087e-08,5.9321934e-09,0.99999547
pamap2,gnn_flatten_lstm,sequence,7,107,107,108,2628,25045,25045,3,3,4,4,walking,walking,True,2.6056397e-09,1.911798e-07,8.502111e-09,0.99999547,3.5097043e-09,2.4430027e-11,2.5733414e-07,1.275453e-06,2.6837706e-06,2.1397964e-08,3.6616278e-08,5.7464775e-09,0.99999547
pamap2,gnn_flatten_lstm,sequence,7,107,107,108,2629,25046,25046,3,3,4,4,walking,walking,True,2.5457998e-09,1.8713727e-07,8.3183505e-09,0.99999547,3.4607193e-09,2.3981098e-11,2.5815416e-07,1.255333e-06,2.6528198e-06,2.1087123e-08,3.590073e-08,5.625065e-09,0.99999547
pamap2,gnn_flatten_lstm,sequence,7,107,107,108,2630,25047,25047,3,3,4,4,walking,walking,True,2.7710028e-09,2.0064053e-07,8.824623e-09,0.99999535,3.7912624e-09,2.664123e-11,2.673367e-07,1.3579443e-06,2.7687272e-06,2.2192717e-08,3.869729e-08,6.215604e-09,0.99999535
pamap2,gnn_flatten_lstm,sequence,7,107,107,108,2631,25048,25048,3,3,4,4,walking,walking,True,2.5685825e-09,1.8883503e-07,8.307283e-09,0.99999547,3.5229164e-09,2.439692e-11,2.5842536e-07,1.2804317e-06,2.6848459e-06,2.1127061e-08,3.6288874e-08,5.7417884e-09,0.99999547
pamap2,gnn_flatten_lstm,sequence,7,107,107,108,2632,25049,25049,3,3,4,4,walking,walking,True,2.5158622e-09,1.8880604e-07,8.3398275e-09,0.99999547,3.4621586e-09,2.3725593e-11,2.5353285e-07,1.25475e-06,2.6564833e-06,2.0715184e-08,3.5840998e-08,5.574066e-09,0.99999547
pamap2,gnn_flatten_lstm,sequence,7,107,107,108,2633,25050,25050,3,3,4,4,walking,walking,True,2.5303621e-09,1.891685e-07,8.32262e-09,0.9999956,3.4199186e-09,2.3505156e-11,2.5117868e-07,1.2505952e-06,2.6636576e-06,2.0880009e-08,3.5416416e-08,5.5753535e-09,0.9999956
pamap2,gnn_flatten_lstm,sequence,7,107,107,108,2634,25051,25051,3,3,4,4,walking,walking,True,2.5548819e-09,1.9002574e-07,8.393481e-09,0.9999956,3.4126204e-09,2.3589101e-11,2.5077873e-07,1.2506285e-06,2.631714e-06,2.0965611e-08,3.558529e-08,5.5657807e-09,0.9999956
pamap2,gnn_flatten_lstm,sequence,7,107,107,108,2635,25052,25052,3,3,4,4,walking,walking,True,2.5395686e-09,1.9352291e-07,8.717724e-09,0.9999957,3.4561556e-09,2.3689785e-11,2.496727e-07,1.2439093e-06,2.5991942e-06,2.0551358e-08,3.6270475e-08,5.486499e-09,0.9999957
pamap2,gnn_flatten_lstm,sequence,7,107,107,108,2636,25053,25053,3,3,4,4,walking,walking,True,2.4203213e-09,1.8324268e-07,8.168173e-09,0.9999957,3.271823e-09,2.2242696e-11,2.4443787e-07,1.197667e-06,2.5415954e-06,2.0050223e-08,3.4550173e-08,5.23165e-09,0.9999957
pamap2,gnn_flatten_lstm,sequence,7,107,107,108,2637,25054,25054,3,3,4,4,walking,walking,True,2.4355107e-09,1.8511822e-07,8.28352e-09,0.9999957,3.2963585e-09,2.2438707e-11,2.4733527e-07,1.1956811e-06,2.5750694e-06,2.0317469e-08,3.478046e-08,5.252727e-09,0.9999957
pamap2,gnn_flatten_lstm,sequence,7,107,107,108,2638,25055,25055,3,3,4,4,walking,walking,True,2.5070583e-09,1.8663259e-07,8.409217e-09,0.9999957,3.3478789e-09,2.3051585e-11,2.5337022e-07,1.2136037e-06,2.5737754e-06,2.0876707e-08,3.5708222e-08,5.332251e-09,0.9999957
pamap2,gnn_flatten_lstm,sequence,7,107,107,108,2639,25056,25056,3,3,4,4,walking,walking,True,2.45891e-09,1.8203825e-07,8.199329e-09,0.9999958,3.251617e-09,2.232541e-11,2.4859668e-07,1.192769e-06,2.4963833e-06,2.0428294e-08,3.5054455e-08,5.187404e-09,0.9999958
pamap2,gnn_flatten_lstm,sequence,7,107,107,108,2640,25057,25057,3,3,4,4,walking,walking,True,2.435506e-09,1.8434324e-07,8.365241e-09,0.9999957,3.2849354e-09,2.2446668e-11,2.5096153e-07,1.1777671e-06,2.5473562e-06,2.0436358e-08,3.510162e-08,5.172317e-09,0.9999957
pamap2,gnn_flatten_lstm,sequence,7,107,107,108,2641,25058,25058,3,3,4,4,walking,walking,True,2.453424e-09,1.8458866e-07,8.365082e-09,0.9999957,3.305355e-09,2.2667208e-11,2.5218418e-07,1.1833716e-06,2.5292156e-06,2.0484633e-08,3.535797e-08,5.203983e-09,0.9999957
pamap2,gnn_flatten_lstm,sequence,7,107,107,108,2642,25059,25059,3,3,4,4,walking,walking,True,2.5309705e-09,1.9448794e-07,8.905925e-09,0.9999957,3.4509648e-09,2.3661878e-11,2.5219788e-07,1.2155683e-06,2.5378727e-06,2.0558689e-08,3.69989e-08,5.3365956e-09,0.9999957
pamap2,gnn_flatten_lstm,sequence,7,107,107,108,2643,25060,25060,3,3,4,4,walking,walking,True,2.5634925e-09,2.0063104e-07,9.180466e-09,0.9999957,3.5526952e-09,2.4423885e-11,2.5474813e-07,1.2366114e-06,2.5807187e-06,2.0827946e-08,3.7728782e-08,5.452427e-09,0.9999957
pamap2,gnn_flatten_lstm,sequence,7,107,107,108,2644,25061,25061,3,3,4,4,walking,walking,True,2.5529436e-09,2.0381208e-07,9.37667e-09,0.9999957,3.556187e-09,2.4522374e-11,2.536693e-07,1.2303288e-06,2.5770812e-06,2.083486e-08,3.7806366e-08,5.4199836e-09,0.9999957
pamap2,gnn_flatten_lstm,sequence,7,107,107,108,2645,25062,25062,3,3,4,4,walking,walking,True,2.5540388e-09,1.9965776e-07,9.062007e-09,0.9999956,3.497222e-09,2.4252076e-11,2.550303e-07,1.2308415e-06,2.6324144e-06,2.1259122e-08,3.6899454e-08,5.4786446e-09,0.9999956
pamap2,gnn_flatten_lstm,sequence,7,107,107,108,2646,25063,25063,3,3,4,4,walking,walking,True,2.516261e-09,1.9213577e-07,8.608259e-09,0.9999957,3.4257424e-09,2.3704065e-11,2.5262443e-07,1.227688e-06,2.5629981e-06,2.083601e-08,3.633397e-08,5.408541e-09,0.9999957
pamap2,gnn_flatten_lstm,sequence,7,107,107,108,2647,25064,25064,3,3,4,4,walking,walking,True,2.5200984e-09,1.9229635e-07,8.599397e-09,0.9999957,3.4425365e-09,2.376405e-11,2.530073e-07,1.231289e-06,2.5909578e-06,2.0815119e-08,3.623431e-08,5.45739e-09,0.9999957
pamap2,gnn_flatten_lstm,sequence,7,107,107,108,2648,25065,25065,3,3,4,4,walking,walking,True,2.5528804e-09,1.9869019e-07,9.005424e-09,0.9999957,3.5338672e-09,2.4308163e-11,2.534744e-07,1.2443519e-06,2.5968825e-06,2.077161e-08,3.7336058e-08,5.4896496e-09,0.9999957
pamap2,gnn_flatten_lstm,sequence,7,107,107,108,2649,25066,25066,3,3,4,4,walking,walking,True,2.5003537e-09,1.9580689e-07,8.805727e-09,0.9999957,3.4883887e-09,2.3804287e-11,2.5264563e-07,1.2290575e-06,2.5844106e-06,2.052288e-08,3.6488842e-08,5.3934808e-09,0.9999957
pamap2,gnn_flatten_lstm,sequence,7,107,107,108,2650,25067,25067,3,3,4,4,walking,walking,True,2.6388698e-09,2.0127166e-07,8.897807e-09,0.99999547,3.626125e-09,2.5139934e-11,2.5871287e-07,1.2880741e-06,2.6912057e-06,2.1566285e-08,3.7444806e-08,5.7755636e-09,0.99999547
pamap2,gnn_flatten_lstm,sequence,7,107,107,108,2651,25068,25068,3,3,4,4,walking,walking,True,2.5315396e-09,1.9358507e-07,8.569219e-09,0.99999547,3.528357e-09,2.4305192e-11,2.5899357e-07,1.2548674e-06,2.666092e-06,2.1092031e-08,3.6202596e-08,5.589983e-09,0.99999547
pamap2,gnn_flatten_lstm,sequence,7,107,107,108,2652,25069,25069,3,3,4,4,walking,walking,True,2.6803442e-09,2.0804367e-07,9.340272e-09,0.99999547,3.808956e-09,2.6402667e-11,2.6406624e-07,1.3184174e-06,2.7197318e-06,2.1546015e-08,3.891958e-08,5.947352e-09,0.99999547
pamap2,gnn_flatten_lstm,sequence,7,107,107,108,2653,25070,25070,3,3,4,4,walking,walking,True,2.6564029e-09,2.0446362e-07,9.0549905e-09,0.99999535,3.786623e-09,2.6203994e-11,2.637745e-07,1.3223788e-06,2.7559822e-06,2.1550575e-08,3.8264332e-08,6.000368e-09,0.99999535
pamap2,gnn_flatten_lstm,sequence,7,107,107,108,2654,25071,25071,3,3,4,4,walking,walking,True,2.6192026e-09,2.0076246e-07,8.814496e-09,0.99999535,3.7661025e-09,2.5911061e-11,2.6431135e-07,1.3217723e-06,2.7962742e-06,2.1417808e-08,3.736896e-08,6.026531e-09,0.99999535
pamap2,gnn_flatten_lstm,sequence,7,107,107,108,2655,25072,25072,3,3,4,4,walking,walking,True,2.3832112e-09,1.8515688e-07,8.181549e-09,0.9999956,3.4077812e-09,2.301819e-11,2.5466088e-07,1.2165794e-06,2.723976e-06,2.0384773e-08,3.4564863e-08,5.4296674e-09,0.9999956
pamap2,gnn_flatten_lstm,sequence,7,107,107,108,2656,25073,25073,3,3,4,4,walking,walking,True,2.1472695e-09,1.7358767e-07,7.636538e-09,0.9999957,3.2012657e-09,2.0907437e-11,2.4761658e-07,1.1352439e-06,2.5558586e-06,1.8912369e-08,3.348871e-08,4.7792974e-09,0.9999957
pamap2,gnn_flatten_lstm,sequence,7,107,107,108,2657,25074,25074,3,3,4,4,walking,walking,True,2.386582e-09,1.8989476e-07,8.452344e-09,0.9999956,3.5304037e-09,2.3760376e-11,2.6695156e-07,1.2043178e-06,2.719706e-06,2.0646711e-08,3.6016573e-08,5.338132e-09,0.9999956
pamap2,gnn_flatten_lstm,sequence,7,107,107,108,2658,25075,25075,3,3,4,4,walking,walking,True,2.5287066e-09,1.9965658e-07,9.035909e-09,0.99999535,3.7196424e-09,2.5415517e-11,2.7357882e-07,1.2517393e-06,2.7450362e-06,2.1297593e-08,3.803005e-08,5.6133067e-09,0.99999535
pamap2,gnn_flatten_lstm,sequence,7,107,107,108,2659,25076,25076,3,3,4,4,walking,walking,True,2.429544e-09,1.9217349e-07,8.643813e-09,0.9999956,3.5665113e-09,2.4123963e-11,2.680061e-07,1.2162141e-06,2.7185285e-06,2.0787382e-08,3.6230094e-08,5.42623e-09,0.9999956
pamap2,gnn_flatten_lstm,sequence,7,107,107,108,2660,25077,25077,3,3,4,4,walking,walking,True,2.5824445e-09,1.9953475e-07,8.931932e-09,0.99999535,3.74455e-09,2.5787308e-11,2.7621115e-07,1.2718441e-06,2.8129102e-06,2.1856195e-08,3.776477e-08,5.8204948e-09,0.99999535
pamap2,gnn_flatten_lstm,sequence,7,107,107,108,2661,25078,25078,3,3,4,4,walking,walking,True,2.2764848e-09,1.8221365e-07,8.007848e-09,0.9999957,3.374555e-09,2.2425574e-11,2.562425e-07,1.1809736e-06,2.6059129e-06,1.9727025e-08,3.489555e-08,5.0691513e-09,0.9999957
pamap2,gnn_flatten_lstm,sequence,7,107,107,108,2662,25079,25079,3,3,4,4,walking,walking,True,2.3528461e-09,1.853954e-07,8.18439e-09,0.9999956,3.3947418e-09,2.2877167e-11,2.589e-07,1.1905516e-06,2.6474925e-06,2.0258724e-08,3.4799235e-08,5.219181e-09,0.9999956
pamap2,gnn_flatten_lstm,sequence,7,107,107,108,2663,25080,25080,3,3,4,4,walking,walking,True,2.5201705e-09,1.9447624e-07,8.611986e-09,0.9999956,3.548767e-09,2.432569e-11,2.6323653e-07,1.2479957e-06,2.7180256e-06,2.1234241e-08,3.6302307e-08,5.559181e-09,0.9999956
pamap2,gnn_flatten_lstm,sequence,7,107,107,108,2664,25081,25081,3,3,4,4,walking,walking,True,2.5587534e-09,1.9447953e-07,8.604103e-09,0.99999535,3.5349577e-09,2.437529e-11,2.6086929e-07,1.2621824e-06,2.7426079e-06,2.142978e-08,3.6004064e-08,5.664253e-09,0.99999535
pamap2,gnn_flatten_lstm,sequence,7,107,107,108,2665,25082,25082,3,3,4,4,walking,walking,True,2.4832718e-09,1.881927e-07,8.320113e-09,0.9999956,3.4210408e-09,2.3441669e-11,2.561916e-07,1.2368661e-06,2.7062056e-06,2.0987216e-08,3.5085684e-08,5.502511e-09,0.9999956
pamap2,gnn_flatten_lstm,sequence,7,107,107,108,2666,25083,25083,3,3,4,4,walking,walking,True,2.5155313e-09,1.8958393e-07,8.435225e-09,0.9999957,3.4190646e-09,2.351664e-11,2.5191687e-07,1.2388979e-06,2.594585e-06,2.0685736e-08,3.587979e-08,5.4603784e-09,0.9999957
pamap2,gnn_flatten_lstm,sequence,7,107,107,108,2667,25084,25084,3,3,4,4,walking,walking,True,2.5496005e-09,1.9739268e-07,8.838337e-09,0.9999957,3.4814425e-09,2.3837274e-11,2.4685642e-07,1.2474519e-06,2.5331067e-06,2.0382988e-08,3.7012732e-08,5.423262e-09,0.9999957
pamap2,gnn_flatten_lstm,sequence,7,107,107,108,2668,25085,25085,3,3,4,4,walking,walking,True,2.4311804e-09,1.9037114e-07,8.488049e-09,0.9999957,3.3556526e-09,2.2740306e-11,2.4450455e-07,1.2064584e-06,2.5291286e-06,1.9967635e-08,3.5404668e-08,5.2156888e-09,0.9999957
pamap2,gnn_flatten_lstm,sequence,7,107,107,108,2669,25086,25086,3,3,4,4,walking,walking,True,2.415433e-09,1.8848746e-07,8.427859e-09,0.9999957,3.339295e-09,2.2620563e-11,2.4722254e-07,1.1949459e-06,2.5355428e-06,2.0034397e-08,3.5093525e-08,5.1834173e-09,0.9999957
pamap2,gnn_flatten_lstm,sequence,7,107,107,108,2670,25087,25087,3,3,4,4,walking,walking,True,2.641458e-09,1.9848031e-07,8.758455e-09,0.99999547,3.5621668e-09,2.4750552e-11,2.5574144e-07,1.282124e-06,2.633396e-06,2.1430232e-08,3.714859e-08,5.708135e-09,0.99999547
pamap2,gnn_flatten_lstm,sequence,7,107,107,108,2671,25088,25088,3,3,4,4,walking,walking,True,2.5482922e-09,1.9264986e-07,8.415298e-09,0.9999956,3.5079109e-09,2.4113106e-11,2.5278274e-07,1.2750081e-06,2.589747e-06,2.0841055e-08,3.6739685e-08,5.5349947e-09,0.9999956
pamap2,gnn_flatten_lstm,sequence,7,107,107,108,2672,25089,25089,3,3,4,4,walking,walking,True,2.6774316e-09,2.0053474e-07,8.852489e-09,0.99999535,3.672817e-09,2.5663756e-11,2.6398337e-07,1.3104984e-06,2.7341932e-06,2.19235e-08,3.764991e-08,5.8974567e-09,0.99999535
pamap2,gnn_flatten_lstm,sequence,7,107,107,108,2673,25090,25090,3,3,4,4,walking,walking,True,2.6069025e-09,1.9991894e-07,8.972384e-09,0.99999547,3.6210863e-09,2.5039153e-11,2.5796933e-07,1.2832004e-06,2.646553e-06,2.112843e-08,3.7701437e-08,5.6693557e-09,0.99999547
pamap2,gnn_flatten_lstm,sequence,7,107,107,108,2674,25091,25091,3,3,4,4,walking,walking,True,2.562163e-09,1.9958637e-07,8.9730685e-09,0.9999956,3.5710517e-09,2.4513022e-11,2.5397185e-07,1.257689e-06,2.5716772e-06,2.0661247e-08,3.743503e-08,5.5030775e-09,0.9999956
pamap2,gnn_flatten_lstm,sequence,7,107,107,108,2675,25092,25092,3,3,4,4,walking,walking,True,2.5942737e-09,1.9856778e-07,8.791025e-09,0.99999547,3.5759589e-09,2.4742812e-11,2.5839503e-07,1.2702878e-06,2.668435e-06,2.1346112e-08,3.679326e-08,5.6785328e-09,0.99999547
pamap2,gnn_flatten_lstm,sequence,7,107,107,108,2676,25093,25093,3,3,4,4,walking,walking,True,2.5845242e-09,1.9627572e-07,8.69033e-09,0.99999547,3.5793024e-09,2.4788773e-11,2.6139278e-07,1.2727592e-06,2.6678165e-06,2.13876e-08,3.6787647e-08,5.665129e-09,0.99999547
pamap2,gnn_flatten_lstm,sequence,7,107,107,108,2677,25094,25094,3,3,4,4,walking,walking,True,2.6377522e-09,1.987993e-07,8.890171e-09,0.99999535,3.687614e-09,2.5697798e-11,2.6984358e-07,1.2928317e-06,2.775159e-06,2.1963471e-08,3.739591e-08,5.8842096e-09,0.99999535
pamap2,gnn_flatten_lstm,sequence,7,107,107,108,2678,25095,25095,3,3,4,4,walking,walking,True,2.5760492e-09,1.9559518e-07,8.664989e-09,0.99999535,3.613338e-09,2.4849886e-11,2.6182315e-07,1.2807723e-06,2.7382118e-06,2.1351893e-08,3.692529e-08,5.7418976e-09,0.99999535
pamap2,gnn_flatten_lstm,sequence,7,107,107,108,2679,25096,25096,3,3,4,4,walking,walking,True,2.6243083e-09,1.9908654e-07,8.810614e-09,0.99999535,3.6589027e-09,2.5225284e-11,2.6101685e-07,1.3012801e-06,2.7820513e-06,2.1559416e-08,3.7167226e-08,5.884827e-09,0.99999535
pamap2,gnn_flatten_lstm,sequence,7,107,107,108,2680,25097,25097,3,3,4,4,walking,walking,True,2.5185072e-09,1.9039213e-07,8.402048e-09,0.99999535,3.5168135e-09,2.411995e-11,2.5918231e-07,1.2619815e-06,2.7471444e-06,2.1155365e-08,3.5786822e-08,5.674472e-09,0.99999535
pamap2,gnn_flatten_lstm,sequence,7,107,107,108,2681,25098,25098,3,3,4,4,walking,walking,True,2.4500844e-09,1.858328e-07,8.292894e-09,0.9999956,3.4398258e-09,2.351749e-11,2.6056503e-07,1.2246009e-06,2.7221038e-06,2.0911534e-08,3.5134907e-08,5.5086224e-09,0.9999956
pamap2,gnn_flatten_lstm,sequence,7,107,107,108,2682,25099,25099,3,3,4,4,walking,walking,True,2.4525857e-09,1.8698331e-07,8.404213e-09,0.99999547,3.4534926e-09,2.3625523e-11,2.6311073e-07,1.216483e-06,2.7374392e-06,2.104907e-08,3.5313345e-08,5.496039e-09,0.99999547
pamap2,gnn_flatten_lstm,sequence,7,107,107,108,2683,25100,25100,3,3,4,4,walking,walking,True,2.4835183e-09,1.9167459e-07,8.727407e-09,0.9999957,3.4785552e-09,2.375263e-11,2.5712004e-07,1.2179889e-06,2.6086282e-06,2.052327e-08,3.6395008e-08,5.419808e-09,0.9999957
pamap2,gnn_flatten_lstm,sequence,7,107,107,108,2684,25101,25101,3,3,4,4,walking,walking,True,2.4057731e-09,1.8946446e-07,8.528327e-09,0.9999957,3.3774077e-09,2.2711609e-11,2.479966e-07,1.1932559e-06,2.5373838e-06,1.980363e-08,3.536593e-08,5.220974e-09,0.9999957
pamap2,gnn_flatten_lstm,sequence,7,107,107,108,2685,25102,25102,3,3,4,4,walking,walking,True,2.4560411e-09,1.8879618e-07,8.262817e-09,0.9999957,3.3531575e-09,2.274525e-11,2.4829575e-07,1.2099831e-06,2.5854658e-06,2.0387576e-08,3.4597058e-08,5.350528e-09,0.9999957
pamap2,gnn_flatten_lstm,sequence,7,107,107,108,2686,25103,25103,3,3,4,4,walking,walking,True,2.4577889e-09,1.866817e-07,8.170666e-09,0.9999957,3.3236889e-09,2.2661416e-11,2.48544e-07,1.2115465e-06,2.586092e-06,2.0470182e-08,3.4323172e-08,5.357309e-09,0.9999957
pamap2,gnn_flatten_lstm,sequence,7,107,107,108,2687,25104,25104,3,3,4,4,walking,walking,True,2.4272744e-09,1.8378327e-07,8.01737e-09,0.9999957,3.2748197e-09,2.2236588e-11,2.4567137e-07,1.2047683e-06,2.5820923e-06,2.0267539e-08,3.3945884e-08,5.2996634e-09,0.9999957
pamap2,gnn_flatten_lstm,sequence,7,107,107,108,2688,25105,25105,3,3,4,4,walking,walking,True,2.4900595e-09,1.899863e-07,8.441326e-09,0.9999958,3.3181913e-09,2.2594265e-11,2.3916613e-07,1.2166214e-06,2.4426442e-06,1.9809034e-08,3.5556262e-08,5.2562354e-09,0.9999958
pamap2,gnn_flatten_lstm,sequence,7,107,107,108,2689,25106,25106,3,3,4,4,walking,walking,True,2.4170603e-09,1.882353e-07,8.3417735e-09,0.99999595,3.222918e-09,2.1716429e-11,2.3112413e-07,1.1881066e-06,2.35927e-06,1.9140636e-08,3.4851126e-08,5.040393e-09,0.99999595
pamap2,gnn_flatten_lstm,sequence,7,107,107,108,2690,25107,25107,3,3,4,4,walking,walking,True,2.2894306e-09,1.8065589e-07,8.0168805e-09,0.9999958,3.1310359e-09,2.0921603e-11,2.3673235e-07,1.1378746e-06,2.436179e-06,1.9150091e-08,3.3158013e-08,4.870857e-09,0.9999958
pamap2,gnn_flatten_lstm,sequence,7,107,107,108,2691,25108,25108,3,3,4,4,walking,walking,True,2.3268947e-09,1.8331244e-07,8.2531155e-09,0.9999958,3.2082468e-09,2.1601169e-11,2.4546716e-07,1.1411425e-06,2.4775163e-06,1.9634161e-08,3.388062e-08,4.9431006e-09,0.9999958
pamap2,gnn_flatten_lstm,sequence,7,107,107,108,2692,25109,25109,3,3,4,4,walking,walking,True,2.3522588e-09,1.8360076e-07,8.266617e-09,0.9999958,3.2347416e-09,2.1901073e-11,2.5043775e-07,1.143489e-06,2.502106e-06,2.000614e-08,3.411777e-08,4.9932374e-09,0.9999958
pamap2,gnn_flatten_lstm,sequence,7,107,107,108,2693,25110,25110,3,3,4,4,walking,walking,True,2.3691888e-09,1.8155488e-07,8.114228e-09,0.9999958,3.1934846e-09,2.1683315e-11,2.4467275e-07,1.1525971e-06,2.4435133e-06,1.9778042e-08,3.415801e-08,4.9984785e-09,0.9999958
pamap2,gnn_flatten_lstm,sequence,7,107,107,108,2694,25111,25111,3,3,4,4,walking,walking,True,2.4053237e-09,1.8596793e-07,8.344049e-09,0.9999958,3.238668e-09,2.191315e-11,2.4063243e-07,1.170547e-06,2.4159601e-06,1.9580643e-08,3.4901877e-08,5.0244875e-09,0.9999958
pamap2,gnn_flatten_lstm,sequence,7,107,107,108,2695,25112,25112,3,3,4,4,walking,walking,True,2.3110955e-09,1.8068346e-07,8.048934e-09,0.9999958,3.1479945e-09,2.1161397e-11,2.410123e-07,1.1396612e-06,2.4828307e-06,1.9546315e-08,3.328144e-08,4.9272493e-09,0.9999958
pamap2,gnn_flatten_lstm,sequence,7,107,107,108,2696,25113,25113,3,3,4,4,walking,walking,True,2.3612894e-09,1.851878e-07,8.3426155e-09,0.9999957,3.212018e-09,2.1846207e-11,2.4631225e-07,1.1504796e-06,2.529915e-06,2.0114266e-08,3.3954947e-08,5.0262505e-09,0.9999957
pamap2,gnn_flatten_lstm,sequence,7,107,107,108,2697,25114,25114,3,3,4,4,walking,walking,True,2.4744968e-09,1.9158284e-07,8.7359515e-09,0.9999957,3.3758234e-09,2.3374169e-11,2.5690557e-07,1.1873598e-06,2.5736451e-06,2.0945148e-08,3.5764934e-08,5.272099e-09,0.9999957
pamap2,gnn_flatten_lstm,sequence,7,107,107,108,2698,25115,25115,3,3,4,4,walking,walking,True,2.5100104e-09,1.8874559e-07,8.574487e-09,0.9999957,3.391131e-09,2.3653031e-11,2.562332e-07,1.2069416e-06,2.5109384e-06,2.0794523e-08,3.6284938e-08,5.3533866e-09,0.9999957
pamap2,gnn_flatten_lstm,sequence,7,107,107,108,2699,25116,25116,3,3,4,4,walking,walking,True,2.5306905e-09,1.9171077e-07,8.720235e-09,0.9999957,3.4609249e-09,2.4002978e-11,2.5722525e-07,1.2222301e-06,2.5734366e-06,2.0866157e-08,3.672554e-08,5.447375e-09,0.9999957
pamap2,gnn_flatten_lstm,sequence,7,107,107,108,2700,25117,25117,3,3,4,4,walking,walking,True,2.6365554e-09,1.9696051e-07,8.860177e-09,0.99999547,3.5628531e-09,2.4961809e-11,2.60605e-07,1.2666853e-06,2.640004e-06,2.1571138e-08,3.7383078e-08,5.708897e-09,0.99999547
pamap2,gnn_flatten_lstm,sequence,7,107,107,108,2701,25118,25118,3,3,4,4,walking,walking,True,2.6933302e-09,1.980734e-07,8.787168e-09,0.99999547,3.5775278e-09,2.5154613e-11,2.5871017e-07,1.295258e-06,2.678917e-06,2.1816545e-08,3.7002987e-08,5.8762475e-09,0.99999547
pamap2,gnn_flatten_lstm,sequence,7,107,107,108,2702,25119,25119,3,3,4,4,walking,walking,True,2.575367e-09,1.9687435e-07,8.897502e-09,0.9999956,3.4838934e-09,2.400989e-11,2.4917907e-07,1.2528824e-06,2.5720403e-06,2.0659474e-08,3.67645e-08,5.5196767e-09,0.9999956
pamap2,gnn_flatten_lstm,sequence,7,107,107,108,2703,25120,25120,3,3,4,4,walking,walking,True,2.445785e-09,1.9109638e-07,8.599841e-09,0.9999958,3.3297491e-09,2.2586509e-11,2.4008756e-07,1.2046696e-06,2.4631267e-06,1.9721725e-08,3.554894e-08,5.1931357e-09,0.9999958
pamap2,gnn_flatten_lstm,sequence,7,107,107,108,2704,25121,25121,3,3,4,4,walking,walking,True,2.3931601e-09,1.8746672e-07,8.451378e-09,0.9999958,3.3038177e-09,2.2360867e-11,2.4491015e-07,1.1819034e-06,2.4909016e-06,1.9803029e-08,3.5040685e-08,5.1175992e-09,0.9999958
pamap2,gnn_flatten_lstm,sequence,7,107,107,108,2705,25122,25122,3,3,4,4,walking,walking,True,2.3754152e-09,1.8338359e-07,8.20853e-09,0.9999958,3.2520757e-09,2.2071036e-11,2.4616716e-07,1.1693453e-06,2.4798112e-06,1.9868443e-08,3.4579905e-08,5.074666e-09,0.9999958
pamap2,gnn_flatten_lstm,sequence,7,107,107,108,2706,25123,25123,3,3,4,4,walking,walking,True,2.4456959e-09,1.8715981e-07,8.347581e-09,0.9999957,3.3129042e-09,2.2651131e-11,2.4762417e-07,1.1937419e-06,2.5179882e-06,2.0286064e-08,3.520024e-08,5.2228963e-09,0.9999957
pamap2,gnn_flatten_lstm,sequence,7,107,107,108,2707,25124,25124,3,3,4,4,walking,walking,True,2.4975653e-09,1.933257e-07,8.760914e-09,0.9999957,3.4388092e-09,2.3587347e-11,2.5346642e-07,1.2148695e-06,2.5858135e-06,2.0664086e-08,3.6341454e-08,5.3570126e-09,0.9999957
pamap2,gnn_flatten_lstm,sequence,7,107,107,108,2708,25125,25125,3,3,4,4,walking,walking,True,2.4311109e-09,1.8888532e-07,8.554002e-09,0.9999957,3.3717757e-09,2.302355e-11,2.532973e-07,1.193199e-06,2.6006026e-06,2.0514621e-08,3.5421287e-08,5.264643e-09,0.9999957
pamap2,gnn_flatten_lstm,sequence,7,107,107,108,2709,25126,25126,3,3,4,4,walking,walking,True,2.5676814e-09,1.9457921e-07,8.728621e-09,0.9999956,3.5346484e-09,2.4442568e-11,2.6071544e-07,1.2484372e-06,2.6650423e-06,2.1363304e-08,3.6853105e-08,5.5980713e-09,0.9999956
pamap2,gnn_flatten_lstm,sequence,7,107,107,108,2710,25127,25127,3,3,4,4,walking,walking,True,2.4721145e-09,1.8936437e-07,8.555438e-09,0.9999957,3.4398522e-09,2.362589e-11,2.580506e-07,1.2101088e-06,2.5549107e-06,2.0638877e-08,3.6481048e-08,5.314787e-09,0.9999957
pamap2,gnn_flatten_lstm,sequence,7,107,107,108,2711,25128,25128,3,3,4,4,walking,walking,True,2.4964983e-09,1.9816261e-07,9.060349e-09,0.9999957,3.497856e-09,2.4051008e-11,2.566646e-07,1.2087132e-06,2.551151e-06,2.0663101e-08,3.7201847e-08,5.2965103e-09,0.9999957
pamap2,gnn_flatten_lstm,sequence,7,107,107,108,2712,25129,25129,3,3,4,4,walking,walking,True,2.4128959e-09,1.9076133e-07,8.603334e-09,0.9999957,3.3655625e-09,2.2926617e-11,2.5095363e-07,1.1874629e-06,2.5744234e-06,2.0321965e-08,3.539744e-08,5.200381e-09,0.9999957
pamap2,gnn_flatten_lstm,sequence,7,107,107,108,2713,25130,25130,3,3,4,4,walking,walking,True,2.44767e-09,1.9047772e-07,8.571592e-09,0.9999957,3.3796632e-09,2.3092776e-11,2.5117512e-07,1.2025757e-06,2.5897943e-06,2.0483695e-08,3.5471857e-08,5.289867e-09,0.9999957
pamap2,gnn_flatten_lstm,sequence,7,107,107,108,2714,25131,25131,3,3,4,4,walking,walking,True,2.5318878e-09,1.9306958e-07,8.738334e-09,0.9999956,3.5041459e-09,2.426804e-11,2.6137238e-07,1.2352947e-06,2.6886305e-06,2.1329551e-08,3.647374e-08,5.5583755e-09,0.9999956
pamap2,gnn_flatten_lstm,sequence,7,107,107,108,2715,25132,25132,3,3,4,4,walking,walking,True,2.4678035e-09,1.8661352e-07,8.54047e-09,0.9999956,3.4321448e-09,2.3746604e-11,2.6407028e-07,1.2046072e-06,2.6374478e-06,2.1032138e-08,3.5983476e-08,5.398327e-09,0.9999956
pamap2,gnn_flatten_lstm,sequence,7,107,107,108,2716,25133,25133,3,3,4,4,walking,walking,True,2.5293923e-09,1.9521505e-07,9.025318e-09,0.9999956,3.5498702e-09,2.4538751e-11,2.6549372e-07,1.2189963e-06,2.6287942e-06,2.1141496e-08,3.749026e-08,5.4508567e-09,0.9999956
pamap2,gnn_flatten_lstm,sequence,7,107,107,108,2717,25134,25134,3,3,4,4,walking,walking,True,2.6712288e-09,2.0540232e-07,8.6346e-09,0.99999535,3.962002e-09,2.6697181e-11,2.58295e-07,1.4019096e-06,2.7203225e-06,2.0942743e-08,4.064626e-08,5.947601e-09,0.99999535
pamap2,gnn_flatten_lstm,sequence,7,107,107,108,2718,25135,25135,3,3,4,4,walking,walking,True,2.7868285e-09,2.0641275e-07,8.195945e-09,0.999995,4.197953e-09,2.8474119e-11,2.6309183e-07,1.5289921e-06,2.9033827e-06,2.1351436e-08,3.9893845e-08,6.659369e-09,0.999995
pamap2,gnn_flatten_lstm,sequence,7,107,107,108,2719,25136,25136,3,3,4,4,walking,walking,True,2.5503484e-09,1.9639724e-07,8.459278e-09,0.99999535,3.75626e-09,2.5491644e-11,2.5974055e-07,1.3413663e-06,2.782789e-06,2.065419e-08,3.7127123e-08,5.891307e-09,0.99999535
pamap2,gnn_flatten_lstm,sequence,7,107,107,108,2720,25137,25137,3,3,4,4,walking,walking,True,2.410623e-09,1.8708396e-07,8.266537e-09,0.9999956,3.4833418e-09,2.3523456e-11,2.5702587e-07,1.2366125e-06,2.6645214e-06,2.0188521e-08,3.5392443e-08,5.4109033e-09,0.9999956
pamap2,gnn_flatten_lstm,sequence,7,107,107,108,2721,25138,25138,3,3,4,4,walking,walking,True,2.4630729e-09,1.9558682e-07,8.741851e-09,0.9999956,3.5448435e-09,2.3916603e-11,2.5575707e-07,1.2395194e-06,2.678859e-06,2.0428951e-08,3.6395697e-08,5.441736e-09,0.9999956
pamap2,gnn_flatten_lstm,sequence,7,107,107,108,2722,25139,25139,3,3,4,4,walking,walking,True,2.319698e-09,1.8201739e-07,8.0306535e-09,0.9999957,3.301449e-09,2.2102122e-11,2.507955e-07,1.1785738e-06,2.6210118e-06,1.9893886e-08,3.3915725e-08,5.142864e-09,0.9999957
pamap2,gnn_flatten_lstm,sequence,7,107,107,108,2723,25140,25140,3,3,4,4,walking,walking,True,2.3380253e-09,1.8245323e-07,8.097329e-09,0.9999956,3.2936682e-09,2.2114687e-11,2.517689e-07,1.1754979e-06,2.655627e-06,2.0134914e-08,3.3849282e-08,5.1764615e-09,0.9999956
pamap2,gnn_flatten_lstm,sequence,7,107,107,108,2724,25141,25141,3,3,4,4,walking,walking,True,2.4475155e-09,1.8968643e-07,8.269501e-09,0.9999956,3.4445922e-09,2.3167947e-11,2.505975e-07,1.2391223e-06,2.6747257e-06,2.0458351e-08,3.5653773e-08,5.3968034e-09,0.9999956
pamap2,gnn_flatten_lstm,sequence,7,107,107,108,2725,25142,25142,3,3,4,4,walking,walking,True,2.536929e-09,1.9285552e-07,8.364727e-09,0.99999535,3.5352274e-09,2.4102062e-11,2.5677102e-07,1.2779903e-06,2.7971703e-06,2.1229214e-08,3.56403e-08,5.716e-09,0.99999535
pamap2,gnn_flatten_lstm,sequence,7,107,107,108,2726,25143,25143,3,3,4,4,walking,walking,True,2.54477e-09,1.904335e-07,8.359654e-09,0.99999523,3.5394303e-09,2.427067e-11,2.6261083e-07,1.2798891e-06,2.868636e-06,2.1670022e-08,3.5549867e-08,5.7969176e-09,0.99999523
pamap2,gnn_flatten_lstm,sequence,7,107,107,108,2727,25144,25144,3,3,4,4,walking,walking,True,2.5608282e-09,1.9074453e-07,8.625727e-09,0.99999535,3.5630496e-09,2.4649074e-11,2.6758795e-07,1.256382e-06,2.7393794e-06,2.153722e-08,3.6702207e-08,5.692912e-09,0.99999535
pamap2,gnn_flatten_lstm,sequence,7,107,107,108,2728,25145,25145,3,3,4,4,walking,walking,True,2.5416471e-09,1.9829284e-07,9.070637e-09,0.9999956,3.5917358e-09,2.4600842e-11,2.6183292e-07,1.2383084e-06,2.6427324e-06,2.0946025e-08,3.7515225e-08,5.5132894e-09,0.9999956
pamap2,gnn_flatten_lstm,sequence,7,107,107,108,2729,25146,25146,3,3,4,4,walking,walking,True,2.3346214e-09,1.8326628e-07,8.125705e-09,0.9999958,3.2157945e-09,2.1421134e-11,2.3441366e-07,1.1760175e-06,2.4529832e-06,1.9036433e-08,3.4144527e-08,5.059338e-09,0.9999958
pamap2,gnn_flatten_lstm,sequence,7,107,107,108,2730,25147,25147,3,3,4,4,walking,walking,True,2.2043634e-09,1.7480826e-07,7.600721e-09,0.99999607,2.9897083e-09,1.9457574e-11,2.1801783e-07,1.1292235e-06,2.3481366e-06,1.7880247e-08,3.201806e-08,4.742559e-09,0.99999607
pamap2,gnn_flatten_lstm,sequence,7,107,107,108,2731,25148,25148,3,3,4,4,walking,walking,True,2.24419e-09,1.7562566e-07,7.6139814e-09,0.9999958,3.05594e-09,2.0099089e-11,2.2769608e-07,1.1408791e-06,2.4793671e-06,1.8763584e-08,3.2124486e-08,4.888923e-09,0.9999958
pamap2,gnn_flatten_lstm,sequence,7,107,107,108,2732,25149,25149,3,3,4,4,walking,walking,True,2.2991105e-09,1.7750331e-07,7.744454e-09,0.9999958,3.133629e-09,2.0856141e-11,2.3484552e-07,1.16217e-06,2.5192737e-06,1.9305737e-08,3.2910894e-08,5.0215467e-09,0.9999958
pamap2,gnn_flatten_lstm,sequence,7,107,107,108,2733,25150,25150,3,3,4,4,walking,walking,True,2.3199633e-09,1.7957115e-07,7.829825e-09,0.9999957,3.1625158e-09,2.1056793e-11,2.3470355e-07,1.1735591e-06,2.589352e-06,1.950955e-08,3.297303e-08,5.1223155e-09,0.9999957
pamap2,gnn_flatten_lstm,sequence,7,107,107,108,2734,25151,25151,3,3,4,4,walking,walking,True,2.2534674e-09,1.7496865e-07,7.603662e-09,0.9999957,3.0649057e-09,2.0277637e-11,2.3044026e-07,1.1497547e-06,2.5508107e-06,1.9131253e-08,3.2150965e-08,4.9565343e-09,0.9999957
pamap2,gnn_flatten_lstm,sequence,7,107,107,108,2735,25152,25152,3,3,4,4,walking,walking,True,2.2915012e-09,1.775451e-07,7.758779e-09,0.9999957,3.0981604e-09,2.0606475e-11,2.3312062e-07,1.1520542e-06,2.5416148e-06,1.9367992e-08,3.2619795e-08,4.9809854e-09,0.9999957
pamap2,gnn_flatten_lstm,sequence,7,107,107,108,2736,25153,25153,3,3,4,4,walking,walking,True,2.4417666e-09,1.868185e-07,8.232942e-09,0.9999957,3.2564202e-09,2.2081052e-11,2.4143898e-07,1.1958556e-06,2.5869506e-06,2.0322313e-08,3.4198948e-08,5.2557634e-09,0.9999957
pamap2,gnn_flatten_lstm,sequence,7,107,107,108,2737,25154,25154,3,3,4,4,walking,walking,True,2.4660438e-09,1.8772772e-07,8.290696e-09,0.9999957,3.2840959e-09,2.2392022e-11,2.4430364e-07,1.2066655e-06,2.5837082e-06,2.0540542e-08,3.451006e-08,5.283958e-09,0.9999957
pamap2,gnn_flatten_lstm,sequence,7,107,107,108,2738,25155,25155,3,3,4,4,walking,walking,True,2.5228302e-09,1.9066455e-07,8.43537e-09,0.9999957,3.3469023e-09,2.295392e-11,2.469379e-07,1.2262431e-06,2.6216242e-06,2.089021e-08,3.5072375e-08,5.4178133e-09,0.9999957
pamap2,gnn_flatten_lstm,sequence,7,107,107,108,2739,25156,25156,3,3,4,4,walking,walking,True,2.4931341e-09,1.8613294e-07,8.153479e-09,0.9999957,3.3194822e-09,2.2719755e-11,2.4338692e-07,1.2330045e-06,2.5907057e-06,2.0478577e-08,3.484746e-08,5.422062e-09,0.9999957
pamap2,gnn_flatten_lstm,sequence,7,107,107,108,2740,25157,25157,3,3,4,4,walking,walking,True,2.6189082e-09,1.917996e-07,8.48481e-09,0.99999547,3.4623302e-09,2.4052973e-11,2.510151e-07,1.2779223e-06,2.6832256e-06,2.1301172e-08,3.605272e-08,5.750326e-09,0.99999547
pamap2,gnn_flatten_lstm,sequence,7,107,107,108,2741,25158,25158,3,3,4,4,walking,walking,True,2.473303e-09,1.8523407e-07,8.150431e-09,0.9999957,3.2796454e-09,2.2265023e-11,2.3309303e-07,1.2379071e-06,2.5197178e-06,1.9652555e-08,3.478464e-08,5.4461595e-09,0.9999957
pamap2,gnn_flatten_lstm,sequence,7,107,107,108,2742,25159,25159,3,3,4,4,walking,walking,True,2.350447e-09,1.8106019e-07,7.893118e-09,0.9999958,3.125165e-09,2.0782202e-11,2.2090327e-07,1.1932003e-06,2.4211174e-06,1.8650832e-08,3.356961e-08,5.115872e-09,0.9999958
pamap2,gnn_flatten_lstm,sequence,7,107,107,108,2743,25160,25160,3,3,4,4,walking,walking,True,2.40918e-09,1.8776335e-07,8.2929885e-09,0.9999956,3.310636e-09,2.2245409e-11,2.3975252e-07,1.2107921e-06,2.6427904e-06,2.0064144e-08,3.453047e-08,5.32606e-09,0.9999956
pamap2,gnn_flatten_lstm,sequence,7,107,107,108,2744,25161,25161,3,3,4,4,walking,walking,True,2.823237e-09,2.0385498e-07,8.65592e-09,0.99999535,4.2286605e-09,2.8710484e-11,2.777906e-07,1.461299e-06,2.619159e-06,2.1613515e-08,4.694383e-08,5.7962657e-09,0.99999535
pamap2,gnn_flatten_lstm,sequence,7,107,107,108,2745,25162,25162,3,3,4,4,walking,walking,True,9.298178e-09,4.4278462e-07,1.5967657e-08,0.9999914,9.2815755e-09,9.880761e-11,4.5998476e-07,4.4300873e-06,3.1374266e-06,4.5559606e-08,1.193175e-07,1.0281688e-08,0.9999914
pamap2,gnn_flatten_lstm,sequence,7,107,107,108,2746,25163,25163,3,3,4,4,walking,walking,True,2.6022217e-08,1.0440746e-06,7.613685e-08,0.9999716,8.0171965e-08,9.756372e-10,5.829053e-06,8.467807e-06,1.1915174e-05,2.5853677e-07,6.540553e-07,4.2353268e-08,0.9999716
pamap2,gnn_flatten_lstm,sequence,7,107,107,108,2747,25164,25164,3,3,4,4,walking,walking,True,1.2697701e-07,3.859013e-06,5.2800885e-07,0.9998191,1.1415285e-06,1.4713591e-08,8.89098e-05,2.9365598e-05,4.9275437e-05,1.8796176e-06,5.719751e-06,1.80802e-07,0.9998191
pamap2,gnn_flatten_lstm,sequence,7,107,107,108,2748,25165,25165,3,3,4,4,walking,walking,True,6.460038e-07,1.4249895e-05,2.4786586e-06,0.99869907,1.112344e-05,1.7826949e-07,0.00093248783,0.00010996024,0.00018692581,1.2780895e-05,2.916286e-05,8.778632e-07,0.99869907
pamap2,gnn_flatten_lstm,sequence,7,107,107,108,2749,25166,25166,3,3,4,4,walking,walking,True,2.5570328e-06,4.167547e-05,7.3370024e-06,0.99350774,6.453587e-05,1.4767475e-06,0.005153281,0.00039351627,0.00066302886,6.495195e-05,9.6064294e-05,3.7330067e-06,0.99350774
pamap2,gnn_flatten_lstm,sequence,7,107,107,108,2750,25167,25167,3,3,4,4,walking,walking,True,7.4695567e-06,9.413404e-05,1.4758374e-05,0.9809849,0.00023206814,7.620005e-06,0.01503127,0.0012400598,0.0019549173,0.00021675382,0.00020365576,1.2418698e-05,0.9809849
pamap2,gnn_flatten_lstm,sequence,7,107,107,108,2751,25168,25168,3,3,4,4,walking,walking,True,2.1277076e-05,0.00019098884,2.1257118e-05,0.9561404,0.00072078296,3.0820684e-05,0.033151593,0.0042401385,0.004662719,0.0005220894,0.0002597027,3.8151276e-05,0.9561404
pamap2,gnn_flatten_lstm,sequence,7,107,107,108,2752,25169,25169,6,3,7,4,nordic_walking,walking,False,8.511992e-05,0.00041432073,4.2544358e-05,0.5142461,0.0031179031,0.00028527516,0.46181977,0.009894535,0.006801099,0.0028839454,0.00031924067,9.0116504e-05,0.5142461
pamap2,gnn_flatten_lstm,sequence,7,107,107,108,2753,25170,25170,6,6,7,7,nordic_walking,nordic_walking,True,0.00045636934,0.0010243584,6.5349544e-05,0.16777475,0.01249144,0.0009067605,0.79315853,0.016342936,0.0027894136,0.004412935,0.0003725839,0.00020460185,0.79315853
pamap2,gnn_flatten_lstm,sequence,7,107,107,108,2754,25171,25171,6,6,7,7,nordic_walking,nordic_walking,True,0.0032153693,0.0040481165,0.0004771255,0.047875434,0.022875192,0.0048257965,0.8809512,0.01976256,0.0029547142,0.011244469,0.00058338256,0.0011866421,0.8809512
pamap2,gnn_flatten_lstm,sequence,7,107,107,108,2755,25172,25172,6,6,7,7,nordic_walking,nordic_walking,True,0.01307436,0.04646887,0.038533382,0.018409861,0.011227108,0.006263863,0.7592456,0.012227039,0.00742788,0.078427754,0.006443836,0.002250513,0.7592456
pamap2,gnn_flatten_lstm,sequence,7,107,107,108,2756,25173,25173,6,6,7,7,nordic_walking,nordic_walking,True,0.01300093,0.0810621,0.07124926,0.013560263,0.009070738,0.007343676,0.70722526,0.0074766935,0.006989878,0.07382249,0.0072235446,0.0019751142,0.70722526
pamap2,gnn_flatten_lstm,sequence,7,107,107,108,2757,25174,25174,6,6,7,7,nordic_walking,nordic_walking,True,0.0128131155,0.16862218,0.1325135,0.012065376,0.008577922,0.007185885,0.5664237,0.005488928,0.00742146,0.06804858,0.009219409,0.0016199457,0.5664237
pamap2,gnn_flatten_lstm,sequence,7,107,107,108,2758,25175,25175,6,1,7,2,nordic_walking,sitting,False,0.010092924,0.34066513,0.24493402,0.009432635,0.006769093,0.0057218443,0.31099147,0.0032415402,0.006799172,0.048685532,0.011534833,0.0011317886,0.34066513
pamap2,gnn_flatten_lstm,sequence,7,107,107,108,2759,25176,25176,6,6,7,7,nordic_walking,nordic_walking,True,0.004128644,0.17032963,0.052322768,0.017021824,0.011121042,0.0070994035,0.6902105,0.0026790085,0.010659632,0.028369492,0.004824241,0.001233815,0.6902105
pamap2,gnn_flatten_lstm,sequence,7,107,107,108,2760,25177,25177,6,6,7,7,nordic_walking,nordic_walking,True,0.00043087997,0.018137934,0.003860639,0.021081764,0.0039206967,0.0025327238,0.9340115,0.0007176451,0.0071777655,0.007118634,0.0006275418,0.00038221898,0.9340115
pamap2,gnn_flatten_lstm,sequence,7,107,107,108,2761,25178,25178,6,6,7,7,nordic_walking,nordic_walking,True,1.7504393e-05,0.0012197101,0.00011902794,0.0016454516,0.00034385722,0.00022304166,0.9955995,8.049145e-06,0.0002529901,0.00052300026,3.7924583e-05,9.964281e-06,0.9955995
pamap2,gnn_flatten_lstm,sequence,7,107,107,108,2762,25179,25179,6,6,7,7,nordic_walking,nordic_walking,True,7.5226853e-07,2.6615115e-05,1.2901054e-06,0.00019871628,4.984726e-05,3.3134704e-05,0.9996439,3.9508012e-07,1.3269519e-05,2.9872368e-05,1.4825505e-06,7.7650793e-07,0.9996439
pamap2,gnn_flatten_lstm,sequence,7,107,107,108,2763,25180,25180,6,6,7,7,nordic_walking,nordic_walking,True,6.102151e-08,1.111118e-06,3.4191206e-08,3.7755857e-05,1.2344695e-05,1.003054e-05,0.99993336,6.173421e-08,1.7619437e-06,3.2511487e-06,1.4319755e-07,1.2213552e-07,0.99993336
pamap2,gnn_flatten_lstm,sequence,7,107,107,108,2764,25181,25181,6,6,7,7,nordic_walking,nordic_walking,True,1.5754855e-08,1.6000783e-07,3.7428127e-09,1.1110066e-05,4.3051195e-06,3.410967e-06,0.9999796,1.8285364e-08,3.5818647e-07,1.0670258e-06,3.001007e-08,2.8077014e-08,0.9999796
pamap2,gnn_flatten_lstm,sequence,7,107,107,108,2765,25182,25182,6,6,7,7,nordic_walking,nordic_walking,True,6.698984e-09,4.9046754e-08,9.314106e-10,5.6579884e-06,1.9518234e-06,1.1784642e-06,0.9999906,7.391786e-09,1.1223402e-07,5.101984e-07,8.466613e-09,9.311481e-09,0.9999906
pamap2,gnn_flatten_lstm,sequence,7,107,107,108,2766,25183,25183,6,6,7,7,nordic_walking,nordic_walking,True,3.9111803e-09,2.4477513e-08,4.0084067e-10,3.7393618e-06,1.26001e-06,5.971925e-07,0.99999404,4.0683723e-09,5.705615e-08,3.0716689e-07,3.9134855e-09,4.9114295e-09,0.99999404
pamap2,gnn_flatten_lstm,sequence,7,107,107,108,2767,25184,25184,6,6,7,7,nordic_walking,nordic_walking,True,2.298685e-09,1.3519208e-08,1.9848423e-10,2.7840804e-06,8.4725065e-07,3.1491027e-07,0.9999958,2.3730014e-09,3.4186822e-08,1.8810107e-07,1.8630166e-09,2.824601e-09,0.9999958
pamap2,gnn_flatten_lstm,sequence,7,107,107,108,2768,25185,25185,6,6,7,7,nordic_walking,nordic_walking,True,1.333058e-09,8.104788e-09,1.1254539e-10,2.1795597e-06,5.768884e-07,1.8395289e-07,0.9999969,1.4896829e-09,2.2946278e-08,1.1832437e-07,9.120399e-10,1.6813675e-09,0.9999969
pamap2,gnn_flatten_lstm,sequence,7,107,107,108,2769,25186,25186,6,6,7,7,nordic_walking,nordic_walking,True,1.4957757e-09,9.616469e-09,1.4248958e-10,2.1060182e-06,6.3260313e-07,2.2618477e-07,0.9999968,1.7006354e-09,2.6466422e-08,1.3467664e-07,1.1796708e-09,1.9343969e-09,0.9999968
pamap2,gnn_flatten_lstm,sequence,7,107,107,108,2770,25187,25187,6,6,7,7,nordic_walking,nordic_walking,True,1.7704562e-09,1.1095034e-08,1.7058646e-10,2.2272236e-06,6.998859e-07,2.64492e-07,0.99999666,1.9694928e-09,2.9986722e-08,1.5328337e-07,1.3651076e-09,2.2845994e-09,0.99999666
pamap2,gnn_flatten_lstm,sequence,7,107,107,108,2771,25188,25188,6,6,7,7,nordic_walking,nordic_walking,True,2.2298292e-09,1.3428752e-08,1.5135734e-10,2.1576197e-06,1.0226672e-06,3.334899e-07,0.9999963,2.1224125e-09,3.0204955e-08,1.5179268e-07,1.5649477e-09,2.6951361e-09,0.9999963
pamap2,gnn_flatten_lstm,sequence,7,107,107,108,2772,25189,25189,6,6,7,7,nordic_walking,nordic_walking,True,2.1847288e-09,1.2540562e-08,1.3485749e-10,2.2035015e-06,9.315187e-07,2.7643253e-07,0.9999964,2.0125899e-09,2.7854469e-08,1.5244132e-07,1.2664877e-09,2.3547293e-09,0.9999964
pamap2,gnn_flatten_lstm,sequence,7,107,107,108,2773,25190,25190,6,6,7,7,nordic_walking,nordic_walking,True,2.194572e-09,1.2026714e-08,1.5407081e-10,2.5066208e-06,8.0156383e-07,2.3704668e-07,0.9999962,2.1504838e-09,2.9756299e-08,1.616609e-07,1.1225594e-09,2.3264075e-09,0.9999962
pamap2,gnn_flatten_lstm,sequence,7,107,107,108,2774,25191,25191,6,6,7,7,nordic_walking,nordic_walking,True,2.908843e-09,1.4128743e-08,2.005747e-10,2.8813015e-06,8.5803924e-07,2.5750262e-07,0.9999957,2.660369e-09,3.3757864e-08,2.190404e-07,1.5614048e-09,2.8816352e-09,0.9999957
pamap2,gnn_flatten_lstm,sequence,7,107,107,108,2775,25192,25192,6,6,7,7,nordic_walking,nordic_walking,True,3.25034e-09,1.617874e-08,1.9135106e-10,2.4106853e-06,1.0861281e-06,3.3484164e-07,0.99999595,2.5936762e-09,3.2826204e-08,2.2139598e-07,1.9410518e-09,3.252523e-09,0.99999595
pamap2,gnn_flatten_lstm,sequence,7,107,107,108,2776,25193,25193,6,6,7,7,nordic_walking,nordic_walking,True,3.1229244e-09,1.6311228e-08,1.7700046e-10,2.3271466e-06,1.2698982e-06,3.9134812e-07,0.9999957,2.5612152e-09,3.429242e-08,2.0226557e-07,2.1867992e-09,3.4824454e-09,0.9999957
pamap2,gnn_flatten_lstm,sequence,7,107,107,108,2777,25194,25194,6,6,7,7,nordic_walking,nordic_walking,True,2.908954e-09,1.5279669e-08,1.8118063e-10,2.4886742e-06,1.2142601e-06,3.769647e-07,0.9999957,2.6046865e-09,3.442571e-08,1.91478e-07,2.1143018e-09,3.452354e-09,0.9999957
pamap2,gnn_flatten_lstm,sequence,7,107,107,108,2778,25195,25195,6,6,7,7,nordic_walking,nordic_walking,True,2.726727e-09,1.4510383e-08,1.7553463e-10,2.4923415e-06,1.177274e-06,3.5834327e-07,0.9999957,2.4957507e-09,3.276027e-08,1.7354893e-07,1.9056183e-09,3.3016188e-09,0.9999957
pamap2,gnn_flatten_lstm,sequence,7,107,107,108,2779,25196,25196,6,6,7,7,nordic_walking,nordic_walking,True,3.447602e-09,1.6477637e-08,2.2126422e-10,2.8421243e-06,1.1197855e-06,3.5416832e-07,0.99999535,3.03118e-09,3.674276e-08,2.4166093e-07,2.2131499e-09,3.6634906e-09,0.99999535
pamap2,gnn_flatten_lstm,sequence,7,107,107,108,2780,25197,25197,6,6,7,7,nordic_walking,nordic_walking,True,3.2578797e-09,1.7050318e-08,1.7599354e-10,2.3420882e-06,1.3592222e-06,4.0282617e-07,0.9999956,2.7236549e-09,3.3815663e-08,1.8374523e-07,1.7274406e-09,3.5778696e-09,0.9999956
pamap2,gnn_flatten_lstm,sequence,7,107,107,108,2781,25198,25198,6,6,7,7,nordic_walking,nordic_walking,True,3.627853e-09,2.0182465e-08,2.1596304e-10,2.5938018e-06,1.5481269e-06,5.075684e-07,0.9999951,3.1796732e-09,4.2755143e-08,2.1644462e-07,2.302558e-09,4.2905186e-09,0.9999951
pamap2,gnn_flatten_lstm,sequence,7,107,107,108,2782,25199,25199,6,6,7,7,nordic_walking,nordic_walking,True,2.1180082e-09,1.2482022e-08,1.3153513e-10,2.236829e-06,1.0237776e-06,3.1717477e-07,0.9999962,2.0003315e-09,2.836632e-08,1.410525e-07,1.3573542e-09,2.567149e-09,0.9999962
pamap2,gnn_flatten_lstm,sequence,7,107,107,108,2783,25200,25200,6,6,7,7,nordic_walking,nordic_walking,True,2.8633271e-09,1.4973832e-08,2.1959408e-10,3.874087e-06,1.051483e-06,2.8887445e-07,0.9999945,2.971013e-09,3.7037974e-08,1.7648861e-07,1.5633101e-09,3.4555647e-09,0.9999945
pamap2,gnn_flatten_lstm,sequence,7,107,107,108,2784,25201,25201,6,6,7,7,nordic_walking,nordic_walking,True,3.2054077e-09,1.8168361e-08,1.7869108e-10,2.3042276e-06,1.3635586e-06,4.2820392e-07,0.9999956,2.8864429e-09,3.120639e-08,1.7758573e-07,1.590061e-09,3.3003718e-09,0.9999956
pamap2,gnn_flatten_lstm,sequence,7,107,107,108,2785,25202,25202,6,6,7,7,nordic_walking,nordic_walking,True,3.7834385e-09,1.9700282e-08,2.1458345e-10,2.5039446e-06,1.4622289e-06,4.7180458e-07,0.99999523,3.144272e-09,3.791691e-08,2.1497992e-07,2.158981e-09,4.1261443e-09,0.99999523
pamap2,gnn_flatten_lstm,sequence,7,107,107,108,2786,25203,25203,6,6,7,7,nordic_walking,nordic_walking,True,2.7105953e-09,1.5011052e-08,1.6030968e-10,2.4028557e-06,1.2798472e-06,3.7154888e-07,0.9999957,2.4435278e-09,3.2657024e-08,1.5452287e-07,1.6347129e-09,3.3630856e-09,0.9999957
pamap2,gnn_flatten_lstm,sequence,7,107,107,108,2787,25204,25204,6,6,7,7,nordic_walking,nordic_walking,True,2.6576559e-09,1.5656314e-08,1.5302694e-10,2.2124239e-06,1.5496538e-06,4.2773945e-07,0.9999957,2.4008866e-09,3.321783e-08,1.2711467e-07,1.6060695e-09,3.6608025e-09,0.9999957
pamap2,gnn_flatten_lstm,sequence,7,107,107,108,2788,25205,25205,6,6,7,7,nordic_walking,nordic_walking,True,2.4173639e-09,1.5000861e-08,1.3611742e-10,2.1432402e-06,1.6736602e-06,4.4084285e-07,0.9999956,2.2461208e-09,3.4219628e-08,1.08845825e-07,1.5274735e-09,3.6739949e-09,0.9999956
pamap2,gnn_flatten_lstm,sequence,7,107,107,108,2789,25206,25206,6,6,7,7,nordic_walking,nordic_walking,True,2.4691023e-09,1.4873902e-08,1.4670545e-10,2.4714502e-06,1.6143914e-06,4.2275278e-07,0.99999535,2.3883573e-09,3.585221e-08,1.16573986e-07,1.6499361e-09,3.7136805e-09,0.99999535
pamap2,gnn_flatten_lstm,sequence,7,107,107,108,2790,25207,25207,6,6,7,7,nordic_walking,nordic_walking,True,2.2940634e-09,1.3714747e-08,1.1966585e-10,2.333814e-06,1.5144677e-06,3.6900744e-07,0.9999956,2.0786697e-09,2.8956583e-08,9.780129e-08,1.1742345e-09,3.145173e-09,0.9999956
pamap2,gnn_flatten_lstm,sequence,7,107,107,108,2791,25208,25208,6,6,7,7,nordic_walking,nordic_walking,True,2.013169e-09,1.1759168e-08,1.0637747e-10,2.20439e-06,1.1342371e-06,2.8736562e-07,0.9999962,1.7535008e-09,2.283114e-08,1.00601305e-07,1.008323e-09,2.326319e-09,0.9999962
pamap2,gnn_flatten_lstm,sequence,7,107,107,108,2792,25209,25209,6,6,7,7,nordic_walking,nordic_walking,True,2.0043294e-09,1.2003634e-08,1.1502495e-10,2.2588981e-06,1.2467885e-06,3.1046537e-07,0.99999595,1.8370253e-09,2.6188209e-08,9.90518e-08,1.1994931e-09,2.6580922e-09,0.99999595
pamap2,gnn_flatten_lstm,sequence,7,107,107,108,2793,25210,25210,6,6,7,7,nordic_walking,nordic_walking,True,2.0582538e-09,1.1989562e-08,1.15692726e-10,2.2784327e-06,1.2457724e-06,2.9990318e-07,0.99999595,1.8369096e-09,2.5795527e-08,1.0461896e-07,1.2564109e-09,2.6709297e-09,0.99999595
pamap2,gnn_flatten_lstm,sequence,7,107,107,108,2794,25211,25211,6,6,7,7,nordic_walking,nordic_walking,True,1.6798345e-09,9.986086e-09,9.811137e-11,2.1480976e-06,1.0281789e-06,2.4458492e-07,0.9999964,1.5621864e-09,2.2849704e-08,9.237158e-08,1.0524253e-09,2.1789028e-09,0.9999964
pamap2,gnn_flatten_lstm,sequence,7,107,107,108,2795,25212,25212,6,6,7,7,nordic_walking,nordic_walking,True,1.5027788e-09,9.15437e-09,8.9017294e-11,2.0722641e-06,9.654392e-07,2.2605255e-07,0.99999666,1.4343582e-09,2.1691763e-08,8.444881e-08,9.644898e-10,1.9981168e-09,0.99999666
pamap2,gnn_flatten_lstm,sequence,7,107,107,108,2796,25213,25213,6,6,7,7,nordic_walking,nordic_walking,True,1.7045448e-09,9.348588e-09,1.08992426e-10,2.3067892e-06,8.292926e-07,2.0612785e-07,0.99999654,1.6014243e-09,2.2531138e-08,1.1254745e-07,1.1200041e-09,2.0692925e-09,0.99999654
pamap2,gnn_flatten_lstm,sequence,7,107,107,108,2797,25214,25214,6,6,7,7,nordic_walking,nordic_walking,True,1.6540248e-09,8.971914e-09,1.0920219e-10,2.295378e-06,7.5835436e-07,1.9064345e-07,0.99999654,1.5626901e-09,2.1880997e-08,1.15135485e-07,1.0871095e-09,1.985837e-09,0.99999654
pamap2,gnn_flatten_lstm,sequence,7,107,107,108,2798,25215,25215,6,6,7,7,nordic_walking,nordic_walking,True,1.5086087e-09,9.594245e-09,1.00090373e-10,2.1259998e-06,8.426872e-07,2.1165818e-07,0.99999666,1.4566597e-09,2.1772841e-08,9.420298e-08,9.567706e-10,1.9259732e-09,0.99999666
pamap2,gnn_flatten_lstm,sequence,7,107,107,108,2799,25216,25216,6,6,7,7,nordic_walking,nordic_walking,True,1.1965033e-09,7.746619e-09,7.574583e-11,2.0169e-06,7.432224e-07,1.679996e-07,0.999997,1.1706494e-09,1.7980504e-08,7.395984e-08,6.970349e-10,1.5227892e-09,0.999997
pamap2,gnn_flatten_lstm,sequence,7,107,107,108,2800,25217,25217,6,6,7,7,nordic_walking,nordic_walking,True,1.1510084e-09,7.808554e-09,7.285129e-11,1.9024444e-06,7.911192e-07,1.8314002e-07,0.999997,1.134801e-09,1.7428997e-08,6.705576e-08,6.865661e-10,1.5453278e-09,0.999997
pamap2,gnn_flatten_lstm,sequence,7,107,107,108,2801,25218,25218,6,6,7,7,nordic_walking,nordic_walking,True,1.266848e-09,9.025104e-09,8.415507e-11,2.0621567e-06,9.0657784e-07,2.0692002e-07,0.99999666,1.2777366e-09,1.99217e-08,6.824643e-08,7.333912e-10,1.7936234e-09,0.99999666
pamap2,gnn_flatten_lstm,sequence,7,107,107,108,2802,25219,25219,6,6,7,7,nordic_walking,nordic_walking,True,1.3178361e-09,9.4289385e-09,8.701095e-11,2.2089996e-06,9.580064e-07,2.0893425e-07,0.99999654,1.3330346e-09,2.0319655e-08,6.867485e-08,7.572331e-10,1.8578195e-09,0.99999654
pamap2,gnn_flatten_lstm,sequence,7,107,107,108,2803,25220,25220,6,6,7,7,nordic_walking,nordic_walking,True,1.5325426e-09,1.2169288e-08,1.0896947e-10,2.6807732e-06,1.3017933e-06,2.7542265e-07,0.9999957,1.6353708e-09,2.551056e-08,6.630214e-08,9.1296465e-10,2.4404538e-09,0.9999957
pamap2,gnn_flatten_lstm,sequence,7,107,107,108,2804,25221,25221,6,6,7,7,nordic_walking,nordic_walking,True,1.5188943e-09,1.2164785e-08,1.0978642e-10,2.7669778e-06,1.3326693e-06,2.8268425e-07,0.9999956,1.6686055e-09,2.6046576e-08,6.5028544e-08,9.220418e-10,2.485442e-09,0.9999956
pamap2,gnn_flatten_lstm,sequence,7,107,107,108,2805,25222,25222,6,6,7,7,nordic_walking,nordic_walking,True,1.9366455e-09,1.4601912e-08,1.515906e-10,2.8534434e-06,1.4736338e-06,3.5587533e-07,0.9999951,2.023889e-09,3.136367e-08,8.203598e-08,1.263875e-09,3.22468e-09,0.9999951
pamap2,gnn_flatten_lstm,sequence,7,107,107,108,2806,25223,25223,6,6,7,7,nordic_walking,nordic_walking,True,2.1480375e-09,1.5610139e-08,1.603707e-10,3.0919873e-06,1.6581132e-06,3.719963e-07,0.99999475,2.2135032e-09,3.3280898e-08,8.186292e-08,1.2675803e-09,3.6597174e-09,0.99999475
pamap2,gnn_flatten_lstm,sequence,7,107,107,108,2807,25224,25224,6,6,7,7,nordic_walking,nordic_walking,True,2.2425015e-09,1.58494e-08,1.608498e-10,3.1075215e-06,1.7669436e-06,3.6980714e-07,0.99999464,2.2208355e-09,3.378836e-08,7.8792596e-08,1.239916e-09,3.878392e-09,0.99999464
pamap2,gnn_flatten_lstm,sequence,7,107,107,108,2808,25225,25225,6,6,7,7,nordic_walking,nordic_walking,True,3.6373917e-09,2.5681842e-08,3.06614e-10,6.0498737e-06,2.5348652e-06,4.7096e-07,0.9999907,4.276333e-09,6.283834e-08,1.1325905e-07,1.7548563e-09,6.9807653e-09,0.9999907
pamap2,gnn_flatten_lstm,sequence,7,107,107,108,2809,25226,25226,6,6,7,7,nordic_walking,nordic_walking,True,2.237833e-09,1.7678127e-08,1.7684922e-10,3.994948e-06,2.0275636e-06,3.8497805e-07,0.99999344,2.6182738e-09,4.3505963e-08,7.8419774e-08,1.272603e-09,4.3689714e-09,0.99999344
pamap2,gnn_flatten_lstm,sequence,7,107,107,108,2810,25227,25227,6,6,7,7,nordic_walking,nordic_walking,True,2.4986693e-09,1.9255088e-08,1.9565642e-10,3.8359954e-06,2.189951e-06,4.2699588e-07,0.9999933,2.7047529e-09,4.372667e-08,7.997012e-08,1.3342717e-09,4.8636872e-09,0.9999933
pamap2,gnn_flatten_lstm,sequence,7,107,107,108,2811,25228,25228,6,6,7,7,nordic_walking,nordic_walking,True,2.3406086e-09,1.784416e-08,1.844854e-10,3.605345e-06,2.1420917e-06,4.4011819e-07,0.9999937,2.5684992e-09,4.2782492e-08,7.7518145e-08,1.4037003e-09,4.7166573e-09,0.9999937
pamap2,gnn_flatten_lstm,sequence,7,107,107,108,2812,25229,25229,6,6,7,7,nordic_walking,nordic_walking,True,1.6436819e-09,1.2881669e-08,1.3551843e-10,3.0995022e-06,1.387368e-06,3.2477004e-07,0.9999951,1.909554e-09,3.3096132e-08,7.4593956e-08,1.1505386e-09,2.9603406e-09,0.9999951
pamap2,gnn_flatten_lstm,sequence,7,107,107,108,2813,25230,25230,6,6,7,7,nordic_walking,nordic_walking,True,2.9126943e-09,1.9147706e-08,3.0122566e-10,6.443539e-06,1.6074043e-06,3.7060948e-07,0.9999914,4.116923e-09,5.8493555e-08,1.3077273e-07,1.7132223e-09,5.1413025e-09,0.9999914
pamap2,gnn_flatten_lstm,sequence,7,107,107,108,2814,25231,25231,6,6,7,7,nordic_walking,nordic_walking,True,1.5471059e-09,1.12983605e-08,1.5632681e-10,3.7156506e-06,1.0610114e-06,2.55337e-07,0.9999949,2.0959308e-09,3.4017734e-08,8.391525e-08,1.0834769e-09,2.7113582e-09,0.9999949
pamap2,gnn_flatten_lstm,sequence,7,107,107,108,2815,25232,25232,6,6,7,7,nordic_walking,nordic_walking,True,1.5841747e-09,1.2402054e-08,1.4884181e-10,3.5641337e-06,1.2567683e-06,2.7808625e-07,0.99999475,2.0460393e-09,3.2972057e-08,7.399593e-08,1.0403848e-09,2.8501908e-09,0.99999475
pamap2,gnn_flatten_lstm,sequence,7,107,107,108,2816,25233,25233,6,6,7,7,nordic_walking,nordic_walking,True,1.3883025e-09,1.07792735e-08,1.2934104e-10,2.8649956e-06,1.0407068e-06,2.655135e-07,0.9999957,1.7572767e-09,3.0508684e-08,7.500875e-08,1.0020532e-09,2.3786475e-09,0.9999957
pamap2,gnn_flatten_lstm,sequence,7,107,107,108,2817,25234,25234,6,6,7,7,nordic_walking,nordic_walking,True,1.3083037e-09,9.934298e-09,1.2404662e-10,2.5545392e-06,8.4913495e-07,2.4498388e-07,0.9999963,1.6164209e-09,2.8260263e-08,8.2438255e-08,9.517921e-10,2.0626445e-09,0.9999963
pamap2,gnn_flatten_lstm,sequence,7,107,107,108,2818,25235,25235,6,6,7,7,nordic_walking,nordic_walking,True,1.2175864e-09,8.6513925e-09,1.034308e-10,2.3752305e-06,7.4705093e-07,1.9820588e-07,0.99999666,1.3916124e-09,2.3115923e-08,7.835947e-08,7.9973966e-10,1.7517866e-09,0.99999666
pamap2,gnn_flatten_lstm,sequence,7,107,107,108,2819,25236,25236,6,6,7,7,nordic_walking,nordic_walking,True,1.145622e-09,8.490858e-09,9.172676e-11,2.2936254e-06,7.944197e-07,1.9359616e-07,0.99999654,1.3007077e-09,2.1737362e-08,6.857473e-08,7.295363e-10,1.6877383e-09,0.99999654
pamap2,gnn_flatten_lstm,sequence,7,107,107,108,2820,25237,25237,6,6,7,7,nordic_walking,nordic_walking,True,1.4363104e-09,1.02191215e-08,1.5777725e-10,3.8565317e-06,8.476985e-07,1.9099092e-07,0.999995,2.0094417e-09,3.3781347e-08,8.06719e-08,7.538425e-10,2.4309188e-09,0.999995
pamap2,gnn_flatten_lstm,sequence,7,107,107,108,2821,25238,25238,6,6,7,7,nordic_walking,nordic_walking,True,1.1354453e-09,8.583817e-09,1.2180801e-10,2.8347313e-06,7.250364e-07,1.8755192e-07,0.9999962,1.5428615e-09,2.6682025e-08,7.34118e-08,7.4538775e-10,1.8371904e-09,0.9999962
pamap2,gnn_flatten_lstm,sequence,7,107,107,108,2822,25239,25239,6,6,7,7,nordic_walking,nordic_walking,True,1.0698102e-09,7.986711e-09,1.0033824e-10,2.7905967e-06,7.2782206e-07,1.815726e-07,0.9999962,1.4256241e-09,2.3866663e-08,6.907168e-08,7.09268e-10,1.6907085e-09,0.9999962
pamap2,gnn_flatten_lstm,sequence,7,107,107,108,2823,25240,25240,6,6,7,7,nordic_walking,nordic_walking,True,1.0484125e-09,7.4295285e-09,9.340202e-11,2.39669e-06,6.680677e-07,1.7363169e-07,0.99999666,1.2849805e-09,2.150679e-08,7.280664e-08,7.5513895e-10,1.5502721e-09,0.99999666
pamap2,gnn_flatten_lstm,sequence,7,107,107,108,2824,25241,25241,6,6,7,7,nordic_walking,nordic_walking,True,1.1253769e-09,7.754245e-09,9.9036425e-11,2.3465511e-06,6.669479e-07,1.8096141e-07,0.99999666,1.3381987e-09,2.2073573e-08,8.15486e-08,8.446998e-10,1.5987358e-09,0.99999666
pamap2,gnn_flatten_lstm,sequence,7,107,107,108,2825,25242,25242,6,6,7,7,nordic_walking,nordic_walking,True,1.6688018e-09,1.0753596e-08,1.7516126e-10,3.9000233e-06,8.046034e-07,1.9835703e-07,0.999995,2.1741338e-09,3.393932e-08,1.0225211e-07,9.037986e-10,2.5067313e-09,0.999995
pamap2,gnn_flatten_lstm,sequence,7,107,107,108,2826,25243,25243,6,6,7,7,nordic_walking,nordic_walking,True,1.3540237e-09,9.153404e-09,1.3944063e-10,2.7457245e-06,6.592095e-07,1.8802903e-07,0.9999962,1.6698417e-09,2.8020343e-08,1.0464213e-07,9.467693e-10,1.9192434e-09,0.9999962
pamap2,gnn_flatten_lstm,sequence,7,107,107,108,2827,25244,25244,6,6,7,7,nordic_walking,nordic_walking,True,1.3092597e-09,8.869094e-09,1.2299398e-10,2.6456291e-06,6.8516556e-07,1.9122554e-07,0.9999963,1.5722298e-09,2.5965198e-08,9.50206e-08,8.9072844e-10,1.8650013e-09,0.9999963
pamap2,gnn_flatten_lstm,sequence,7,107,107,108,2828,25245,25245,6,6,7,7,nordic_walking,nordic_walking,True,1.3204098e-09,9.084824e-09,1.2039167e-10,2.5039983e-06,7.218911e-07,2.0297855e-07,0.9999964,1.56419e-09,2.6217759e-08,9.396501e-08,9.379892e-10,1.8916126e-09,0.9999964
pamap2,gnn_flatten_lstm,sequence,7,107,107,108,2829,25246,25246,6,6,7,7,nordic_walking,nordic_walking,True,1.3876975e-09,9.525993e-09,1.2898221e-10,2.4316405e-06,6.751141e-07,2.031459e-07,0.99999654,1.6058564e-09,2.6149891e-08,1.031685e-07,9.036587e-10,1.866913e-09,0.99999654
pamap2,gnn_flatten_lstm,sequence,7,107,107,108,2830,25247,25247,6,6,7,7,nordic_walking,nordic_walking,True,2.4144586e-09,1.3900028e-08,2.5652688e-10,4.0225136e-06,8.6446124e-07,2.3264019e-07,0.99999464,2.7254294e-09,3.863996e-08,1.4973611e-07,1.2807448e-09,3.189974e-09,0.99999464
pamap2,gnn_flatten_lstm,sequence,7,107,107,108,2831,25248,25248,6,6,7,7,nordic_walking,nordic_walking,True,1.8700836e-09,1.1642599e-08,1.7138599e-10,2.9321823e-06,8.2397395e-07,2.3592168e-07,0.9999958,2.12055e-09,3.2011762e-08,1.2696277e-07,1.1730216e-09,2.5090772e-09,0.9999958
pamap2,gnn_flatten_lstm,sequence,7,107,107,108,2832,25249,25249,6,6,7,7,nordic_walking,nordic_walking,True,1.7154701e-09,1.12418395e-08,1.4649919e-10,2.643351e-06,8.8526565e-07,2.4693915e-07,0.99999607,1.9063788e-09,3.0572362e-08,1.0988153e-07,1.1207109e-09,2.4264513e-09,0.99999607
pamap2,gnn_flatten_lstm,sequence,7,107,107,108,2833,25250,25250,6,6,7,7,nordic_walking,nordic_walking,True,2.0514808e-09,1.42406416e-08,1.9899786e-10,2.7241583e-06,9.925684e-07,3.4276053e-07,0.9999957,2.3254305e-09,3.757388e-08,1.4538911e-07,1.765117e-09,2.9412068e-09,0.9999957
pamap2,gnn_flatten_lstm,sequence,7,107,107,108,2834,25251,25251,6,6,7,7,nordic_walking,nordic_walking,True,2.4219413e-09,1.7234262e-08,2.5567032e-10,2.8424877e-06,1.1430621e-06,4.6482054e-07,0.99999535,2.7612947e-09,4.4583917e-08,1.7565709e-07,2.5329496e-09,3.6947811e-09,0.99999535
pamap2,gnn_flatten_lstm,sequence,7,107,107,108,2835,25252,25252,6,6,7,7,nordic_walking,nordic_walking,True,3.3308705e-09,2.0102439e-08,3.1640143e-10,2.9905193e-06,1.1958319e-06,5.0842095e-07,0.999995,3.432706e-09,4.7779203e-08,2.4593913e-07,3.142251e-09,4.4274313e-09,0.999995
pamap2,gnn_flatten_lstm,sequence,7,107,107,108,2836,25253,25253,6,6,7,7,nordic_walking,nordic_walking,True,3.57263e-09,2.1152614e-08,3.1351013e-10,2.8650975e-06,1.2839012e-06,5.447886e-07,0.999995,3.5468701e-09,4.7440306e-08,2.5170826e-07,3.176957e-09,4.6107074e-09,0.999995
pamap2,gnn_flatten_lstm,sequence,7,107,107,108,2837,25254,25254,6,6,7,7,nordic_walking,nordic_walking,True,5.2185163e-09,3.0567755e-08,5.990705e-10,5.2695145e-06,1.6429116e-06,6.331754e-07,0.99999213,6.0663794e-09,7.851066e-08,2.960349e-07,3.5992256e-09,7.68533e-09,0.99999213
pamap2,gnn_flatten_lstm,sequence,7,107,107,108,2838,25255,25255,6,6,7,7,nordic_walking,nordic_walking,True,2.2157556e-09,1.4341599e-08,2.1110196e-10,3.144163e-06,1.0321772e-06,3.4373815e-07,0.99999523,2.5876215e-09,3.9686363e-08,1.4650169e-07,1.6486995e-09,3.3350607e-09,0.99999523
pamap2,gnn_flatten_lstm,sequence,7,107,107,108,2839,25256,25256,6,6,7,7,nordic_walking,nordic_walking,True,1.5605183e-09,1.0525662e-08,1.3440346e-10,2.5246525e-06,8.691911e-07,2.519939e-07,0.9999962,1.7824194e-09,2.901061e-08,1.01818806e-07,1.08359e-09,2.3166173e-09,0.9999962
pamap2,gnn_flatten_lstm,sequence,7,107,107,108,2840,25257,25257,6,6,7,7,nordic_walking,nordic_walking,True,2.4061815e-09,1.4961687e-08,2.7009173e-10,4.549667e-06,1.1383337e-06,3.052395e-07,0.9999938,3.29512e-09,5.0064955e-08,1.2957358e-07,1.3315394e-09,4.1050616e-09,0.9999938
pamap2,gnn_flatten_lstm,sequence,7,107,107,108,2841,25258,25258,6,6,7,7,nordic_walking,nordic_walking,True,1.481606e-09,1.0748176e-08,1.3720942e-10,2.534188e-06,9.724865e-07,2.730327e-07,0.9999962,1.8845394e-09,3.172893e-08,8.403759e-08,9.3031494e-10,2.4891866e-09,0.9999962
pamap2,gnn_flatten_lstm,sequence,7,107,107,108,2842,25259,25259,6,6,7,7,nordic_walking,nordic_walking,True,1.3077825e-09,8.9047765e-09,1.1535458e-10,2.3662521e-06,7.573505e-07,2.1756225e-07,0.99999654,1.580366e-09,2.5754199e-08,8.558958e-08,8.011609e-10,1.9863824e-09,0.99999654
pamap2,gnn_flatten_lstm,sequence,7,107,107,108,2843,25260,25260,6,6,7,7,nordic_walking,nordic_walking,True,1.2239735e-09,9.024777e-09,1.0258128e-10,2.0682644e-06,7.905096e-07,2.2187194e-07,0.9999968,1.4173367e-09,2.4567756e-08,7.629547e-08,7.4051637e-10,1.8729875e-09,0.9999968
pamap2,gnn_flatten_lstm,sequence,7,107,107,108,2844,25261,25261,6,6,7,7,nordic_walking,nordic_walking,True,1.186137e-09,9.354476e-09,9.874559e-11,2.0687578e-06,8.6026216e-07,2.3407075e-07,0.9999968,1.3757041e-09,2.567989e-08,6.996033e-08,7.492168e-10,1.9011077e-09,0.9999968
pamap2,gnn_flatten_lstm,sequence,7,107,107,108,2845,25262,25262,6,6,7,7,nordic_walking,nordic_walking,True,9.725927e-10,7.1313906e-09,8.285814e-11,2.0553562e-06,6.5421045e-07,1.7184341e-07,0.999997,1.1545814e-09,2.1407876e-08,6.6088845e-08,6.255251e-10,1.4960357e-09,0.999997
pamap2,gnn_flatten_lstm,sequence,7,107,107,108,2846,25263,25263,6,6,7,7,nordic_walking,nordic_walking,True,9.0419877e-10,6.7122903e-09,7.956953e-11,2.2059587e-06,6.161043e-07,1.4882534e-07,0.999997,1.1135696e-09,2.1327505e-08,6.4502274e-08,5.9225214e-10,1.3961673e-09,0.999997
pamap2,gnn_flatten_lstm,sequence,7,107,107,108,2847,25264,25264,6,6,7,7,nordic_walking,nordic_walking,True,2.280031e-09,1.4612536e-08,2.3829516e-10,4.583563e-06,1.0511795e-06,2.63835e-07,0.9999939,2.9300422e-09,4.3638707e-08,1.1902777e-07,1.1088948e-09,3.5526078e-09,0.9999939
pamap2,gnn_flatten_lstm,sequence,7,107,107,108,2848,25265,25265,6,6,7,7,nordic_walking,nordic_walking,True,1.1568465e-09,8.900088e-09,1.05850016e-10,2.6557427e-06,8.154641e-07,1.9580044e-07,0.9999962,1.5012224e-09,2.8209744e-08,6.919986e-08,6.8443695e-10,1.9250541e-09,0.9999962
pamap2,gnn_flatten_lstm,sequence,7,107,107,108,2849,25266,25266,6,6,7,7,nordic_walking,nordic_walking,True,1.1711264e-09,9.113913e-09,1.0615008e-10,2.4902834e-06,8.3211523e-07,2.1208932e-07,0.9999964,1.4650632e-09,2.8166795e-08,7.126467e-08,7.7005596e-10,1.944829e-09,0.9999964
pamap2,gnn_flatten_lstm,sequence,7,107,107,108,2850,25267,25267,6,6,7,7,nordic_walking,nordic_walking,True,1.2667123e-09,8.760569e-09,1.0194111e-10,2.4104656e-06,7.761716e-07,1.9020757e-07,0.9999964,1.4033374e-09,2.3370296e-08,7.743664e-08,7.482711e-10,1.8261718e-09,0.9999964
pamap2,gnn_flatten_lstm,sequence,7,107,107,108,2851,25268,25268,6,6,7,7,nordic_walking,nordic_walking,True,1.2271756e-09,8.606065e-09,9.565272e-11,2.490927e-06,7.969883e-07,1.8207203e-07,0.9999964,1.3593728e-09,2.2116255e-08,7.257176e-08,7.1958056e-10,1.7637082e-09,0.9999964
pamap2,gnn_flatten_lstm,sequence,7,107,107,108,2852,25269,25269,6,6,7,7,nordic_walking,nordic_walking,True,2.2253437e-09,1.4477777e-08,2.2495222e-10,5.463773e-06,1.0969918e-06,2.3806994e-07,0.99999297,2.9112772e-09,4.0487002e-08,1.11871174e-07,1.0965728e-09,3.421032e-09,0.99999297
pamap2,gnn_flatten_lstm,sequence,7,107,107,108,2853,25270,25270,6,6,7,7,nordic_walking,nordic_walking,True,1.0059755e-09,7.436798e-09,9.855247e-11,2.8639097e-06,6.593233e-07,1.5651581e-07,0.9999962,1.3991623e-09,2.4463608e-08,6.905061e-08,6.247817e-10,1.5943652e-09,0.9999962
pamap2,gnn_flatten_lstm,sequence,7,107,107,108,2854,25271,25271,6,6,7,7,nordic_walking,nordic_walking,True,1.0337443e-09,7.986058e-09,1.08346575e-10,2.5182258e-06,6.5319705e-07,1.7846705e-07,0.99999654,1.4163337e-09,2.6329364e-08,7.432933e-08,6.927812e-10,1.6623395e-09,0.99999654
pamap2,gnn_flatten_lstm,sequence,7,107,107,108,2855,25272,25272,6,6,7,7,nordic_walking,nordic_walking,True,1.1503452e-09,9.032405e-09,1.02921886e-10,2.188434e-06,8.547234e-07,2.2819974e-07,0.99999666,1.4180314e-09,2.6932831e-08,6.6441075e-08,7.508031e-10,1.964102e-09,0.99999666
pamap2,gnn_flatten_lstm,sequence,7,107,107,108,2856,25273,25273,6,6,7,7,nordic_walking,nordic_walking,True,1.302828e-09,1.0270254e-08,1.0563867e-10,2.1923045e-06,1.0791881e-06,2.8351442e-07,0.9999964,1.548593e-09,2.951258e-08,6.584761e-08,8.7864854e-10,2.3281483e-09,0.9999964
pamap2,gnn_flatten_lstm,sequence,7,107,107,108,2857,25274,25274,6,6,7,7,nordic_walking,nordic_walking,True,1.8159413e-09,1.33305695e-08,1.263904e-10,2.1851076e-06,1.5833872e-06,4.1980033e-07,0.9999956,1.9890836e-09,3.2988947e-08,7.4262935e-08,1.2477461e-09,3.1975977e-09,0.9999956
pamap2,gnn_flatten_lstm,sequence,7,107,107,108,2858,25275,25275,6,6,7,7,nordic_walking,nordic_walking,True,3.2114362e-09,2.1999117e-08,2.619902e-10,4.78502e-06,2.473576e-06,5.9272367e-07,0.999992,4.619937e-09,7.2475025e-08,1.0536008e-07,1.5879308e-09,7.0208874e-09,0.999992
pamap2,gnn_flatten_lstm,sequence,7,107,107,108,2859,25276,25276,6,6,7,7,nordic_walking,nordic_walking,True,2.9261669e-09,1.9129105e-08,1.915479e-10,3.3055821e-06,1.8046318e-06,4.901067e-07,0.99999416,3.4133316e-09,4.8101576e-08,1.2804621e-07,1.4360764e-09,4.378451e-09,0.99999416
pamap2,gnn_flatten_lstm,sequence,7,107,107,108,2860,25277,25277,6,6,7,7,nordic_walking,nordic_walking,True,3.2781218e-09,2.0883293e-08,2.3014052e-10,3.0920662e-06,1.5953628e-06,5.0345585e-07,0.9999945,3.4709093e-09,4.9397507e-08,1.7395352e-07,1.8463491e-09,4.3770503e-09,0.9999945
pamap2,gnn_flatten_lstm,sequence,7,107,107,108,2861,25278,25278,6,6,7,7,nordic_walking,nordic_walking,True,3.8995016e-09,2.3443556e-08,2.8499653e-10,3.1680256e-06,1.6126111e-06,5.4512554e-07,0.9999944,3.904086e-09,5.5692386e-08,2.2851216e-07,2.441186e-09,5.0634434e-09,0.9999944
pamap2,gnn_flatten_lstm,sequence,7,107,107,108,2862,25279,25279,6,6,7,7,nordic_walking,nordic_walking,True,4.211479e-09,2.248348e-08,2.8100436e-10,3.2309927e-06,1.5869089e-06,5.0082673e-07,0.9999943,3.7950425e-09,5.163146e-08,2.4510607e-07,2.575074e-09,5.22255e-09,0.9999943
pamap2,gnn_flatten_lstm,sequence,7,107,107,108,2863,25280,25280,6,6,7,7,nordic_walking,nordic_walking,True,4.3119135e-09,2.2299718e-08,3.364884e-10,4.8573374e-06,1.50529e-06,3.9595108e-07,0.99999297,4.3979145e-09,5.867388e-08,2.2944951e-07,2.0728046e-09,5.5882317e-09,0.99999297
pamap2,gnn_flatten_lstm,sequence,7,107,107,108,2864,25281,25281,6,6,7,7,nordic_walking,nordic_walking,True,2.4147913e-09,1.3599112e-08,1.8632773e-10,3.3735123e-06,1.024176e-06,2.8711085e-07,0.9999951,2.6491165e-09,4.0156543e-08,1.6887971e-07,1.5504057e-09,3.3027001e-09,0.9999951
pamap2,gnn_flatten_lstm,sequence,7,107,107,108,2865,25282,25282,6,6,7,7,nordic_walking,nordic_walking,True,2.0664195e-09,1.1689704e-08,1.677105e-10,2.9793825e-06,8.48457e-07,2.4556311e-07,0.9999957,2.2237883e-09,3.454457e-08,1.6123694e-07,1.4545456e-09,2.796132e-09,0.9999957
pamap2,gnn_flatten_lstm,sequence,7,107,107,108,2866,25283,25283,6,6,7,7,nordic_walking,nordic_walking,True,1.954697e-09,1.3299055e-08,1.6881772e-10,2.7065776e-06,1.0259508e-06,3.037863e-07,0.9999957,2.13558e-09,3.716901e-08,1.3793431e-07,1.5856032e-09,3.0154785e-09,0.9999957
pamap2,gnn_flatten_lstm,sequence,7,107,107,108,2867,25284,25284,6,6,7,7,nordic_walking,nordic_walking,True,1.4058796e-09,1.1436312e-08,1.2932481e-10,2.489511e-06,9.3411256e-07,2.6190503e-07,0.9999962,1.6992855e-09,3.3101532e-08,9.4308106e-08,1.0314751e-09,2.3680466e-09,0.9999962
pamap2,gnn_flatten_lstm,sequence,7,107,107,108,2868,25285,25285,6,6,7,7,nordic_walking,nordic_walking,True,1.7230121e-09,1.34113165e-08,1.5428897e-10,2.5107329e-06,1.0804811e-06,3.16618e-07,0.99999595,1.860524e-09,3.1063642e-08,9.790865e-08,1.2002094e-09,2.730303e-09,0.99999595
pamap2,gnn_flatten_lstm,sequence,7,107,107,108,2869,25286,25286,6,6,7,7,nordic_walking,nordic_walking,True,2.0169522e-09,1.7498543e-08,1.8634297e-10,2.8859358e-06,1.5821815e-06,4.3807563e-07,0.9999949,2.2701394e-09,3.9902435e-08,9.0381675e-08,1.4239264e-09,3.6729833e-09,0.9999949
pamap2,gnn_flatten_lstm,sequence,7,107,107,108,2870,25287,25287,6,6,7,7,nordic_walking,nordic_walking,True,2.7936262e-09,2.2997119e-08,2.9543162e-10,5.2866167e-06,2.1432525e-06,5.1779136e-07,0.9999918,4.1525863e-09,7.101495e-08,1.05238136e-07,1.5608418e-09,6.1919048e-09,0.9999918
pamap2,gnn_flatten_lstm,sequence,7,107,107,108,2871,25288,25288,6,6,7,7,nordic_walking,nordic_walking,True,1.997962e-09,1.8918787e-08,1.9358254e-10,3.6812112e-06,2.124145e-06,5.336142e-07,0.99999356,2.874191e-09,5.7861623e-08,8.156327e-08,1.4896383e-09,4.720293e-09,0.99999356
pamap2,gnn_flatten_lstm,sequence,7,107,107,108,2872,25289,25289,6,6,7,7,nordic_walking,nordic_walking,True,2.0610496e-09,1.8717571e-08,1.7973803e-10,3.4602488e-06,2.2931304e-06,5.5956525e-07,0.99999344,2.8038214e-09,5.5604655e-08,8.180069e-08,1.5746924e-09,4.841872e-09,0.99999344
pamap2,gnn_flatten_lstm,sequence,7,107,107,108,2873,25290,25290,6,6,7,7,nordic_walking,nordic_walking,True,2.1397528e-09,1.5482458e-08,1.8019687e-10,3.182386e-06,1.544397e-06,4.0499722e-07,0.99999475,2.5767357e-09,4.4318686e-08,1.0629716e-07,1.5550609e-09,3.85466e-09,0.99999475
pamap2,gnn_flatten_lstm,sequence,7,107,107,108,2874,25291,25291,6,6,7,7,nordic_walking,nordic_walking,True,2.0089013e-09,1.4266678e-08,1.6280922e-10,3.0205638e-06,1.4587616e-06,3.6959256e-07,0.999995,2.3381754e-09,4.107465e-08,9.9311826e-08,1.4360857e-09,3.603928e-09,0.999995
pamap2,gnn_flatten_lstm,sequence,7,107,107,108,2875,25292,25292,6,6,7,7,nordic_walking,nordic_walking,True,3.6651948e-09,2.6962086e-08,3.9760942e-10,5.486441e-06,2.425363e-06,6.230207e-07,0.9999912,4.948011e-09,9.63647e-08,1.5547825e-07,2.6081346e-09,8.268266e-09,0.9999912
pamap2,gnn_flatten_lstm,sequence,7,107,107,108,2876,25293,25293,6,6,7,7,nordic_walking,nordic_walking,True,1.9460673e-09,1.5560248e-08,1.7294549e-10,3.626063e-06,1.7078252e-06,3.9968808e-07,0.99999404,2.5819045e-09,5.814476e-08,9.336399e-08,1.4351617e-09,4.3537267e-09,0.99999404
pamap2,gnn_flatten_lstm,sequence,7,107,107,108,2877,25294,25294,6,6,7,7,nordic_walking,nordic_walking,True,1.5224727e-09,1.2379724e-08,1.3047802e-10,3.0840577e-06,1.3724817e-06,3.0919426e-07,0.9999951,1.9574906e-09,4.491353e-08,7.873284e-08,1.1169115e-09,3.215547e-09,0.9999951
pamap2,gnn_flatten_lstm,sequence,7,107,107,108,2878,25295,25295,6,6,7,7,nordic_walking,nordic_walking,True,1.5642623e-09,1.39656455e-08,1.3704475e-10,3.0808326e-06,1.4980709e-06,3.247384e-07,0.999995,1.9815736e-09,4.704276e-08,7.637003e-08,1.0799366e-09,3.3233696e-09,0.999995
pamap2,gnn_flatten_lstm,sequence,7,107,107,108,2879,25296,25296,6,6,7,7,nordic_walking,nordic_walking,True,1.5829642e-09,1.3402763e-08,1.3716664e-10,3.043962e-06,1.4094484e-06,3.117483e-07,0.9999951,1.9367268e-09,4.3203965e-08,7.888978e-08,1.1059432e-09,3.1792062e-09,0.9999951
pamap2,gnn_flatten_lstm,sequence,7,107,107,108,2880,25297,25297,6,6,7,7,nordic_walking,nordic_walking,True,2.8737632e-09,1.9054589e-08,2.6658167e-10,4.510705e-06,1.5091156e-06,3.5208072e-07,0.99999344,3.280664e-09,5.1712135e-08,1.2823874e-07,1.5023067e-09,4.5958006e-09,0.99999344
pamap2,gnn_flatten_lstm,sequence,7,107,107,108,2881,25298,25298,6,6,7,7,nordic_walking,nordic_walking,True,1.4764708e-09,1.1641464e-08,1.1841163e-10,2.8811062e-06,1.2091479e-06,2.6381178e-07,0.9999956,1.7624792e-09,3.294939e-08,6.9500075e-08,8.4243346e-10,2.6102362e-09,0.9999956
pamap2,gnn_flatten_lstm,sequence,7,107,107,108,2882,25299,25299,6,6,7,7,nordic_walking,nordic_walking,True,1.2317432e-09,1.0651095e-08,1.1054881e-10,2.5127288e-06,1.06697e-06,2.5765428e-07,0.99999607,1.5239122e-09,3.2100914e-08,6.4190345e-08,8.245844e-10,2.2900337e-09,0.99999607
pamap2,gnn_flatten_lstm,sequence,7,107,107,108,2883,25300,25300,6,6,7,7,nordic_walking,nordic_walking,True,1.6496844e-09,1.2536843e-08,1.9889042e-10,4.9909104e-06,1.0480301e-06,2.3949815e-07,0.99999356,2.6139726e-09,4.882876e-08,8.9428305e-08,9.217251e-10,3.2385927e-09,0.99999356
pamap2,gnn_flatten_lstm,sequence,7,107,107,108,2884,25301,25301,6,6,7,7,nordic_walking,nordic_walking,True,1.0177306e-09,8.730039e-09,1.06391236e-10,2.9722064e-06,8.5694444e-07,2.0146878e-07,0.99999595,1.5397214e-09,3.2519292e-08,6.320396e-08,7.043364e-10,1.9717654e-09,0.99999595
pamap2,gnn_flatten_lstm,sequence,7,107,107,108,2885,25302,25302,6,6,7,7,nordic_walking,nordic_walking,True,1.2743772e-09,9.559279e-09,1.221656e-10,2.6086966e-06,8.4964364e-07,2.2183562e-07,0.9999962,1.6094986e-09,2.9564237e-08,7.9355274e-08,8.954895e-10,2.1084394e-09,0.9999962
pamap2,gnn_flatten_lstm,sequence,7,107,107,108,2886,25303,25303,6,6,7,7,nordic_walking,nordic_walking,True,1.2763356e-09,9.554814e-09,1.1900811e-10,2.5014535e-06,8.6271837e-07,2.2909848e-07,0.9999963,1.578528e-09,2.8807095e-08,7.7727854e-08,8.9740976e-10,2.092638e-09,0.9999963
pamap2,gnn_flatten_lstm,sequence,7,107,107,108,2887,25304,25304,6,6,7,7,nordic_walking,nordic_walking,True,1.234931e-09,8.903978e-09,1.1615912e-10,2.4716933e-06,7.872622e-07,2.1609611e-07,0.9999964,1.5190057e-09,2.6888324e-08,7.9026016e-08,8.8189067e-10,1.9622557e-09,0.9999964
pamap2,gnn_flatten_lstm,sequence,7,107,107,108,2888,25305,25305,6,6,7,7,nordic_walking,nordic_walking,True,1.7197718e-09,1.1157016e-08,2.0072977e-10,4.61456e-06,8.3417603e-07,1.9939644e-07,0.9999943,2.4395752e-09,4.0263036e-08,1.0096674e-07,8.813978e-10,2.825992e-09,0.9999943
pamap2,gnn_flatten_lstm,sequence,7,107,107,108,2889,25306,25306,6,6,7,7,nordic_walking,nordic_walking,True,1.127684e-09,8.273891e-09,1.1098297e-10,3.003596e-06,7.129392e-07,1.6493883e-07,0.99999607,1.5096095e-09,2.570016e-08,6.9677434e-08,5.9695143e-10,1.7803025e-09,0.99999607
pamap2,gnn_flatten_lstm,sequence,7,107,107,108,2890,25307,25307,6,6,7,7,nordic_walking,nordic_walking,True,1.3344944e-09,8.840601e-09,1.1072229e-10,2.7703275e-06,7.608918e-07,1.5970117e-07,0.9999962,1.4578014e-09,2.184342e-08,7.191475e-08,5.9246524e-10,1.8216384e-09,0.9999962
pamap2,gnn_flatten_lstm,sequence,7,107,107,108,2891,25308,25308,6,6,7,7,nordic_walking,nordic_walking,True,9.113756e-10,6.347437e-09,8.12349e-11,2.3110374e-06,5.5597724e-07,1.2690128e-07,0.9999969,1.1054918e-09,1.9217218e-08,6.223221e-08,4.7695387e-10,1.3035769e-09,0.9999969
pamap2,gnn_flatten_lstm,sequence,7,107,107,108,2892,25309,25309,6,6,7,7,nordic_walking,nordic_walking,True,9.301736e-10,7.03819e-09,8.2797456e-11,2.2379077e-06,6.459807e-07,1.5314676e-07,0.9999968,1.152491e-09,2.1625668e-08,6.150823e-08,5.674282e-10,1.4390249e-09,0.9999968
pamap2,gnn_flatten_lstm,sequence,7,107,107,108,2893,25310,25310,6,6,7,7,nordic_walking,nordic_walking,True,1.5125561e-09,9.595052e-09,1.5231397e-10,4.0887053e-06,7.6389944e-07,1.5900706e-07,0.9999949,1.9735127e-09,3.1531734e-08,8.857759e-08,7.1221007e-10,2.2806768e-09,0.9999949
pamap2,gnn_flatten_lstm,sequence,7,107,107,108,2894,25311,25311,6,6,7,7,nordic_walking,nordic_walking,True,1.0882587e-09,8.507018e-09,1.0897039e-10,2.6272476e-06,7.12162e-07,1.6957972e-07,0.9999964,1.3980397e-09,2.604183e-08,6.78358e-08,6.156589e-10,1.7365366e-09,0.9999964
pamap2,gnn_flatten_lstm,sequence,7,107,107,108,2895,25312,25312,6,6,7,7,nordic_walking,nordic_walking,True,9.536533e-10,7.960131e-09,9.068405e-11,2.3427408e-06,7.1747877e-07,1.6762041e-07,0.99999666,1.2017496e-09,2.3789093e-08,5.509966e-08,5.02015e-10,1.5949652e-09,0.99999666
pamap2,gnn_flatten_lstm,sequence,7,107,107,108,2896,25313,25313,6,6,7,7,nordic_walking,nordic_walking,True,1.3665424e-09,1.1416067e-08,1.6805225e-10,4.3101704e-06,8.888442e-07,1.9521072e-07,0.9999944,2.106032e-09,4.0980794e-08,7.3393736e-08,6.240541e-10,2.56783e-09,0.9999944
pamap2,gnn_flatten_lstm,sequence,7,107,107,108,2897,25314,25314,6,6,7,7,nordic_walking,nordic_walking,True,8.6531515e-10,7.105616e-09,9.6808304e-11,2.7167866e-06,5.722066e-07,1.400152e-07,0.9999964,1.267285e-09,2.5869992e-08,6.19801e-08,4.6662807e-10,1.446755e-09,0.9999964
pamap2,gnn_flatten_lstm,sequence,7,107,107,108,2898,25315,25315,6,6,7,7,nordic_walking,nordic_walking,True,9.835764e-10,8.141629e-09,1.00679715e-10,2.3892571e-06,7.0972e-07,1.8282722e-07,0.99999666,1.310857e-09,2.722527e-08,6.4518e-08,6.352119e-10,1.7135842e-09,0.99999666
pamap2,gnn_flatten_lstm,sequence,7,107,107,108,2899,25316,25316,6,6,7,7,nordic_walking,nordic_walking,True,9.983532e-10,8.602606e-09,1.0448408e-10,2.1541791e-06,7.9046214e-07,2.1510719e-07,0.9999968,1.322709e-09,2.8260871e-08,6.0603746e-08,6.9741773e-10,1.8459235e-09,0.9999968
pamap2,gnn_flatten_lstm,sequence,7,107,107,108,2900,25317,25317,6,6,7,7,nordic_walking,nordic_walking,True,1.22927e-09,1.0171864e-08,1.01226166e-10,1.9862227e-06,1.0978237e-06,2.8478374e-07,0.99999654,1.4670739e-09,2.7488717e-08,5.7259836e-08,7.680992e-10,2.1706277e-09,0.99999654
pamap2,gnn_flatten_lstm,sequence,7,107,107,108,2901,25318,25318,6,6,7,7,nordic_walking,nordic_walking,True,2.0229907e-09,1.620758e-08,1.8605222e-10,4.088532e-06,1.8244098e-06,4.0123348e-07,0.99999356,3.03644e-09,5.527296e-08,6.848485e-08,8.997571e-10,4.655646e-09,0.99999356
pamap2,gnn_flatten_lstm,sequence,7,107,107,108,2902,25319,25319,6,6,7,7,nordic_walking,nordic_walking,True,1.5009177e-09,1.1971251e-08,1.345788e-10,2.9220616e-06,1.2486488e-06,3.2980932e-07,0.99999535,2.0365716e-09,3.9091734e-08,7.067874e-08,9.1498475e-10,2.9175211e-09,0.99999535
pamap2,gnn_flatten_lstm,sequence,7,107,107,108,2903,25320,25320,6,6,7,7,nordic_walking,nordic_walking,True,1.5517497e-09,1.1127767e-08,1.2241816e-10,2.6620835e-06,1.1889281e-06,3.001526e-07,0.9999957,1.8376521e-09,3.2491133e-08,7.6154365e-08,1.0171035e-09,2.6892704e-09,0.9999957
pamap2,gnn_flatten_lstm,sequence,7,107,107,108,2904,25321,25321,6,6,7,7,nordic_walking,nordic_walking,True,1.2048317e-09,8.7422745e-09,9.297258e-11,2.3644e-06,9.1921777e-07,2.2298616e-07,0.9999964,1.4205026e-09,2.567807e-08,6.5886425e-08,7.523296e-10,1.9785475e-09,0.9999964
pamap2,gnn_flatten_lstm,sequence,7,107,107,108,2905,25322,25322,6,6,7,7,nordic_walking,nordic_walking,True,1.0261734e-09,7.834465e-09,8.494075e-11,2.1710807e-06,7.7004785e-07,1.9547872e-07,0.9999968,1.2304338e-09,2.304338e-08,6.194762e-08,6.5944594e-10,1.655316e-09,0.9999968
pamap2,gnn_flatten_lstm,sequence,7,107,107,108,2906,25323,25323,6,6,7,7,nordic_walking,nordic_walking,True,2.6243332e-09,1.6051601e-08,2.56372e-10,4.789857e-06,1.3584312e-06,3.213932e-07,0.9999933,3.3602243e-09,4.897808e-08,1.16118834e-07,1.3207331e-09,4.3887236e-09,0.9999933
pamap2,gnn_flatten_lstm,sequence,7,107,107,108,2907,25324,25324,6,6,7,7,nordic_walking,nordic_walking,True,2.100316e-09,1.498263e-08,1.749328e-10,3.2489454e-06,1.5905304e-06,4.0881244e-07,0.9999945,2.548557e-09,4.241956e-08,9.350339e-08,1.4223462e-09,3.8673407e-09,0.9999945
pamap2,gnn_flatten_lstm,sequence,7,107,107,108,2908,25325,25325,6,6,7,7,nordic_walking,nordic_walking,True,2.1707265e-09,1.6284472e-08,1.7763707e-10,3.1138484e-06,1.8111684e-06,4.8834414e-07,0.9999944,2.5717952e-09,4.7976425e-08,9.484442e-08,1.6396788e-09,4.368701e-09,0.9999944
pamap2,gnn_flatten_lstm,sequence,7,107,107,108,2909,25326,25326,6,6,7,7,nordic_walking,nordic_walking,True,1.7606512e-09,1.2319663e-08,1.4074769e-10,2.8441527e-06,1.200491e-06,3.3034985e-07,0.99999547,1.991251e-09,3.494456e-08,9.5489995e-08,1.2796667e-09,2.996563e-09,0.99999547
pamap2,gnn_flatten_lstm,sequence,7,107,107,108,2910,25327,25327,6,6,7,7,nordic_walking,nordic_walking,True,1.4754382e-09,1.115112e-08,1.3655095e-10,2.7563226e-06,8.895139e-07,2.5282478e-07,0.99999595,1.7420061e-09,3.179423e-08,9.522032e-08,1.0392237e-09,2.3144837e-09,0.99999595
pamap2,gnn_flatten_lstm,sequence,7,107,107,108,2911,25328,25328,6,6,7,7,nordic_walking,nordic_walking,True,2.6507687e-09,1.6604364e-08,3.1201874e-10,5.215981e-06,1.1086397e-06,2.9758493e-07,0.9999931,3.4927403e-09,5.1923124e-08,1.4482455e-07,1.4483489e-09,4.179465e-09,0.9999931
pamap2,gnn_flatten_lstm,sequence,7,107,107,108,2912,25329,25329,6,6,7,7,nordic_walking,nordic_walking,True,1.6876558e-09,1.1818857e-08,1.7642907e-10,3.5004496e-06,9.487503e-07,2.4390496e-07,0.99999523,2.1345121e-09,3.445966e-08,9.389825e-08,9.752528e-10,2.7498106e-09,0.99999523
pamap2,gnn_flatten_lstm,sequence,7,107,107,108,2913,25330,25330,6,6,7,7,nordic_walking,nordic_walking,True,1.9540884e-09,1.3491893e-08,1.7237593e-10,3.3761773e-06,1.1075133e-06,2.5969686e-07,0.9999951,2.148399e-09,3.135021e-08,9.5674636e-08,1.023158e-09,2.857235e-09,0.9999951
pamap2,gnn_flatten_lstm,sequence,7,107,107,108,2914,25331,25331,6,6,7,7,nordic_walking,nordic_walking,True,1.7007271e-09,1.2170585e-08,1.4454127e-10,3.1642517e-06,1.0142707e-06,2.3585254e-07,0.99999547,1.8563723e-09,2.7676027e-08,9.0541846e-08,9.606992e-10,2.4364626e-09,0.99999547
pamap2,gnn_flatten_lstm,sequence,7,107,107,108,2915,25332,25332,6,6,7,7,nordic_walking,nordic_walking,True,1.5649404e-09,1.23425945e-08,1.3169092e-10,3.0602569e-06,1.089277e-06,2.4922468e-07,0.99999547,1.7612288e-09,2.7474009e-08,8.11341e-08,9.492241e-10,2.3815976e-09,0.99999547
pamap2,gnn_flatten_lstm,sequence,7,107,107,108,2916,25333,25333,6,6,7,7,nordic_walking,nordic_walking,True,1.4816509e-09,1.2268292e-08,1.1820724e-10,2.5514682e-06,1.1273145e-06,2.738591e-07,0.99999595,1.6168242e-09,2.7043589e-08,7.601246e-08,9.757949e-10,2.2614164e-09,0.99999595
pamap2,gnn_flatten_lstm,sequence,7,107,107,108,2917,25334,25334,6,6,7,7,nordic_walking,nordic_walking,True,1.478873e-09,1.1786675e-08,1.1635287e-10,2.2927034e-06,1.1373727e-06,3.0121055e-07,0.99999607,1.6183148e-09,2.9425504e-08,8.033266e-08,1.1081065e-09,2.3690223e-09,0.99999607
pamap2,gnn_flatten_lstm,sequence,7,107,107,108,2918,25335,25335,6,6,7,7,nordic_walking,nordic_walking,True,1.5607736e-09,1.30227376e-08,1.2308027e-10,2.3896466e-06,1.3432024e-06,3.621236e-07,0.9999957,1.7390314e-09,3.3911327e-08,7.843521e-08,1.2108805e-09,2.792199e-09,0.9999957
pamap2,gnn_flatten_lstm,sequence,7,107,107,108,2919,25336,25336,6,6,7,7,nordic_walking,nordic_walking,True,1.2953175e-09,1.078979e-08,9.473072e-11,2.3106943e-06,1.1897248e-06,2.863993e-07,0.9999962,1.4840836e-09,2.823413e-08,6.409151e-08,8.9357693e-10,2.2418762e-09,0.9999962
pamap2,gnn_flatten_lstm,sequence,7,107,107,108,2920,25337,25337,6,6,7,7,nordic_walking,nordic_walking,True,1.238405e-09,1.0729739e-08,8.539161e-11,2.429794e-06,1.3054349e-06,2.6772136e-07,0.99999595,1.4190098e-09,2.7006632e-08,5.419698e-08,7.888825e-10,2.1968833e-09,0.99999595
pamap2,gnn_flatten_lstm,sequence,7,107,107,108,2921,25338,25338,6,6,7,7,nordic_walking,nordic_walking,True,1.2438639e-09,1.0612301e-08,7.6511554e-11,2.316404e-06,1.3791877e-06,2.626714e-07,0.99999595,1.3548787e-09,2.4411865e-08,5.0732467e-08,7.344896e-10,2.1324706e-09,0.99999595
pamap2,gnn_flatten_lstm,sequence,7,107,107,108,2922,25339,25339,6,6,7,7,nordic_walking,nordic_walking,True,1.7287057e-09,1.3828136e-08,9.469703e-11,2.086736e-06,2.0666978e-06,4.1953368e-07,0.99999523,1.8126947e-09,2.9018606e-08,5.8708153e-08,1.1039075e-09,3.0602545e-09,0.99999523
pamap2,gnn_flatten_lstm,sequence,7,107,107,108,2923,25340,25340,6,6,7,7,nordic_walking,nordic_walking,True,3.1476164e-09,2.4345601e-08,1.3447829e-10,2.4401481e-06,4.614783e-06,8.2902e-07,0.999992,3.0974756e-09,4.3157623e-08,6.528942e-08,1.5354805e-09,6.4780803e-09,0.999992
pamap2,gnn_flatten_lstm,sequence,7,107,107,108,2924,25341,25341,6,6,7,7,nordic_walking,nordic_walking,True,2.6374247e-09,1.8001263e-08,1.1733738e-10,2.668477e-06,3.4267912e-06,5.646395e-07,0.9999932,2.5521532e-09,3.662744e-08,6.1092365e-08,1.2325293e-09,5.3051012e-09,0.9999932
pamap2,gnn_flatten_lstm,sequence,7,107,107,108,2925,25342,25342,6,6,7,7,nordic_walking,nordic_walking,True,2.60559e-09,1.7102657e-08,1.1982501e-10,2.4379563e-06,3.3229865e-06,5.714099e-07,0.99999356,2.4134845e-09,3.744002e-08,6.214553e-08,1.3141449e-09,5.4727325e-09,0.99999356
pamap2,gnn_flatten_lstm,sequence,7,107,107,108,2926,25343,25343,6,6,7,7,nordic_walking,nordic_walking,True,3.8040735e-09,2.5236615e-08,1.4976445e-10,2.6285836e-06,5.6050785e-06,8.731361e-07,0.9999908,3.4057897e-09,4.7553712e-08,6.913814e-08,1.7170062e-09,8.466116e-09,0.9999908
pamap2,gnn_flatten_lstm,sequence,7,107,107,108,2927,25344,25344,6,6,7,7,nordic_walking,nordic_walking,True,4.5778483e-09,2.8706635e-08,1.6780001e-10,2.8308789e-06,6.4775863e-06,9.610432e-07,0.9999895,3.7989203e-09,5.152241e-08,7.382412e-08,1.8872677e-09,9.890744e-09,0.9999895
pamap2,gnn_flatten_lstm,sequence,7,107,107,108,2928,25345,25345,6,6,7,7,nordic_walking,nordic_walking,True,4.4120756e-09,2.5914618e-08,1.6660609e-10,3.2523067e-06,5.825065e-06,7.7119796e-07,0.99999,3.4841263e-09,5.120658e-08,7.3778125e-08,1.8109192e-09,9.533656e-09,0.99999
pamap2,gnn_flatten_lstm,sequence,7,107,107,108,2929,25346,25346,6,6,7,7,nordic_walking,nordic_walking,True,8.801879e-09,5.2996846e-08,2.5531896e-10,3.688499e-06,1.6011798e-05,1.8613491e-06,0.9999782,6.8096906e-09,9.3984085e-08,9.4273325e-08,2.9094136e-09,2.4242443e-08,0.9999782
pamap2,gnn_flatten_lstm,sequence,7,107,107,108,2930,25347,25347,6,6,7,7,nordic_walking,nordic_walking,True,1.5875319e-08,9.090319e-08,3.1362404e-10,4.626081e-06,4.6180343e-05,4.385114e-06,0.9999443,1.3981329e-08,1.853288e-07,1.1800151e-07,4.2794803e-09,6.601293e-08,0.9999443
pamap2,gnn_flatten_lstm,sequence,7,107,107,108,2931,25348,25348,6,6,7,7,nordic_walking,nordic_walking,True,7.710146e-09,4.494615e-08,1.852288e-10,4.187058e-06,1.8547922e-05,1.568858e-06,0.99997544,5.9136607e-09,9.107592e-08,7.257868e-08,2.2683813e-09,2.4660942e-08,0.99997544
pamap2,gnn_flatten_lstm,sequence,7,107,107,108,2932,25349,25349,6,6,7,7,nordic_walking,nordic_walking,True,4.4210364e-09,2.7783335e-08,1.4009228e-10,4.0368463e-06,9.407788e-06,7.3261674e-07,0.9999857,3.4400933e-09,6.344294e-08,5.6881277e-08,1.6430833e-09,1.2994073e-08,0.9999857
pamap2,gnn_flatten_lstm,sequence,7,107,107,108,2933,25350,25350,6,6,7,7,nordic_walking,nordic_walking,True,3.2028247e-09,2.0453642e-08,1.2407358e-10,2.6974462e-06,4.210269e-06,5.4354274e-07,0.9999924,2.5203544e-09,3.6550993e-08,6.138876e-08,1.3141583e-09,6.071324e-09,0.9999924
pamap2,gnn_flatten_lstm,sequence,7,107,107,108,2934,25351,25351,6,6,7,7,nordic_walking,nordic_walking,True,4.270525e-09,2.7373943e-08,1.8072534e-10,3.4883794e-06,5.8871206e-06,7.822024e-07,0.9999896,3.582806e-09,5.597582e-08,7.464621e-08,1.8522975e-09,9.83375e-09,0.9999896
pamap2,gnn_flatten_lstm,sequence,7,107,107,108,2935,25352,25352,6,6,7,7,nordic_walking,nordic_walking,True,3.7407513e-09,2.4639375e-08,1.5771859e-10,3.860889e-06,5.9876284e-06,6.2700843e-07,0.9999894,3.1227616e-09,5.409583e-08,6.010564e-08,1.5303014e-09,9.603934e-09,0.9999894
pamap2,gnn_flatten_lstm,sequence,7,107,107,108,2936,25353,25353,6,6,7,7,nordic_walking,nordic_walking,True,4.175226e-09,2.7524818e-08,1.6050936e-10,3.4604984e-06,6.482163e-06,7.022026e-07,0.99998915,3.4250731e-09,4.7952664e-08,6.240229e-08,1.5927126e-09,9.335298e-09,0.99998915
pamap2,gnn_flatten_lstm,sequence,7,107,107,108,2937,25354,25354,6,6,7,7,nordic_walking,nordic_walking,True,5.2253437e-09,3.354577e-08,1.9760359e-10,3.7170048e-06,7.838117e-06,9.710805e-07,0.99998736,4.4409725e-09,5.820152e-08,7.988701e-08,2.194829e-09,1.17606795e-08,0.99998736
pamap2,gnn_flatten_lstm,sequence,7,107,107,108,2938,25355,25355,6,6,7,7,nordic_walking,nordic_walking,True,7.247058e-09,4.701348e-08,1.9346086e-10,3.957226e-06,1.9074048e-05,1.6221029e-06,0.9999751,6.256489e-09,9.1649554e-08,7.0477796e-08,2.507303e-09,2.4282489e-08,0.9999751
pamap2,gnn_flatten_lstm,sequence,7,107,107,108,2939,25356,25356,6,6,7,7,nordic_walking,nordic_walking,True,6.733944e-09,4.2881695e-08,1.8609742e-10,3.4141026e-06,1.394306e-05,1.4573909e-06,0.9999809,5.565582e-09,7.016007e-08,7.38211e-08,2.2924465e-09,1.8079565e-08,0.9999809
pamap2,gnn_flatten_lstm,sequence,7,107,107,108,2940,25357,25357,6,6,7,7,nordic_walking,nordic_walking,True,7.484766e-09,4.9115908e-08,2.0627801e-10,3.4093314e-06,1.4127431e-05,1.7162646e-06,0.99998057,6.2121344e-09,7.10422e-08,8.50207e-08,2.4949562e-09,1.8338401e-08,0.99998057
pamap2,gnn_flatten_lstm,sequence,7,107,107,108,2941,25358,25358,6,6,7,7,nordic_walking,nordic_walking,True,1.2185245e-08,7.6132736e-08,2.651356e-10,4.0734094e-06,2.9321642e-05,2.8226154e-06,0.9999634,9.631291e-09,1.13508214e-07,9.6616e-08,3.2267249e-09,3.629235e-08,0.9999634
pamap2,gnn_flatten_lstm,sequence,7,107,107,108,2942,25359,25359,6,6,7,7,nordic_walking,nordic_walking,True,2.1803869e-08,1.3504024e-07,3.5534195e-10,5.213375e-06,9.068495e-05,6.6698854e-06,0.99989676,2.0363563e-08,2.4725182e-07,1.081982e-07,4.6525765e-09,1.05306846e-07,0.99989676
pamap2,gnn_flatten_lstm,sequence,7,107,107,108,2943,25360,25360,6,6,7,7,nordic_walking,nordic_walking,True,2.3865837e-08,1.3888841e-07,3.5864434e-10,5.0615176e-06,9.241871e-05,7.1025875e-06,0.99989474,2.156189e-08,2.4050783e-07,1.18747835e-07,4.5849458e-09,1.06739776e-07,0.99989474
pamap2,gnn_flatten_lstm,sequence,7,107,107,108,2944,25361,25361,6,6,7,7,nordic_walking,nordic_walking,True,2.5129617e-08,1.3890957e-07,3.8908857e-10,5.1954903e-06,9.435452e-05,7.282364e-06,0.9998925,2.246863e-08,2.5385583e-07,1.2200644e-07,4.9165356e-09,1.1694725e-07,0.9998925
pamap2,gnn_flatten_lstm,sequence,7,107,107,108,2945,25362,25362,6,6,7,7,nordic_walking,nordic_walking,True,2.2238982e-08,1.15289694e-07,4.5738038e-10,6.503459e-06,6.5575085e-05,4.7477834e-06,0.99992263,1.8934628e-08,2.3797602e-07,1.1374068e-07,4.631156e-09,1.0146838e-07,0.99992263
pamap2,gnn_flatten_lstm,sequence,7,107,107,108,2946,25363,25363,6,6,7,7,nordic_walking,nordic_walking,True,8.114278e-09,4.421127e-08,2.705822e-10,4.832569e-06,1.45485865e-05,1.2979682e-06,0.999979,5.9426277e-09,9.3759276e-08,7.5596944e-08,2.4728088e-09,2.4734328e-08,0.999979
pamap2,gnn_flatten_lstm,sequence,7,107,107,108,2947,25364,25364,6,6,7,7,nordic_walking,nordic_walking,True,1.0672928e-08,5.4500987e-08,3.5813694e-10,5.2254977e-06,1.4907282e-05,1.3519758e-06,0.9999782,7.0165327e-09,9.1854766e-08,9.734122e-08,3.028602e-09,2.7159933e-08,0.9999782
pamap2,gnn_flatten_lstm,sequence,7,107,107,108,2948,25365,25365,6,6,7,7,nordic_walking,nordic_walking,True,1.148441e-08,6.2577506e-08,3.284042e-10,5.1360453e-06,1.9031999e-05,1.5215604e-06,0.999974,7.1647515e-09,9.29233e-08,9.335695e-08,3.213168e-09,2.8896592e-08,0.999974
pamap2,gnn_flatten_lstm,sequence,7,107,107,108,2949,25366,25366,6,6,7,7,nordic_walking,nordic_walking,True,1.1307841e-08,6.0641284e-08,3.5960346e-10,4.556617e-06,1.8149958e-05,1.6596632e-06,0.9999753,7.764558e-09,1.03772976e-07,1.0520189e-07,3.8040002e-09,3.0260257e-08,0.9999753
pamap2,gnn_flatten_lstm,sequence,7,107,107,108,2950,25367,25367,6,6,7,7,nordic_walking,nordic_walking,True,1.3246394e-08,7.126529e-08,3.3407452e-10,4.3114414e-06,2.4311663e-05,2.2309603e-06,0.99996877,9.111975e-09,1.1170471e-07,1.03615655e-07,3.5095635e-09,3.6514873e-08,0.99996877
pamap2,gnn_flatten_lstm,sequence,7,107,107,108,2951,25368,25368,6,6,7,7,nordic_walking,nordic_walking,True,8.097394e-09,4.4118593e-08,2.2584756e-10,4.372866e-06,1.5253008e-05,1.2770834e-06,0.9999788,5.6051253e-09,7.972421e-08,7.2954634e-08,2.3467337e-09,2.2472456e-08,0.9999788
pamap2,gnn_flatten_lstm,sequence,7,107,107,108,2952,25369,25369,6,6,7,7,nordic_walking,nordic_walking,True,4.517201e-09,2.6655085e-08,1.5906688e-10,3.632882e-06,6.380164e-06,6.0098336e-07,0.9999893,3.130323e-09,4.300475e-08,6.118098e-08,1.4604993e-09,9.381046e-09,0.9999893
pamap2,gnn_flatten_lstm,sequence,7,107,107,108,2953,25370,25370,6,6,7,7,nordic_walking,nordic_walking,True,2.8642129e-09,1.7265837e-08,1.0998818e-10,3.1404663e-06,3.5562532e-06,3.7265144e-07,0.99999285,2.0986626e-09,2.9201818e-08,5.4911443e-08,1.0645956e-09,5.080084e-09,0.99999285
pamap2,gnn_flatten_lstm,sequence,7,107,107,108,2954,25371,25371,6,6,7,7,nordic_walking,nordic_walking,True,3.948796e-09,2.564347e-08,1.4965593e-10,2.8468587e-06,5.5989717e-06,6.801813e-07,0.9999908,3.0633478e-09,3.9849873e-08,6.573831e-08,1.6486105e-09,7.768766e-09,0.9999908
pamap2,gnn_flatten_lstm,sequence,7,107,107,108,2955,25372,25372,6,6,7,7,nordic_walking,nordic_walking,True,4.4946584e-09,2.5990387e-08,1.7996989e-10,2.9075977e-06,4.997491e-06,7.154988e-07,0.9999913,3.528167e-09,4.300205e-08,8.3332154e-08,1.9140245e-09,8.101883e-09,0.9999913
pamap2,gnn_flatten_lstm,sequence,7,107,107,108,2956,25373,25373,6,6,7,7,nordic_walking,nordic_walking,True,4.1570667e-09,2.3963826e-08,1.548415e-10,3.3158824e-06,5.3492895e-06,6.2534184e-07,0.9999906,3.110312e-09,4.41752e-08,6.771299e-08,1.58735e-09,8.514079e-09,0.9999906
pamap2,gnn_flatten_lstm,sequence,7,107,107,108,2957,25374,25374,6,6,7,7,nordic_walking,nordic_walking,True,2.9399196e-09,1.7689855e-08,1.2263586e-10,3.0064753e-06,3.5932526e-06,4.4684026e-07,0.99999285,2.3421252e-09,3.644492e-08,5.9820614e-08,1.2121272e-09,5.7923835e-09,0.99999285
pamap2,gnn_flatten_lstm,sequence,7,107,107,108,2958,25375,25375,6,6,7,7,nordic_walking,nordic_walking,True,2.1332447e-09,1.3088886e-08,9.7723656e-11,2.6512062e-06,2.3619793e-06,3.3129095e-07,0.9999945,1.8132845e-09,2.969224e-08,5.690001e-08,9.840585e-10,3.8874197e-09,0.9999945
pamap2,gnn_flatten_lstm,sequence,7,107,107,108,2959,25376,25376,6,6,7,7,nordic_walking,nordic_walking,True,1.4860435e-09,9.20003e-09,7.3076656e-11,2.3251064e-06,1.4233301e-06,2.3230396e-07,0.99999595,1.3895082e-09,2.200768e-08,5.602456e-08,7.7870493e-10,2.3650852e-09,0.99999595
pamap2,gnn_flatten_lstm,sequence,7,107,107,108,2960,25377,25377,6,6,7,7,nordic_walking,nordic_walking,True,1.1493453e-09,6.9992203e-09,6.614005e-11,2.0958657e-06,8.6924473e-07,1.705599e-07,0.9999968,1.1530935e-09,1.7754418e-08,6.1041206e-08,6.9883577e-10,1.609604e-09,0.9999968
pamap2,gnn_flatten_lstm,sequence,7,107,107,108,2961,25378,25378,6,6,7,7,nordic_walking,nordic_walking,True,1.5212144e-09,9.65421e-09,8.24993e-11,2.3317484e-06,1.2656922e-06,2.2077865e-07,0.99999607,1.432755e-09,2.0828987e-08,5.9421424e-08,7.5911405e-10,2.2197166e-09,0.99999607
pamap2,gnn_flatten_lstm,sequence,7,107,107,108,2962,25379,25379,6,6,7,7,nordic_walking,nordic_walking,True,1.9635975e-09,1.2407691e-08,1.0363564e-10,2.654386e-06,1.6812168e-06,2.805654e-07,0.99999535,1.7696908e-09,2.422913e-08,6.2805796e-08,8.8142893e-10,2.973005e-09,0.99999535
pamap2,gnn_flatten_lstm,sequence,7,107,107,108,2963,25380,25380,6,6,7,7,nordic_walking,nordic_walking,True,2.6193947e-09,1.6979806e-08,1.2906066e-10,2.486156e-06,2.7622837e-06,4.4751812e-07,0.9999943,2.3336961e-09,3.101137e-08,6.725835e-08,1.2612491e-09,4.4611324e-09,0.9999943
pamap2,gnn_flatten_lstm,sequence,7,107,107,108,2964,25381,25381,6,6,7,7,nordic_walking,nordic_walking,True,3.2216567e-09,1.9486787e-08,1.5032524e-10,2.456314e-06,3.1810505e-06,5.685264e-07,0.9999937,2.7825229e-09,3.382018e-08,7.628185e-08,1.4769524e-09,5.419683e-09,0.9999937
pamap2,gnn_flatten_lstm,sequence,7,107,107,108,2965,25382,25382,6,6,7,7,nordic_walking,nordic_walking,True,2.1273343e-09,1.2565376e-08,1.0662764e-10,2.5129234e-06,1.7609493e-06,3.200111e-07,0.99999535,1.9003727e-09,2.3901313e-08,6.7404045e-08,9.451122e-10,3.1476988e-09,0.99999535
pamap2,gnn_flatten_lstm,sequence,7,107,107,108,2966,25383,25383,6,6,7,7,nordic_walking,nordic_walking,True,1.6994112e-09,1.03333795e-08,8.926699e-11,2.435877e-06,1.3964141e-06,2.4901428e-07,0.9999958,1.5812333e-09,2.0156898e-08,6.1319696e-08,7.875099e-10,2.4289744e-09,0.9999958
pamap2,gnn_flatten_lstm,sequence,7,107,107,108,2967,25384,25384,6,6,7,7,nordic_walking,nordic_walking,True,2.8269505e-09,1.852942e-08,1.3509605e-10,2.4454594e-06,3.0526558e-06,5.299016e-07,0.9999938,2.58054e-09,3.1647986e-08,6.979925e-08,1.3560882e-09,4.848407e-09,0.9999938
pamap2,gnn_flatten_lstm,sequence,7,107,107,108,2968,25385,25385,6,6,7,7,nordic_walking,nordic_walking,True,4.5566004e-09,3.027806e-08,1.7465518e-10,2.9393645e-06,6.494936e-06,9.709092e-07,0.9999894,4.0770147e-09,4.8636615e-08,7.571562e-08,1.8827697e-09,9.60278e-09,0.9999894
pamap2,gnn_flatten_lstm,sequence,7,107,107,108,2969,25386,25386,6,6,7,7,nordic_walking,nordic_walking,True,3.4134082e-09,2.1821169e-08,1.3394989e-10,2.9745586e-06,4.487622e-06,6.236084e-07,0.9999918,2.9163314e-09,3.853916e-08,6.529277e-08,1.3814874e-09,6.704847e-09,0.9999918
pamap2,gnn_flatten_lstm,sequence,7,107,107,108,2970,25387,25387,6,6,7,7,nordic_walking,nordic_walking,True,3.2782543e-09,2.225213e-08,1.2243558e-10,3.1548695e-06,5.1361135e-06,5.5811165e-07,0.99999106,2.6448093e-09,3.9382236e-08,5.394096e-08,1.1996588e-09,7.005778e-09,0.99999106
pamap2,gnn_flatten_lstm,sequence,7,107,107,108,2971,25388,25388,6,6,7,7,nordic_walking,nordic_walking,True,2.5826954e-09,1.711688e-08,9.868856e-11,2.7909264e-06,3.5077103e-06,3.867657e-07,0.9999932,2.0002033e-09,2.872509e-08,4.971541e-08,9.218145e-10,4.683593e-09,0.9999932
pamap2,gnn_flatten_lstm,sequence,7,107,107,108,2972,25389,25389,6,6,7,7,nordic_walking,nordic_walking,True,2.8551672e-09,1.8942158e-08,1.2665106e-10,2.949408e-06,4.193509e-06,4.95106e-07,0.99999213,2.3391233e-09,3.743304e-08,5.5230938e-08,1.3646068e-09,6.296941e-09,0.99999213
pamap2,gnn_flatten_lstm,sequence,7,107,107,108,2973,25390,25390,6,6,7,7,nordic_walking,nordic_walking,True,2.4887759e-09,1.6134262e-08,1.265889e-10,2.8884726e-06,3.1650115e-06,4.6223096e-07,0.9999933,2.2768702e-09,3.606984e-08,6.133182e-08,1.4070424e-09,5.3901563e-09,0.9999933
pamap2,gnn_flatten_lstm,sequence,7,107,107,108,2974,25391,25391,6,6,7,7,nordic_walking,nordic_walking,True,2.1116726e-09,1.2415263e-08,1.1408574e-10,2.8592942e-06,1.756107e-06,2.989041e-07,0.999995,1.9435578e-09,2.6101267e-08,7.1252344e-08,1.0311669e-09,3.3875345e-09,0.999995
pamap2,gnn_flatten_lstm,sequence,7,107,107,108,2975,25392,25392,6,6,7,7,nordic_walking,nordic_walking,True,2.250608e-09,1.39601495e-08,1.2361603e-10,3.013084e-06,2.2667925e-06,3.3653845e-07,0.9999943,2.0785755e-09,3.0696942e-08,6.444897e-08,1.1128531e-09,4.2403183e-09,0.9999943
pamap2,gnn_flatten_lstm,sequence,7,107,107,108,2976,25393,25393,6,6,7,7,nordic_walking,nordic_walking,True,3.705885e-09,2.2351223e-08,2.451851e-10,5.4480024e-06,3.693404e-06,4.6964288e-07,0.9999901,3.8988155e-09,5.8284883e-08,8.4220645e-08,1.7414711e-09,8.899575e-09,0.9999901
pamap2,gnn_flatten_lstm,sequence,7,107,107,108,2977,25394,25394,6,6,7,7,nordic_walking,nordic_walking,True,2.6014242e-09,1.5773209e-08,1.5454664e-10,3.7941704e-06,2.0602124e-06,3.0113887e-07,0.9999937,2.5200213e-09,3.3766167e-08,7.807564e-08,1.0438421e-09,4.34945e-09,0.9999937
pamap2,gnn_flatten_lstm,sequence,7,107,107,108,2978,25395,25395,6,6,7,7,nordic_walking,nordic_walking,True,2.035662e-09,1.2598946e-08,1.11840724e-10,2.9817284e-06,1.6620496e-06,2.6315482e-07,0.999995,1.9153463e-09,2.6520748e-08,6.81203e-08,8.487391e-10,3.1864178e-09,0.999995
pamap2,gnn_flatten_lstm,sequence,7,107,107,108,2979,25396,25396,6,6,7,7,nordic_walking,nordic_walking,True,1.925126e-09,1.21493375e-08,9.770752e-11,2.664183e-06,1.6478426e-06,2.481517e-07,0.99999535,1.7055671e-09,2.3976833e-08,6.062527e-08,7.218149e-10,2.9285938e-09,0.99999535
pamap2,gnn_flatten_lstm,sequence,7,107,107,108,2980,25397,25397,6,6,7,7,nordic_walking,nordic_walking,True,4.5109587e-09,2.4913794e-08,2.8853e-10,5.554703e-06,2.6552964e-06,3.710186e-07,0.9999912,3.9394847e-09,5.3086563e-08,1.1175154e-07,1.4046609e-09,7.494131e-09,0.9999912
pamap2,gnn_flatten_lstm,sequence,7,107,107,108,2981,25398,25398,6,6,7,7,nordic_walking,nordic_walking,True,4.0301256e-09,2.6015003e-08,2.1468181e-10,3.6885776e-06,3.776889e-06,5.214451e-07,0.9999919,3.5259893e-09,4.9410097e-08,8.678427e-08,1.4964362e-09,7.470915e-09,0.9999919
pamap2,gnn_flatten_lstm,sequence,7,107,107,108,2982,25399,25399,6,6,7,7,nordic_walking,nordic_walking,True,2.8961678e-09,1.8817573e-08,1.5860302e-10,3.769738e-06,2.9212376e-06,3.8562374e-07,0.9999927,2.7416445e-09,4.1421345e-08,6.914947e-08,1.0986115e-09,5.6438996e-09,0.9999927
pamap2,gnn_flatten_lstm,sequence,7,107,107,108,2983,25400,25400,6,6,7,7,nordic_walking,nordic_walking,True,2.3036897e-09,1.4033674e-08,1.2950205e-10,3.4671689e-06,1.8616917e-06,2.686898e-07,0.9999943,2.1555802e-09,3.066985e-08,7.3495855e-08,9.0496405e-10,3.727984e-09,0.9999943
pamap2,gnn_flatten_lstm,sequence,7,107,107,108,2984,25401,25401,6,6,7,7,nordic_walking,nordic_walking,True,2.3034255e-09,1.4833881e-08,1.4108563e-10,3.4146524e-06,2.0392367e-06,3.0524077e-07,0.99999416,2.2645588e-09,3.4091432e-08,7.2132345e-08,1.0428356e-09,4.0953574e-09,0.99999416
pamap2,gnn_flatten_lstm,sequence,7,107,107,108,2985,25402,25402,6,6,7,7,nordic_walking,nordic_walking,True,1.9800892e-09,1.50164e-08,1.3099347e-10,3.842765e-06,2.3787588e-06,3.102976e-07,0.9999933,2.2111666e-09,4.1716e-08,5.998837e-08,1.0172273e-09,4.477879e-09,0.9999933
pamap2,gnn_flatten_lstm,sequence,7,107,107,108,2986,25403,25403,6,6,7,7,nordic_walking,nordic_walking,True,2.4473454e-09,1.7619644e-08,1.6794496e-10,4.3074638e-06,2.3828286e-06,3.708547e-07,0.99999285,2.8504734e-09,4.3675385e-08,7.478725e-08,1.2506972e-09,4.9015227e-09,0.99999285
pamap2,gnn_flatten_lstm,sequence,7,107,107,108,2987,25404,25404,6,6,7,7,nordic_walking,nordic_walking,True,1.7629345e-09,1.3301675e-08,1.175362e-10,3.307204e-06,1.8895598e-06,3.0984668e-07,0.9999944,2.0618145e-09,3.6139085e-08,6.292876e-08,1.0104197e-09,3.4528829e-09,0.9999944
pamap2,gnn_flatten_lstm,sequence,7,107,107,108,2988,25405,25405,6,6,7,7,nordic_walking,nordic_walking,True,2.2319884e-09,1.8265082e-08,1.2101704e-10,2.7626072e-06,3.3661145e-06,5.4194584e-07,0.9999932,2.5816316e-09,4.432208e-08,5.954424e-08,1.2296458e-09,5.1645754e-09,0.9999932
pamap2,gnn_flatten_lstm,sequence,7,107,107,108,2989,25406,25406,6,6,7,7,nordic_walking,nordic_walking,True,3.2538332e-09,2.578811e-08,1.4706392e-10,2.857875e-06,5.503547e-06,8.8263147e-07,0.9999906,3.6411258e-09,5.5178944e-08,6.599584e-08,1.5630415e-09,7.985523e-09,0.9999906
pamap2,gnn_flatten_lstm,sequence,7,107,107,108,2990,25407,25407,6,6,7,7,nordic_walking,nordic_walking,True,4.091983e-09,2.6015254e-08,1.5453752e-10,2.5865463e-06,4.506472e-06,7.372893e-07,0.999992,3.3182546e-09,3.9143757e-08,8.041419e-08,1.4923376e-09,6.598193e-09,0.999992
pamap2,gnn_flatten_lstm,sequence,7,107,107,108,2991,25408,25408,6,6,7,7,nordic_walking,nordic_walking,True,4.0098724e-09,2.2361561e-08,1.7892696e-10,2.769621e-06,3.4392513e-06,6.737957e-07,0.99999297,3.2985068e-09,4.1360725e-08,9.9505975e-08,1.8180123e-09,6.426031e-09,0.99999297
pamap2,gnn_flatten_lstm,sequence,7,107,107,108,2992,25409,25409,6,6,7,7,nordic_walking,nordic_walking,True,3.5168215e-09,2.0024348e-08,1.7350513e-10,2.7016672e-06,2.7402348e-06,6.134581e-07,0.9999938,3.0772358e-09,4.0690022e-08,1.0547567e-07,1.7507729e-09,5.5438707e-09,0.9999938
pamap2,gnn_flatten_lstm,sequence,7,107,107,108,2993,25410,25410,6,6,7,7,nordic_walking,nordic_walking,True,2.466866e-09,1.3215175e-08,1.1243278e-10,2.4546434e-06,1.8210786e-06,3.4542856e-07,0.99999523,2.0265083e-09,2.6825951e-08,8.029873e-08,1.0019877e-09,3.4973409e-09,0.99999523
pamap2,gnn_flatten_lstm,sequence,7,107,107,108,2994,25411,25411,6,6,7,7,nordic_walking,nordic_walking,True,2.917463e-09,1.5840877e-08,1.3652444e-10,2.7430685e-06,2.2443533e-06,3.670223e-07,0.9999945,2.2685025e-09,2.945241e-08,7.780974e-08,1.0610175e-09,4.4152433e-09,0.9999945
pamap2,gnn_flatten_lstm,sequence,7,107,107,108,2995,25412,25412,6,6,7,7,nordic_walking,nordic_walking,True,3.1654859e-09,1.7282135e-08,1.5112304e-10,3.0039653e-06,2.4379783e-06,3.7636096e-07,0.99999404,2.4181532e-09,3.112734e-08,8.00251e-08,1.1409875e-09,4.940424e-09,0.99999404
pamap2,gnn_flatten_lstm,sequence,7,107,107,108,2996,25413,25413,6,6,7,7,nordic_walking,nordic_walking,True,5.399411e-09,3.1619216e-08,2.2651193e-10,3.1405932e-06,5.5997702e-06,7.5002373e-07,0.99999034,3.7776804e-09,4.720127e-08,8.831183e-08,1.9319693e-09,1.0010779e-08,0.99999034
pamap2,gnn_flatten_lstm,sequence,7,107,107,108,2997,25414,25414,6,6,7,7,nordic_walking,nordic_walking,True,9.2251975e-09,5.5300006e-08,2.7309435e-10,3.937014e-06,1.6880298e-05,1.6425867e-06,0.99997735,6.6628845e-09,8.902216e-08,9.0028934e-08,2.9095997e-09,2.5821288e-08,0.99997735
pamap2,gnn_flatten_lstm,sequence,7,107,107,108,2998,25415,25415,6,6,7,7,nordic_walking,nordic_walking,True,4.9681876e-09,2.7426804e-08,1.8588635e-10,3.3791832e-06,5.375047e-06,6.583482e-07,0.99999046,3.4149927e-09,4.2122686e-08,8.0229306e-08,1.6609191e-09,9.243319e-09,0.99999046
pamap2,gnn_flatten_lstm,sequence,7,107,107,108,2999,25416,25416,6,6,7,7,nordic_walking,nordic_walking,True,2.60161e-09,1.4765461e-08,1.1527955e-10,2.7853887e-06,2.2928814e-06,3.4366747e-07,0.9999945,2.0675526e-09,2.5442452e-08,7.177733e-08,1.0939047e-09,3.9345562e-09,0.9999945
pamap2,gnn_flatten_lstm,sequence,7,107,107,108,3000,25417,25417,6,6,7,7,nordic_walking,nordic_walking,True,1.654424e-09,1.0723149e-08,8.483994e-11,2.4635915e-06,1.530944e-06,2.5644073e-07,0.9999957,1.5234903e-09,2.0819922e-08,6.0714164e-08,8.738296e-10,2.4849305e-09,0.9999957
pamap2,gnn_flatten_lstm,sequence,7,107,107,108,3001,25418,25418,6,6,7,7,nordic_walking,nordic_walking,True,2.5581128e-09,1.6554747e-08,1.678566e-10,4.408537e-06,2.0538193e-06,3.2898865e-07,0.99999297,2.7771072e-09,3.760389e-08,8.1246014e-08,1.229547e-09,4.4275157e-09,0.99999297
pamap2,gnn_flatten_lstm,sequence,7,107,107,108,3002,25419,25419,6,6,7,7,nordic_walking,nordic_walking,True,1.4332685e-09,9.7622905e-09,9.022729e-11,2.6809014e-06,1.1846128e-06,2.2886407e-07,0.9999958,1.5658068e-09,2.4172595e-08,6.7623766e-08,8.6442714e-10,2.2344389e-09,0.9999958
pamap2,gnn_flatten_lstm,sequence,7,107,107,108,3003,25420,25420,6,6,7,7,nordic_walking,nordic_walking,True,1.3951651e-09,9.38734e-09,8.4896805e-11,2.4493702e-06,1.1041988e-06,2.2518125e-07,0.9999962,1.4311929e-09,2.195528e-08,6.73143e-08,8.2113943e-10,2.1109987e-09,0.9999962
pamap2,gnn_flatten_lstm,sequence,7,107,107,108,3004,25421,25421,6,6,7,7,nordic_walking,nordic_walking,True,1.5248924e-09,9.084182e-09,9.693393e-11,2.4309977e-06,9.752795e-07,2.1037417e-07,0.9999963,1.4856416e-09,2.2438755e-08,8.0990844e-08,9.2300495e-10,2.1812891e-09,0.9999963
pamap2,gnn_flatten_lstm,sequence,7,107,107,108,3005,25422,25422,6,6,7,7,nordic_walking,nordic_walking,True,1.6325448e-09,9.882249e-09,9.9629006e-11,2.412201e-06,1.146303e-06,2.4075874e-07,0.99999607,1.5868109e-09,2.5612222e-08,8.0193345e-08,1.0052983e-09,2.5510947e-09,0.99999607
pamap2,gnn_flatten_lstm,sequence,7,107,107,108,3006,25423,25423,6,6,7,7,nordic_walking,nordic_walking,True,1.3212663e-09,9.970651e-09,8.5023544e-11,2.0698283e-06,1.126203e-06,2.636035e-07,0.9999964,1.3427494e-09,2.5114787e-08,6.601461e-08,8.848949e-10,2.192924e-09,0.9999964
pamap2,gnn_flatten_lstm,sequence,7,107,107,108,3007,25424,25424,6,6,7,7,nordic_walking,nordic_walking,True,1.2621446e-09,1.1316991e-08,9.985772e-11,1.99032e-06,1.1103681e-06,3.242054e-07,0.9999964,1.41861e-09,2.9495135e-08,7.243914e-08,1.043411e-09,2.206055e-09,0.9999964
pamap2,gnn_flatten_lstm,sequence,7,107,107,108,3008,25425,25425,6,6,7,7,nordic_walking,nordic_walking,True,1.0929395e-09,8.638666e-09,8.2364775e-11,1.9626618e-06,8.4028704e-07,2.1995626e-07,0.9999969,1.1752824e-09,2.2436117e-08,6.489592e-08,7.4185097e-10,1.6945417e-09,0.9999969
pamap2,gnn_flatten_lstm,sequence,7,107,107,108,3009,25426,25426,6,6,7,7,nordic_walking,nordic_walking,True,8.9080904e-10,6.6948767e-09,5.9765345e-11,1.879583e-06,7.163176e-07,1.6678779e-07,0.99999714,9.850677e-10,1.7183384e-08,5.4713563e-08,5.5407784e-10,1.2981854e-09,0.99999714
pamap2,gnn_flatten_lstm,sequence,7,107,107,108,3010,25427,25427,6,6,7,7,nordic_walking,nordic_walking,True,1.029041e-09,7.848868e-09,6.492664e-11,2.0269747e-06,9.409736e-07,1.9262583e-07,0.9999968,1.1176122e-09,1.8547475e-08,5.1302635e-08,6.1329863e-10,1.586467e-09,0.9999968
pamap2,gnn_flatten_lstm,sequence,7,107,107,108,3011,25428,25428,6,6,7,7,nordic_walking,nordic_walking,True,1.2137716e-09,9.030542e-09,7.0431744e-11,2.1854632e-06,1.1758968e-06,2.1852621e-07,0.9999963,1.2581282e-09,1.95549e-08,5.1400654e-08,6.850116e-10,1.8828832e-09,0.9999963
pamap2,gnn_flatten_lstm,sequence,7,107,107,108,3012,25429,25429,6,6,7,7,nordic_walking,nordic_walking,True,2.0601358e-09,1.7174129e-08,1.1522414e-10,2.3740272e-06,2.6160762e-06,5.171023e-07,0.9999944,2.1333828e-09,3.2872016e-08,6.2242144e-08,1.3732524e-09,3.8424597e-09,0.9999944
pamap2,gnn_flatten_lstm,sequence,7,107,107,108,3013,25430,25430,6,6,7,7,nordic_walking,nordic_walking,True,2.582044e-09,2.1159506e-08,1.1993535e-10,2.6302237e-06,3.860607e-06,6.44129e-07,0.9999927,2.5772122e-09,3.695767e-08,5.8317955e-08,1.4595881e-09,5.164238e-09,0.9999927
pamap2,gnn_flatten_lstm,sequence,7,107,107,108,3014,25431,25431,6,6,7,7,nordic_walking,nordic_walking,True,3.4111451e-09,2.7453703e-08,1.3861276e-10,2.9372632e-06,5.7305433e-06,8.1448945e-07,0.99999046,3.2184464e-09,4.2787818e-08,5.8752008e-08,1.6700744e-09,7.172581e-09,0.99999046
pamap2,gnn_flatten_lstm,sequence,7,107,107,108,3015,25432,25432,6,6,7,7,nordic_walking,nordic_walking,True,5.8585736e-09,4.4581604e-08,1.6740007e-10,3.2902585e-06,1.3159402e-05,1.6716971e-06,0.99998164,5.4235887e-09,6.7651314e-08,7.364985e-08,2.4308124e-09,1.523929e-08,0.99998164
pamap2,gnn_flatten_lstm,sequence,7,107,107,108,3016,25433,25433,6,6,7,7,nordic_walking,nordic_walking,True,5.1250577e-09,3.2728703e-08,1.6368605e-10,3.2287428e-06,8.330019e-06,1.0890125e-06,0.99998724,4.121919e-09,5.320597e-08,7.630814e-08,2.1401942e-09,1.1455027e-08,0.99998724
pamap2,gnn_flatten_lstm,sequence,7,107,107,108,3017,25434,25434,6,6,7,7,nordic_walking,nordic_walking,True,3.3023748e-09,2.1864338e-08,1.3538108e-10,2.9832468e-06,4.291093e-06,6.278298e-07,0.999992,2.8359808e-09,3.974017e-08,6.751164e-08,1.4943827e-09,6.4214674e-09,0.999992
pamap2,gnn_flatten_lstm,sequence,7,107,107,108,3018,25435,25435,6,6,7,7,nordic_walking,nordic_walking,True,2.8556808e-09,1.8951347e-08,1.2557638e-10,2.967532e-06,3.650311e-06,5.1411865e-07,0.9999927,2.4429798e-09,3.888816e-08,6.256937e-08,1.3204025e-09,5.718777e-09,0.9999927
pamap2,gnn_flatten_lstm,sequence,7,107,107,108,3019,25436,25436,6,6,7,7,nordic_walking,nordic_walking,True,2.4601292e-09,1.6170686e-08,1.13733634e-10,2.9057617e-06,2.7792255e-06,3.9064003e-07,0.9999938,2.0417372e-09,3.2340214e-08,6.1459964e-08,1.1060557e-09,4.430121e-09,0.9999938
pamap2,gnn_flatten_lstm,sequence,7,107,107,108,3020,25437,25437,6,6,7,7,nordic_walking,nordic_walking,True,1.8722268e-09,1.2211269e-08,8.953035e-11,2.681262e-06,1.9840327e-06,2.8933363e-07,0.9999949,1.6450583e-09,2.5876858e-08,5.858095e-08,9.269201e-10,3.1250609e-09,0.9999949
pamap2,gnn_flatten_lstm,sequence,7,107,107,108,3021,25438,25438,6,6,7,7,nordic_walking,nordic_walking,True,1.700963e-09,1.1429865e-08,8.839385e-11,2.6829377e-06,1.9691038e-06,2.6890532e-07,0.999995,1.5353562e-09,2.8104182e-08,5.501986e-08,9.633777e-10,3.2318777e-09,0.999995
pamap2,gnn_flatten_lstm,sequence,7,107,107,108,3022,25439,25439,6,6,7,7,nordic_walking,nordic_walking,True,1.4719159e-09,9.661907e-09,7.874238e-11,2.5384415e-06,1.3906714e-06,2.0701178e-07,0.9999957,1.3864448e-09,2.1827123e-08,5.6244467e-08,7.629808e-10,2.2945408e-09,0.9999957
pamap2,gnn_flatten_lstm,sequence,7,107,107,108,3023,25440,25440,6,6,7,7,nordic_walking,nordic_walking,True,1.2639247e-09,8.222763e-09,7.036703e-11,2.4243718e-06,1.0417153e-06,1.6859765e-07,0.9999963,1.2522292e-09,1.8161202e-08,5.760598e-08,6.542513e-10,1.7374275e-09,0.9999963
pamap2,gnn_flatten_lstm,sequence,7,107,107,108,3024,25441,25441,6,6,7,7,nordic_walking,nordic_walking,True,2.073839e-09,1.0949485e-08,1.363802e-10,4.636319e-06,1.1009147e-06,1.8838149e-07,0.99999404,2.251612e-09,2.6579466e-08,9.442508e-08,9.833413e-10,2.7571914e-09,0.99999404
pamap2,gnn_flatten_lstm,sequence,7,107,107,108,3025,25442,25442,6,6,7,7,nordic_walking,nordic_walking,True,1.4247041e-09,1.0401597e-08,1.0132688e-10,3.144832e-06,1.1877468e-06,2.0900097e-07,0.99999535,1.7433214e-09,2.4151984e-08,6.3810546e-08,7.8796775e-10,2.1881041e-09,0.99999535
pamap2,gnn_flatten_lstm,sequence,7,107,107,108,3026,25443,25443,6,6,7,7,nordic_walking,nordic_walking,True,1.9542734e-09,1.6936431e-08,1.5085325e-10,3.2144912e-06,2.015139e-06,3.9040745e-07,0.9999943,2.3714186e-09,3.5517303e-08,6.86468e-08,1.2156134e-09,3.5260854e-09,0.9999943
pamap2,gnn_flatten_lstm,sequence,7,107,107,108,3027,25444,25444,6,6,7,7,nordic_walking,nordic_walking,True,2.371494e-09,1.936869e-08,1.4974659e-10,3.2670098e-06,2.6341945e-06,4.3413732e-07,0.99999356,2.634982e-09,3.521615e-08,6.470968e-08,1.1765952e-09,4.191522e-09,0.99999356
pamap2,gnn_flatten_lstm,sequence,7,107,107,108,3028,25445,25445,6,6,7,7,nordic_walking,nordic_walking,True,2.2306745e-09,1.7021533e-08,1.4299172e-10,3.4563982e-06,2.2840932e-06,3.5838258e-07,0.9999938,2.3955253e-09,3.2600635e-08,6.226028e-08,1.025032e-09,3.8906216e-09,0.9999938
pamap2,gnn_flatten_lstm,sequence,7,107,107,108,3029,25446,25446,6,6,7,7,nordic_walking,nordic_walking,True,2.2721733e-09,1.6578083e-08,1.431959e-10,3.1311606e-06,2.3573875e-06,3.7091704e-07,0.99999404,2.2912001e-09,3.2289126e-08,6.0378234e-08,1.0766983e-09,4.0905244e-09,0.99999404
pamap2,gnn_flatten_lstm,sequence,7,107,107,108,3030,25447,25447,6,6,7,7,nordic_walking,nordic_walking,True,2.023046e-09,1.4900463e-08,1.1751644e-10,3.2184755e-06,2.186889e-06,3.1240307e-07,0.99999416,2.057261e-09,2.9588772e-08,5.5373235e-08,8.811153e-10,3.5614558e-09,0.99999416
pamap2,gnn_flatten_lstm,sequence,7,107,107,108,3031,25448,25448,6,6,7,7,nordic_walking,nordic_walking,True,2.6589104e-09,1.9567368e-08,1.5915516e-10,3.861083e-06,2.8042014e-06,3.627603e-07,0.99999285,2.6390239e-09,3.5321875e-08,6.2329484e-08,1.0788637e-09,4.673927e-09,0.99999285
pamap2,gnn_flatten_lstm,sequence,7,107,107,108,3032,25449,25449,6,6,7,7,nordic_walking,nordic_walking,True,3.862519e-09,3.0100686e-08,2.01936e-10,3.7760738e-06,4.8555244e-06,6.02213e-07,0.9999906,3.6069996e-09,4.5329177e-08,6.6156524e-08,1.4449542e-09,7.2150903e-09,0.9999906
pamap2,gnn_flatten_lstm,sequence,7,107,107,108,3033,25450,25450,6,6,7,7,nordic_walking,nordic_walking,True,3.5015957e-09,2.7568145e-08,1.8007032e-10,4.389651e-06,4.6343444e-06,5.109374e-07,0.99999034,3.2879202e-09,4.617641e-08,5.987617e-08,1.2288498e-09,6.874136e-09,0.99999034
pamap2,gnn_flatten_lstm,sequence,7,107,107,108,3034,25451,25451,6,6,7,7,nordic_walking,nordic_walking,True,4.3488524e-09,3.354777e-08,2.1872398e-10,5.1017782e-06,6.410278e-06,5.467438e-07,0.99998784,3.566164e-09,5.6286627e-08,5.8878395e-08,1.4072469e-09,9.745247e-09,0.99998784
pamap2,gnn_flatten_lstm,sequence,7,107,107,108,3035,25452,25452,6,6,7,7,nordic_walking,nordic_walking,True,3.4435568e-09,2.5531653e-08,1.8024081e-10,4.5388915e-06,4.416564e-06,4.132891e-07,0.9999906,2.8512066e-09,4.4637137e-08,5.8362556e-08,1.1826259e-09,6.975547e-09,0.9999906
pamap2,gnn_flatten_lstm,sequence,7,107,107,108,3036,25453,25453,6,6,7,7,nordic_walking,nordic_walking,True,2.5649187e-09,1.7851534e-08,1.3636445e-10,4.0697323e-06,2.5681684e-06,2.8705352e-07,0.99999297,2.2646383e-09,3.1570245e-08,6.36418e-08,9.852815e-10,4.1630672e-09,0.99999297
pamap2,gnn_flatten_lstm,sequence,7,107,107,108,3037,25454,25454,6,6,7,7,nordic_walking,nordic_walking,True,1.9347217e-09,1.3045475e-08,1.0982511e-10,3.066478e-06,1.6187447e-06,2.285888e-07,0.999995,1.7285041e-09,2.4340704e-08,6.4640574e-08,8.2005697e-10,2.7884501e-09,0.999995
pamap2,gnn_flatten_lstm,sequence,7,107,107,108,3038,25455,25455,6,6,7,7,nordic_walking,nordic_walking,True,1.9147695e-09,1.5281671e-08,1.0715403e-10,2.4163155e-06,1.9563365e-06,3.267309e-07,0.9999951,1.7664765e-09,2.7906065e-08,6.1425595e-08,9.32195e-10,2.9896199e-09,0.9999951
pamap2,gnn_flatten_lstm,sequence,7,107,107,108,3039,25456,25456,6,6,7,7,nordic_walking,nordic_walking,True,2.091119e-09,1.7021904e-08,1.0756702e-10,2.3446964e-06,2.3583136e-06,4.0024793e-07,0.99999475,1.9454156e-09,3.0045346e-08,5.8661897e-08,9.53426e-10,3.3346836e-09,0.99999475
pamap2,gnn_flatten_lstm,sequence,7,107,107,108,3040,25457,25457,6,6,7,7,nordic_walking,nordic_walking,True,2.0906554e-09,1.639367e-08,1.1483405e-10,2.7354035e-06,2.293279e-06,3.9681277e-07,0.9999944,2.0076818e-09,3.217589e-08,6.1187585e-08,1.0240007e-09,3.6373775e-09,0.9999944
pamap2,gnn_flatten_lstm,sequence,7,107,107,108,3041,25458,25458,6,6,7,7,nordic_walking,nordic_walking,True,2.178071e-09,1.608088e-08,1.231449e-10,3.0237984e-06,2.2318407e-06,3.5383914e-07,0.9999943,2.0892998e-09,3.1540612e-08,6.2772195e-08,9.918104e-10,3.7641015e-09,0.9999943
pamap2,gnn_flatten_lstm,sequence,7,107,107,108,3042,25459,25459,6,6,7,7,nordic_walking,nordic_walking,True,2.0085413e-09,1.3398801e-08,1.09118124e-10,2.697665e-06,1.8028238e-06,3.0500888e-07,0.9999951,1.8379174e-09,2.540009e-08,6.3355266e-08,9.036057e-10,3.1484726e-09,0.9999951
pamap2,gnn_flatten_lstm,sequence,7,107,107,108,3043,25460,25460,6,6,7,7,nordic_walking,nordic_walking,True,2.0196504e-09,1.3913451e-08,1.1007695e-10,2.8077977e-06,1.956739e-06,2.9928455e-07,0.99999475,1.8410113e-09,2.5794712e-08,5.8624984e-08,8.901632e-10,3.2701226e-09,0.99999475
pamap2,gnn_flatten_lstm,sequence,7,107,107,108,3044,25461,25461,6,6,7,7,nordic_walking,nordic_walking,True,2.269952e-09,1.5077571e-08,1.2585427e-10,3.0112428e-06,2.186979e-06,3.1965328e-07,0.9999943,2.0709818e-09,2.7406983e-08,6.102755e-08,9.93486e-10,3.7278562e-09,0.9999943
pamap2,gnn_flatten_lstm,sequence,7,107,107,108,3045,25462,25462,6,6,7,7,nordic_walking,nordic_walking,True,2.1460878e-09,1.44705945e-08,1.0848532e-10,2.8775116e-06,2.2634533e-06,3.1524158e-07,0.9999945,1.9066304e-09,2.5879615e-08,5.544385e-08,9.182656e-10,3.5573904e-09,0.9999945
pamap2,gnn_flatten_lstm,sequence,7,107,107,108,3046,25463,25463,6,6,7,7,nordic_walking,nordic_walking,True,2.0575748e-09,1.5064863e-08,9.9782835e-11,2.893763e-06,2.57748e-06,3.3178023e-07,0.99999404,1.8393779e-09,2.7117764e-08,4.9243393e-08,8.9877816e-10,3.6694792e-09,0.99999404
pamap2,gnn_flatten_lstm,sequence,7,107,107,108,3047,25464,25464,6,6,7,7,nordic_walking,nordic_walking,True,2.1888222e-09,1.5528782e-08,1.0388243e-10,3.037901e-06,3.0267563e-06,3.6368712e-07,0.99999344,1.976897e-09,3.0040667e-08,4.8372222e-08,9.896421e-10,4.3426023e-09,0.99999344
pamap2,gnn_flatten_lstm,sequence,7,107,107,108,3048,25465,25465,6,6,7,7,nordic_walking,nordic_walking,True,1.845282e-09,1.292389e-08,1.0079151e-10,2.966739e-06,2.2738427e-06,3.0868756e-07,0.9999944,1.8168572e-09,2.8210554e-08,4.9253554e-08,9.28082e-10,3.5911287e-09,0.9999944
pamap2,gnn_flatten_lstm,sequence,7,107,107,108,3049,25466,25466,6,6,7,7,nordic_walking,nordic_walking,True,1.4447551e-09,1.0050245e-08,8.491183e-11,2.6152768e-06,1.3156359e-06,2.3135634e-07,0.9999958,1.5067755e-09,2.2362777e-08,5.8140873e-08,7.9276646e-10,2.2003301e-09,0.9999958
pamap2,gnn_flatten_lstm,sequence,7,107,107,108,3050,25467,25467,6,6,7,7,nordic_walking,nordic_walking,True,1.4931008e-09,1.0630878e-08,9.1857126e-11,2.3926962e-06,1.3420171e-06,2.6414722e-07,0.99999595,1.5556708e-09,2.5021015e-08,6.444723e-08,9.369213e-10,2.35724e-09,0.99999595
pamap2,gnn_flatten_lstm,sequence,7,107,107,108,3051,25468,25468,6,6,7,7,nordic_walking,nordic_walking,True,1.8229688e-09,1.3087353e-08,9.114556e-11,2.0314853e-06,1.839559e-06,3.543613e-07,0.9999956,1.7458375e-09,2.5052952e-08,6.199566e-08,9.503113e-10,2.764974e-09,0.9999956
pamap2,gnn_flatten_lstm,sequence,7,107,107,108,3052,25469,25469,6,6,7,7,nordic_walking,nordic_walking,True,1.5160737e-09,9.218338e-09,7.282444e-11,2.0029486e-06,1.18088e-06,2.3057785e-07,0.99999654,1.3595131e-09,1.90919e-08,6.189576e-08,6.9267153e-10,2.0000155e-09,0.99999654
pamap2,gnn_flatten_lstm,sequence,7,107,107,108,3053,25470,25470,6,6,7,7,nordic_walking,nordic_walking,True,1.7480982e-09,9.310295e-09,8.4861056e-11,2.0932187e-06,1.0509928e-06,1.9357734e-07,0.99999654,1.3933865e-09,1.8025203e-08,7.1555476e-08,6.6515177e-10,2.0347761e-09,0.99999654
pamap2,gnn_flatten_lstm,sequence,7,107,107,108,3054,25471,25471,6,6,7,7,nordic_walking,nordic_walking,True,2.8944525e-09,1.6183238e-08,1.5031344e-10,2.3827733e-06,1.7900079e-06,3.8515947e-07,0.99999535,2.3143412e-09,2.8073924e-08,1.01976156e-07,1.3379519e-09,3.7026542e-09,0.99999535
pamap2,gnn_flatten_lstm,sequence,7,107,107,108,3055,25472,25472,6,6,7,7,nordic_walking,nordic_walking,True,3.7410817e-09,2.0819405e-08,1.6716534e-10,2.5506088e-06,2.9046062e-06,5.343089e-07,0.9999938,2.8761442e-09,3.250446e-08,9.217316e-08,1.5170559e-09,5.407747e-09,0.9999938
pamap2,gnn_flatten_lstm,sequence,7,107,107,108,3056,25473,25473,6,6,7,7,nordic_walking,nordic_walking,True,4.673686e-09,2.407438e-08,1.9832509e-10,3.1653026e-06,3.313952e-06,5.558933e-07,0.99999285,3.3397443e-09,3.516397e-08,1.0147435e-07,1.5928948e-09,6.6715335e-09,0.99999285
pamap2,gnn_flatten_lstm,sequence,7,107,107,108,3057,25474,25474,6,6,7,7,nordic_walking,nordic_walking,True,5.364487e-09,2.7480255e-08,2.2303032e-10,3.4468062e-06,3.8792937e-06,5.854222e-07,0.9999919,3.615849e-09,3.8259675e-08,1.0466923e-07,1.7079377e-09,7.838133e-09,0.9999919
pamap2,gnn_flatten_lstm,sequence,7,107,107,108,3058,25475,25475,6,6,7,7,nordic_walking,nordic_walking,True,5.9227596e-09,3.131619e-08,2.6939842e-10,3.7053878e-06,4.5405377e-06,7.120956e-07,0.9999908,4.143547e-09,5.0681916e-08,1.2140372e-07,2.2624833e-09,9.968636e-09,0.9999908
pamap2,gnn_flatten_lstm,sequence,7,107,107,108,3059,25476,25476,6,6,7,7,nordic_walking,nordic_walking,True,1.0985907e-08,5.986921e-08,3.587669e-10,3.9517545e-06,1.3081491e-05,1.6579955e-06,0.9999809,7.12615e-09,8.948263e-08,1.3464073e-07,3.6040626e-09,2.49782e-08,0.9999809
pamap2,gnn_flatten_lstm,sequence,7,107,107,108,3060,25477,25477,6,6,7,7,nordic_walking,nordic_walking,True,1.40224214e-08,7.724935e-08,3.0712813e-10,4.0411915e-06,2.4639041e-05,2.3559273e-06,0.9999685,9.100023e-09,1.08384015e-07,1.2640922e-07,3.5821017e-09,3.7165094e-08,0.9999685
pamap2,gnn_flatten_lstm,sequence,7,107,107,108,3061,25478,25478,6,6,7,7,nordic_walking,nordic_walking,True,1.09648575e-08,5.836616e-08,3.2943812e-10,4.4004355e-06,1.2195533e-05,1.3670671e-06,0.99998176,6.9194597e-09,7.488048e-08,1.270557e-07,3.086757e-09,2.1824864e-08,0.99998176
pamap2,gnn_flatten_lstm,sequence,7,107,107,108,3062,25479,25479,6,6,7,7,nordic_walking,nordic_walking,True,9.694078e-09,5.2490723e-08,3.3569303e-10,4.7697454e-06,1.1679812e-05,1.2371808e-06,0.999982,6.3003376e-09,8.029599e-08,1.0882027e-07,2.844783e-09,2.257249e-08,0.999982
pamap2,gnn_flatten_lstm,sequence,7,107,107,108,3063,25480,25480,6,6,7,7,nordic_walking,nordic_walking,True,6.2617853e-09,3.6353576e-08,2.3844962e-10,4.5443317e-06,8.58438e-06,8.169222e-07,0.9999858,4.2489128e-09,6.5772724e-08,7.775313e-08,1.9870394e-09,1.5688174e-08,0.9999858
pamap2,gnn_flatten_lstm,sequence,7,107,107,108,3064,25481,25481,6,6,7,7,nordic_walking,nordic_walking,True,7.602086e-09,4.2545153e-08,3.7643227e-10,7.692531e-06,8.302361e-06,7.1614073e-07,0.99998295,5.94213e-09,9.421211e-08,9.514882e-08,2.3132618e-09,2.0451813e-08,0.99998295
pamap2,gnn_flatten_lstm,sequence,7,107,107,108,3065,25482,25482,6,6,7,7,nordic_walking,nordic_walking,True,4.3552983e-09,2.8779533e-08,2.1944882e-10,4.2130255e-06,5.9729396e-06,7.101262e-07,0.9999889,3.6707135e-09,6.5108026e-08,7.148535e-08,1.8947433e-09,1.1967842e-08,0.9999889
pamap2,gnn_flatten_lstm,sequence,7,107,107,108,3066,25483,25483,6,6,7,7,nordic_walking,nordic_walking,True,5.2900586e-09,3.1554254e-08,2.697689e-10,4.3899545e-06,6.5548757e-06,7.936026e-07,0.99998796,4.1938257e-09,6.869549e-08,8.198471e-08,2.2448914e-09,1.447337e-08,0.99998796
pamap2,gnn_flatten_lstm,sequence,7,107,107,108,3067,25484,25484,6,6,7,7,nordic_walking,nordic_walking,True,6.288002e-09,3.700478e-08,3.2102238e-10,4.404946e-06,7.620244e-06,9.436296e-07,0.99998677,4.7085624e-09,8.049494e-08,9.345756e-08,2.7314238e-09,1.7263295e-08,0.99998677
pamap2,gnn_flatten_lstm,sequence,7,107,107,108,3068,25485,25485,6,6,7,7,nordic_walking,nordic_walking,True,3.9016825e-09,2.6096128e-08,1.8365805e-10,4.025868e-06,6.218146e-06,6.803837e-07,0.9999889,3.1979974e-09,6.25727e-08,6.2384665e-08,1.7326758e-09,1.1326862e-08,0.9999889
pamap2,gnn_flatten_lstm,sequence,7,107,107,108,3069,25486,25486,6,6,7,7,nordic_walking,nordic_walking,True,2.1689652e-09,1.6717467e-08,1.2739208e-10,3.1005404e-06,2.8858321e-06,4.6835936e-07,0.9999933,2.1779445e-09,4.337e-08,5.8748928e-08,1.2378397e-09,5.1878954e-09,0.9999933
pamap2,gnn_flatten_lstm,sequence,7,107,107,108,3070,25487,25487,6,6,7,7,nordic_walking,nordic_walking,True,1.6923356e-09,1.3355959e-08,1.1001316e-10,2.9890166e-06,1.6476454e-06,3.223723e-07,0.9999949,1.8463004e-09,3.259209e-08,7.0605e-08,1.0765636e-09,3.0558378e-09,0.9999949
pamap2,gnn_flatten_lstm,sequence,7,107,107,108,3071,25488,25488,6,6,7,7,nordic_walking,nordic_walking,True,1.3188436e-09,1.0736822e-08,8.893051e-11,2.5777088e-06,1.2057651e-06,2.4045696e-07,0.99999595,1.4375453e-09,2.4036831e-08,6.335689e-08,8.3972906e-10,2.0837119e-09,0.99999595
pamap2,gnn_flatten_lstm,sequence,7,107,107,108,3072,25489,25489,6,6,7,7,nordic_walking,nordic_walking,True,1.3424823e-09,1.084827e-08,8.963417e-11,2.4649366e-06,1.2105479e-06,2.3425237e-07,0.99999607,1.408362e-09,2.3358034e-08,6.053195e-08,7.759725e-10,2.1071165e-09,0.99999607
pamap2,gnn_flatten_lstm,sequence,7,107,107,108,3073,25490,25490,6,6,7,7,nordic_walking,nordic_walking,True,1.1906652e-09,9.669877e-09,8.0500655e-11,2.303122e-06,1.0146005e-06,2.1434634e-07,0.9999963,1.2630138e-09,2.1156556e-08,6.099719e-08,7.1714973e-10,1.7865005e-09,0.9999963
pamap2,gnn_flatten_lstm,sequence,7,107,107,108,3074,25491,25491,6,6,7,7,nordic_walking,nordic_walking,True,1.3076504e-09,9.209657e-09,7.7739315e-11,2.1844219e-06,9.852452e-07,1.970434e-07,0.99999654,1.2546826e-09,1.8595006e-08,6.4196755e-08,6.954383e-10,1.7583442e-09,0.99999654
pamap2,gnn_flatten_lstm,sequence,7,107,107,108,3075,25492,25492,6,6,7,7,nordic_walking,nordic_walking,True,2.0364281e-09,1.5620158e-08,1.79079e-10,4.337473e-06,1.5711533e-06,2.7806098e-07,0.99999356,2.5221416e-09,4.0908446e-08,8.096559e-08,1.0795355e-09,3.6744288e-09,0.99999356
pamap2,gnn_flatten_lstm,sequence,7,107,107,108,3076,25493,25493,6,6,7,7,nordic_walking,nordic_walking,True,1.6484129e-09,1.3601884e-08,1.3557942e-10,3.2125902e-06,1.519094e-06,3.1116014e-07,0.9999949,2.0022182e-09,3.4459255e-08,7.054886e-08,1.1011061e-09,3.0951577e-09,0.9999949
pamap2,gnn_flatten_lstm,sequence,7,107,107,108,3077,25494,25494,6,6,7,7,nordic_walking,nordic_walking,True,1.8375382e-09,1.4525516e-08,1.3591236e-10,3.1750317e-06,1.6285503e-06,3.0944489e-07,0.99999475,1.9961512e-09,3.22058e-08,6.822366e-08,9.987778e-10,3.243635e-09,0.99999475
pamap2,gnn_flatten_lstm,sequence,7,107,107,108,3078,25495,25495,6,6,7,7,nordic_walking,nordic_walking,True,1.8001356e-09,1.4223096e-08,1.2543594e-10,3.0115266e-06,1.647897e-06,2.9705242e-07,0.999995,1.8654684e-09,2.9828943e-08,6.338088e-08,9.14707e-10,3.0998781e-09,0.999995
pamap2,gnn_flatten_lstm,sequence,7,107,107,108,3079,25496,25496,6,6,7,7,nordic_walking,nordic_walking,True,1.5795746e-09,1.2386245e-08,1.032635e-10,2.7624503e-06,1.5201701e-06,2.6694588e-07,0.99999535,1.6372304e-09,2.6184049e-08,5.7117635e-08,8.023482e-10,2.6582478e-09,0.99999535
pamap2,gnn_flatten_lstm,sequence,7,107,107,108,3080,25497,25497,6,6,7,7,nordic_walking,nordic_walking,True,2.0706385e-09,1.6385854e-08,1.2750259e-10,3.0599792e-06,2.09964e-06,3.3108626e-07,0.9999944,2.0046627e-09,2.9580598e-08,6.190873e-08,1.022143e-09,3.4310146e-09,0.9999944
pamap2,gnn_flatten_lstm,sequence,7,107,107,108,3081,25498,25498,6,6,7,7,nordic_walking,nordic_walking,True,2.4531717e-09,1.7320943e-08,1.4454989e-10,3.1095624e-06,2.2098563e-06,3.5384952e-07,0.99999416,2.1854991e-09,3.0657972e-08,7.0374234e-08,1.1250694e-09,3.977117e-09,0.99999416
pamap2,gnn_flatten_lstm,sequence,7,107,107,108,3082,25499,25499,6,6,7,7,nordic_walking,nordic_walking,True,2.2059967e-09,1.4216233e-08,1.2862993e-10,2.9664207e-06,1.8135561e-06,3.0501462e-07,0.9999949,2.0043467e-09,2.8374403e-08,7.150433e-08,1.0080466e-09,3.5451246e-09,0.9999949
pamap2,gnn_flatten_lstm,sequence,7,107,107,108,3083,25500,25500,6,6,7,7,nordic_walking,nordic_walking,True,2.3566127e-09,1.477062e-08,1.3528752e-10,3.014595e-06,1.7535948e-06,2.8220217e-07,0.9999949,2.0076945e-09,2.681515e-08,7.493218e-08,9.602333e-10,3.458322e-09,0.9999949
pamap2,gnn_flatten_lstm,sequence,7,107,107,108,3084,25501,25501,6,6,7,7,nordic_walking,nordic_walking,True,2.1032356e-09,1.3463102e-08,1.10401625e-10,2.8483673e-06,1.6834834e-06,2.4462287e-07,0.9999951,1.7483291e-09,2.4161977e-08,6.6315884e-08,8.027873e-10,2.9964191e-09,0.9999951
pamap2,gnn_flatten_lstm,sequence,7,107,107,108,3085,25502,25502,6,6,7,7,nordic_walking,nordic_walking,True,4.043879e-09,2.0427246e-08,2.5400573e-10,5.393357e-06,1.9206084e-06,2.757313e-07,0.99999225,3.376359e-09,3.8243567e-08,1.2025606e-07,1.3299281e-09,5.2864295e-09,0.99999225
pamap2,gnn_flatten_lstm,sequence,7,107,107,108,3086,25503,25503,6,6,7,7,nordic_walking,nordic_walking,True,2.977176e-09,1.584461e-08,1.741968e-10,4.372134e-06,1.5822427e-06,2.3302474e-07,0.99999356,2.56585e-09,2.9584804e-08,1.0428621e-07,1.0613079e-09,3.7479944e-09,0.99999356
pamap2,gnn_flatten_lstm,sequence,7,107,107,108,3087,25504,25504,6,6,7,7,nordic_walking,nordic_walking,True,2.7607168e-09,1.539625e-08,1.6920136e-10,4.160641e-06,1.486916e-06,2.2527912e-07,0.9999939,2.426349e-09,2.8293258e-08,1.00320364e-07,1.034941e-09,3.4123417e-09,0.9999939
pamap2,gnn_flatten_lstm,sequence,7,107,107,108,3088,25505,25505,6,6,7,7,nordic_walking,nordic_walking,True,1.8133556e-09,1.05841975e-08,1.0720067e-10,3.1461432e-06,1.0998458e-06,1.7952111e-07,0.99999547,1.6855715e-09,2.162329e-08,8.2000184e-08,7.919712e-10,2.2779396e-09,0.99999547
pamap2,gnn_flatten_lstm,sequence,7,107,107,108,3089,25506,25506,6,6,7,7,nordic_walking,nordic_walking,True,1.3771734e-09,8.576976e-09,8.886134e-11,2.6975413e-06,8.7377794e-07,1.5920601e-07,0.99999607,1.3772968e-09,1.9940963e-08,7.54608e-08,7.45291e-10,1.7906517e-09,0.99999607
pamap2,gnn_flatten_lstm,sequence,7,107,107,108,3090,25507,25507,6,6,7,7,nordic_walking,nordic_walking,True,1.204207e-09,7.444223e-09,8.8608024e-11,2.4487615e-06,6.710144e-07,1.4660097e-07,0.99999654,1.2749343e-09,1.9784883e-08,8.025505e-08,7.0800177e-10,1.5736493e-09,0.99999654
pamap2,gnn_flatten_lstm,sequence,7,107,107,108,3091,25508,25508,6,6,7,7,nordic_walking,nordic_walking,True,1.4726813e-09,1.0204045e-08,9.876442e-11,1.9671927e-06,9.213921e-07,2.2800246e-07,0.9999968,1.4903393e-09,2.1280366e-08,8.263634e-08,8.4938195e-10,1.8233568e-09,0.9999968
pamap2,gnn_flatten_lstm,sequence,7,107,107,108,3092,25509,25509,6,6,7,7,nordic_walking,nordic_walking,True,1.7080165e-09,1.1821189e-08,1.1877724e-10,2.19129e-06,1.1707283e-06,2.9677273e-07,0.9999962,1.744903e-09,2.5898125e-08,8.398679e-08,1.0816077e-09,2.4067932e-09,0.9999962
pamap2,gnn_flatten_lstm,sequence,7,107,107,108,3093,25510,25510,6,6,7,7,nordic_walking,nordic_walking,True,1.6153636e-09,1.1046632e-08,1.188688e-10,2.2526726e-06,1.1362453e-06,2.9549622e-07,0.9999962,1.7211699e-09,2.6295076e-08,7.894751e-08,1.0221176e-09,2.4662945e-09,0.9999962
pamap2,gnn_flatten_lstm,sequence,7,107,107,108,3094,25511,25511,6,6,7,7,nordic_walking,nordic_walking,True,2.5014772e-09,1.4438207e-08,2.5026214e-10,5.077037e-06,1.2047203e-06,3.1807195e-07,0.9999931,3.5979113e-09,4.5592365e-08,1.2594364e-07,1.289592e-09,4.1398915e-09,0.9999931
pamap2,gnn_flatten_lstm,sequence,7,107,107,108,3095,25512,25512,6,6,7,7,nordic_walking,nordic_walking,True,1.9607451e-09,1.2496371e-08,1.5996687e-10,3.3420408e-06,1.3070195e-06,3.0209685e-07,0.999995,2.3790405e-09,3.2115025e-08,8.572964e-08,1.0886807e-09,3.233567e-09,0.999995
pamap2,gnn_flatten_lstm,sequence,7,107,107,108,3096,25513,25513,6,6,7,7,nordic_walking,nordic_walking,True,2.4097107e-09,1.44793475e-08,1.6226788e-10,3.35275e-06,1.5742972e-06,3.0774322e-07,0.99999464,2.388451e-09,3.0188893e-08,8.420335e-08,1.0556884e-09,3.6272354e-09,0.99999464
pamap2,gnn_flatten_lstm,sequence,7,107,107,108,3097,25514,25514,6,6,7,7,nordic_walking,nordic_walking,True,2.04095e-09,1.1821517e-08,1.288021e-10,2.7947704e-06,1.3883041e-06,2.762193e-07,0.99999535,1.9635789e-09,2.6820738e-08,7.7934565e-08,9.691984e-10,3.1029674e-09,0.99999535
pamap2,gnn_flatten_lstm,sequence,7,107,107,108,3098,25515,25515,6,6,7,7,nordic_walking,nordic_walking,True,2.5832474e-09,1.5117267e-08,1.7571208e-10,2.6732891e-06,1.5312281e-06,3.7131812e-07,0.99999523,2.4404805e-09,3.3164383e-08,1.09438034e-07,1.4871708e-09,3.76267e-09,0.99999523
pamap2,gnn_flatten_lstm,sequence,7,107,107,108,3099,25516,25516,6,6,7,7,nordic_walking,nordic_walking,True,2.523661e-09,1.5532953e-08,1.7038002e-10,2.8574134e-06,1.6901336e-06,3.976798e-07,0.999995,2.4442766e-09,3.5545114e-08,9.936185e-08,1.4480009e-09,4.022037e-09,0.999995
pamap2,gnn_flatten_lstm,sequence,7,107,107,108,3100,25517,25517,6,6,7,7,nordic_walking,nordic_walking,True,2.1463518e-09,1.2536795e-08,1.276015e-10,2.660484e-06,1.4307601e-06,3.0041457e-07,0.99999547,1.920846e-09,2.777624e-08,8.489817e-08,1.0581043e-09,3.1358638e-09,0.99999547
pamap2,gnn_flatten_lstm,sequence,7,107,107,108,3101,25518,25518,6,6,7,7,nordic_walking,nordic_walking,True,3.0453997e-09,1.5991397e-08,2.4519425e-10,5.1669076e-06,1.2597492e-06,2.4172266e-07,0.9999931,3.0503644e-09,3.952462e-08,1.2816155e-07,1.1918181e-09,4.0788652e-09,0.9999931
pamap2,gnn_flatten_lstm,sequence,7,107,107,108,3102,25519,25519,6,6,7,7,nordic_walking,nordic_walking,True,1.6294556e-09,9.6980415e-09,1.0947824e-10,2.8578822e-06,9.0840587e-07,1.8668888e-07,0.99999595,1.6643721e-09,2.2948752e-08,8.1300975e-08,6.8378564e-10,2.1262443e-09,0.99999595
pamap2,gnn_flatten_lstm,sequence,7,107,107,108,3103,25520,25520,6,6,7,7,nordic_walking,nordic_walking,True,1.5596484e-09,1.1611616e-08,1.1272914e-10,2.8590262e-06,1.1683653e-06,2.320988e-07,0.9999956,1.6580537e-09,2.6673613e-08,6.83468e-08,7.6364315e-10,2.4328222e-09,0.9999956
pamap2,gnn_flatten_lstm,sequence,7,107,107,108,3104,25521,25521,6,6,7,7,nordic_walking,nordic_walking,True,1.8618865e-09,1.1912307e-08,1.2078488e-10,2.7328565e-06,1.280853e-06,2.6482462e-07,0.9999956,1.8204773e-09,2.6996423e-08,8.121432e-08,9.98432e-10,2.8022236e-09,0.9999956
pamap2,gnn_flatten_lstm,sequence,7,107,107,108,3105,25522,25522,6,6,7,7,nordic_walking,nordic_walking,True,1.7726682e-09,1.2172772e-08,1.230512e-10,2.3851026e-06,1.3003988e-06,3.105181e-07,0.99999595,1.8201447e-09,2.8655073e-08,8.089787e-08,1.1235058e-09,2.791454e-09,0.99999595
pamap2,gnn_flatten_lstm,sequence,7,107,107,108,3106,25523,25523,6,6,7,7,nordic_walking,nordic_walking,True,1.7812019e-09,1.1836549e-08,1.2487456e-10,2.5367644e-06,1.2786979e-06,3.0189315e-07,0.9999957,1.8364468e-09,2.8005955e-08,7.9260545e-08,1.0651593e-09,2.8015292e-09,0.9999957
pamap2,gnn_flatten_lstm,sequence,7,107,107,108,3107,25524,25524,6,6,7,7,nordic_walking,nordic_walking,True,1.5211044e-09,9.79413e-09,1.0323247e-10,2.3690736e-06,1.0493319e-06,2.4415678e-07,0.9999962,1.5494791e-09,2.3738817e-08,7.474258e-08,9.0801233e-10,2.2421285e-09,0.9999962
pamap2,gnn_flatten_lstm,sequence,7,107,107,108,3108,25525,25525,6,6,7,7,nordic_walking,nordic_walking,True,1.3281084e-09,9.23976e-09,8.5149957e-11,2.3671612e-06,1.0790563e-06,2.125619e-07,0.9999963,1.3978847e-09,2.208919e-08,5.9919486e-08,7.004755e-10,2.007977e-09,0.9999963
pamap2,gnn_flatten_lstm,sequence,7,107,107,108,3109,25526,25526,6,6,7,7,nordic_walking,nordic_walking,True,1.4658987e-09,9.858605e-09,1.0000218e-10,2.347441e-06,1.0152082e-06,2.2340673e-07,0.9999963,1.5001006e-09,2.3768543e-08,7.191435e-08,8.009667e-10,2.1218982e-09,0.9999963
pamap2,gnn_flatten_lstm,sequence,7,107,107,108,3110,25527,25527,6,6,7,7,nordic_walking,nordic_walking,True,1.891788e-09,1.1790876e-08,1.3233481e-10,2.5616762e-06,1.1058012e-06,2.6348346e-07,0.9999958,1.8748623e-09,2.8219153e-08,9.484907e-08,1.0728176e-09,2.6364255e-09,0.9999958
pamap2,gnn_flatten_lstm,sequence,7,107,107,108,3111,25528,25528,6,6,7,7,nordic_walking,nordic_walking,True,1.765178e-09,1.11156355e-08,1.1820046e-10,2.5262295e-06,1.1517303e-06,2.585179e-07,0.99999595,1.7761201e-09,2.8282253e-08,8.583296e-08,1.020267e-09,2.6222584e-09,0.99999595
pamap2,gnn_flatten_lstm,sequence,7,107,107,108,3112,25529,25529,6,6,7,7,nordic_walking,nordic_walking,True,1.7936188e-09,1.0545856e-08,1.2335906e-10,2.6339371e-06,9.842989e-07,2.2445761e-07,0.99999607,1.7561482e-09,2.6755254e-08,9.6237706e-08,9.977281e-10,2.4586526e-09,0.99999607
pamap2,gnn_flatten_lstm,sequence,7,107,107,108,3113,25530,25530,6,6,7,7,nordic_walking,nordic_walking,True,2.2431714e-09,1.2144965e-08,1.4286115e-10,2.7935166e-06,1.0353958e-06,2.1457633e-07,0.9999958,1.9081028e-09,2.531064e-08,1.0555478e-07,9.363103e-10,2.6266833e-09,0.9999958
pamap2,gnn_flatten_lstm,sequence,7,107,107,108,3114,25531,25531,6,6,7,7,nordic_walking,nordic_walking,True,3.1782406e-09,1.8589864e-08,2.1924924e-10,3.0073984e-06,1.7543572e-06,3.876303e-07,0.99999464,2.7304767e-09,3.6336772e-08,1.2037616e-07,1.6299693e-09,4.4296766e-09,0.99999464
pamap2,gnn_flatten_lstm,sequence,7,107,107,108,3115,25532,25532,6,6,7,7,nordic_walking,nordic_walking,True,4.795332e-09,2.6196897e-08,3.9295123e-10,6.5671034e-06,2.4959095e-06,4.814808e-07,0.9999901,5.701771e-09,6.76003e-08,1.5684448e-07,2.0888449e-09,8.151457e-09,0.9999901
pamap2,gnn_flatten_lstm,sequence,7,107,107,108,3116,25533,25533,6,6,7,7,nordic_walking,nordic_walking,True,3.4002772e-09,2.331668e-08,2.1618828e-10,3.8712233e-06,3.129513e-06,5.427025e-07,0.99999225,3.722264e-09,4.90648e-08,8.840605e-08,1.550987e-09,6.4582073e-09,0.99999225
pamap2,gnn_flatten_lstm,sequence,7,107,107,108,3117,25534,25534,6,6,7,7,nordic_walking,nordic_walking,True,2.8536562e-09,2.0331601e-08,1.808573e-10,3.869473e-06,2.574706e-06,4.670652e-07,0.99999297,3.030866e-09,4.4161826e-08,8.2335994e-08,1.3254519e-09,5.312644e-09,0.99999297
pamap2,gnn_flatten_lstm,sequence,7,107,107,108,3118,25535,25535,6,6,7,7,nordic_walking,nordic_walking,True,2.8448486e-09,1.8930084e-08,1.9243031e-10,3.8876515e-06,2.0078671e-06,3.607055e-07,0.99999356,2.74828e-09,3.780066e-08,9.2121994e-08,1.2545376e-09,4.440712e-09,0.99999356
pamap2,gnn_flatten_lstm,sequence,7,107,107,108,3119,25536,25536,6,6,7,7,nordic_walking,nordic_walking,True,2.6207865e-09,1.9070766e-08,2.1335136e-10,3.9514225e-06,2.132936e-06,4.2448627e-07,0.9999933,2.950161e-09,4.5698158e-08,8.794063e-08,1.4471977e-09,5.1068803e-09,0.9999933
pamap2,gnn_flatten_lstm,sequence,7,107,107,108,3120,25537,25537,6,6,7,7,nordic_walking,nordic_walking,True,2.0880402e-09,1.6123257e-08,1.6551367e-10,3.5536905e-06,2.0082375e-06,3.862591e-07,0.9999939,2.474516e-09,4.086923e-08,7.173061e-08,1.2127691e-09,4.294468e-09,0.9999939
pamap2,gnn_flatten_lstm,sequence,7,107,107,108,3121,25538,25538,6,6,7,7,nordic_walking,nordic_walking,True,2.158796e-09,1.7723977e-08,1.5916679e-10,3.6609747e-06,2.3491361e-06,4.1392298e-07,0.99999344,2.473071e-09,4.2522558e-08,6.69206e-08,1.2102359e-09,4.5694564e-09,0.99999344
pamap2,gnn_flatten_lstm,sequence,7,107,107,108,3122,25539,25539,6,6,7,7,nordic_walking,nordic_walking,True,2.4465407e-09,2.2211445e-08,1.8650743e-10,4.2709853e-06,3.0754338e-06,5.2054037e-07,0.999992,2.9675167e-09,5.422634e-08,6.830837e-08,1.4265211e-09,5.746052e-09,0.999992
pamap2,gnn_flatten_lstm,sequence,7,107,107,108,3123,25540,25540,6,6,7,7,nordic_walking,nordic_walking,True,2.5304059e-09,2.25441e-08,1.7352599e-10,4.3289074e-06,3.1172665e-06,4.470069e-07,0.9999919,2.79344e-09,4.9488662e-08,6.683796e-08,1.3049759e-09,5.257508e-09,0.9999919
pamap2,gnn_flatten_lstm,sequence,7,107,107,108,3124,25541,25541,6,6,7,7,nordic_walking,nordic_walking,True,1.7509625e-09,1.6140847e-08,1.1259179e-10,3.5628916e-06,2.5897905e-06,3.8053645e-07,0.9999933,2.112942e-09,4.135459e-08,5.1712618e-08,9.880954e-10,3.986432e-09,0.9999933
pamap2,gnn_flatten_lstm,sequence,7,107,107,108,3125,25542,25542,6,6,7,7,nordic_walking,nordic_walking,True,3.1797915e-09,2.2630532e-08,1.5133883e-10,2.9181233e-06,4.1021535e-06,6.1071364e-07,0.99999225,2.8630367e-09,3.894307e-08,6.537329e-08,1.5066496e-09,6.2231056e-09,0.99999225
pamap2,gnn_flatten_lstm,sequence,7,107,107,108,3126,25543,25543,6,6,7,7,nordic_walking,nordic_walking,True,2.8633882e-09,1.9769347e-08,1.3880386e-10,3.2133012e-06,3.2280439e-06,4.62757e-07,0.99999297,2.5386027e-09,3.4827032e-08,6.378739e-08,1.2106324e-09,5.1564046e-09,0.99999297
pamap2,gnn_flatten_lstm,sequence,7,107,107,108,3127,25544,25544,6,6,7,7,nordic_walking,nordic_walking,True,3.0450256e-09,2.1641457e-08,1.5292312e-10,3.648997e-06,3.5850048e-06,4.7987606e-07,0.99999225,2.7872142e-09,3.8333976e-08,6.189561e-08,1.2100729e-09,5.703045e-09,0.99999225
pamap2,gnn_flatten_lstm,sequence,7,107,107,108,3128,25545,25545,6,6,7,7,nordic_walking,nordic_walking,True,2.4636067e-09,1.7367402e-08,1.323246e-10,3.4719787e-06,3.005114e-06,4.1185004e-07,0.99999297,2.4517375e-09,3.557183e-08,5.6212567e-08,1.0901434e-09,4.8869793e-09,0.99999297
pamap2,gnn_flatten_lstm,sequence,7,107,107,108,3129,25546,25546,6,6,7,7,nordic_walking,nordic_walking,True,3.4880265e-09,2.2959059e-08,2.543977e-10,6.8504214e-06,3.3902732e-06,4.6062593e-07,0.99998915,4.418219e-09,6.306457e-08,8.242509e-08,1.5312587e-09,7.927768e-09,0.99998915
pamap2,gnn_flatten_lstm,sequence,7,107,107,108,3130,25547,25547,6,6,7,7,nordic_walking,nordic_walking,True,2.3698354e-09,1.8850935e-08,1.704595e-10,4.385926e-06,2.9473613e-06,4.70022e-07,0.99999213,3.015163e-09,4.883847e-08,6.346538e-08,1.3199206e-09,5.5222897e-09,0.99999213
pamap2,gnn_flatten_lstm,sequence,7,107,107,108,3131,25548,25548,6,6,7,7,nordic_walking,nordic_walking,True,2.1310538e-09,1.6368153e-08,1.4217466e-10,3.7957823e-06,2.6135394e-06,4.0612164e-07,0.9999931,2.4883342e-09,4.0152557e-08,5.68919e-08,1.1151339e-09,4.68219e-09,0.9999931
pamap2,gnn_flatten_lstm,sequence,7,107,107,108,3132,25549,25549,6,6,7,7,nordic_walking,nordic_walking,True,1.905383e-09,1.3658862e-08,1.1227364e-10,3.3292151e-06,2.0814036e-06,3.0474862e-07,0.99999416,1.9449802e-09,2.9157667e-08,5.5873464e-08,9.365408e-10,3.4664889e-09,0.99999416
pamap2,gnn_flatten_lstm,sequence,7,107,107,108,3133,25550,25550,6,6,7,7,nordic_walking,nordic_walking,True,1.6308974e-09,1.0673154e-08,8.5742136e-11,2.7273861e-06,1.5601327e-06,2.3181474e-07,0.99999547,1.5328608e-09,2.1362448e-08,5.4117418e-08,7.4246703e-10,2.514826e-09,0.99999547
pamap2,gnn_flatten_lstm,sequence,7,107,107,108,3134,25551,25551,6,6,7,7,nordic_walking,nordic_walking,True,1.4502933e-09,9.969028e-09,8.53216e-11,2.5729291e-06,1.2493974e-06,2.2819869e-07,0.9999958,1.4642885e-09,2.1280101e-08,6.142622e-08,7.8821466e-10,2.1617677e-09,0.9999958
pamap2,gnn_flatten_lstm,sequence,7,107,107,108,3135,25552,25552,6,6,7,7,nordic_walking,nordic_walking,True,1.3765586e-09,1.0972921e-08,1.08474306e-10,2.6044404e-06,1.0633281e-06,2.5034893e-07,0.99999595,1.5330048e-09,2.4826818e-08,7.162207e-08,9.159509e-10,2.1270354e-09,0.99999595
pamap2,gnn_flatten_lstm,sequence,7,107,107,108,3136,25553,25553,6,6,7,7,nordic_walking,nordic_walking,True,1.4297954e-09,1.1183004e-08,1.1317081e-10,2.7163965e-06,1.0328376e-06,2.409307e-07,0.9999958,1.5649111e-09,2.4756455e-08,7.6357274e-08,9.227827e-10,2.1350914e-09,0.9999958
pamap2,gnn_flatten_lstm,sequence,7,107,107,108,3137,25554,25554,6,6,7,7,nordic_walking,nordic_walking,True,1.3125147e-09,1.073158e-08,1.0144915e-10,2.6062016e-06,1.1080475e-06,2.4009282e-07,0.9999958,1.4926222e-09,2.4915286e-08,6.5500096e-08,8.5515023e-10,2.116824e-09,0.9999958
pamap2,gnn_flatten_lstm,sequence,7,107,107,108,3138,25555,25555,6,6,7,7,nordic_walking,nordic_walking,True,1.5971701e-09,1.4341929e-08,1.0905926e-10,2.4641195e-06,1.7584857e-06,3.6391506e-07,0.99999535,1.808799e-09,2.8858818e-08,6.0476744e-08,1.0494896e-09,2.7588363e-09,0.99999535
pamap2,gnn_flatten_lstm,sequence,7,107,107,108,3139,25556,25556,6,6,7,7,nordic_walking,nordic_walking,True,2.2946396e-09,1.5953617e-08,1.2663305e-10,2.3732835e-06,2.2630054e-06,4.4586128e-07,0.9999949,2.1980586e-09,3.005343e-08,6.861059e-08,1.2444132e-09,3.8379566e-09,0.9999949
pamap2,gnn_flatten_lstm,sequence,7,107,107,108,3140,25557,25557,6,6,7,7,nordic_walking,nordic_walking,True,2.101576e-09,1.34050175e-08,1.3264408e-10,2.5107413e-06,1.6179334e-06,3.6540945e-07,0.99999535,2.0623434e-09,2.9436878e-08,7.849924e-08,1.1918593e-09,3.3368872e-09,0.99999535
pamap2,gnn_flatten_lstm,sequence,7,107,107,108,3141,25558,25558,6,6,7,7,nordic_walking,nordic_walking,True,1.8720392e-09,1.2051923e-08,1.2726416e-10,2.4604642e-06,1.3855364e-06,3.288979e-07,0.9999957,1.9201138e-09,2.8800375e-08,7.83745e-08,1.1289618e-09,2.9945468e-09,0.9999957
pamap2,gnn_flatten_lstm,sequence,7,107,107,108,3142,25559,25559,6,6,7,7,nordic_walking,nordic_walking,True,1.5639746e-09,9.6396375e-09,1.0818999e-10,2.4688889e-06,1.0431785e-06,2.519655e-07,0.99999607,1.6723533e-09,2.4582928e-08,7.858408e-08,9.682901e-10,2.3332198e-09,0.99999607
pamap2,gnn_flatten_lstm,sequence,7,107,107,108,3143,25560,25560,6,6,7,7,nordic_walking,nordic_walking,True,1.5357914e-09,9.900926e-09,1.0085494e-10,2.3854923e-06,1.1877215e-06,2.6284158e-07,0.99999607,1.6225645e-09,2.3863883e-08,6.682562e-08,8.647704e-10,2.4275624e-09,0.99999607
pamap2,gnn_flatten_lstm,sequence,7,107,107,108,3144,25561,25561,6,6,7,7,nordic_walking,nordic_walking,True,1.646736e-09,1.1059676e-08,1.0271098e-10,2.4984956e-06,1.4209305e-06,2.883279e-07,0.9999957,1.6959365e-09,2.502793e-08,6.350085e-08,9.04289e-10,2.672565e-09,0.9999957
pamap2,gnn_flatten_lstm,sequence,7,107,107,108,3145,25562,25562,6,6,7,7,nordic_walking,nordic_walking,True,1.5752912e-09,9.9824256e-09,1.0805472e-10,2.4939045e-06,1.0933626e-06,2.453329e-07,0.99999607,1.6036427e-09,2.357237e-08,7.5841434e-08,9.810914e-10,2.3004136e-09,0.99999607
pamap2,gnn_flatten_lstm,sequence,7,107,107,108,3146,25563,25563,6,6,7,7,nordic_walking,nordic_walking,True,1.5575924e-09,9.202666e-09,1.06370975e-10,2.4752408e-06,9.492346e-07,2.1715944e-07,0.9999963,1.5620074e-09,2.2019151e-08,8.103009e-08,9.1998187e-10,2.1423086e-09,0.9999963
pamap2,gnn_flatten_lstm,sequence,7,107,107,108,3147,25564,25564,6,6,7,7,nordic_walking,nordic_walking,True,1.6231375e-09,9.152113e-09,1.0531999e-10,2.4733129e-06,9.1671126e-07,2.0578484e-07,0.9999963,1.5478429e-09,2.0682947e-08,8.494019e-08,8.850146e-10,2.109268e-09,0.9999963
pamap2,gnn_flatten_lstm,sequence,7,107,107,108,3148,25565,25565,6,6,7,7,nordic_walking,nordic_walking,True,1.351622e-09,8.245695e-09,8.718455e-11,2.3367536e-06,8.5875297e-07,1.8759886e-07,0.99999654,1.3705889e-09,1.8932921e-08,7.4568455e-08,7.817055e-10,1.7846924e-09,0.99999654
pamap2,gnn_flatten_lstm,sequence,7,107,107,108,3149,25566,25566,6,6,7,7,nordic_walking,nordic_walking,True,1.2525257e-09,8.407267e-09,8.298082e-11,2.339148e-06,8.8815716e-07,1.8411234e-07,0.9999964,1.338474e-09,1.9336705e-08,6.687512e-08,7.063763e-10,1.7124109e-09,0.9999964
pamap2,gnn_flatten_lstm,sequence,7,107,107,108,3150,25567,25567,6,6,7,7,nordic_walking,nordic_walking,True,1.3267766e-09,8.636056e-09,8.600394e-11,2.4477827e-06,8.8488684e-07,1.8157955e-07,0.9999963,1.3825454e-09,1.8966062e-08,7.107422e-08,7.212018e-10,1.7359967e-09,0.9999963
pamap2,gnn_flatten_lstm,sequence,7,107,107,108,3151,25568,25568,6,6,7,7,nordic_walking,nordic_walking,True,1.7197418e-09,1.1330937e-08,1.1111936e-10,2.6591074e-06,1.1981605e-06,2.3241518e-07,0.9999958,1.6909689e-09,2.2760261e-08,7.383614e-08,8.603741e-10,2.3994355e-09,0.9999958
pamap2,gnn_flatten_lstm,sequence,7,107,107,108,3152,25569,25569,6,6,7,7,nordic_walking,nordic_walking,True,1.9385091e-09,1.20868435e-08,1.2794708e-10,2.788044e-06,1.3135768e-06,2.6941962e-07,0.9999956,1.8925168e-09,2.54842e-08,8.071135e-08,1.0316004e-09,2.843471e-09,0.9999956
pamap2,gnn_flatten_lstm,sequence,7,107,107,108,3153,25570,25570,6,6,7,7,nordic_walking,nordic_walking,True,2.3364783e-09,1.4459711e-08,1.5980656e-10,2.6296893e-06,1.3310738e-06,3.137788e-07,0.9999956,2.1829276e-09,2.790081e-08,1.0003126e-07,1.150412e-09,3.102258e-09,0.9999956
pamap2,gnn_flatten_lstm,sequence,7,107,107,108,3154,25571,25571,6,6,7,7,nordic_walking,nordic_walking,True,2.4929947e-09,1.5644574e-08,1.7489755e-10,2.6852472e-06,1.5417827e-06,3.6131e-07,0.99999523,2.3094504e-09,3.0460875e-08,9.334023e-08,1.2452398e-09,3.5980154e-09,0.99999523
pamap2,gnn_flatten_lstm,sequence,7,107,107,108,3155,25572,25572,6,6,7,7,nordic_walking,nordic_walking,True,2.6324534e-09,1.6070036e-08,1.9306069e-10,2.918924e-06,1.5817319e-06,3.7702873e-07,0.9999949,2.4877027e-09,3.325381e-08,1.0004626e-07,1.4016045e-09,3.9001504e-09,0.9999949
pamap2,gnn_flatten_lstm,sequence,7,107,107,108,3156,25573,25573,6,6,7,7,nordic_walking,nordic_walking,True,2.170866e-09,1.2568136e-08,1.4629921e-10,2.8030965e-06,1.1772817e-06,2.7672877e-07,0.9999956,2.030506e-09,2.6709198e-08,9.7616976e-08,1.0586697e-09,2.8907898e-09,0.9999956
pamap2,gnn_flatten_lstm,sequence,7,107,107,108,3157,25574,25574,6,6,7,7,nordic_walking,nordic_walking,True,1.8181462e-09,1.0744771e-08,1.2290108e-10,2.6542332e-06,1.0180039e-06,2.3172268e-07,0.99999595,1.7524138e-09,2.443977e-08,9.205599e-08,9.57564e-10,2.4300173e-09,0.99999595
pamap2,gnn_flatten_lstm,sequence,7,107,107,108,3158,25575,25575,6,6,7,7,nordic_walking,nordic_walking,True,2.0585436e-09,1.29210465e-08,1.5182852e-10,2.7480464e-06,1.1918683e-06,2.9541883e-07,0.9999956,2.045721e-09,2.9441546e-08,1.0083369e-07,1.2333787e-09,2.9509333e-09,0.9999956
pamap2,gnn_flatten_lstm,sequence,7,107,107,108,3159,25576,25576,6,6,7,7,nordic_walking,nordic_walking,True,2.2293896e-09,1.4243382e-08,1.6204348e-10,2.7252775e-06,1.2802888e-06,3.2990403e-07,0.99999547,2.1748814e-09,3.1913476e-08,1.07872154e-07,1.3360698e-09,3.1668974e-09,0.99999547
pamap2,gnn_flatten_lstm,sequence,7,107,107,108,3160,25577,25577,6,6,7,7,nordic_walking,nordic_walking,True,2.7000777e-09,1.6313207e-08,2.0892288e-10,2.9089956e-06,1.338672e-06,3.864796e-07,0.9999951,2.6251237e-09,3.7219642e-08,1.3775743e-07,1.7436468e-09,3.7781667e-09,0.9999951
pamap2,gnn_flatten_lstm,sequence,7,107,107,108,3161,25578,25578,6,6,7,7,nordic_walking,nordic_walking,True,2.4129316e-09,1.520306e-08,1.8882426e-10,2.9078199e-06,1.3266733e-06,3.7296414e-07,0.99999523,2.4491256e-09,3.518801e-08,1.1604864e-07,1.4770224e-09,3.6037229e-09,0.99999523
pamap2,gnn_flatten_lstm,sequence,7,107,107,108,3162,25579,25579,6,6,7,7,nordic_walking,nordic_walking,True,3.6328414e-09,2.221636e-08,2.7336935e-10,3.3119427e-06,1.996206e-06,5.249828e-07,0.9999939,3.4342018e-09,4.2971987e-08,1.3577332e-07,1.9789466e-09,5.3509064e-09,0.9999939
pamap2,gnn_flatten_lstm,sequence,7,107,107,108,3163,25580,25580,6,6,7,7,nordic_walking,nordic_walking,True,3.83416e-09,2.232228e-08,2.5924565e-10,3.6466215e-06,2.2968925e-06,4.7649598e-07,0.9999933,3.334851e-09,4.128602e-08,1.14339734e-07,1.6475207e-09,5.9509704e-09,0.9999933
pamap2,gnn_flatten_lstm,sequence,7,107,107,108,3164,25581,25581,6,6,7,7,nordic_walking,nordic_walking,True,2.7185558e-09,1.547924e-08,1.8395922e-10,3.3026158e-06,1.4643031e-06,3.2001793e-07,0.99999475,2.463973e-09,3.1065913e-08,1.1020232e-07,1.2669059e-09,3.7406713e-09,0.99999475
pamap2,gnn_flatten_lstm,sequence,7,107,107,108,3165,25582,25582,6,6,7,7,nordic_walking,nordic_walking,True,2.4791016e-09,1.5893395e-08,1.8165737e-10,2.761117e-06,1.5225464e-06,3.7031094e-07,0.99999523,2.3775624e-09,3.2425e-08,1.02642545e-07,1.4004641e-09,3.6493886e-09,0.99999523
pamap2,gnn_flatten_lstm,sequence,7,107,107,108,3166,25583,25583,6,6,7,7,nordic_walking,nordic_walking,True,2.9082743e-09,1.78484e-08,2.0643523e-10,2.7161266e-06,1.8515857e-06,4.7014382e-07,0.99999475,2.792649e-09,3.729837e-08,1.12133705e-07,1.7916812e-09,4.45672e-09,0.99999475
pamap2,gnn_flatten_lstm,sequence,7,107,107,108,3167,25584,25584,6,6,7,7,nordic_walking,nordic_walking,True,3.4812446e-09,2.0150138e-08,2.3407337e-10,2.9862476e-06,2.1485866e-06,5.4746783e-07,0.99999416,3.2400345e-09,4.1605187e-08,1.2112967e-07,1.9942095e-09,5.3828453e-09,0.99999416
pamap2,gnn_flatten_lstm,sequence,7,107,107,108,3168,25585,25585,6,6,7,7,nordic_walking,nordic_walking,True,3.2212588e-09,1.8763659e-08,2.2283692e-10,3.125868e-06,1.9631734e-06,4.929445e-07,0.99999416,3.0697977e-09,3.9763073e-08,1.1425818e-07,1.7488245e-09,4.9780433e-09,0.99999416
pamap2,gnn_flatten_lstm,sequence,7,107,107,108,3169,25586,25586,6,6,7,7,nordic_walking,nordic_walking,True,2.9202303e-09,1.6631999e-08,1.7930271e-10,2.971389e-06,1.8703179e-06,4.0835076e-07,0.99999464,2.602181e-09,3.4111352e-08,9.583239e-08,1.3200322e-09,4.404596e-09,0.99999464
pamap2,gnn_flatten_lstm,sequence,7,107,107,108,3170,25587,25587,6,6,7,7,nordic_walking,nordic_walking,True,4.00417e-09,2.2594703e-08,2.7613178e-10,4.3080386e-06,2.3671798e-06,4.5526198e-07,0.9999927,3.6784022e-09,4.776224e-08,1.1572144e-07,1.6304047e-09,6.3970225e-09,0.9999927
pamap2,gnn_flatten_lstm,sequence,7,107,107,108,3171,25588,25588,6,6,7,7,nordic_walking,nordic_walking,True,3.190032e-09,1.8270738e-08,1.9631627e-10,3.6551703e-06,2.0892917e-06,3.9844076e-07,0.9999937,2.9288458e-09,3.8060897e-08,9.9989094e-08,1.3527091e-09,5.0493107e-09,0.9999937
pamap2,gnn_flatten_lstm,sequence,7,107,107,108,3172,25589,25589,6,6,7,7,nordic_walking,nordic_walking,True,3.2879761e-09,1.828221e-08,1.9324396e-10,3.3562344e-06,2.0895473e-06,4.0942126e-07,0.9999939,2.8054972e-09,3.4989323e-08,1.01693786e-07,1.4074594e-09,5.02838e-09,0.9999939
pamap2,gnn_flatten_lstm,sequence,7,107,107,108,3173,25590,25590,6,6,7,7,nordic_walking,nordic_walking,True,3.3516683e-09,1.8425458e-08,1.883589e-10,3.3139586e-06,2.2028048e-06,4.0965244e-07,0.9999939,2.7475946e-09,3.446435e-08,9.865377e-08,1.4090172e-09,5.194929e-09,0.9999939
pamap2,gnn_flatten_lstm,sequence,7,107,107,108,3174,25591,25591,6,6,7,7,nordic_walking,nordic_walking,True,5.4440066e-09,3.0096288e-08,3.0545957e-10,3.503291e-06,4.199313e-06,7.391531e-07,0.9999913,4.1798645e-09,5.226005e-08,1.1654194e-07,2.409951e-09,9.993961e-09,0.9999913
pamap2,gnn_flatten_lstm,sequence,7,107,107,108,3175,25592,25592,6,6,7,7,nordic_walking,nordic_walking,True,5.94392e-09,3.4522518e-08,3.7576584e-10,4.105379e-06,4.3221767e-06,8.592098e-07,0.99999046,4.9284345e-09,6.4642e-08,1.3905625e-07,2.827076e-09,1.13860565e-08,0.99999046
pamap2,gnn_flatten_lstm,sequence,7,107,107,108,3176,25593,25593,6,6,7,7,nordic_walking,nordic_walking,True,3.3559406e-09,2.055504e-08,1.9603826e-10,3.391598e-06,2.3556518e-06,4.4100852e-07,0.9999937,2.8257265e-09,3.885995e-08,1.0157687e-07,1.4322269e-09,5.2378395e-09,0.9999937
pamap2,gnn_flatten_lstm,sequence,7,107,107,108,3177,25594,25594,6,6,7,7,nordic_walking,nordic_walking,True,2.416901e-09,1.5252722e-08,1.5104362e-10,3.1725258e-06,1.5683993e-06,3.068919e-07,0.9999949,2.2176871e-09,3.1209286e-08,9.528525e-08,1.116992e-09,3.4631076e-09,0.9999949
pamap2,gnn_flatten_lstm,sequence,7,107,107,108,3178,25595,25595,6,6,7,7,nordic_walking,nordic_walking,True,2.1219286e-09,1.3077044e-08,1.5552805e-10,3.1159873e-06,1.1219341e-06,2.492142e-07,0.99999535,2.0745343e-09,3.063591e-08,1.13201374e-07,1.1902259e-09,2.872541e-09,0.99999535
pamap2,gnn_flatten_lstm,sequence,7,107,107,108,3179,25596,25596,6,6,7,7,nordic_walking,nordic_walking,True,1.8382132e-09,1.1696307e-08,1.347268e-10,2.9331277e-06,9.717788e-07,2.2277985e-07,0.9999958,1.8526023e-09,2.752327e-08,1.06116175e-07,1.0112174e-09,2.4499216e-09,0.9999958
pamap2,gnn_flatten_lstm,sequence,7,107,107,108,3180,25597,25597,6,6,7,7,nordic_walking,nordic_walking,True,1.9388529e-09,1.2025812e-08,1.3762266e-10,2.9925438e-06,1.006131e-06,2.1678558e-07,0.9999956,1.8777497e-09,2.683599e-08,1.0732912e-07,1.0053419e-09,2.517019e-09,0.9999956
pamap2,gnn_flatten_lstm,sequence,7,107,107,108,3181,25598,25598,6,6,7,7,nordic_walking,nordic_walking,True,2.1644568e-09,1.40265435e-08,1.5858892e-10,3.0827323e-06,1.2121159e-06,2.673112e-07,0.99999535,2.1232078e-09,3.042453e-08,1.0658042e-07,1.1405755e-09,3.0073213e-09,0.99999535
pamap2,gnn_flatten_lstm,sequence,7,107,107,108,3182,25599,25599,6,6,7,7,nordic_walking,nordic_walking,True,2.8450688e-09,1.7287421e-08,2.454286e-10,3.524237e-06,1.1848306e-06,3.1166286e-07,0.99999475,2.8507996e-09,3.907419e-08,1.6504293e-07,1.7220999e-09,3.6608134e-09,0.99999475
pamap2,gnn_flatten_lstm,sequence,7,107,107,108,3183,25600,25600,6,6,7,7,nordic_walking,nordic_walking,True,2.9887979e-09,1.7290883e-08,2.5471422e-10,3.5550563e-06,1.1353089e-06,3.0525553e-07,0.99999475,2.9046376e-09,3.973724e-08,1.7970598e-07,1.7905504e-09,3.7313366e-09,0.99999475
pamap2,gnn_flatten_lstm,sequence,7,107,107,108,3184,25601,25601,6,6,7,7,nordic_walking,nordic_walking,True,2.0202184e-09,1.2453905e-08,1.6488536e-10,3.032946e-06,9.3693035e-07,2.4083118e-07,0.9999956,2.0760744e-09,3.096319e-08,1.2703117e-07,1.2665978e-09,2.6657376e-09,0.9999956
pamap2,gnn_flatten_lstm,sequence,7,107,107,108,3185,25602,25602,6,6,7,7,nordic_walking,nordic_walking,True,1.4717906e-09,1.0339892e-08,1.2346217e-10,2.4383326e-06,8.957481e-07,2.4484467e-07,0.9999963,1.6335016e-09,2.7522548e-08,8.997588e-08,1.0569595e-09,2.2343123e-09,0.9999963
pamap2,gnn_flatten_lstm,sequence,7,107,107,108,3186,25603,25603,6,6,7,7,nordic_walking,nordic_walking,True,1.429319e-09,1.0022091e-08,1.1733774e-10,2.428111e-06,8.901964e-07,2.3955866e-07,0.9999963,1.6068458e-09,2.692625e-08,8.5808274e-08,9.776377e-10,2.1684217e-09,0.9999963
pamap2,gnn_flatten_lstm,sequence,7,107,107,108,3187,25604,25604,6,6,7,7,nordic_walking,nordic_walking,True,1.2695932e-09,8.606083e-09,9.6477264e-11,2.2988347e-06,7.780697e-07,1.9576206e-07,0.99999654,1.3729304e-09,2.2516444e-08,7.860796e-08,7.87521e-10,1.7903726e-09,0.99999654
pamap2,gnn_flatten_lstm,sequence,7,107,107,108,3188,25605,25605,6,6,7,7,nordic_walking,nordic_walking,True,1.1685519e-09,7.832986e-09,8.4504924e-11,2.2108063e-06,7.220855e-07,1.7277823e-07,0.9999968,1.242447e-09,2.0120849e-08,7.346521e-08,6.9260697e-10,1.5810236e-09,0.9999968
pamap2,gnn_flatten_lstm,sequence,7,107,107,108,3189,25606,25606,6,6,7,7,nordic_walking,nordic_walking,True,1.9001025e-09,1.1554115e-08,1.5803406e-10,2.6217153e-06,8.568891e-07,2.4984763e-07,0.9999962,1.9111337e-09,2.9307545e-08,1.3705505e-07,1.5107676e-09,2.4270395e-09,0.9999962
pamap2,gnn_flatten_lstm,sequence,7,107,107,108,3190,25607,25607,6,6,7,7,nordic_walking,nordic_walking,True,2.1804771e-09,1.1668232e-08,1.7766004e-10,2.8859743e-06,7.907456e-07,2.362256e-07,0.9999958,2.1539603e-09,3.0337507e-08,1.6929312e-07,1.5960289e-09,2.5978646e-09,0.9999958
pamap2,gnn_flatten_lstm,sequence,7,107,107,108,3191,25608,25608,6,6,7,7,nordic_walking,nordic_walking,True,1.7252292e-09,9.605466e-09,1.4106978e-10,2.6740518e-06,6.9926193e-07,1.9711025e-07,0.9999963,1.7991973e-09,2.6454346e-08,1.3158994e-07,1.1622829e-09,2.168856e-09,0.9999963
pamap2,gnn_flatten_lstm,sequence,7,107,107,108,3192,25609,25609,6,6,7,7,nordic_walking,nordic_walking,True,1.4387144e-09,8.73619e-09,1.2370169e-10,2.4989408e-06,6.6480266e-07,1.8634015e-07,0.9999964,1.5627616e-09,2.4331177e-08,1.1129691e-07,1.0640737e-09,1.88413e-09,0.9999964
pamap2,gnn_flatten_lstm,sequence,7,107,107,108,3193,25610,25610,6,6,7,7,nordic_walking,nordic_walking,True,2.156098e-09,1.1756611e-08,2.3660587e-10,4.5876136e-06,7.5721147e-07,2.0626716e-07,0.99999416,2.6919964e-09,3.6901373e-08,1.4970847e-07,1.2681285e-09,2.9077734e-09,0.99999416
pamap2,gnn_flatten_lstm,sequence,7,107,107,108,3194,25611,25611,6,6,7,7,nordic_walking,nordic_walking,True,4.6016257e-09,2.4456035e-08,6.3077066e-10,7.861996e-06,1.346668e-06,4.3585484e-07,0.99998987,6.9658896e-09,9.061805e-08,3.1639485e-07,3.20594e-09,7.2297968e-09,0.99998987
pamap2,gnn_flatten_lstm,sequence,7,107,107,108,3195,25612,25612,6,6,7,7,nordic_walking,nordic_walking,True,1.7505023e-08,7.762804e-08,2.4041844e-09,1.7086602e-05,2.7244346e-06,2.0275204e-06,0.99997604,3.3374736e-08,2.414234e-07,1.7197876e-06,2.0154346e-08,2.3824477e-08,0.99997604
pamap2,gnn_flatten_lstm,sequence,7,107,107,108,3196,25613,25613,6,6,7,7,nordic_walking,nordic_walking,True,1.8993363e-07,7.2063904e-07,2.0221174e-08,5.275774e-05,1.8693392e-05,2.9383853e-05,0.999876,4.3814723e-07,1.4004356e-06,1.9809393e-05,3.1871787e-07,2.1314e-07,0.999876
pamap2,gnn_flatten_lstm,sequence,7,107,107,108,3197,25614,25614,6,6,7,7,nordic_walking,nordic_walking,True,1.5716217e-06,5.6561526e-06,1.3563863e-07,0.00013559072,0.00015152659,0.00037746073,0.99917525,4.545757e-06,7.2411212e-06,0.00013578054,3.5786923e-06,1.7221591e-06,0.99917525
pamap2,gnn_flatten_lstm,sequence,7,107,107,108,3198,25615,25615,6,6,7,7,nordic_walking,nordic_walking,True,1.40635575e-05,3.036683e-05,7.293973e-07,0.00038356474,0.0013157016,0.0029947457,0.9945873,5.131829e-05,3.7210546e-05,0.0005511988,1.7332952e-05,1.658091e-05,0.9945873
pamap2,gnn_flatten_lstm,sequence,7,107,107,108,3199,25616,25616,5,6,6,7,cycling,nordic_walking,False,0.00011497428,0.00036846387,3.6316449e-06,0.0012774903,0.023951927,0.06093022,0.90991366,0.00063242106,0.0002565762,0.0021458524,0.00021549169,0.0001892625,0.90991366
pamap2,gnn_flatten_lstm,sequence,7,107,107,108,3200,25617,25617,5,5,6,6,cycling,cycling,True,0.00037394994,0.0018818703,7.996542e-06,0.0016545259,0.14342527,0.4762159,0.36742204,0.0035579102,0.00090336805,0.0031043314,0.0008643405,0.0005884989,0.4762159
pamap2,gnn_flatten_lstm,sequence,7,107,107,108,3201,25618,25618,5,5,6,6,cycling,cycling,True,0.00044268614,0.0038682204,6.5387517e-06,0.0015864118,0.32691205,0.5659842,0.08210462,0.01154054,0.0025320032,0.0032691422,0.0012123337,0.00054120476,0.5659842
pamap2,gnn_flatten_lstm,sequence,7,107,107,108,3202,25619,25619,5,4,6,5,cycling,running,False,0.00023874856,0.006737791,5.3927283e-06,0.0052361037,0.73163354,0.19377458,0.017553402,0.022908917,0.01647569,0.0015985915,0.0032043946,0.0006328292,0.73163354
pamap2,gnn_flatten_lstm,sequence,7,107,107,108,3203,25620,25620,5,5,6,6,cycling,cycling,True,0.00012953287,0.0038881698,2.0320333e-06,0.0002610527,0.24762838,0.7344849,0.0026960059,0.0070791882,0.002029151,0.0006344242,0.00095717394,0.00020988077,0.7344849
pamap2,gnn_flatten_lstm,sequence,7,107,107,108,3204,25621,25621,5,5,6,6,cycling,cycling,True,1.299096e-05,0.0007001648,4.524709e-07,2.5682282e-06,0.0069607827,0.99171853,6.5926426e-05,0.00034007925,5.4871096e-05,4.1480856e-05,8.9801564e-05,1.2399702e-05,0.99171853
pamap2,gnn_flatten_lstm,sequence,7,107,107,108,3205,25622,25622,5,5,6,6,cycling,cycling,True,2.125305e-06,0.0008105971,2.0460604e-06,8.926841e-08,0.00015108129,0.9989617,4.2570136e-06,2.0349693e-05,9.46902e-06,1.0381323e-05,2.6634008e-05,1.2221838e-06,0.9989617
pamap2,gnn_flatten_lstm,sequence,7,107,107,108,3206,25623,25623,5,5,6,6,cycling,cycling,True,9.345258e-07,0.00034915569,1.4487932e-06,2.5957464e-08,4.9460014e-05,0.99956495,2.2437314e-06,1.0607045e-05,5.039127e-06,6.8916975e-06,8.712712e-06,5.817208e-07,0.99956495
pamap2,gnn_flatten_lstm,sequence,7,107,107,108,3207,25624,25624,5,5,6,6,cycling,cycling,True,6.9472196e-07,0.00026392212,1.4058646e-06,1.6192965e-08,3.2025506e-05,0.99967504,1.869547e-06,8.25985e-06,4.227857e-06,6.213468e-06,5.8426326e-06,4.4593548e-07,0.99967504
pamap2,gnn_flatten_lstm,sequence,7,107,107,108,3208,25625,25625,5,5,6,6,cycling,cycling,True,6.3452586e-07,0.0002567062,1.5325222e-06,1.4081182e-08,2.6703086e-05,0.999689,1.765238e-06,7.602581e-06,4.0848668e-06,6.243969e-06,5.4273796e-06,3.9630737e-07,0.999689
pamap2,gnn_flatten_lstm,sequence,7,107,107,108,3209,25626,25626,5,5,6,6,cycling,cycling,True,4.959168e-07,0.0001336925,9.5000115e-07,7.555521e-09,1.6195403e-05,0.99982977,1.2521372e-06,6.1135993e-06,2.749879e-06,5.710649e-06,2.7076567e-06,2.9825654e-07,0.99982977
pamap2,gnn_flatten_lstm,sequence,7,107,107,108,3210,25627,25627,5,5,6,6,cycling,cycling,True,2.5709815e-07,5.0768384e-05,3.6227e-07,2.2768882e-09,7.3158535e-06,0.9999306,5.8708866e-07,3.940139e-06,1.2016801e-06,3.8093904e-06,9.446003e-07,1.4950537e-07,0.9999306
pamap2,gnn_flatten_lstm,sequence,7,107,107,108,3211,25628,25628,5,5,6,6,cycling,cycling,True,1.8145106e-07,2.7745908e-05,1.9540197e-07,1.1305665e-09,5.287441e-06,0.9999589,3.4941067e-07,3.2356486e-06,7.289605e-07,2.7846227e-06,5.521975e-07,1.0594318e-07,0.9999589
pamap2,gnn_flatten_lstm,sequence,7,107,107,108,3212,25629,25629,5,5,6,6,cycling,cycling,True,1.548352e-07,2.1299651e-05,1.603285e-07,9.502219e-10,5.245764e-06,0.9999665,3.0581566e-07,2.8897891e-06,7.141266e-07,2.2345346e-06,4.608308e-07,1.048218e-07,0.9999665
pamap2,gnn_flatten_lstm,sequence,7,107,107,108,3213,25630,25630,5,5,6,6,cycling,cycling,True,1.4460525e-07,1.7668928e-05,1.330013e-07,9.435873e-10,6.0211546e-06,0.99996924,2.8516595e-07,3.0703877e-06,8.191382e-07,1.9801616e-06,4.396095e-07,1.154979e-07,0.99996924
pamap2,gnn_flatten_lstm,sequence,7,107,107,108,3214,25631,25631,5,5,6,6,cycling,cycling,True,1.5271367e-07,1.6044722e-05,1.3395936e-07,1.0656618e-09,6.613735e-06,0.9999695,2.8835387e-07,3.5687306e-06,9.698442e-07,2.1438445e-06,4.6706762e-07,1.322914e-07,0.9999695
pamap2,gnn_flatten_lstm,sequence,7,107,107,108,3215,25632,25632,5,5,6,6,cycling,cycling,True,1.4781536e-07,1.1701089e-05,1.0160586e-07,9.25996e-10,6.64646e-06,0.9999739,2.86261e-07,3.615724e-06,9.473585e-07,2.1864046e-06,3.585091e-07,1.4247972e-07,0.9999739
pamap2,gnn_flatten_lstm,sequence,7,107,107,108,3216,25633,25633,5,5,6,6,cycling,cycling,True,1.4308084e-07,8.8031275e-06,7.772266e-08,7.2042095e-10,6.045403e-06,0.99997723,2.5576168e-07,3.8067242e-06,8.3065856e-07,2.3701157e-06,2.542306e-07,1.3579435e-07,0.99997723
pamap2,gnn_flatten_lstm,sequence,7,107,107,108,3217,25634,25634,5,5,6,6,cycling,cycling,True,1.4446881e-07,6.8113895e-06,6.2902e-08,5.512018e-10,6.0394386e-06,0.999979,2.5346026e-07,3.847649e-06,7.3032305e-07,2.8491065e-06,1.9310045e-07,1.374868e-07,0.999979
pamap2,gnn_flatten_lstm,sequence,7,107,107,108,3218,25635,25635,5,5,6,6,cycling,cycling,True,1.652184e-07,5.6398044e-06,6.515824e-08,4.3544424e-10,5.398929e-06,0.99997973,2.783697e-07,3.7045588e-06,6.5036966e-07,4.1026615e-06,1.4689533e-07,1.4243098e-07,0.99997973
pamap2,gnn_flatten_lstm,sequence,7,107,107,108,3219,25636,25636,5,5,6,6,cycling,cycling,True,2.163439e-07,5.783187e-06,7.298631e-08,4.1714998e-10,5.5446585e-06,0.99997413,3.258708e-07,4.776053e-06,6.330257e-07,8.265308e-06,1.4044149e-07,1.4967937e-07,0.99997413
pamap2,gnn_flatten_lstm,sequence,7,107,107,108,3220,25637,25637,5,5,6,6,cycling,cycling,True,2.3823969e-07,5.4379657e-06,6.449564e-08,4.2502157e-10,6.901275e-06,0.9999685,3.7653658e-07,5.8804762e-06,6.745154e-07,1.1640234e-05,1.3784246e-07,1.6598234e-07,0.9999685
pamap2,gnn_flatten_lstm,sequence,7,107,107,108,3221,25638,25638,5,5,6,6,cycling,cycling,True,3.2019707e-07,5.7609673e-06,6.5639135e-08,5.2451044e-10,9.675954e-06,0.9999516,5.525159e-07,7.801155e-06,7.9262225e-07,2.3047562e-05,1.7278789e-07,2.2000589e-07,0.9999516
pamap2,gnn_flatten_lstm,sequence,7,107,107,108,3222,25639,25639,5,5,6,6,cycling,cycling,True,7.6236125e-07,8.8540655e-06,9.904306e-08,1.2075635e-09,2.022848e-05,0.9998123,1.549275e-06,1.4017858e-05,1.2914675e-06,0.00013977298,5.667955e-07,4.6720092e-07,0.9998123
pamap2,gnn_flatten_lstm,sequence,7,107,107,108,3223,25640,25640,5,5,6,6,cycling,cycling,True,1.4114513e-06,1.4821402e-05,1.9980816e-07,2.2597073e-09,2.3272087e-05,0.9993068,3.137417e-06,1.732857e-05,1.6588937e-06,0.0006289981,1.719671e-06,6.4240237e-07,0.9993068
pamap2,gnn_flatten_lstm,sequence,7,107,107,108,3224,25641,25641,5,5,6,6,cycling,cycling,True,1.6714603e-06,1.5158944e-05,2.1812646e-07,2.4677982e-09,2.5099667e-05,0.9988669,3.7903144e-06,2.0771042e-05,1.8022055e-06,0.0010620431,1.924292e-06,7.136529e-07,0.9988669
pamap2,gnn_flatten_lstm,sequence,7,107,107,108,3225,25642,25642,5,5,6,6,cycling,cycling,True,2.504696e-06,1.857067e-05,2.6987402e-07,3.3752598e-09,3.6022986e-05,0.99789315,4.8198403e-06,3.1402375e-05,2.5851623e-06,0.0020067163,2.775353e-06,1.1300655e-06,0.99789315
pamap2,gnn_flatten_lstm,sequence,7,107,107,108,3226,25643,25643,5,5,6,6,cycling,cycling,True,4.35323e-06,3.2163593e-05,4.4240923e-07,7.9535285e-09,6.992789e-05,0.99450725,9.773847e-06,5.2626863e-05,4.9384475e-06,0.005309828,6.529839e-06,2.2608697e-06,0.99450725
pamap2,gnn_flatten_lstm,sequence,7,107,107,108,3227,25644,25644,5,5,6,6,cycling,cycling,True,2.947043e-06,2.5209069e-05,3.1258745e-07,5.4150084e-09,5.2450894e-05,0.99697816,6.7232095e-06,4.2604835e-05,3.8338317e-06,0.0028828385,3.3493181e-06,1.6052971e-06,0.99697816
pamap2,gnn_flatten_lstm,sequence,7,107,107,108,3228,25645,25645,5,5,6,6,cycling,cycling,True,2.3554298e-06,2.1975562e-05,2.6296811e-07,4.3713873e-09,4.4464094e-05,0.9978496,5.254034e-06,3.9291364e-05,3.4010181e-06,0.0020298488,2.368838e-06,1.3140308e-06,0.9978496
pamap2,gnn_flatten_lstm,sequence,7,107,107,108,3229,25646,25646,5,5,6,6,cycling,cycling,True,1.989278e-06,1.9532452e-05,2.218951e-07,3.8278767e-09,4.065446e-05,0.9985544,4.3909913e-06,3.6639976e-05,3.1838176e-06,0.0013361062,1.6444625e-06,1.1525373e-06,0.9985544
pamap2,gnn_flatten_lstm,sequence,7,107,107,108,3230,25647,25647,5,5,6,6,cycling,cycling,True,1.4911758e-06,1.5645604e-05,1.8681936e-07,2.9222365e-09,2.9552793e-05,0.99925107,3.0862511e-06,2.9989653e-05,2.5661284e-06,0.00066467124,8.6829925e-07,8.6255153e-07,0.99925107
pamap2,gnn_flatten_lstm,sequence,7,107,107,108,3231,25648,25648,5,5,6,6,cycling,cycling,True,6.309302e-07,7.5393327e-06,7.8863295e-08,1.1515837e-09,1.9407005e-05,0.999793,1.2504195e-06,2.1708589e-05,1.7157953e-06,0.0001539338,2.5242008e-07,4.9845374e-07,0.999793
pamap2,gnn_flatten_lstm,sequence,7,107,107,108,3232,25649,25649,5,5,6,6,cycling,cycling,True,2.669427e-07,3.8562257e-06,3.5864264e-08,4.205215e-10,1.0868892e-05,0.9999443,4.6255008e-07,1.2544341e-05,9.5269945e-07,2.6467524e-05,8.023968e-08,2.3624274e-07,0.9999443
pamap2,gnn_flatten_lstm,sequence,7,107,107,108,3233,25650,25650,5,5,6,6,cycling,cycling,True,1.8442819e-07,3.2390778e-06,3.7204444e-08,2.3619304e-10,5.006778e-06,0.9999739,2.513302e-07,6.4119613e-06,5.085111e-07,1.0250401e-05,5.474455e-08,1.0881357e-07,0.9999739
pamap2,gnn_flatten_lstm,sequence,7,107,107,108,3234,25651,25651,5,5,6,6,cycling,cycling,True,1.3021817e-07,2.6834548e-06,3.3234887e-08,1.4788862e-10,3.0115584e-06,0.9999846,1.587421e-07,3.634785e-06,3.1856072e-07,5.2912546e-06,4.3017266e-08,6.780835e-08,0.9999846
pamap2,gnn_flatten_lstm,sequence,7,107,107,108,3235,25652,25652,5,5,6,6,cycling,cycling,True,1.0917392e-07,2.4175959e-06,3.1470826e-08,1.2215412e-10,2.359024e-06,0.99998796,1.3228552e-07,2.7018655e-06,2.5768685e-07,3.8417957e-06,4.036235e-08,5.563363e-08,0.99998796
pamap2,gnn_flatten_lstm,sequence,7,107,107,108,3236,25653,25653,5,5,6,6,cycling,cycling,True,7.472391e-08,2.0422865e-06,2.7341459e-08,8.3770366e-11,1.4626304e-06,0.9999924,8.6411674e-08,1.662405e-06,1.808178e-07,1.9949011e-06,3.3159672e-08,3.6685233e-08,0.9999924
pamap2,gnn_flatten_lstm,sequence,7,107,107,108,3237,25654,25654,5,5,6,6,cycling,cycling,True,6.453639e-08,1.8916245e-06,2.672061e-08,7.274675e-11,1.1595868e-06,0.99999356,7.2811964e-08,1.3855426e-06,1.5911152e-07,1.5194123e-06,2.9031016e-08,3.0577887e-08,0.99999356
pamap2,gnn_flatten_lstm,sequence,7,107,107,108,3238,25655,25655,5,5,6,6,cycling,cycling,True,6.057861e-08,1.8443534e-06,2.5983766e-08,6.846362e-11,1.068101e-06,0.99999404,6.813466e-08,1.2870188e-06,1.503899e-07,1.3474173e-06,2.7589918e-08,2.828166e-08,0.99999404
pamap2,gnn_flatten_lstm,sequence,7,107,107,108,3239,25656,25656,5,5,6,6,cycling,cycling,True,5.7699452e-08,1.8238057e-06,2.5204235e-08,6.593685e-11,1.025606e-06,0.9999944,6.6298135e-08,1.2073845e-06,1.4340144e-07,1.2424898e-06,2.6688339e-08,2.7195105e-08,0.9999944
pamap2,gnn_flatten_lstm,sequence,7,107,107,108,3240,25657,25657,5,5,6,6,cycling,cycling,True,5.7276743e-08,1.8377943e-06,2.4591701e-08,6.6353305e-11,1.0621579e-06,0.9999943,6.751631e-08,1.1964836e-06,1.4259071e-07,1.25858e-06,2.7204909e-08,2.7503706e-08,0.9999943
pamap2,gnn_flatten_lstm,sequence,7,107,107,108,3241,25658,25658,5,5,6,6,cycling,cycling,True,5.1047774e-08,1.7188803e-06,2.3571443e-08,5.7808335e-11,9.1124394e-07,0.9999949,6.0520335e-08,1.0484703e-06,1.2609097e-07,1.11427e-06,2.5180412e-08,2.3762025e-08,0.9999949
pamap2,gnn_flatten_lstm,sequence,7,107,107,108,3242,25659,25659,5,5,6,6,cycling,cycling,True,5.385305e-08,1.8648268e-06,2.6945727e-08,6.2075255e-11,8.919218e-07,0.99999464,6.2420966e-08,1.0865525e-06,1.333064e-07,1.1943704e-06,2.6959299e-08,2.4297327e-08,0.99999464
pamap2,gnn_flatten_lstm,sequence,7,107,107,108,3243,25660,25660,5,5,6,6,cycling,cycling,True,5.6854113e-08,1.933141e-06,2.8295537e-08,6.644741e-11,9.276994e-07,0.9999944,6.5033056e-08,1.1444573e-06,1.4071556e-07,1.2369873e-06,2.823338e-08,2.5448662e-08,0.9999944
pamap2,gnn_flatten_lstm,sequence,7,107,107,108,3244,25661,25661,5,5,6,6,cycling,cycling,True,5.4303392e-08,1.8490958e-06,2.7215716e-08,6.194362e-11,8.718972e-07,0.99999475,6.185705e-08,1.1010573e-06,1.336157e-07,1.1865719e-06,2.6330218e-08,2.3949806e-08,0.99999475
pamap2,gnn_flatten_lstm,sequence,7,107,107,108,3245,25662,25662,5,5,6,6,cycling,cycling,True,6.012748e-08,2.022333e-06,3.1128646e-08,7.1148004e-11,9.142986e-07,0.99999404,6.6648546e-08,1.2296254e-06,1.5125752e-07,1.2785518e-06,2.8430122e-08,2.605573e-08,0.99999404
pamap2,gnn_flatten_lstm,sequence,7,107,107,108,3246,25663,25663,5,5,6,6,cycling,cycling,True,6.1152335e-08,2.065379e-06,3.1821045e-08,7.216182e-11,9.177764e-07,0.99999404,6.6737336e-08,1.2568693e-06,1.5464157e-07,1.2851851e-06,2.8570152e-08,2.6243361e-08,0.99999404
pamap2,gnn_flatten_lstm,sequence,7,107,107,108,3247,25664,25664,5,5,6,6,cycling,cycling,True,5.9962005e-08,2.0375533e-06,3.1363875e-08,7.046573e-11,9.035468e-07,0.99999416,6.596688e-08,1.2339308e-06,1.5217311e-07,1.2649609e-06,2.7920361e-08,2.5858734e-08,0.99999416
pamap2,gnn_flatten_lstm,sequence,7,107,107,108,3248,25665,25665,5,5,6,6,cycling,cycling,True,5.8510018e-08,2.0020696e-06,3.0365946e-08,6.7908054e-11,8.931975e-07,0.9999944,6.428949e-08,1.2088188e-06,1.4756162e-07,1.2532108e-06,2.7761432e-08,2.5196641e-08,0.9999944
pamap2,gnn_flatten_lstm,sequence,7,107,107,108,3249,25666,25666,5,5,6,6,cycling,cycling,True,5.6216297e-08,1.8942332e-06,2.7401605e-08,6.283872e-11,9.036979e-07,0.9999945,6.2265066e-08,1.1373417e-06,1.3658052e-07,1.2100382e-06,2.6902125e-08,2.4623857e-08,0.9999945
pamap2,gnn_flatten_lstm,sequence,7,107,107,108,3250,25667,25667,5,5,6,6,cycling,cycling,True,5.7410848e-08,1.8893187e-06,2.7884397e-08,6.305026e-11,8.967439e-07,0.9999945,6.191074e-08,1.1569854e-06,1.3751831e-07,1.2246568e-06,2.672675e-08,2.4841182e-08,0.9999945
pamap2,gnn_flatten_lstm,sequence,7,107,107,108,3251,25668,25668,5,5,6,6,cycling,cycling,True,6.023309e-08,1.981167e-06,3.029392e-08,6.855615e-11,9.1120074e-07,0.9999943,6.4228445e-08,1.239675e-06,1.484327e-07,1.2736745e-06,2.7804672e-08,2.5778812e-08,0.9999943
pamap2,gnn_flatten_lstm,sequence,7,107,107,108,3252,25669,25669,5,5,6,6,cycling,cycling,True,5.7214304e-08,1.9224894e-06,2.8557364e-08,6.484308e-11,8.886799e-07,0.9999945,6.1883824e-08,1.1866656e-06,1.4165106e-07,1.2086105e-06,2.6653243e-08,2.4663482e-08,0.9999945
pamap2,gnn_flatten_lstm,sequence,7,107,107,108,3253,25670,25670,5,5,6,6,cycling,cycling,True,5.5229922e-08,1.7982883e-06,2.513933e-08,5.804056e-11,9.1997214e-07,0.99999475,6.041491e-08,1.1017756e-06,1.2834437e-07,1.2147918e-06,2.6774106e-08,2.4260837e-08,0.99999475
pamap2,gnn_flatten_lstm,sequence,7,107,107,108,3254,25671,25671,5,5,6,6,cycling,cycling,True,5.414857e-08,1.6973131e-06,2.3013778e-08,5.487985e-11,9.591466e-07,0.9999949,6.000655e-08,1.0404182e-06,1.2045679e-07,1.2093856e-06,2.6674815e-08,2.474279e-08,0.9999949
pamap2,gnn_flatten_lstm,sequence,7,107,107,108,3255,25672,25672,5,5,6,6,cycling,cycling,True,5.1497544e-08,1.6035502e-06,2.2133657e-08,5.2162972e-11,9.00317e-07,0.9999951,5.732805e-08,9.87637e-07,1.1455867e-07,1.1292407e-06,2.450594e-08,2.348439e-08,0.9999951
pamap2,gnn_flatten_lstm,sequence,7,107,107,108,3256,25673,25673,5,5,6,6,cycling,cycling,True,5.0699544e-08,1.5931274e-06,2.2355941e-08,5.147812e-11,8.5540876e-07,0.99999523,5.5996423e-08,9.773697e-07,1.1262525e-07,1.0989031e-06,2.3738522e-08,2.2430559e-08,0.99999523
pamap2,gnn_flatten_lstm,sequence,7,107,107,108,3257,25674,25674,5,5,6,6,cycling,cycling,True,5.295489e-08,1.7151388e-06,2.4490001e-08,5.8060716e-11,8.911806e-07,0.9999949,6.0580966e-08,1.0238456e-06,1.2207968e-07,1.133003e-06,2.5343706e-08,2.389419e-08,0.9999949
pamap2,gnn_flatten_lstm,sequence,7,107,107,108,3258,25675,25675,5,5,6,6,cycling,cycling,True,5.64105e-08,1.8882758e-06,2.7431781e-08,6.4952516e-11,9.2044155e-07,0.99999464,6.4849374e-08,1.0954013e-06,1.342487e-07,1.1987934e-06,2.7469374e-08,2.5352305e-08,0.99999464
pamap2,gnn_flatten_lstm,sequence,7,107,107,108,3259,25676,25676,5,5,6,6,cycling,cycling,True,5.878676e-08,1.994688e-06,2.9281173e-08,6.93193e-11,9.39601e-07,0.9999943,6.707144e-08,1.1557863e-06,1.4323003e-07,1.2447513e-06,2.8489676e-08,2.6310175e-08,0.9999943
pamap2,gnn_flatten_lstm,sequence,7,107,107,108,3260,25677,25677,5,5,6,6,cycling,cycling,True,5.8764897e-08,2.0064406e-06,2.9646229e-08,6.921414e-11,9.2777805e-07,0.9999943,6.6605985e-08,1.1677799e-06,1.4485731e-07,1.2464463e-06,2.8191995e-08,2.6113048e-08,0.9999943
pamap2,gnn_flatten_lstm,sequence,7,107,107,108,3261,25678,25678,5,5,6,6,cycling,cycling,True,5.8561806e-08,2.0220439e-06,2.8964552e-08,6.9348256e-11,9.693929e-07,0.99999416,6.762739e-08,1.1576407e-06,1.4447211e-07,1.2677557e-06,2.9586007e-08,2.6635952e-08,0.99999416
pamap2,gnn_flatten_lstm,sequence,7,107,107,108,3262,25679,25679,5,5,6,6,cycling,cycling,True,6.0791116e-08,2.0582177e-06,2.779517e-08,7.240528e-11,1.1150545e-06,0.9999939,7.226618e-08,1.158852e-06,1.472645e-07,1.3583167e-06,3.3212004e-08,2.9531368e-08,0.9999939
pamap2,gnn_flatten_lstm,sequence,7,107,107,108,3263,25680,25680,5,5,6,6,cycling,cycling,True,6.7624754e-08,2.2296815e-06,2.9278576e-08,8.3404714e-11,1.3141064e-06,0.9999933,8.006092e-08,1.2554823e-06,1.6451705e-07,1.5225522e-06,3.9225196e-08,3.499184e-08,0.9999933
pamap2,gnn_flatten_lstm,sequence,7,107,107,108,3264,25681,25681,5,5,6,6,cycling,cycling,True,6.9547504e-08,2.3130729e-06,3.157814e-08,8.837783e-11,1.3107217e-06,0.9999931,8.272514e-08,1.2985412e-06,1.7230616e-07,1.5800978e-06,3.994821e-08,3.5860058e-08,0.9999931
pamap2,gnn_flatten_lstm,sequence,7,107,107,108,3265,25682,25682,5,5,6,6,cycling,cycling,True,6.713895e-08,2.216025e-06,2.9956094e-08,8.364383e-11,1.2906447e-06,0.9999932,8.101145e-08,1.2649042e-06,1.6617872e-07,1.5690908e-06,3.8303536e-08,3.449609e-08,0.9999932
pamap2,gnn_flatten_lstm,sequence,7,107,107,108,3266,25683,25683,5,5,6,6,cycling,cycling,True,6.7968195e-08,2.1953977e-06,2.918184e-08,8.448414e-11,1.3643499e-06,0.9999931,8.370059e-08,1.2696514e-06,1.6800742e-07,1.6325238e-06,3.9393434e-08,3.601449e-08,0.9999931
pamap2,gnn_flatten_lstm,sequence,7,107,107,108,3267,25684,25684,5,5,6,6,cycling,cycling,True,7.703472e-08,2.4262881e-06,3.1353643e-08,1.0137564e-10,1.6715327e-06,0.999992,9.734387e-08,1.3983597e-06,1.9348288e-07,1.9376641e-06,4.93647e-08,4.4632348e-08,0.999992
pamap2,gnn_flatten_lstm,sequence,7,107,107,108,3268,25685,25685,5,5,6,6,cycling,cycling,True,8.335998e-08,2.530768e-06,3.240639e-08,1.0706497e-10,1.8205074e-06,0.9999914,1.0187136e-07,1.4911383e-06,2.0030555e-07,2.2915035e-06,5.544156e-08,4.778906e-08,0.9999914
pamap2,gnn_flatten_lstm,sequence,7,107,107,108,3269,25686,25686,5,5,6,6,cycling,cycling,True,9.175027e-08,2.841917e-06,3.586351e-08,1.2724936e-10,2.0936984e-06,0.9999901,1.14463084e-07,1.6215889e-06,2.2071795e-07,2.7587735e-06,7.083545e-08,5.423337e-08,0.9999901
pamap2,gnn_flatten_lstm,sequence,7,107,107,108,3270,25687,25687,5,5,6,6,cycling,cycling,True,1.2599551e-07,3.937717e-06,4.9676537e-08,2.2478154e-10,3.304078e-06,0.99998534,1.7613607e-07,2.1659807e-06,3.3074997e-07,4.2918177e-06,1.2941442e-07,8.8105466e-08,0.99998534
pamap2,gnn_flatten_lstm,sequence,7,107,107,108,3271,25688,25688,5,5,6,6,cycling,cycling,True,1.6239197e-07,4.1383364e-06,5.378709e-08,2.3942218e-10,3.947698e-06,0.9999802,2.0623263e-07,2.835408e-06,3.703153e-07,7.746634e-06,1.5023072e-07,1.0314872e-07,0.9999802
pamap2,gnn_flatten_lstm,sequence,7,107,107,108,3272,25689,25689,5,5,6,6,cycling,cycling,True,1.3310989e-07,3.3270119e-06,4.1521616e-08,1.743165e-10,3.1707655e-06,0.9999825,1.6883507e-07,2.9734817e-06,3.2608835e-07,7.191686e-06,9.799888e-08,8.054912e-08,0.9999825
pamap2,gnn_flatten_lstm,sequence,7,107,107,108,3273,25690,25690,5,5,6,6,cycling,cycling,True,1.2791062e-07,3.2066741e-06,3.8299735e-08,1.8588686e-10,3.335234e-06,0.99998176,1.8311154e-07,3.839644e-06,3.8358536e-07,6.931544e-06,7.322474e-08,7.9846494e-08,0.99998176
pamap2,gnn_flatten_lstm,sequence,7,107,107,108,3274,25691,25691,5,5,6,6,cycling,cycling,True,1.3722303e-07,3.284949e-06,4.1889066e-08,1.8598142e-10,3.031925e-06,0.9999831,1.7766345e-07,3.595929e-06,3.5582894e-07,6.1238215e-06,6.4017975e-08,7.548356e-08,0.9999831
pamap2,gnn_flatten_lstm,sequence,7,107,107,108,3275,25692,25692,5,5,6,6,cycling,cycling,True,1.2253147e-07,2.9882283e-06,4.0427558e-08,1.5236443e-10,2.2994216e-06,0.99998665,1.4014434e-07,2.8685156e-06,2.8889147e-07,4.3710033e-06,5.2299587e-08,6.052803e-08,0.99998665
pamap2,gnn_flatten_lstm,sequence,7,107,107,108,3276,25693,25693,5,5,6,6,cycling,cycling,True,9.225395e-08,2.3715832e-06,3.3481893e-08,1.0043782e-10,1.5431185e-06,0.9999906,9.501135e-08,2.1417563e-06,2.1003859e-07,2.9320636e-06,3.748457e-08,4.0652033e-08,0.9999906
pamap2,gnn_flatten_lstm,sequence,7,107,107,108,3277,25694,25694,5,5,6,6,cycling,cycling,True,7.354019e-08,1.9706868e-06,2.7646934e-08,7.322641e-11,1.1949389e-06,0.9999927,7.236637e-08,1.6890162e-06,1.6605634e-07,2.0567375e-06,2.8723322e-08,3.094751e-08,0.9999927
pamap2,gnn_flatten_lstm,sequence,7,107,107,108,3278,25695,25695,5,5,6,6,cycling,cycling,True,6.087198e-08,1.7766799e-06,2.4831927e-08,6.301319e-11,1.0255712e-06,0.9999938,6.250299e-08,1.4738721e-06,1.5142129e-07,1.5625095e-06,2.4851023e-08,2.672862e-08,0.9999938
pamap2,gnn_flatten_lstm,sequence,7,107,107,108,3279,25696,25696,5,5,6,6,cycling,cycling,True,5.543145e-08,1.7987586e-06,2.4981242e-08,6.1836626e-11,9.464935e-07,0.99999404,5.9912146e-08,1.4013717e-06,1.4974889e-07,1.3816244e-06,2.4875783e-08,2.4693264e-08,0.99999404
pamap2,gnn_flatten_lstm,sequence,7,107,107,108,3280,25697,25697,5,5,6,6,cycling,cycling,True,4.7003468e-08,1.666784e-06,2.1954953e-08,5.2658475e-11,8.4438216e-07,0.99999475,5.202611e-08,1.3044727e-06,1.3744203e-07,1.1657374e-06,2.2377645e-08,2.1466873e-08,0.99999475
pamap2,gnn_flatten_lstm,sequence,7,107,107,108,3281,25698,25698,5,5,6,6,cycling,cycling,True,4.4380016e-08,1.7088513e-06,2.193106e-08,5.42707e-11,8.478715e-07,0.9999949,5.1753055e-08,1.2795031e-06,1.4118098e-07,1.0470723e-06,2.3561958e-08,2.1460323e-08,0.9999949
pamap2,gnn_flatten_lstm,sequence,7,107,107,108,3282,25699,25699,5,5,6,6,cycling,cycling,True,5.6869823e-08,2.087241e-06,2.9559661e-08,7.441911e-11,9.834628e-07,0.99999404,6.585825e-08,1.3701863e-06,1.686008e-07,1.1897519e-06,2.9747213e-08,2.720127e-08,0.99999404
pamap2,gnn_flatten_lstm,sequence,7,107,107,108,3283,25700,25700,5,5,6,6,cycling,cycling,True,6.763481e-08,2.4029273e-06,3.6748503e-08,8.8429944e-11,1.0444038e-06,0.9999932,7.506251e-08,1.4670699e-06,1.8861466e-07,1.377236e-06,3.3699752e-08,3.1026072e-08,0.9999932
pamap2,gnn_flatten_lstm,sequence,7,107,107,108,3284,25701,25701,5,5,6,6,cycling,cycling,True,7.3215496e-08,2.5431568e-06,3.944606e-08,9.600624e-11,1.0993009e-06,0.99999285,7.964752e-08,1.5387794e-06,1.9952437e-07,1.4592941e-06,3.551955e-08,3.3189995e-08,0.99999285
pamap2,gnn_flatten_lstm,sequence,7,107,107,108,3285,25702,25702,5,5,6,6,cycling,cycling,True,7.1342086e-08,2.4605815e-06,3.7586034e-08,9.132369e-11,1.083894e-06,0.99999297,7.742603e-08,1.4866848e-06,1.9207754e-07,1.4284034e-06,3.410804e-08,3.2312688e-08,0.99999297
pamap2,gnn_flatten_lstm,sequence,7,107,107,108,3286,25703,25703,5,5,6,6,cycling,cycling,True,7.3360184e-08,2.4455157e-06,3.7982982e-08,9.265309e-11,1.0991165e-06,0.99999297,7.844651e-08,1.5229235e-06,1.9568985e-07,1.4699756e-06,3.3959004e-08,3.282028e-08,0.99999297
pamap2,gnn_flatten_lstm,sequence,7,107,107,108,3287,25704,25704,5,5,6,6,cycling,cycling,True,6.783431e-08,2.2503305e-06,3.435689e-08,8.2136395e-11,1.0368638e-06,0.99999344,7.341467e-08,1.4144175e-06,1.7794e-07,1.4062601e-06,3.1098423e-08,3.0241704e-08,0.99999344
pamap2,gnn_flatten_lstm,sequence,7,107,107,108,3288,25705,25705,5,5,6,6,cycling,cycling,True,6.669188e-08,2.1715605e-06,3.3224854e-08,7.933829e-11,1.0190796e-06,0.99999356,7.222399e-08,1.3768582e-06,1.7255817e-07,1.37749e-06,2.9961647e-08,2.970796e-08,0.99999356
pamap2,gnn_flatten_lstm,sequence,7,107,107,108,3289,25706,25706,5,5,6,6,cycling,cycling,True,6.479963e-08,2.108281e-06,3.2251084e-08,7.61091e-11,9.970998e-07,0.9999939,7.055835e-08,1.3346015e-06,1.6736148e-07,1.354032e-06,2.9215053e-08,2.9055068e-08,0.9999939
pamap2,gnn_flatten_lstm,sequence,7,107,107,108,3290,25707,25707,5,5,6,6,cycling,cycling,True,6.421936e-08,2.078701e-06,3.175114e-08,7.480919e-11,9.922354e-07,0.9999939,6.965363e-08,1.3285112e-06,1.6641482e-07,1.3469482e-06,2.8784234e-08,2.891051e-08,0.9999939
pamap2,gnn_flatten_lstm,sequence,7,107,107,108,3291,25708,25708,5,5,6,6,cycling,cycling,True,6.501106e-08,2.0875393e-06,3.2038695e-08,7.491998e-11,9.862182e-07,0.9999938,6.818093e-08,1.3654666e-06,1.6840217e-07,1.3504169e-06,2.8516194e-08,2.8587971e-08,0.9999938
pamap2,gnn_flatten_lstm,sequence,7,107,107,108,3292,25709,25709,5,5,6,6,cycling,cycling,True,6.267814e-08,2.0310151e-06,3.090903e-08,7.0860894e-11,9.5163807e-07,0.99999404,6.5090234e-08,1.3325223e-06,1.622473e-07,1.3141249e-06,2.7544647e-08,2.7244264e-08,0.99999404
pamap2,gnn_flatten_lstm,sequence,7,107,107,108,3293,25710,25710,5,5,6,6,cycling,cycling,True,6.478824e-08,2.102406e-06,3.1998205e-08,7.47815e-11,9.805109e-07,0.9999938,6.746594e-08,1.3623046e-06,1.6840184e-07,1.3346458e-06,2.8560011e-08,2.8372748e-08,0.9999938
pamap2,gnn_flatten_lstm,sequence,7,107,107,108,3294,25711,25711,5,5,6,6,cycling,cycling,True,6.173655e-08,2.0648117e-06,3.095363e-08,7.095516e-11,9.4541724e-07,0.99999404,6.551333e-08,1.28991e-06,1.596288e-07,1.2916961e-06,2.7960967e-08,2.7091861e-08,0.99999404
pamap2,gnn_flatten_lstm,sequence,7,107,107,108,3295,25712,25712,5,5,6,6,cycling,cycling,True,6.194438e-08,2.0762093e-06,3.136776e-08,7.170821e-11,9.46646e-07,0.99999404,6.643913e-08,1.2892003e-06,1.6028338e-07,1.302109e-06,2.8170378e-08,2.7307783e-08,0.99999404
pamap2,gnn_flatten_lstm,sequence,7,107,107,108,3296,25713,25713,5,5,6,6,cycling,cycling,True,6.526849e-08,2.1383244e-06,3.2884667e-08,7.5990436e-11,9.729871e-07,0.9999938,6.880669e-08,1.3490654e-06,1.6731408e-07,1.341615e-06,2.8849197e-08,2.832792e-08,0.9999938
pamap2,gnn_flatten_lstm,sequence,7,107,107,108,3297,25714,25714,5,5,6,6,cycling,cycling,True,6.5893545e-08,2.1401381e-06,3.3082266e-08,7.6567454e-11,9.77455e-07,0.9999938,6.9018185e-08,1.3638697e-06,1.6972037e-07,1.3415204e-06,2.874018e-08,2.8565024e-08,0.9999938
pamap2,gnn_flatten_lstm,sequence,7,107,107,108,3298,25715,25715,5,5,6,6,cycling,cycling,True,6.0000566e-08,1.9531342e-06,2.9326838e-08,6.5703595e-11,9.0602856e-07,0.9999943,6.113824e-08,1.2771714e-06,1.530004e-07,1.2561793e-06,2.6459743e-08,2.5395902e-08,0.9999943
pamap2,gnn_flatten_lstm,sequence,7,107,107,108,3299,25716,25716,5,5,6,6,cycling,cycling,True,5.6181364e-08,1.8155093e-06,2.6602457e-08,5.885344e-11,8.658498e-07,0.99999464,5.6711922e-08,1.1933696e-06,1.392628e-07,1.1873619e-06,2.4609868e-08,2.3653225e-08,0.99999464
pamap2,gnn_flatten_lstm,sequence,7,107,107,108,3300,25717,25717,5,5,6,6,cycling,cycling,True,5.8755273e-08,1.9134095e-06,2.804719e-08,6.389638e-11,9.0828587e-07,0.9999945,6.030691e-08,1.2261947e-06,1.4626579e-07,1.2213513e-06,2.5993296e-08,2.5231943e-08,0.9999945
pamap2,gnn_flatten_lstm,sequence,7,107,107,108,3301,25718,25718,5,5,6,6,cycling,cycling,True,6.1418255e-08,2.0235195e-06,2.9836425e-08,6.879926e-11,9.414845e-07,0.99999404,6.339255e-08,1.2750681e-06,1.5488554e-07,1.2696889e-06,2.7414506e-08,2.6537776e-08,0.99999404
pamap2,gnn_flatten_lstm,sequence,7,107,107,108,3302,25719,25719,5,5,6,6,cycling,cycling,True,6.302171e-08,2.1471217e-06,3.1306733e-08,7.372696e-11,9.829976e-07,0.9999939,6.690583e-08,1.2923343e-06,1.6190107e-07,1.3018591e-06,2.9315641e-08,2.78772e-08,0.9999939
pamap2,gnn_flatten_lstm,sequence,7,107,107,108,3303,25720,25720,5,5,6,6,cycling,cycling,True,6.990271e-08,2.5427325e-06,3.4717264e-08,9.8737664e-11,1.3048298e-06,0.99999285,8.2636014e-08,1.4243631e-06,2.005991e-07,1.4283487e-06,4.0882284e-08,3.6609755e-08,0.99999285
pamap2,gnn_flatten_lstm,sequence,7,107,107,108,3304,25721,25721,5,5,6,6,cycling,cycling,True,7.198037e-08,2.560899e-06,3.5917747e-08,9.5046394e-11,1.2516476e-06,0.9999927,8.030206e-08,1.4544563e-06,1.9618575e-07,1.5764351e-06,3.989535e-08,3.506538e-08,0.9999927
pamap2,gnn_flatten_lstm,sequence,7,107,107,108,3305,25722,25722,5,5,6,6,cycling,cycling,True,6.745073e-08,2.3563744e-06,3.4311114e-08,8.357447e-11,1.0874851e-06,0.9999933,7.3524106e-08,1.3835459e-06,1.7879388e-07,1.4987514e-06,3.4066055e-08,3.092658e-08,0.9999933
pamap2,gnn_flatten_lstm,sequence,7,107,107,108,3306,25723,25723,5,5,6,6,cycling,cycling,True,6.28172e-08,2.158559e-06,3.135908e-08,7.3245354e-11,9.892514e-07,0.9999938,6.7177155e-08,1.2976458e-06,1.6072909e-07,1.407217e-06,3.039548e-08,2.7487644e-08,0.9999938
pamap2,gnn_flatten_lstm,sequence,7,107,107,108,3307,25724,25724,5,5,6,6,cycling,cycling,True,7.0809335e-08,2.2288864e-06,3.229963e-08,7.7908284e-11,1.1017132e-06,0.9999933,7.349032e-08,1.3624962e-06,1.6661673e-07,1.610596e-06,3.3030865e-08,3.1247296e-08,0.9999933
pamap2,gnn_flatten_lstm,sequence,7,107,107,108,3308,25725,25725,5,5,6,6,cycling,cycling,True,7.402701e-08,2.2232005e-06,3.2476674e-08,8.090523e-11,1.1776021e-06,0.9999931,7.733129e-08,1.3844945e-06,1.7084955e-07,1.7224397e-06,3.429396e-08,3.3939646e-08,0.9999931
pamap2,gnn_flatten_lstm,sequence,7,107,107,108,3309,25726,25726,5,5,6,6,cycling,cycling,True,5.7666522e-08,1.8330537e-06,2.5877426e-08,6.127845e-11,1.1314568e-06,0.9999939,6.9617236e-08,1.1252854e-06,1.4551162e-07,1.6713224e-06,3.2072816e-08,3.0899653e-08,0.9999939
pamap2,gnn_flatten_lstm,sequence,7,107,107,108,3310,25727,25727,5,5,6,6,cycling,cycling,True,5.6228473e-08,1.7399991e-06,2.401574e-08,6.237831e-11,1.294306e-06,0.99999356,7.642107e-08,1.1234386e-06,1.5308392e-07,1.7842185e-06,3.3364312e-08,3.5069085e-08,0.99999356
pamap2,gnn_flatten_lstm,sequence,7,107,107,108,3311,25728,25728,5,5,6,6,cycling,cycling,True,7.053083e-08,2.0601715e-06,2.897496e-08,8.224578e-11,1.3741354e-06,0.99999297,8.534053e-08,1.333051e-06,1.7695906e-07,1.7914108e-06,3.434908e-08,3.924681e-08,0.99999297
pamap2,gnn_flatten_lstm,sequence,7,107,107,108,3312,25729,25729,5,5,6,6,cycling,cycling,True,7.283984e-08,2.2004572e-06,3.152782e-08,8.5363994e-11,1.2730885e-06,0.99999285,8.263853e-08,1.4350938e-06,1.821709e-07,1.8005843e-06,3.3940285e-08,3.6601378e-08,0.99999285
pamap2,gnn_flatten_lstm,sequence,7,107,107,108,3313,25730,25730,5,5,6,6,cycling,cycling,True,7.10523e-08,2.2521783e-06,3.311823e-08,8.331184e-11,1.1332971e-06,0.9999931,7.7630546e-08,1.4542501e-06,1.798262e-07,1.6967372e-06,3.2125747e-08,3.277237e-08,0.9999931
pamap2,gnn_flatten_lstm,sequence,7,107,107,108,3314,25731,25731,5,5,6,6,cycling,cycling,True,6.980813e-08,2.231817e-06,3.2665163e-08,8.071211e-11,1.0984252e-06,0.9999932,7.494949e-08,1.4516812e-06,1.7775982e-07,1.6438036e-06,3.0980715e-08,3.1509195e-08,0.9999932
pamap2,gnn_flatten_lstm,sequence,7,107,107,108,3315,25732,25732,5,5,6,6,cycling,cycling,True,5.842536e-08,1.8743596e-06,2.6316497e-08,5.81632e-11,9.1813195e-07,0.99999416,5.8110174e-08,1.2534376e-06,1.4025731e-07,1.4611148e-06,2.542357e-08,2.4588694e-08,0.99999416
pamap2,gnn_flatten_lstm,sequence,7,107,107,108,3316,25733,25733,5,5,6,6,cycling,cycling,True,5.7569626e-08,1.7610888e-06,2.452982e-08,5.359943e-11,8.952571e-07,0.9999944,5.47839e-08,1.2237005e-06,1.3100042e-07,1.4334628e-06,2.3811513e-08,2.365588e-08,0.9999944
pamap2,gnn_flatten_lstm,sequence,7,107,107,108,3317,25734,25734,5,5,6,6,cycling,cycling,True,6.3662995e-08,1.8851023e-06,2.640317e-08,6.353916e-11,1.0308843e-06,0.9999939,6.443174e-08,1.3311924e-06,1.4589847e-07,1.5703929e-06,2.6479524e-08,2.7563933e-08,0.9999939
pamap2,gnn_flatten_lstm,sequence,7,107,107,108,3318,25735,25735,5,5,6,6,cycling,cycling,True,6.53472e-08,1.9312267e-06,2.7454837e-08,6.823024e-11,1.0838276e-06,0.99999356,6.936936e-08,1.3578604e-06,1.5243141e-07,1.6241513e-06,2.7643265e-08,2.9197718e-08,0.99999356
pamap2,gnn_flatten_lstm,sequence,7,107,107,108,3319,25736,25736,5,5,6,6,cycling,cycling,True,5.6726844e-08,1.777171e-06,2.4750427e-08,5.7810957e-11,9.354643e-07,0.9999945,5.882334e-08,1.1825489e-06,1.3395275e-07,1.2940629e-06,2.5114787e-08,2.4580169e-08,0.9999945
pamap2,gnn_flatten_lstm,sequence,7,107,107,108,3320,25737,25737,5,5,6,6,cycling,cycling,True,5.1968694e-08,1.6864028e-06,2.273065e-08,5.229565e-11,8.9304547e-07,0.9999949,5.63288e-08,1.0468137e-06,1.1992232e-07,1.1937135e-06,2.4354867e-08,2.2901895e-08,0.9999949
pamap2,gnn_flatten_lstm,sequence,7,107,107,108,3321,25738,25738,5,5,6,6,cycling,cycling,True,4.9283575e-08,1.6262449e-06,2.1939309e-08,4.9870233e-11,8.495132e-07,0.99999523,5.4616805e-08,9.859799e-07,1.126678e-07,1.1346114e-06,2.3320574e-08,2.1782489e-08,0.99999523
pamap2,gnn_flatten_lstm,sequence,7,107,107,108,3322,25739,25739,5,5,6,6,cycling,cycling,True,5.2927017e-08,1.725575e-06,2.3930175e-08,5.514595e-11,8.776444e-07,0.9999949,5.6882016e-08,1.0686806e-06,1.2311898e-07,1.167775e-06,2.4560073e-08,2.3044567e-08,0.9999949
pamap2,gnn_flatten_lstm,sequence,7,107,107,108,3323,25740,25740,5,5,6,6,cycling,cycling,True,5.4326907e-08,1.8051992e-06,2.5685473e-08,5.912505e-11,8.822548e-07,0.99999475,5.9223115e-08,1.0982907e-06,1.291402e-07,1.1838672e-06,2.5455371e-08,2.3765242e-08,0.99999475
pamap2,gnn_flatten_lstm,sequence,7,107,107,108,3324,25741,25741,5,5,6,6,cycling,cycling,True,5.484664e-08,1.8224987e-06,2.6071154e-08,5.9742065e-11,8.781239e-07,0.99999464,5.9415676e-08,1.1087154e-06,1.2999129e-07,1.1904256e-06,2.5604226e-08,2.3715655e-08,0.99999464
pamap2,gnn_flatten_lstm,sequence,7,107,107,108,3325,25742,25742,5,5,6,6,cycling,cycling,True,5.651518e-08,1.8266418e-06,2.6219713e-08,6.0414354e-11,8.960166e-07,0.99999464,5.97024e-08,1.1366293e-06,1.3243965e-07,1.2104942e-06,2.5895321e-08,2.4211005e-08,0.99999464
pamap2,gnn_flatten_lstm,sequence,7,107,107,108,3326,25743,25743,5,5,6,6,cycling,cycling,True,5.3765515e-08,1.7721853e-06,2.5168212e-08,5.800448e-11,8.760847e-07,0.99999475,5.901586e-08,1.0745833e-06,1.2596067e-07,1.1657543e-06,2.5210445e-08,2.3467814e-08,0.99999475
pamap2,gnn_flatten_lstm,sequence,7,107,107,108,3327,25744,25744,5,5,6,6,cycling,cycling,True,5.2684786e-08,1.7749594e-06,2.4993273e-08,5.7819582e-11,8.667977e-07,0.9999949,5.9191954e-08,1.051364e-06,1.238138e-07,1.1369484e-06,2.5088752e-08,2.311262e-08,0.9999949
pamap2,gnn_flatten_lstm,sequence,7,107,107,108,3328,25745,25745,5,5,6,6,cycling,cycling,True,5.1503136e-08,1.7213478e-06,2.4482064e-08,5.497792e-11,8.287916e-07,0.999995,5.643312e-08,1.0406188e-06,1.21199e-07,1.1073325e-06,2.3963931e-08,2.2049802e-08,0.999995
pamap2,gnn_flatten_lstm,sequence,7,107,107,108,3329,25746,25746,5,5,6,6,cycling,cycling,True,4.3920014e-08,1.4804042e-06,2.0812296e-08,4.2393172e-11,6.9652924e-07,0.9999956,4.8715275e-08,8.7972074e-07,9.8254326e-08,9.931259e-07,2.020732e-08,1.8177824e-08,0.9999956
pamap2,gnn_flatten_lstm,sequence,7,107,107,108,3330,25747,25747,5,5,6,6,cycling,cycling,True,4.435238e-08,1.4751686e-06,2.0273298e-08,4.1916144e-11,7.151206e-07,0.9999956,4.7447575e-08,8.855836e-07,9.810901e-08,9.864956e-07,2.0274689e-08,1.8318998e-08,0.9999956
pamap2,gnn_flatten_lstm,sequence,7,107,107,108,3331,25748,25748,5,5,6,6,cycling,cycling,True,4.7402157e-08,1.5569027e-06,2.0544727e-08,4.609429e-11,8.2111734e-07,0.99999535,5.088788e-08,9.295263e-07,1.0454589e-07,1.0578466e-06,2.3051392e-08,2.0466386e-08,0.99999535
pamap2,gnn_flatten_lstm,sequence,7,107,107,108,3332,25749,25749,5,5,6,6,cycling,cycling,True,4.462502e-08,1.4716991e-06,1.9117353e-08,4.350458e-11,7.9205796e-07,0.9999956,4.9520953e-08,8.626009e-07,9.6879866e-08,9.898534e-07,2.1377897e-08,1.9599433e-08,0.9999956
pamap2,gnn_flatten_lstm,sequence,7,107,107,108,3333,25750,25750,5,5,6,6,cycling,cycling,True,4.8616034e-08,1.5984497e-06,2.164301e-08,5.0149156e-11,8.311316e-07,0.99999535,5.402974e-08,9.404376e-07,1.0793964e-07,1.0435041e-06,2.303526e-08,2.1233385e-08,0.99999535
pamap2,gnn_flatten_lstm,sequence,7,107,107,108,3334,25751,25751,5,5,6,6,cycling,cycling,True,5.0323514e-08,1.6818805e-06,2.3252486e-08,5.3676515e-11,8.4031853e-07,0.99999523,5.6147865e-08,9.833965e-07,1.13870065e-07,1.0810617e-06,2.4106741e-08,2.1815127e-08,0.99999523
pamap2,gnn_flatten_lstm,sequence,7,107,107,108,3335,25752,25752,5,5,6,6,cycling,cycling,True,4.7875734e-08,1.5821475e-06,2.1701874e-08,4.8482707e-11,7.883012e-07,0.99999535,5.2598864e-08,9.364817e-07,1.0565786e-07,1.0361194e-06,2.2220334e-08,2.0254316e-08,0.99999535
pamap2,gnn_flatten_lstm,sequence,7,107,107,108,3336,25753,25753,5,5,6,6,cycling,cycling,True,4.738897e-08,1.5259209e-06,2.1104752e-08,4.6118928e-11,7.6254395e-07,0.9999956,5.106174e-08,9.183224e-07,1.01407096e-07,1.0267033e-06,2.1321986e-08,1.9613982e-08,0.9999956
pamap2,gnn_flatten_lstm,sequence,7,107,107,108,3337,25754,25754,5,5,6,6,cycling,cycling,True,4.7325376e-08,1.5132753e-06,2.1119085e-08,4.577845e-11,7.624698e-07,0.9999956,5.149364e-08,9.0814655e-07,1.00236946e-07,1.0416958e-06,2.1665937e-08,1.9563615e-08,0.9999956
pamap2,gnn_flatten_lstm,sequence,7,107,107,108,3338,25755,25755,5,5,6,6,cycling,cycling,True,4.7517123e-08,1.5307584e-06,2.1731784e-08,4.7685196e-11,7.638671e-07,0.99999547,5.3056016e-08,9.1324017e-07,1.02693484e-07,1.036411e-06,2.1379972e-08,1.998958e-08,0.99999547
pamap2,gnn_flatten_lstm,sequence,7,107,107,108,3339,25756,25756,5,5,6,6,cycling,cycling,True,4.718882e-08,1.5634602e-06,2.1850111e-08,4.80165e-11,7.6247767e-07,0.99999547,5.2879116e-08,9.168853e-07,1.0340598e-07,1.0330509e-06,2.1570974e-08,1.9747915e-08,0.99999547
pamap2,gnn_flatten_lstm,sequence,7,107,107,108,3340,25757,25757,5,5,6,6,cycling,cycling,True,4.981641e-08,1.6303399e-06,2.2819059e-08,5.0830177e-11,7.9038176e-07,0.99999523,5.4075e-08,9.763468e-07,1.09493996e-07,1.0721753e-06,2.2599497e-08,2.0536694e-08,0.99999523
pamap2,gnn_flatten_lstm,sequence,7,107,107,108,3341,25758,25758,5,5,6,6,cycling,cycling,True,4.8810687e-08,1.6222966e-06,2.2446825e-08,4.966748e-11,7.7732034e-07,0.99999535,5.2832736e-08,9.656258e-07,1.0744934e-07,1.0561076e-06,2.2312834e-08,2.0010024e-08,0.99999535
pamap2,gnn_flatten_lstm,sequence,7,107,107,108,3342,25759,25759,5,5,6,6,cycling,cycling,True,4.8581086e-08,1.662508e-06,2.2709512e-08,5.0910033e-11,7.881425e-07,0.99999523,5.3230856e-08,9.748126e-07,1.09657e-07,1.0542591e-06,2.2781789e-08,2.0164848e-08,0.99999523
pamap2,gnn_flatten_lstm,sequence,7,107,107,108,3343,25760,25760,5,5,6,6,cycling,cycling,True,4.883806e-08,1.6820009e-06,2.2855039e-08,5.157404e-11,7.9612204e-07,0.99999523,5.344531e-08,9.868915e-07,1.1148906e-07,1.0568693e-06,2.294462e-08,2.0374504e-08,0.99999523
pamap2,gnn_flatten_lstm,sequence,7,107,107,108,3344,25761,25761,5,5,6,6,cycling,cycling,True,4.6248573e-08,1.573431e-06,2.064159e-08,4.6162577e-11,7.6819924e-07,0.99999547,5.0325163e-08,9.168408e-07,1.0121192e-07,1.0037684e-06,2.1338582e-08,1.9145483e-08,0.99999547
pamap2,gnn_flatten_lstm,sequence,7,107,107,108,3345,25762,25762,5,5,6,6,cycling,cycling,True,4.7548305e-08,1.6004249e-06,2.0939149e-08,4.8494916e-11,8.077359e-07,0.99999535,5.275379e-08,9.297382e-07,1.044303e-07,1.0226067e-06,2.231543e-08,2.0167809e-08,0.99999535
pamap2,gnn_flatten_lstm,sequence,7,107,107,108,3346,25763,25763,5,5,6,6,cycling,cycling,True,5.476804e-08,1.814201e-06,2.4240626e-08,6.077287e-11,9.551529e-07,0.99999475,6.3484066e-08,1.0342933e-06,1.2474096e-07,1.1618307e-06,2.673104e-08,2.5030674e-08,0.99999475
pamap2,gnn_flatten_lstm,sequence,7,107,107,108,3347,25764,25764,5,5,6,6,cycling,cycling,True,6.506577e-08,2.0673906e-06,2.711336e-08,7.709207e-11,1.2354245e-06,0.9999938,7.721992e-08,1.1807045e-06,1.5205252e-07,1.3982649e-06,3.4674084e-08,3.287363e-08,0.9999938
pamap2,gnn_flatten_lstm,sequence,7,107,107,108,3348,25765,25765,5,5,6,6,cycling,cycling,True,7.055857e-08,2.1158974e-06,2.7370124e-08,8.115159e-11,1.3987802e-06,0.9999932,8.061439e-08,1.256655e-06,1.617892e-07,1.6055196e-06,3.8554507e-08,3.681782e-08,0.9999932
pamap2,gnn_flatten_lstm,sequence,7,107,107,108,3349,25766,25766,5,5,6,6,cycling,cycling,True,6.848876e-08,2.0131897e-06,2.6285978e-08,7.4846684e-11,1.3209608e-06,0.99999344,7.49478e-08,1.2407904e-06,1.5379904e-07,1.6017793e-06,3.567764e-08,3.448544e-08,0.99999344
pamap2,gnn_flatten_lstm,sequence,7,107,107,108,3350,25767,25767,5,5,6,6,cycling,cycling,True,6.2541055e-08,1.8995107e-06,2.5689276e-08,6.73251e-11,1.1246772e-06,0.99999404,6.724268e-08,1.1849755e-06,1.4261691e-07,1.4410062e-06,3.0692018e-08,2.9642376e-08,0.99999404
pamap2,gnn_flatten_lstm,sequence,7,107,107,108,3351,25768,25768,5,5,6,6,cycling,cycling,True,6.157602e-08,1.9064615e-06,2.5987585e-08,6.638583e-11,1.0799413e-06,0.99999404,6.634251e-08,1.1775179e-06,1.4177641e-07,1.414189e-06,3.0003466e-08,2.8519464e-08,0.99999404
pamap2,gnn_flatten_lstm,sequence,7,107,107,108,3352,25769,25769,5,5,6,6,cycling,cycling,True,7.073536e-08,2.1436501e-06,2.8700502e-08,8.0211345e-11,1.2959508e-06,0.9999932,7.685181e-08,1.3221061e-06,1.6621011e-07,1.6302524e-06,3.6105423e-08,3.478243e-08,0.9999932
pamap2,gnn_flatten_lstm,sequence,7,107,107,108,3353,25770,25770,5,5,6,6,cycling,cycling,True,6.769302e-08,2.031368e-06,2.7607323e-08,7.374323e-11,1.1778226e-06,0.9999933,6.974399e-08,1.4119805e-06,1.6528921e-07,1.6429497e-06,3.2292736e-08,3.155238e-08,0.9999933
pamap2,gnn_flatten_lstm,sequence,7,107,107,108,3354,25771,25771,5,5,6,6,cycling,cycling,True,6.513314e-08,1.9875802e-06,2.6179494e-08,7.432045e-11,1.1941544e-06,0.9999931,6.9924056e-08,1.579001e-06,1.7983221e-07,1.7206206e-06,3.0515825e-08,3.1426122e-08,0.9999931
pamap2,gnn_flatten_lstm,sequence,7,107,107,108,3355,25772,25772,5,5,6,6,cycling,cycling,True,7.112116e-08,2.1441908e-06,2.929403e-08,8.09532e-11,1.2268687e-06,0.9999927,7.4106794e-08,1.6222799e-06,1.8601791e-07,1.7905597e-06,3.155073e-08,3.287648e-08,0.9999927
pamap2,gnn_flatten_lstm,sequence,7,107,107,108,3356,25773,25773,5,5,6,6,cycling,cycling,True,7.0502054e-08,2.0911364e-06,2.9181281e-08,7.667423e-11,1.1533691e-06,0.9999931,7.0967246e-08,1.5743323e-06,1.773771e-07,1.6996103e-06,2.9143237e-08,3.1167172e-08,0.9999931
pamap2,gnn_flatten_lstm,sequence,7,107,107,108,3357,25774,25774,5,5,6,6,cycling,cycling,True,6.60056e-08,1.9954816e-06,2.8511508e-08,7.065894e-11,1.0409467e-06,0.99999344,6.608647e-08,1.4792324e-06,1.660403e-07,1.5272425e-06,2.6870763e-08,2.8358292e-08,0.99999344
pamap2,gnn_flatten_lstm,sequence,7,107,107,108,3358,25775,25775,5,5,6,6,cycling,cycling,True,6.6248276e-08,2.0105208e-06,2.959135e-08,7.2326305e-11,1.0213174e-06,0.99999356,6.696248e-08,1.4836179e-06,1.6909378e-07,1.4717158e-06,2.6726624e-08,2.8420837e-08,0.99999356
pamap2,gnn_flatten_lstm,sequence,7,107,107,108,3359,25776,25776,5,5,6,6,cycling,cycling,True,6.6118254e-08,1.9769886e-06,2.9310263e-08,7.1436516e-11,1.0154534e-06,0.99999356,6.691524e-08,1.481175e-06,1.6856183e-07,1.4564577e-06,2.6185448e-08,2.8310197e-08,0.99999356
pamap2,gnn_flatten_lstm,sequence,7,107,107,108,3360,25777,25777,5,5,6,6,cycling,cycling,True,6.7368845e-08,2.0014663e-06,2.9542964e-08,7.27247e-11,1.0360345e-06,0.99999356,6.8249996e-08,1.5157882e-06,1.7025984e-07,1.5065131e-06,2.6552648e-08,2.8776649e-08,0.99999356
pamap2,gnn_flatten_lstm,sequence,7,107,107,108,3361,25778,25778,5,5,6,6,cycling,cycling,True,6.64912e-08,1.9893068e-06,2.8737324e-08,7.189278e-11,1.0522292e-06,0.99999356,6.847819e-08,1.4868643e-06,1.6774302e-07,1.4875282e-06,2.649821e-08,2.8918992e-08,0.99999356
pamap2,gnn_flatten_lstm,sequence,7,107,107,108,3362,25779,25779,5,5,6,6,cycling,cycling,True,6.623576e-08,1.999467e-06,2.8614695e-08,7.306492e-11,1.080049e-06,0.99999356,7.028244e-08,1.4629502e-06,1.6843809e-07,1.4701475e-06,2.6773208e-08,2.962337e-08,0.99999356
pamap2,gnn_flatten_lstm,sequence,7,107,107,108,3363,25780,25780,5,5,6,6,cycling,cycling,True,6.451141e-08,2.0743914e-06,3.0637906e-08,7.52046e-11,1.0207294e-06,0.9999937,6.93728e-08,1.3901116e-06,1.6847859e-07,1.3501773e-06,2.8068895e-08,2.8978683e-08,0.9999937
pamap2,gnn_flatten_lstm,sequence,7,107,107,108,3364,25781,25781,5,5,6,6,cycling,cycling,True,6.553119e-08,2.2045508e-06,3.347312e-08,7.862666e-11,9.988212e-07,0.9999937,7.0757785e-08,1.3718529e-06,1.7152847e-07,1.3554579e-06,2.9907408e-08,2.9134416e-08,0.9999937
pamap2,gnn_flatten_lstm,sequence,7,107,107,108,3365,25782,25782,5,5,6,6,cycling,cycling,True,6.716203e-08,2.2400445e-06,3.4114894e-08,8.096948e-11,1.0191186e-06,0.99999356,7.2103276e-08,1.3938776e-06,1.7560936e-07,1.3665278e-06,3.0480294e-08,2.9906833e-08,0.99999356
pamap2,gnn_flatten_lstm,sequence,7,107,107,108,3366,25783,25783,5,5,6,6,cycling,cycling,True,6.9675394e-08,2.279842e-06,3.5328902e-08,8.417535e-11,1.0399682e-06,0.99999344,7.367952e-08,1.4416269e-06,1.8223479e-07,1.4004223e-06,3.113391e-08,3.0803367e-08,0.99999344
pamap2,gnn_flatten_lstm,sequence,7,107,107,108,3367,25784,25784,5,5,6,6,cycling,cycling,True,6.657305e-08,2.1684561e-06,3.3490487e-08,7.823799e-11,9.98222e-07,0.99999356,7.0186786e-08,1.3875406e-06,1.731262e-07,1.3588929e-06,2.9553446e-08,2.9278302e-08,0.99999356
pamap2,gnn_flatten_lstm,sequence,7,107,107,108,3368,25785,25785,5,5,6,6,cycling,cycling,True,6.466701e-08,2.0952161e-06,3.190496e-08,7.554994e-11,9.8794e-07,0.9999938,6.7370266e-08,1.4004456e-06,1.7136466e-07,1.3362761e-06,2.8959567e-08,2.8399766e-08,0.9999938
pamap2,gnn_flatten_lstm,sequence,7,107,107,108,3369,25786,25786,5,5,6,6,cycling,cycling,True,6.12581e-08,2.0348075e-06,3.0555512e-08,7.13671e-11,9.517216e-07,0.99999404,6.464828e-08,1.3410103e-06,1.6289351e-07,1.2936698e-06,2.8264566e-08,2.6899702e-08,0.99999404
pamap2,gnn_flatten_lstm,sequence,7,107,107,108,3370,25787,25787,5,5,6,6,cycling,cycling,True,5.889798e-08,1.9863696e-06,2.969161e-08,6.7835036e-11,9.1341246e-07,0.9999943,6.2758666e-08,1.277275e-06,1.54286e-07,1.2542952e-06,2.7324356e-08,2.563451e-08,0.9999943
pamap2,gnn_flatten_lstm,sequence,7,107,107,108,3371,25788,25788,5,5,6,6,cycling,cycling,True,6.059768e-08,2.036807e-06,3.0482052e-08,7.0622334e-11,9.3321836e-07,0.99999404,6.43718e-08,1.3102755e-06,1.5841059e-07,1.2774183e-06,2.7944013e-08,2.6335174e-08,0.99999404
pamap2,gnn_flatten_lstm,sequence,7,107,107,108,3372,25789,25789,5,5,6,6,cycling,cycling,True,5.6389396e-08,1.9548372e-06,2.9068547e-08,6.43268e-11,8.6497056e-07,0.9999943,6.0264924e-08,1.2304924e-06,1.4735588e-07,1.2085964e-06,2.6205205e-08,2.4199084e-08,0.9999943
pamap2,gnn_flatten_lstm,sequence,7,107,107,108,3373,25790,25790,5,5,6,6,cycling,cycling,True,5.4029908e-08,1.8926839e-06,2.7757523e-08,6.003483e-11,8.271931e-07,0.99999464,5.6900124e-08,1.1888112e-06,1.3968923e-07,1.1605283e-06,2.5015732e-08,2.2695598e-08,0.99999464
pamap2,gnn_flatten_lstm,sequence,7,107,107,108,3374,25791,25791,5,5,6,6,cycling,cycling,True,5.6115706e-08,1.9075683e-06,2.7768852e-08,6.19637e-11,8.655344e-07,0.9999945,5.8257353e-08,1.2161349e-06,1.431506e-07,1.1888723e-06,2.5641267e-08,2.3709998e-08,0.9999945
pamap2,gnn_flatten_lstm,sequence,7,107,107,108,3375,25792,25792,5,5,6,6,cycling,cycling,True,5.8005206e-08,1.9628983e-06,2.9076142e-08,6.5915724e-11,8.9622057e-07,0.9999943,6.166748e-08,1.2351071e-06,1.4947611e-07,1.2213966e-06,2.6562999e-08,2.5182224e-08,0.9999943
pamap2,gnn_flatten_lstm,sequence,7,107,107,108,3376,25793,25793,5,5,6,6,cycling,cycling,True,6.328816e-08,2.1007286e-06,3.207135e-08,7.353694e-11,9.4590956e-07,0.9999939,6.681554e-08,1.3305234e-06,1.6357627e-07,1.3137565e-06,2.8366692e-08,2.745977e-08,0.9999939
pamap2,gnn_flatten_lstm,sequence,7,107,107,108,3377,25794,25794,5,5,6,6,cycling,cycling,True,6.0029635e-08,2.0276616e-06,3.0431345e-08,6.868938e-11,9.1225536e-07,0.99999416,6.3822036e-08,1.2806082e-06,1.5532265e-07,1.2819976e-06,2.7386914e-08,2.5921942e-08,0.99999416
pamap2,gnn_flatten_lstm,sequence,7,107,107,108,3378,25795,25795,5,5,6,6,cycling,cycling,True,5.524476e-08,1.8611523e-06,2.6387227e-08,6.02298e-11,8.858766e-07,0.9999945,5.920887e-08,1.165844e-06,1.3731021e-07,1.2015678e-06,2.5796032e-08,2.3771765e-08,0.9999945
pamap2,gnn_flatten_lstm,sequence,7,107,107,108,3379,25796,25796,5,5,6,6,cycling,cycling,True,5.4045575e-08,1.80986e-06,2.55339e-08,5.8789494e-11,8.8707543e-07,0.99999464,5.890665e-08,1.1213567e-06,1.3228515e-07,1.1752188e-06,2.5638288e-08,2.3597979e-08,0.99999464
pamap2,gnn_flatten_lstm,sequence,7,107,107,108,3380,25797,25797,5,5,6,6,cycling,cycling,True,5.74801e-08,1.8782699e-06,2.7691948e-08,6.400774e-11,9.0726513e-07,0.9999945,6.16006e-08,1.1977443e-06,1.432645e-07,1.2222719e-06,2.6242374e-08,2.4985068e-08,0.9999945
pamap2,gnn_flatten_lstm,sequence,7,107,107,108,3381,25798,25798,5,5,6,6,cycling,cycling,True,5.9045107e-08,1.9247398e-06,2.8759166e-08,6.577807e-11,9.055456e-07,0.9999943,6.194262e-08,1.2395132e-06,1.4775833e-07,1.2535704e-06,2.6516481e-08,2.5160617e-08,0.9999943
pamap2,gnn_flatten_lstm,sequence,7,107,107,108,3382,25799,25799,5,5,6,6,cycling,cycling,True,6.091613e-08,2.0082339e-06,3.0237512e-08,6.940104e-11,9.232595e-07,0.99999404,6.473033e-08,1.2588403e-06,1.5285015e-07,1.283709e-06,2.7270099e-08,2.6141597e-08,0.99999404
pamap2,gnn_flatten_lstm,sequence,7,107,107,108,3383,25800,25800,5,5,6,6,cycling,cycling,True,6.232754e-08,2.0680477e-06,3.1024324e-08,7.15436e-11,9.414853e-07,0.99999404,6.572549e-08,1.2922419e-06,1.5817176e-07,1.3081356e-06,2.795313e-08,2.6774954e-08,0.99999404
pamap2,gnn_flatten_lstm,sequence,7,107,107,108,3384,25801,25801,5,5,6,6,cycling,cycling,True,6.218671e-08,2.077556e-06,3.1292412e-08,7.142102e-11,9.368557e-07,0.99999404,6.5795724e-08,1.2930482e-06,1.5900298e-07,1.3136037e-06,2.7924193e-08,2.6762192e-08,0.99999404
pamap2,gnn_flatten_lstm,sequence,7,107,107,108,3385,25802,25802,5,5,6,6,cycling,cycling,True,6.2160254e-08,2.0787288e-06,3.0989955e-08,7.146761e-11,9.505404e-07,0.9999939,6.6467e-08,1.2804712e-06,1.5876779e-07,1.3256067e-06,2.8174677e-08,2.7094442e-08,0.9999939
pamap2,gnn_flatten_lstm,sequence,7,107,107,108,3386,25803,25803,5,5,6,6,cycling,cycling,True,6.650528e-08,2.2723125e-06,3.2879825e-08,8.3227064e-11,1.1009383e-06,0.99999356,7.514591e-08,1.3340042e-06,1.7690331e-07,1.4048916e-06,3.3151995e-08,3.1596045e-08,0.99999356
pamap2,gnn_flatten_lstm,sequence,7,107,107,108,3387,25804,25804,5,5,6,6,cycling,cycling,True,6.8081356e-08,2.23006e-06,3.0407012e-08,7.937916e-11,1.1936253e-06,0.99999344,7.3470844e-08,1.327105e-06,1.7128454e-07,1.501855e-06,3.5035253e-08,3.2410224e-08,0.99999344
pamap2,gnn_flatten_lstm,sequence,7,107,107,108,3388,25805,25805,5,5,6,6,cycling,cycling,True,7.311155e-08,2.195184e-06,2.9807502e-08,8.146485e-11,1.3206794e-06,0.9999931,7.6930405e-08,1.383531e-06,1.76324e-07,1.6751346e-06,3.634205e-08,3.5832983e-08,0.9999931
pamap2,gnn_flatten_lstm,sequence,7,107,107,108,3389,25806,25806,5,5,6,6,cycling,cycling,True,5.225613e-08,1.6275392e-06,2.1539831e-08,5.1164357e-11,1.0721601e-06,0.9999945,5.993161e-08,1.0336048e-06,1.3150601e-07,1.4633674e-06,2.7486774e-08,2.7811891e-08,0.9999945
pamap2,gnn_flatten_lstm,sequence,7,107,107,108,3390,25807,25807,5,5,6,6,cycling,cycling,True,4.8998604e-08,1.4454389e-06,1.8948418e-08,4.8459275e-11,1.1489246e-06,0.9999945,6.404986e-08,9.880574e-07,1.2985684e-07,1.4831694e-06,2.567817e-08,2.9740814e-08,0.9999945
pamap2,gnn_flatten_lstm,sequence,7,107,107,108,3391,25808,25808,5,5,6,6,cycling,cycling,True,6.3168535e-08,1.6923497e-06,2.3263949e-08,6.48642e-11,1.2296651e-06,0.99999404,7.305085e-08,1.2039151e-06,1.5084568e-07,1.5670494e-06,2.6639102e-08,3.345022e-08,0.99999404
pamap2,gnn_flatten_lstm,sequence,7,107,107,108,3392,25809,25809,5,5,6,6,cycling,cycling,True,6.582984e-08,1.8167426e-06,2.5292152e-08,6.757568e-11,1.161609e-06,0.9999937,7.106102e-08,1.2893229e-06,1.5424472e-07,1.5913316e-06,2.695228e-08,3.160732e-08,0.9999937
pamap2,gnn_flatten_lstm,sequence,7,107,107,108,3393,25810,25810,5,5,6,6,cycling,cycling,True,6.480989e-08,1.8451925e-06,2.5698977e-08,6.557049e-11,1.0875481e-06,0.9999939,6.7177815e-08,1.300147e-06,1.518055e-07,1.5518132e-06,2.6099448e-08,2.9540832e-08,0.9999939
pamap2,gnn_flatten_lstm,sequence,7,107,107,108,3394,25811,25811,5,5,6,6,cycling,cycling,True,5.8907425e-08,1.6679094e-06,2.2934671e-08,5.1241993e-11,9.275331e-07,0.9999944,5.2757866e-08,1.2408876e-06,1.3194605e-07,1.4504486e-06,2.2705507e-08,2.4377487e-08,0.9999944
pamap2,gnn_flatten_lstm,sequence,7,107,107,108,3395,25812,25812,5,5,6,6,cycling,cycling,True,5.7782398e-08,1.5736308e-06,2.1418566e-08,4.6318643e-11,8.8633385e-07,0.99999464,4.7848406e-08,1.2213444e-06,1.22839e-07,1.4029692e-06,2.1165077e-08,2.3028084e-08,0.99999464
pamap2,gnn_flatten_lstm,sequence,7,107,107,108,3396,25813,25813,5,5,6,6,cycling,cycling,True,6.004729e-08,1.6099498e-06,2.213128e-08,5.055381e-11,9.20115e-07,0.9999945,5.119607e-08,1.3015981e-06,1.3027473e-07,1.4274686e-06,2.1221666e-08,2.3810196e-08,0.9999945
pamap2,gnn_flatten_lstm,sequence,7,107,107,108,3397,25814,25814,5,5,6,6,cycling,cycling,True,6.446924e-08,1.6921881e-06,2.35481e-08,5.6044887e-11,9.894385e-07,0.99999404,5.678636e-08,1.4198663e-06,1.419221e-07,1.5552964e-06,2.1841872e-08,2.5705207e-08,0.99999404
pamap2,gnn_flatten_lstm,sequence,7,107,107,108,3398,25815,25815,5,5,6,6,cycling,cycling,True,6.948813e-08,1.765678e-06,2.4392813e-08,6.1922516e-11,1.0944666e-06,0.99999344,6.3757014e-08,1.54821e-06,1.5231355e-07,1.7547098e-06,2.2530251e-08,2.8049675e-08,0.99999344
pamap2,gnn_flatten_lstm,sequence,7,107,107,108,3399,25816,25816,5,5,6,6,cycling,cycling,True,5.8845213e-08,1.7426277e-06,2.4992309e-08,5.5859855e-11,8.8294126e-07,0.9999944,5.4010428e-08,1.2910833e-06,1.3852048e-07,1.3084555e-06,2.236923e-08,2.3536794e-08,0.9999944
pamap2,gnn_flatten_lstm,sequence,7,107,107,108,3400,25817,25817,5,5,6,6,cycling,cycling,True,5.3945588e-08,1.6851697e-06,2.4360396e-08,5.123674e-11,8.0867045e-07,0.9999949,5.0850023e-08,1.1650308e-06,1.281333e-07,1.1881925e-06,2.1797652e-08,2.1652415e-08,0.9999949
pamap2,gnn_flatten_lstm,sequence,7,107,107,108,3401,25818,25818,5,5,6,6,cycling,cycling,True,5.011269e-08,1.6058765e-06,2.262287e-08,4.6951085e-11,7.7033087e-07,0.9999951,4.8861537e-08,1.0660677e-06,1.1576477e-07,1.1249348e-06,2.0997534e-08,2.02384e-08,0.9999951
pamap2,gnn_flatten_lstm,sequence,7,107,107,108,3402,25819,25819,5,5,6,6,cycling,cycling,True,5.063044e-08,1.633382e-06,2.2788e-08,4.855368e-11,7.9381573e-07,0.9999951,5.034377e-08,1.0698066e-06,1.16941855e-07,1.1349845e-06,2.1770523e-08,2.0722963e-08,0.9999951
pamap2,gnn_flatten_lstm,sequence,7,107,107,108,3403,25820,25820,5,5,6,6,cycling,cycling,True,4.9697118e-08,1.5685495e-06,2.1658783e-08,4.685358e-11,7.918877e-07,0.99999523,4.956591e-08,1.0374055e-06,1.1223733e-07,1.1008709e-06,2.0985606e-08,2.043058e-08,0.99999523
pamap2,gnn_flatten_lstm,sequence,7,107,107,108,3404,25821,25821,5,5,6,6,cycling,cycling,True,4.779874e-08,1.5010994e-06,2.038625e-08,4.3556388e-11,7.662421e-07,0.9999956,4.7439705e-08,9.859134e-07,1.0538356e-07,1.0535286e-06,2.0066441e-08,1.9533116e-08,0.9999956
pamap2,gnn_flatten_lstm,sequence,7,107,107,108,3405,25822,25822,5,5,6,6,cycling,cycling,True,4.614222e-08,1.5048357e-06,1.9867297e-08,4.3511708e-11,7.9283535e-07,0.99999535,4.953728e-08,9.283614e-07,1.0245694e-07,1.0651015e-06,2.143072e-08,1.9751528e-08,0.99999535
pamap2,gnn_flatten_lstm,sequence,7,107,107,108,3406,25823,25823,5,5,6,6,cycling,cycling,True,4.300224e-08,1.419464e-06,1.9333413e-08,4.123428e-11,7.3000945e-07,0.9999958,4.8931426e-08,8.4853957e-07,9.5239734e-08,9.789262e-07,1.987936e-08,1.8612594e-08,0.9999958
pamap2,gnn_flatten_lstm,sequence,7,107,107,108,3407,25824,25824,5,5,6,6,cycling,cycling,True,4.3753307e-08,1.4134743e-06,1.8944759e-08,4.221164e-11,7.527257e-07,0.9999958,4.99145e-08,8.489419e-07,9.5725454e-08,9.476287e-07,1.9609384e-08,1.9063249e-08,0.9999958
pamap2,gnn_flatten_lstm,sequence,7,107,107,108,3408,25825,25825,5,5,6,6,cycling,cycling,True,4.586784e-08,1.5023437e-06,2.0426183e-08,4.6494468e-11,7.8168944e-07,0.99999547,5.3244985e-08,8.848414e-07,1.0149609e-07,9.861823e-07,2.1103258e-08,2.0006325e-08,0.99999547
pamap2,gnn_flatten_lstm,sequence,7,107,107,108,3409,25826,25826,5,5,6,6,cycling,cycling,True,4.8895856e-08,1.6249103e-06,2.2761029e-08,5.2386526e-11,8.1675233e-07,0.99999535,5.6904074e-08,9.499627e-07,1.11483125e-07,1.0465396e-06,2.303368e-08,2.1420954e-08,0.99999535
pamap2,gnn_flatten_lstm,sequence,7,107,107,108,3410,25827,25827,5,5,6,6,cycling,cycling,True,4.7399624e-08,1.5544503e-06,2.124096e-08,4.930419e-11,8.0823213e-07,0.99999535,5.5044023e-08,9.1505774e-07,1.0599778e-07,1.0100947e-06,2.1903897e-08,2.0899886e-08,0.99999535
pamap2,gnn_flatten_lstm,sequence,7,107,107,108,3411,25828,25828,5,5,6,6,cycling,cycling,True,4.8101267e-08,1.5733573e-06,2.1399064e-08,5.0116068e-11,8.23433e-07,0.99999535,5.5315244e-08,9.296762e-07,1.0766906e-07,1.018448e-06,2.2216646e-08,2.1260943e-08,0.99999535
pamap2,gnn_flatten_lstm,sequence,7,107,107,108,3412,25829,25829,5,5,6,6,cycling,cycling,True,5.0976467e-08,1.6319714e-06,2.1820451e-08,5.1819264e-11,8.9422343e-07,0.9999951,5.771314e-08,9.568911e-07,1.1101035e-07,1.107243e-06,2.489888e-08,2.2837865e-08,0.9999951
pamap2,gnn_flatten_lstm,sequence,7,107,107,108,3413,25830,25830,5,5,6,6,cycling,cycling,True,4.696443e-08,1.5120921e-06,2.0400096e-08,4.6887206e-11,8.272041e-07,0.99999547,5.4140234e-08,8.7760725e-07,1.0113088e-07,1.0329554e-06,2.2905319e-08,2.1139394e-08,0.99999547
pamap2,gnn_flatten_lstm,sequence,7,107,107,108,3414,25831,25831,5,5,6,6,cycling,cycling,True,4.587616e-08,1.4235985e-06,1.8831418e-08,4.3748893e-11,7.986007e-07,0.9999957,5.1444957e-08,8.540365e-07,9.511737e-08,9.796172e-07,2.0657309e-08,2.0110775e-08,0.9999957
pamap2,gnn_flatten_lstm,sequence,7,107,107,108,3415,25832,25832,5,5,6,6,cycling,cycling,True,4.540616e-08,1.4122116e-06,1.8733795e-08,4.224917e-11,7.896106e-07,0.9999957,5.1832227e-08,8.3045126e-07,9.125739e-08,1.0116568e-06,2.1437105e-08,1.9672168e-08,0.9999957
pamap2,gnn_flatten_lstm,sequence,7,107,107,108,3416,25833,25833,5,5,6,6,cycling,cycling,True,4.7804576e-08,1.4682659e-06,1.9667514e-08,4.6221964e-11,8.47602e-07,0.9999956,5.6774315e-08,8.5132933e-07,9.578899e-08,1.0905139e-06,2.3317202e-08,2.1348763e-08,0.9999956
pamap2,gnn_flatten_lstm,sequence,7,107,107,108,3417,25834,25834,5,5,6,6,cycling,cycling,True,4.6667797e-08,1.462094e-06,1.9492512e-08,4.6943404e-11,8.40896e-07,0.9999956,5.5667602e-08,8.4417024e-07,9.700097e-08,1.0321737e-06,2.2334596e-08,2.1213069e-08,0.9999956
pamap2,gnn_flatten_lstm,sequence,7,107,107,108,3418,25835,25835,5,5,6,6,cycling,cycling,True,4.7385704e-08,1.532562e-06,1.9567418e-08,4.9029135e-11,8.939193e-07,0.99999535,5.7586043e-08,8.6011414e-07,9.95983e-08,1.0620932e-06,2.4096355e-08,2.1873252e-08,0.99999535
pamap2,gnn_flatten_lstm,sequence,7,107,107,108,3419,25836,25836,5,5,6,6,cycling,cycling,True,4.8649884e-08,1.591964e-06,1.9817225e-08,5.171905e-11,9.643253e-07,0.99999523,6.057671e-08,8.701947e-07,1.0217707e-07,1.1194757e-06,2.6584162e-08,2.3107868e-08,0.99999523
pamap2,gnn_flatten_lstm,sequence,7,107,107,108,3420,25837,25837,5,5,6,6,cycling,cycling,True,4.8872536e-08,1.558513e-06,2.0173733e-08,5.0654418e-11,9.0637076e-07,0.99999523,5.8180106e-08,8.831391e-07,1.0121981e-07,1.0986967e-06,2.4944374e-08,2.2288756e-08,0.99999523
pamap2,gnn_flatten_lstm,sequence,7,107,107,108,3421,25838,25838,5,5,6,6,cycling,cycling,True,5.6358765e-08,1.7389059e-06,2.1875987e-08,5.9560815e-11,1.0860459e-06,0.9999945,6.618292e-08,9.86597e-07,1.14757825e-07,1.3095804e-06,3.094237e-08,2.6516283e-08,0.9999945
pamap2,gnn_flatten_lstm,sequence,7,107,107,108,3422,25839,25839,5,5,6,6,cycling,cycling,True,6.933733e-08,2.008771e-06,2.5365043e-08,7.515841e-11,1.3436569e-06,0.99999344,7.79588e-08,1.1625941e-06,1.3873718e-07,1.6639802e-06,3.9685155e-08,3.4261287e-08,0.99999344
pamap2,gnn_flatten_lstm,sequence,7,107,107,108,3423,25840,25840,5,5,6,6,cycling,cycling,True,7.722734e-08,2.145911e-06,2.7039269e-08,8.428549e-11,1.5456772e-06,0.9999926,8.556085e-08,1.2573338e-06,1.5305879e-07,1.969424e-06,4.604749e-08,3.9746556e-08,0.9999926
pamap2,gnn_flatten_lstm,sequence,7,107,107,108,3424,25841,25841,5,5,6,6,cycling,cycling,True,8.548361e-08,2.2635377e-06,2.9215546e-08,9.6412774e-11,1.7931553e-06,0.99999166,9.913152e-08,1.3691396e-06,1.7199005e-07,2.4379121e-06,5.4570794e-08,4.671e-08,0.99999166
pamap2,gnn_flatten_lstm,sequence,7,107,107,108,3425,25842,25842,5,5,6,6,cycling,cycling,True,7.0298235e-08,1.973458e-06,2.64292e-08,7.456725e-11,1.3234937e-06,0.9999932,7.68911e-08,1.2307258e-06,1.4668326e-07,1.8708912e-06,3.846086e-08,3.4583643e-08,0.9999932
pamap2,gnn_flatten_lstm,sequence,7,107,107,108,3426,25843,25843,5,5,6,6,cycling,cycling,True,6.393776e-08,1.8981469e-06,2.6045242e-08,6.724783e-11,1.1076895e-06,0.9999939,6.708831e-08,1.1990705e-06,1.3977576e-07,1.559449e-06,3.1549387e-08,2.919617e-08,0.9999939
pamap2,gnn_flatten_lstm,sequence,7,107,107,108,3427,25844,25844,5,5,6,6,cycling,cycling,True,5.936321e-08,1.8387304e-06,2.5317505e-08,6.1022104e-11,9.843628e-07,0.9999943,6.098776e-08,1.1555218e-06,1.3129547e-07,1.4365528e-06,2.8302983e-08,2.5759888e-08,0.9999943
pamap2,gnn_flatten_lstm,sequence,7,107,107,108,3428,25845,25845,5,5,6,6,cycling,cycling,True,5.6237425e-08,1.7702813e-06,2.4173948e-08,5.5976973e-11,9.1266907e-07,0.9999945,5.6364463e-08,1.1197525e-06,1.2468611e-07,1.3394515e-06,2.592294e-08,2.36086e-08,0.9999945
pamap2,gnn_flatten_lstm,sequence,7,107,107,108,3429,25846,25846,5,5,6,6,cycling,cycling,True,6.63373e-08,1.930999e-06,2.6639297e-08,6.53156e-11,1.0560345e-06,0.9999938,6.434208e-08,1.2613996e-06,1.4324117e-07,1.5384229e-06,2.9248056e-08,2.8585571e-08,0.9999938
pamap2,gnn_flatten_lstm,sequence,7,107,107,108,3430,25847,25847,5,5,6,6,cycling,cycling,True,7.1359814e-08,2.0203483e-06,2.8892577e-08,7.1242345e-11,1.1078083e-06,0.99999344,6.757732e-08,1.3829299e-06,1.5711838e-07,1.6652502e-06,3.0327946e-08,3.0733766e-08,0.99999344
pamap2,gnn_flatten_lstm,sequence,7,107,107,108,3431,25848,25848,5,5,6,6,cycling,cycling,True,7.0065596e-08,2.0699367e-06,3.0367307e-08,7.4194144e-11,1.0680452e-06,0.99999344,6.766851e-08,1.4397143e-06,1.6607989e-07,1.6168846e-06,2.9738969e-08,3.013426e-08,0.99999344
pamap2,gnn_flatten_lstm,sequence,7,107,107,108,3432,25849,25849,5,5,6,6,cycling,cycling,True,6.4878265e-08,1.9819295e-06,2.8833298e-08,6.751128e-11,9.858205e-07,0.9999938,6.2989486e-08,1.3487206e-06,1.5597783e-07,1.4566969e-06,2.7096402e-08,2.750259e-08,0.9999938
pamap2,gnn_flatten_lstm,sequence,7,107,107,108,3433,25850,25850,5,5,6,6,cycling,cycling,True,6.562976e-08,2.0010755e-06,2.989412e-08,6.8390384e-11,9.574119e-07,0.9999938,6.272932e-08,1.3978677e-06,1.5941288e-07,1.4390396e-06,2.6447774e-08,2.7003173e-08,0.9999938
pamap2,gnn_flatten_lstm,sequence,7,107,107,108,3434,25851,25851,5,5,6,6,cycling,cycling,True,6.2496106e-08,1.9469335e-06,2.9148822e-08,6.4762216e-11,9.126756e-07,0.99999404,6.004634e-08,1.3564878e-06,1.5381877e-07,1.3653807e-06,2.5436181e-08,2.5556687e-08,0.99999404
pamap2,gnn_flatten_lstm,sequence,7,107,107,108,3435,25852,25852,5,5,6,6,cycling,cycling,True,6.153118e-08,1.9548838e-06,2.9168959e-08,6.4207036e-11,9.0064924e-07,0.99999416,5.973461e-08,1.3334403e-06,1.5267825e-07,1.330888e-06,2.5251527e-08,2.5349442e-08,0.99999416
pamap2,gnn_flatten_lstm,sequence,7,107,107,108,3436,25853,25853,5,5,6,6,cycling,cycling,True,5.74665e-08,1.8841471e-06,2.7873012e-08,5.956626e-11,8.4987624e-07,0.9999944,5.7380195e-08,1.2440655e-06,1.4141672e-07,1.2745287e-06,2.419595e-08,2.3652134e-08,0.9999944
pamap2,gnn_flatten_lstm,sequence,7,107,107,108,3437,25854,25854,5,5,6,6,cycling,cycling,True,5.513319e-08,1.8137026e-06,2.6610325e-08,5.714333e-11,8.3350835e-07,0.99999464,5.6522076e-08,1.1929098e-06,1.3562357e-07,1.235071e-06,2.3486885e-08,2.2974474e-08,0.99999464
pamap2,gnn_flatten_lstm,sequence,7,107,107,108,3438,25855,25855,5,5,6,6,cycling,cycling,True,6.073562e-08,1.9581007e-06,2.9374029e-08,6.6263e-11,9.137714e-07,0.9999943,6.284264e-08,1.2978519e-06,1.5180743e-07,1.3180475e-06,2.5925308e-08,2.58201e-08,0.9999943
pamap2,gnn_flatten_lstm,sequence,7,107,107,108,3439,25856,25856,5,5,6,6,cycling,cycling,True,6.173867e-08,2.024871e-06,3.08672e-08,7.018591e-11,9.355923e-07,0.99999404,6.568263e-08,1.3154139e-06,1.5812395e-07,1.331105e-06,2.7262404e-08,2.6776027e-08,0.99999404
pamap2,gnn_flatten_lstm,sequence,7,107,107,108,3440,25857,25857,5,5,6,6,cycling,cycling,True,6.073282e-08,2.0208465e-06,3.0734956e-08,7.0051506e-11,9.3461136e-07,0.99999404,6.5836524e-08,1.2874754e-06,1.5864762e-07,1.2962139e-06,2.7376519e-08,2.6939752e-08,0.99999404
pamap2,gnn_flatten_lstm,sequence,7,107,107,108,3441,25858,25858,5,5,6,6,cycling,cycling,True,6.223832e-08,2.0895654e-06,3.168846e-08,7.3709254e-11,9.575948e-07,0.99999404,6.7971236e-08,1.3067016e-06,1.6214058e-07,1.3041546e-06,2.854515e-08,2.7558627e-08,0.99999404
pamap2,gnn_flatten_lstm,sequence,7,107,107,108,3442,25859,25859,5,5,6,6,cycling,cycling,True,6.15117e-08,2.0845976e-06,3.135945e-08,7.314512e-11,9.543437e-07,0.99999404,6.742299e-08,1.2925723e-06,1.6026688e-07,1.2878547e-06,2.8631195e-08,2.7205367e-08,0.99999404
pamap2,gnn_flatten_lstm,sequence,7,107,107,108,3443,25860,25860,5,5,6,6,cycling,cycling,True,5.869969e-08,2.0355992e-06,3.0385692e-08,7.0203586e-11,9.251554e-07,0.99999404,6.5660956e-08,1.2382438e-06,1.5384077e-07,1.2454742e-06,2.8187632e-08,2.6116082e-08,0.99999404
pamap2,gnn_flatten_lstm,sequence,7,107,107,108,3444,25861,25861,5,5,6,6,cycling,cycling,True,5.6296344e-08,1.9370204e-06,2.795485e-08,6.410658e-11,9.0221334e-07,0.9999945,6.207167e-08,1.1724871e-06,1.4221686e-07,1.2154266e-06,2.717188e-08,2.4677082e-08,0.9999945
pamap2,gnn_flatten_lstm,sequence,7,107,107,108,3445,25862,25862,5,5,6,6,cycling,cycling,True,5.274108e-08,1.8071386e-06,2.5656732e-08,5.8386095e-11,8.609253e-07,0.99999475,5.8777594e-08,1.0881548e-06,1.2955962e-07,1.1418347e-06,2.5137556e-08,2.3114733e-08,0.99999475
pamap2,gnn_flatten_lstm,sequence,7,107,107,108,3446,25863,25863,5,5,6,6,cycling,cycling,True,5.4176656e-08,1.8334482e-06,2.6674298e-08,6.133439e-11,8.709929e-07,0.99999464,6.036975e-08,1.1306282e-06,1.3558218e-07,1.145932e-06,2.5270667e-08,2.385393e-08,0.99999464
pamap2,gnn_flatten_lstm,sequence,7,107,107,108,3447,25864,25864,5,5,6,6,cycling,cycling,True,5.968438e-08,1.9906781e-06,2.994978e-08,7.0212294e-11,9.295474e-07,0.99999416,6.5699176e-08,1.2425273e-06,1.5288194e-07,1.2375262e-06,2.7548749e-08,2.6381127e-08,0.99999416
pamap2,gnn_flatten_lstm,sequence,7,107,107,108,3448,25865,25865,5,5,6,6,cycling,cycling,True,5.9422455e-08,1.9858317e-06,2.9699258e-08,6.902258e-11,9.1717465e-07,0.9999943,6.4757266e-08,1.2368586e-06,1.5134297e-07,1.2335308e-06,2.7091868e-08,2.586451e-08,0.9999943
pamap2,gnn_flatten_lstm,sequence,7,107,107,108,3449,25866,25866,5,5,6,6,cycling,cycling,True,5.7277852e-08,1.9059353e-06,2.8032268e-08,6.432669e-11,8.9230195e-07,0.9999945,6.133365e-08,1.2018509e-06,1.44453e-07,1.193416e-06,2.5855144e-08,2.4710285e-08,0.9999945
pamap2,gnn_flatten_lstm,sequence,7,107,107,108,3450,25867,25867,5,5,6,6,cycling,cycling,True,5.7262223e-08,1.9190068e-06,2.8080267e-08,6.460432e-11,8.931353e-07,0.9999944,6.055622e-08,1.2325255e-06,1.4665966e-07,1.2094162e-06,2.6229209e-08,2.4559968e-08,0.9999944
pamap2,gnn_flatten_lstm,sequence,7,107,107,108,3451,25868,25868,5,5,6,6,cycling,cycling,True,5.6698603e-08,1.9188183e-06,2.7993424e-08,6.493293e-11,8.9369684e-07,0.9999944,6.088444e-08,1.2333074e-06,1.4701115e-07,1.2128825e-06,2.6373487e-08,2.4571822e-08,0.9999944
pamap2,gnn_flatten_lstm,sequence,7,107,107,108,3452,25869,25869,5,5,6,6,cycling,cycling,True,5.7079465e-08,1.8927485e-06,2.7670984e-08,6.410572e-11,8.950437e-07,0.9999944,6.043195e-08,1.2294967e-06,1.455042e-07,1.2077921e-06,2.5909197e-08,2.4594094e-08,0.9999944
pamap2,gnn_flatten_lstm,sequence,7,107,107,108,3453,25870,25870,5,5,6,6,cycling,cycling,True,5.6121063e-08,1.8459154e-06,2.6642827e-08,6.09378e-11,8.794841e-07,0.99999464,5.766052e-08,1.2237696e-06,1.41505e-07,1.1932763e-06,2.5180743e-08,2.3774712e-08,0.99999464
pamap2,gnn_flatten_lstm,sequence,7,107,107,108,3454,25871,25871,5,5,6,6,cycling,cycling,True,5.143157e-08,1.7167474e-06,2.3872142e-08,5.343583e-11,8.2643e-07,0.9999949,5.3044044e-08,1.1137091e-06,1.2592717e-07,1.1092307e-06,2.3241439e-08,2.1576476e-08,0.9999949
pamap2,gnn_flatten_lstm,sequence,7,107,107,108,3455,25872,25872,5,5,6,6,cycling,cycling,True,4.9762182e-08,1.6564875e-06,2.3059169e-08,5.0892065e-11,7.977598e-07,0.9999951,5.1617224e-08,1.0707997e-06,1.2002005e-07,1.0788544e-06,2.2229907e-08,2.077338e-08,0.9999951
pamap2,gnn_flatten_lstm,sequence,7,107,107,108,3456,25873,25873,5,5,6,6,cycling,cycling,True,5.1847014e-08,1.7207517e-06,2.4537131e-08,5.436809e-11,8.1405517e-07,0.9999949,5.3659075e-08,1.1181684e-06,1.270896e-07,1.116933e-06,2.3151888e-08,2.156117e-08,0.9999949
pamap2,gnn_flatten_lstm,sequence,7,107,107,108,3457,25874,25874,5,5,6,6,cycling,cycling,True,5.0228284e-08,1.7129078e-06,2.3974584e-08,5.3203858e-11,8.0184117e-07,0.999995,5.2909655e-08,1.0872816e-06,1.2392131e-07,1.0925463e-06,2.2960682e-08,2.0970637e-08,0.999995
pamap2,gnn_flatten_lstm,sequence,7,107,107,108,3458,25875,25875,5,5,6,6,cycling,cycling,True,5.276966e-08,1.8331547e-06,2.5695028e-08,5.829741e-11,8.407702e-07,0.99999475,5.653147e-08,1.1233756e-06,1.3166768e-07,1.1294234e-06,2.4683064e-08,2.2322439e-08,0.99999475
pamap2,gnn_flatten_lstm,sequence,7,107,107,108,3459,25876,25876,5,5,6,6,cycling,cycling,True,6.025238e-08,2.0758291e-06,2.8922758e-08,7.0994016e-11,9.810283e-07,0.99999404,6.557009e-08,1.2271651e-06,1.5216801e-07,1.2529891e-06,2.9322244e-08,2.6686854e-08,0.99999404
pamap2,gnn_flatten_lstm,sequence,7,107,107,108,3460,25877,25877,5,5,6,6,cycling,cycling,True,6.5141116e-08,2.2697673e-06,3.049989e-08,8.1887996e-11,1.1613585e-06,0.99999344,7.350028e-08,1.2977382e-06,1.7013988e-07,1.3726653e-06,3.4915445e-08,3.137205e-08,0.99999344
pamap2,gnn_flatten_lstm,sequence,7,107,107,108,3461,25878,25878,5,5,6,6,cycling,cycling,True,6.688689e-08,2.2828222e-06,2.9432995e-08,8.354609e-11,1.2975596e-06,0.9999932,7.6685325e-08,1.2928006e-06,1.72541e-07,1.4845868e-06,3.8168327e-08,3.411521e-08,0.9999932
pamap2,gnn_flatten_lstm,sequence,7,107,107,108,3462,25879,25879,5,5,6,6,cycling,cycling,True,5.8546515e-08,1.8794234e-06,2.494259e-08,6.029956e-11,9.969366e-07,0.9999943,5.952977e-08,1.1694383e-06,1.3644342e-07,1.3594382e-06,2.8403301e-08,2.5694378e-08,0.9999943
pamap2,gnn_flatten_lstm,sequence,7,107,107,108,3463,25880,25880,5,5,6,6,cycling,cycling,True,4.6550422e-08,1.5407858e-06,2.1199385e-08,5.1578065e-11,9.014913e-07,0.999995,6.9146736e-08,8.845035e-07,1.1170487e-07,1.3254388e-06,2.5381537e-08,2.4062908e-08,0.999995
pamap2,gnn_flatten_lstm,sequence,7,107,107,108,3464,25881,25881,5,5,6,6,cycling,cycling,True,4.037713e-08,1.2913692e-06,1.6546927e-08,4.7217646e-11,1.016936e-06,0.99999547,7.4298065e-08,7.510411e-07,1.0936899e-07,1.0991748e-06,2.2060835e-08,2.64515e-08,0.99999547
pamap2,gnn_flatten_lstm,sequence,7,107,107,108,3465,25882,25882,5,5,6,6,cycling,cycling,True,5.120769e-08,1.2870194e-06,1.5805716e-08,6.2097626e-11,1.6038921e-06,0.9999945,9.331774e-08,9.926837e-07,1.5252928e-07,1.1907479e-06,2.3111644e-08,4.17831e-08,0.9999945
pamap2,gnn_flatten_lstm,sequence,7,107,107,108,3466,25883,25883,5,5,6,6,cycling,cycling,True,5.991662e-08,1.5461235e-06,2.0705048e-08,6.7344894e-11,1.3422285e-06,0.9999943,8.292001e-08,1.1115226e-06,1.5029602e-07,1.3511249e-06,2.4921476e-08,3.6316806e-08,0.9999943
pamap2,gnn_flatten_lstm,sequence,7,107,107,108,3467,25884,25884,5,5,6,6,cycling,cycling,True,6.813606e-08,1.7514268e-06,2.4087445e-08,7.414125e-11,1.3419078e-06,0.9999937,8.1945785e-08,1.3158651e-06,1.6588999e-07,1.6067888e-06,2.7146008e-08,3.653675e-08,0.9999937
pamap2,gnn_flatten_lstm,sequence,7,107,107,108,3468,25885,25885,5,5,6,6,cycling,cycling,True,5.5567938e-08,1.4649971e-06,1.9513847e-08,5.0399195e-11,1.0249112e-06,0.99999464,5.8924407e-08,1.1104212e-06,1.2398806e-07,1.3976847e-06,2.1722771e-08,2.613164e-08,0.99999464
pamap2,gnn_flatten_lstm,sequence,7,107,107,108,3469,25886,25886,5,5,6,6,cycling,cycling,True,5.0207408e-08,1.3668063e-06,1.7540115e-08,4.2215398e-11,9.0305747e-07,0.9999951,4.874834e-08,1.0298556e-06,1.0807374e-07,1.2279074e-06,1.9381766e-08,2.2026056e-08,0.9999951
pamap2,gnn_flatten_lstm,sequence,7,107,107,108,3470,25887,25887,5,5,6,6,cycling,cycling,True,5.0268543e-08,1.3788065e-06,1.7399401e-08,4.2584894e-11,8.9346224e-07,0.9999951,4.8675872e-08,1.0485745e-06,1.072286e-07,1.1845452e-06,1.8635244e-08,2.1555667e-08,0.9999951
pamap2,gnn_flatten_lstm,sequence,7,107,107,108,3471,25888,25888,5,5,6,6,cycling,cycling,True,5.6546664e-08,1.4384341e-06,1.7704402e-08,4.7322552e-11,1.023492e-06,0.99999464,5.7374514e-08,1.2133316e-06,1.1636753e-07,1.4764182e-06,1.8470264e-08,2.4071944e-08,0.99999464
pamap2,gnn_flatten_lstm,sequence,7,107,107,108,3472,25889,25889,5,5,6,6,cycling,cycling,True,7.0927726e-08,1.576228e-06,1.9160634e-08,6.1331364e-11,1.4365016e-06,0.99999297,7.765987e-08,1.5446594e-06,1.4584533e-07,2.0658929e-06,2.146151e-08,3.2164678e-08,0.99999297
pamap2,gnn_flatten_lstm,sequence,7,107,107,108,3473,25890,25890,5,5,6,6,cycling,cycling,True,5.1401372e-08,1.3921606e-06,1.666808e-08,4.2109316e-11,9.642727e-07,0.999995,5.0250513e-08,1.0738031e-06,1.0466516e-07,1.3020518e-06,1.9430693e-08,2.2093037e-08,0.999995
pamap2,gnn_flatten_lstm,sequence,7,107,107,108,3474,25891,25891,5,5,6,6,cycling,cycling,True,4.7493018e-08,1.4127351e-06,1.729439e-08,4.1803002e-11,9.0157073e-07,0.99999535,4.818483e-08,9.643751e-07,1.0182319e-07,1.1030791e-06,2.1036104e-08,2.1157465e-08,0.99999535
pamap2,gnn_flatten_lstm,sequence,7,107,107,108,3475,25892,25892,5,5,6,6,cycling,cycling,True,4.6718018e-08,1.5254855e-06,2.006567e-08,4.5077306e-11,8.123834e-07,0.99999535,4.9953048e-08,9.349995e-07,1.0335095e-07,1.0728209e-06,2.1655026e-08,2.0266294e-08,0.99999535
pamap2,gnn_flatten_lstm,sequence,7,107,107,108,3476,25893,25893,5,5,6,6,cycling,cycling,True,4.5545107e-08,1.4845535e-06,1.938924e-08,4.3957993e-11,7.868546e-07,0.99999547,4.9523873e-08,8.9962634e-07,9.901228e-08,1.0125041e-06,2.050163e-08,1.958045e-08,0.99999547
pamap2,gnn_flatten_lstm,sequence,7,107,107,108,3477,25894,25894,5,5,6,6,cycling,cycling,True,4.5719705e-08,1.4945613e-06,1.968613e-08,4.4024617e-11,7.653548e-07,0.9999956,4.9529547e-08,8.948177e-07,9.712297e-08,9.99899e-07,2.0396325e-08,1.9093484e-08,0.9999956
pamap2,gnn_flatten_lstm,sequence,7,107,107,108,3478,25895,25895,5,5,6,6,cycling,cycling,True,4.7440505e-08,1.5588698e-06,2.0742306e-08,4.6781076e-11,7.910816e-07,0.99999535,5.110343e-08,9.3967554e-07,1.0330109e-07,1.0325997e-06,2.1554849e-08,1.9896687e-08,0.99999535
pamap2,gnn_flatten_lstm,sequence,7,107,107,108,3479,25896,25896,5,5,6,6,cycling,cycling,True,4.8310813e-08,1.5835951e-06,2.1121053e-08,4.8743815e-11,8.228977e-07,0.99999535,5.3055807e-08,9.4973717e-07,1.06511735e-07,1.0513795e-06,2.2584292e-08,2.0743533e-08,0.99999535
pamap2,gnn_flatten_lstm,sequence,7,107,107,108,3480,25897,25897,5,5,6,6,cycling,cycling,True,4.6145566e-08,1.5118557e-06,1.999919e-08,4.611488e-11,7.989661e-07,0.99999547,5.22818e-08,8.8346616e-07,9.891074e-08,1.007037e-06,2.1694468e-08,2.0018959e-08,0.99999547
pamap2,gnn_flatten_lstm,sequence,7,107,107,108,3481,25898,25898,5,5,6,6,cycling,cycling,True,4.6447212e-08,1.5113698e-06,1.9948102e-08,4.7047023e-11,8.095143e-07,0.99999547,5.3631993e-08,8.783055e-07,9.874975e-08,9.985372e-07,2.1686402e-08,2.0304833e-08,0.99999547
pamap2,gnn_flatten_lstm,sequence,7,107,107,108,3482,25899,25899,5,5,6,6,cycling,cycling,True,4.6110117e-08,1.4729754e-06,1.8884215e-08,4.448057e-11,8.087844e-07,0.9999956,5.1194462e-08,8.7052035e-07,9.5889526e-08,9.829937e-07,2.1200773e-08,1.9781544e-08,0.9999956
pamap2,gnn_flatten_lstm,sequence,7,107,107,108,3483,25900,25900,5,5,6,6,cycling,cycling,True,4.3483755e-08,1.3599022e-06,1.742439e-08,3.8985516e-11,7.363436e-07,0.99999595,4.6435098e-08,8.222972e-07,8.672323e-08,9.330448e-07,1.884698e-08,1.7905602e-08,0.99999595
pamap2,gnn_flatten_lstm,sequence,7,107,107,108,3484,25901,25901,5,5,6,6,cycling,cycling,True,3.7556134e-08,1.1813473e-06,1.4946865e-08,3.1357084e-11,6.531671e-07,0.9999964,4.2917627e-08,6.9391484e-07,7.156393e-08,8.55555e-07,1.6806686e-08,1.5518287e-08,0.9999964
pamap2,gnn_flatten_lstm,sequence,7,107,107,108,3485,25902,25902,5,5,6,6,cycling,cycling,True,3.7888977e-08,1.1449072e-06,1.4791703e-08,3.2113066e-11,6.8201234e-07,0.9999964,4.6189026e-08,6.720031e-07,7.171369e-08,8.773378e-07,1.7329342e-08,1.6465622e-08,0.9999964
pamap2,gnn_flatten_lstm,sequence,7,107,107,108,3486,25903,25903,5,5,6,6,cycling,cycling,True,4.2681933e-08,1.2666112e-06,1.688434e-08,3.9014684e-11,7.474168e-07,0.99999607,4.9504635e-08,7.6692453e-07,8.411502e-08,9.34484e-07,1.9162485e-08,1.8387125e-08,0.99999607
pamap2,gnn_flatten_lstm,sequence,7,107,107,108,3487,25904,25904,5,5,6,6,cycling,cycling,True,4.3841194e-08,1.3523156e-06,1.776531e-08,4.1998988e-11,7.7752105e-07,0.99999595,5.0884324e-08,8.011861e-07,8.88391e-08,9.612428e-07,1.9996909e-08,1.9083005e-08,0.99999595
pamap2,gnn_flatten_lstm,sequence,7,107,107,108,3488,25905,25905,5,5,6,6,cycling,cycling,True,4.1933415e-08,1.3046234e-06,1.6727496e-08,3.8137587e-11,7.3807877e-07,0.99999595,4.6653042e-08,7.768429e-07,8.345868e-08,9.1731965e-07,1.8822803e-08,1.781271e-08,0.99999595
pamap2,gnn_flatten_lstm,sequence,7,107,107,108,3489,25906,25906,5,5,6,6,cycling,cycling,True,4.4658155e-08,1.3519275e-06,1.7499596e-08,4.0285705e-11,7.65201e-07,0.99999595,4.7930403e-08,8.201489e-07,8.753254e-08,9.5193946e-07,1.9455264e-08,1.8722368e-08,0.99999595
pamap2,gnn_flatten_lstm,sequence,7,107,107,108,3490,25907,25907,5,5,6,6,cycling,cycling,True,4.5547203e-08,1.3910652e-06,1.7854205e-08,4.242133e-11,7.913324e-07,0.9999957,4.9191094e-08,8.434212e-07,9.059524e-08,9.633395e-07,1.9981618e-08,1.9216317e-08,0.9999957
pamap2,gnn_flatten_lstm,sequence,7,107,107,108,3491,25908,25908,5,5,6,6,cycling,cycling,True,4.4850896e-08,1.393595e-06,1.7797767e-08,4.231918e-11,7.831275e-07,0.9999958,4.905496e-08,8.401644e-07,9.000639e-08,9.554656e-07,1.9744045e-08,1.8915728e-08,0.9999958
pamap2,gnn_flatten_lstm,sequence,7,107,107,108,3492,25909,25909,5,5,6,6,cycling,cycling,True,4.548738e-08,1.4652081e-06,1.8738115e-08,4.5631905e-11,8.1024274e-07,0.9999956,5.1126843e-08,8.75895e-07,9.670576e-08,9.72487e-07,2.1042329e-08,1.9749953e-08,0.9999956
pamap2,gnn_flatten_lstm,sequence,7,107,107,108,3493,25910,25910,5,5,6,6,cycling,cycling,True,4.6602235e-08,1.5146553e-06,1.9341961e-08,4.840399e-11,8.459053e-07,0.99999547,5.3527142e-08,9.1211996e-07,1.025418e-07,1.0148802e-06,2.1985727e-08,2.0668102e-08,0.99999547
pamap2,gnn_flatten_lstm,sequence,7,107,107,108,3494,25911,25911,5,5,6,6,cycling,cycling,True,4.434367e-08,1.4385674e-06,1.797729e-08,4.2934968e-11,7.891883e-07,0.9999957,4.887536e-08,8.6316635e-07,9.351955e-08,9.593742e-07,2.0218812e-08,1.8841439e-08,0.9999957
pamap2,gnn_flatten_lstm,sequence,7,107,107,108,3495,25912,25912,5,5,6,6,cycling,cycling,True,4.4184365e-08,1.4431296e-06,1.801426e-08,4.2482868e-11,7.755311e-07,0.9999958,4.805159e-08,8.65311e-07,9.281958e-08,9.437588e-07,2.0045139e-08,1.8510173e-08,0.9999958
pamap2,gnn_flatten_lstm,sequence,7,107,107,108,3496,25913,25913,5,5,6,6,cycling,cycling,True,4.8904994e-08,1.5853556e-06,2.0646272e-08,5.015059e-11,8.424377e-07,0.99999535,5.2618127e-08,9.736327e-07,1.08197305e-07,1.0101572e-06,2.252385e-08,2.0806498e-08,0.99999535
pamap2,gnn_flatten_lstm,sequence,7,107,107,108,3497,25914,25914,5,5,6,6,cycling,cycling,True,4.9726893e-08,1.5827948e-06,2.0727393e-08,5.0124665e-11,8.516596e-07,0.99999523,5.2224184e-08,9.928017e-07,1.1053203e-07,1.0282091e-06,2.26426e-08,2.1140275e-08,0.99999523
pamap2,gnn_flatten_lstm,sequence,7,107,107,108,3498,25915,25915,5,5,6,6,cycling,cycling,True,5.064338e-08,1.6449482e-06,2.1735048e-08,5.345184e-11,8.720729e-07,0.999995,5.375363e-08,1.0575545e-06,1.1962557e-07,1.0692872e-06,2.349608e-08,2.1930308e-08,0.999995
pamap2,gnn_flatten_lstm,sequence,7,107,107,108,3499,25916,25916,5,5,6,6,cycling,cycling,True,4.9285738e-08,1.5966531e-06,2.0969884e-08,5.1280268e-11,8.5623634e-07,0.99999523,5.220516e-08,1.0559777e-06,1.1874651e-07,1.0547578e-06,2.252836e-08,2.1429246e-08,0.99999523
pamap2,gnn_flatten_lstm,sequence,7,107,107,108,3500,25917,25917,5,5,6,6,cycling,cycling,True,4.7466035e-08,1.4970318e-06,1.9418552e-08,4.643066e-11,8.2372844e-07,0.99999547,4.940415e-08,9.849182e-07,1.0804904e-07,1.0005494e-06,2.0758693e-08,2.0248097e-08,0.99999547
pamap2,gnn_flatten_lstm,sequence,7,107,107,108,3501,25918,25918,5,5,6,6,cycling,cycling,True,4.8786486e-08,1.5474127e-06,1.9946347e-08,4.8243052e-11,8.549725e-07,0.99999523,5.0648993e-08,1.0055053e-06,1.11849026e-07,1.0307696e-06,2.172092e-08,2.1001744e-08,0.99999523
pamap2,gnn_flatten_lstm,sequence,7,107,107,108,3502,25919,25919,5,5,6,6,cycling,cycling,True,5.8985233e-08,1.7047131e-06,2.2122839e-08,5.5983163e-11,1.0064053e-06,0.9999945,5.8503996e-08,1.1282422e-06,1.2642299e-07,1.262598e-06,2.5131367e-08,2.5820105e-08,0.9999945
pamap2,gnn_flatten_lstm,sequence,7,107,107,108,3503,25920,25920,5,5,6,6,cycling,cycling,True,6.7913824e-08,1.8285627e-06,2.3725951e-08,6.42064e-11,1.1959673e-06,0.9999938,6.683108e-08,1.2313865e-06,1.4032149e-07,1.5131786e-06,2.9153595e-08,3.1196933e-08,0.9999938
pamap2,gnn_flatten_lstm,sequence,7,107,107,108,3504,25921,25921,5,5,6,6,cycling,cycling,True,8.1114194e-08,2.1139915e-06,2.6625239e-08,8.543546e-11,1.6230314e-06,0.9999924,8.350089e-08,1.4627574e-06,1.7812995e-07,1.8860849e-06,3.8251812e-08,4.1683748e-08,0.9999924
pamap2,gnn_flatten_lstm,sequence,7,107,107,108,3505,25922,25922,5,5,6,6,cycling,cycling,True,6.414344e-08,1.8737759e-06,2.3978762e-08,6.755197e-11,1.2204864e-06,0.9999937,6.637767e-08,1.3364443e-06,1.5555919e-07,1.5678038e-06,2.9795526e-08,3.1071806e-08,0.9999937
pamap2,gnn_flatten_lstm,sequence,7,107,107,108,3506,25923,25923,5,5,6,6,cycling,cycling,True,5.513779e-08,1.7396533e-06,2.1806242e-08,5.986523e-11,1.0720229e-06,0.99999416,6.039587e-08,1.2584874e-06,1.4569716e-07,1.3671713e-06,2.5886418e-08,2.6776286e-08,0.99999416
pamap2,gnn_flatten_lstm,sequence,7,107,107,108,3507,25924,25924,5,5,6,6,cycling,cycling,True,5.8260444e-08,1.7974609e-06,2.3438812e-08,6.167585e-11,1.0459248e-06,0.99999416,6.171689e-08,1.2844329e-06,1.4618848e-07,1.3824787e-06,2.5389507e-08,2.663133e-08,0.99999416
pamap2,gnn_flatten_lstm,sequence,7,107,107,108,3508,25925,25925,5,5,6,6,cycling,cycling,True,5.704452e-08,1.7076773e-06,2.2298003e-08,5.5199165e-11,9.747066e-07,0.9999943,5.6473993e-08,1.2584396e-06,1.3499843e-07,1.3703748e-06,2.3124203e-08,2.44326e-08,0.9999943
pamap2,gnn_flatten_lstm,sequence,7,107,107,108,3509,25926,25926,5,5,6,6,cycling,cycling,True,5.383395e-08,1.6568423e-06,2.1974767e-08,5.1232137e-11,8.8644714e-07,0.99999464,5.2055288e-08,1.1928701e-06,1.2619583e-07,1.2655372e-06,2.2183983e-08,2.2393653e-08,0.99999464
pamap2,gnn_flatten_lstm,sequence,7,107,107,108,3510,25927,25927,5,5,6,6,cycling,cycling,True,5.8010524e-08,1.7960149e-06,2.5081704e-08,5.8117417e-11,9.0689053e-07,0.9999944,5.646194e-08,1.2985033e-06,1.3894093e-07,1.3507256e-06,2.3864711e-08,2.398669e-08,0.9999944
pamap2,gnn_flatten_lstm,sequence,7,107,107,108,3511,25928,25928,5,5,6,6,cycling,cycling,True,5.8958e-08,1.8108676e-06,2.5628205e-08,5.960967e-11,9.1347516e-07,0.9999943,5.765665e-08,1.3152863e-06,1.419729e-07,1.3503197e-06,2.4000371e-08,2.4425796e-08,0.9999943
pamap2,gnn_flatten_lstm,sequence,7,107,107,108,3512,25929,25929,5,5,6,6,cycling,cycling,True,6.156498e-08,1.8844447e-06,2.749966e-08,6.514876e-11,9.4721685e-07,0.99999404,6.143607e-08,1.3822175e-06,1.5413654e-07,1.3704908e-06,2.5090406e-08,2.5876938e-08,0.99999404
pamap2,gnn_flatten_lstm,sequence,7,107,107,108,3513,25930,25930,5,5,6,6,cycling,cycling,True,6.5821546e-08,2.0165505e-06,3.022418e-08,7.4714186e-11,1.0213008e-06,0.99999356,6.829922e-08,1.4756297e-06,1.7209356e-07,1.4270439e-06,2.7417682e-08,2.857232e-08,0.99999356
pamap2,gnn_flatten_lstm,sequence,7,107,107,108,3514,25931,25931,5,5,6,6,cycling,cycling,True,6.4905485e-08,2.0152165e-06,2.9863173e-08,7.4774076e-11,1.0305852e-06,0.9999937,6.89683e-08,1.4484308e-06,1.7209966e-07,1.3957746e-06,2.7497448e-08,2.8645772e-08,0.9999937
pamap2,gnn_flatten_lstm,sequence,7,107,107,108,3515,25932,25932,5,5,6,6,cycling,cycling,True,6.362463e-08,2.002269e-06,3.0250025e-08,7.304279e-11,9.849946e-07,0.9999939,6.663913e-08,1.3909488e-06,1.6782772e-07,1.3177053e-06,2.7321114e-08,2.783942e-08,0.9999939
pamap2,gnn_flatten_lstm,sequence,7,107,107,108,3516,25933,25933,5,5,6,6,cycling,cycling,True,6.53547e-08,2.0862437e-06,3.21552e-08,7.4730166e-11,9.73961e-07,0.9999938,6.6967736e-08,1.3872167e-06,1.6879414e-07,1.3475675e-06,2.8352192e-08,2.7974403e-08,0.9999938
pamap2,gnn_flatten_lstm,sequence,7,107,107,108,3517,25934,25934,5,5,6,6,cycling,cycling,True,6.039518e-08,1.9408976e-06,2.9192172e-08,6.63003e-11,9.1788166e-07,0.9999943,6.1594946e-08,1.2935789e-06,1.5425144e-07,1.2742297e-06,2.6312435e-08,2.5678064e-08,0.9999943
pamap2,gnn_flatten_lstm,sequence,7,107,107,108,3518,25935,25935,5,5,6,6,cycling,cycling,True,5.929701e-08,1.8943124e-06,2.8754561e-08,6.37103e-11,8.873452e-07,0.9999944,5.966914e-08,1.2736685e-06,1.5012071e-07,1.2593138e-06,2.5490003e-08,2.482754e-08,0.9999944
pamap2,gnn_flatten_lstm,sequence,7,107,107,108,3519,25936,25936,5,5,6,6,cycling,cycling,True,5.522444e-08,1.7982813e-06,2.6936993e-08,5.758317e-11,8.2683914e-07,0.99999475,5.58361e-08,1.1835668e-06,1.3651976e-07,1.2072168e-06,2.3941585e-08,2.269586e-08,0.99999475
pamap2,gnn_flatten_lstm,sequence,7,107,107,108,3520,25937,25937,5,5,6,6,cycling,cycling,True,5.5188433e-08,1.7860677e-06,2.6744656e-08,5.6871834e-11,8.1440834e-07,0.99999475,5.5025723e-08,1.1873768e-06,1.3498033e-07,1.207287e-06,2.3685056e-08,2.22998e-08,0.99999475
pamap2,gnn_flatten_lstm,sequence,7,107,107,108,3521,25938,25938,5,5,6,6,cycling,cycling,True,6.02184e-08,1.9688543e-06,3.02076e-08,6.71484e-11,8.8216854e-07,0.9999943,6.2099836e-08,1.2883809e-06,1.5190214e-07,1.2910191e-06,2.6248523e-08,2.5071849e-08,0.9999943
pamap2,gnn_flatten_lstm,sequence,7,107,107,108,3522,25939,25939,5,5,6,6,cycling,cycling,True,6.004945e-08,1.9810213e-06,3.0087598e-08,6.7468316e-11,8.904256e-07,0.9999943,6.2864814e-08,1.2624266e-06,1.5232807e-07,1.2688043e-06,2.6137466e-08,2.5320258e-08,0.9999943
pamap2,gnn_flatten_lstm,sequence,7,107,107,108,3523,25940,25940,5,5,6,6,cycling,cycling,True,6.333297e-08,2.0407679e-06,3.152485e-08,7.1231646e-11,9.167844e-07,0.99999404,6.5297144e-08,1.3283023e-06,1.5974408e-07,1.3311327e-06,2.695332e-08,2.6397029e-08,0.99999404
pamap2,gnn_flatten_lstm,sequence,7,107,107,108,3524,25941,25941,5,5,6,6,cycling,cycling,True,6.0218625e-08,1.9775575e-06,2.995041e-08,6.6228e-11,8.779126e-07,0.9999943,6.1429766e-08,1.2790291e-06,1.5082499e-07,1.2852846e-06,2.5981642e-08,2.4624274e-08,0.9999943
pamap2,gnn_flatten_lstm,sequence,7,107,107,108,3525,25942,25942,5,5,6,6,cycling,cycling,True,5.801628e-08,1.9754486e-06,2.8880818e-08,6.405206e-11,8.6952866e-07,0.9999944,6.0076836e-08,1.2097104e-06,1.4478813e-07,1.2357575e-06,2.5905292e-08,2.3913055e-08,0.9999944
pamap2,gnn_flatten_lstm,sequence,7,107,107,108,3526,25943,25943,5,5,6,6,cycling,cycling,True,6.665358e-08,2.429055e-06,3.5137973e-08,9.1545896e-11,1.1132357e-06,0.9999932,7.739091e-08,1.3634657e-06,1.8815115e-07,1.3465094e-06,3.5239992e-08,3.211105e-08,0.9999932
pamap2,gnn_flatten_lstm,sequence,7,107,107,108,3527,25944,25944,5,5,6,6,cycling,cycling,True,6.885232e-08,2.531506e-06,3.633796e-08,9.337603e-11,1.1544056e-06,0.99999297,7.8965925e-08,1.4023957e-06,1.929509e-07,1.4629884e-06,3.7345426e-08,3.2831867e-08,0.99999297
pamap2,gnn_flatten_lstm,sequence,7,107,107,108,3528,25945,25945,5,5,6,6,cycling,cycling,True,6.863141e-08,2.4262351e-06,3.611541e-08,8.558639e-11,1.0537452e-06,0.9999932,7.4052295e-08,1.4016659e-06,1.8150766e-07,1.4873885e-06,3.3697116e-08,3.030348e-08,0.9999932
pamap2,gnn_flatten_lstm,sequence,7,107,107,108,3529,25946,25946,5,5,6,6,cycling,cycling,True,6.923808e-08,2.3638381e-06,3.6008522e-08,8.340725e-11,1.0196278e-06,0.9999933,7.28938e-08,1.4223683e-06,1.796502e-07,1.4804855e-06,3.1713228e-08,2.9704328e-08,0.9999933
pamap2,gnn_flatten_lstm,sequence,7,107,107,108,3530,25947,25947,5,5,6,6,cycling,cycling,True,6.644987e-08,2.2268175e-06,3.4246327e-08,7.783879e-11,9.756936e-07,0.99999356,7.003701e-08,1.3792777e-06,1.7257364e-07,1.4304163e-06,2.9595245e-08,2.8378478e-08,0.99999356
pamap2,gnn_flatten_lstm,sequence,7,107,107,108,3531,25948,25948,5,5,6,6,cycling,cycling,True,6.6492596e-08,2.2168056e-06,3.4180154e-08,7.726575e-11,9.681902e-07,0.99999356,7.004717e-08,1.3708758e-06,1.7121792e-07,1.4309867e-06,2.9322901e-08,2.8203967e-08,0.99999356
pamap2,gnn_flatten_lstm,sequence,7,107,107,108,3532,25949,25949,5,5,6,6,cycling,cycling,True,7.180708e-08,2.4482044e-06,3.73676e-08,9.0224134e-11,1.0766303e-06,0.9999932,7.840854e-08,1.4532104e-06,1.894114e-07,1.5179069e-06,3.3350872e-08,3.178553e-08,0.9999932
pamap2,gnn_flatten_lstm,sequence,7,107,107,108,3533,25950,25950,5,5,6,6,cycling,cycling,True,7.95735e-08,2.8965349e-06,4.3932594e-08,1.1890053e-10,1.2927435e-06,0.999992,9.397625e-08,1.6148203e-06,2.3236174e-07,1.6416459e-06,4.2735117e-08,3.9254186e-08,0.999992
pamap2,gnn_flatten_lstm,sequence,7,107,107,108,3534,25951,25951,5,5,6,6,cycling,cycling,True,8.693164e-08,3.2461624e-06,4.9299256e-08,1.4108169e-10,1.4646861e-06,0.99999106,1.0599329e-07,1.775149e-06,2.6722086e-07,1.8555686e-06,5.0549954e-08,4.5037908e-08,0.99999106
pamap2,gnn_flatten_lstm,sequence,7,107,107,108,3535,25952,25952,5,5,6,6,cycling,cycling,True,9.607455e-08,3.8712233e-06,5.540434e-08,2.112038e-10,2.0726934e-06,0.9999893,1.336147e-07,2.083123e-06,3.7679013e-07,1.8630765e-06,7.258785e-08,6.3114044e-08,0.9999893
pamap2,gnn_flatten_lstm,sequence,7,107,107,108,3536,25953,25953,5,5,6,6,cycling,cycling,True,1.0593896e-07,4.5009033e-06,6.396274e-08,2.7779123e-10,2.5441336e-06,0.9999877,1.5825223e-07,2.3595544e-06,4.724485e-07,1.9700794e-06,9.333384e-08,7.8197225e-08,0.9999877
pamap2,gnn_flatten_lstm,sequence,7,107,107,108,3537,25954,25954,5,5,6,6,cycling,cycling,True,1.2132658e-07,5.3645126e-06,7.152488e-08,4.099169e-10,3.652531e-06,0.9999846,2.0032768e-07,2.8626368e-06,6.550726e-07,2.143918e-06,1.34776e-07,1.074027e-07,0.9999846
pamap2,gnn_flatten_lstm,sequence,7,107,107,108,3538,25955,25955,5,5,6,6,cycling,cycling,True,1.5367823e-07,6.6494435e-06,8.134577e-08,6.82946e-10,6.424274e-06,0.9999783,3.0065559e-07,3.8296944e-06,1.0033895e-06,2.7666424e-06,2.1403548e-07,1.6858884e-07,0.9999783
pamap2,gnn_flatten_lstm,sequence,7,107,107,108,3539,25956,25956,5,5,6,6,cycling,cycling,True,1.5092319e-07,5.659307e-06,6.7650596e-08,5.119549e-10,4.9981895e-06,0.99998045,2.4426123e-07,4.192257e-06,8.0686385e-07,3.1578672e-06,1.5063804e-07,1.2925393e-07,0.99998045
pamap2,gnn_flatten_lstm,sequence,7,107,107,108,3540,25957,25957,5,5,6,6,cycling,cycling,True,1.0710046e-07,4.22763e-06,4.2850093e-08,5.2453936e-10,7.022742e-06,0.99997616,3.2329976e-07,6.626842e-06,1.2604719e-06,4.0096506e-06,1.1363141e-07,1.7262825e-07,0.99997616
pamap2,gnn_flatten_lstm,sequence,7,107,107,108,3541,25958,25958,5,5,6,6,cycling,cycling,True,1.5132727e-07,5.2171877e-06,3.811309e-08,1.9081732e-09,2.6151025e-05,0.99992585,1.038463e-06,2.4756462e-05,5.501386e-06,1.0362692e-05,1.5034394e-07,7.5809976e-07,0.99992585
pamap2,gnn_flatten_lstm,sequence,7,107,107,108,3542,25959,25959,5,5,6,6,cycling,cycling,True,3.7733165e-07,1.0585955e-05,5.5860774e-08,6.062632e-09,0.000113234215,0.99979573,2.6331084e-06,4.7062353e-05,9.464535e-06,1.879218e-05,3.9073254e-07,1.7550456e-06,0.99979573
pamap2,gnn_flatten_lstm,sequence,7,107,107,108,3543,25960,25960,5,5,6,6,cycling,cycling,True,1.3236393e-06,1.873269e-05,1.460358e-07,1.8720304e-08,0.00015067832,0.9994548,7.1922245e-06,0.00011129411,1.6679132e-05,0.0002342128,1.7320469e-06,3.1416216e-06,0.9994548
pamap2,gnn_flatten_lstm,sequence,7,107,107,108,3544,25961,25961,5,5,6,6,cycling,cycling,True,2.3719135e-06,2.1247415e-05,1.1936977e-07,6.884152e-08,0.0002981204,0.9980813,2.0721402e-05,0.00054713816,5.9248832e-05,0.00095801544,1.500495e-06,1.0208534e-05,0.9980813
pamap2,gnn_flatten_lstm,sequence,7,107,107,108,3545,25962,25962,5,5,6,6,cycling,cycling,True,1.0554163e-06,1.6419861e-05,4.87939e-08,5.513109e-08,0.00044867277,0.9983652,1.9342437e-05,0.0006291373,7.884007e-05,0.00042782945,6.9685615e-07,1.2659688e-05,0.9983652
pamap2,gnn_flatten_lstm,sequence,7,107,107,108,3546,25963,25963,5,5,6,6,cycling,cycling,True,8.1622375e-07,1.3158342e-05,4.2550266e-08,3.0202827e-08,0.0003410475,0.99853075,1.1148016e-05,0.0007652314,6.757428e-05,0.00026032,3.4053284e-07,9.551077e-06,0.99853075
pamap2,gnn_flatten_lstm,sequence,7,107,107,108,3547,25964,25964,5,5,6,6,cycling,cycling,True,7.996662e-07,1.08472295e-05,7.3920475e-08,7.5002635e-09,7.880385e-05,0.99951625,4.2386378e-06,0.00020636992,1.5649875e-05,0.00016464312,2.140678e-07,2.1185863e-06,0.99951625
pamap2,gnn_flatten_lstm,sequence,7,107,107,108,3548,25965,25965,5,5,6,6,cycling,cycling,True,1.7584554e-06,1.996556e-05,2.5254508e-07,1.8229343e-08,0.00011109336,0.9992803,8.204601e-06,0.00022933818,1.9958783e-05,0.00032555513,6.4412444e-07,2.9671376e-06,0.9992803
pamap2,gnn_flatten_lstm,sequence,7,107,107,108,3549,25966,25966,5,5,6,6,cycling,cycling,True,3.1656215e-05,0.0002651546,4.269153e-06,7.3828737e-06,0.0050656563,0.9448449,0.00069599925,0.0122096,0.0021757134,0.034424655,6.0160713e-05,0.00021497073,0.9448449
pamap2,gnn_flatten_lstm,sequence,7,107,107,108,3550,25967,25967,5,5,6,6,cycling,cycling,True,6.2256346e-05,0.00039738909,7.784913e-06,1.12405805e-05,0.0069721546,0.9527044,0.00044257884,0.017001472,0.0015948338,0.020402452,0.0001853735,0.00021793542,0.9527044
pamap2,gnn_flatten_lstm,sequence,7,107,107,108,3551,25968,25968,5,5,6,6,cycling,cycling,True,0.00025442173,0.0012004726,3.0546315e-05,0.00011746106,0.023429189,0.8401332,0.0013358755,0.078738146,0.0064642597,0.046007216,0.0015977605,0.0006914171,0.8401332
pamap2,gnn_flatten_lstm,sequence,7,107,107,108,3552,25969,25969,4,7,5,12,running,ascending_stairs,False,0.0011441126,0.002062277,0.000109477,0.011368342,0.066800416,0.08858467,0.00860223,0.7021465,0.0639608,0.046521682,0.0055104247,0.003189072,0.7021465
pamap2,gnn_flatten_lstm,sequence,7,107,107,108,3553,25970,25970,4,7,5,12,running,ascending_stairs,False,0.000959687,0.0031340676,7.00747e-05,0.076153286,0.23734532,0.016277034,0.0047370465,0.5059292,0.13465238,0.0055721165,0.0106076235,0.004562112,0.5059292
pamap2,gnn_flatten_lstm,sequence,7,107,107,108,3554,25971,25971,4,3,5,4,running,walking,False,0.00061820954,0.002827851,9.4251445e-05,0.40543777,0.10790509,0.0016974851,0.0068225316,0.28569126,0.17345493,0.0030342536,0.0096940035,0.002722401,0.40543777
pamap2,gnn_flatten_lstm,sequence,7,107,107,108,3555,25972,25972,4,7,5,12,running,ascending_stairs,False,0.0021731365,0.006730763,0.00017000084,0.17775561,0.2619156,0.005232272,0.00836683,0.4193389,0.09823455,0.004050233,0.009261991,0.006770065,0.4193389
pamap2,gnn_flatten_lstm,sequence,7,107,107,108,3556,25973,25973,4,4,5,5,running,running,True,0.010573682,0.08109327,0.0021368586,0.07907622,0.43510678,0.00752767,0.0152344415,0.27511257,0.055692576,0.00708708,0.020864416,0.010494453,0.43510678
pamap2,gnn_flatten_lstm,sequence,7,107,107,108,3557,25974,25974,4,10,5,17,running,ironing,False,0.027196776,0.22955374,0.14273718,0.03151856,0.093889184,0.00780551,0.020043636,0.06028902,0.034857962,0.037076294,0.3050463,0.009985823,0.3050463
pamap2,gnn_flatten_lstm,sequence,7,107,107,108,3558,25975,25975,4,2,5,3,running,standing,False,0.03591743,0.20265563,0.2712972,0.03390188,0.06742517,0.00639367,0.025765466,0.054160483,0.038235,0.040838733,0.21112652,0.012282779,0.2712972
pamap2,gnn_flatten_lstm,sequence,7,107,107,108,3559,25976,25976,4,2,5,3,running,standing,False,0.022792237,0.1018125,0.6619636,0.013858485,0.013132152,0.0028622334,0.014602895,0.017083682,0.024918903,0.028689153,0.093187205,0.00509698,0.6619636
pamap2,gnn_flatten_lstm,sequence,7,107,107,108,3560,25977,25977,4,2,5,3,running,standing,False,0.025569355,0.16322836,0.5796174,0.019566014,0.022379125,0.0017826462,0.016691277,0.023479328,0.09091197,0.02021324,0.032345623,0.004215724,0.5796174
pamap2,gnn_flatten_lstm,sequence,7,107,107,108,3561,25978,25978,4,8,5,13,running,descending_stairs,False,0.0111103095,0.107122585,0.18797608,0.10209624,0.012390053,0.00032560268,0.013274755,0.03144933,0.50897676,0.01642668,0.0053944825,0.0034571276,0.50897676
pamap2,gnn_flatten_lstm,sequence,7,107,107,108,3562,25979,25979,4,8,5,13,running,descending_stairs,False,0.0012539465,0.026984604,0.009777151,0.31644216,0.004629545,7.205587e-05,0.010031721,0.01602486,0.60843086,0.0039534755,0.00061141327,0.0017882171,0.60843086
pamap2,gnn_flatten_lstm,sequence,7,107,107,108,3563,25980,25980,4,8,5,13,running,descending_stairs,False,7.845911e-05,0.002949907,8.302691e-05,0.053590674,0.02039135,4.9538034e-05,0.017387446,0.00430372,0.89858145,0.00023094947,3.1926622e-05,0.0023215986,0.89858145
pamap2,gnn_flatten_lstm,sequence,7,107,107,108,3564,25981,25981,4,8,5,13,running,descending_stairs,False,1.1331182e-05,0.0004442364,1.4833371e-06,0.004259629,0.07884498,1.978694e-05,0.0042007607,0.0017321579,0.9081019,1.5472093e-05,2.290214e-06,0.0023658865,0.9081019
pamap2,gnn_flatten_lstm,sequence,7,107,107,108,3565,25982,25982,4,8,5,13,running,descending_stairs,False,3.3769136e-06,0.00019361217,1.1838665e-07,0.0009462938,0.25984907,1.2045219e-05,0.0018115905,0.0010721559,0.73400605,2.5390514e-06,5.142256e-07,0.0021026416,0.73400605
pamap2,gnn_flatten_lstm,sequence,7,107,107,108,3566,25983,25983,4,4,5,5,running,running,True,1.3452478e-06,0.00010016694,1.38679415e-08,0.0001982532,0.7160534,7.358297e-06,0.00092102145,0.000441696,0.28116184,4.584179e-07,1.6785549e-07,0.0011141888,0.7160534
pamap2,gnn_flatten_lstm,sequence,7,107,107,108,3567,25984,25984,4,4,5,5,running,running,True,4.0237654e-07,3.142091e-05,1.2585665e-09,2.0600384e-05,0.95741826,3.4549805e-06,0.00022611344,9.416224e-05,0.041940276,6.222298e-08,4.9731366e-08,0.00026518563,0.95741826
pamap2,gnn_flatten_lstm,sequence,7,107,107,108,3568,25985,25985,4,4,5,5,running,running,True,1.6891464e-07,1.2330829e-05,2.4204916e-10,4.0678738e-06,0.9880251,2.3665689e-06,6.266078e-05,3.649948e-05,0.0117632495,1.8468244e-08,2.5630056e-08,9.348145e-05,0.9880251
pamap2,gnn_flatten_lstm,sequence,7,107,107,108,3569,25986,25986,4,4,5,5,running,running,True,1.1827915e-07,1.1135249e-05,1.620771e-10,4.7280464e-06,0.97381467,4.5343386e-06,5.321397e-05,5.253205e-05,0.025945565,3.7324284e-08,2.7015467e-08,0.00011335253,0.97381467
pamap2,gnn_flatten_lstm,sequence,7,107,107,108,3570,25987,25987,4,4,5,5,running,running,True,8.153292e-08,4.3930936e-06,4.6722574e-11,2.4158248e-06,0.99227375,4.5590336e-06,3.062593e-05,3.3078013e-05,0.007565616,1.9272612e-08,2.1665725e-08,8.5398e-05,0.99227375
pamap2,gnn_flatten_lstm,sequence,7,107,107,108,3571,25988,25988,4,4,5,5,running,running,True,9.9498784e-08,6.036424e-07,4.5386906e-12,1.1965216e-07,0.99978536,2.560551e-06,3.1978877e-06,1.17181335e-05,0.00014750876,4.4028337e-09,7.174421e-09,4.8904687e-05,0.99978536
pamap2,gnn_flatten_lstm,sequence,7,107,107,108,3572,25989,25989,4,4,5,5,running,running,True,1.2986013e-07,3.0170128e-07,1.7052207e-12,2.501481e-08,0.99994063,1.8978828e-06,1.162444e-06,5.25457e-06,1.7231718e-05,1.8476691e-09,4.056262e-09,3.328391e-05,0.99994063
pamap2,gnn_flatten_lstm,sequence,7,107,107,108,3573,25990,25990,4,4,5,5,running,running,True,1.2178909e-07,3.2111797e-07,1.6809159e-12,1.8740568e-08,0.9999548,1.7742893e-06,1.069635e-06,4.4625626e-06,1.5035662e-05,1.630688e-09,3.4213907e-09,2.2437433e-05,0.9999548
pamap2,gnn_flatten_lstm,sequence,7,107,107,108,3574,25991,25991,4,4,5,5,running,running,True,1.2169642e-07,3.0129226e-07,1.4569339e-12,2.0785755e-08,0.9999517,1.6797461e-06,1.0614596e-06,4.744613e-06,1.3665574e-05,1.3766475e-09,3.310573e-09,2.6591819e-05,0.9999517
pamap2,gnn_flatten_lstm,sequence,7,107,107,108,3575,25992,25992,4,4,5,5,running,running,True,9.6756345e-08,2.4001244e-07,9.591437e-13,1.080006e-08,0.9999691,1.6581073e-06,1.1209903e-06,2.224091e-06,6.3097364e-06,8.4502466e-10,2.1144675e-09,1.925926e-05,0.9999691
pamap2,gnn_flatten_lstm,sequence,7,107,107,108,3576,25993,25993,4,4,5,5,running,running,True,6.971962e-08,1.8827421e-07,5.849739e-13,4.6344324e-09,0.9999833,1.5286754e-06,1.0937418e-06,8.295806e-07,3.083989e-06,5.213075e-10,1.2389918e-09,9.9650215e-06,0.9999833
pamap2,gnn_flatten_lstm,sequence,7,107,107,108,3577,25994,25994,4,4,5,5,running,running,True,6.2181094e-08,1.6083666e-07,4.6004135e-13,3.3178797e-09,0.9999858,1.549801e-06,1.0270616e-06,6.0958666e-07,2.471733e-06,4.5767284e-10,9.49791e-10,8.330794e-06,0.9999858
pamap2,gnn_flatten_lstm,sequence,7,107,107,108,3578,25995,25995,4,4,5,5,running,running,True,6.172618e-08,1.5151203e-07,4.3155865e-13,2.9067804e-09,0.9999863,1.6671706e-06,1.0106636e-06,5.491085e-07,2.245144e-06,4.6324286e-10,8.6612867e-10,8.12148e-06,0.9999863
pamap2,gnn_flatten_lstm,sequence,7,107,107,108,3579,25996,25996,4,4,5,5,running,running,True,5.7490976e-08,1.5063505e-07,4.0207396e-13,2.5530142e-09,0.99998724,1.6503187e-06,1.0681894e-06,4.8321317e-07,2.037104e-06,4.503571e-10,7.0867473e-10,7.260813e-06,0.99998724
pamap2,gnn_flatten_lstm,sequence,7,107,107,108,3580,25997,25997,4,4,5,5,running,running,True,6.411435e-08,1.4077467e-07,4.3843756e-13,2.915915e-09,0.9999845,1.9534598e-06,1.0469006e-06,5.8469476e-07,2.2185495e-06,5.063507e-10,8.3127516e-10,9.536164e-06,0.9999845
pamap2,gnn_flatten_lstm,sequence,7,107,107,108,3581,25998,25998,4,4,5,5,running,running,True,6.25954e-08,1.260633e-07,3.5683584e-13,2.4373812e-09,0.9999833,2.355861e-06,1.0908116e-06,4.6342734e-07,1.6531318e-06,4.3440473e-10,7.385232e-10,1.1048455e-05,0.9999833
pamap2,gnn_flatten_lstm,sequence,7,107,107,108,3582,25999,25999,4,4,5,5,running,running,True,6.134547e-08,1.239969e-07,3.4442466e-13,2.359522e-09,0.9999831,2.5084341e-06,1.1131459e-06,4.3459545e-07,1.5732854e-06,4.2719772e-10,7.365184e-10,1.1097143e-05,0.9999831
pamap2,gnn_flatten_lstm,sequence,7,107,107,108,3583,26000,26000,4,4,5,5,running,running,True,8.414636e-08,1.4000933e-07,5.3009913e-13,3.742762e-09,0.99997365,3.88372e-06,1.2422566e-06,7.248825e-07,1.8756906e-06,6.7566114e-10,1.226834e-09,1.8528477e-05,0.99997365
pamap2,gnn_flatten_lstm,sequence,7,107,107,108,3584,26001,26001,4,4,5,5,running,running,True,1.1648035e-07,1.6117775e-07,8.8741216e-13,6.2005148e-09,0.9999604,4.7811604e-06,1.2346471e-06,1.4666468e-06,2.7901933e-06,1.1847644e-09,2.0872217e-09,2.9055469e-05,0.9999604
pamap2,gnn_flatten_lstm,sequence,7,107,107,108,3585,26002,26002,4,4,5,5,running,running,True,1.11868715e-07,1.6680444e-07,8.53495e-13,5.8976735e-09,0.9999615,4.167686e-06,1.1408803e-06,1.4769299e-06,2.9117928e-06,1.0644222e-09,1.99618e-09,2.8463965e-05,0.9999615
pamap2,gnn_flatten_lstm,sequence,7,107,107,108,3586,26003,26003,4,4,5,5,running,running,True,1.065616e-07,1.704063e-07,8.4654316e-13,5.8345706e-09,0.99996555,3.631064e-06,1.1448118e-06,1.4206356e-06,3.0342203e-06,9.875611e-10,1.8972741e-09,2.493411e-05,0.99996555
pamap2,gnn_flatten_lstm,sequence,7,107,107,108,3587,26004,26004,4,4,5,5,running,running,True,9.679401e-08,1.7263561e-07,8.146251e-13,6.5976526e-09,0.99996924,2.8531056e-06,1.1225352e-06,1.5099414e-06,3.6576407e-06,9.2318414e-10,1.9019806e-09,2.1486716e-05,0.99996924
pamap2,gnn_flatten_lstm,sequence,7,107,107,108,3588,26005,26005,4,4,5,5,running,running,True,6.643171e-08,1.4764319e-07,4.4884287e-13,3.3098824e-09,0.99998343,2.0920977e-06,1.0961134e-06,6.1723915e-07,2.0317123e-06,5.0917714e-10,1.019939e-09,1.0456479e-05,0.99998343
pamap2,gnn_flatten_lstm,sequence,7,107,107,108,3589,26006,26006,4,4,5,5,running,running,True,5.495047e-08,1.3343589e-07,3.205047e-13,2.2105728e-09,0.9999862,1.991213e-06,1.1053394e-06,4.0461617e-07,1.4741616e-06,3.8053458e-10,6.1179556e-10,8.685788e-06,0.9999862
pamap2,gnn_flatten_lstm,sequence,7,107,107,108,3590,26007,26007,4,4,5,5,running,running,True,6.7186996e-08,1.5107851e-07,4.0463832e-13,2.4214375e-09,0.9999838,2.2817928e-06,1.2919121e-06,4.3615736e-07,1.4617268e-06,4.4341655e-10,6.5585365e-10,1.0463714e-05,0.9999838
pamap2,gnn_flatten_lstm,sequence,7,107,107,108,3591,26008,26008,4,4,5,5,running,running,True,1.0182438e-07,1.59178e-07,7.3927664e-13,4.7386677e-09,0.9999707,2.8884183e-06,1.2395075e-06,1.1736674e-06,2.5041845e-06,8.5239465e-10,1.1326973e-09,2.1227346e-05,0.9999707
pamap2,gnn_flatten_lstm,sequence,7,107,107,108,3592,26009,26009,4,4,5,5,running,running,True,1.5328784e-07,1.9369378e-07,1.4227397e-12,9.501727e-09,0.9999485,3.3730175e-06,1.3511996e-06,3.1202333e-06,4.5082916e-06,1.8065387e-09,1.8716937e-09,3.8885355e-05,0.9999485
pamap2,gnn_flatten_lstm,sequence,7,107,107,108,3593,26010,26010,4,4,5,5,running,running,True,9.492486e-08,1.4538422e-07,7.43007e-13,5.7721055e-09,0.99996674,3.146653e-06,1.1795325e-06,1.6247537e-06,3.334392e-06,1.0402503e-09,1.3902921e-09,2.3680363e-05,0.99996674
pamap2,gnn_flatten_lstm,sequence,7,107,107,108,3594,26011,26011,4,4,5,5,running,running,True,7.903473e-08,1.5104519e-07,5.9182276e-13,3.7686196e-09,0.9999769,3.0157282e-06,1.2157471e-06,8.384052e-07,2.3063544e-06,6.976938e-10,1.1008007e-09,1.5584807e-05,0.9999769
pamap2,gnn_flatten_lstm,sequence,7,107,107,108,3595,26012,26012,4,4,5,5,running,running,True,8.145073e-08,1.5607213e-07,6.269542e-13,3.8968815e-09,0.9999765,3.0418796e-06,1.226064e-06,8.291613e-07,2.4093697e-06,6.9801037e-10,1.1520237e-09,1.5745218e-05,0.9999765
pamap2,gnn_flatten_lstm,sequence,7,107,107,108,3596,26013,26013,4,4,5,5,running,running,True,8.4225256e-08,1.5086255e-07,6.5876135e-13,4.5777524e-09,0.99997437,3.0213687e-06,1.2308988e-06,9.486708e-07,2.6985633e-06,7.345466e-10,1.3312544e-09,1.7522041e-05,0.99997437
pamap2,gnn_flatten_lstm,sequence,7,107,107,108,3597,26014,26014,4,4,5,5,running,running,True,7.5422356e-08,1.3653005e-07,5.74282e-13,4.310528e-09,0.99997485,3.0298218e-06,1.1320396e-06,9.4142416e-07,2.7981212e-06,7.0671685e-10,1.2715288e-09,1.6934062e-05,0.99997485
pamap2,gnn_flatten_lstm,sequence,7,107,107,108,3598,26015,26015,4,4,5,5,running,running,True,6.7828324e-08,1.3515232e-07,4.589544e-13,3.0034046e-09,0.9999815,2.6149473e-06,1.1802307e-06,5.8803533e-07,1.994248e-06,5.5328037e-10,9.196243e-10,1.1917043e-05,0.9999815
pamap2,gnn_flatten_lstm,sequence,7,107,107,108,3599,26016,26016,4,4,5,5,running,running,True,7.931655e-08,1.5369818e-07,6.1001e-13,3.7240975e-09,0.99997926,2.6972723e-06,1.2584267e-06,7.762508e-07,2.3704415e-06,6.979244e-10,1.0631972e-09,1.328348e-05,0.99997926
pamap2,gnn_flatten_lstm,sequence,7,107,107,108,3600,26017,26017,4,4,5,5,running,running,True,1.00168926e-07,1.7369814e-07,8.91932e-13,5.149264e-09,0.99997485,2.9002774e-06,1.380647e-06,1.2007663e-06,2.9818075e-06,1.0387698e-09,1.3646716e-09,1.633881e-05,0.99997485
pamap2,gnn_flatten_lstm,sequence,7,107,107,108,3601,26018,26018,4,4,5,5,running,running,True,1.2698453e-07,1.9134762e-07,1.1929153e-12,7.1164474e-09,0.9999689,3.0162075e-06,1.379257e-06,1.7835621e-06,3.7539312e-06,1.4377859e-09,1.9373338e-09,2.0708543e-05,0.9999689
pamap2,gnn_flatten_lstm,sequence,7,107,107,108,3602,26019,26019,4,4,5,5,running,running,True,1.08890916e-07,1.8854287e-07,1.0737802e-12,8.96474e-09,0.99997103,2.469696e-06,1.30103e-06,1.9688857e-06,4.6698447e-06,1.3246392e-09,2.3179514e-09,1.824834e-05,0.99997103
pamap2,gnn_flatten_lstm,sequence,7,107,107,108,3603,26020,26020,4,4,5,5,running,running,True,9.668578e-08,1.824773e-07,9.612929e-13,8.576114e-09,0.999972,2.5436084e-06,1.2128576e-06,1.8383968e-06,4.8447173e-06,1.1774542e-09,2.4015439e-09,1.7397051e-05,0.999972
pamap2,gnn_flatten_lstm,sequence,7,107,107,108,3604,26021,26021,4,4,5,5,running,running,True,7.557338e-08,1.6425463e-07,6.089108e-13,4.6826383e-09,0.999982,1.963537e-06,1.2312039e-06,8.9603094e-07,2.6737023e-06,6.7477174e-10,1.3245729e-09,1.104921e-05,0.999982
pamap2,gnn_flatten_lstm,sequence,7,107,107,108,3605,26022,26022,4,4,5,5,running,running,True,1.01162094e-07,1.7684101e-07,8.770488e-13,7.3014808e-09,0.9999722,2.351155e-06,1.1933611e-06,1.647132e-06,3.881834e-06,1.0314148e-09,1.8619531e-09,1.8454348e-05,0.9999722
pamap2,gnn_flatten_lstm,sequence,7,107,107,108,3606,26023,26023,4,4,5,5,running,running,True,8.73107e-08,1.6417819e-07,7.1902705e-13,6.8010837e-09,0.99997234,2.2570703e-06,1.0436951e-06,1.6028793e-06,4.12114e-06,8.956885e-10,1.7511762e-09,1.8328541e-05,0.99997234
pamap2,gnn_flatten_lstm,sequence,7,107,107,108,3607,26024,26024,4,4,5,5,running,running,True,8.510571e-08,1.7718854e-07,8.0037246e-13,6.719161e-09,0.9999747,2.3274486e-06,1.0947384e-06,1.4818409e-06,4.2026727e-06,9.038562e-10,1.8304703e-09,1.595548e-05,0.9999747
