dataset,model,eval_unit,fold,fold_subject,test_subject,validation_subject,row_in_fold,source_window_index,original_window_index,y_true_id,y_pred_id,y_true_raw,y_pred_raw,y_true_label,y_pred_label,correct,proba_0,proba_1,proba_2,proba_3,proba_4,proba_5,proba_6,proba_7,proba_8,proba_9,proba_10,proba_11,confidence
pamap2,gnn_flatten_lstm,sequence,3,103,103,104,0,7987,7987,0,10,1,17,lying,ironing,False,0.000333406,0.013684601,0.009808669,4.6221103e-05,0.00015755986,0.0022449195,0.00022054369,0.00093392574,8.6518405e-05,0.02527456,0.9471844,2.474585e-05,0.9471844
pamap2,gnn_flatten_lstm,sequence,3,103,103,104,1,7988,7988,0,10,1,17,lying,ironing,False,0.00088447065,0.02512715,0.025146779,0.0001548854,0.00036562613,0.002459024,0.0005042838,0.0024481763,0.00016816932,0.070908,0.87178236,5.1220948e-05,0.87178236
pamap2,gnn_flatten_lstm,sequence,3,103,103,104,2,7989,7989,0,10,1,17,lying,ironing,False,0.0017270767,0.0363038,0.051678438,0.00022279496,0.0004245008,0.0024185998,0.0006975572,0.0038153515,0.00025981947,0.078518495,0.82385737,7.6091375e-05,0.82385737
pamap2,gnn_flatten_lstm,sequence,3,103,103,104,3,7990,7990,0,10,1,17,lying,ironing,False,0.0058312425,0.084971376,0.17385203,0.00042671696,0.0005133703,0.0019673696,0.0014931232,0.0067890435,0.00052840513,0.059530452,0.6639291,0.0001677804,0.6639291
pamap2,gnn_flatten_lstm,sequence,3,103,103,104,4,7991,7991,0,10,1,17,lying,ironing,False,0.036613338,0.2647835,0.20396279,0.0004997775,0.00074886385,0.0018108692,0.004425438,0.005980501,0.0009222948,0.052395117,0.42727575,0.00058177917,0.42727575
pamap2,gnn_flatten_lstm,sequence,3,103,103,104,5,7992,7992,0,1,1,2,lying,sitting,False,0.24102618,0.52684236,0.08539151,0.00033319677,0.0006747939,0.000972988,0.0060212743,0.0023054907,0.0009055906,0.023005404,0.11080255,0.001718704,0.52684236
pamap2,gnn_flatten_lstm,sequence,3,103,103,104,6,7993,7993,0,0,1,1,lying,lying,True,0.6916514,0.2811149,0.011915305,0.00011516385,0.00023770006,0.00020232714,0.002730203,0.0004795221,0.00058025244,0.0023011363,0.006316507,0.0023555558,0.6916514
pamap2,gnn_flatten_lstm,sequence,3,103,103,104,7,7994,7994,0,0,1,1,lying,lying,True,0.95749897,0.03902861,0.0006826165,2.1416461e-05,5.3313983e-05,3.3201224e-05,0.0005610583,6.0066355e-05,0.00016108228,0.00015153323,0.00026430708,0.0014839673,0.95749897
pamap2,gnn_flatten_lstm,sequence,3,103,103,104,8,7995,7995,0,0,1,1,lying,lying,True,0.99483407,0.004222399,3.6261594e-05,3.3237877e-06,1.1673007e-05,5.7146895e-06,9.616163e-05,7.973459e-06,3.201454e-05,1.4790299e-05,1.6034062e-05,0.0007196458,0.99483407
pamap2,gnn_flatten_lstm,sequence,3,103,103,104,9,7996,7996,0,0,1,1,lying,lying,True,0.9980565,0.0013744789,9.104908e-06,1.3097364e-06,5.580568e-06,2.5377872e-06,3.646488e-05,2.9645073e-06,1.2895249e-05,4.7070607e-06,4.6377095e-06,0.00048889796,0.9980565
pamap2,gnn_flatten_lstm,sequence,3,103,103,104,10,7997,7997,0,0,1,1,lying,lying,True,0.99878126,0.00072785356,5.044967e-06,9.610975e-07,4.409074e-06,1.9436693e-06,2.3850642e-05,2.0206069e-06,9.31656e-06,2.5250044e-06,2.5498957e-06,0.00043829367,0.99878126
pamap2,gnn_flatten_lstm,sequence,3,103,103,104,11,7998,7998,0,0,1,1,lying,lying,True,0.99902046,0.0005254589,3.638692e-06,7.7144205e-07,3.7765715e-06,1.6190652e-06,1.9131225e-05,1.5709138e-06,7.5140338e-06,1.9282033e-06,1.8589956e-06,0.00041224883,0.99902046
pamap2,gnn_flatten_lstm,sequence,3,103,103,104,12,7999,7999,0,0,1,1,lying,lying,True,0.9991147,0.00045226893,3.1169031e-06,6.930115e-07,3.4689162e-06,1.4385164e-06,1.7684935e-05,1.373717e-06,6.5832605e-06,1.7434674e-06,1.6195917e-06,0.00039533747,0.9991147
pamap2,gnn_flatten_lstm,sequence,3,103,103,104,13,8000,8000,0,0,1,1,lying,lying,True,0.999175,0.00040640158,2.772269e-06,6.40242e-07,3.2606579e-06,1.3153748e-06,1.682885e-05,1.2451011e-06,5.9622416e-06,1.6219245e-06,1.4555485e-06,0.0003834911,0.999175
pamap2,gnn_flatten_lstm,sequence,3,103,103,104,14,8001,8001,0,0,1,1,lying,lying,True,0.9991843,0.0003992038,2.7157896e-06,6.33601e-07,3.2310923e-06,1.2877512e-06,1.6762982e-05,1.2241337e-06,5.852711e-06,1.6027484e-06,1.4220149e-06,0.0003818797,0.9991843
pamap2,gnn_flatten_lstm,sequence,3,103,103,104,15,8002,8002,0,0,1,1,lying,lying,True,0.99917454,0.00040573836,2.7717495e-06,6.419126e-07,3.264222e-06,1.3035929e-06,1.6751199e-05,1.2415849e-06,5.959948e-06,1.6122835e-06,1.4431288e-06,0.00038473678,0.99917454
pamap2,gnn_flatten_lstm,sequence,3,103,103,104,16,8003,8003,0,0,1,1,lying,lying,True,0.99916065,0.00041573166,2.8490701e-06,6.525788e-07,3.3059532e-06,1.3281956e-06,1.6818132e-05,1.2665564e-06,6.107486e-06,1.6319054e-06,1.4758216e-06,0.00038813977,0.99916065
pamap2,gnn_flatten_lstm,sequence,3,103,103,104,17,8004,8004,0,0,1,1,lying,lying,True,0.99913776,0.00043231377,2.974735e-06,6.7159897e-07,3.3778251e-06,1.3670626e-06,1.7037602e-05,1.3089714e-06,6.3455377e-06,1.6684778e-06,1.5271046e-06,0.00039364927,0.99913776
pamap2,gnn_flatten_lstm,sequence,3,103,103,104,18,8005,8005,0,0,1,1,lying,lying,True,0.99912447,0.000442607,3.0461358e-06,6.8155737e-07,3.4145112e-06,1.3869007e-06,1.7175751e-05,1.3327533e-06,6.478399e-06,1.6883997e-06,1.5542138e-06,0.00039620453,0.99912447
pamap2,gnn_flatten_lstm,sequence,3,103,103,104,19,8006,8006,0,0,1,1,lying,lying,True,0.99908173,0.00047475004,3.2689093e-06,7.155199e-07,3.5379635e-06,1.4499266e-06,1.7661565e-05,1.410758e-06,6.9172256e-06,1.7507075e-06,1.6346113e-06,0.0004052013,0.99908173
pamap2,gnn_flatten_lstm,sequence,3,103,103,104,20,8007,8007,0,0,1,1,lying,lying,True,0.99907875,0.00047731426,3.277193e-06,7.1589585e-07,3.538695e-06,1.4515091e-06,1.768565e-05,1.4137775e-06,6.9425037e-06,1.7511497e-06,1.6355809e-06,0.0004054649,0.99907875
pamap2,gnn_flatten_lstm,sequence,3,103,103,104,21,8008,8008,0,0,1,1,lying,lying,True,0.99908566,0.00047301696,3.2367777e-06,7.091451e-07,3.5106018e-06,1.436669e-06,1.7611175e-05,1.3995141e-06,6.8645545e-06,1.7382652e-06,1.6178187e-06,0.00040321035,0.99908566
pamap2,gnn_flatten_lstm,sequence,3,103,103,104,22,8009,8009,0,0,1,1,lying,lying,True,0.99909556,0.00046649377,3.177157e-06,6.99496e-07,3.4719476e-06,1.4168544e-06,1.7525032e-05,1.3792381e-06,6.7555548e-06,1.7210104e-06,1.5927905e-06,0.00040028238,0.99909556
pamap2,gnn_flatten_lstm,sequence,3,103,103,104,23,8010,8010,0,0,1,1,lying,lying,True,0.99910396,0.00046090764,3.120147e-06,6.903899e-07,3.4353186e-06,1.3984284e-06,1.7472712e-05,1.3605355e-06,6.661172e-06,1.7050314e-06,1.5680097e-06,0.00039771065,0.99910396
pamap2,gnn_flatten_lstm,sequence,3,103,103,104,24,8011,8011,0,0,1,1,lying,lying,True,0.99911016,0.00045690077,3.079557e-06,6.8385054e-07,3.4079528e-06,1.3847967e-06,1.7436167e-05,1.3464794e-06,6.5902345e-06,1.6939786e-06,1.55018e-06,0.00039574137,0.99911016
pamap2,gnn_flatten_lstm,sequence,3,103,103,104,25,8012,8012,0,0,1,1,lying,lying,True,0.9991159,0.00045295557,3.0466003e-06,6.785442e-07,3.3871027e-06,1.3747082e-06,1.7390665e-05,1.3345708e-06,6.5266636e-06,1.6856212e-06,1.5371646e-06,0.0003942425,0.9991159
pamap2,gnn_flatten_lstm,sequence,3,103,103,104,26,8013,8013,0,0,1,1,lying,lying,True,0.999127,0.0004454427,2.979822e-06,6.6810503e-07,3.3436838e-06,1.3514447e-06,1.7280156e-05,1.3113349e-06,6.4048445e-06,1.6645309e-06,1.5076066e-06,0.0003910662,0.999127
pamap2,gnn_flatten_lstm,sequence,3,103,103,104,27,8014,8014,0,0,1,1,lying,lying,True,0.9991406,0.00043585635,2.8990053e-06,6.5501297e-07,3.2919652e-06,1.3252919e-06,1.7144248e-05,1.283076e-06,6.2563654e-06,1.6400292e-06,1.4738216e-06,0.0003873553,0.9991406
pamap2,gnn_flatten_lstm,sequence,3,103,103,104,28,8015,8015,0,0,1,1,lying,lying,True,0.99915135,0.0004289367,2.8375653e-06,6.448508e-07,3.2497217e-06,1.303114e-06,1.7041653e-05,1.2609331e-06,6.139098e-06,1.6208115e-06,1.4466767e-06,0.00038411762,0.99915135
pamap2,gnn_flatten_lstm,sequence,3,103,103,104,29,8016,8016,0,0,1,1,lying,lying,True,0.9991567,0.0004257124,2.8060842e-06,6.392486e-07,3.2254827e-06,1.2911624e-06,1.6987386e-05,1.2489074e-06,6.0768784e-06,1.6110021e-06,1.4325598e-06,0.00038226976,0.9991567
pamap2,gnn_flatten_lstm,sequence,3,103,103,104,30,8017,8017,0,0,1,1,lying,lying,True,0.99916184,0.00042248084,2.7769718e-06,6.335082e-07,3.2016258e-06,1.2812604e-06,1.6924458e-05,1.2369361e-06,6.0170846e-06,1.6019603e-06,1.4208767e-06,0.00038057443,0.99916184
pamap2,gnn_flatten_lstm,sequence,3,103,103,104,31,8018,8018,0,0,1,1,lying,lying,True,0.9991646,0.0004189576,2.7628546e-06,6.352135e-07,3.2082546e-06,1.2845331e-06,1.7202128e-05,1.2338187e-06,5.9757335e-06,1.6222941e-06,1.4246513e-06,0.0003810574,0.9991646
pamap2,gnn_flatten_lstm,sequence,3,103,103,104,32,8019,8019,0,0,1,1,lying,lying,True,0.99915636,0.00042351807,2.8156853e-06,6.5178546e-07,3.257377e-06,1.3043974e-06,1.7707935e-05,1.2541229e-06,6.0339926e-06,1.6691358e-06,1.4545236e-06,0.00038389285,0.99915636
pamap2,gnn_flatten_lstm,sequence,3,103,103,104,33,8020,8020,0,0,1,1,lying,lying,True,0.9991523,0.00042521532,2.8385232e-06,6.6064746e-07,3.2872476e-06,1.3216747e-06,1.8174027e-05,1.2650056e-06,6.056464e-06,1.7078805e-06,1.4775429e-06,0.00038559086,0.9991523
pamap2,gnn_flatten_lstm,sequence,3,103,103,104,34,8021,8021,0,0,1,1,lying,lying,True,0.99914515,0.00042966445,2.8729187e-06,6.719621e-07,3.3209685e-06,1.3401759e-06,1.8631692e-05,1.2808432e-06,6.106867e-06,1.746386e-06,1.5022849e-06,0.00038775027,0.99914515
pamap2,gnn_flatten_lstm,sequence,3,103,103,104,35,8022,8022,0,0,1,1,lying,lying,True,0.99914134,0.00043189235,2.893069e-06,6.786554e-07,3.342272e-06,1.3546604e-06,1.8979117e-05,1.2906378e-06,6.1276537e-06,1.7773896e-06,1.5225439e-06,0.00038892022,0.99914134
pamap2,gnn_flatten_lstm,sequence,3,103,103,104,36,8023,8023,0,0,1,1,lying,lying,True,0.9991399,0.00043286322,2.9012156e-06,6.816986e-07,3.3495105e-06,1.3614437e-06,1.916644e-05,1.2946412e-06,6.1289015e-06,1.7941688e-06,1.5329972e-06,0.00038913096,0.9991399
pamap2,gnn_flatten_lstm,sequence,3,103,103,104,37,8024,8024,0,0,1,1,lying,lying,True,0.99913967,0.0004333633,2.9017767e-06,6.819995e-07,3.3464637e-06,1.3632845e-06,1.9250005e-05,1.2945594e-06,6.1173964e-06,1.8016046e-06,1.5378436e-06,0.00038873527,0.99913967
pamap2,gnn_flatten_lstm,sequence,3,103,103,104,38,8025,8025,0,0,1,1,lying,lying,True,0.99913824,0.00043469717,2.9061205e-06,6.8311357e-07,3.3464141e-06,1.3668678e-06,1.9337504e-05,1.2963749e-06,6.114734e-06,1.8096349e-06,1.5446394e-06,0.0003887071,0.99913824
pamap2,gnn_flatten_lstm,sequence,3,103,103,104,39,8026,8026,0,0,1,1,lying,lying,True,0.999138,0.00043523696,2.9066853e-06,6.8340535e-07,3.3427805e-06,1.3679811e-06,1.939431e-05,1.2959679e-06,6.1005953e-06,1.815723e-06,1.5495743e-06,0.0003883289,0.999138
pamap2,gnn_flatten_lstm,sequence,3,103,103,104,40,8027,8027,0,0,1,1,lying,lying,True,0.9991393,0.00043452522,2.8996208e-06,6.8208124e-07,3.333896e-06,1.3671795e-06,1.9425359e-05,1.2923325e-06,6.0718257e-06,1.8197786e-06,1.5519737e-06,0.00038773674,0.9991393
pamap2,gnn_flatten_lstm,sequence,3,103,103,104,41,8028,8028,0,0,1,1,lying,lying,True,0.9991366,0.00043716386,2.912097e-06,6.8343104e-07,3.335633e-06,1.3711817e-06,1.9486277e-05,1.2960896e-06,6.0820207e-06,1.8274013e-06,1.5609065e-06,0.0003876527,0.9991366
pamap2,gnn_flatten_lstm,sequence,3,103,103,104,42,8029,8029,0,0,1,1,lying,lying,True,0.99913627,0.00043800875,2.9099529e-06,6.822151e-07,3.3297742e-06,1.370525e-06,1.947137e-05,1.2951143e-06,6.0786033e-06,1.825274e-06,1.5601157e-06,0.00038721043,0.99913627
pamap2,gnn_flatten_lstm,sequence,3,103,103,104,43,8030,8030,0,0,1,1,lying,lying,True,0.9991347,0.0004397293,2.9175956e-06,6.826383e-07,3.3304327e-06,1.3726839e-06,1.9497058e-05,1.2973077e-06,6.0864195e-06,1.828925e-06,1.5650505e-06,0.00038709427,0.9991347
pamap2,gnn_flatten_lstm,sequence,3,103,103,104,44,8031,8031,0,0,1,1,lying,lying,True,0.9991347,0.00043988638,2.9163411e-06,6.8218276e-07,3.3278513e-06,1.3720609e-06,1.9492874e-05,1.2965112e-06,6.0831117e-06,1.8283844e-06,1.5645252e-06,0.0003869149,0.9991347
pamap2,gnn_flatten_lstm,sequence,3,103,103,104,45,8032,8032,0,0,1,1,lying,lying,True,0.99913305,0.00044131093,2.9244213e-06,6.8364176e-07,3.3310084e-06,1.373805e-06,1.9527895e-05,1.2992259e-06,6.0933085e-06,1.8320834e-06,1.5683034e-06,0.00038702664,0.99913305
pamap2,gnn_flatten_lstm,sequence,3,103,103,104,46,8033,8033,0,0,1,1,lying,lying,True,0.9991322,0.00044207025,2.927561e-06,6.840057e-07,3.3320669e-06,1.3762116e-06,1.9564639e-05,1.3005675e-06,6.09789e-06,1.8358264e-06,1.5719543e-06,0.0003871243,0.9991322
pamap2,gnn_flatten_lstm,sequence,3,103,103,104,47,8034,8034,0,0,1,1,lying,lying,True,0.99913245,0.00044208847,2.9271873e-06,6.835573e-07,3.3292088e-06,1.3755414e-06,1.9564943e-05,1.2996999e-06,6.0909756e-06,1.8367061e-06,1.5728318e-06,0.0003868168,0.99913245
pamap2,gnn_flatten_lstm,sequence,3,103,103,104,48,8035,8035,0,0,1,1,lying,lying,True,0.9991328,0.00044209682,2.9250705e-06,6.8261363e-07,3.324987e-06,1.3738205e-06,1.9535883e-05,1.2983376e-06,6.085241e-06,1.8342877e-06,1.5714156e-06,0.00038647678,0.9991328
pamap2,gnn_flatten_lstm,sequence,3,103,103,104,49,8036,8036,0,0,1,1,lying,lying,True,0.9991334,0.00044187074,2.921161e-06,6.816096e-07,3.3208692e-06,1.372097e-06,1.9507224e-05,1.2966739e-06,6.079995e-06,1.8311321e-06,1.5688738e-06,0.00038624415,0.9991334
pamap2,gnn_flatten_lstm,sequence,3,103,103,104,50,8037,8037,0,0,1,1,lying,lying,True,0.9991333,0.00044208253,2.9213304e-06,6.813398e-07,3.3193774e-06,1.3717345e-06,1.9502124e-05,1.2963486e-06,6.079136e-06,1.8307983e-06,1.5689666e-06,0.0003861342,0.9991333
pamap2,gnn_flatten_lstm,sequence,3,103,103,104,51,8038,8038,0,0,1,1,lying,lying,True,0.99913305,0.0004423015,2.9218622e-06,6.8128116e-07,3.3187816e-06,1.3716622e-06,1.950385e-05,1.2963225e-06,6.079065e-06,1.8310267e-06,1.5692908e-06,0.0003860818,0.99913305
pamap2,gnn_flatten_lstm,sequence,3,103,103,104,52,8039,8039,0,0,1,1,lying,lying,True,0.99913305,0.00044240864,2.9217229e-06,6.8119283e-07,3.3180884e-06,1.3714567e-06,1.9503776e-05,1.2961691e-06,6.0777434e-06,1.8312327e-06,1.5694255e-06,0.00038602954,0.99913305
pamap2,gnn_flatten_lstm,sequence,3,103,103,104,53,8040,8040,0,0,1,1,lying,lying,True,0.99913174,0.0004433216,2.926055e-06,6.8198693e-07,3.320474e-06,1.3735832e-06,1.9541005e-05,1.2978979e-06,6.0849497e-06,1.8346688e-06,1.5724859e-06,0.00038628,0.99913174
pamap2,gnn_flatten_lstm,sequence,3,103,103,104,54,8041,8041,0,0,1,1,lying,lying,True,0.9991303,0.00044478642,2.9357723e-06,6.8349e-07,3.3236915e-06,1.3757575e-06,1.9590198e-05,1.300617e-06,6.0922284e-06,1.840816e-06,1.5784846e-06,0.00038626415,0.9991303
pamap2,gnn_flatten_lstm,sequence,3,103,103,104,55,8042,8042,0,0,1,1,lying,lying,True,0.9991301,0.0004447899,2.937578e-06,6.8426664e-07,3.326224e-06,1.3774285e-06,1.962593e-05,1.3016019e-06,6.094232e-06,1.8442913e-06,1.5804845e-06,0.00038640923,0.9991301
pamap2,gnn_flatten_lstm,sequence,3,103,103,104,56,8043,8043,0,0,1,1,lying,lying,True,0.99912983,0.0004449152,2.938342e-06,6.8454057e-07,3.326401e-06,1.3778184e-06,1.9638263e-05,1.3017383e-06,6.094347e-06,1.8453817e-06,1.5812651e-06,0.0003864246,0.99912983
pamap2,gnn_flatten_lstm,sequence,3,103,103,104,57,8044,8044,0,0,1,1,lying,lying,True,0.9991301,0.00044493782,2.9369842e-06,6.8400243e-07,3.3238964e-06,1.3769385e-06,1.9624751e-05,1.3009641e-06,6.0910015e-06,1.8441207e-06,1.5805736e-06,0.00038623367,0.9991301
pamap2,gnn_flatten_lstm,sequence,3,103,103,104,58,8045,8045,0,0,1,1,lying,lying,True,0.99912995,0.0004451561,2.9377625e-06,6.839749e-07,3.323142e-06,1.3769265e-06,1.9625872e-05,1.3010147e-06,6.090571e-06,1.844495e-06,1.5811687e-06,0.00038614965,0.99912995
pamap2,gnn_flatten_lstm,sequence,3,103,103,104,59,8046,8046,0,0,1,1,lying,lying,True,0.99912995,0.00044528372,2.937687e-06,6.83802e-07,3.3217793e-06,1.3767466e-06,1.9627723e-05,1.30067e-06,6.0883754e-06,1.8448311e-06,1.5815941e-06,0.00038604546,0.99912995
pamap2,gnn_flatten_lstm,sequence,3,103,103,104,60,8047,8047,0,0,1,1,lying,lying,True,0.9991296,0.0004456253,2.9389494e-06,6.8392376e-07,3.3210715e-06,1.3768959e-06,1.9641107e-05,1.3006843e-06,6.0871944e-06,1.8462349e-06,1.5828188e-06,0.00038596653,0.9991296
pamap2,gnn_flatten_lstm,sequence,3,103,103,104,61,8048,8048,0,0,1,1,lying,lying,True,0.9991295,0.00044591326,2.9394876e-06,6.8374175e-07,3.3196877e-06,1.3766278e-06,1.9640504e-05,1.3005118e-06,6.0855277e-06,1.8465394e-06,1.5833832e-06,0.00038584377,0.9991295
pamap2,gnn_flatten_lstm,sequence,3,103,103,104,62,8049,8049,0,0,1,1,lying,lying,True,0.99912924,0.00044618308,2.9409166e-06,6.83825e-07,3.319503e-06,1.376898e-06,1.9650466e-05,1.3007322e-06,6.084279e-06,1.8481933e-06,1.5848739e-06,0.00038579194,0.99912924
pamap2,gnn_flatten_lstm,sequence,3,103,103,104,63,8050,8050,0,0,1,1,lying,lying,True,0.99912876,0.00044668737,2.9436485e-06,6.841078e-07,3.319818e-06,1.3774464e-06,1.966315e-05,1.3013905e-06,6.086162e-06,1.8498534e-06,1.5865986e-06,0.00038576438,0.99912876
pamap2,gnn_flatten_lstm,sequence,3,103,103,104,64,8051,8051,0,0,1,1,lying,lying,True,0.99912924,0.00044630413,2.9395374e-06,6.832749e-07,3.3168578e-06,1.3762022e-06,1.9642242e-05,1.2999337e-06,6.081825e-06,1.8471025e-06,1.5841259e-06,0.00038562604,0.99912924
pamap2,gnn_flatten_lstm,sequence,3,103,103,104,65,8052,8052,0,0,1,1,lying,lying,True,0.9991301,0.00044587336,2.935192e-06,6.820853e-07,3.3125834e-06,1.3740095e-06,1.9603613e-05,1.2981075e-06,6.0750363e-06,1.843275e-06,1.5812533e-06,0.00038532805,0.9991301
pamap2,gnn_flatten_lstm,sequence,3,103,103,104,66,8053,8053,0,0,1,1,lying,lying,True,0.99913055,0.00044564868,2.9331286e-06,6.815485e-07,3.3105573e-06,1.3729164e-06,1.9584862e-05,1.2971738e-06,6.071738e-06,1.841424e-06,1.5798403e-06,0.00038519173,0.99913055
pamap2,gnn_flatten_lstm,sequence,3,103,103,104,67,8054,8054,0,0,1,1,lying,lying,True,0.99912983,0.00044592746,2.9361572e-06,6.8236096e-07,3.3138906e-06,1.3743826e-06,1.9606732e-05,1.2985777e-06,6.07697e-06,1.843823e-06,1.5816784e-06,0.0003854147,0.99912983
pamap2,gnn_flatten_lstm,sequence,3,103,103,104,68,8055,8055,0,0,1,1,lying,lying,True,0.99912864,0.00044674694,2.9416838e-06,6.8373987e-07,3.3190581e-06,1.3772755e-06,1.9651017e-05,1.3012302e-06,6.088803e-06,1.8476987e-06,1.5848775e-06,0.00038586368,0.99912864
pamap2,gnn_flatten_lstm,sequence,3,103,103,104,69,8056,8056,0,0,1,1,lying,lying,True,0.999127,0.00044800589,2.9519533e-06,6.8589196e-07,3.3252877e-06,1.3803303e-06,1.9706686e-05,1.3047968e-06,6.101185e-06,1.8538944e-06,1.5906409e-06,0.0003861012,0.999127
pamap2,gnn_flatten_lstm,sequence,3,103,103,104,70,8057,8057,0,0,1,1,lying,lying,True,0.9991266,0.00044822862,2.9559692e-06,6.870236e-07,3.328669e-06,1.3825286e-06,1.9752606e-05,1.3063939e-06,6.1044484e-06,1.8588917e-06,1.5942638e-06,0.0003862594,0.9991266
pamap2,gnn_flatten_lstm,sequence,3,103,103,104,71,8058,8058,0,0,1,1,lying,lying,True,0.9991265,0.0004483472,2.9564596e-06,6.871192e-07,3.3280683e-06,1.382692e-06,1.9760819e-05,1.3062867e-06,6.103103e-06,1.8597478e-06,1.5950485e-06,0.00038620853,0.9991265
pamap2,gnn_flatten_lstm,sequence,3,103,103,104,72,8059,8059,0,0,1,1,lying,lying,True,0.9991265,0.00044844963,2.9558985e-06,6.8681385e-07,3.3264723e-06,1.3823307e-06,1.9753359e-05,1.3058719e-06,6.101537e-06,1.8590633e-06,1.594869e-06,0.00038610265,0.9991265
pamap2,gnn_flatten_lstm,sequence,3,103,103,104,73,8060,8060,0,0,1,1,lying,lying,True,0.99912626,0.00044867792,2.9569778e-06,6.869795e-07,3.3267763e-06,1.3826996e-06,1.97604e-05,1.3062028e-06,6.102508e-06,1.8598981e-06,1.5956355e-06,0.0003861055,0.99912626
pamap2,gnn_flatten_lstm,sequence,3,103,103,104,74,8061,8061,0,0,1,1,lying,lying,True,0.99912566,0.00044923558,2.9599612e-06,6.8753087e-07,3.3279607e-06,1.3837619e-06,1.9783372e-05,1.3072129e-06,6.1056244e-06,1.8622683e-06,1.597722e-06,0.00038616604,0.99912566
pamap2,gnn_flatten_lstm,sequence,3,103,103,104,75,8062,8062,0,0,1,1,lying,lying,True,0.9991254,0.00044957554,2.9603216e-06,6.8726786e-07,3.326323e-06,1.3838394e-06,1.9785897e-05,1.3070467e-06,6.104162e-06,1.8627297e-06,1.5986118e-06,0.00038605215,0.9991254
pamap2,gnn_flatten_lstm,sequence,3,103,103,104,76,8063,8063,0,0,1,1,lying,lying,True,0.99912566,0.00044964833,2.9589535e-06,6.8660114e-07,3.3230388e-06,1.3829388e-06,1.9776846e-05,1.3059455e-06,6.098566e-06,1.862176e-06,1.5984917e-06,0.00038581027,0.99912566
pamap2,gnn_flatten_lstm,sequence,3,103,103,104,77,8064,8064,0,0,1,1,lying,lying,True,0.9991258,0.0004497547,2.9576843e-06,6.858572e-07,3.3193903e-06,1.3817366e-06,1.9766856e-05,1.3047356e-06,6.0918123e-06,1.8616505e-06,1.5984142e-06,0.00038552267,0.9991258
pamap2,gnn_flatten_lstm,sequence,3,103,103,104,78,8065,8065,0,0,1,1,lying,lying,True,0.9991235,0.00045162492,2.9698456e-06,6.878698e-07,3.325441e-06,1.385202e-06,1.9818077e-05,1.3088966e-06,6.1075157e-06,1.8678581e-06,1.6050416e-06,0.00038579988,0.9991235
pamap2,gnn_flatten_lstm,sequence,3,103,103,104,79,8066,8066,0,0,1,1,lying,lying,True,0.99912304,0.00045187303,2.9707617e-06,6.884463e-07,3.327451e-06,1.3874662e-06,1.9857076e-05,1.3098987e-06,6.1123433e-06,1.8707934e-06,1.6068941e-06,0.00038604956,0.99912304
pamap2,gnn_flatten_lstm,sequence,3,103,103,104,80,8067,8067,0,0,1,1,lying,lying,True,0.99912316,0.00045183886,2.9718387e-06,6.8877154e-07,3.3274703e-06,1.3877417e-06,1.9871308e-05,1.3099263e-06,6.1101355e-06,1.8725858e-06,1.6081818e-06,0.0003859736,0.99912316
pamap2,gnn_flatten_lstm,sequence,3,103,103,104,81,8068,8068,0,0,1,1,lying,lying,True,0.99912304,0.00045199133,2.9733383e-06,6.891308e-07,3.327819e-06,1.3879666e-06,1.9881863e-05,1.3102047e-06,6.109691e-06,1.8739935e-06,1.6092617e-06,0.00038594267,0.99912304
pamap2,gnn_flatten_lstm,sequence,3,103,103,104,82,8069,8069,0,0,1,1,lying,lying,True,0.99912256,0.00045228263,2.9753705e-06,6.895256e-07,3.328652e-06,1.3884094e-06,1.9893727e-05,1.3108064e-06,6.1107376e-06,1.87553e-06,1.6105076e-06,0.00038595923,0.99912256
pamap2,gnn_flatten_lstm,sequence,3,103,103,104,83,8070,8070,0,0,1,1,lying,lying,True,0.99912256,0.00045248214,2.97566e-06,6.892383e-07,3.3274016e-06,1.3882703e-06,1.9887562e-05,1.3106602e-06,6.109724e-06,1.8753691e-06,1.6109425e-06,0.00038585177,0.99912256
pamap2,gnn_flatten_lstm,sequence,3,103,103,104,84,8071,8071,0,0,1,1,lying,lying,True,0.9991229,0.00045235548,2.9730118e-06,6.884082e-07,3.3239044e-06,1.3869778e-06,1.9866962e-05,1.309304e-06,6.1045776e-06,1.8734034e-06,1.609627e-06,0.00038563466,0.9991229
pamap2,gnn_flatten_lstm,sequence,3,103,103,104,85,8072,8072,0,0,1,1,lying,lying,True,0.9991227,0.0004526307,2.9737962e-06,6.8843684e-07,3.3233237e-06,1.3869047e-06,1.9870464e-05,1.30934e-06,6.1039873e-06,1.8739998e-06,1.6102929e-06,0.00038558015,0.9991227
pamap2,gnn_flatten_lstm,sequence,3,103,103,104,86,8073,8073,0,0,1,1,lying,lying,True,0.99912184,0.00045334222,2.978108e-06,6.891596e-07,3.3251185e-06,1.3883263e-06,1.9900886e-05,1.3106755e-06,6.1075284e-06,1.8774721e-06,1.6134212e-06,0.00038566164,0.99912184
pamap2,gnn_flatten_lstm,sequence,3,103,103,104,87,8074,8074,0,0,1,1,lying,lying,True,0.9991198,0.00045488437,2.9874063e-06,6.907953e-07,3.3303766e-06,1.3918961e-06,1.9965328e-05,1.314126e-06,6.120292e-06,1.8841678e-06,1.6194857e-06,0.00038603655,0.9991198
pamap2,gnn_flatten_lstm,sequence,3,103,103,104,88,8075,8075,0,0,1,1,lying,lying,True,0.999119,0.00045559817,2.992959e-06,6.919479e-07,3.3335548e-06,1.3933917e-06,1.998815e-05,1.3159912e-06,6.127452e-06,1.8868149e-06,1.6221151e-06,0.0003861178,0.999119
pamap2,gnn_flatten_lstm,sequence,3,103,103,104,89,8076,8076,0,0,1,1,lying,lying,True,0.99911886,0.00045557943,2.9946175e-06,6.925136e-07,3.3346992e-06,1.3945044e-06,2.0015676e-05,1.3165571e-06,6.1271007e-06,1.8899445e-06,1.624237e-06,0.0003861441,0.99911886
pamap2,gnn_flatten_lstm,sequence,3,103,103,104,90,8077,8077,0,0,1,1,lying,lying,True,0.99911886,0.0004556637,2.9948717e-06,6.925255e-07,3.3337294e-06,1.3943488e-06,2.0021804e-05,1.3163099e-06,6.1246355e-06,1.8906512e-06,1.6248614e-06,0.00038605573,0.99911886
pamap2,gnn_flatten_lstm,sequence,3,103,103,104,91,8078,8078,0,0,1,1,lying,lying,True,0.99911886,0.00045581043,2.9948203e-06,6.923505e-07,3.3321844e-06,1.3942065e-06,2.0024629e-05,1.3159307e-06,6.122463e-06,1.8910156e-06,1.6253589e-06,0.00038595265,0.99911886
pamap2,gnn_flatten_lstm,sequence,3,103,103,104,92,8079,8079,0,0,1,1,lying,lying,True,0.99911886,0.00045588953,2.9943976e-06,6.92157e-07,3.3309357e-06,1.394273e-06,2.0026595e-05,1.3155254e-06,6.1204196e-06,1.8912392e-06,1.6257915e-06,0.00038588402,0.99911886
pamap2,gnn_flatten_lstm,sequence,3,103,103,104,93,8080,8080,0,0,1,1,lying,lying,True,0.9991172,0.0004573766,3.0040776e-06,6.9373533e-07,3.3353933e-06,1.3970044e-06,2.006453e-05,1.3187376e-06,6.1320184e-06,1.8960379e-06,1.631262e-06,0.00038606298,0.9991172
pamap2,gnn_flatten_lstm,sequence,3,103,103,104,94,8081,8081,0,0,1,1,lying,lying,True,0.99911517,0.00045881496,3.0130375e-06,6.954721e-07,3.3406009e-06,1.4012235e-06,2.0137622e-05,1.3222182e-06,6.1440646e-06,1.9037619e-06,1.6382055e-06,0.00038639092,0.99911517
pamap2,gnn_flatten_lstm,sequence,3,103,103,104,95,8082,8082,0,0,1,1,lying,lying,True,0.9991146,0.00045932585,3.0175593e-06,6.964128e-07,3.3417202e-06,1.4025555e-06,2.018206e-05,1.3231496e-06,6.1432465e-06,1.9089969e-06,1.6423389e-06,0.0003863452,0.9991146
pamap2,gnn_flatten_lstm,sequence,3,103,103,104,96,8083,8083,0,0,1,1,lying,lying,True,0.9991146,0.00045954797,3.0181639e-06,6.9626145e-07,3.3394008e-06,1.4019391e-06,2.0189202e-05,1.3225201e-06,6.1374667e-06,1.9103773e-06,1.6435768e-06,0.0003861275,0.9991146
pamap2,gnn_flatten_lstm,sequence,3,103,103,104,97,8084,8084,0,0,1,1,lying,lying,True,0.9991136,0.00046037,3.0232538e-06,6.9692777e-07,3.3412134e-06,1.4032994e-06,2.0210642e-05,1.3240483e-06,6.141847e-06,1.9135337e-06,1.6468638e-06,0.00038618254,0.9991136
pamap2,gnn_flatten_lstm,sequence,3,103,103,104,98,8085,8085,0,0,1,1,lying,lying,True,0.999114,0.00046019303,3.020549e-06,6.9642437e-07,3.3386414e-06,1.4023794e-06,2.02019e-05,1.3229192e-06,6.1374217e-06,1.9122208e-06,1.6454185e-06,0.0003860288,0.999114
pamap2,gnn_flatten_lstm,sequence,3,103,103,104,99,8086,8086,0,0,1,1,lying,lying,True,0.9991142,0.00046029867,3.0200397e-06,6.9607995e-07,3.3363503e-06,1.4017994e-06,2.0198131e-05,1.3222409e-06,6.133632e-06,1.91209e-06,1.6455821e-06,0.00038585387,0.9991142
pamap2,gnn_flatten_lstm,sequence,3,103,103,104,100,8087,8087,0,0,1,1,lying,lying,True,0.9991142,0.00046043415,3.0199449e-06,6.9586554e-07,3.3349063e-06,1.4015721e-06,2.0196896e-05,1.3218967e-06,6.1312576e-06,1.912316e-06,1.6460059e-06,0.0003857571,0.9991142
pamap2,gnn_flatten_lstm,sequence,3,103,103,104,101,8088,8088,0,0,1,1,lying,lying,True,0.99911374,0.00046091454,3.0226201e-06,6.9610746e-07,3.3352576e-06,1.4019539e-06,2.0204305e-05,1.322524e-06,6.1323835e-06,1.9138877e-06,1.6477813e-06,0.0003857321,0.99911374
pamap2,gnn_flatten_lstm,sequence,3,103,103,104,102,8089,8089,0,0,1,1,lying,lying,True,0.99911267,0.00046190852,3.0283384e-06,6.9664065e-07,3.3357214e-06,1.4029367e-06,2.0232068e-05,1.3237136e-06,6.1342716e-06,1.9178306e-06,1.6520013e-06,0.0003856548,0.99911267
pamap2,gnn_flatten_lstm,sequence,3,103,103,104,103,8090,8090,0,0,1,1,lying,lying,True,0.99911207,0.00046229523,3.031807e-06,6.9761757e-07,3.3387366e-06,1.4045772e-06,2.0261019e-05,1.3251465e-06,6.1396113e-06,1.920736e-06,1.6541916e-06,0.00038584587,0.99911207
pamap2,gnn_flatten_lstm,sequence,3,103,103,104,104,8091,8091,0,0,1,1,lying,lying,True,0.9991117,0.00046243897,3.033631e-06,6.982563e-07,3.3404808e-06,1.4055856e-06,2.0283554e-05,1.3258552e-06,6.1416886e-06,1.922918e-06,1.6556572e-06,0.00038597046,0.9991117
pamap2,gnn_flatten_lstm,sequence,3,103,103,104,105,8092,8092,0,0,1,1,lying,lying,True,0.99911124,0.000462735,3.0363851e-06,6.989242e-07,3.3426174e-06,1.406788e-06,2.0306788e-05,1.3268716e-06,6.144878e-06,1.925332e-06,1.6575744e-06,0.000386096,0.99911124
pamap2,gnn_flatten_lstm,sequence,3,103,103,104,106,8093,8093,0,0,1,1,lying,lying,True,0.9991111,0.0004628903,3.0369843e-06,6.9893343e-07,3.3427862e-06,1.4070441e-06,2.0308938e-05,1.3271119e-06,6.1458736e-06,1.92558e-06,1.6579475e-06,0.0003861094,0.9991111
pamap2,gnn_flatten_lstm,sequence,3,103,103,104,107,8094,8094,0,0,1,1,lying,lying,True,0.9991111,0.0004628188,3.0358951e-06,6.9868224e-07,3.342174e-06,1.4068253e-06,2.0300378e-05,1.3268789e-06,6.145663e-06,1.924568e-06,1.6571887e-06,0.0003860956,0.9991111
pamap2,gnn_flatten_lstm,sequence,3,103,103,104,108,8095,8095,0,0,1,1,lying,lying,True,0.99911135,0.00046272448,3.0347614e-06,6.984379e-07,3.3413842e-06,1.406595e-06,2.029266e-05,1.3265327e-06,6.144786e-06,1.9236675e-06,1.656587e-06,0.00038606976,0.99911135
pamap2,gnn_flatten_lstm,sequence,3,103,103,104,109,8096,8096,0,0,1,1,lying,lying,True,0.99911135,0.0004627121,3.0344313e-06,6.9829605e-07,3.340658e-06,1.4062919e-06,2.0287862e-05,1.3262518e-06,6.1434844e-06,1.923233e-06,1.6564227e-06,0.00038601636,0.99911135
pamap2,gnn_flatten_lstm,sequence,3,103,103,104,110,8097,8097,0,0,1,1,lying,lying,True,0.9991111,0.00046291502,3.0359242e-06,6.9851035e-07,3.341307e-06,1.4065423e-06,2.0292404e-05,1.3267082e-06,6.1447254e-06,1.9239772e-06,1.6572218e-06,0.0003860345,0.9991111
pamap2,gnn_flatten_lstm,sequence,3,103,103,104,111,8098,8098,0,0,1,1,lying,lying,True,0.9991109,0.00046314346,3.037221e-06,6.987114e-07,3.3417207e-06,1.4070249e-06,2.0302521e-05,1.327071e-06,6.1458372e-06,1.9250522e-06,1.6581888e-06,0.0003860561,0.9991109
pamap2,gnn_flatten_lstm,sequence,3,103,103,104,112,8099,8099,0,0,1,1,lying,lying,True,0.9991105,0.00046341412,3.0404078e-06,6.994965e-07,3.344206e-06,1.408383e-06,2.032869e-05,1.3281746e-06,6.1489304e-06,1.9280205e-06,1.6605113e-06,0.00038619703,0.9991105
pamap2,gnn_flatten_lstm,sequence,3,103,103,104,113,8100,8100,0,0,1,1,lying,lying,True,0.9991103,0.00046353685,3.0418196e-06,6.9987067e-07,3.3453027e-06,1.408869e-06,2.0340087e-05,1.3286431e-06,6.1501314e-06,1.9292781e-06,1.6614298e-06,0.00038625125,0.9991103
pamap2,gnn_flatten_lstm,sequence,3,103,103,104,114,8101,8101,0,0,1,1,lying,lying,True,0.9991105,0.0004634055,3.04086e-06,6.99716e-07,3.3446463e-06,1.4083708e-06,2.0335052e-05,1.3282265e-06,6.148479e-06,1.92869e-06,1.6607585e-06,0.0003862009,0.9991105
pamap2,gnn_flatten_lstm,sequence,3,103,103,104,115,8102,8102,0,0,1,1,lying,lying,True,0.99911064,0.00046330327,3.0396977e-06,6.9941854e-07,3.3440026e-06,1.4080139e-06,2.0325202e-05,1.3278809e-06,6.1477e-06,1.927653e-06,1.6599289e-06,0.0003861814,0.99911064
pamap2,gnn_flatten_lstm,sequence,3,103,103,104,116,8103,8103,0,0,1,1,lying,lying,True,0.9991104,0.00046349538,3.0404656e-06,6.994791e-07,3.344378e-06,1.4084112e-06,2.0330317e-05,1.328239e-06,6.149557e-06,1.928046e-06,1.6603591e-06,0.00038622957,0.9991104
pamap2,gnn_flatten_lstm,sequence,3,103,103,104,117,8104,8104,0,0,1,1,lying,lying,True,0.99911016,0.00046365222,3.0418275e-06,6.997905e-07,3.345299e-06,1.4089146e-06,2.0340085e-05,1.328724e-06,6.1511337e-06,1.9290756e-06,1.6612711e-06,0.00038627902,0.99911016
pamap2,gnn_flatten_lstm,sequence,3,103,103,104,118,8105,8105,0,0,1,1,lying,lying,True,0.9991103,0.00046356075,3.0408712e-06,6.9954103e-07,3.3442118e-06,1.4084512e-06,2.0332136e-05,1.3283035e-06,6.1494156e-06,1.9283107e-06,1.6607801e-06,0.00038620818,0.9991103
pamap2,gnn_flatten_lstm,sequence,3,103,103,104,119,8106,8106,0,0,1,1,lying,lying,True,0.9991104,0.00046349518,3.0408394e-06,6.995598e-07,3.3442313e-06,1.4084003e-06,2.0331188e-05,1.3282555e-06,6.1488536e-06,1.928311e-06,1.66079e-06,0.00038620472,0.9991104
pamap2,gnn_flatten_lstm,sequence,3,103,103,104,120,8107,8107,0,0,1,1,lying,lying,True,0.9991104,0.0004634525,3.0412978e-06,6.997833e-07,3.344882e-06,1.4083963e-06,2.0333497e-05,1.3284101e-06,6.1491646e-06,1.9286126e-06,1.6608564e-06,0.0003862362,0.9991104
pamap2,gnn_flatten_lstm,sequence,3,103,103,104,121,8108,8108,0,0,1,1,lying,lying,True,0.9991099,0.0004637578,3.0439892e-06,7.0046e-07,3.347644e-06,1.4095324e-06,2.034955e-05,1.3296732e-06,6.1542423e-06,1.9303357e-06,1.662285e-06,0.00038642538,0.9991099
pamap2,gnn_flatten_lstm,sequence,3,103,103,104,122,8109,8109,0,0,1,1,lying,lying,True,0.9991097,0.000463953,3.0450772e-06,7.0060884e-07,3.3481858e-06,1.4100093e-06,2.0357931e-05,1.3300661e-06,6.155567e-06,1.9312356e-06,1.663198e-06,0.00038644852,0.9991097
pamap2,gnn_flatten_lstm,sequence,3,103,103,104,123,8110,8110,0,0,1,1,lying,lying,True,0.99911016,0.0004637212,3.0423528e-06,6.9981985e-07,3.345162e-06,1.4086874e-06,2.0335527e-05,1.3288001e-06,6.15077e-06,1.9290094e-06,1.6615959e-06,0.0003862341,0.99911016
pamap2,gnn_flatten_lstm,sequence,3,103,103,104,124,8111,8111,0,0,1,1,lying,lying,True,0.99911016,0.00046367833,3.0426024e-06,6.999113e-07,3.3452895e-06,1.408588e-06,2.0338533e-05,1.3287545e-06,6.1499545e-06,1.929381e-06,1.6617274e-06,0.00038621714,0.99911016
pamap2,gnn_flatten_lstm,sequence,3,103,103,104,125,8112,8112,0,0,1,1,lying,lying,True,0.9991097,0.00046401474,3.0454983e-06,7.0056944e-07,3.3477165e-06,1.4096571e-06,2.0355872e-05,1.3299531e-06,6.154452e-06,1.9312909e-06,1.6633471e-06,0.00038636086,0.9991097
pamap2,gnn_flatten_lstm,sequence,3,103,103,104,126,8113,8113,0,0,1,1,lying,lying,True,0.9991093,0.00046416503,3.0468887e-06,7.0095007e-07,3.348913e-06,1.4103746e-06,2.0368934e-05,1.3305705e-06,6.1568335e-06,1.9325134e-06,1.6642763e-06,0.00038644654,0.9991093
pamap2,gnn_flatten_lstm,sequence,3,103,103,104,127,8114,8114,0,0,1,1,lying,lying,True,0.99910885,0.0004644511,3.0509202e-06,7.0203623e-07,3.3523177e-06,1.4118758e-06,2.0397556e-05,1.3320475e-06,6.1613764e-06,1.9357735e-06,1.6667915e-06,0.00038662055,0.99910885
pamap2,gnn_flatten_lstm,sequence,3,103,103,104,128,8115,8115,0,0,1,1,lying,lying,True,0.9991086,0.00046464967,3.053146e-06,7.02523e-07,3.353666e-06,1.4125111e-06,2.040837e-05,1.3327436e-06,6.1633496e-06,1.9371769e-06,1.6681076e-06,0.0003866752,0.9991086
pamap2,gnn_flatten_lstm,sequence,3,103,103,104,129,8116,8116,0,0,1,1,lying,lying,True,0.99910814,0.00046498192,3.055708e-06,7.0304003e-07,3.3559234e-06,1.4136075e-06,2.0419808e-05,1.3339587e-06,6.1682745e-06,1.9384327e-06,1.6694262e-06,0.0003868329,0.99910814
pamap2,gnn_flatten_lstm,sequence,3,103,103,104,130,8117,8117,0,0,1,1,lying,lying,True,0.99910825,0.0004649334,3.0543565e-06,7.02654e-07,3.354695e-06,1.4132626e-06,2.0414087e-05,1.3335009e-06,6.166934e-06,1.9375864e-06,1.6688025e-06,0.00038677282,0.99910825
pamap2,gnn_flatten_lstm,sequence,3,103,103,104,131,8118,8118,0,0,1,1,lying,lying,True,0.9991085,0.00046476175,3.0525662e-06,7.022911e-07,3.3534836e-06,1.4127131e-06,2.0404164e-05,1.332854e-06,6.165354e-06,1.936301e-06,1.6676909e-06,0.00038673176,0.9991085
pamap2,gnn_flatten_lstm,sequence,3,103,103,104,132,8119,8119,0,0,1,1,lying,lying,True,0.9991084,0.00046475083,3.053885e-06,7.027124e-07,3.3548522e-06,1.4131091e-06,2.0413894e-05,1.3333054e-06,6.166229e-06,1.9375386e-06,1.668451e-06,0.00038679404,0.9991084
pamap2,gnn_flatten_lstm,sequence,3,103,103,104,133,8120,8120,0,0,1,1,lying,lying,True,0.99910825,0.0004648729,3.0546769e-06,7.028786e-07,3.3551366e-06,1.4133299e-06,2.0419286e-05,1.3335493e-06,6.166799e-06,1.9381039e-06,1.6689728e-06,0.00038681005,0.99910825
pamap2,gnn_flatten_lstm,sequence,3,103,103,104,134,8121,8121,0,0,1,1,lying,lying,True,0.99910766,0.00046532814,3.0575313e-06,7.034119e-07,3.3569077e-06,1.4143565e-06,2.0435344e-05,1.3346108e-06,6.1709366e-06,1.939852e-06,1.6706821e-06,0.0003869199,0.99910766
pamap2,gnn_flatten_lstm,sequence,3,103,103,104,135,8122,8122,0,0,1,1,lying,lying,True,0.9991154,0.00046056753,3.0248225e-06,6.958611e-07,3.3230112e-06,1.3975804e-06,2.0223864e-05,1.3178376e-06,6.096014e-06,1.9195795e-06,1.6528347e-06,0.0003843865,0.9991154
pamap2,gnn_flatten_lstm,sequence,3,103,103,104,136,8123,8123,0,0,1,1,lying,lying,True,0.99912006,0.00045814228,3.0007961e-06,6.883931e-07,3.2918003e-06,1.3841487e-06,1.9958687e-05,1.3037555e-06,6.044814e-06,1.897154e-06,1.6384603e-06,0.00038246872,0.99912006
pamap2,gnn_flatten_lstm,sequence,3,103,103,104,137,8124,8124,0,0,1,1,lying,lying,True,0.9991455,0.00044369572,2.848228e-06,6.490232e-07,3.1560855e-06,1.3169439e-06,1.8790133e-05,1.2430474e-06,5.823971e-06,1.7759772e-06,1.5437375e-06,0.000373695,0.9991455
pamap2,gnn_flatten_lstm,sequence,3,103,103,104,138,8125,8125,0,0,1,1,lying,lying,True,0.9991646,0.00043246866,2.7428157e-06,6.214736e-07,3.062436e-06,1.2669456e-06,1.7869701e-05,1.2003725e-06,5.67523e-06,1.6854027e-06,1.4733396e-06,0.0003673949,0.9991646
pamap2,gnn_flatten_lstm,sequence,3,103,103,104,139,8126,8126,0,0,1,1,lying,lying,True,0.9991761,0.00042537873,2.6792584e-06,6.0482006e-07,3.0080732e-06,1.2362663e-06,1.7273658e-05,1.1748035e-06,5.592714e-06,1.628251e-06,1.4291435e-06,0.00036387748,0.9991761
pamap2,gnn_flatten_lstm,sequence,3,103,103,104,140,8127,8127,0,0,1,1,lying,lying,True,0.99918276,0.00042103566,2.6435828e-06,5.9571414e-07,2.9788491e-06,1.2182309e-06,1.694188e-05,1.1600065e-06,5.547175e-06,1.5966847e-06,1.4034997e-06,0.0003620576,0.99918276
pamap2,gnn_flatten_lstm,sequence,3,103,103,104,141,8128,8128,0,0,1,1,lying,lying,True,0.99918765,0.00041768406,2.6184591e-06,5.898811e-07,2.9600037e-06,1.2053122e-06,1.673036e-05,1.1495171e-06,5.515352e-06,1.5757744e-06,1.3849e-06,0.00036093235,0.99918765
pamap2,gnn_flatten_lstm,sequence,3,103,103,104,142,8129,8129,0,0,1,1,lying,lying,True,0.9991912,0.00041491832,2.5988472e-06,5.8578024e-07,2.9471134e-06,1.1955866e-06,1.6580589e-05,1.1415789e-06,5.4932875e-06,1.5599397e-06,1.3697563e-06,0.00036025431,0.9991912
pamap2,gnn_flatten_lstm,sequence,3,103,103,104,143,8130,8130,0,0,1,1,lying,lying,True,0.99919444,0.0004123277,2.5825714e-06,5.8296996e-07,2.9397488e-06,1.1884536e-06,1.647001e-05,1.135671e-06,5.478907e-06,1.5474835e-06,1.3568451e-06,0.00036001334,0.99919444
pamap2,gnn_flatten_lstm,sequence,3,103,103,104,144,8131,8131,0,0,1,1,lying,lying,True,0.9991985,0.0004085753,2.5604004e-06,5.798285e-07,2.9312557e-06,1.1808438e-06,1.6356655e-05,1.1281603e-06,5.4569286e-06,1.5336558e-06,1.3415429e-06,0.00035980885,0.9991985
pamap2,gnn_flatten_lstm,sequence,3,103,103,104,145,8132,8132,0,0,1,1,lying,lying,True,0.99919957,0.00040729268,2.553105e-06,5.7886e-07,2.9308592e-06,1.1783364e-06,1.6306583e-05,1.126218e-06,5.4574966e-06,1.5272369e-06,1.3345069e-06,0.00035999354,0.99919957
pamap2,gnn_flatten_lstm,sequence,3,103,103,104,146,8133,8133,0,0,1,1,lying,lying,True,0.99919885,0.00040757103,2.5542772e-06,5.793257e-07,2.9363348e-06,1.179091e-06,1.6286507e-05,1.1279457e-06,5.4787274e-06,1.5233708e-06,1.3304219e-06,0.00036057772,0.99919885
pamap2,gnn_flatten_lstm,sequence,3,103,103,104,147,8134,8134,0,0,1,1,lying,lying,True,0.9991947,0.00041042172,2.5711743e-06,5.821278e-07,2.9495138e-06,1.185712e-06,1.6329239e-05,1.1353595e-06,5.52454e-06,1.5272135e-06,1.3358223e-06,0.0003617223,0.9991947
pamap2,gnn_flatten_lstm,sequence,3,103,103,104,148,8135,8135,0,0,1,1,lying,lying,True,0.99919134,0.00041304095,2.587188e-06,5.846022e-07,2.9589446e-06,1.1908846e-06,1.637475e-05,1.1414114e-06,5.5582477e-06,1.5321596e-06,1.3421042e-06,0.00036236554,0.99919134
pamap2,gnn_flatten_lstm,sequence,3,103,103,104,149,8136,8136,0,0,1,1,lying,lying,True,0.9991916,0.00041271365,2.5855113e-06,5.8452815e-07,2.9576956e-06,1.190701e-06,1.638705e-05,1.1407261e-06,5.5535065e-06,1.5330662e-06,1.3420929e-06,0.00036227753,0.9991916
pamap2,gnn_flatten_lstm,sequence,3,103,103,104,150,8137,8137,0,0,1,1,lying,lying,True,0.9991916,0.00041274255,2.5860438e-06,5.848064e-07,2.958144e-06,1.1908963e-06,1.639854e-05,1.1408513e-06,5.552914e-06,1.5340986e-06,1.342605e-06,0.00036229962,0.9991916
pamap2,gnn_flatten_lstm,sequence,3,103,103,104,151,8138,8138,0,0,1,1,lying,lying,True,0.9991918,0.00041258032,2.5847228e-06,5.84603e-07,2.9565063e-06,1.1902688e-06,1.6400843e-05,1.140063e-06,5.5478654e-06,1.5342658e-06,1.3423775e-06,0.00036215893,0.9991918
pamap2,gnn_flatten_lstm,sequence,3,103,103,104,152,8139,8139,0,0,1,1,lying,lying,True,0.9991923,0.00041234234,2.5828836e-06,5.842472e-07,2.95436e-06,1.1893785e-06,1.6397677e-05,1.1390343e-06,5.5411106e-06,1.5341423e-06,1.3420656e-06,0.00036196486,0.9991923
pamap2,gnn_flatten_lstm,sequence,3,103,103,104,153,8140,8140,0,0,1,1,lying,lying,True,0.99919325,0.0004119114,2.579206e-06,5.8347314e-07,2.9510063e-06,1.1879661e-06,1.6384436e-05,1.1373844e-06,5.5321557e-06,1.5328874e-06,1.3407698e-06,0.0003617159,0.99919325
pamap2,gnn_flatten_lstm,sequence,3,103,103,104,154,8141,8141,0,0,1,1,lying,lying,True,0.9991935,0.00041183547,2.577687e-06,5.8301833e-07,2.9488633e-06,1.1872041e-06,1.6379005e-05,1.1365629e-06,5.527105e-06,1.5325281e-06,1.34043e-06,0.0003615358,0.9991935
pamap2,gnn_flatten_lstm,sequence,3,103,103,104,155,8142,8142,0,0,1,1,lying,lying,True,0.99919397,0.00041167976,2.5747524e-06,5.821452e-07,2.9450173e-06,1.1859881e-06,1.6365364e-05,1.1351108e-06,5.519822e-06,1.5312521e-06,1.3395553e-06,0.00036126352,0.99919397
pamap2,gnn_flatten_lstm,sequence,3,103,103,104,156,8143,8143,0,0,1,1,lying,lying,True,0.9991947,0.0004112657,2.5708678e-06,5.8121196e-07,2.9409073e-06,1.1844461e-06,1.635511e-05,1.1332685e-06,5.508951e-06,1.5303816e-06,1.3385219e-06,0.0003609387,0.9991947
pamap2,gnn_flatten_lstm,sequence,3,103,103,104,157,8144,8144,0,0,1,1,lying,lying,True,0.9991942,0.00041165593,2.5731183e-06,5.815322e-07,2.9419018e-06,1.1849901e-06,1.6366885e-05,1.1339869e-06,5.5115493e-06,1.5317563e-06,1.3396182e-06,0.0003609733,0.9991942
pamap2,gnn_flatten_lstm,sequence,3,103,103,104,158,8145,8145,0,0,1,1,lying,lying,True,0.99919313,0.00041247008,2.5777058e-06,5.8233127e-07,2.9448152e-06,1.186623e-06,1.6383123e-05,1.1357682e-06,5.52264e-06,1.5331445e-06,1.3411468e-06,0.00036122807,0.99919313
pamap2,gnn_flatten_lstm,sequence,3,103,103,104,159,8146,8146,0,0,1,1,lying,lying,True,0.9991934,0.00041237578,2.5768857e-06,5.821548e-07,2.9438893e-06,1.1863065e-06,1.6380454e-05,1.1354035e-06,5.52074e-06,1.5328086e-06,1.3408799e-06,0.000361162,0.9991934
pamap2,gnn_flatten_lstm,sequence,3,103,103,104,160,8147,8147,0,0,1,1,lying,lying,True,0.99919313,0.00041246501,2.577873e-06,5.8237794e-07,2.944846e-06,1.1866038e-06,1.6382872e-05,1.1358569e-06,5.5224873e-06,1.5331899e-06,1.3413016e-06,0.00036121777,0.99919313
pamap2,gnn_flatten_lstm,sequence,3,103,103,104,161,8148,8148,0,0,1,1,lying,lying,True,0.999193,0.00041254444,2.5788959e-06,5.826078e-07,2.945739e-06,1.1868549e-06,1.6387168e-05,1.1362599e-06,5.5237197e-06,1.5337674e-06,1.3417672e-06,0.0003612556,0.999193
pamap2,gnn_flatten_lstm,sequence,3,103,103,104,162,8149,8149,0,0,1,1,lying,lying,True,0.99919313,0.00041251004,2.5784238e-06,5.8247906e-07,2.9451298e-06,1.1866038e-06,1.6385247e-05,1.1359903e-06,5.522677e-06,1.5335189e-06,1.3415179e-06,0.00036121154,0.99919313
pamap2,gnn_flatten_lstm,sequence,3,103,103,104,163,8150,8150,0,0,1,1,lying,lying,True,0.99919325,0.00041244892,2.5781437e-06,5.824558e-07,2.9447876e-06,1.186502e-06,1.6388376e-05,1.1357911e-06,5.521319e-06,1.5337648e-06,1.3415589e-06,0.000361183,0.99919325
pamap2,gnn_flatten_lstm,sequence,3,103,103,104,164,8151,8151,0,0,1,1,lying,lying,True,0.9991935,0.00041230154,2.5770848e-06,5.8227874e-07,2.9439796e-06,1.186155e-06,1.6385393e-05,1.1353928e-06,5.5193195e-06,1.5333585e-06,1.341123e-06,0.0003611266,0.9991935
pamap2,gnn_flatten_lstm,sequence,3,103,103,104,165,8152,8152,0,0,1,1,lying,lying,True,0.9991936,0.000412139,2.5762868e-06,5.8215227e-07,2.943528e-06,1.185765e-06,1.6379554e-05,1.1350746e-06,5.517294e-06,1.5329025e-06,1.3407664e-06,0.0003610796,0.9991936
pamap2,gnn_flatten_lstm,sequence,3,103,103,104,166,8153,8153,0,0,1,1,lying,lying,True,0.9991934,0.00041234828,2.5783456e-06,5.8259195e-07,2.9454393e-06,1.1864547e-06,1.6387845e-05,1.135919e-06,5.520666e-06,1.533999e-06,1.3417523e-06,0.00036119577,0.9991934
pamap2,gnn_flatten_lstm,sequence,3,103,103,104,167,8154,8154,0,0,1,1,lying,lying,True,0.9991929,0.00041253492,2.5797365e-06,5.828418e-07,2.9466405e-06,1.1869386e-06,1.6390759e-05,1.1365178e-06,5.5239243e-06,1.5343845e-06,1.3422392e-06,0.0003612757,0.9991929
pamap2,gnn_flatten_lstm,sequence,3,103,103,104,168,8155,8155,0,0,1,1,lying,lying,True,0.99919266,0.00041297017,2.581343e-06,5.8280216e-07,2.9467858e-06,1.1872246e-06,1.6382004e-05,1.1370704e-06,5.5278592e-06,1.5338078e-06,1.3427498e-06,0.00036128683,0.99919266
pamap2,gnn_flatten_lstm,sequence,3,103,103,104,169,8156,8156,0,0,1,1,lying,lying,True,0.99919266,0.0004130086,2.5803904e-06,5.825171e-07,2.9452942e-06,1.1873072e-06,1.6384896e-05,1.1367679e-06,5.526969e-06,1.5337785e-06,1.342842e-06,0.0003612372,0.99919266
pamap2,gnn_flatten_lstm,sequence,3,103,103,104,170,8157,8157,0,0,1,1,lying,lying,True,0.9991928,0.00041282593,2.5794927e-06,5.8249213e-07,2.9441233e-06,1.1870538e-06,1.6393791e-05,1.1361653e-06,5.5229484e-06,1.5345189e-06,1.3430266e-06,0.00036114253,0.9991928
pamap2,gnn_flatten_lstm,sequence,3,103,103,104,171,8158,8158,0,0,1,1,lying,lying,True,0.999193,0.00041263786,2.5789718e-06,5.826234e-07,2.9438152e-06,1.1868979e-06,1.6403477e-05,1.1357788e-06,5.519512e-06,1.5353947e-06,1.3432267e-06,0.0003611075,0.999193
pamap2,gnn_flatten_lstm,sequence,3,103,103,104,172,8159,8159,0,0,1,1,lying,lying,True,0.99919325,0.0004124967,2.577598e-06,5.8239306e-07,2.9422947e-06,1.1863324e-06,1.6403246e-05,1.1350927e-06,5.5155615e-06,1.5352604e-06,1.3428414e-06,0.00036099704,0.99919325
pamap2,gnn_flatten_lstm,sequence,3,103,103,104,173,8160,8160,0,0,1,1,lying,lying,True,0.9991934,0.00041249816,2.5774311e-06,5.823342e-07,2.9413413e-06,1.1859772e-06,1.6407268e-05,1.1347269e-06,5.51247e-06,1.53576e-06,1.3430683e-06,0.0003608873,0.9991934
pamap2,gnn_flatten_lstm,sequence,3,103,103,104,174,8161,8161,0,0,1,1,lying,lying,True,0.9991935,0.00041250957,2.5769743e-06,5.8214937e-07,2.9400992e-06,1.1856177e-06,1.640727e-05,1.1342576e-06,5.5093174e-06,1.5359315e-06,1.3432427e-06,0.00036078063,0.9991935
pamap2,gnn_flatten_lstm,sequence,3,103,103,104,175,8162,8162,0,0,1,1,lying,lying,True,0.9991936,0.0004124984,2.5763331e-06,5.8192353e-07,2.9388968e-06,1.1851771e-06,1.6405942e-05,1.1338218e-06,5.505804e-06,1.5360723e-06,1.3433416e-06,0.00036066992,0.9991936
pamap2,gnn_flatten_lstm,sequence,3,103,103,104,176,8163,8163,0,0,1,1,lying,lying,True,0.99919397,0.0004123615,2.5738907e-06,5.8118053e-07,2.9354553e-06,1.1839912e-06,1.6394404e-05,1.13252e-06,5.4988427e-06,1.5350771e-06,1.3426159e-06,0.0003604039,0.99919397
pamap2,gnn_flatten_lstm,sequence,3,103,103,104,177,8164,8164,0,0,1,1,lying,lying,True,0.99919456,0.00041217954,2.5718705e-06,5.805388e-07,2.9324606e-06,1.182859e-06,1.6386457e-05,1.1313407e-06,5.4907764e-06,1.5347559e-06,1.3424016e-06,0.00036012926,0.99919456
pamap2,gnn_flatten_lstm,sequence,3,103,103,104,178,8165,8165,0,0,1,1,lying,lying,True,0.9991936,0.00041281251,2.5751517e-06,5.8110163e-07,2.9349196e-06,1.184131e-06,1.6395354e-05,1.1327746e-06,5.500047e-06,1.535485e-06,1.3433018e-06,0.00036035653,0.9991936
pamap2,gnn_flatten_lstm,sequence,3,103,103,104,179,8166,8166,0,0,1,1,lying,lying,True,0.99919325,0.00041307736,2.5765657e-06,5.813198e-07,2.9357864e-06,1.1845777e-06,1.6399617e-05,1.1333057e-06,5.5033397e-06,1.5359443e-06,1.3437972e-06,0.00036043013,0.99919325
pamap2,gnn_flatten_lstm,sequence,3,103,103,104,180,8167,8167,0,0,1,1,lying,lying,True,0.9991941,0.00041259112,2.5729291e-06,5.805773e-07,2.9325458e-06,1.1831936e-06,1.6385076e-05,1.1317212e-06,5.4955144e-06,1.5343365e-06,1.3422729e-06,0.00036019625,0.9991941
pamap2,gnn_flatten_lstm,sequence,3,103,103,104,181,8168,8168,0,0,1,1,lying,lying,True,0.9991942,0.00041250006,2.5724437e-06,5.8050983e-07,2.932202e-06,1.1830447e-06,1.6385624e-05,1.1315088e-06,5.494169e-06,1.5343134e-06,1.3421131e-06,0.00036017087,0.9991942
pamap2,gnn_flatten_lstm,sequence,3,103,103,104,182,8169,8169,0,0,1,1,lying,lying,True,0.9991937,0.00041293696,2.5749875e-06,5.8069344e-07,2.934058e-06,1.1833454e-06,1.6374104e-05,1.1325661e-06,5.49977e-06,1.5337129e-06,1.3425489e-06,0.00036024163,0.9991937
pamap2,gnn_flatten_lstm,sequence,3,103,103,104,183,8170,8170,0,0,1,1,lying,lying,True,0.9991936,0.00041292215,2.5735485e-06,5.8030196e-07,2.9337248e-06,1.1833712e-06,1.6368482e-05,1.1324721e-06,5.501726e-06,1.5326686e-06,1.3416131e-06,0.0003603182,0.9991936
pamap2,gnn_flatten_lstm,sequence,3,103,103,104,184,8171,8171,0,0,1,1,lying,lying,True,0.9991936,0.00041290678,2.5748227e-06,5.8070106e-07,2.9352307e-06,1.1836793e-06,1.6377773e-05,1.132957e-06,5.5032156e-06,1.5336512e-06,1.3420521e-06,0.00036035996,0.9991936
pamap2,gnn_flatten_lstm,sequence,3,103,103,104,185,8172,8172,0,0,1,1,lying,lying,True,0.9991935,0.0004129146,2.575611e-06,5.809265e-07,2.936571e-06,1.1840697e-06,1.6379629e-05,1.1334498e-06,5.5056144e-06,1.533812e-06,1.342208e-06,0.00036045394,0.9991935
pamap2,gnn_flatten_lstm,sequence,3,103,103,104,186,8173,8173,0,0,1,1,lying,lying,True,0.9991934,0.00041291298,2.5766228e-06,5.812461e-07,2.9379378e-06,1.1843972e-06,1.6383048e-05,1.1339177e-06,5.507798e-06,1.5342009e-06,1.3424843e-06,0.00036053502,0.9991934
pamap2,gnn_flatten_lstm,sequence,3,103,103,104,187,8174,8174,0,0,1,1,lying,lying,True,0.9991935,0.00041276103,2.5763206e-06,5.813116e-07,2.9384955e-06,1.1844426e-06,1.6380549e-05,1.1339644e-06,5.5083874e-06,1.5339056e-06,1.3421646e-06,0.00036058424,0.9991935
pamap2,gnn_flatten_lstm,sequence,3,103,103,104,188,8175,8175,0,0,1,1,lying,lying,True,0.9991937,0.00041249063,2.5754837e-06,5.81314e-07,2.9387909e-06,1.1844021e-06,1.6379148e-05,1.1337993e-06,5.507396e-06,1.5336806e-06,1.3418219e-06,0.0003606153,0.9991937
pamap2,gnn_flatten_lstm,sequence,3,103,103,104,189,8176,8176,0,0,1,1,lying,lying,True,0.9991941,0.00041219132,2.5748607e-06,5.8138187e-07,2.9392652e-06,1.1842895e-06,1.6377217e-05,1.1336731e-06,5.50619e-06,1.5334823e-06,1.3415331e-06,0.00036063997,0.9991941
pamap2,gnn_flatten_lstm,sequence,3,103,103,104,190,8177,8177,0,0,1,1,lying,lying,True,0.99919444,0.00041176754,2.5733937e-06,5.8128836e-07,2.939062e-06,1.1838553e-06,1.6372009e-05,1.133211e-06,5.5031314e-06,1.5329667e-06,1.3408942e-06,0.00036060883,0.99919444
pamap2,gnn_flatten_lstm,sequence,3,103,103,104,191,8178,8178,0,0,1,1,lying,lying,True,0.9991949,0.00041138756,2.5714028e-06,5.810054e-07,2.9382816e-06,1.1834269e-06,1.6362415e-05,1.1325924e-06,5.5008145e-06,1.531823e-06,1.3399182e-06,0.00036058854,0.9991949
pamap2,gnn_flatten_lstm,sequence,3,103,103,104,192,8179,8179,0,0,1,1,lying,lying,True,0.9991943,0.0004116713,2.5737052e-06,5.8166813e-07,2.9414591e-06,1.1846909e-06,1.6369071e-05,1.1339189e-06,5.5102155e-06,1.5320297e-06,1.3400567e-06,0.00036089914,0.9991943
pamap2,gnn_flatten_lstm,sequence,3,103,103,104,193,8180,8180,0,0,1,1,lying,lying,True,0.9991935,0.00041224886,2.5775544e-06,5.824392e-07,2.9447037e-06,1.1862172e-06,1.6381004e-05,1.135578e-06,5.5205514e-06,1.5330836e-06,1.3412114e-06,0.0003611817,0.9991935
pamap2,gnn_flatten_lstm,sequence,3,103,103,104,194,8181,8181,0,0,1,1,lying,lying,True,0.999193,0.00041259555,2.5793925e-06,5.824979e-07,2.945854e-06,1.1863547e-06,1.6368549e-05,1.1363184e-06,5.524678e-06,1.5323433e-06,1.3414423e-06,0.00036120563,0.999193
pamap2,gnn_flatten_lstm,sequence,3,103,103,104,195,8182,8182,0,0,1,1,lying,lying,True,0.999193,0.00041252022,2.5785096e-06,5.822968e-07,2.9462449e-06,1.1864429e-06,1.6362337e-05,1.1365016e-06,5.526812e-06,1.5314785e-06,1.3407464e-06,0.00036128645,0.999193
pamap2,gnn_flatten_lstm,sequence,3,103,103,104,196,8183,8183,0,0,1,1,lying,lying,True,0.999193,0.0004124268,2.5797494e-06,5.82769e-07,2.9485525e-06,1.1868323e-06,1.6370252e-05,1.1371769e-06,5.528742e-06,1.5324748e-06,1.3411377e-06,0.00036138482,0.999193
pamap2,gnn_flatten_lstm,sequence,3,103,103,104,197,8184,8184,0,0,1,1,lying,lying,True,0.99919313,0.00041225305,2.5796953e-06,5.828852e-07,2.9494415e-06,1.1868392e-06,1.637058e-05,1.1372498e-06,5.528811e-06,1.5325072e-06,1.3409358e-06,0.00036143948,0.99919313
pamap2,gnn_flatten_lstm,sequence,3,103,103,104,198,8185,8185,0,0,1,1,lying,lying,True,0.99919313,0.0004122428,2.5807853e-06,5.8323826e-07,2.950761e-06,1.1872331e-06,1.6377811e-05,1.1376804e-06,5.5307355e-06,1.5331841e-06,1.3413655e-06,0.00036152222,0.99919313
pamap2,gnn_flatten_lstm,sequence,3,103,103,104,199,8186,8186,0,0,1,1,lying,lying,True,0.999193,0.0004121901,2.5794911e-06,5.829313e-07,2.9503724e-06,1.1872341e-06,1.6367847e-05,1.1375251e-06,5.5323226e-06,1.5317589e-06,1.3405673e-06,0.0003616151,0.999193
pamap2,gnn_flatten_lstm,sequence,3,103,103,104,200,8187,8187,0,0,1,1,lying,lying,True,0.99919266,0.00041251947,2.5829165e-06,5.835446e-07,2.9529722e-06,1.1880934e-06,1.6373211e-05,1.1388186e-06,5.537388e-06,1.532904e-06,1.3421121e-06,0.00036170517,0.99919266
pamap2,gnn_flatten_lstm,sequence,3,103,103,104,201,8188,8188,0,0,1,1,lying,lying,True,0.99919254,0.00041242363,2.584047e-06,5.8405845e-07,2.9542903e-06,1.1888593e-06,1.6395086e-05,1.1392856e-06,5.5373243e-06,1.535148e-06,1.343417e-06,0.0003617624,0.99919254
pamap2,gnn_flatten_lstm,sequence,3,103,103,104,202,8189,8189,0,0,1,1,lying,lying,True,0.999193,0.00041208966,2.5822203e-06,5.838532e-07,2.9528467e-06,1.1882694e-06,1.6393638e-05,1.1384617e-06,5.5327027e-06,1.5347769e-06,1.342845e-06,0.00036166116,0.999193
pamap2,gnn_flatten_lstm,sequence,3,103,103,104,203,8190,8190,0,0,1,1,lying,lying,True,0.9991934,0.00041177456,2.5798927e-06,5.834393e-07,2.9509927e-06,1.187614e-06,1.6389782e-05,1.1374746e-06,5.5275573e-06,1.5342009e-06,1.3420965e-06,0.00036155057,0.9991934
pamap2,gnn_flatten_lstm,sequence,3,103,103,104,204,8191,8191,0,0,1,1,lying,lying,True,0.9991928,0.00041219272,2.581976e-06,5.839338e-07,2.9526996e-06,1.1886102e-06,1.6398779e-05,1.1384224e-06,5.534823e-06,1.5346565e-06,1.3424581e-06,0.00036174938,0.9991928
pamap2,gnn_flatten_lstm,sequence,3,103,103,104,205,8192,8192,0,0,1,1,lying,lying,True,0.9991924,0.00041252235,2.5836057e-06,5.8422546e-07,2.9535488e-06,1.1891063e-06,1.6404592e-05,1.1389759e-06,5.538533e-06,1.5351508e-06,1.3429416e-06,0.0003618307,0.9991924
pamap2,gnn_flatten_lstm,sequence,3,103,103,104,206,8193,8193,0,0,1,1,lying,lying,True,0.99919313,0.00041207852,2.578719e-06,5.8311093e-07,2.9492671e-06,1.1875671e-06,1.6385482e-05,1.1370752e-06,5.5293276e-06,1.5330538e-06,1.3412275e-06,0.000361591,0.99919313
pamap2,gnn_flatten_lstm,sequence,3,103,103,104,207,8194,8194,0,0,1,1,lying,lying,True,0.9991935,0.00041203445,2.5779748e-06,5.827015e-07,2.9469597e-06,1.1867388e-06,1.6378286e-05,1.1362637e-06,5.522668e-06,1.5331129e-06,1.3416757e-06,0.00036131157,0.9991935
pamap2,gnn_flatten_lstm,sequence,3,103,103,104,208,8195,8195,0,0,1,1,lying,lying,True,0.9991942,0.00041171364,2.5744241e-06,5.818495e-07,2.942483e-06,1.1855723e-06,1.6377047e-05,1.134492e-06,5.5119226e-06,1.5330966e-06,1.3413056e-06,0.00036097708,0.9991942
pamap2,gnn_flatten_lstm,sequence,3,103,103,104,209,8196,8196,0,0,1,1,lying,lying,True,0.9991936,0.0004121746,2.5761244e-06,5.820018e-07,2.9422058e-06,1.1859901e-06,1.6390413e-05,1.1348452e-06,5.512934e-06,1.5344939e-06,1.3425232e-06,0.0003609545,0.9991936
pamap2,gnn_flatten_lstm,sequence,3,103,103,104,210,8197,8197,0,0,1,1,lying,lying,True,0.9991929,0.00041272223,2.5798179e-06,5.8286173e-07,2.9445616e-06,1.1871898e-06,1.6414615e-05,1.1361676e-06,5.51929e-06,1.536707e-06,1.3440709e-06,0.00036112274,0.9991929
pamap2,gnn_flatten_lstm,sequence,3,103,103,104,211,8198,8198,0,0,1,1,lying,lying,True,0.99919325,0.00041246723,2.5777038e-06,5.8245246e-07,2.9423986e-06,1.1862463e-06,1.6408676e-05,1.1351045e-06,5.5136575e-06,1.5360249e-06,1.3432449e-06,0.00036096157,0.99919325
pamap2,gnn_flatten_lstm,sequence,3,103,103,104,212,8199,8199,0,0,1,1,lying,lying,True,0.99919313,0.0004127243,2.5782565e-06,5.8221246e-07,2.9412647e-06,1.186047e-06,1.6400536e-05,1.1349592e-06,5.512448e-06,1.5357932e-06,1.3438189e-06,0.00036083953,0.99919313
pamap2,gnn_flatten_lstm,sequence,3,103,103,104,213,8200,8200,0,0,1,1,lying,lying,True,0.9991934,0.00041268015,2.5761117e-06,5.81631e-07,2.9382122e-06,1.1856674e-06,1.6401887e-05,1.1340215e-06,5.5073724e-06,1.5358082e-06,1.3438473e-06,0.00036066517,0.9991934
pamap2,gnn_flatten_lstm,sequence,3,103,103,104,214,8201,8201,0,0,1,1,lying,lying,True,0.9991936,0.00041266804,2.5755717e-06,5.8142314e-07,2.9361013e-06,1.1850979e-06,1.6408509e-05,1.1332639e-06,5.5010387e-06,1.5368165e-06,1.344527e-06,0.0003604471,0.9991936
pamap2,gnn_flatten_lstm,sequence,3,103,103,104,215,8202,8202,0,0,1,1,lying,lying,True,0.9991941,0.00041253798,2.5734737e-06,5.808116e-07,2.932431e-06,1.1839734e-06,1.6406277e-05,1.131854e-06,5.4918573e-06,1.5369025e-06,1.3445225e-06,0.00036014488,0.9991941
pamap2,gnn_flatten_lstm,sequence,3,103,103,104,216,8203,8203,0,0,1,1,lying,lying,True,0.9991936,0.00041302078,2.5754268e-06,5.8094594e-07,2.9319713e-06,1.184307e-06,1.6416536e-05,1.1321589e-06,5.492808e-06,1.5380892e-06,1.3457458e-06,0.0003600927,0.9991936
pamap2,gnn_flatten_lstm,sequence,3,103,103,104,217,8204,8204,0,0,1,1,lying,lying,True,0.9991929,0.000413595,2.5786076e-06,5.8156417e-07,2.933776e-06,1.185322e-06,1.643128e-05,1.1333151e-06,5.499288e-06,1.5394369e-06,1.3469157e-06,0.0003602319,0.9991929
pamap2,gnn_flatten_lstm,sequence,3,103,103,104,218,8205,8205,0,0,1,1,lying,lying,True,0.99919325,0.0004133838,2.5766517e-06,5.8112306e-07,2.9317266e-06,1.1845191e-06,1.6424674e-05,1.1323993e-06,5.4938073e-06,1.5389281e-06,1.3464474e-06,0.0003600797,0.99919325
pamap2,gnn_flatten_lstm,sequence,3,103,103,104,219,8206,8206,0,0,1,1,lying,lying,True,0.9991936,0.00041322233,2.574953e-06,5.80726e-07,2.9295927e-06,1.1837899e-06,1.6421533e-05,1.131507e-06,5.4886873e-06,1.5386555e-06,1.3461051e-06,0.00035992666,0.9991936
pamap2,gnn_flatten_lstm,sequence,3,103,103,104,220,8207,8207,0,0,1,1,lying,lying,True,0.99919385,0.0004131442,2.5743348e-06,5.8052683e-07,2.928325e-06,1.1832733e-06,1.6422351e-05,1.1309884e-06,5.484095e-06,1.5390787e-06,1.3463622e-06,0.0003597835,0.99919385
pamap2,gnn_flatten_lstm,sequence,3,103,103,104,221,8208,8208,0,0,1,1,lying,lying,True,0.9991941,0.00041307713,2.572686e-06,5.798718e-07,2.9253308e-06,1.1823261e-06,1.6414448e-05,1.1299321e-06,5.477102e-06,1.5387649e-06,1.3463767e-06,0.00035952995,0.9991941
pamap2,gnn_flatten_lstm,sequence,3,103,103,104,222,8209,8209,0,0,1,1,lying,lying,True,0.99919325,0.0004136985,2.5762638e-06,5.805675e-07,2.9280916e-06,1.1836586e-06,1.6428467e-05,1.1314471e-06,5.486205e-06,1.5399734e-06,1.3474571e-06,0.00035976045,0.99919325
pamap2,gnn_flatten_lstm,sequence,3,103,103,104,223,8210,8210,0,0,1,1,lying,lying,True,0.999193,0.0004139127,2.5770862e-06,5.806122e-07,2.9280184e-06,1.1837056e-06,1.6430311e-05,1.1315807e-06,5.4876687e-06,1.5401112e-06,1.3476753e-06,0.00035975937,0.999193
pamap2,gnn_flatten_lstm,sequence,3,103,103,104,224,8211,8211,0,0,1,1,lying,lying,True,0.9991934,0.00041372143,2.5754705e-06,5.8025034e-07,2.9264618e-06,1.1830583e-06,1.6424145e-05,1.1308325e-06,5.484071e-06,1.5394392e-06,1.346978e-06,0.00035964214,0.9991934
pamap2,gnn_flatten_lstm,sequence,3,103,103,104,225,8212,8212,0,0,1,1,lying,lying,True,0.99919325,0.00041380187,2.5767058e-06,5.805592e-07,2.927617e-06,1.1834927e-06,1.6430597e-05,1.131349e-06,5.485305e-06,1.5403641e-06,1.3477386e-06,0.00035969805,0.99919325
pamap2,gnn_flatten_lstm,sequence,3,103,103,104,226,8213,8213,0,0,1,1,lying,lying,True,0.99919313,0.0004138551,2.577298e-06,5.8068423e-07,2.9280884e-06,1.1837972e-06,1.64347e-05,1.1316143e-06,5.486079e-06,1.540856e-06,1.3482206e-06,0.00035972544,0.99919313
pamap2,gnn_flatten_lstm,sequence,3,103,103,104,227,8214,8214,0,0,1,1,lying,lying,True,0.99919313,0.0004138559,2.576858e-06,5.8056736e-07,2.9276835e-06,1.1837782e-06,1.643368e-05,1.1314708e-06,5.486084e-06,1.5405577e-06,1.347998e-06,0.00035972803,0.99919313
pamap2,gnn_flatten_lstm,sequence,3,103,103,104,228,8215,8215,0,0,1,1,lying,lying,True,0.99919325,0.00041375257,2.5761383e-06,5.804495e-07,2.9270668e-06,1.1834734e-06,1.6429922e-05,1.1311688e-06,5.4846982e-06,1.5401497e-06,1.3476306e-06,0.00035968414,0.99919325
pamap2,gnn_flatten_lstm,sequence,3,103,103,104,229,8216,8216,0,0,1,1,lying,lying,True,0.999193,0.00041390856,2.5781528e-06,5.8098436e-07,2.9289008e-06,1.1844498e-06,1.6448246e-05,1.1319034e-06,5.4873126e-06,1.5420304e-06,1.348965e-06,0.00035981255,0.999193
pamap2,gnn_flatten_lstm,sequence,3,103,103,104,230,8217,8217,0,0,1,1,lying,lying,True,0.999193,0.00041384363,2.5778725e-06,5.8101375e-07,2.9288785e-06,1.1847762e-06,1.645231e-05,1.1318484e-06,5.4869356e-06,1.5423732e-06,1.34927e-06,0.00035984186,0.999193
pamap2,gnn_flatten_lstm,sequence,3,103,103,104,231,8218,8218,0,0,1,1,lying,lying,True,0.99919325,0.00041369276,2.5775932e-06,5.811003e-07,2.929044e-06,1.1849868e-06,1.6458684e-05,1.1317817e-06,5.4852685e-06,1.5431004e-06,1.3497091e-06,0.00035984765,0.99919325
pamap2,gnn_flatten_lstm,sequence,3,103,103,104,232,8219,8219,0,0,1,1,lying,lying,True,0.999193,0.00041375027,2.5784775e-06,5.8138625e-07,2.9301077e-06,1.1855867e-06,1.6468102e-05,1.1322392e-06,5.4868838e-06,1.5439684e-06,1.3503552e-06,0.0003599385,0.999193
pamap2,gnn_flatten_lstm,sequence,3,103,103,104,233,8220,8220,0,0,1,1,lying,lying,True,0.999193,0.00041378874,2.5787037e-06,5.8135294e-07,2.9302698e-06,1.1855313e-06,1.6463517e-05,1.1324249e-06,5.4874017e-06,1.5436372e-06,1.3503422e-06,0.0003599153,0.999193
pamap2,gnn_flatten_lstm,sequence,3,103,103,104,234,8221,8221,0,0,1,1,lying,lying,True,0.99919266,0.00041414233,2.5803756e-06,5.813078e-07,2.9311213e-06,1.185766e-06,1.64529e-05,1.1330468e-06,5.4908287e-06,1.5430538e-06,1.3507771e-06,0.0003599267,0.99919266
pamap2,gnn_flatten_lstm,sequence,3,103,103,104,235,8222,8222,0,0,1,1,lying,lying,True,0.99919397,0.00041315705,2.5704835e-06,5.7941014e-07,2.9234675e-06,1.1840793e-06,1.644147e-05,1.1294773e-06,5.477776e-06,1.5398981e-06,1.3471562e-06,0.00035966537,0.99919397
pamap2,gnn_flatten_lstm,sequence,3,103,103,104,236,8223,8223,0,0,1,1,lying,lying,True,0.9991949,0.000412415,2.5660797e-06,5.7887996e-07,2.9207254e-06,1.1827872e-06,1.64394e-05,1.1277357e-06,5.4685893e-06,1.5389189e-06,1.3453523e-06,0.0003594538,0.9991949
pamap2,gnn_flatten_lstm,sequence,3,103,103,104,237,8224,8224,0,0,1,1,lying,lying,True,0.99919504,0.00041232462,2.5665033e-06,5.789965e-07,2.922389e-06,1.1821174e-06,1.6417483e-05,1.1282102e-06,5.4698003e-06,1.5373876e-06,1.3442855e-06,0.00035944508,0.99919504
pamap2,gnn_flatten_lstm,sequence,3,103,103,104,238,8225,8225,0,0,1,1,lying,lying,True,0.9991954,0.00041218597,2.5644856e-06,5.7809575e-07,2.9206292e-06,1.1806937e-06,1.6372476e-05,1.1273868e-06,5.4675593e-06,1.5336188e-06,1.3423335e-06,0.00035926976,0.9991954
pamap2,gnn_flatten_lstm,sequence,3,103,103,104,239,8226,8226,0,0,1,1,lying,lying,True,0.9991953,0.0004121362,2.5640452e-06,5.7801844e-07,2.9222058e-06,1.1811599e-06,1.636698e-05,1.1279352e-06,5.4719926e-06,1.5328496e-06,1.3416295e-06,0.00035946333,0.9991953
pamap2,gnn_flatten_lstm,sequence,3,103,103,104,240,8227,8227,0,0,1,1,lying,lying,True,0.9991954,0.00041186626,2.565347e-06,5.786716e-07,2.925212e-06,1.1814957e-06,1.637641e-05,1.1286949e-06,5.47381e-06,1.533967e-06,1.3418113e-06,0.0003595798,0.9991954
pamap2,gnn_flatten_lstm,sequence,3,103,103,104,241,8228,8228,0,0,1,1,lying,lying,True,0.9991979,0.00041000778,2.5502757e-06,5.7580655e-07,2.9135508e-06,1.1780412e-06,1.6323063e-05,1.1230329e-06,5.4528828e-06,1.5266037e-06,1.3359386e-06,0.00035911516,0.9991979
pamap2,gnn_flatten_lstm,sequence,3,103,103,104,242,8229,8229,0,0,1,1,lying,lying,True,0.9991992,0.0004088964,2.5433449e-06,5.7495356e-07,2.9106359e-06,1.1765765e-06,1.6296939e-05,1.1210152e-06,5.4459624e-06,1.5229734e-06,1.3325429e-06,0.00035908035,0.9991992
pamap2,gnn_flatten_lstm,sequence,3,103,103,104,243,8230,8230,0,0,1,1,lying,lying,True,0.999198,0.0004092769,2.5514873e-06,5.7713106e-07,2.9212777e-06,1.1789202e-06,1.632014e-05,1.1248981e-06,5.460258e-06,1.5267408e-06,1.3349734e-06,0.00035961537,0.999198
pamap2,gnn_flatten_lstm,sequence,3,103,103,104,244,8231,8231,0,0,1,1,lying,lying,True,0.99919754,0.00040930518,2.5536042e-06,5.778732e-07,2.9264181e-06,1.1803664e-06,1.6318045e-05,1.1266228e-06,5.471139e-06,1.5264666e-06,1.3343771e-06,0.0003600225,0.99919754
pamap2,gnn_flatten_lstm,sequence,3,103,103,104,245,8232,8232,0,0,1,1,lying,lying,True,0.999196,0.00041029233,2.5619645e-06,5.795567e-07,2.934087e-06,1.1836415e-06,1.6343189e-05,1.1302661e-06,5.49047e-06,1.5294221e-06,1.33755e-06,0.00036057533,0.999196
pamap2,gnn_flatten_lstm,sequence,3,103,103,104,246,8233,8233,0,0,1,1,lying,lying,True,0.99919456,0.0004112964,2.5694924e-06,5.808573e-07,2.9397322e-06,1.1861642e-06,1.636127e-05,1.1333212e-06,5.50676e-06,1.5315918e-06,1.3403547e-06,0.0003609564,0.99919456
pamap2,gnn_flatten_lstm,sequence,3,103,103,104,247,8234,8234,0,0,1,1,lying,lying,True,0.9991947,0.00041118567,2.5697132e-06,5.8107787e-07,2.9404084e-06,1.1863895e-06,1.6368716e-05,1.1334532e-06,5.507863e-06,1.5319164e-06,1.3402336e-06,0.00036102923,0.9991947
pamap2,gnn_flatten_lstm,sequence,3,103,103,104,248,8235,8235,0,0,1,1,lying,lying,True,0.99919647,0.00040991115,2.5544075e-06,5.7789293e-07,2.9261303e-06,1.1829187e-06,1.6321015e-05,1.1273387e-06,5.490713e-06,1.5235852e-06,1.333363e-06,0.00036054937,0.99919647
pamap2,gnn_flatten_lstm,sequence,3,103,103,104,249,8236,8236,0,0,1,1,lying,lying,True,0.9991943,0.00041081238,2.5654663e-06,5.813188e-07,2.9370497e-06,1.1898518e-06,1.6452519e-05,1.1316287e-06,5.5107143e-06,1.5351669e-06,1.3413454e-06,0.00036161125,0.9991943
pamap2,gnn_flatten_lstm,sequence,3,103,103,104,250,8237,8237,0,0,1,1,lying,lying,True,0.9991923,0.00041186032,2.5786799e-06,5.850344e-07,2.9514679e-06,1.1945599e-06,1.6530574e-05,1.1375134e-06,5.5313744e-06,1.5437832e-06,1.3472336e-06,0.00036244642,0.9991923
pamap2,gnn_flatten_lstm,sequence,3,103,103,104,251,8238,8238,0,0,1,1,lying,lying,True,0.99919385,0.00041116847,2.5701227e-06,5.8258274e-07,2.944076e-06,1.1897537e-06,1.6441796e-05,1.1344634e-06,5.516638e-06,1.5356786e-06,1.3413179e-06,0.00036172784,0.99919385
pamap2,gnn_flatten_lstm,sequence,3,103,103,104,252,8239,8239,0,0,1,1,lying,lying,True,0.9991937,0.00041152755,2.5714635e-06,5.820085e-07,2.943416e-06,1.1893088e-06,1.6421063e-05,1.1347447e-06,5.5149326e-06,1.5352114e-06,1.342225e-06,0.000361494,0.9991937
pamap2,gnn_flatten_lstm,sequence,3,103,103,104,253,8240,8240,0,0,1,1,lying,lying,True,0.99919325,0.00041189883,2.5736656e-06,5.820837e-07,2.946175e-06,1.1896961e-06,1.6405043e-05,1.1361702e-06,5.522672e-06,1.5343558e-06,1.3419889e-06,0.0003615657,0.99919325
pamap2,gnn_flatten_lstm,sequence,3,103,103,104,254,8241,8241,0,0,1,1,lying,lying,True,0.99919397,0.00041131733,2.568185e-06,5.809484e-07,2.9435992e-06,1.1885686e-06,1.6382543e-05,1.1346941e-06,5.518912e-06,1.5311382e-06,1.3389345e-06,0.00036154443,0.99919397
pamap2,gnn_flatten_lstm,sequence,3,103,103,104,255,8242,8242,0,0,1,1,lying,lying,True,0.99919456,0.00041084696,2.566113e-06,5.8055656e-07,2.9431799e-06,1.1870446e-06,1.636163e-05,1.1339473e-06,5.5155056e-06,1.5290145e-06,1.3368441e-06,0.00036140846,0.99919456
pamap2,gnn_flatten_lstm,sequence,3,103,103,104,256,8243,8243,0,0,1,1,lying,lying,True,0.99919564,0.00040997574,2.562335e-06,5.798827e-07,2.942672e-06,1.184811e-06,1.6317083e-05,1.1327714e-06,5.5107585e-06,1.52493e-06,1.3333708e-06,0.00036125447,0.99919564
pamap2,gnn_flatten_lstm,sequence,3,103,103,104,257,8244,8244,0,0,1,1,lying,lying,True,0.9991967,0.00040894217,2.5594215e-06,5.7978264e-07,2.9448313e-06,1.1839054e-06,1.628801e-05,1.1324075e-06,5.509209e-06,1.5223394e-06,1.3307489e-06,0.00036135307,0.9991967
pamap2,gnn_flatten_lstm,sequence,3,103,103,104,258,8245,8245,0,0,1,1,lying,lying,True,0.9991985,0.00040723322,2.5511238e-06,5.7865515e-07,2.943444e-06,1.182144e-06,1.6249965e-05,1.1303164e-06,5.4983643e-06,1.5183679e-06,1.3268634e-06,0.00036133683,0.9991985
pamap2,gnn_flatten_lstm,sequence,3,103,103,104,259,8246,8246,0,0,1,1,lying,lying,True,0.9991974,0.000407808,2.5595627e-06,5.804303e-07,2.9524542e-06,1.1845137e-06,1.6270866e-05,1.1339786e-06,5.5146797e-06,1.5212025e-06,1.3297134e-06,0.0003617902,0.9991974
pamap2,gnn_flatten_lstm,sequence,3,103,103,104,260,8247,8247,0,0,1,1,lying,lying,True,0.9991961,0.00040819927,2.5696531e-06,5.830927e-07,2.9646646e-06,1.1883649e-06,1.6312919e-05,1.1385686e-06,5.5358973e-06,1.525786e-06,1.3335521e-06,0.0003625427,0.9991961
pamap2,gnn_flatten_lstm,sequence,3,103,103,104,261,8248,8248,0,0,1,1,lying,lying,True,0.99919635,0.00040740657,2.5719314e-06,5.8442225e-07,2.9711837e-06,1.1893924e-06,1.6316704e-05,1.1400356e-06,5.541339e-06,1.5264878e-06,1.3339353e-06,0.0003629529,0.99919635
pamap2,gnn_flatten_lstm,sequence,3,103,103,104,262,8249,8249,0,0,1,1,lying,lying,True,0.99919647,0.00040674937,2.5733204e-06,5.854348e-07,2.9778164e-06,1.1911634e-06,1.6311229e-05,1.1418069e-06,5.5521045e-06,1.5257983e-06,1.3336161e-06,0.00036352623,0.99919647
pamap2,gnn_flatten_lstm,sequence,3,103,103,104,263,8250,8250,0,0,1,1,lying,lying,True,0.9991974,0.0004055519,2.5694237e-06,5.85341e-07,2.9780801e-06,1.1911201e-06,1.6289792e-05,1.1408698e-06,5.5514583e-06,1.523113e-06,1.3314328e-06,0.00036372792,0.9991974
pamap2,gnn_flatten_lstm,sequence,3,103,103,104,264,8251,8251,0,0,1,1,lying,lying,True,0.99919504,0.00040653994,2.5849038e-06,5.8947217e-07,2.995557e-06,1.1988029e-06,1.6364445e-05,1.1480466e-06,5.5847877e-06,1.5314056e-06,1.3390509e-06,0.0003650874,0.99919504
pamap2,gnn_flatten_lstm,sequence,3,103,103,104,265,8252,8252,0,0,1,1,lying,lying,True,0.99919015,0.0004094544,2.6104324e-06,5.9495494e-07,3.0204133e-06,1.2094996e-06,1.6445045e-05,1.1597052e-06,5.643252e-06,1.5407735e-06,1.3494707e-06,0.00036700038,0.99919015
pamap2,gnn_flatten_lstm,sequence,3,103,103,104,266,8253,8253,0,0,1,1,lying,lying,True,0.99918777,0.00041095077,2.620868e-06,5.965176e-07,3.0282858e-06,1.2134666e-06,1.6444348e-05,1.1641183e-06,5.671596e-06,1.5414578e-06,1.3526087e-06,0.00036769945,0.99918777
pamap2,gnn_flatten_lstm,sequence,3,103,103,104,267,8254,8254,0,0,1,1,lying,lying,True,0.9991848,0.00041279566,2.6345426e-06,5.988597e-07,3.038474e-06,1.2185831e-06,1.647238e-05,1.1696031e-06,5.7031402e-06,1.5451533e-06,1.3577536e-06,0.00036854268,0.9991848
pamap2,gnn_flatten_lstm,sequence,3,103,103,104,268,8255,8255,0,0,1,1,lying,lying,True,0.999181,0.00041550532,2.654474e-06,6.0242655e-07,3.0522228e-06,1.2248654e-06,1.652788e-05,1.1770543e-06,5.743186e-06,1.5518193e-06,1.3652872e-06,0.0003695468,0.999181
pamap2,gnn_flatten_lstm,sequence,3,103,103,104,269,8256,8256,0,0,1,1,lying,lying,True,0.99917907,0.00041694462,2.6638722e-06,6.0405927e-07,3.0575284e-06,1.2275561e-06,1.6553702e-05,1.1802827e-06,5.76352e-06,1.5543699e-06,1.3682957e-06,0.00037000168,0.99917907
pamap2,gnn_flatten_lstm,sequence,3,103,103,104,270,8257,8257,0,0,1,1,lying,lying,True,0.9991825,0.00041482234,2.6439527e-06,5.9996097e-07,3.0398064e-06,1.2202897e-06,1.6483074e-05,1.1722884e-06,5.7288794e-06,1.5450261e-06,1.3591601e-06,0.00036883669,0.9991825
pamap2,gnn_flatten_lstm,sequence,3,103,103,104,271,8258,8258,0,0,1,1,lying,lying,True,0.9991862,0.00041234377,2.6251364e-06,5.967784e-07,3.0219774e-06,1.2153884e-06,1.648768e-05,1.1637957e-06,5.6875065e-06,1.5428319e-06,1.35457e-06,0.00036768257,0.9991862
pamap2,gnn_flatten_lstm,sequence,3,103,103,104,272,8259,8259,0,0,1,1,lying,lying,True,0.99919456,0.00040718928,2.5821234e-06,5.880995e-07,2.9822554e-06,1.2024204e-06,1.6354452e-05,1.145227e-06,5.5987252e-06,1.5267444e-06,1.3400607e-06,0.00036494486,0.99919456
pamap2,gnn_flatten_lstm,sequence,3,103,103,104,273,8260,8260,0,0,1,1,lying,lying,True,0.9992011,0.00040272562,2.548446e-06,5.8155894e-07,2.9582486e-06,1.1935159e-06,1.6231113e-05,1.1329786e-06,5.5347846e-06,1.5135906e-06,1.3280721e-06,0.00036315422,0.9992011
pamap2,gnn_flatten_lstm,sequence,3,103,103,104,274,8261,8261,0,0,1,1,lying,lying,True,0.9992015,0.00040255606,2.5402092e-06,5.7932226e-07,2.9545108e-06,1.1925528e-06,1.6166821e-05,1.1319141e-06,5.536988e-06,1.5056414e-06,1.3221786e-06,0.00036313306,0.9992015
pamap2,gnn_flatten_lstm,sequence,3,103,103,104,275,8262,8262,0,0,1,1,lying,lying,True,0.99920017,0.0004034214,2.543915e-06,5.7986483e-07,2.9589203e-06,1.1929912e-06,1.6151836e-05,1.1343527e-06,5.5515266e-06,1.503923e-06,1.3208019e-06,0.00036338894,0.99920017
pamap2,gnn_flatten_lstm,sequence,3,103,103,104,276,8263,8263,0,0,1,1,lying,lying,True,0.99919945,0.00040325455,2.548585e-06,5.8195405e-07,2.9727803e-06,1.1955348e-06,1.6197884e-05,1.1382922e-06,5.563379e-06,1.5086969e-06,1.3219778e-06,0.00036434503,0.99919945
pamap2,gnn_flatten_lstm,sequence,3,103,103,104,277,8264,8264,0,0,1,1,lying,lying,True,0.9992023,0.00040185772,2.5314205e-06,5.776379e-07,2.9550404e-06,1.1877264e-06,1.6092676e-05,1.1306075e-06,5.533409e-06,1.4970547e-06,1.3121381e-06,0.00036314843,0.9992023
pamap2,gnn_flatten_lstm,sequence,3,103,103,104,278,8265,8265,0,0,1,1,lying,lying,True,0.99920267,0.0004016084,2.5274048e-06,5.765439e-07,2.9525372e-06,1.1859386e-06,1.6066351e-05,1.129136e-06,5.5262385e-06,1.494402e-06,1.3093959e-06,0.00036298996,0.99920267
pamap2,gnn_flatten_lstm,sequence,3,103,103,104,279,8266,8266,0,0,1,1,lying,lying,True,0.99920243,0.00040186808,2.5252432e-06,5.756335e-07,2.9512528e-06,1.1847626e-06,1.6039128e-05,1.1284683e-06,5.5251044e-06,1.4917161e-06,1.3071324e-06,0.00036297258,0.99920243
pamap2,gnn_flatten_lstm,sequence,3,103,103,104,280,8267,8267,0,0,1,1,lying,lying,True,0.99920326,0.0004013558,2.5172626e-06,5.7362274e-07,2.9453677e-06,1.1827744e-06,1.6005251e-05,1.1254126e-06,5.515443e-06,1.4876996e-06,1.3032301e-06,0.00036279898,0.99920326
pamap2,gnn_flatten_lstm,sequence,3,103,103,104,281,8268,8268,0,0,1,1,lying,lying,True,0.9992016,0.00040266226,2.5210181e-06,5.7368203e-07,2.9464074e-06,1.1837317e-06,1.6009344e-05,1.1265232e-06,5.5287574e-06,1.4875666e-06,1.3033273e-06,0.000363024,0.9992016
pamap2,gnn_flatten_lstm,sequence,3,103,103,104,282,8269,8269,0,0,1,1,lying,lying,True,0.9992015,0.0004030908,2.518293e-06,5.724801e-07,2.9422963e-06,1.182248e-06,1.599521e-05,1.1249729e-06,5.5260525e-06,1.4855932e-06,1.3012742e-06,0.00036285783,0.9992015
pamap2,gnn_flatten_lstm,sequence,3,103,103,104,283,8270,8270,0,0,1,1,lying,lying,True,0.9992021,0.0004029317,2.5135487e-06,5.7097884e-07,2.936336e-06,1.1796885e-06,1.5977734e-05,1.1222604e-06,5.5134537e-06,1.4838171e-06,1.2993664e-06,0.0003624432,0.9992021
pamap2,gnn_flatten_lstm,sequence,3,103,103,104,284,8271,8271,0,0,1,1,lying,lying,True,0.9992015,0.00040364513,2.5152494e-06,5.7068786e-07,2.9347805e-06,1.179383e-06,1.5977115e-05,1.1223111e-06,5.51384e-06,1.4840256e-06,1.3004504e-06,0.00036234414,0.9992015
pamap2,gnn_flatten_lstm,sequence,3,103,103,104,285,8272,8272,0,0,1,1,lying,lying,True,0.9992021,0.00040350758,2.5120148e-06,5.695404e-07,2.9292514e-06,1.1770366e-06,1.5953996e-05,1.12028e-06,5.500933e-06,1.4825001e-06,1.299592e-06,0.00036182502,0.9992021
pamap2,gnn_flatten_lstm,sequence,3,103,103,104,286,8273,8273,0,0,1,1,lying,lying,True,0.99920195,0.00040388675,2.513021e-06,5.692791e-07,2.9277292e-06,1.1770835e-06,1.5965243e-05,1.1201664e-06,5.4975285e-06,1.4842259e-06,1.3011967e-06,0.00036160988,0.99920195
pamap2,gnn_flatten_lstm,sequence,3,103,103,104,287,8274,8274,0,0,1,1,lying,lying,True,0.9992028,0.00040340322,2.508885e-06,5.6826366e-07,2.9230862e-06,1.1752584e-06,1.5953474e-05,1.117986e-06,5.483924e-06,1.4834743e-06,1.3004087e-06,0.00036121983,0.9992028
pamap2,gnn_flatten_lstm,sequence,3,103,103,104,288,8275,8275,0,0,1,1,lying,lying,True,0.9992035,0.0004029598,2.5060315e-06,5.676617e-07,2.9203575e-06,1.1741423e-06,1.5946673e-05,1.116608e-06,5.474992e-06,1.4830481e-06,1.299827e-06,0.0003609813,0.9992035
pamap2,gnn_flatten_lstm,sequence,3,103,103,104,289,8276,8276,0,0,1,1,lying,lying,True,0.99920326,0.00040306424,2.5070256e-06,5.680591e-07,2.9219282e-06,1.1747212e-06,1.5954669e-05,1.117185e-06,5.4786155e-06,1.4836194e-06,1.2999853e-06,0.00036113497,0.99920326
pamap2,gnn_flatten_lstm,sequence,3,103,103,104,290,8277,8277,0,0,1,1,lying,lying,True,0.99920255,0.0004035832,2.510584e-06,5.6882146e-07,2.9248506e-06,1.1760969e-06,1.5973916e-05,1.1186747e-06,5.486036e-06,1.4855182e-06,1.30155e-06,0.00036136567,0.99920255
pamap2,gnn_flatten_lstm,sequence,3,103,103,104,291,8278,8278,0,0,1,1,lying,lying,True,0.99920243,0.00040375078,2.5103825e-06,5.6858926e-07,2.9231576e-06,1.1754497e-06,1.5967093e-05,1.1183653e-06,5.4842358e-06,1.4849004e-06,1.3013698e-06,0.00036123075,0.99920243
pamap2,gnn_flatten_lstm,sequence,3,103,103,104,292,8279,8279,0,0,1,1,lying,lying,True,0.9992029,0.000403608,2.5079069e-06,5.6784546e-07,2.9194314e-06,1.1743175e-06,1.5956184e-05,1.1170483e-06,5.477574e-06,1.4838693e-06,1.3006992e-06,0.00036093738,0.9992029
pamap2,gnn_flatten_lstm,sequence,3,103,103,104,293,8280,8280,0,0,1,1,lying,lying,True,0.99920326,0.00040358637,2.5073507e-06,5.6761615e-07,2.9176651e-06,1.1739214e-06,1.5960848e-05,1.1165461e-06,5.472631e-06,1.4846526e-06,1.3012752e-06,0.0003607389,0.99920326
pamap2,gnn_flatten_lstm,sequence,3,103,103,104,294,8281,8281,0,0,1,1,lying,lying,True,0.9992029,0.0004039665,2.5082466e-06,5.675239e-07,2.9165205e-06,1.1738696e-06,1.5963491e-05,1.1165615e-06,5.4727125e-06,1.4850286e-06,1.3018881e-06,0.00036063834,0.9992029
pamap2,gnn_flatten_lstm,sequence,3,103,103,104,295,8282,8282,0,0,1,1,lying,lying,True,0.9992028,0.00040413174,2.508519e-06,5.675915e-07,2.9163782e-06,1.1740889e-06,1.5967691e-05,1.1165785e-06,5.4743823e-06,1.4851289e-06,1.301832e-06,0.00036067856,0.9992028
pamap2,gnn_flatten_lstm,sequence,3,103,103,104,296,8283,8283,0,0,1,1,lying,lying,True,0.9992028,0.0004040599,2.507321e-06,5.673647e-07,2.915469e-06,1.1739321e-06,1.5966807e-05,1.1161898e-06,5.4727225e-06,1.4847637e-06,1.3014744e-06,0.00036067682,0.9992028
pamap2,gnn_flatten_lstm,sequence,3,103,103,104,297,8284,8284,0,0,1,1,lying,lying,True,0.99920267,0.00040438617,2.5091408e-06,5.675703e-07,2.915188e-06,1.173745e-06,1.5967675e-05,1.1165474e-06,5.472826e-06,1.4852436e-06,1.3022478e-06,0.00036055627,0.99920267
pamap2,gnn_flatten_lstm,sequence,3,103,103,104,298,8285,8285,0,0,1,1,lying,lying,True,0.9992028,0.00040434647,2.5089066e-06,5.675499e-07,2.9143848e-06,1.1740531e-06,1.5981723e-05,1.1163612e-06,5.470041e-06,1.4867204e-06,1.3031921e-06,0.00036047876,0.9992028
pamap2,gnn_flatten_lstm,sequence,3,103,103,104,299,8286,8286,0,0,1,1,lying,lying,True,0.9992028,0.0004044101,2.5080549e-06,5.672906e-07,2.9125372e-06,1.1736489e-06,1.5982028e-05,1.1158568e-06,5.466755e-06,1.4866664e-06,1.3032643e-06,0.00036037393,0.9992028
pamap2,gnn_flatten_lstm,sequence,3,103,103,104,300,8287,8287,0,0,1,1,lying,lying,True,0.99920255,0.0004049285,2.5106604e-06,5.6741004e-07,2.9116118e-06,1.1734035e-06,1.598536e-05,1.1161576e-06,5.4651637e-06,1.4879001e-06,1.3049242e-06,0.00036014486,0.99920255
pamap2,gnn_flatten_lstm,sequence,3,103,103,104,301,8288,8288,0,0,1,1,lying,lying,True,0.99920195,0.00040539366,2.5125464e-06,5.676603e-07,2.9117962e-06,1.1741461e-06,1.6001215e-05,1.116715e-06,5.467908e-06,1.4895064e-06,1.3061821e-06,0.00036015955,0.99920195
pamap2,gnn_flatten_lstm,sequence,3,103,103,104,302,8289,8289,0,0,1,1,lying,lying,True,0.9992009,0.0004063028,2.516299e-06,5.6806095e-07,2.912651e-06,1.1750411e-06,1.600915e-05,1.1179284e-06,5.475145e-06,1.4903942e-06,1.3077039e-06,0.00036025743,0.9992009
pamap2,gnn_flatten_lstm,sequence,3,103,103,104,303,8290,8290,0,0,1,1,lying,lying,True,0.99920124,0.0004062675,2.513973e-06,5.673747e-07,2.9087823e-06,1.1742909e-06,1.6007645e-05,1.1166513e-06,5.468916e-06,1.4900593e-06,1.3074662e-06,0.00036000155,0.99920124
pamap2,gnn_flatten_lstm,sequence,3,103,103,104,304,8291,8291,0,0,1,1,lying,lying,True,0.99920195,0.0004059138,2.5108266e-06,5.667543e-07,2.9044795e-06,1.1729743e-06,1.6008114e-05,1.1148699e-06,5.458186e-06,1.4900547e-06,1.306971e-06,0.00035964887,0.99920195
pamap2,gnn_flatten_lstm,sequence,3,103,103,104,305,8292,8292,0,0,1,1,lying,lying,True,0.99920195,0.00040622186,2.511842e-06,5.666765e-07,2.902644e-06,1.1724968e-06,1.6011367e-05,1.1146741e-06,5.453852e-06,1.490993e-06,1.3081718e-06,0.00035941452,0.99920195
pamap2,gnn_flatten_lstm,sequence,3,103,103,104,306,8293,8293,0,0,1,1,lying,lying,True,0.99920124,0.000406877,2.5148556e-06,5.6696365e-07,2.9023845e-06,1.1732218e-06,1.6033007e-05,1.1154071e-06,5.4545867e-06,1.4936519e-06,1.3106671e-06,0.00035932445,0.99920124
pamap2,gnn_flatten_lstm,sequence,3,103,103,104,307,8294,8294,0,0,1,1,lying,lying,True,0.99920064,0.00040736227,2.5172224e-06,5.674771e-07,2.9035982e-06,1.1742454e-06,1.6056807e-05,1.1163194e-06,5.457981e-06,1.4958762e-06,1.3122611e-06,0.00035945704,0.99920064
pamap2,gnn_flatten_lstm,sequence,3,103,103,104,308,8295,8295,0,0,1,1,lying,lying,True,0.9992004,0.00040789886,2.519948e-06,5.67621e-07,2.9020885e-06,1.1739024e-06,1.6065671e-05,1.1164076e-06,5.454785e-06,1.497663e-06,1.3142859e-06,0.00035917974,0.9992004
pamap2,gnn_flatten_lstm,sequence,3,103,103,104,309,8296,8296,0,0,1,1,lying,lying,True,0.99920076,0.00040801862,2.5167978e-06,5.6650555e-07,2.8945326e-06,1.1727348e-06,1.607167e-05,1.1139576e-06,5.443302e-06,1.4978892e-06,1.3145634e-06,0.00035870628,0.99920076
pamap2,gnn_flatten_lstm,sequence,3,103,103,104,310,8297,8297,0,0,1,1,lying,lying,True,0.99919575,0.00041040868,2.5494896e-06,5.754046e-07,2.9246578e-06,1.1871932e-06,1.6350386e-05,1.1265103e-06,5.482683e-06,1.5270695e-06,1.3356821e-06,0.00036073005,0.99919575
pamap2,gnn_flatten_lstm,sequence,3,103,103,104,311,8298,8298,0,0,1,1,lying,lying,True,0.9991794,0.00041982796,2.6654411e-06,6.0362237e-07,3.0211731e-06,1.2305092e-06,1.7113714e-05,1.1680866e-06,5.62193e-06,1.6129235e-06,1.4035323e-06,0.00036636923,0.9991794
pamap2,gnn_flatten_lstm,sequence,3,103,103,104,312,8299,8299,0,0,1,1,lying,lying,True,0.99917173,0.00042503222,2.725116e-06,6.2038555e-07,3.0614503e-06,1.2508132e-06,1.7737275e-05,1.1852483e-06,5.651749e-06,1.672058e-06,1.4469434e-06,0.00036791104,0.99917173
pamap2,gnn_flatten_lstm,sequence,3,103,103,104,313,8300,8300,0,0,1,1,lying,lying,True,0.9991757,0.00042714024,2.674555e-06,6.042088e-07,2.956924e-06,1.23484e-06,1.7468403e-05,1.1487867e-06,5.5543724e-06,1.652153e-06,1.4538599e-06,0.00036237267,0.9991757
pamap2,gnn_flatten_lstm,sequence,3,103,103,104,314,8301,8301,0,0,1,1,lying,lying,True,0.9991714,0.00042891933,2.4277836e-06,5.604623e-07,2.7786245e-06,1.2178871e-06,1.7970484e-05,1.0894634e-06,5.619837e-06,1.5956938e-06,1.3542387e-06,0.0003651012,0.9991714
pamap2,gnn_flatten_lstm,sequence,3,103,103,104,315,8302,8302,0,0,1,1,lying,lying,True,0.9991066,0.00045223895,2.530613e-06,6.153098e-07,3.0386016e-06,1.332793e-06,1.9528927e-05,1.1801994e-06,6.4120236e-06,1.7144766e-06,1.4146707e-06,0.0004032715,0.9991066
pamap2,gnn_flatten_lstm,sequence,3,103,103,104,316,8303,8303,0,0,1,1,lying,lying,True,0.999025,0.00049104844,2.7209326e-06,6.4656535e-07,3.3891693e-06,1.6578977e-06,2.1337513e-05,1.3460782e-06,7.585506e-06,1.9700944e-06,1.7671757e-06,0.00044159536,0.999025
pamap2,gnn_flatten_lstm,sequence,3,103,103,104,317,8304,8304,0,0,1,1,lying,lying,True,0.99883443,0.00059380627,3.9619845e-06,1.005795e-06,4.8246307e-06,2.1554335e-06,2.7198028e-05,1.9216366e-06,9.771159e-06,2.932427e-06,2.445363e-06,0.0005155144,0.99883443
pamap2,gnn_flatten_lstm,sequence,3,103,103,104,318,8305,8305,0,0,1,1,lying,lying,True,0.998725,0.0007159377,5.7460425e-06,1.4131341e-06,5.501097e-06,2.1135545e-06,3.217923e-05,2.2543798e-06,1.0085023e-05,3.8113778e-06,3.0220635e-06,0.00049292966,0.998725
pamap2,gnn_flatten_lstm,sequence,3,103,103,104,319,8306,8306,0,0,1,1,lying,lying,True,0.99824655,0.0010749097,1.02680515e-05,2.4161538e-06,7.862472e-06,2.933707e-06,4.2059797e-05,3.561284e-06,1.559331e-05,5.493241e-06,4.6416462e-06,0.00058373425,0.99824655
pamap2,gnn_flatten_lstm,sequence,3,103,103,104,320,8307,8307,0,0,1,1,lying,lying,True,0.9968509,0.0021935862,2.3386821e-05,4.5796264e-06,1.25724155e-05,5.151419e-06,5.9543585e-05,7.2595126e-06,3.3554137e-05,8.574869e-06,8.562227e-06,0.0007923303,0.9968509
pamap2,gnn_flatten_lstm,sequence,3,103,103,104,321,8308,8308,0,0,1,1,lying,lying,True,0.99242955,0.0061951443,6.782318e-05,8.794354e-06,2.1539112e-05,1.0331859e-05,9.627702e-05,1.7091308e-05,7.9900085e-05,1.7020715e-05,2.0581987e-05,0.0010360557,0.99242955
pamap2,gnn_flatten_lstm,sequence,3,103,103,104,322,8309,8309,0,0,1,1,lying,lying,True,0.9363003,0.06041839,0.0006502283,2.5367954e-05,5.9442595e-05,4.291259e-05,0.00036462382,7.75472e-05,0.0002631667,0.00012837273,0.00020637231,0.0014632908,0.9363003
pamap2,gnn_flatten_lstm,sequence,3,103,103,104,323,8310,8310,0,1,1,2,lying,sitting,False,0.13078511,0.8447909,0.014841522,8.10587e-05,0.00014626622,0.00016787538,0.0020667457,0.00042238735,0.00059799757,0.0019420759,0.0032316407,0.0009264503,0.8447909
pamap2,gnn_flatten_lstm,sequence,3,103,103,104,324,8311,8311,0,2,1,3,lying,standing,False,0.0058813137,0.300756,0.6460508,0.00031176078,0.0002571446,0.00020665325,0.0014452983,0.002699987,0.0005700571,0.008973129,0.032684263,0.00016358393,0.6460508
pamap2,gnn_flatten_lstm,sequence,3,103,103,104,325,8312,8312,0,2,1,3,lying,standing,False,0.0018984216,0.08012684,0.88527495,0.00037229934,0.00019248309,0.00011903386,0.00057527015,0.0029524716,0.00043964162,0.0049015153,0.023077363,6.975824e-05,0.88527495
pamap2,gnn_flatten_lstm,sequence,3,103,103,104,326,8313,8313,0,2,1,3,lying,standing,False,0.0018251901,0.075258166,0.89139414,0.0004073527,0.00019428306,0.00011753695,0.00056530075,0.0027426055,0.00043033325,0.0047504143,0.022240486,7.4133655e-05,0.89139414
pamap2,gnn_flatten_lstm,sequence,3,103,103,104,327,8314,8314,0,2,1,3,lying,standing,False,0.001978525,0.088130645,0.8649956,0.00043770147,0.00023008806,0.00016672461,0.0006634631,0.002900026,0.00046386875,0.005852088,0.034091823,8.9430825e-05,0.8649956
pamap2,gnn_flatten_lstm,sequence,3,103,103,104,328,8315,8315,0,2,1,3,lying,standing,False,0.0018848138,0.11141135,0.83448094,0.00051015196,0.00027922954,0.0002087439,0.0008222207,0.0029789142,0.0005326361,0.006176487,0.040603038,0.000111585185,0.83448094
pamap2,gnn_flatten_lstm,sequence,3,103,103,104,329,8316,8316,0,2,1,3,lying,standing,False,0.0017998031,0.26111272,0.650235,0.00048005,0.00035326218,0.00039163543,0.0012737656,0.0028251356,0.00058710924,0.007561969,0.07321327,0.00016626243,0.650235
pamap2,gnn_flatten_lstm,sequence,3,103,103,104,330,8317,8317,0,2,1,3,lying,standing,False,0.0022120138,0.2404817,0.392923,0.000538734,0.00064331107,0.0015630886,0.0019075124,0.004677089,0.0007391254,0.02033499,0.33374837,0.00023110579,0.392923
pamap2,gnn_flatten_lstm,sequence,3,103,103,104,331,8318,8318,0,10,1,17,lying,ironing,False,0.0021580914,0.19987264,0.29606774,0.0005156452,0.0007252575,0.0023840636,0.0018821278,0.0048783035,0.0007586241,0.023879832,0.46662837,0.00024926473,0.46662837
pamap2,gnn_flatten_lstm,sequence,3,103,103,104,332,8319,8319,0,2,1,3,lying,standing,False,0.002615849,0.24408205,0.3813908,0.0007954201,0.000986421,0.0022936892,0.0026403158,0.0062232944,0.0010824503,0.022847306,0.3346923,0.00035009623,0.3813908
pamap2,gnn_flatten_lstm,sequence,3,103,103,104,333,8320,8320,0,2,1,3,lying,standing,False,0.0030935553,0.29020846,0.486358,0.0013670264,0.0014273787,0.001876032,0.003977463,0.007900771,0.001617526,0.019666184,0.18200421,0.00050342176,0.486358
pamap2,gnn_flatten_lstm,sequence,3,103,103,104,334,8321,8321,1,2,2,3,sitting,standing,False,0.0036952684,0.36916226,0.50054663,0.0019125734,0.0017030176,0.0014122982,0.0056327153,0.0077247685,0.0020928106,0.015868057,0.08956779,0.00068182184,0.50054663
pamap2,gnn_flatten_lstm,sequence,3,103,103,104,335,8322,8322,1,1,2,2,sitting,sitting,True,0.004230942,0.47980294,0.41016635,0.0018622297,0.0016765936,0.0013120178,0.0063840277,0.0066487617,0.0022121603,0.015285961,0.069629334,0.0007886294,0.47980294
pamap2,gnn_flatten_lstm,sequence,3,103,103,104,336,8323,8323,1,1,2,2,sitting,sitting,True,0.0042806305,0.55907416,0.31731403,0.0014527906,0.0014496391,0.0014220669,0.006058775,0.0053381934,0.0017867362,0.017242836,0.08383136,0.0007487866,0.55907416
pamap2,gnn_flatten_lstm,sequence,3,103,103,104,337,8324,8324,1,1,2,2,sitting,sitting,True,0.0047365413,0.6470474,0.21600468,0.00095006643,0.0010480698,0.0013465795,0.0053913184,0.003967675,0.0012679391,0.01949522,0.09812218,0.0006222733,0.6470474
pamap2,gnn_flatten_lstm,sequence,3,103,103,104,338,8325,8325,1,1,2,2,sitting,sitting,True,0.0050644227,0.70785904,0.18034418,0.00074213726,0.00080963434,0.0010353599,0.0049536396,0.003266214,0.0010843822,0.01728115,0.077003784,0.0005560064,0.70785904
pamap2,gnn_flatten_lstm,sequence,3,103,103,104,339,8326,8326,1,1,2,2,sitting,sitting,True,0.0059661865,0.5677566,0.24981025,0.00096775993,0.0010665947,0.0013547229,0.0062436876,0.0045045894,0.0011348826,0.026762458,0.1338239,0.0006083524,0.5677566
pamap2,gnn_flatten_lstm,sequence,3,103,103,104,340,8327,8327,1,1,2,2,sitting,sitting,True,0.005850639,0.64118636,0.19682038,0.0007133797,0.000808603,0.0011732671,0.0055243443,0.0036401332,0.0009923878,0.0236977,0.119056806,0.0005359221,0.64118636
pamap2,gnn_flatten_lstm,sequence,3,103,103,104,341,8328,8328,1,1,2,2,sitting,sitting,True,0.0057760095,0.51531506,0.29895717,0.0010271586,0.0009219585,0.0011551215,0.006004198,0.0058517605,0.0012734493,0.025054825,0.13812678,0.0005364946,0.51531506
pamap2,gnn_flatten_lstm,sequence,3,103,103,104,342,8329,8329,1,1,2,2,sitting,sitting,True,0.00473541,0.40308204,0.39496276,0.0009944957,0.000843336,0.0010022195,0.005003114,0.0076957825,0.0013677472,0.023499114,0.15638773,0.00042617024,0.40308204
pamap2,gnn_flatten_lstm,sequence,3,103,103,104,343,8330,8330,1,2,2,3,sitting,standing,False,0.0029984193,0.30452812,0.51868236,0.0006829583,0.0005471227,0.0006602467,0.0026349428,0.006009583,0.00086652656,0.01751918,0.14462979,0.00024076302,0.51868236
pamap2,gnn_flatten_lstm,sequence,3,103,103,104,344,8331,8331,1,2,2,3,sitting,standing,False,0.0022687973,0.18134579,0.6042964,0.00077181624,0.00054552534,0.00077389914,0.0019209435,0.006867574,0.00086395885,0.017153878,0.18298927,0.00020216477,0.6042964
pamap2,gnn_flatten_lstm,sequence,3,103,103,104,345,8332,8332,1,2,2,3,sitting,standing,False,0.0017235405,0.1653529,0.7505435,0.00082259945,0.0004553029,0.00037354455,0.001460835,0.004858498,0.00078360643,0.009027981,0.06441905,0.00017882025,0.7505435
pamap2,gnn_flatten_lstm,sequence,3,103,103,104,346,8333,8333,1,2,2,3,sitting,standing,False,0.0019480624,0.14965858,0.8146404,0.0010355795,0.0004662877,0.00017781455,0.0016105254,0.0040303804,0.00093818817,0.005330516,0.019962622,0.00020111112,0.8146404
pamap2,gnn_flatten_lstm,sequence,3,103,103,104,347,8334,8334,1,2,2,3,sitting,standing,False,0.0028009275,0.19266339,0.7743982,0.001307495,0.0005870416,0.00017826732,0.0022657618,0.0042114663,0.0013081211,0.0051517454,0.014825019,0.0003025163,0.7743982
pamap2,gnn_flatten_lstm,sequence,3,103,103,104,348,8335,8335,1,2,2,3,sitting,standing,False,0.0029764134,0.19130738,0.77365214,0.0015437446,0.00068435085,0.00020003172,0.0025389583,0.0045871474,0.0014984498,0.005432885,0.015230564,0.00034787293,0.77365214
pamap2,gnn_flatten_lstm,sequence,3,103,103,104,349,8336,8336,1,2,2,3,sitting,standing,False,0.0028799062,0.16188782,0.8028423,0.001750021,0.0007161304,0.00020447989,0.0024107192,0.004915742,0.0015800418,0.0054068454,0.0150641715,0.00034176826,0.8028423
pamap2,gnn_flatten_lstm,sequence,3,103,103,104,350,8337,8337,1,2,2,3,sitting,standing,False,0.0026691742,0.12768547,0.84013623,0.001796058,0.000667582,0.00017807625,0.002066299,0.0049220864,0.0015540629,0.0048694024,0.0131568,0.00029874852,0.84013623
pamap2,gnn_flatten_lstm,sequence,3,103,103,104,351,8338,8338,1,2,2,3,sitting,standing,False,0.0029026533,0.15237495,0.8141333,0.0018386422,0.00072359113,0.00019387262,0.0023331083,0.0048187105,0.001650953,0.0050230436,0.013668172,0.0003390144,0.8141333
pamap2,gnn_flatten_lstm,sequence,3,103,103,104,352,8339,8339,1,2,2,3,sitting,standing,False,0.0032127018,0.18427794,0.78101647,0.0019734986,0.00079164386,0.0002118672,0.0026372392,0.004761739,0.0017969562,0.0051491563,0.013777741,0.0003929537,0.78101647
pamap2,gnn_flatten_lstm,sequence,3,103,103,104,353,8340,8340,1,2,2,3,sitting,standing,False,0.004114592,0.27979982,0.6807974,0.0021029145,0.0009493613,0.00027429214,0.0035952083,0.0049394434,0.0021794897,0.0056618364,0.015035178,0.00055041374,0.6807974
pamap2,gnn_flatten_lstm,sequence,3,103,103,104,354,8341,8341,1,2,2,3,sitting,standing,False,0.004888513,0.356651,0.60048455,0.0022195776,0.0010656954,0.00032924974,0.0042900657,0.005199296,0.0025172082,0.0061119846,0.015567649,0.00067526783,0.60048455
pamap2,gnn_flatten_lstm,sequence,3,103,103,104,355,8342,8342,1,2,2,3,sitting,standing,False,0.0048490614,0.30980125,0.6478343,0.0023993952,0.0011052822,0.00031576309,0.004200286,0.005380319,0.0025951269,0.005911804,0.014937187,0.00067024026,0.6478343
pamap2,gnn_flatten_lstm,sequence,3,103,103,104,356,8343,8343,1,2,2,3,sitting,standing,False,0.0047568902,0.2738042,0.6847254,0.0024954148,0.0011159057,0.00030040008,0.004043979,0.005428932,0.0026003523,0.005712352,0.014362421,0.0006537447,0.6847254
pamap2,gnn_flatten_lstm,sequence,3,103,103,104,357,8344,8344,1,2,2,3,sitting,standing,False,0.004682433,0.25594574,0.70330817,0.0025226106,0.001115629,0.0002907902,0.0039175744,0.005445566,0.0025971218,0.0055731465,0.013963138,0.00063820434,0.70330817
pamap2,gnn_flatten_lstm,sequence,3,103,103,104,358,8345,8345,1,2,2,3,sitting,standing,False,0.005019962,0.28380722,0.67468697,0.0025442403,0.0011399663,0.00030322268,0.0041757324,0.005434322,0.0027074134,0.00565355,0.013840687,0.00068670296,0.67468697
pamap2,gnn_flatten_lstm,sequence,3,103,103,104,359,8346,8346,1,2,2,3,sitting,standing,False,0.0058100694,0.36547396,0.58969766,0.002573129,0.0012323235,0.0003585178,0.0048914724,0.0055943164,0.0030081233,0.006085693,0.014459054,0.00081564,0.58969766
pamap2,gnn_flatten_lstm,sequence,3,103,103,104,360,8347,8347,1,2,2,3,sitting,standing,False,0.0064759743,0.43989834,0.512303,0.0025671409,0.0013147196,0.00041684567,0.0055302633,0.005725234,0.0032458648,0.0064876545,0.015099647,0.0009353749,0.512303
pamap2,gnn_flatten_lstm,sequence,3,103,103,104,361,8348,8348,1,2,2,3,sitting,standing,False,0.006558378,0.4559805,0.49667698,0.0025128871,0.0012970723,0.0004158629,0.005529464,0.0056122113,0.003238869,0.0064277747,0.014808763,0.0009412279,0.49667698
pamap2,gnn_flatten_lstm,sequence,3,103,103,104,362,8349,8349,1,2,2,3,sitting,standing,False,0.006621047,0.47546995,0.47717908,0.0024605182,0.0012901399,0.00042362756,0.0055756345,0.0055385,0.0032374004,0.0064466745,0.014804405,0.0009530602,0.47717908
pamap2,gnn_flatten_lstm,sequence,3,103,103,104,363,8350,8350,1,1,2,2,sitting,sitting,True,0.006645278,0.4917975,0.46116188,0.002403988,0.001274426,0.0004264754,0.0055725407,0.0054502473,0.0032274448,0.006408312,0.014675505,0.00095641403,0.4917975
pamap2,gnn_flatten_lstm,sequence,3,103,103,104,364,8351,8351,1,1,2,2,sitting,sitting,True,0.006631216,0.508683,0.4447757,0.0023277868,0.0012491524,0.00042669277,0.005537514,0.0053254743,0.003185802,0.0063627777,0.014542011,0.0009528619,0.508683
pamap2,gnn_flatten_lstm,sequence,3,103,103,104,365,8352,8352,1,1,2,2,sitting,sitting,True,0.006495641,0.5284043,0.42653853,0.0022208567,0.0011762587,0.00041198952,0.0053582066,0.0050030597,0.0030679535,0.0061831,0.014216336,0.00092378265,0.5284043
pamap2,gnn_flatten_lstm,sequence,3,103,103,104,366,8353,8353,1,1,2,2,sitting,sitting,True,0.0064359396,0.58502465,0.37287244,0.0018926059,0.00096393557,0.00038759565,0.004813215,0.0041663465,0.0027065107,0.0058523053,0.014018791,0.0008656519,0.58502465
pamap2,gnn_flatten_lstm,sequence,3,103,103,104,367,8354,8354,1,1,2,2,sitting,sitting,True,0.0062104957,0.64199936,0.32083818,0.0015141225,0.00072838337,0.0003264808,0.004169629,0.0033097412,0.0022355171,0.0052584107,0.0126550635,0.00075455755,0.64199936
pamap2,gnn_flatten_lstm,sequence,3,103,103,104,368,8355,8355,1,1,2,2,sitting,sitting,True,0.005582137,0.6526643,0.31223106,0.001236136,0.0006211279,0.00029814453,0.0037536805,0.0029221205,0.0018608904,0.005256798,0.012936507,0.00063710863,0.6526643
pamap2,gnn_flatten_lstm,sequence,3,103,103,104,369,8356,8356,1,1,2,2,sitting,sitting,True,0.0049408143,0.62333214,0.34124273,0.0010735075,0.00054723513,0.00028922895,0.003279599,0.0027050748,0.0015563237,0.00542618,0.015074272,0.0005328671,0.62333214
pamap2,gnn_flatten_lstm,sequence,3,103,103,104,370,8357,8357,1,1,2,2,sitting,sitting,True,0.010796945,0.72211164,0.23979427,0.0014568691,0.0004975433,0.0002487158,0.005211532,0.0027074718,0.0021189922,0.004920592,0.0093547525,0.0007807292,0.72211164
pamap2,gnn_flatten_lstm,sequence,3,103,103,104,371,8358,8358,1,1,2,2,sitting,sitting,True,0.022484358,0.8593447,0.09964158,0.0008735757,0.00028993122,0.00015446785,0.0050521204,0.0014388056,0.0016573681,0.0032123788,0.0049790274,0.000871635,0.8593447
pamap2,gnn_flatten_lstm,sequence,3,103,103,104,372,8359,8359,1,1,2,2,sitting,sitting,True,0.018106813,0.9397584,0.03419923,0.00021692943,0.00010472689,8.421995e-05,0.0020111823,0.00051120145,0.0007972451,0.0012666162,0.0024563645,0.00048698194,0.9397584
pamap2,gnn_flatten_lstm,sequence,3,103,103,104,373,8360,8360,1,1,2,2,sitting,sitting,True,0.011589234,0.9696618,0.014736481,7.186546e-05,4.5924382e-05,5.6736415e-05,0.0009168664,0.00023474329,0.000457554,0.0005786377,0.0013810743,0.00026899748,0.9696618
pamap2,gnn_flatten_lstm,sequence,3,103,103,104,374,8361,8361,1,1,2,2,sitting,sitting,True,0.0064524156,0.983375,0.007785122,2.9945115e-05,2.3233722e-05,4.2554213e-05,0.0004893522,0.0001271234,0.00027978822,0.00031935028,0.00092932105,0.00014682164,0.983375
pamap2,gnn_flatten_lstm,sequence,3,103,103,104,375,8362,8362,1,1,2,2,sitting,sitting,True,0.0034866189,0.990021,0.004838547,1.5128565e-05,1.378277e-05,3.5665398e-05,0.0002977872,8.0205304e-05,0.00018146723,0.00021220645,0.0007319702,8.5654e-05,0.990021
pamap2,gnn_flatten_lstm,sequence,3,103,103,104,376,8363,8363,1,1,2,2,sitting,sitting,True,0.0026601327,0.99211735,0.0038138686,1.0909517e-05,1.087557e-05,3.3823722e-05,0.00023475656,6.50397e-05,0.00014850724,0.00017294599,0.0006644445,6.743981e-05,0.99211735
pamap2,gnn_flatten_lstm,sequence,3,103,103,104,377,8364,8364,1,1,2,2,sitting,sitting,True,0.0023704474,0.99302363,0.0032932581,9.18871e-06,9.750764e-06,3.3940938e-05,0.00020950119,5.8341004e-05,0.00013228606,0.00015775386,0.00064100296,6.0840655e-05,0.99302363
pamap2,gnn_flatten_lstm,sequence,3,103,103,104,378,8365,8365,1,1,2,2,sitting,sitting,True,0.0033017579,0.9924649,0.0028908371,9.315483e-06,1.0576229e-05,3.8575086e-05,0.00021756746,5.8924023e-05,0.00014078796,0.00015318445,0.0006392621,7.43804e-05,0.9924649
pamap2,gnn_flatten_lstm,sequence,3,103,103,104,379,8366,8366,1,1,2,2,sitting,sitting,True,0.033681612,0.9614075,0.00259092,1.8905217e-05,2.778113e-05,8.674276e-05,0.00040374827,0.00010906855,0.00033204255,0.00019917935,0.00078609533,0.00035633362,0.9614075
pamap2,gnn_flatten_lstm,sequence,3,103,103,104,380,8367,8367,1,1,2,2,sitting,sitting,True,0.03368357,0.961498,0.0025785503,1.8285662e-05,2.6241009e-05,8.462054e-05,0.00037409147,0.00010402777,0.00032027048,0.00018553784,0.0007727478,0.0003540459,0.961498
pamap2,gnn_flatten_lstm,sequence,3,103,103,104,381,8368,8368,1,1,2,2,sitting,sitting,True,0.018804947,0.97685564,0.0025029941,1.4967683e-05,1.9830944e-05,6.932084e-05,0.0003042366,8.565486e-05,0.00026805064,0.0001584015,0.0006756457,0.0002403962,0.97685564
pamap2,gnn_flatten_lstm,sequence,3,103,103,104,382,8369,8369,1,1,2,2,sitting,sitting,True,0.008026389,0.9880314,0.0024933123,1.1315499e-05,1.37568695e-05,5.1655385e-05,0.00024275418,6.636012e-05,0.00019818085,0.00013876903,0.00059055013,0.00013556686,0.9880314
pamap2,gnn_flatten_lstm,sequence,3,103,103,104,383,8370,8370,1,1,2,2,sitting,sitting,True,0.013836285,0.9819484,0.0025238837,1.3531133e-05,1.7655315e-05,6.377465e-05,0.00027852383,7.904976e-05,0.00024452194,0.00015109696,0.0006460846,0.00019719901,0.9819484
pamap2,gnn_flatten_lstm,sequence,3,103,103,104,384,8371,8371,1,1,2,2,sitting,sitting,True,0.015272381,0.9804371,0.0025414526,1.4070125e-05,1.8556153e-05,6.64204e-05,0.0002870375,8.194983e-05,0.00025441588,0.00015443118,0.0006607441,0.00021148921,0.9804371
pamap2,gnn_flatten_lstm,sequence,3,103,103,104,385,8372,8372,1,1,2,2,sitting,sitting,True,0.012846367,0.9829486,0.002540777,1.3322414e-05,1.716055e-05,6.2042156e-05,0.00027493274,7.746541e-05,0.00023813105,0.00015037354,0.00064302713,0.00018781675,0.9829486
pamap2,gnn_flatten_lstm,sequence,3,103,103,104,386,8373,8373,1,1,2,2,sitting,sitting,True,0.01101525,0.98484266,0.0025476713,1.2785682e-05,1.6086591e-05,5.8438978e-05,0.00026461834,7.4042015e-05,0.00022618426,0.00014665128,0.0006262037,0.00016949145,0.98484266
pamap2,gnn_flatten_lstm,sequence,3,103,103,104,387,8374,8374,1,1,2,2,sitting,sitting,True,0.01635854,0.9792849,0.0025715895,1.4662112e-05,1.914948e-05,6.6971734e-05,0.00029391417,8.339243e-05,0.00026078222,0.00015634052,0.0006680161,0.0002218329,0.9792849
pamap2,gnn_flatten_lstm,sequence,3,103,103,104,388,8375,8375,1,1,2,2,sitting,sitting,True,0.024664765,0.9708219,0.002519982,1.6482287e-05,2.2380045e-05,7.716643e-05,0.0003175219,9.2208276e-05,0.000299221,0.00016255213,0.00071061566,0.00029509547,0.9708219
pamap2,gnn_flatten_lstm,sequence,3,103,103,104,389,8376,8376,1,1,2,2,sitting,sitting,True,0.030670473,0.9647838,0.002336239,2.191555e-05,2.4952744e-05,7.852917e-05,0.00041622805,9.996578e-05,0.00035747775,0.0001826356,0.0006609588,0.00036675137,0.9647838
pamap2,gnn_flatten_lstm,sequence,3,103,103,104,390,8377,8377,1,1,2,2,sitting,sitting,True,0.037262995,0.9578663,0.0023717685,2.8982804e-05,2.8340108e-05,7.629582e-05,0.0005583293,0.00010971103,0.00041190456,0.0002180508,0.00064305915,0.00042422704,0.9578663
pamap2,gnn_flatten_lstm,sequence,3,103,103,104,391,8378,8378,1,1,2,2,sitting,sitting,True,0.029550463,0.9655385,0.0025649795,2.4013256e-05,2.564989e-05,7.274253e-05,0.0004918039,0.00010253295,0.00034958046,0.00022337449,0.0007143908,0.00034190196,0.9655385
pamap2,gnn_flatten_lstm,sequence,3,103,103,104,392,8379,8379,1,1,2,2,sitting,sitting,True,0.020441443,0.97471696,0.0026396485,2.2171085e-05,2.300076e-05,6.549889e-05,0.00047712782,9.765704e-05,0.0003135515,0.00023173743,0.00070118735,0.00026999504,0.97471696
pamap2,gnn_flatten_lstm,sequence,3,103,103,104,393,8380,8380,1,1,2,2,sitting,sitting,True,0.009969095,0.98543566,0.0027039007,1.7167487e-05,1.7546685e-05,5.3004747e-05,0.000408204,8.2960316e-05,0.0002357224,0.000229888,0.00068082975,0.00016601947,0.98543566
pamap2,gnn_flatten_lstm,sequence,3,103,103,104,394,8381,8381,1,1,2,2,sitting,sitting,True,0.0034898778,0.9917783,0.0031107224,1.15762405e-05,1.2076813e-05,3.9970513e-05,0.00030381166,6.572055e-05,0.00014585872,0.00023003569,0.0007320014,7.9920326e-05,0.9917783
pamap2,gnn_flatten_lstm,sequence,3,103,103,104,395,8382,8382,1,1,2,2,sitting,sitting,True,0.0015319875,0.9929726,0.0039470023,9.930013e-06,1.0577674e-05,3.447596e-05,0.00024241385,6.4038526e-05,0.000116563504,0.00023373152,0.00078664697,4.9965616e-05,0.9929726
pamap2,gnn_flatten_lstm,sequence,3,103,103,104,396,8383,8383,1,1,2,2,sitting,sitting,True,0.0009966178,0.9925171,0.004861806,1.0891413e-05,1.1153461e-05,3.2680895e-05,0.00022588753,6.8289744e-05,0.00011522955,0.00024803498,0.0008693841,4.296519e-05,0.9925171
pamap2,gnn_flatten_lstm,sequence,3,103,103,104,397,8384,8384,1,1,2,2,sitting,sitting,True,0.00086678524,0.9910863,0.0062030945,1.4196214e-05,1.3428609e-05,3.4447636e-05,0.00024801586,8.1527796e-05,0.00013259416,0.00028640943,0.0009877916,4.5290493e-05,0.9910863
pamap2,gnn_flatten_lstm,sequence,3,103,103,104,398,8385,8385,1,1,2,2,sitting,sitting,True,0.0010847807,0.9849842,0.011300823,3.016635e-05,2.457653e-05,4.6881403e-05,0.00036747157,0.0001364775,0.00021162859,0.0004287779,0.0013139078,7.03022e-05,0.9849842
pamap2,gnn_flatten_lstm,sequence,3,103,103,104,399,8386,8386,1,1,2,2,sitting,sitting,True,0.0009673128,0.9875053,0.009165319,2.4264842e-05,2.0646929e-05,4.5402263e-05,0.00030923984,0.000118001495,0.00019098047,0.0003601436,0.00123097,6.227559e-05,0.9875053
pamap2,gnn_flatten_lstm,sequence,3,103,103,104,400,8387,8387,1,1,2,2,sitting,sitting,True,0.00082833716,0.9901894,0.006957407,1.755693e-05,1.5942713e-05,4.1291794e-05,0.00025134886,9.543149e-05,0.00015969288,0.0002915042,0.0011006044,5.13922e-05,0.9901894
pamap2,gnn_flatten_lstm,sequence,3,103,103,104,401,8388,8388,1,1,2,2,sitting,sitting,True,0.0007583336,0.99202406,0.005482099,1.3826048e-05,1.2891793e-05,3.791451e-05,0.00021671556,7.877541e-05,0.00014071938,0.00024165811,0.0009477873,4.533672e-05,0.99202406
pamap2,gnn_flatten_lstm,sequence,3,103,103,104,402,8389,8389,1,1,2,2,sitting,sitting,True,0.00069764274,0.9930934,0.004670533,1.1322605e-05,1.0783498e-05,3.46798e-05,0.00019021664,6.7259076e-05,0.00012363524,0.00021022742,0.00085024856,3.9999966e-05,0.9930934
pamap2,gnn_flatten_lstm,sequence,3,103,103,104,403,8390,8390,1,1,2,2,sitting,sitting,True,0.00065068016,0.9936166,0.0043250825,9.503003e-06,9.367993e-06,3.136079e-05,0.0001721501,5.8474456e-05,0.00010731994,0.0001934827,0.00079079316,3.514936e-05,0.9936166
pamap2,gnn_flatten_lstm,sequence,3,103,103,104,404,8391,8391,1,1,2,2,sitting,sitting,True,0.000649074,0.9937621,0.0042208447,9.043073e-06,9.098298e-06,3.08076e-05,0.0001678968,5.6389516e-05,0.000103530496,0.0001887603,0.00076832337,3.420435e-05,0.9937621
pamap2,gnn_flatten_lstm,sequence,3,103,103,104,405,8392,8392,1,1,2,2,sitting,sitting,True,0.0006531575,0.99361306,0.004335503,9.253487e-06,9.372087e-06,3.1228854e-05,0.0001712979,5.7703674e-05,0.00010416172,0.00019460307,0.0007859552,3.465595e-05,0.99361306
pamap2,gnn_flatten_lstm,sequence,3,103,103,104,406,8393,8393,1,1,2,2,sitting,sitting,True,0.00066023157,0.9934956,0.004421998,9.4868055e-06,9.625602e-06,3.1586154e-05,0.0001750854,5.8861482e-05,0.000105279454,0.00019937132,0.0007976249,3.528849e-05,0.9934956
pamap2,gnn_flatten_lstm,sequence,3,103,103,104,407,8394,8394,1,1,2,2,sitting,sitting,True,0.0006676113,0.99343455,0.004463167,9.6614185e-06,9.802855e-06,3.1861422e-05,0.00017793465,5.9613427e-05,0.00010647481,0.00020188937,0.0008014737,3.5852732e-05,0.99343455
pamap2,gnn_flatten_lstm,sequence,3,103,103,104,408,8395,8395,1,1,2,2,sitting,sitting,True,0.0006760948,0.99352175,0.0043884856,9.620908e-06,9.749952e-06,3.1900858e-05,0.00017718464,5.9069745e-05,0.00010695527,0.00019779801,0.0007852825,3.6174686e-05,0.99352175
pamap2,gnn_flatten_lstm,sequence,3,103,103,104,409,8396,8396,1,1,2,2,sitting,sitting,True,0.00068612874,0.99362844,0.0043009403,9.588379e-06,9.656616e-06,3.1907995e-05,0.00017538709,5.8352543e-05,0.00010769772,0.00019165003,0.0007637513,3.6481873e-05,0.99362844
pamap2,gnn_flatten_lstm,sequence,3,103,103,104,410,8397,8397,1,1,2,2,sitting,sitting,True,0.00069444004,0.9936899,0.004252452,9.610505e-06,9.634179e-06,3.1984066e-05,0.00017421265,5.8152986e-05,0.000109041845,0.00018698988,0.0007466924,3.6786867e-05,0.9936899
pamap2,gnn_flatten_lstm,sequence,3,103,103,104,411,8398,8398,1,1,2,2,sitting,sitting,True,0.0007260993,0.9939178,0.0040649166,9.428014e-06,9.312054e-06,3.1416046e-05,0.00017131875,5.5890552e-05,0.00010944561,0.00017447444,0.00069248816,3.7322636e-05,0.9939178
pamap2,gnn_flatten_lstm,sequence,3,103,103,104,412,8399,8399,1,1,2,2,sitting,sitting,True,0.0007558351,0.99414825,0.0038700467,8.993049e-06,8.865114e-06,3.079228e-05,0.0001663758,5.341517e-05,0.000108040105,0.00016311297,0.000649038,3.7273163e-05,0.99414825
pamap2,gnn_flatten_lstm,sequence,3,103,103,104,413,8400,8400,1,1,2,2,sitting,sitting,True,0.0007682255,0.99413836,0.0038687096,9.040934e-06,8.8994775e-06,3.086671e-05,0.00016751327,5.3514017e-05,0.000108783854,0.00016297484,0.00064544374,3.7654077e-05,0.99413836
pamap2,gnn_flatten_lstm,sequence,3,103,103,104,414,8401,8401,1,1,2,2,sitting,sitting,True,0.00077578594,0.99413884,0.0038614846,9.064041e-06,8.9285295e-06,3.0979143e-05,0.00016807007,5.3616153e-05,0.00010937863,0.00016274196,0.00064322766,3.7915557e-05,0.99413884
pamap2,gnn_flatten_lstm,sequence,3,103,103,104,415,8402,8402,1,1,2,2,sitting,sitting,True,0.0007709502,0.99414057,0.0038628615,9.064722e-06,8.919779e-06,3.093975e-05,0.0001679007,5.354451e-05,0.00010910482,0.00016303538,0.00064529415,3.780067e-05,0.99414057
pamap2,gnn_flatten_lstm,sequence,3,103,103,104,416,8403,8403,1,1,2,2,sitting,sitting,True,0.0007624724,0.99416274,0.0038498715,9.022104e-06,8.850985e-06,3.083222e-05,0.00016688433,5.321948e-05,0.00010833729,0.00016273856,0.0006474685,3.755455e-05,0.99416274
pamap2,gnn_flatten_lstm,sequence,3,103,103,104,417,8404,8404,1,1,2,2,sitting,sitting,True,0.00075167476,0.9942279,0.0037970704,8.768363e-06,8.656551e-06,3.0792926e-05,0.00016425908,5.2145526e-05,0.00010580805,0.00016214611,0.0006538073,3.6976784e-05,0.9942279
pamap2,gnn_flatten_lstm,sequence,3,103,103,104,418,8405,8405,1,1,2,2,sitting,sitting,True,0.0007180327,0.9940858,0.0038785564,8.348793e-06,8.707523e-06,3.2843112e-05,0.00016181912,5.2631454e-05,0.00010164105,0.00017409568,0.00074173533,3.5806406e-05,0.9940858
pamap2,gnn_flatten_lstm,sequence,3,103,103,104,419,8406,8406,1,1,2,2,sitting,sitting,True,0.00068905356,0.9939628,0.003982651,8.272306e-06,8.760542e-06,3.3567347e-05,0.00015849282,5.3900614e-05,0.0001004598,0.00017875298,0.00078848907,3.4725497e-05,0.9939628
pamap2,gnn_flatten_lstm,sequence,3,103,103,104,420,8407,8407,1,1,2,2,sitting,sitting,True,0.0008505069,0.9921538,0.004769708,9.485682e-06,1.1850264e-05,4.5279907e-05,0.00022860737,6.946353e-05,0.00010242876,0.00031843042,0.0014013604,3.906012e-05,0.9921538
pamap2,gnn_flatten_lstm,sequence,3,103,103,104,421,8408,8408,1,1,2,2,sitting,sitting,True,0.0018743625,0.9853733,0.006640878,1.7649792e-05,2.4518147e-05,9.423089e-05,0.0005643828,0.00013401623,0.0001352745,0.000987976,0.0040824534,7.0976406e-05,0.9853733
pamap2,gnn_flatten_lstm,sequence,3,103,103,104,422,8409,8409,1,1,2,2,sitting,sitting,True,0.0034142234,0.9754234,0.009086315,2.6942846e-05,3.893948e-05,0.00014417857,0.0009574601,0.00021073422,0.00015673885,0.0020354863,0.008404437,0.00010121597,0.9754234
pamap2,gnn_flatten_lstm,sequence,3,103,103,104,423,8410,8410,1,1,2,2,sitting,sitting,True,0.0068679713,0.9560722,0.012641214,4.481045e-05,6.797804e-05,0.00022722881,0.0018604104,0.0003414555,0.00018756671,0.004727821,0.01679849,0.00016286272,0.9560722
pamap2,gnn_flatten_lstm,sequence,3,103,103,104,424,8411,8411,1,1,2,2,sitting,sitting,True,0.011934812,0.9242878,0.018548587,6.1287006e-05,0.00010140642,0.00030667562,0.0029451796,0.0004972994,0.00020281662,0.009661248,0.031232119,0.00022072885,0.9242878
pamap2,gnn_flatten_lstm,sequence,3,103,103,104,425,8412,8412,1,1,2,2,sitting,sitting,True,0.020194132,0.88720655,0.022295853,5.612916e-05,0.00011527813,0.0003756735,0.0034656622,0.000561708,0.0001930352,0.01452897,0.050742656,0.00026438056,0.88720655
pamap2,gnn_flatten_lstm,sequence,3,103,103,104,426,8413,8413,1,1,2,2,sitting,sitting,True,0.02778791,0.8520042,0.024780616,4.529847e-05,0.00011622126,0.00044961236,0.0030492605,0.00056560186,0.0001836899,0.016455214,0.074271776,0.00029061566,0.8520042
pamap2,gnn_flatten_lstm,sequence,3,103,103,104,427,8414,8414,1,1,2,2,sitting,sitting,True,0.023276154,0.81844556,0.027080659,2.839515e-05,9.4097806e-05,0.000503198,0.001981237,0.00048081382,0.00014531975,0.015276432,0.1124665,0.00022166818,0.81844556
pamap2,gnn_flatten_lstm,sequence,3,103,103,104,428,8415,8415,1,1,2,2,sitting,sitting,True,0.021295534,0.8462539,0.028943526,2.3373026e-05,7.551217e-05,0.00041218562,0.00159616,0.00039336013,0.00013067294,0.011185224,0.08949243,0.0001981889,0.8462539
pamap2,gnn_flatten_lstm,sequence,3,103,103,104,429,8416,8416,1,1,2,2,sitting,sitting,True,0.022674788,0.83041877,0.035684966,2.81978e-05,8.4675274e-05,0.0004134364,0.0018459564,0.0004348156,0.0001292276,0.013028892,0.09504826,0.0002080807,0.83041877
pamap2,gnn_flatten_lstm,sequence,3,103,103,104,430,8417,8417,1,1,2,2,sitting,sitting,True,0.02363777,0.8327121,0.03250229,2.9871728e-05,9.074157e-05,0.0004395529,0.0019702665,0.0004597096,0.00013363535,0.013984265,0.09382236,0.00021735222,0.8327121
pamap2,gnn_flatten_lstm,sequence,3,103,103,104,431,8418,8418,1,1,2,2,sitting,sitting,True,0.020210493,0.8355796,0.033136636,3.077515e-05,8.982558e-05,0.00043953976,0.0018866196,0.00047592746,0.00013628932,0.013672479,0.09413821,0.00020357076,0.8355796
pamap2,gnn_flatten_lstm,sequence,3,103,103,104,432,8419,8419,1,1,2,2,sitting,sitting,True,0.016895043,0.88693357,0.030518495,3.0026911e-05,7.492678e-05,0.000322704,0.0017057852,0.0004205704,0.00014591662,0.0089828875,0.05377975,0.00019038646,0.88693357
pamap2,gnn_flatten_lstm,sequence,3,103,103,104,433,8420,8420,1,1,2,2,sitting,sitting,True,0.012310147,0.91452473,0.02512429,2.6702328e-05,6.311962e-05,0.0002764155,0.0015053983,0.00037058673,0.0001460009,0.0067632115,0.03872912,0.00016022542,0.91452473
pamap2,gnn_flatten_lstm,sequence,3,103,103,104,434,8421,8421,1,1,2,2,sitting,sitting,True,0.009344171,0.9145446,0.020622436,2.2162647e-05,5.959471e-05,0.00034029715,0.0012384937,0.00035753523,0.00014439214,0.006497535,0.046685956,0.00014292404,0.9145446
pamap2,gnn_flatten_lstm,sequence,3,103,103,104,435,8422,8422,1,1,2,2,sitting,sitting,True,0.008030955,0.9038224,0.020962952,2.0738786e-05,5.952324e-05,0.00038983117,0.001094536,0.00036428001,0.00014198144,0.006638402,0.058341444,0.00013288863,0.9038224
pamap2,gnn_flatten_lstm,sequence,3,103,103,104,436,8423,8423,1,1,2,2,sitting,sitting,True,0.005757095,0.9461078,0.01861875,1.917151e-05,4.296101e-05,0.00023158109,0.0008572191,0.00028126908,0.00014720665,0.003265943,0.024560321,0.000110750945,0.9461078
pamap2,gnn_flatten_lstm,sequence,3,103,103,104,437,8424,8424,1,1,2,2,sitting,sitting,True,0.003781749,0.9750479,0.01148156,1.4825856e-05,2.9407762e-05,0.000141201,0.00053380005,0.00018294268,0.00015113418,0.0012012398,0.0073396815,9.442866e-05,0.9750479
pamap2,gnn_flatten_lstm,sequence,3,103,103,104,438,8425,8425,1,1,2,2,sitting,sitting,True,0.0026413603,0.98482436,0.0078664655,1.2030808e-05,2.1738077e-05,0.00010045489,0.00036537656,0.00013080926,0.00014582601,0.0005858496,0.003224886,8.0862235e-05,0.98482436
pamap2,gnn_flatten_lstm,sequence,3,103,103,104,439,8426,8426,1,1,2,2,sitting,sitting,True,0.0014679559,0.9892893,0.006238342,1.0913979e-05,1.5648977e-05,6.7843095e-05,0.0002508449,0.000100786834,0.00013149194,0.00036989516,0.0019992958,5.772333e-05,0.9892893
pamap2,gnn_flatten_lstm,sequence,3,103,103,104,440,8427,8427,1,1,2,2,sitting,sitting,True,0.0010686255,0.9917041,0.0052001486,1.0529561e-05,1.2798739e-05,4.9218215e-05,0.00020312228,8.171082e-05,0.0001232027,0.00025626936,0.001242258,4.8010585e-05,0.9917041
pamap2,gnn_flatten_lstm,sequence,3,103,103,104,441,8428,8428,1,1,2,2,sitting,sitting,True,0.0009138544,0.9928589,0.0046195434,9.961047e-06,1.1082864e-05,4.1377225e-05,0.00017957768,6.989492e-05,0.00011921363,0.00020310353,0.0009301206,4.3336415e-05,0.9928589
pamap2,gnn_flatten_lstm,sequence,3,103,103,104,442,8429,8429,1,1,2,2,sitting,sitting,True,0.0008078947,0.9934238,0.004313142,9.167148e-06,1.005866e-05,3.794933e-05,0.00016544506,6.352784e-05,0.000112041416,0.00018420085,0.0008332161,3.9537415e-05,0.9934238
pamap2,gnn_flatten_lstm,sequence,3,103,103,104,443,8430,8430,1,1,2,2,sitting,sitting,True,0.00071442645,0.9937382,0.0041772434,8.804011e-06,9.4793995e-06,3.510843e-05,0.00015813694,5.968069e-05,0.00010680079,0.00017588167,0.0007797586,3.6479465e-05,0.9937382
pamap2,gnn_flatten_lstm,sequence,3,103,103,104,444,8431,8431,1,1,2,2,sitting,sitting,True,0.0006704784,0.9939851,0.004048702,8.739385e-06,9.197783e-06,3.336737e-05,0.00015456458,5.718001e-05,0.00010632939,0.00016734024,0.00072379527,3.5205347e-05,0.9939851
pamap2,gnn_flatten_lstm,sequence,3,103,103,104,445,8432,8432,1,1,2,2,sitting,sitting,True,0.0006501001,0.9939606,0.0040892744,9.081406e-06,9.453125e-06,3.3389053e-05,0.00015742591,5.7887202e-05,0.000109223314,0.00016919708,0.0007189121,3.538844e-05,0.9939606
pamap2,gnn_flatten_lstm,sequence,3,103,103,104,446,8433,8433,1,1,2,2,sitting,sitting,True,0.00065098685,0.99384564,0.0041769184,9.397079e-06,9.740546e-06,3.385729e-05,0.00016086109,5.9414313e-05,0.00011176333,0.00017324215,0.00073220074,3.596217e-05,0.99384564
pamap2,gnn_flatten_lstm,sequence,3,103,103,104,447,8434,8434,1,1,2,2,sitting,sitting,True,0.0006586347,0.99386746,0.004156733,9.397188e-06,9.730834e-06,3.3901586e-05,0.00016047925,5.936532e-05,0.00011270824,0.0001712385,0.0007241839,3.618589e-05,0.99386746
pamap2,gnn_flatten_lstm,sequence,3,103,103,104,448,8435,8435,1,1,2,2,sitting,sitting,True,0.00066559756,0.993946,0.004092841,9.195035e-06,9.569698e-06,3.37463e-05,0.00015792539,5.857803e-05,0.000112020374,0.00016738058,0.0007110389,3.6023335e-05,0.993946
pamap2,gnn_flatten_lstm,sequence,3,103,103,104,449,8436,8436,1,1,2,2,sitting,sitting,True,0.0006653215,0.9940546,0.004010514,8.909079e-06,9.329407e-06,3.3355263e-05,0.00015461443,5.7351506e-05,0.000110180066,0.00016338189,0.0006969229,3.5516816e-05,0.9940546
pamap2,gnn_flatten_lstm,sequence,3,103,103,104,450,8437,8437,1,1,2,2,sitting,sitting,True,0.00066752447,0.99404967,0.0040114657,8.943699e-06,9.367143e-06,3.346355e-05,0.00015505266,5.749914e-05,0.000110647255,0.00016356629,0.0006972013,3.5655885e-05,0.99404967
pamap2,gnn_flatten_lstm,sequence,3,103,103,104,451,8438,8438,1,1,2,2,sitting,sitting,True,0.0006688952,0.9940363,0.004019442,8.9711875e-06,9.407913e-06,3.360853e-05,0.00015528915,5.772897e-05,0.000111037734,0.000163927,0.0006995023,3.574335e-05,0.9940363
pamap2,gnn_flatten_lstm,sequence,3,103,103,104,452,8439,8439,1,1,2,2,sitting,sitting,True,0.000670502,0.9940301,0.0040223273,8.986801e-06,9.427254e-06,3.368867e-05,0.00015542626,5.78375e-05,0.000111266745,0.00016406173,0.0007006068,3.582691e-05,0.9940301
pamap2,gnn_flatten_lstm,sequence,3,103,103,104,453,8440,8440,1,1,2,2,sitting,sitting,True,0.00067060214,0.994005,0.004040675,9.030717e-06,9.473501e-06,3.378205e-05,0.00015609432,5.8044356e-05,0.00011141907,0.00016516905,0.0007047754,3.5902685e-05,0.994005
pamap2,gnn_flatten_lstm,sequence,3,103,103,104,454,8441,8441,1,1,2,2,sitting,sitting,True,0.0006728076,0.99395424,0.0040777423,9.15322e-06,9.594853e-06,3.4003082e-05,0.00015765658,5.8637757e-05,0.00011222864,0.00016710143,0.0007107732,3.617725e-05,0.99395424
pamap2,gnn_flatten_lstm,sequence,3,103,103,104,455,8442,8442,1,1,2,2,sitting,sitting,True,0.0006761868,0.99392235,0.004099427,9.255335e-06,9.696391e-06,3.420631e-05,0.00015875275,5.9172064e-05,0.00011322449,0.00016801967,0.0007132523,3.6468726e-05,0.99392235
pamap2,gnn_flatten_lstm,sequence,3,103,103,104,456,8443,8443,1,1,2,2,sitting,sitting,True,0.0006787968,0.9939247,0.0040950566,9.2939035e-06,9.727553e-06,3.4262022e-05,0.00015919293,5.9283928e-05,0.00011376225,0.00016786727,0.0007113831,3.6635436e-05,0.9939247
pamap2,gnn_flatten_lstm,sequence,3,103,103,104,457,8444,8444,1,1,2,2,sitting,sitting,True,0.0006812429,0.9939213,0.004095168,9.3334775e-06,9.75874e-06,3.4327742e-05,0.00015964652,5.9406146e-05,0.00011420733,0.00016794949,0.00071087945,3.6797923e-05,0.9939213
pamap2,gnn_flatten_lstm,sequence,3,103,103,104,458,8445,8445,1,1,2,2,sitting,sitting,True,0.0006808065,0.99392515,0.00409249,9.337805e-06,9.753763e-06,3.4301596e-05,0.00015963938,5.937834e-05,0.00011425222,0.00016780957,0.0007102534,3.6804733e-05,0.99392515
pamap2,gnn_flatten_lstm,sequence,3,103,103,104,459,8446,8446,1,1,2,2,sitting,sitting,True,0.00068138854,0.99392277,0.0040934444,9.348563e-06,9.764527e-06,3.433585e-05,0.00015976268,5.9434853e-05,0.00011442184,0.00016786727,0.00071054103,3.6842997e-05,0.99392277
pamap2,gnn_flatten_lstm,sequence,3,103,103,104,460,8447,8447,1,1,2,2,sitting,sitting,True,0.00068134966,0.9939268,0.004090276,9.336894e-06,9.748721e-06,3.4314024e-05,0.00015956201,5.9369602e-05,0.00011436121,0.00016764383,0.00071027625,3.6819223e-05,0.9939268
pamap2,gnn_flatten_lstm,sequence,3,103,103,104,461,8448,8448,1,1,2,2,sitting,sitting,True,0.000682838,0.99390596,0.004105688,9.372115e-06,9.783974e-06,3.440712e-05,0.00015980324,5.9623286e-05,0.00011467247,0.00016813888,0.00071281724,3.690127e-05,0.99390596
pamap2,gnn_flatten_lstm,sequence,3,103,103,104,462,8449,8449,1,1,2,2,sitting,sitting,True,0.000685911,0.99391854,0.004093981,9.343676e-06,9.746454e-06,3.430379e-05,0.00015979474,5.938378e-05,0.00011444972,0.00016769982,0.00070983666,3.6934587e-05,0.99391854
pamap2,gnn_flatten_lstm,sequence,3,103,103,104,463,8450,8450,1,1,2,2,sitting,sitting,True,0.0006887598,0.9939167,0.0040918323,9.328246e-06,9.748845e-06,3.433924e-05,0.00016017497,5.931314e-05,0.000114345436,0.00016810815,0.0007103069,3.7000093e-05,0.9939167
pamap2,gnn_flatten_lstm,sequence,3,103,103,104,464,8451,8451,1,1,2,2,sitting,sitting,True,0.0006896571,0.99391115,0.0040960847,9.345522e-06,9.7651955e-06,3.4311124e-05,0.00016066777,5.9349248e-05,0.00011437609,0.00016853613,0.0007097691,3.7050377e-05,0.99391115
pamap2,gnn_flatten_lstm,sequence,3,103,103,104,465,8452,8452,1,1,2,2,sitting,sitting,True,0.00068903074,0.9939247,0.0040865517,9.315546e-06,9.727645e-06,3.42e-05,0.00016041382,5.915641e-05,0.00011408743,0.00016811206,0.00070764596,3.697993e-05,0.9939247
pamap2,gnn_flatten_lstm,sequence,3,103,103,104,466,8453,8453,1,1,2,2,sitting,sitting,True,0.000671674,0.99392694,0.004085702,9.018708e-06,9.5273435e-06,3.4383178e-05,0.00015698103,5.8281235e-05,0.00011095544,0.00016923218,0.00073135295,3.599277e-05,0.99392694
pamap2,gnn_flatten_lstm,sequence,3,103,103,104,467,8454,8454,1,1,2,2,sitting,sitting,True,0.0006584535,0.99388874,0.004115119,8.860147e-06,9.439893e-06,3.4760415e-05,0.00015445644,5.8173384e-05,0.00010903049,0.00017091767,0.0007567332,3.535134e-05,0.99388874
pamap2,gnn_flatten_lstm,sequence,3,103,103,104,468,8455,8455,1,1,2,2,sitting,sitting,True,0.00065093004,0.99386024,0.004128346,8.642002e-06,9.316808e-06,3.5031335e-05,0.00015275412,5.760283e-05,0.00010634353,0.00017350016,0.00078249275,3.4783723e-05,0.99386024
pamap2,gnn_flatten_lstm,sequence,3,103,103,104,469,8456,8456,1,1,2,2,sitting,sitting,True,0.00065003283,0.9938008,0.0041603646,8.543481e-06,9.281913e-06,3.5419584e-05,0.0001522431,5.7459096e-05,0.0001045762,0.00017683447,0.0008098223,3.461526e-05,0.9938008
pamap2,gnn_flatten_lstm,sequence,3,103,103,104,470,8457,8457,1,1,2,2,sitting,sitting,True,0.0006510708,0.99380267,0.004159619,8.508955e-06,9.203728e-06,3.5276513e-05,0.00015108757,5.727396e-05,0.000103799,0.00017598184,0.0008109112,3.454936e-05,0.99380267
pamap2,gnn_flatten_lstm,sequence,3,103,103,104,471,8458,8458,1,1,2,2,sitting,sitting,True,0.0006518835,0.9938658,0.0041229883,8.538412e-06,9.138721e-06,3.489206e-05,0.00014960811,5.726558e-05,0.00010429688,0.00017160589,0.00078947825,3.4514145e-05,0.9938658
pamap2,gnn_flatten_lstm,sequence,3,103,103,104,472,8459,8459,1,1,2,2,sitting,sitting,True,0.000651322,0.99391925,0.004091927,8.508445e-06,9.062912e-06,3.4429737e-05,0.00014900301,5.6945108e-05,0.00010408538,0.00016903265,0.000772006,3.434938e-05,0.99391925
pamap2,gnn_flatten_lstm,sequence,3,103,103,104,473,8460,8460,1,1,2,2,sitting,sitting,True,0.0006459085,0.99393153,0.0040913294,8.480374e-06,9.023258e-06,3.4189732e-05,0.00014855819,5.6813882e-05,0.00010367088,0.00016850069,0.0007679042,3.4100965e-05,0.99393153
pamap2,gnn_flatten_lstm,sequence,3,103,103,104,474,8461,8461,1,1,2,2,sitting,sitting,True,0.0006372499,0.99392325,0.004110026,8.491197e-06,9.011908e-06,3.394319e-05,0.00014831829,5.692351e-05,0.000103460225,0.00016858883,0.0007669022,3.382492e-05,0.99392325
pamap2,gnn_flatten_lstm,sequence,3,103,103,104,475,8462,8462,1,1,2,2,sitting,sitting,True,0.00062861026,0.9938949,0.0041445238,8.5220245e-06,9.023631e-06,3.3682736e-05,0.0001486349,5.7178197e-05,0.00010330594,0.0001695558,0.0007684744,3.3597174e-05,0.9938949
pamap2,gnn_flatten_lstm,sequence,3,103,103,104,476,8463,8463,1,1,2,2,sitting,sitting,True,0.00062420405,0.99392915,0.0041256235,8.467649e-06,8.952556e-06,3.3401087e-05,0.00014775868,5.6832123e-05,0.00010299254,0.00016812036,0.00076110626,3.3377335e-05,0.99392915
pamap2,gnn_flatten_lstm,sequence,3,103,103,104,477,8464,8464,1,1,2,2,sitting,sitting,True,0.0006226824,0.9939948,0.0040777028,8.320202e-06,8.7909275e-06,3.293366e-05,0.00014686535,5.5731303e-05,0.000101519174,0.00016649993,0.00075114385,3.3060507e-05,0.9939948
pamap2,gnn_flatten_lstm,sequence,3,103,103,104,478,8465,8465,1,1,2,2,sitting,sitting,True,0.00061610737,0.9940849,0.0040116194,8.099687e-06,8.599866e-06,3.2571555e-05,0.00014493881,5.4442004e-05,9.969899e-05,0.0001643522,0.00074220024,3.2542586e-05,0.9940849
pamap2,gnn_flatten_lstm,sequence,3,103,103,104,479,8466,8466,1,1,2,2,sitting,sitting,True,0.0006016429,0.99419206,0.0039384235,7.836043e-06,8.390346e-06,3.2246626e-05,0.00014172099,5.3103067e-05,9.792527e-05,0.00016141175,0.00073351496,3.178071e-05,0.99419206
pamap2,gnn_flatten_lstm,sequence,3,103,103,104,480,8467,8467,1,1,2,2,sitting,sitting,True,0.00059934595,0.99428105,0.0038852622,7.918632e-06,8.393707e-06,3.166867e-05,0.0001421468,5.2904405e-05,9.943833e-05,0.00015770843,0.00070229097,3.186878e-05,0.99428105
pamap2,gnn_flatten_lstm,sequence,3,103,103,104,481,8468,8468,1,1,2,2,sitting,sitting,True,0.0006083909,0.99429166,0.0038719801,8.058329e-06,8.489978e-06,3.1665353e-05,0.00014416916,5.3181626e-05,0.0001008196,0.00015746994,0.0006917188,3.2408734e-05,0.99429166
pamap2,gnn_flatten_lstm,sequence,3,103,103,104,482,8469,8469,1,1,2,2,sitting,sitting,True,0.0006180798,0.99425983,0.0038873216,8.137536e-06,8.559239e-06,3.179315e-05,0.00014564248,5.3429827e-05,0.0001011222,0.00015876698,0.0006945366,3.2811666e-05,0.99425983
pamap2,gnn_flatten_lstm,sequence,3,103,103,104,483,8470,8470,1,1,2,2,sitting,sitting,True,0.0006292655,0.9942669,0.003871871,8.141677e-06,8.553514e-06,3.1750318e-05,0.00014656801,5.3236727e-05,0.000101006,0.00015879826,0.0006908224,3.311589e-05,0.9942669
pamap2,gnn_flatten_lstm,sequence,3,103,103,104,484,8471,8471,1,1,2,2,sitting,sitting,True,0.00063988374,0.9942708,0.003862189,8.161362e-06,8.557505e-06,3.1731193e-05,0.0001470118,5.3281277e-05,0.000101371945,0.00015812607,0.0006855137,3.3384284e-05,0.9942708
pamap2,gnn_flatten_lstm,sequence,3,103,103,104,485,8472,8472,1,1,2,2,sitting,sitting,True,0.000645333,0.99432003,0.0038205434,8.058098e-06,8.446716e-06,3.1528936e-05,0.00014579154,5.276157e-05,0.00010090828,0.00015587779,0.0006773576,3.3317297e-05,0.99432003
pamap2,gnn_flatten_lstm,sequence,3,103,103,104,486,8473,8473,1,1,2,2,sitting,sitting,True,0.0006513196,0.9943427,0.0037993,8.007758e-06,8.387449e-06,3.1437627e-05,0.00014509424,5.2544594e-05,0.00010081169,0.00015450992,0.0006726724,3.3332934e-05,0.9943427
pamap2,gnn_flatten_lstm,sequence,3,103,103,104,487,8474,8474,1,1,2,2,sitting,sitting,True,0.00065360416,0.99437124,0.0037756688,7.954865e-06,8.317948e-06,3.123701e-05,0.00014477773,5.214484e-05,0.0001004685,0.0001535425,0.0006677016,3.3271703e-05,0.99437124
pamap2,gnn_flatten_lstm,sequence,3,103,103,104,488,8475,8475,1,1,2,2,sitting,sitting,True,0.0006528148,0.99439245,0.0037583504,7.922821e-06,8.275747e-06,3.1152766e-05,0.00014456792,5.187686e-05,0.00010030291,0.00015309454,0.000665938,3.320502e-05,0.99439245
pamap2,gnn_flatten_lstm,sequence,3,103,103,104,489,8476,8476,1,1,2,2,sitting,sitting,True,0.0006507847,0.994439,0.0037220842,7.799639e-06,8.165514e-06,3.1071886e-05,0.00014270433,5.1334177e-05,9.9577504e-05,0.00015133491,0.00066318153,3.2949196e-05,0.994439
pamap2,gnn_flatten_lstm,sequence,3,103,103,104,490,8477,8477,1,1,2,2,sitting,sitting,True,0.0006423841,0.9944465,0.0037145293,7.585719e-06,8.022415e-06,3.11188e-05,0.00014073488,5.061221e-05,9.7183634e-05,0.00015219448,0.00067665766,3.234844e-05,0.9944465
pamap2,gnn_flatten_lstm,sequence,3,103,103,104,491,8478,8478,1,1,2,2,sitting,sitting,True,0.00063521555,0.9943316,0.0037740623,7.380803e-06,8.077296e-06,3.248839e-05,0.00014057322,5.0942115e-05,9.491633e-05,0.00015975768,0.00073307694,3.1926957e-05,0.9943316
pamap2,gnn_flatten_lstm,sequence,3,103,103,104,492,8479,8479,1,1,2,2,sitting,sitting,True,0.0006328864,0.99431664,0.003773138,7.2501916e-06,8.017565e-06,3.2876218e-05,0.00013937333,5.0850336e-05,9.362196e-05,0.00016110424,0.0007526766,3.1633368e-05,0.99431664
pamap2,gnn_flatten_lstm,sequence,3,103,103,104,493,8480,8480,1,1,2,2,sitting,sitting,True,0.0006281453,0.9943277,0.0037678403,7.2318903e-06,7.918249e-06,3.2830747e-05,0.00013702066,5.0693397e-05,9.2925e-05,0.00015925126,0.0007567509,3.1552732e-05,0.9943277
pamap2,gnn_flatten_lstm,sequence,3,103,103,104,494,8481,8481,1,1,2,2,sitting,sitting,True,0.0006484367,0.9947003,0.003455802,6.970012e-06,7.5601924e-06,3.2799977e-05,0.00013193241,4.915387e-05,9.477005e-05,0.00014406786,0.0006960016,3.2261054e-05,0.9947003
pamap2,gnn_flatten_lstm,sequence,3,103,103,104,495,8482,8482,1,1,2,2,sitting,sitting,True,0.00070474134,0.9949608,0.0032200331,6.8438917e-06,7.1132367e-06,3.1537555e-05,0.00013095186,4.6844012e-05,9.4854644e-05,0.0001324798,0.0006302586,3.351343e-05,0.9949608
pamap2,gnn_flatten_lstm,sequence,3,103,103,104,496,8483,8483,1,1,2,2,sitting,sitting,True,0.00077196857,0.9950865,0.0030815406,6.506345e-06,6.6953858e-06,3.0256177e-05,0.00013050371,4.414553e-05,9.159231e-05,0.0001260436,0.00059015566,3.4034027e-05,0.9950865
pamap2,gnn_flatten_lstm,sequence,3,103,103,104,497,8484,8484,1,1,2,2,sitting,sitting,True,0.00080946245,0.99521446,0.0029707449,6.048586e-06,6.321688e-06,2.8769851e-05,0.00012792254,4.1541105e-05,8.716649e-05,0.00012036032,0.00055386027,3.3371256e-05,0.99521446
pamap2,gnn_flatten_lstm,sequence,3,103,103,104,498,8485,8485,1,1,2,2,sitting,sitting,True,0.0008528997,0.99522984,0.002926545,5.8321834e-06,6.21789e-06,2.8576856e-05,0.00012738326,4.0760446e-05,8.568362e-05,0.00011870742,0.00054404896,3.3495835e-05,0.99522984
pamap2,gnn_flatten_lstm,sequence,3,103,103,104,499,8486,8486,1,1,2,2,sitting,sitting,True,0.0009026635,0.99521613,0.0028940157,5.742539e-06,6.2361846e-06,2.8801687e-05,0.00012770321,4.070329e-05,8.590703e-05,0.000117797514,0.0005401425,3.413254e-05,0.99521613
pamap2,gnn_flatten_lstm,sequence,3,103,103,104,500,8487,8487,1,1,2,2,sitting,sitting,True,0.0009791971,0.9951572,0.0028700978,5.7673187e-06,6.3678476e-06,2.9530343e-05,0.000128848,4.1395717e-05,8.789889e-05,0.000117054595,0.0005409448,3.5588815e-05,0.9951572
pamap2,gnn_flatten_lstm,sequence,3,103,103,104,501,8488,8488,1,1,2,2,sitting,sitting,True,0.0011797757,0.9950405,0.0027764747,5.7619145e-06,6.5528207e-06,3.1146148e-05,0.00013016147,4.210936e-05,9.206788e-05,0.000114475595,0.00054190157,3.9087747e-05,0.9950405
pamap2,gnn_flatten_lstm,sequence,3,103,103,104,502,8489,8489,1,1,2,2,sitting,sitting,True,0.0017096527,0.9945003,0.002715959,6.158651e-06,7.3686774e-06,3.5171564e-05,0.00013649363,4.51338e-05,0.00010238814,0.00011616733,0.0005763328,4.8793732e-05,0.9945003
pamap2,gnn_flatten_lstm,sequence,3,103,103,104,503,8490,8490,1,1,2,2,sitting,sitting,True,0.0033074997,0.99274457,0.0026896321,7.1911695e-06,9.589164e-06,4.5299865e-05,0.00015242833,5.364385e-05,0.00012759716,0.00012472889,0.0006635435,7.432902e-05,0.99274457
pamap2,gnn_flatten_lstm,sequence,3,103,103,104,504,8491,8491,1,1,2,2,sitting,sitting,True,0.0044623,0.99146056,0.002717581,7.924519e-06,1.08597815e-05,5.0207793e-05,0.00016469725,5.902669e-05,0.00014224298,0.00013063337,0.00070416334,8.974867e-05,0.99146056
pamap2,gnn_flatten_lstm,sequence,3,103,103,104,505,8492,8492,1,1,2,2,sitting,sitting,True,0.0036937278,0.9923239,0.0026984948,7.5489884e-06,9.941096e-06,4.599545e-05,0.0001596233,5.518359e-05,0.00013197605,0.0001268577,0.0006675439,7.923092e-05,0.9923239
pamap2,gnn_flatten_lstm,sequence,3,103,103,104,506,8493,8493,1,1,2,2,sitting,sitting,True,0.002587714,0.9935899,0.0026635856,6.8556383e-06,8.469127e-06,3.9452825e-05,0.00014982653,4.8829606e-05,0.00011513867,0.00012048261,0.00060698885,6.2933344e-05,0.9935899
pamap2,gnn_flatten_lstm,sequence,3,103,103,104,507,8494,8494,1,1,2,2,sitting,sitting,True,0.0028087266,0.99333066,0.0026748572,7.0020055e-06,8.752124e-06,4.0603554e-05,0.00015281941,5.0028793e-05,0.00011832969,0.00012232807,0.00061979046,6.611431e-05,0.99333066
pamap2,gnn_flatten_lstm,sequence,3,103,103,104,508,8495,8495,1,1,2,2,sitting,sitting,True,0.0029411556,0.99318177,0.002677692,7.0479496e-06,8.914212e-06,4.138717e-05,0.00015371744,5.077419e-05,0.00012063303,0.00012293362,0.0006260861,6.791163e-05,0.99318177
pamap2,gnn_flatten_lstm,sequence,3,103,103,104,509,8496,8496,1,1,2,2,sitting,sitting,True,0.0032635191,0.99283385,0.0026744562,7.200566e-06,9.298128e-06,4.316687e-05,0.00015596424,5.2395306e-05,0.0001256451,0.00012395365,0.0006380173,7.254152e-05,0.99283385
pamap2,gnn_flatten_lstm,sequence,3,103,103,104,510,8497,8497,1,1,2,2,sitting,sitting,True,0.003445966,0.9926138,0.0026873895,7.327221e-06,9.5763035e-06,4.43722e-05,0.00015851579,5.3533502e-05,0.00012849725,0.0001258692,0.0006498111,7.529388e-05,0.9926138
pamap2,gnn_flatten_lstm,sequence,3,103,103,104,511,8498,8498,1,1,2,2,sitting,sitting,True,0.0033568556,0.9926926,0.0026997614,7.307662e-06,9.529779e-06,4.4110242e-05,0.00015856828,5.3351767e-05,0.00012752066,0.0001263744,0.00064988725,7.418018e-05,0.9926926
pamap2,gnn_flatten_lstm,sequence,3,103,103,104,512,8499,8499,1,1,2,2,sitting,sitting,True,0.0033308403,0.9927021,0.0027089198,7.3246097e-06,9.5617515e-06,4.4122782e-05,0.00016036493,5.3277436e-05,0.00012690292,0.00012812749,0.0006544284,7.391987e-05,0.9927021
pamap2,gnn_flatten_lstm,sequence,3,103,103,104,513,8500,8500,1,1,2,2,sitting,sitting,True,0.0033044666,0.9926925,0.0027335684,7.3820843e-06,9.663414e-06,4.4421704e-05,0.00016195502,5.365439e-05,0.00012703585,0.00013001343,0.0006614236,7.389752e-05,0.9926925
pamap2,gnn_flatten_lstm,sequence,3,103,103,104,514,8501,8501,1,1,2,2,sitting,sitting,True,0.0032540846,0.99274933,0.0027345973,7.376138e-06,9.600832e-06,4.402669e-05,0.00016149912,5.3405518e-05,0.00012620892,0.00012931034,0.0006572648,7.321288e-05,0.99274933
pamap2,gnn_flatten_lstm,sequence,3,103,103,104,515,8502,8502,1,1,2,2,sitting,sitting,True,0.0032124864,0.9927776,0.0027486421,7.3980323e-06,9.58068e-06,4.3678356e-05,0.00016244178,5.3254607e-05,0.00012534989,0.00012991489,0.00065704,7.264153e-05,0.9927776
pamap2,gnn_flatten_lstm,sequence,3,103,103,104,516,8503,8503,1,1,2,2,sitting,sitting,True,0.0030356282,0.99294513,0.002771071,7.344633e-06,9.437831e-06,4.2874977e-05,0.0001616322,5.287007e-05,0.00012362376,0.00012968834,0.0006505099,7.0189504e-05,0.99294513
pamap2,gnn_flatten_lstm,sequence,3,103,103,104,517,8504,8504,1,1,2,2,sitting,sitting,True,0.0027987629,0.99322563,0.0027602944,7.1664e-06,9.097551e-06,4.1499898e-05,0.00015795202,5.161324e-05,0.00012066838,0.00012691668,0.0006336585,6.663007e-05,0.99322563
pamap2,gnn_flatten_lstm,sequence,3,103,103,104,518,8505,8505,1,1,2,2,sitting,sitting,True,0.0027284687,0.99331844,0.0027527888,7.1152976e-06,8.965341e-06,4.095235e-05,0.00015612418,5.11315e-05,0.000119854885,0.00012511035,0.0006254608,6.554823e-05,0.99331844
pamap2,gnn_flatten_lstm,sequence,3,103,103,104,519,8506,8506,1,1,2,2,sitting,sitting,True,0.0028715313,0.9931686,0.0027508226,7.201394e-06,9.093151e-06,4.1450137e-05,0.00015643534,5.162224e-05,0.000121615594,0.00012457148,0.0006294666,6.763836e-05,0.9931686
pamap2,gnn_flatten_lstm,sequence,3,103,103,104,520,8507,8507,1,1,2,2,sitting,sitting,True,0.0030565036,0.9929878,0.00273677,7.300465e-06,9.246933e-06,4.2129228e-05,0.00015721188,5.2260297e-05,0.00012433434,0.00012401213,0.000632024,7.0257214e-05,0.9929878
pamap2,gnn_flatten_lstm,sequence,3,103,103,104,521,8508,8508,1,1,2,2,sitting,sitting,True,0.0029894349,0.99309915,0.0027101184,7.2450102e-06,9.092844e-06,4.1567688e-05,0.00015590136,5.1727482e-05,0.00012411807,0.00012214965,0.0006203511,6.917507e-05,0.99309915
pamap2,gnn_flatten_lstm,sequence,3,103,103,104,522,8509,8509,1,1,2,2,sitting,sitting,True,0.0026779724,0.9934861,0.002678985,6.9919233e-06,8.623061e-06,3.9738014e-05,0.00015143074,4.9803486e-05,0.00012003149,0.00011888905,0.00059699756,6.43941e-05,0.9934861
pamap2,gnn_flatten_lstm,sequence,3,103,103,104,523,8510,8510,1,1,2,2,sitting,sitting,True,0.0025103202,0.9937086,0.0026513264,6.840665e-06,8.361798e-06,3.8745286e-05,0.0001490786,4.8639533e-05,0.00011799004,0.00011695635,0.00058131403,6.178473e-05,0.9937086
pamap2,gnn_flatten_lstm,sequence,3,103,103,104,524,8511,8511,1,1,2,2,sitting,sitting,True,0.0024787723,0.99375015,0.0026448346,6.8100967e-06,8.321464e-06,3.8547107e-05,0.0001493931,4.833922e-05,0.000117527234,0.00011717169,0.000578906,6.1297476e-05,0.99375015
pamap2,gnn_flatten_lstm,sequence,3,103,103,104,525,8512,8512,1,1,2,2,sitting,sitting,True,0.0022555417,0.9940137,0.0026339532,6.6243656e-06,8.003666e-06,3.7255075e-05,0.00014637219,4.703486e-05,0.00011415121,0.00011541497,0.00056430156,5.77677e-05,0.9940137
pamap2,gnn_flatten_lstm,sequence,3,103,103,104,526,8513,8513,1,1,2,2,sitting,sitting,True,0.00217483,0.9941016,0.0026334147,6.5723552e-06,7.930396e-06,3.7008776e-05,0.00014576617,4.67289e-05,0.00011327213,0.00011533824,0.00056096097,5.6615405e-05,0.9941016
pamap2,gnn_flatten_lstm,sequence,3,103,103,104,527,8514,8514,1,1,2,2,sitting,sitting,True,0.002193534,0.99407274,0.002638893,6.6134658e-06,7.983366e-06,3.7214e-05,0.0001463369,4.69744e-05,0.000113822825,0.00011572205,0.00056318776,5.6997753e-05,0.99407274
pamap2,gnn_flatten_lstm,sequence,3,103,103,104,528,8515,8515,1,1,2,2,sitting,sitting,True,0.0022196206,0.9940434,0.0026379495,6.624993e-06,8.016754e-06,3.736482e-05,0.00014681666,4.7060093e-05,0.000113989576,0.00011612902,0.0005657008,5.740027e-05,0.9940434
pamap2,gnn_flatten_lstm,sequence,3,103,103,104,529,8516,8516,1,1,2,2,sitting,sitting,True,0.0022655055,0.99400216,0.0026306866,6.6635025e-06,8.0505915e-06,3.7463888e-05,0.00014735128,4.717313e-05,0.000114483366,0.00011602778,0.00056626264,5.8098853e-05,0.99400216
pamap2,gnn_flatten_lstm,sequence,3,103,103,104,530,8517,8517,1,1,2,2,sitting,sitting,True,0.0023228896,0.9939374,0.0026305967,6.727314e-06,8.135068e-06,3.778465e-05,0.00014863645,4.751263e-05,0.00011546665,0.000116587,0.00056926545,5.905463e-05,0.9939374
pamap2,gnn_flatten_lstm,sequence,3,103,103,104,531,8518,8518,1,1,2,2,sitting,sitting,True,0.0023769112,0.99387395,0.0026328454,6.773705e-06,8.206657e-06,3.806474e-05,0.0001495072,4.782896e-05,0.00011629351,0.00011702132,0.0005727165,5.9859627e-05,0.99387395
pamap2,gnn_flatten_lstm,sequence,3,103,103,104,532,8519,8519,1,1,2,2,sitting,sitting,True,0.0024133234,0.9938247,0.0026392424,6.803953e-06,8.264698e-06,3.829606e-05,0.00015015795,4.8120957e-05,0.00011693052,0.00011754187,0.00057628495,6.0379192e-05,0.9938247
pamap2,gnn_flatten_lstm,sequence,3,103,103,104,533,8520,8520,1,1,2,2,sitting,sitting,True,0.0023622885,0.9938818,0.0026397225,6.7730675e-06,8.188483e-06,3.7921916e-05,0.00014978783,4.7866804e-05,0.000116146686,0.000117242875,0.00057278003,5.9510727e-05,0.9938818
pamap2,gnn_flatten_lstm,sequence,3,103,103,104,534,8521,8521,1,1,2,2,sitting,sitting,True,0.002302268,0.9939569,0.0026349998,6.721149e-06,8.088379e-06,3.750222e-05,0.00014856397,4.74815e-05,0.0001152278,0.00011634093,0.00056725787,5.852858e-05,0.9939569
pamap2,gnn_flatten_lstm,sequence,3,103,103,104,535,8522,8522,1,1,2,2,sitting,sitting,True,0.0023277032,0.9939361,0.002630266,6.730321e-06,8.107957e-06,3.760332e-05,0.00014837438,4.7529476e-05,0.00011560336,0.00011603279,0.00056716515,5.8948714e-05,0.9939361
pamap2,gnn_flatten_lstm,sequence,3,103,103,104,536,8523,8523,1,1,2,2,sitting,sitting,True,0.0023321016,0.9939427,0.0026221864,6.7223345e-06,8.092584e-06,3.756138e-05,0.00014803573,4.7428453e-05,0.00011573804,0.0001155435,0.0005649335,5.9016882e-05,0.9939427
pamap2,gnn_flatten_lstm,sequence,3,103,103,104,537,8524,8524,1,1,2,2,sitting,sitting,True,0.0023576738,0.9939208,0.0026165503,6.739479e-06,8.116149e-06,3.765639e-05,0.00014864246,4.7492267e-05,0.00011617672,0.00011568969,0.0005651091,5.9407077e-05,0.9939208
pamap2,gnn_flatten_lstm,sequence,3,103,103,104,538,8525,8525,1,1,2,2,sitting,sitting,True,0.002355758,0.99391854,0.002619347,6.7565957e-06,8.135845e-06,3.7720427e-05,0.00014902066,4.7578433e-05,0.00011641092,0.000115979194,0.00056519976,5.9473496e-05,0.99391854
pamap2,gnn_flatten_lstm,sequence,3,103,103,104,539,8526,8526,1,1,2,2,sitting,sitting,True,0.0023608522,0.9939209,0.0026132003,6.7566566e-06,8.125915e-06,3.7625956e-05,0.00014945953,4.742104e-05,0.00011612223,0.00011606267,0.00056375354,5.9549573e-05,0.9939209
pamap2,gnn_flatten_lstm,sequence,3,103,103,104,540,8527,8527,1,1,2,2,sitting,sitting,True,0.0023577788,0.993929,0.0026098136,6.7595024e-06,8.112911e-06,3.7529e-05,0.00014969769,4.7332374e-05,0.00011599822,0.00011603219,0.0005623617,5.950056e-05,0.993929
pamap2,gnn_flatten_lstm,sequence,3,103,103,104,541,8528,8528,1,1,2,2,sitting,sitting,True,0.0023703363,0.99391997,0.0026060564,6.7703827e-06,8.115136e-06,3.7515776e-05,0.00015006297,4.7326117e-05,0.00011611969,0.00011605471,0.00056200323,5.9661157e-05,0.99391997
pamap2,gnn_flatten_lstm,sequence,3,103,103,104,542,8529,8529,1,1,2,2,sitting,sitting,True,0.0024298287,0.9938589,0.0026017902,6.8099844e-06,8.187458e-06,3.7839072e-05,0.00015087768,4.7626007e-05,0.000117161144,0.00011632147,0.0005640964,6.0574832e-05,0.9938589
pamap2,gnn_flatten_lstm,sequence,3,103,103,104,543,8530,8530,1,1,2,2,sitting,sitting,True,0.002469199,0.99380845,0.0026062774,6.8596446e-06,8.261049e-06,3.8123515e-05,0.00015179382,4.797583e-05,0.00011803815,0.00011688179,0.00056673924,6.124638e-05,0.99380845
pamap2,gnn_flatten_lstm,sequence,3,103,103,104,544,8531,8531,1,1,2,2,sitting,sitting,True,0.0025310623,0.993741,0.002605576,6.906176e-06,8.330303e-06,3.8381902e-05,0.00015280397,4.825113e-05,0.00011879692,0.0001173493,0.0005693753,6.2153755e-05,0.993741
pamap2,gnn_flatten_lstm,sequence,3,103,103,104,545,8532,8532,1,1,2,2,sitting,sitting,True,0.002581531,0.9936913,0.0026009064,6.9259077e-06,8.373183e-06,3.8592934e-05,0.00015310191,4.8420927e-05,0.000119430726,0.00011736962,0.00057108863,6.287168e-05,0.9936913
pamap2,gnn_flatten_lstm,sequence,3,103,103,104,546,8533,8533,1,1,2,2,sitting,sitting,True,0.002653369,0.99361056,0.0026024429,6.966706e-06,8.453561e-06,3.89598e-05,0.00015359238,4.8803533e-05,0.0001204417,0.00011765257,0.0005748942,6.3908185e-05,0.99361056
pamap2,gnn_flatten_lstm,sequence,3,103,103,104,547,8534,8534,1,1,2,2,sitting,sitting,True,0.0027365095,0.9935108,0.0026077265,7.0153005e-06,8.572592e-06,3.9520783e-05,0.00015439301,4.9331917e-05,0.00012172828,0.000118383774,0.0005808218,6.51774e-05,0.9935108
pamap2,gnn_flatten_lstm,sequence,3,103,103,104,548,8535,8535,1,1,2,2,sitting,sitting,True,0.0028234727,0.99340385,0.0026144465,7.072947e-06,8.721656e-06,4.025705e-05,0.00015509252,5.0003953e-05,0.00012340905,0.00011917365,0.0005880034,6.6591834e-05,0.99340385
pamap2,gnn_flatten_lstm,sequence,3,103,103,104,549,8536,8536,1,1,2,2,sitting,sitting,True,0.0028115732,0.9934186,0.002613509,7.0457654e-06,8.692961e-06,4.0192965e-05,0.00015438325,4.986592e-05,0.00012293208,0.00011890512,0.0005880303,6.636984e-05,0.9934186
pamap2,gnn_flatten_lstm,sequence,3,103,103,104,550,8537,8537,1,1,2,2,sitting,sitting,True,0.0027800358,0.9934494,0.0026167012,7.0121655e-06,8.652941e-06,4.0074836e-05,0.00015353232,4.9713006e-05,0.00012227842,0.00011870147,0.00058815454,6.5870845e-05,0.9934494
pamap2,gnn_flatten_lstm,sequence,3,103,103,104,551,8538,8538,1,1,2,2,sitting,sitting,True,0.002737594,0.9934876,0.0026234325,6.974991e-06,8.604418e-06,3.9909704e-05,0.00015258518,4.9552465e-05,0.00012150021,0.000118563024,0.0005884372,6.520286e-05,0.9934876
pamap2,gnn_flatten_lstm,sequence,3,103,103,104,552,8539,8539,1,1,2,2,sitting,sitting,True,0.002719736,0.9935033,0.002625967,6.9324733e-06,8.576306e-06,3.9854574e-05,0.00015198388,4.9384256e-05,0.00012078768,0.000118672244,0.0005899406,6.48754e-05,0.9935033
pamap2,gnn_flatten_lstm,sequence,3,103,103,104,553,8540,8540,1,1,2,2,sitting,sitting,True,0.0026793664,0.99354774,0.002623949,6.887648e-06,8.536907e-06,3.980037e-05,0.00015119914,4.9160917e-05,0.00012006047,0.00011859497,0.0005903939,6.434819e-05,0.99354774
pamap2,gnn_flatten_lstm,sequence,3,103,103,104,554,8541,8541,1,1,2,2,sitting,sitting,True,0.0026148474,0.99362355,0.0026203769,6.837209e-06,8.439035e-06,3.942934e-05,0.00015006214,4.8742953e-05,0.00011880892,0.000117990516,0.00058757584,6.337413e-05,0.99362355
pamap2,gnn_flatten_lstm,sequence,3,103,103,104,555,8542,8542,1,1,2,2,sitting,sitting,True,0.0025386123,0.9937118,0.002618395,6.775229e-06,8.317635e-06,3.8949955e-05,0.0001485187,4.8269867e-05,0.00011741996,0.00011710684,0.0005835466,6.218239e-05,0.9937118
pamap2,gnn_flatten_lstm,sequence,3,103,103,104,556,8543,8543,1,1,2,2,sitting,sitting,True,0.0024481784,0.9937967,0.0026303448,6.704676e-06,8.221481e-06,3.863216e-05,0.00014675446,4.8020578e-05,0.0001161847,0.00011668405,0.0005827753,6.077912e-05,0.9937967
pamap2,gnn_flatten_lstm,sequence,3,103,103,104,557,8544,8544,1,1,2,2,sitting,sitting,True,0.0023769902,0.9938757,0.0026315374,6.632421e-06,8.116244e-06,3.826108e-05,0.00014501973,4.762986e-05,0.00011499246,0.00011586541,0.0005796456,5.9606522e-05,0.9938757
pamap2,gnn_flatten_lstm,sequence,3,103,103,104,558,8545,8545,1,1,2,2,sitting,sitting,True,0.002392716,0.99386036,0.0026299201,6.63935e-06,8.13897e-06,3.84131e-05,0.00014485633,4.771578e-05,0.00011534193,0.000115739604,0.00058035,5.990033e-05,0.99386036
pamap2,gnn_flatten_lstm,sequence,3,103,103,104,559,8546,8546,1,1,2,2,sitting,sitting,True,0.002368268,0.99390393,0.0026190537,6.6221623e-06,8.070227e-06,3.812718e-05,0.00014398737,4.7424615e-05,0.000114986964,0.000114633745,0.0005752644,5.953862e-05,0.99390393
pamap2,gnn_flatten_lstm,sequence,3,103,103,104,560,8547,8547,1,1,2,2,sitting,sitting,True,0.0023591493,0.9939231,0.0026137733,6.6171706e-06,8.03465e-06,3.7972895e-05,0.00014357756,4.7303303e-05,0.00011492888,0.00011400753,0.00057221367,5.9363894e-05,0.9939231
pamap2,gnn_flatten_lstm,sequence,3,103,103,104,561,8548,8548,1,1,2,2,sitting,sitting,True,0.0023239348,0.9939498,0.002624669,6.6151456e-06,8.011513e-06,3.7828282e-05,0.00014327774,4.7361988e-05,0.00011479864,0.00011390387,0.000571037,5.8775724e-05,0.9939498
pamap2,gnn_flatten_lstm,sequence,3,103,103,104,562,8549,8549,1,1,2,2,sitting,sitting,True,0.002227309,0.99406624,0.0026196737,6.519291e-06,7.855895e-06,3.716315e-05,0.00014159121,4.6701087e-05,0.00011312754,0.00011280746,0.00056384614,5.710903e-05,0.99406624
pamap2,gnn_flatten_lstm,sequence,3,103,103,104,563,8550,8550,1,1,2,2,sitting,sitting,True,0.002158878,0.99414426,0.0026199468,6.457495e-06,7.758401e-06,3.6749145e-05,0.00014041128,4.6307716e-05,0.00011216268,0.00011211658,0.0005590192,5.596014e-05,0.99414426
pamap2,gnn_flatten_lstm,sequence,3,103,103,104,564,8551,8551,1,1,2,2,sitting,sitting,True,0.002059846,0.9942567,0.002620318,6.372524e-06,7.611573e-06,3.610694e-05,0.00013888249,4.571057e-05,0.00011058041,0.000111233,0.00055242795,5.429223e-05,0.9942567
pamap2,gnn_flatten_lstm,sequence,3,103,103,104,565,8552,8552,1,1,2,2,sitting,sitting,True,0.0020068702,0.9943076,0.002627569,6.339142e-06,7.5604944e-06,3.5899953e-05,0.0001380167,4.557753e-05,0.000110085515,0.00011092915,0.0005500679,5.3489497e-05,0.9943076
pamap2,gnn_flatten_lstm,sequence,3,103,103,104,566,8553,8553,1,1,2,2,sitting,sitting,True,0.0020748437,0.9942411,0.002619274,6.3786315e-06,7.65284e-06,3.6338894e-05,0.00013875349,4.585586e-05,0.00011129949,0.000111155976,0.0005525882,5.464632e-05,0.9942411
pamap2,gnn_flatten_lstm,sequence,3,103,103,104,567,8554,8554,1,1,2,2,sitting,sitting,True,0.002139035,0.9941737,0.0026154546,6.422446e-06,7.747635e-06,3.677548e-05,0.00013951166,4.6204274e-05,0.00011249273,0.000111482404,0.00055544334,5.574692e-05,0.9941737
pamap2,gnn_flatten_lstm,sequence,3,103,103,104,568,8555,8555,1,1,2,2,sitting,sitting,True,0.0021444105,0.9941707,0.0026131757,6.4222672e-06,7.754968e-06,3.6820922e-05,0.00013950274,4.619524e-05,0.00011257159,0.00011145211,0.00055518484,5.586341e-05,0.9941707
pamap2,gnn_flatten_lstm,sequence,3,103,103,104,569,8556,8556,1,1,2,2,sitting,sitting,True,0.0021306153,0.9941942,0.0026055006,6.3902216e-06,7.707865e-06,3.6565772e-05,0.00013999714,4.5770907e-05,0.00011146377,0.000111831214,0.00055433955,5.555594e-05,0.9941942
pamap2,gnn_flatten_lstm,sequence,3,103,103,104,570,8557,8557,1,1,2,2,sitting,sitting,True,0.0022219608,0.99409497,0.002597812,6.3887123e-06,7.765234e-06,3.7100377e-05,0.00013884308,4.575041e-05,0.000111599955,0.00011213369,0.0005685969,5.7116667e-05,0.99409497
pamap2,gnn_flatten_lstm,sequence,3,103,103,104,571,8558,8558,1,1,2,2,sitting,sitting,True,0.0023641419,0.99392855,0.0025825058,6.462643e-06,8.054003e-06,3.9620216e-05,0.0001369671,4.7362242e-05,0.00011600304,0.00011310875,0.0005964595,6.0779188e-05,0.99392855
pamap2,gnn_flatten_lstm,sequence,3,103,103,104,572,8559,8559,1,1,2,2,sitting,sitting,True,0.0018329251,0.99437827,0.0026789245,5.773658e-06,7.366585e-06,3.7842317e-05,0.00012450608,4.5416586e-05,0.000104439765,0.000113714355,0.0006202779,5.059353e-05,0.99437827
pamap2,gnn_flatten_lstm,sequence,3,103,103,104,573,8560,8560,1,1,2,2,sitting,sitting,True,0.0013152398,0.9946413,0.0029239275,5.450972e-06,7.0005076e-06,3.6395562e-05,0.00011935318,4.589436e-05,9.594314e-05,0.000120813755,0.0006480892,4.058306e-05,0.9946413
pamap2,gnn_flatten_lstm,sequence,3,103,103,104,574,8561,8561,1,1,2,2,sitting,sitting,True,0.0010440171,0.9945702,0.0031795497,5.4213792e-06,7.2439675e-06,3.7878257e-05,0.000117619165,4.8781712e-05,9.302845e-05,0.0001333171,0.00072714366,3.5860463e-05,0.9945702
pamap2,gnn_flatten_lstm,sequence,3,103,103,104,575,8562,8562,1,1,2,2,sitting,sitting,True,0.00090334995,0.9944378,0.0034015963,5.7937445e-06,7.691043e-06,3.8444177e-05,0.00012034051,5.19531e-05,9.4975e-05,0.00014202231,0.0007617757,3.4198078e-05,0.9944378
pamap2,gnn_flatten_lstm,sequence,3,103,103,104,576,8563,8563,1,1,2,2,sitting,sitting,True,0.00085368234,0.99398947,0.0037486288,6.600317e-06,8.983667e-06,4.1291576e-05,0.00013652438,5.838026e-05,0.00010107262,0.00016778219,0.0008525576,3.513694e-05,0.99398947
pamap2,gnn_flatten_lstm,sequence,3,103,103,104,577,8564,8564,1,1,2,2,sitting,sitting,True,0.0008020093,0.99351656,0.004134624,7.6272186e-06,1.0180431e-05,4.2178966e-05,0.00015432693,6.4341075e-05,0.000106908825,0.0001942317,0.00093087653,3.613674e-05,0.99351656
pamap2,gnn_flatten_lstm,sequence,3,103,103,104,578,8565,8565,1,1,2,2,sitting,sitting,True,0.0007349628,0.9930131,0.00465178,9.242539e-06,1.1037318e-05,3.8932514e-05,0.00017286194,6.8968904e-05,0.00011327841,0.0002146938,0.00093406945,3.7059006e-05,0.9930131
pamap2,gnn_flatten_lstm,sequence,3,103,103,104,579,8566,8566,1,1,2,2,sitting,sitting,True,0.0007224908,0.9921193,0.00536607,1.1623715e-05,1.30285e-05,4.038765e-05,0.00020276924,7.934236e-05,0.00012611535,0.00025327693,0.0010248604,4.0699335e-05,0.9921193
pamap2,gnn_flatten_lstm,sequence,3,103,103,104,580,8567,8567,1,1,2,2,sitting,sitting,True,0.0007466649,0.9906104,0.006508826,1.569334e-05,1.6940074e-05,4.603832e-05,0.00024913228,9.865751e-05,0.00014962035,0.00031580703,0.0011944284,4.781707e-05,0.9906104
pamap2,gnn_flatten_lstm,sequence,3,103,103,104,581,8568,8568,1,1,2,2,sitting,sitting,True,0.0008702114,0.98686814,0.00922127,2.5208645e-05,2.7729191e-05,6.384521e-05,0.0003524716,0.00014885582,0.00020193099,0.00047584734,0.001678864,6.55684e-05,0.98686814
pamap2,gnn_flatten_lstm,sequence,3,103,103,104,582,8569,8569,1,1,2,2,sitting,sitting,True,0.0010896869,0.98190826,0.012800588,4.144312e-05,4.5135497e-05,8.845693e-05,0.0004940696,0.000223933,0.00028137816,0.0006781449,0.0022547569,9.414297e-05,0.98190826
pamap2,gnn_flatten_lstm,sequence,3,103,103,104,583,8570,8570,1,1,2,2,sitting,sitting,True,0.0013054004,0.9775711,0.01585833,5.8137426e-05,6.3319596e-05,0.000113837756,0.0006253564,0.00029581637,0.0003549441,0.0008566938,0.0027758242,0.0001212252,0.9775711
pamap2,gnn_flatten_lstm,sequence,3,103,103,104,584,8571,8571,1,1,2,2,sitting,sitting,True,0.0012841588,0.9784928,0.015120565,5.5836903e-05,6.114125e-05,0.00011219972,0.0006092736,0.0002857981,0.00035073987,0.0008265073,0.0026819254,0.00011902651,0.9784928
pamap2,gnn_flatten_lstm,sequence,3,103,103,104,585,8572,8572,1,1,2,2,sitting,sitting,True,0.0012762726,0.9790708,0.014708102,5.433366e-05,5.8862202e-05,0.00010872199,0.0005956207,0.00027647486,0.000345402,0.0007990512,0.002588943,0.000117393276,0.9790708
pamap2,gnn_flatten_lstm,sequence,3,103,103,104,586,8573,8573,1,1,2,2,sitting,sitting,True,0.0011563066,0.98147017,0.01294628,4.4906355e-05,4.954027e-05,9.8289755e-05,0.00052312954,0.00023946048,0.00030865942,0.0007039176,0.0023567448,0.00010265923,0.98147017
pamap2,gnn_flatten_lstm,sequence,3,103,103,104,587,8574,8574,1,1,2,2,sitting,sitting,True,0.0010821277,0.982685,0.012015297,3.9573224e-05,4.4733333e-05,9.462121e-05,0.00048018256,0.00022101724,0.00028608795,0.0006575036,0.0022999325,9.389533e-05,0.982685
pamap2,gnn_flatten_lstm,sequence,3,103,103,104,588,8575,8575,1,1,2,2,sitting,sitting,True,0.0011022887,0.982227,0.012312663,4.049894e-05,4.6071367e-05,9.874254e-05,0.00048355252,0.00022933229,0.0002916947,0.0006683367,0.0024037405,9.611102e-05,0.982227
pamap2,gnn_flatten_lstm,sequence,3,103,103,104,589,8576,8576,1,1,2,2,sitting,sitting,True,0.001142729,0.9815306,0.01279802,4.2528027e-05,4.849503e-05,0.000104005194,0.0004942786,0.00024203457,0.00030257727,0.0006841417,0.0025104438,0.00010013153,0.9815306
pamap2,gnn_flatten_lstm,sequence,3,103,103,104,590,8577,8577,1,1,2,2,sitting,sitting,True,0.0011147415,0.9819629,0.012533185,4.027724e-05,4.63934e-05,0.000102261074,0.00047355553,0.00023529053,0.00029567597,0.0006524041,0.0024473406,9.588974e-05,0.9819629
pamap2,gnn_flatten_lstm,sequence,3,103,103,104,591,8578,8578,1,1,2,2,sitting,sitting,True,0.00097361894,0.98426986,0.010965997,3.1913627e-05,3.776776e-05,8.998944e-05,0.0004066022,0.0001985566,0.00026248017,0.0005555328,0.0021278888,7.971946e-05,0.98426986
pamap2,gnn_flatten_lstm,sequence,3,103,103,104,592,8579,8579,1,1,2,2,sitting,sitting,True,0.0009379081,0.984035,0.0111192195,3.0531195e-05,3.7357087e-05,9.2425835e-05,0.0004030518,0.00019684724,0.0002559788,0.00057242974,0.0022431426,7.611941e-05,0.984035
pamap2,gnn_flatten_lstm,sequence,3,103,103,104,593,8580,8580,1,1,2,2,sitting,sitting,True,0.0009488324,0.98313564,0.011730951,3.174776e-05,3.9416114e-05,9.85817e-05,0.00041690058,0.00020728141,0.00026167292,0.0006107013,0.0024405476,7.7645105e-05,0.98313564
pamap2,gnn_flatten_lstm,sequence,3,103,103,104,594,8581,8581,1,1,2,2,sitting,sitting,True,0.0009457684,0.98275733,0.011971315,3.2193435e-05,4.0266325e-05,0.00010237943,0.00042153033,0.00021190924,0.0002649525,0.00062697753,0.0025473929,7.7917066e-05,0.98275733
pamap2,gnn_flatten_lstm,sequence,3,103,103,104,595,8582,8582,1,1,2,2,sitting,sitting,True,0.00095715804,0.9819842,0.012505762,3.34386e-05,4.207822e-05,0.00010757384,0.00043212288,0.00022098394,0.00027107683,0.0006554911,0.0027105606,7.942254e-05,0.9819842
pamap2,gnn_flatten_lstm,sequence,3,103,103,104,596,8583,8583,1,1,2,2,sitting,sitting,True,0.0009177196,0.9834809,0.011520794,3.0777886e-05,3.783413e-05,9.681317e-05,0.00040040442,0.00020241218,0.00025834062,0.0005853096,0.0023939654,7.478967e-05,0.9834809
pamap2,gnn_flatten_lstm,sequence,3,103,103,104,597,8584,8584,1,1,2,2,sitting,sitting,True,0.0008682993,0.9852824,0.010299862,2.7410995e-05,3.299823e-05,8.4846055e-05,0.00036388115,0.00017978961,0.0002419297,0.00050834374,0.0020410824,6.919408e-05,0.9852824
pamap2,gnn_flatten_lstm,sequence,3,103,103,104,598,8585,8585,1,1,2,2,sitting,sitting,True,0.0008563122,0.98604846,0.009762267,2.6144207e-05,3.1120824e-05,8.002927e-05,0.0003495018,0.00017048343,0.00023587166,0.00047578797,0.0018965306,6.7456276e-05,0.98604846
pamap2,gnn_flatten_lstm,sequence,3,103,103,104,599,8586,8586,1,1,2,2,sitting,sitting,True,0.0008904546,0.98551047,0.010149454,2.7909906e-05,3.3055792e-05,8.294905e-05,0.0003638047,0.00017911663,0.00024604547,0.0004933904,0.001952326,7.094007e-05,0.98551047
pamap2,gnn_flatten_lstm,sequence,3,103,103,104,600,8587,8587,1,1,2,2,sitting,sitting,True,0.0009582265,0.9840465,0.011212408,3.1886255e-05,3.775422e-05,9.088339e-05,0.00039832035,0.00020040688,0.00026809273,0.00054419535,0.0021331252,7.805099e-05,0.9840465
pamap2,gnn_flatten_lstm,sequence,3,103,103,104,601,8588,8588,1,1,2,2,sitting,sitting,True,0.0009913264,0.98342484,0.0116604185,3.3828706e-05,4.0043604e-05,9.4496056e-05,0.0004159564,0.00020992597,0.0002792122,0.000566869,0.0022016675,8.149807e-05,0.98342484
pamap2,gnn_flatten_lstm,sequence,3,103,103,104,602,8589,8589,1,1,2,2,sitting,sitting,True,0.00086579676,0.98642063,0.009536885,2.5740712e-05,3.0396572e-05,7.652819e-05,0.0003445199,0.00016554225,0.00023795744,0.00045533982,0.0017733901,6.7270084e-05,0.98642063
pamap2,gnn_flatten_lstm,sequence,3,103,103,104,603,8590,8590,1,1,2,2,sitting,sitting,True,0.00077575905,0.9882753,0.008230634,2.0784157e-05,2.4554805e-05,6.531103e-05,0.00029695244,0.00013791263,0.00020908662,0.00038635716,0.0015200202,5.7439353e-05,0.9882753
pamap2,gnn_flatten_lstm,sequence,3,103,103,104,604,8591,8591,1,1,2,2,sitting,sitting,True,0.0007263239,0.98928773,0.0075151944,1.8367784e-05,2.163369e-05,5.9418053e-05,0.00027208123,0.00012348549,0.0001935022,0.00034925828,0.0013805333,5.234242e-05,0.98928773
pamap2,gnn_flatten_lstm,sequence,3,103,103,104,605,8592,8592,1,1,2,2,sitting,sitting,True,0.00069841294,0.9898427,0.0071220426,1.7119566e-05,2.015722e-05,5.6467983e-05,0.00025853486,0.00011595079,0.00018504707,0.0003291778,0.0013047153,4.957667e-05,0.9898427
pamap2,gnn_flatten_lstm,sequence,3,103,103,104,606,8593,8593,1,1,2,2,sitting,sitting,True,0.0006899044,0.99002624,0.006987757,1.6731914e-05,1.973838e-05,5.571829e-05,0.00025462676,0.0001136651,0.00018250258,0.00032305223,0.0012813667,4.8733742e-05,0.99002624
pamap2,gnn_flatten_lstm,sequence,3,103,103,104,607,8594,8594,1,1,2,2,sitting,sitting,True,0.00069102383,0.9900159,0.0069911904,1.6823968e-05,1.986178e-05,5.6015648e-05,0.00025583993,0.000114095405,0.0001833319,0.00032403652,0.001282833,4.89083e-05,0.9900159
pamap2,gnn_flatten_lstm,sequence,3,103,103,104,608,8595,8595,1,1,2,2,sitting,sitting,True,0.00069826347,0.98987436,0.007089664,1.7188151e-05,2.032581e-05,5.7028417e-05,0.00025989188,0.000116299474,0.00018612786,0.00032949113,0.0013018076,4.9682236e-05,0.98987436
pamap2,gnn_flatten_lstm,sequence,3,103,103,104,609,8596,8596,1,1,2,2,sitting,sitting,True,0.00070316106,0.98978746,0.007148417,1.7452634e-05,2.0644575e-05,5.7686506e-05,0.00026292104,0.00011770516,0.00018808604,0.00033316162,0.0013130045,5.0240025e-05,0.98978746
pamap2,gnn_flatten_lstm,sequence,3,103,103,104,610,8597,8597,1,1,2,2,sitting,sitting,True,0.00070990506,0.9896812,0.00722209,1.779267e-05,2.1028065e-05,5.8423713e-05,0.00026651807,0.000119438555,0.00019062817,0.00033720068,0.0013248967,5.097688e-05,0.9896812
pamap2,gnn_flatten_lstm,sequence,3,103,103,104,611,8598,8598,1,1,2,2,sitting,sitting,True,0.00071383105,0.98957354,0.007291284,1.7945733e-05,2.1305012e-05,5.9233662e-05,0.00026897396,0.00012080141,0.00019164273,0.0003420719,0.0013479488,5.1380175e-05,0.98957354
pamap2,gnn_flatten_lstm,sequence,3,103,103,104,612,8599,8599,1,1,2,2,sitting,sitting,True,0.0007199759,0.98945016,0.0073760757,1.8233437e-05,2.1658794e-05,5.997845e-05,0.00027226427,0.00012255034,0.00019355131,0.00034693026,0.0013665411,5.2027255e-05,0.98945016
pamap2,gnn_flatten_lstm,sequence,3,103,103,104,613,8600,8600,1,1,2,2,sitting,sitting,True,0.0007288011,0.988953,0.0077094506,1.8902201e-05,2.2900782e-05,6.332588e-05,0.00028351505,0.00012837866,0.00019694047,0.0003723026,0.0014691463,5.3319334e-05,0.988953
pamap2,gnn_flatten_lstm,sequence,3,103,103,104,614,8601,8601,1,1,2,2,sitting,sitting,True,0.0007501275,0.98758054,0.008606268,2.0683325e-05,2.6024725e-05,7.205881e-05,0.00031165156,0.00014312576,0.00020219764,0.0004444773,0.0017861322,5.684995e-05,0.98758054
pamap2,gnn_flatten_lstm,sequence,3,103,103,104,615,8602,8602,1,1,2,2,sitting,sitting,True,0.0007933529,0.98739177,0.0088813575,2.3603121e-05,2.6879627e-05,6.511042e-05,0.00032944052,0.00014547141,0.00021054895,0.00044257395,0.0016282225,6.1674116e-05,0.98739177
pamap2,gnn_flatten_lstm,sequence,3,103,103,104,616,8603,8603,1,1,2,2,sitting,sitting,True,0.0008467799,0.9872608,0.00897922,2.581645e-05,2.7892283e-05,6.3307125e-05,0.00034683142,0.00014791252,0.0002159308,0.0004489175,0.0015697357,6.686947e-05,0.9872608
pamap2,gnn_flatten_lstm,sequence,3,103,103,104,617,8604,8604,1,1,2,2,sitting,sitting,True,0.0008872292,0.98704696,0.0091407485,2.7416569e-05,2.8709312e-05,6.2536215e-05,0.0003612017,0.00015008112,0.00021936632,0.0004580445,0.0015473841,7.028534e-05,0.98704696
pamap2,gnn_flatten_lstm,sequence,3,103,103,104,618,8605,8605,1,1,2,2,sitting,sitting,True,0.0009212737,0.9867498,0.009362075,2.877977e-05,2.9634097e-05,6.267797e-05,0.00037561267,0.000153233,0.0002233332,0.00047114945,0.0015495346,7.291966e-05,0.9867498
pamap2,gnn_flatten_lstm,sequence,3,103,103,104,619,8606,8606,1,1,2,2,sitting,sitting,True,0.0009602444,0.98626363,0.009716872,3.06726e-05,3.120903e-05,6.402798e-05,0.00039505376,0.00015933775,0.00023102197,0.00049217005,0.0015792117,7.647668e-05,0.98626363
pamap2,gnn_flatten_lstm,sequence,3,103,103,104,620,8607,8607,1,1,2,2,sitting,sitting,True,0.0010149498,0.9854719,0.010289585,3.3721975e-05,3.39237e-05,6.703141e-05,0.0004239567,0.00017028919,0.00024488903,0.0005250867,0.0016424288,8.211325e-05,0.9854719
pamap2,gnn_flatten_lstm,sequence,3,103,103,104,621,8608,8608,1,1,2,2,sitting,sitting,True,0.0010501567,0.9849408,0.0106842285,3.579077e-05,3.5658173e-05,6.8661975e-05,0.0004431164,0.00017727225,0.00025435782,0.0005465788,0.0016775664,8.577903e-05,0.9849408
pamap2,gnn_flatten_lstm,sequence,3,103,103,104,622,8609,8609,1,1,2,2,sitting,sitting,True,0.0010617531,0.9848728,0.010741391,3.6031313e-05,3.558546e-05,6.80917e-05,0.0004470393,0.00017695432,0.00025518067,0.00054895185,0.001669716,8.634796e-05,0.9848728
pamap2,gnn_flatten_lstm,sequence,3,103,103,104,623,8610,8610,1,1,2,2,sitting,sitting,True,0.0010164086,0.9858564,0.010028665,3.2757544e-05,3.2181197e-05,6.344912e-05,0.00041890322,0.00016236455,0.00023993498,0.000508974,0.0015594058,8.049225e-05,0.9858564
pamap2,gnn_flatten_lstm,sequence,3,103,103,104,624,8611,8611,1,1,2,2,sitting,sitting,True,0.000948968,0.9875459,0.008766694,2.7764094e-05,2.721307e-05,5.7340334e-05,0.0003707902,0.00014040274,0.00021745398,0.0004396795,0.0013858535,7.182624e-05,0.9875459
pamap2,gnn_flatten_lstm,sequence,3,103,103,104,625,8612,8612,1,1,2,2,sitting,sitting,True,0.0009357438,0.9878681,0.0085225515,2.6721662e-05,2.6248614e-05,5.6283905e-05,0.00036053848,0.00013631496,0.00021272522,0.00042648692,0.0013581974,7.0106056e-05,0.9878681
pamap2,gnn_flatten_lstm,sequence,3,103,103,104,626,8613,8613,1,1,2,2,sitting,sitting,True,0.00092985225,0.9879369,0.008472297,2.636759e-05,2.5963156e-05,5.59648e-05,0.00035756448,0.00013511842,0.00021079682,0.00042420486,0.0013555242,6.942332e-05,0.9879369
pamap2,gnn_flatten_lstm,sequence,3,103,103,104,627,8614,8614,1,1,2,2,sitting,sitting,True,0.0009235743,0.9879958,0.008429172,2.6043317e-05,2.5712032e-05,5.5731118e-05,0.00035470814,0.00013420258,0.00020907952,0.00042227368,0.001354929,6.8774854e-05,0.9879958
pamap2,gnn_flatten_lstm,sequence,3,103,103,104,628,8615,8615,1,1,2,2,sitting,sitting,True,0.00091658934,0.9880199,0.008425018,2.5807265e-05,2.5442268e-05,5.501886e-05,0.00035335746,0.00013301017,0.00020657874,0.00042209696,0.0013491376,6.8020134e-05,0.9880199
pamap2,gnn_flatten_lstm,sequence,3,103,103,104,629,8616,8616,1,1,2,2,sitting,sitting,True,0.0009121234,0.98804957,0.00841714,2.5663112e-05,2.52045e-05,5.42677e-05,0.00035250004,0.00013197299,0.00020470792,0.00042114803,0.0013381663,6.750814e-05,0.98804957
pamap2,gnn_flatten_lstm,sequence,3,103,103,104,630,8617,8617,1,1,2,2,sitting,sitting,True,0.0009085711,0.9880734,0.008416889,2.5554951e-05,2.4968234e-05,5.3425716e-05,0.0003518685,0.00013094202,0.00020294609,0.000419818,0.0013244933,6.701163e-05,0.9880734
pamap2,gnn_flatten_lstm,sequence,3,103,103,104,631,8618,8618,1,1,2,2,sitting,sitting,True,0.0009089051,0.988103,0.008401258,2.5532989e-05,2.4865469e-05,5.3048763e-05,0.00035153545,0.00013049877,0.00020262416,0.00041792827,0.0013138984,6.691655e-05,0.988103
pamap2,gnn_flatten_lstm,sequence,3,103,103,104,632,8619,8619,1,1,2,2,sitting,sitting,True,0.0009141596,0.9880078,0.0084765,2.586305e-05,2.5135527e-05,5.3228003e-05,0.00035461402,0.00013173529,0.00020419406,0.00042126517,0.0013179487,6.748816e-05,0.9880078
pamap2,gnn_flatten_lstm,sequence,3,103,103,104,633,8620,8620,1,1,2,2,sitting,sitting,True,0.0009180332,0.98804295,0.00844522,2.585026e-05,2.5076875e-05,5.313414e-05,0.00035467936,0.00013144343,0.00020449601,0.00041954714,0.0013119115,6.769323e-05,0.98804295
pamap2,gnn_flatten_lstm,sequence,3,103,103,104,634,8621,8621,1,1,2,2,sitting,sitting,True,0.00091826485,0.98747545,0.008762383,2.5863319e-05,2.6796568e-05,5.889673e-05,0.0003667342,0.00013983724,0.00020650667,0.0004601911,0.0014907874,6.8341076e-05,0.98747545
pamap2,gnn_flatten_lstm,sequence,3,103,103,104,635,8622,8622,1,1,2,2,sitting,sitting,True,0.0009149015,0.98606086,0.0094376085,2.5051833e-05,2.9098157e-05,7.4186995e-05,0.00037530638,0.00015434658,0.00020231032,0.0005504685,0.0021073138,6.849708e-05,0.98606086
pamap2,gnn_flatten_lstm,sequence,3,103,103,104,636,8623,8623,1,1,2,2,sitting,sitting,True,0.00090665306,0.9857713,0.009595157,2.4518136e-05,2.887064e-05,7.8519864e-05,0.00035319198,0.00015883957,0.00020282302,0.0005373107,0.0022757407,6.719888e-05,0.9857713
pamap2,gnn_flatten_lstm,sequence,3,103,103,104,637,8624,8624,1,1,2,2,sitting,sitting,True,0.0008697805,0.9866188,0.009137277,2.3290497e-05,2.6695887e-05,7.3248964e-05,0.0003238934,0.00015105051,0.00019857901,0.0004765872,0.0020364008,6.445245e-05,0.9866188
pamap2,gnn_flatten_lstm,sequence,3,103,103,104,638,8625,8625,1,1,2,2,sitting,sitting,True,0.0008343895,0.98744106,0.008599198,2.1614796e-05,2.4642626e-05,6.883332e-05,0.00030097575,0.00014166861,0.00019050002,0.0004354985,0.0018804296,6.1049395e-05,0.98744106
pamap2,gnn_flatten_lstm,sequence,3,103,103,104,639,8626,8626,1,1,2,2,sitting,sitting,True,0.0007993776,0.98802733,0.008209021,2.0096091e-05,2.304261e-05,6.585529e-05,0.0002828933,0.00013411629,0.00018337065,0.00040769225,0.0017895469,5.7725563e-05,0.98802733
pamap2,gnn_flatten_lstm,sequence,3,103,103,104,640,8627,8627,1,1,2,2,sitting,sitting,True,0.00072628085,0.9888404,0.007714894,1.744227e-05,2.0476733e-05,6.086795e-05,0.00025715996,0.00012213587,0.00017202135,0.00036918753,0.0016481332,5.1042105e-05,0.9888404
pamap2,gnn_flatten_lstm,sequence,3,103,103,104,641,8628,8628,1,1,2,2,sitting,sitting,True,0.0006725408,0.9893784,0.007408759,1.5883628e-05,1.895041e-05,5.766536e-05,0.00024227951,0.00011468093,0.00016703109,0.00034456013,0.0015326604,4.6617937e-05,0.9893784
pamap2,gnn_flatten_lstm,sequence,3,103,103,104,642,8629,8629,1,1,2,2,sitting,sitting,True,0.00066891266,0.98919487,0.00756956,1.6160222e-05,1.9452596e-05,5.8725116e-05,0.00024654643,0.00011741491,0.00017142341,0.0003506565,0.001539559,4.6751036e-05,0.98919487
pamap2,gnn_flatten_lstm,sequence,3,103,103,104,643,8630,8630,1,1,2,2,sitting,sitting,True,0.00069160166,0.988332,0.008207081,1.7323075e-05,2.1182816e-05,6.303181e-05,0.00026022317,0.00012729815,0.00018019514,0.00037942117,0.0016718009,4.89749e-05,0.988332
pamap2,gnn_flatten_lstm,sequence,3,103,103,104,644,8631,8631,1,1,2,2,sitting,sitting,True,0.0006737262,0.98865694,0.007991509,1.6462222e-05,2.0303525e-05,6.1534985e-05,0.00024956607,0.00012364895,0.00017503357,0.0003639593,0.0016202185,4.719594e-05,0.98865694
pamap2,gnn_flatten_lstm,sequence,3,103,103,104,645,8632,8632,1,1,2,2,sitting,sitting,True,0.0006534458,0.9895941,0.007293751,1.5492953e-05,1.9007108e-05,5.8543614e-05,0.0002383781,0.00011514281,0.00017026144,0.00033300841,0.0014634717,4.539783e-05,0.9895941
pamap2,gnn_flatten_lstm,sequence,3,103,103,104,646,8633,8633,1,1,2,2,sitting,sitting,True,0.0006533504,0.9897092,0.0072032744,1.5480398e-05,1.8952805e-05,5.8435788e-05,0.00023801827,0.00011429558,0.00017061511,0.00032944433,0.0014435466,4.5453886e-05,0.9897092
pamap2,gnn_flatten_lstm,sequence,3,103,103,104,647,8634,8634,1,1,2,2,sitting,sitting,True,0.00065594073,0.98963857,0.0072540143,1.5608543e-05,1.9118113e-05,5.880852e-05,0.00023946248,0.00011514041,0.00017138569,0.0003319589,0.0014543415,4.5731253e-05,0.98963857
pamap2,gnn_flatten_lstm,sequence,3,103,103,104,648,8635,8635,1,1,2,2,sitting,sitting,True,0.0006586018,0.9896186,0.0072690197,1.5714764e-05,1.921867e-05,5.8923488e-05,0.0002404609,0.00011557858,0.00017226876,0.00033242817,0.0014531843,4.598407e-05,0.9896186
pamap2,gnn_flatten_lstm,sequence,3,103,103,104,649,8636,8636,1,1,2,2,sitting,sitting,True,0.000660884,0.9896429,0.007255713,1.5789195e-05,1.924194e-05,5.8690563e-05,0.00024093692,0.00011555055,0.00017301668,0.000331017,0.0014401161,4.6171255e-05,0.9896429
pamap2,gnn_flatten_lstm,sequence,3,103,103,104,650,8637,8637,1,1,2,2,sitting,sitting,True,0.0006639351,0.9895927,0.0072911987,1.592141e-05,1.9410727e-05,5.902768e-05,0.00024244661,0.00011629177,0.00017404684,0.00033286583,0.0014457151,4.6482808e-05,0.9895927
pamap2,gnn_flatten_lstm,sequence,3,103,103,104,651,8638,8638,1,1,2,2,sitting,sitting,True,0.0006715423,0.98940533,0.0074296533,1.634654e-05,1.99189e-05,6.0079463e-05,0.00024640944,0.000118889184,0.00017709807,0.00033886207,0.0014684929,4.7307312e-05,0.98940533
pamap2,gnn_flatten_lstm,sequence,3,103,103,104,652,8639,8639,1,1,2,2,sitting,sitting,True,0.0006778263,0.98924726,0.0075383554,1.6709122e-05,2.0398546e-05,6.123226e-05,0.00025056885,0.00012118647,0.00017971265,0.00034527757,0.0014934487,4.8029957e-05,0.98924726
pamap2,gnn_flatten_lstm,sequence,3,103,103,104,653,8640,8640,1,1,2,2,sitting,sitting,True,0.00068128394,0.989116,0.007624989,1.690136e-05,2.0746644e-05,6.2242514e-05,0.0002535053,0.00012291517,0.00018097347,0.00035130754,0.0015207331,4.841192e-05,0.989116
pamap2,gnn_flatten_lstm,sequence,3,103,103,104,654,8641,8641,1,1,2,2,sitting,sitting,True,0.0006837413,0.98903555,0.007678124,1.7035245e-05,2.0948215e-05,6.281143e-05,0.00025536682,0.00012396721,0.00018175469,0.00035489624,0.0015371186,4.86978e-05,0.98903555
pamap2,gnn_flatten_lstm,sequence,3,103,103,104,655,8642,8642,1,1,2,2,sitting,sitting,True,0.0006869586,0.9889818,0.0077220155,1.7223038e-05,2.112055e-05,6.2967665e-05,0.00025702067,0.00012483551,0.00018296999,0.00035642902,0.001537658,4.904516e-05,0.9889818
pamap2,gnn_flatten_lstm,sequence,3,103,103,104,656,8643,8643,1,1,2,2,sitting,sitting,True,0.000693123,0.988851,0.0078206565,1.758823e-05,2.1550868e-05,6.370227e-05,0.00026068607,0.00012694772,0.00018562081,0.0003609857,0.0015484556,4.9715432e-05,0.988851
pamap2,gnn_flatten_lstm,sequence,3,103,103,104,657,8644,8644,1,1,2,2,sitting,sitting,True,0.0006999691,0.98871547,0.00791585,1.7936381e-05,2.201807e-05,6.464537e-05,0.00026487975,0.00012913518,0.0001881958,0.00036652663,0.0015649553,5.0430295e-05,0.98871547
pamap2,gnn_flatten_lstm,sequence,3,103,103,104,658,8645,8645,1,1,2,2,sitting,sitting,True,0.00071177515,0.9884433,0.008118316,1.862327e-05,2.2835951e-05,6.610745e-05,0.00027164604,0.00013312645,0.0001928358,0.00037590403,0.0015938592,5.1733332e-05,0.9884433
pamap2,gnn_flatten_lstm,sequence,3,103,103,104,659,8646,8646,1,1,2,2,sitting,sitting,True,0.0007253458,0.98815525,0.0083274795,1.9373032e-05,2.3736495e-05,6.781155e-05,0.00027933813,0.0001374551,0.0001980022,0.0003860909,0.0016268705,5.3226708e-05,0.98815525
pamap2,gnn_flatten_lstm,sequence,3,103,103,104,660,8647,8647,1,1,2,2,sitting,sitting,True,0.000739965,0.9878214,0.008565553,2.0157926e-05,2.4765179e-05,6.989555e-05,0.0002878492,0.00014237383,0.0002031834,0.00039865464,0.0016713069,5.4808927e-05,0.9878214
pamap2,gnn_flatten_lstm,sequence,3,103,103,104,661,8648,8648,1,1,2,2,sitting,sitting,True,0.0007536655,0.9875388,0.008763814,2.0940945e-05,2.5732781e-05,7.1813185e-05,0.0002960262,0.00014686595,0.00020837641,0.00040958505,0.0017080356,5.6351226e-05,0.9875388
pamap2,gnn_flatten_lstm,sequence,3,103,103,104,662,8649,8649,1,1,2,2,sitting,sitting,True,0.0007689345,0.98722607,0.008992637,2.1869346e-05,2.6804546e-05,7.3688214e-05,0.0003046138,0.00015183794,0.00021434692,0.00042046688,0.001740629,5.8098765e-05,0.98722607
pamap2,gnn_flatten_lstm,sequence,3,103,103,104,663,8650,8650,1,1,2,2,sitting,sitting,True,0.0007760754,0.98712814,0.009061312,2.2276809e-05,2.7278375e-05,7.446672e-05,0.00030883387,0.00015375631,0.000217247,0.00042447893,0.0017471927,5.8922975e-05,0.98712814
pamap2,gnn_flatten_lstm,sequence,3,103,103,104,664,8651,8651,1,1,2,2,sitting,sitting,True,0.00078819843,0.9868896,0.009226752,2.2959559e-05,2.818225e-05,7.620726e-05,0.0003163315,0.0001577078,0.0002217729,0.0004344476,0.0017775095,6.027978e-05,0.9868896
pamap2,gnn_flatten_lstm,sequence,3,103,103,104,665,8652,8652,1,1,2,2,sitting,sitting,True,0.0008045466,0.98650867,0.009489468,2.3979383e-05,2.951093e-05,7.904798e-05,0.0003266075,0.00016376765,0.00022826203,0.000449493,0.0018343825,6.222834e-05,0.98650867
pamap2,gnn_flatten_lstm,sequence,3,103,103,104,666,8653,8653,1,1,2,2,sitting,sitting,True,0.00082341675,0.9860109,0.009844202,2.5360818e-05,3.11927e-05,8.2413986e-05,0.0003389338,0.00017149479,0.00023640473,0.00046783526,0.0019031864,6.461954e-05,0.9860109
pamap2,gnn_flatten_lstm,sequence,3,103,103,104,667,8654,8654,1,1,2,2,sitting,sitting,True,0.00084091414,0.98541635,0.010264268,2.6767326e-05,3.3064713e-05,8.655511e-05,0.00035181013,0.00018024087,0.00024414883,0.00049052545,0.0019983277,6.6961955e-05,0.98541635
pamap2,gnn_flatten_lstm,sequence,3,103,103,104,668,8655,8655,1,1,2,2,sitting,sitting,True,0.00086441723,0.9846779,0.010775265,2.853141e-05,3.547427e-05,9.2009046e-05,0.0003686314,0.00019115857,0.00025406765,0.0005196353,0.0021231356,6.982337e-05,0.9846779
pamap2,gnn_flatten_lstm,sequence,3,103,103,104,669,8656,8656,1,1,2,2,sitting,sitting,True,0.0008925653,0.9838536,0.011354071,3.0583236e-05,3.811172e-05,9.768406e-05,0.00038661258,0.00020311688,0.00026511657,0.0005498896,0.0022553804,7.3229065e-05,0.9838536
pamap2,gnn_flatten_lstm,sequence,3,103,103,104,670,8657,8657,1,1,2,2,sitting,sitting,True,0.0009145519,0.98312205,0.011868728,3.222867e-05,4.032924e-05,0.00010253949,0.00040131746,0.0002132365,0.00027332237,0.0005770443,0.0023786575,7.5864504e-05,0.98312205
pamap2,gnn_flatten_lstm,sequence,3,103,103,104,671,8658,8658,1,1,2,2,sitting,sitting,True,0.00093766145,0.9823826,0.01239757,3.386809e-05,4.2461714e-05,0.000106949476,0.00041523602,0.00022304516,0.00028074405,0.0006028124,0.00249867,7.852968e-05,0.9823826
pamap2,gnn_flatten_lstm,sequence,3,103,103,104,672,8659,8659,1,1,2,2,sitting,sitting,True,0.0009797768,0.98111445,0.013310633,3.7253318e-05,4.6669662e-05,0.00011472817,0.00044253655,0.00024177303,0.0002968351,0.00064826955,0.0026833662,8.368068e-05,0.98111445
pamap2,gnn_flatten_lstm,sequence,3,103,103,104,673,8660,8660,1,1,2,2,sitting,sitting,True,0.0010394234,0.97936285,0.014572055,4.225069e-05,5.2899006e-05,0.0001259077,0.0004811838,0.00026879937,0.0003206757,0.0007102584,0.0029326617,9.102567e-05,0.97936285
pamap2,gnn_flatten_lstm,sequence,3,103,103,104,674,8661,8661,1,1,2,2,sitting,sitting,True,0.0011099394,0.9770772,0.016227018,4.8699392e-05,6.104918e-05,0.00014028909,0.0005283137,0.00030365132,0.0003496707,0.00079003023,0.003264309,9.994602e-05,0.9770772
pamap2,gnn_flatten_lstm,sequence,3,103,103,104,675,8662,8662,1,1,2,2,sitting,sitting,True,0.0011952299,0.9741095,0.018366244,5.7206315e-05,7.196016e-05,0.00015941127,0.0005878086,0.00034907192,0.0003852578,0.00089515856,0.0037120439,0.00011110407,0.9741095
pamap2,gnn_flatten_lstm,sequence,3,103,103,104,676,8663,8663,1,1,2,2,sitting,sitting,True,0.0012867651,0.97088873,0.020667084,6.72077e-05,8.469033e-05,0.00018111484,0.0006548038,0.0004002957,0.0004241072,0.0010133007,0.0042082723,0.00012355602,0.97088873
pamap2,gnn_flatten_lstm,sequence,3,103,103,104,677,8664,8664,1,1,2,2,sitting,sitting,True,0.0013121875,0.9702766,0.021113306,7.021608e-05,8.814329e-05,0.00018551378,0.00067427853,0.00041291097,0.00043626543,0.0010382715,0.0042649624,0.0001273087,0.9702766
pamap2,gnn_flatten_lstm,sequence,3,103,103,104,678,8665,8665,1,1,2,2,sitting,sitting,True,0.0012739348,0.9720785,0.01982086,6.566124e-05,8.209784e-05,0.0001742278,0.0006463195,0.00038737382,0.00042126796,0.0009755765,0.003951831,0.00012220486,0.9720785
pamap2,gnn_flatten_lstm,sequence,3,103,103,104,679,8666,8666,1,1,2,2,sitting,sitting,True,0.001268415,0.97254294,0.019451898,6.483118e-05,8.122831e-05,0.00017296197,0.0006440852,0.0003825556,0.00041961254,0.0009653141,0.0038845327,0.00012160948,0.97254294
pamap2,gnn_flatten_lstm,sequence,3,103,103,104,680,8667,8667,1,1,2,2,sitting,sitting,True,0.0012564753,0.9731714,0.018963786,6.335814e-05,7.949067e-05,0.0001705028,0.0006369314,0.00037451193,0.0004150493,0.0009481652,0.0037999917,0.000120209465,0.9731714
pamap2,gnn_flatten_lstm,sequence,3,103,103,104,681,8668,8668,1,1,2,2,sitting,sitting,True,0.0012591744,0.97317165,0.018934563,6.364296e-05,7.9956604e-05,0.00017179931,0.00064050744,0.00037563624,0.00041666732,0.0009523803,0.0038132358,0.00012082427,0.97317165
pamap2,gnn_flatten_lstm,sequence,3,103,103,104,682,8669,8669,1,1,2,2,sitting,sitting,True,0.0012836385,0.97251284,0.01938112,6.63932e-05,8.325628e-05,0.0001774708,0.0006590204,0.00038807373,0.00042766353,0.0009793596,0.0039167264,0.0001244373,0.97251284
pamap2,gnn_flatten_lstm,sequence,3,103,103,104,683,8670,8670,1,1,2,2,sitting,sitting,True,0.0013060904,0.9717628,0.01991946,6.895417e-05,8.6367574e-05,0.00018255023,0.0006749488,0.00040031632,0.00043706517,0.0010058411,0.00402792,0.00012761379,0.9717628
pamap2,gnn_flatten_lstm,sequence,3,103,103,104,684,8671,8671,1,1,2,2,sitting,sitting,True,0.0013308523,0.97090924,0.020532047,7.186218e-05,8.995778e-05,0.00018840007,0.00069288455,0.00041437443,0.00044781348,0.0010362918,0.0041550444,0.0001311348,0.97090924
pamap2,gnn_flatten_lstm,sequence,3,103,103,104,685,8672,8672,1,1,2,2,sitting,sitting,True,0.0013605192,0.9698638,0.021271601,7.535563e-05,9.447523e-05,0.00019603933,0.000715088,0.00043183027,0.00046093,0.0010754282,0.0043194187,0.00013537896,0.9698638
pamap2,gnn_flatten_lstm,sequence,3,103,103,104,686,8673,8673,1,1,2,2,sitting,sitting,True,0.0014131689,0.967922,0.022648696,8.188124e-05,0.00010283154,0.00021008727,0.00075473293,0.00046405604,0.0004841338,0.0011468335,0.004628598,0.00014300305,0.967922
pamap2,gnn_flatten_lstm,sequence,3,103,103,104,687,8674,8674,1,1,2,2,sitting,sitting,True,0.0014812,0.96551424,0.024330676,9.082206e-05,0.00011408609,0.00022856105,0.00080862327,0.0005062248,0.0005145906,0.0012406667,0.0050171013,0.00015310729,0.96551424
pamap2,gnn_flatten_lstm,sequence,3,103,103,104,688,8675,8675,1,1,2,2,sitting,sitting,True,0.001541161,0.9632138,0.025927175,9.909766e-05,0.00012480553,0.00024653497,0.00085756206,0.0005459981,0.00054153963,0.0013314037,0.005408754,0.00016213415,0.9632138
pamap2,gnn_flatten_lstm,sequence,3,103,103,104,689,8676,8676,1,1,2,2,sitting,sitting,True,0.0015400252,0.9629594,0.026088929,9.9155615e-05,0.0001253313,0.0002486435,0.0008589453,0.0005483693,0.00054092443,0.0013431573,0.0054849563,0.00016206953,0.9629594
pamap2,gnn_flatten_lstm,sequence,3,103,103,104,690,8677,8677,1,1,2,2,sitting,sitting,True,0.001533285,0.96304065,0.026026579,9.8422875e-05,0.00012454472,0.00024795596,0.00085490936,0.0005459608,0.0005379211,0.0013405517,0.005488077,0.0001611169,0.96304065
pamap2,gnn_flatten_lstm,sequence,3,103,103,104,691,8678,8678,1,1,2,2,sitting,sitting,True,0.0015075792,0.96432865,0.02514995,9.468463e-05,0.000119225595,0.00023768257,0.0008319519,0.0005260375,0.0005266094,0.001288271,0.005232207,0.00015712436,0.96432865
pamap2,gnn_flatten_lstm,sequence,3,103,103,104,692,8679,8679,1,1,2,2,sitting,sitting,True,0.0015042267,0.9646157,0.024965087,9.414413e-05,0.00011831213,0.0002351354,0.00082858565,0.0005221675,0.00052521797,0.0012763764,0.0051583773,0.00015656167,0.9646157
pamap2,gnn_flatten_lstm,sequence,3,103,103,104,693,8680,8680,1,1,2,2,sitting,sitting,True,0.0015219809,0.963906,0.025465196,9.668078e-05,0.00012163132,0.00024042223,0.0008436646,0.00053416105,0.0005334939,0.0013041715,0.005273313,0.0001593039,0.963906
pamap2,gnn_flatten_lstm,sequence,3,103,103,104,694,8681,8681,1,1,2,2,sitting,sitting,True,0.0015425888,0.963088,0.026051335,9.9767705e-05,0.00012546548,0.0002462915,0.0008602462,0.0005482334,0.0005434572,0.0013338438,0.0053983135,0.00016251883,0.963088
pamap2,gnn_flatten_lstm,sequence,3,103,103,104,695,8682,8682,1,1,2,2,sitting,sitting,True,0.0015469295,0.9630057,0.026116522,0.00010035136,0.00012609336,0.00024692522,0.00086276734,0.00055031606,0.00054582855,0.0013356546,0.005399603,0.00016321334,0.9630057
pamap2,gnn_flatten_lstm,sequence,3,103,103,104,696,8683,8683,1,1,2,2,sitting,sitting,True,0.0015574973,0.9627325,0.02631992,0.000101679085,0.00012765107,0.00024879718,0.0008696854,0.00055565615,0.00055060524,0.0013446489,0.005426625,0.00016476827,0.9627325
pamap2,gnn_flatten_lstm,sequence,3,103,103,104,697,8684,8684,1,1,2,2,sitting,sitting,True,0.0015831342,0.9617826,0.027005235,0.00010522595,0.00013210229,0.00025532904,0.00088874745,0.000571944,0.0005617488,0.0013784218,0.005566909,0.00016854907,0.9617826
pamap2,gnn_flatten_lstm,sequence,3,103,103,104,698,8685,8685,1,1,2,2,sitting,sitting,True,0.0015885185,0.9616195,0.027124397,0.000105885316,0.0001329657,0.00025654508,0.00089197943,0.00057493936,0.00056406535,0.0013835697,0.005588386,0.00016931597,0.9616195
pamap2,gnn_flatten_lstm,sequence,3,103,103,104,699,8686,8686,1,1,2,2,sitting,sitting,True,0.0015494605,0.9632052,0.026026785,0.000100564255,0.00012598399,0.00024449738,0.00086089014,0.0005488177,0.0005482125,0.0013229358,0.0053029945,0.00016366273,0.9632052
pamap2,gnn_flatten_lstm,sequence,3,103,103,104,700,8687,8687,1,1,2,2,sitting,sitting,True,0.0015005028,0.9652645,0.024565723,9.377011e-05,0.000117210526,0.00023011804,0.00082260265,0.0005153374,0.00052768056,0.0012465869,0.004959425,0.0001565106,0.9652645
pamap2,gnn_flatten_lstm,sequence,3,103,103,104,701,8688,8688,1,1,2,2,sitting,sitting,True,0.0015211034,0.96446955,0.02512633,9.6557385e-05,0.00012096396,0.00023589392,0.00084055646,0.00052894425,0.00053677196,0.0012788415,0.0050849426,0.0001595409,0.96446955
pamap2,gnn_flatten_lstm,sequence,3,103,103,104,702,8689,8689,1,1,2,2,sitting,sitting,True,0.0015385064,0.9638224,0.025606818,9.89887e-05,0.00012392896,0.00023957655,0.00085464265,0.00053978595,0.0005443221,0.0013021607,0.005166741,0.00016211734,0.9638224
pamap2,gnn_flatten_lstm,sequence,3,103,103,104,703,8690,8690,1,1,2,2,sitting,sitting,True,0.001526567,0.96427596,0.025286399,9.73761e-05,0.000121920886,0.00023619615,0.00084625516,0.00053202495,0.0005390669,0.0012861415,0.005091564,0.00016042255,0.96427596
pamap2,gnn_flatten_lstm,sequence,3,103,103,104,704,8691,8691,1,1,2,2,sitting,sitting,True,0.0015182362,0.96465,0.025027037,9.6440526e-05,0.00012047353,0.00023366189,0.00083970645,0.00052657875,0.0005368487,0.001270768,0.005020727,0.00015942854,0.96465
pamap2,gnn_flatten_lstm,sequence,3,103,103,104,705,8692,8692,1,1,2,2,sitting,sitting,True,0.0015268547,0.9642434,0.025342338,9.7766504e-05,0.00012208373,0.00023569223,0.00084552343,0.00053274946,0.00054087135,0.0012828432,0.005069156,0.00016080587,0.9642434
pamap2,gnn_flatten_lstm,sequence,3,103,103,104,706,8693,8693,1,1,2,2,sitting,sitting,True,0.0015430988,0.9636963,0.02572308,9.963489e-05,0.00012453672,0.0002398739,0.0008561696,0.0005416588,0.0005468554,0.001302089,0.0051635923,0.00016310033,0.9636963
pamap2,gnn_flatten_lstm,sequence,3,103,103,104,707,8694,8694,1,1,2,2,sitting,sitting,True,0.0015793392,0.96231735,0.026724564,0.000104711995,0.00013071137,0.0002491141,0.00088184205,0.000564707,0.0005630002,0.001348397,0.0053676004,0.00016859263,0.96231735
pamap2,gnn_flatten_lstm,sequence,3,103,103,104,708,8695,8695,1,1,2,2,sitting,sitting,True,0.0016000882,0.961371,0.027398145,0.00010759637,0.00013462047,0.00025589607,0.0008963727,0.00057937764,0.00057148444,0.0013809827,0.005532793,0.00017165589,0.961371
pamap2,gnn_flatten_lstm,sequence,3,103,103,104,709,8696,8696,1,1,2,2,sitting,sitting,True,0.0015942258,0.9617163,0.027067509,0.00010629007,0.00013340982,0.00025649555,0.0008925678,0.00057438586,0.0005678129,0.0013769165,0.0055433223,0.00017077442,0.9617163
pamap2,gnn_flatten_lstm,sequence,3,103,103,104,710,8697,8697,1,1,2,2,sitting,sitting,True,0.0015697816,0.9626635,0.026412332,0.000102624224,0.00012836899,0.00024877125,0.0008683919,0.00055699993,0.0005557962,0.0013354212,0.0053910012,0.00016692604,0.9626635
pamap2,gnn_flatten_lstm,sequence,3,103,103,104,711,8698,8698,1,1,2,2,sitting,sitting,True,0.0015042559,0.9650223,0.024744878,9.308716e-05,0.000116392905,0.00023074144,0.00081297476,0.00051363924,0.00052372064,0.0012424239,0.005038958,0.00015658778,0.9650223
pamap2,gnn_flatten_lstm,sequence,3,103,103,104,712,8699,8699,1,1,2,2,sitting,sitting,True,0.0014440787,0.9670173,0.023330621,8.50048e-05,0.00010639847,0.0002154566,0.0007660566,0.0004771362,0.000495446,0.0011669794,0.0047481987,0.00014733415,0.9670173
pamap2,gnn_flatten_lstm,sequence,3,103,103,104,713,8700,8700,1,1,2,2,sitting,sitting,True,0.0013604697,0.9699047,0.021323053,7.459516e-05,9.304241e-05,0.00019283374,0.00070012576,0.00042735596,0.0004581527,0.0010537843,0.004277011,0.00013487435,0.9699047
pamap2,gnn_flatten_lstm,sequence,3,103,103,104,714,8701,8701,1,1,2,2,sitting,sitting,True,0.0012772835,0.9727691,0.01927916,6.475578e-05,8.073095e-05,0.00017272029,0.00063728227,0.00037955382,0.00042120155,0.0009472446,0.0038482454,0.00012283893,0.9727691
pamap2,gnn_flatten_lstm,sequence,3,103,103,104,715,8702,8702,1,1,2,2,sitting,sitting,True,0.0012090225,0.97508574,0.017608,5.7368707e-05,7.145481e-05,0.0001573271,0.0005886848,0.00034251763,0.00039216207,0.00086444867,0.0035099015,0.00011337045,0.97508574
pamap2,gnn_flatten_lstm,sequence,3,103,103,104,716,8703,8703,1,1,2,2,sitting,sitting,True,0.0011538308,0.97674304,0.01643479,5.178496e-05,6.447631e-05,0.00014533164,0.00054936105,0.00031464678,0.00036820697,0.00080216903,0.0032665413,0.00010579162,0.97674304
pamap2,gnn_flatten_lstm,sequence,3,103,103,104,717,8704,8704,1,1,2,2,sitting,sitting,True,0.0011159222,0.9778707,0.015630689,4.820641e-05,5.9962214e-05,0.00013743865,0.00052356743,0.00029628206,0.0003521988,0.00076118263,0.0031031633,0.000100730314,0.9778707
pamap2,gnn_flatten_lstm,sequence,3,103,103,104,718,8705,8705,1,1,2,2,sitting,sitting,True,0.0010649737,0.97947913,0.014483875,4.3562548e-05,5.404515e-05,0.00012649244,0.0004893959,0.00027154144,0.00033135395,0.0007034436,0.0028581175,9.40873e-05,0.97947913
pamap2,gnn_flatten_lstm,sequence,3,103,103,104,719,8706,8706,1,1,2,2,sitting,sitting,True,0.0010147401,0.98094064,0.013451311,3.929366e-05,4.8641934e-05,0.00011632093,0.00045604573,0.00024872256,0.00031104794,0.0006493488,0.002636203,8.769093e-05,0.98094064
pamap2,gnn_flatten_lstm,sequence,3,103,103,104,720,8707,8707,1,1,2,2,sitting,sitting,True,0.0009924668,0.9815655,0.012996692,3.756989e-05,4.6497382e-05,0.00011255506,0.00044262435,0.00023940245,0.00030268184,0.0006279948,0.0025509936,8.500081e-05,0.9815655
pamap2,gnn_flatten_lstm,sequence,3,103,103,104,721,8708,8708,1,1,2,2,sitting,sitting,True,0.0009749226,0.98197937,0.012717068,3.637484e-05,4.49396e-05,0.00010933145,0.000431944,0.00023289435,0.00029656148,0.00061180687,0.0024818075,8.292478e-05,0.98197937
pamap2,gnn_flatten_lstm,sequence,3,103,103,104,722,8709,8709,1,1,2,2,sitting,sitting,True,0.00095383095,0.982563,0.012304906,3.4815534e-05,4.2959804e-05,0.00010543995,0.0004191305,0.00022419904,0.00028872906,0.00059055205,0.0023920026,8.040565e-05,0.982563
pamap2,gnn_flatten_lstm,sequence,3,103,103,104,723,8710,8710,1,1,2,2,sitting,sitting,True,0.0009526553,0.9826115,0.012268045,3.479999e-05,4.294259e-05,0.00010525435,0.00041951225,0.00022389428,0.00028866786,0.0005900134,0.002382439,8.0297585e-05,0.9826115
pamap2,gnn_flatten_lstm,sequence,3,103,103,104,724,8711,8711,1,1,2,2,sitting,sitting,True,0.0009593575,0.9824322,0.012406818,3.540579e-05,4.3663313e-05,0.00010611557,0.00042447477,0.00022694923,0.0002917765,0.00059666927,0.002395453,8.1187e-05,0.9824322
pamap2,gnn_flatten_lstm,sequence,3,103,103,104,725,8712,8712,1,1,2,2,sitting,sitting,True,0.00096641097,0.9822343,0.012544279,3.5929606e-05,4.445164e-05,0.000107489854,0.00043048625,0.00023003602,0.0002944353,0.00060607056,0.0024241228,8.203384e-05,0.9822343
pamap2,gnn_flatten_lstm,sequence,3,103,103,104,726,8713,8713,1,1,2,2,sitting,sitting,True,0.0009783187,0.98186135,0.012798792,3.684509e-05,4.578864e-05,0.00011023519,0.00043994823,0.00023562252,0.00029901086,0.0006225028,0.0024881822,8.3511026e-05,0.98186135
pamap2,gnn_flatten_lstm,sequence,3,103,103,104,727,8714,8714,1,1,2,2,sitting,sitting,True,0.0009974433,0.9813162,0.013185862,3.8414488e-05,4.7773196e-05,0.00011388428,0.0004531562,0.00024412671,0.00030684166,0.0006431039,0.0025672382,8.592708e-05,0.9813162
pamap2,gnn_flatten_lstm,sequence,3,103,103,104,728,8715,8715,1,1,2,2,sitting,sitting,True,0.0010405888,0.9797141,0.014323634,4.2378088e-05,5.3129857e-05,0.00012457228,0.00048566953,0.00026727436,0.00032497876,0.0007041943,0.0028278313,9.1571594e-05,0.9797141
pamap2,gnn_flatten_lstm,sequence,3,103,103,104,729,8716,8716,1,1,2,2,sitting,sitting,True,0.0010985926,0.977371,0.015952747,4.793639e-05,6.0879604e-05,0.00014118126,0.0005308492,0.00030053107,0.00034855198,0.00079556747,0.0032528534,9.931259e-05,0.977371
pamap2,gnn_flatten_lstm,sequence,3,103,103,104,730,8717,8717,1,1,2,2,sitting,sitting,True,0.0011606825,0.975022,0.017606724,5.3991967e-05,6.892361e-05,0.0001571796,0.0005754076,0.00033543163,0.00037280825,0.00088234915,0.0036570525,0.00010743156,0.975022
pamap2,gnn_flatten_lstm,sequence,3,103,103,104,731,8718,8718,1,1,2,2,sitting,sitting,True,0.0012321121,0.9717022,0.01985804,6.1609244e-05,7.982498e-05,0.00018187662,0.00063223863,0.0003813245,0.00039892856,0.0010139733,0.00434063,0.00011727427,0.9717022
pamap2,gnn_flatten_lstm,sequence,3,103,103,104,732,8719,8719,1,1,2,2,sitting,sitting,True,0.0013563809,0.9649566,0.024426397,7.681706e-05,0.0001015952,0.00023114924,0.0007336009,0.0004730096,0.00044503526,0.0012745854,0.0057897973,0.00013509484,0.9649566
pamap2,gnn_flatten_lstm,sequence,3,103,103,104,733,8720,8720,1,1,2,2,sitting,sitting,True,0.0015252411,0.9552001,0.031116877,0.00010120038,0.00013510426,0.00030001986,0.0008729715,0.000613126,0.0005129777,0.0016334939,0.00782898,0.00015992302,0.9552001
pamap2,gnn_flatten_lstm,sequence,3,103,103,104,734,8721,8721,1,1,2,2,sitting,sitting,True,0.0017652166,0.93999106,0.041440215,0.00014261865,0.00019176838,0.00040940192,0.0010942812,0.000839518,0.00061895803,0.0022126941,0.011096132,0.00019818965,0.93999106
pamap2,gnn_flatten_lstm,sequence,3,103,103,104,735,8722,8722,1,1,2,2,sitting,sitting,True,0.0019840072,0.91709423,0.056571033,0.00019568275,0.0002673967,0.0005653295,0.0013588724,0.001138768,0.0007285729,0.0031006602,0.016755497,0.00023986028,0.91709423
pamap2,gnn_flatten_lstm,sequence,3,103,103,104,736,8723,8723,1,1,2,2,sitting,sitting,True,0.0022475745,0.8827432,0.079975404,0.00027884278,0.0003776061,0.0007669051,0.0017283099,0.0015973325,0.0008910051,0.0042927633,0.024808377,0.00029264833,0.8827432
pamap2,gnn_flatten_lstm,sequence,3,103,103,104,737,8724,8724,1,1,2,2,sitting,sitting,True,0.0025303895,0.83654106,0.11291262,0.00039648122,0.00052262127,0.0009855409,0.002187171,0.0022433472,0.0010953103,0.005708246,0.034526024,0.0003512101,0.83654106
pamap2,gnn_flatten_lstm,sequence,3,103,103,104,738,8725,8725,1,1,2,2,sitting,sitting,True,0.0027170733,0.79571944,0.1424392,0.00050059415,0.0006468092,0.0011542337,0.0025521526,0.0028091085,0.0012434557,0.0069009755,0.04292494,0.0003920386,0.79571944
pamap2,gnn_flatten_lstm,sequence,3,103,103,104,739,8726,8726,1,1,2,2,sitting,sitting,True,0.0028097641,0.7762567,0.1575068,0.0005571539,0.0007091593,0.0012135195,0.002735895,0.003100854,0.0013249351,0.0073899543,0.045983724,0.0004116176,0.7762567
pamap2,gnn_flatten_lstm,sequence,3,103,103,104,740,8727,8727,1,1,2,2,sitting,sitting,True,0.0029276933,0.73619825,0.18863302,0.00066172273,0.00082275673,0.0013209571,0.0030488635,0.0036554257,0.001452964,0.008332836,0.052505236,0.00044021296,0.73619825
pamap2,gnn_flatten_lstm,sequence,3,103,103,104,741,8728,8728,1,1,2,2,sitting,sitting,True,0.0030171082,0.7341107,0.19307128,0.0007144799,0.0008601297,0.0012997849,0.0031922467,0.0038215045,0.0015533314,0.008246699,0.04965307,0.00045964075,0.7341107
pamap2,gnn_flatten_lstm,sequence,3,103,103,104,742,8729,8729,1,1,2,2,sitting,sitting,True,0.0030510854,0.7684047,0.16852485,0.000680272,0.0008112948,0.0011984175,0.0031139702,0.0035064968,0.001571261,0.007418598,0.041254357,0.00046474606,0.7684047
pamap2,gnn_flatten_lstm,sequence,3,103,103,104,743,8730,8730,1,1,2,2,sitting,sitting,True,0.003064729,0.78552073,0.15618485,0.0006582518,0.0007863609,0.0011435915,0.0030739435,0.0033269855,0.0015755305,0.007002404,0.03719636,0.000466301,0.78552073
pamap2,gnn_flatten_lstm,sequence,3,103,103,104,744,8731,8731,1,1,2,2,sitting,sitting,True,0.0030754423,0.7943756,0.15015809,0.000649635,0.0007746345,0.0011048883,0.0030683044,0.0032347033,0.0015859612,0.006765479,0.034739256,0.0004680618,0.7943756
pamap2,gnn_flatten_lstm,sequence,3,103,103,104,745,8732,8732,1,1,2,2,sitting,sitting,True,0.0029433684,0.8400441,0.115353435,0.00053183024,0.00064603944,0.00095192133,0.0027170798,0.0025941308,0.001452564,0.005579151,0.026748529,0.00043785895,0.8400441
pamap2,gnn_flatten_lstm,sequence,3,103,103,104,746,8733,8733,1,1,2,2,sitting,sitting,True,0.0028618984,0.86302346,0.0978454,0.00047347296,0.00058070174,0.0008728717,0.002529046,0.002271513,0.001379458,0.004958442,0.022782747,0.00042101878,0.86302346
pamap2,gnn_flatten_lstm,sequence,3,103,103,104,747,8734,8734,1,1,2,2,sitting,sitting,True,0.0027872494,0.87690353,0.0876081,0.00043173402,0.0005308019,0.00080831413,0.0023770896,0.0020618555,0.0013160396,0.004523548,0.020248543,0.0004032544,0.87690353
pamap2,gnn_flatten_lstm,sequence,3,103,103,104,748,8735,8735,1,1,2,2,sitting,sitting,True,0.0026339546,0.8962666,0.07339912,0.00036410431,0.00045098903,0.0007082736,0.0021122731,0.0017441493,0.0011944387,0.0038780759,0.016879212,0.00036878433,0.8962666
pamap2,gnn_flatten_lstm,sequence,3,103,103,104,749,8736,8736,1,1,2,2,sitting,sitting,True,0.0025275399,0.9079891,0.06479823,0.00032292397,0.00040241983,0.0006470988,0.001940705,0.0015503906,0.0011148327,0.0034773366,0.014883282,0.00034614548,0.9079891
pamap2,gnn_flatten_lstm,sequence,3,103,103,104,750,8737,8737,1,1,2,2,sitting,sitting,True,0.0024156794,0.91823655,0.05742277,0.00028491943,0.0003566872,0.000585777,0.0017730328,0.001373569,0.0010346138,0.0031045754,0.013089076,0.0003228003,0.91823655
pamap2,gnn_flatten_lstm,sequence,3,103,103,104,751,8738,8738,1,1,2,2,sitting,sitting,True,0.0024139578,0.9192857,0.056643624,0.0002831232,0.00035405214,0.0005815718,0.0017644789,0.0013605007,0.0010323591,0.0030699119,0.01288826,0.0003225127,0.9192857
pamap2,gnn_flatten_lstm,sequence,3,103,103,104,752,8739,8739,1,1,2,2,sitting,sitting,True,0.0024560126,0.9173074,0.05790196,0.00029514424,0.00036834442,0.00060244574,0.0018197716,0.0014065183,0.0010613232,0.0031669051,0.013282277,0.00033190445,0.9173074
pamap2,gnn_flatten_lstm,sequence,3,103,103,104,753,8740,8740,1,1,2,2,sitting,sitting,True,0.0024394745,0.91844136,0.05710596,0.00029034587,0.00036259295,0.00059445703,0.001798051,0.0013853435,0.0010503487,0.003123701,0.013079853,0.00032853495,0.91844136
pamap2,gnn_flatten_lstm,sequence,3,103,103,104,754,8741,8741,1,1,2,2,sitting,sitting,True,0.0024401536,0.9180615,0.05736763,0.00029140062,0.000364207,0.00059759425,0.0018015753,0.0013914022,0.0010526484,0.003137733,0.013165274,0.00032897337,0.9180615
pamap2,gnn_flatten_lstm,sequence,3,103,103,104,755,8742,8742,1,1,2,2,sitting,sitting,True,0.0024705026,0.91541207,0.05937244,0.00030240664,0.0003760944,0.00061095157,0.0018428945,0.0014386139,0.0010776159,0.00322047,0.013540045,0.00033586912,0.91541207
pamap2,gnn_flatten_lstm,sequence,3,103,103,104,756,8743,8743,1,1,2,2,sitting,sitting,True,0.0024764729,0.9148789,0.059736278,0.00030372402,0.0003779065,0.00061478233,0.0018475817,0.0014452821,0.0010799298,0.003237053,0.013665152,0.00033686374,0.9148789
pamap2,gnn_flatten_lstm,sequence,3,103,103,104,757,8744,8744,1,1,2,2,sitting,sitting,True,0.0024564865,0.9162153,0.05871298,0.0002964373,0.00037029263,0.0006077407,0.0018174371,0.0014169374,0.0010626793,0.0031913794,0.01352017,0.00033226688,0.9162153
pamap2,gnn_flatten_lstm,sequence,3,103,103,104,758,8745,8745,1,1,2,2,sitting,sitting,True,0.002406227,0.91944623,0.056405146,0.00028121343,0.00035232762,0.00058530987,0.0017493082,0.0013528574,0.0010267243,0.0030660583,0.013007097,0.0003214817,0.91944623
pamap2,gnn_flatten_lstm,sequence,3,103,103,104,759,8746,8746,1,1,2,2,sitting,sitting,True,0.0023388094,0.9237711,0.05337174,0.00026166983,0.00032897556,0.00055322226,0.0016612702,0.001268874,0.0009795616,0.0028978316,0.012259746,0.00030713444,0.9237711
pamap2,gnn_flatten_lstm,sequence,3,103,103,104,760,8747,8747,1,1,2,2,sitting,sitting,True,0.0023029398,0.9256399,0.052058745,0.0002520831,0.00031791028,0.00053837046,0.001618648,0.0012287378,0.00095434673,0.00282709,0.011961701,0.00029961855,0.9256399
pamap2,gnn_flatten_lstm,sequence,3,103,103,104,761,8748,8748,1,1,2,2,sitting,sitting,True,0.0022760471,0.9269802,0.051175594,0.0002451424,0.0003094537,0.00052495295,0.001587141,0.0011995756,0.0009356838,0.002770961,0.0117014535,0.00029375567,0.9269802
pamap2,gnn_flatten_lstm,sequence,3,103,103,104,762,8749,8749,1,1,2,2,sitting,sitting,True,0.0022308505,0.93011177,0.049087875,0.00023309907,0.00029369612,0.00049800146,0.0015289905,0.0011435546,0.0009067418,0.002639961,0.0110414,0.00028412166,0.93011177
pamap2,gnn_flatten_lstm,sequence,3,103,103,104,763,8750,8750,1,1,2,2,sitting,sitting,True,0.0021451926,0.9353077,0.045520462,0.00021180327,0.00026699374,0.00045717735,0.0014282719,0.0010485807,0.00085440563,0.0024286131,0.010063894,0.00026692805,0.9353077
pamap2,gnn_flatten_lstm,sequence,3,103,103,104,764,8751,8751,1,1,2,2,sitting,sitting,True,0.0020045906,0.94305044,0.040161952,0.0001798888,0.00022674396,0.0003974986,0.0012739681,0.0009075945,0.00077275495,0.0021114715,0.0086730765,0.00023992186,0.94305044
pamap2,gnn_flatten_lstm,sequence,3,103,103,104,765,8752,8752,1,1,2,2,sitting,sitting,True,0.0019469528,0.94649935,0.03768442,0.00016749642,0.00021110925,0.00037488702,0.0012151143,0.00085027725,0.0007405041,0.0019845446,0.008095935,0.00022937515,0.94649935
pamap2,gnn_flatten_lstm,sequence,3,103,103,104,766,8753,8753,1,1,2,2,sitting,sitting,True,0.0019175294,0.94809926,0.036544677,0.0001612657,0.00020344373,0.0003637272,0.001185596,0.00082275755,0.0007240785,0.001923926,0.007829723,0.0002239948,0.94809926
pamap2,gnn_flatten_lstm,sequence,3,103,103,104,767,8754,8754,1,1,2,2,sitting,sitting,True,0.0018884271,0.9496346,0.035472672,0.00015518637,0.00019584756,0.00035223592,0.001155038,0.00079573295,0.0007079198,0.001861756,0.0075618927,0.00021868972,0.9496346
pamap2,gnn_flatten_lstm,sequence,3,103,103,104,768,8755,8755,1,1,2,2,sitting,sitting,True,0.0018738717,0.9491436,0.035637192,0.00015270156,0.00019567239,0.00036076427,0.0011517568,0.0007956144,0.000697936,0.0018996997,0.007874559,0.0002166687,0.9491436
pamap2,gnn_flatten_lstm,sequence,3,103,103,104,769,8756,8756,1,1,2,2,sitting,sitting,True,0.001899136,0.9416983,0.04025374,0.0001624733,0.00021591444,0.00042089314,0.0012247199,0.0008714814,0.00069929234,0.0022557648,0.010073483,0.00022485768,0.9416983
pamap2,gnn_flatten_lstm,sequence,3,103,103,104,770,8757,8757,1,1,2,2,sitting,sitting,True,0.001952835,0.93724555,0.0434441,0.00017527408,0.00023138626,0.0004355309,0.0013012581,0.0009273418,0.00071494194,0.002462863,0.010876168,0.00023288524,0.93724555
pamap2,gnn_flatten_lstm,sequence,3,103,103,104,771,8758,8758,1,1,2,2,sitting,sitting,True,0.0019434602,0.94101125,0.041887123,0.00017727718,0.00022001025,0.00036906783,0.0012917932,0.0008809323,0.0007147031,0.0022605082,0.009014447,0.00022945223,0.94101125
pamap2,gnn_flatten_lstm,sequence,3,103,103,104,772,8759,8759,1,1,2,2,sitting,sitting,True,0.0020008057,0.9407928,0.042480603,0.00018974817,0.00022959155,0.00035427147,0.0013607767,0.00090265763,0.0007498283,0.00227781,0.008421602,0.0002394475,0.9407928
pamap2,gnn_flatten_lstm,sequence,3,103,103,104,773,8760,8760,1,1,2,2,sitting,sitting,True,0.0020681866,0.94275355,0.041280285,0.00019655959,0.00023154242,0.00033772987,0.001384874,0.0009020761,0.00078346377,0.0021826003,0.007629748,0.0002493427,0.94275355
pamap2,gnn_flatten_lstm,sequence,3,103,103,104,774,8761,8761,1,1,2,2,sitting,sitting,True,0.0021787237,0.9444766,0.039811663,0.00020510836,0.00023543523,0.0003290447,0.0014189391,0.00090428686,0.00080826087,0.0021523447,0.007213159,0.00026645738,0.9444766
pamap2,gnn_flatten_lstm,sequence,3,103,103,104,775,8762,8762,1,1,2,2,sitting,sitting,True,0.002264334,0.9472243,0.037598263,0.00020301518,0.00022754734,0.00030995556,0.0014021058,0.0008716769,0.000797085,0.0020657692,0.0067603323,0.00027571645,0.9472243
pamap2,gnn_flatten_lstm,sequence,3,103,103,104,776,8763,8763,1,1,2,2,sitting,sitting,True,0.002240758,0.9511741,0.03482639,0.00018560034,0.00020431016,0.00027705764,0.0013189532,0.00079223997,0.00074705936,0.0018917753,0.0060762726,0.0002655232,0.9511741
pamap2,gnn_flatten_lstm,sequence,3,103,103,104,777,8764,8764,1,1,2,2,sitting,sitting,True,0.0021041387,0.9565965,0.031153861,0.00015758423,0.0001692016,0.00023136512,0.0011912843,0.0006711105,0.0006654505,0.0016604506,0.0051591787,0.00023977905,0.9565965
pamap2,gnn_flatten_lstm,sequence,3,103,103,104,778,8765,8765,1,1,2,2,sitting,sitting,True,0.0017734085,0.9635416,0.026358109,0.00011499936,0.00012322779,0.00017503147,0.0009938822,0.00050231785,0.00052365393,0.0014246788,0.0042788554,0.00019016344,0.9635416
pamap2,gnn_flatten_lstm,sequence,3,103,103,104,779,8766,8766,1,1,2,2,sitting,sitting,True,0.0014435195,0.9727347,0.019876078,8.0724705e-05,8.162323e-05,0.00011813316,0.0007774399,0.00034806406,0.00040682993,0.0010548205,0.002933524,0.00014467216,0.9727347
pamap2,gnn_flatten_lstm,sequence,3,103,103,104,780,8767,8767,1,1,2,2,sitting,sitting,True,0.0014000238,0.97324014,0.0196689,8.0521546e-05,7.950887e-05,0.00011036935,0.0007757389,0.00033868846,0.0004020995,0.0010331006,0.0027300597,0.00014084503,0.97324014
pamap2,gnn_flatten_lstm,sequence,3,103,103,104,781,8768,8768,1,1,2,2,sitting,sitting,True,0.001524893,0.96900976,0.023028107,9.941123e-05,9.643393e-05,0.00012188672,0.0008971819,0.00039936614,0.000455765,0.0011944106,0.0030124688,0.0001603944,0.96900976
pamap2,gnn_flatten_lstm,sequence,3,103,103,104,782,8769,8769,2,1,3,2,standing,sitting,False,0.0015230684,0.9699737,0.021629358,8.972038e-05,8.758728e-05,0.00012734094,0.0009042213,0.0003656249,0.00040232978,0.001296648,0.0034469916,0.0001535035,0.9699737
pamap2,gnn_flatten_lstm,sequence,3,103,103,104,783,8770,8770,2,1,3,2,standing,sitting,False,0.0021500892,0.96382105,0.02329902,9.862577e-05,0.00010616358,0.0001806625,0.0012647193,0.00044691676,0.00040488926,0.0020925861,0.005949311,0.00018604836,0.96382105
pamap2,gnn_flatten_lstm,sequence,3,103,103,104,784,8771,8771,2,1,3,2,standing,sitting,False,0.0027705044,0.95284206,0.028232852,0.00010802798,0.00012428385,0.00022759388,0.0015527017,0.00055478193,0.00040005826,0.003212931,0.009770039,0.00020406523,0.95284206
pamap2,gnn_flatten_lstm,sequence,3,103,103,104,785,8772,8772,2,1,3,2,standing,sitting,False,0.002881673,0.93615144,0.04092314,0.00012795745,0.00014302784,0.00023866213,0.0016521714,0.00065825036,0.00040771035,0.003938896,0.012669457,0.00020756871,0.93615144
pamap2,gnn_flatten_lstm,sequence,3,103,103,104,786,8773,8773,2,1,3,2,standing,sitting,False,0.0033054533,0.887801,0.07514687,0.00022220386,0.00021725033,0.00032398867,0.0023047654,0.0011317248,0.0005549709,0.0062847342,0.022441221,0.00026586963,0.887801
pamap2,gnn_flatten_lstm,sequence,3,103,103,104,787,8774,8774,2,1,3,2,standing,sitting,False,0.0037499764,0.7756494,0.14739728,0.00032743873,0.0003213273,0.00049882894,0.0030967782,0.0018796816,0.00065366045,0.011469713,0.054650888,0.00030500916,0.7756494
pamap2,gnn_flatten_lstm,sequence,3,103,103,104,788,8775,8775,2,1,3,2,standing,sitting,False,0.0031436093,0.7318828,0.17887023,0.0003057566,0.0003290667,0.0005346547,0.0026888847,0.001854926,0.0005868907,0.011465475,0.06807668,0.0002609749,0.7318828
pamap2,gnn_flatten_lstm,sequence,3,103,103,104,789,8776,8776,2,1,3,2,standing,sitting,False,0.0029525855,0.63577574,0.25870153,0.0004217543,0.00044215788,0.0006424056,0.002795689,0.0024900562,0.00069003715,0.01220094,0.08260619,0.00028089833,0.63577574
pamap2,gnn_flatten_lstm,sequence,3,103,103,104,790,8777,8777,2,1,3,2,standing,sitting,False,0.0027716875,0.5625282,0.32283252,0.0005384793,0.0005381051,0.00071394636,0.0029123162,0.0030432658,0.00078903756,0.012776084,0.09025721,0.0002991549,0.5625282
pamap2,gnn_flatten_lstm,sequence,3,103,103,104,791,8778,8778,2,1,3,2,standing,sitting,False,0.002746684,0.5082639,0.35839757,0.0006440059,0.00064203684,0.00085023895,0.0030964534,0.0035764545,0.0008795401,0.014261676,0.10631574,0.00032568458,0.5082639
pamap2,gnn_flatten_lstm,sequence,3,103,103,104,792,8779,8779,2,1,3,2,standing,sitting,False,0.0030418478,0.43437704,0.39073935,0.00083186466,0.0008868996,0.0011898866,0.0035891838,0.0046354583,0.0010670694,0.017740112,0.14150563,0.0003956057,0.43437704
pamap2,gnn_flatten_lstm,sequence,3,103,103,104,793,8780,8780,2,2,3,3,standing,standing,True,0.003149405,0.30857712,0.47874853,0.001313467,0.0013177493,0.0015848667,0.003937408,0.0067614717,0.0014407198,0.020210674,0.17246728,0.00049131754,0.47874853
pamap2,gnn_flatten_lstm,sequence,3,103,103,104,794,8781,8781,2,2,3,3,standing,standing,True,0.0032490133,0.24265254,0.5025658,0.0016173826,0.0016356255,0.0020309654,0.004046437,0.008215603,0.0016820886,0.021921799,0.20983018,0.00055258855,0.5025658
pamap2,gnn_flatten_lstm,sequence,3,103,103,104,795,8782,8782,2,2,3,3,standing,standing,True,0.0031578343,0.20452943,0.43957216,0.0014753585,0.0016554258,0.0026936778,0.003715911,0.008451058,0.0016219777,0.025541304,0.30705336,0.00053251215,0.43957216
pamap2,gnn_flatten_lstm,sequence,3,103,103,104,796,8783,8783,2,10,3,17,standing,ironing,False,0.0030178574,0.16156647,0.3524495,0.0011837037,0.0014818482,0.0031934716,0.0032791852,0.0076008695,0.0013574932,0.030539759,0.43385136,0.00047849928,0.43385136
pamap2,gnn_flatten_lstm,sequence,3,103,103,104,797,8784,8784,2,10,3,17,standing,ironing,False,0.003084358,0.13447143,0.36658472,0.0012455151,0.0014209382,0.003017755,0.0032825575,0.008153232,0.001398431,0.03157178,0.44529358,0.00047574812,0.44529358
pamap2,gnn_flatten_lstm,sequence,3,103,103,104,798,8785,8785,2,2,3,3,standing,standing,True,0.003499922,0.12028474,0.520035,0.0017522951,0.0014330411,0.0021566006,0.0036708596,0.010258047,0.0016760086,0.028865468,0.30585617,0.00051188207,0.520035
pamap2,gnn_flatten_lstm,sequence,3,103,103,104,799,8786,8786,2,2,3,3,standing,standing,True,0.003003458,0.08730722,0.76351315,0.0024630984,0.0011441774,0.0009805885,0.00278309,0.010674843,0.0019205868,0.017065933,0.108721055,0.0004229034,0.76351315
pamap2,gnn_flatten_lstm,sequence,3,103,103,104,800,8787,8787,2,2,3,3,standing,standing,True,0.0028320623,0.06288074,0.8300945,0.002500737,0.0009391964,0.00068924535,0.0021186743,0.0102417,0.0018805121,0.01426072,0.07122098,0.00034090198,0.8300945
pamap2,gnn_flatten_lstm,sequence,3,103,103,104,801,8788,8788,2,2,3,3,standing,standing,True,0.00310842,0.050887465,0.8464292,0.0023921719,0.0008479501,0.00061995303,0.0018556612,0.010657914,0.0018954187,0.015049424,0.06596129,0.00029496982,0.8464292
pamap2,gnn_flatten_lstm,sequence,3,103,103,104,802,8789,8789,2,2,3,3,standing,standing,True,0.00357791,0.050042864,0.82218,0.001882923,0.00080184656,0.0007015547,0.0018021599,0.010930751,0.0018319903,0.017572302,0.08840823,0.000267485,0.82218
pamap2,gnn_flatten_lstm,sequence,3,103,103,104,803,8790,8790,2,2,3,3,standing,standing,True,0.0033631048,0.051061146,0.7991835,0.001365941,0.00068817055,0.00074713817,0.0016001994,0.010017814,0.0016248773,0.017219942,0.11290081,0.0002273984,0.7991835
pamap2,gnn_flatten_lstm,sequence,3,103,103,104,804,8791,8791,2,2,3,3,standing,standing,True,0.002554746,0.04611016,0.8360689,0.0011346851,0.0005278449,0.0005587563,0.0012152144,0.008684012,0.0014167152,0.012806794,0.08875327,0.00016895417,0.8360689
pamap2,gnn_flatten_lstm,sequence,3,103,103,104,805,8792,8792,2,2,3,3,standing,standing,True,0.0015522428,0.03412333,0.9191815,0.0010241187,0.00031765652,0.00021147293,0.0007277047,0.0060036327,0.0009981822,0.00624352,0.029518949,9.760963e-05,0.9191815
pamap2,gnn_flatten_lstm,sequence,3,103,103,104,806,8793,8793,2,2,3,3,standing,standing,True,0.0010195748,0.02689416,0.9491858,0.0008833873,0.00020825972,9.920949e-05,0.0004780903,0.0044179223,0.00072843424,0.0034106679,0.012613331,6.1125385e-05,0.9491858
pamap2,gnn_flatten_lstm,sequence,3,103,103,104,807,8794,8794,2,2,3,3,standing,standing,True,0.00087730377,0.024295468,0.95753753,0.0009066322,0.00018214485,7.2237715e-05,0.00042198176,0.0039838064,0.00066292373,0.0025777547,0.008428649,5.358594e-05,0.95753753
pamap2,gnn_flatten_lstm,sequence,3,103,103,104,808,8795,8795,2,2,3,3,standing,standing,True,0.0008707678,0.024208322,0.9596711,0.0010898184,0.00018309696,6.0762864e-05,0.0004400695,0.003913061,0.0006681256,0.0022989444,0.006541574,5.4346587e-05,0.9596711
pamap2,gnn_flatten_lstm,sequence,3,103,103,104,809,8796,8796,2,2,3,3,standing,standing,True,0.0009852191,0.025402112,0.9566103,0.0013989307,0.00022876565,7.17753e-05,0.00054336997,0.004484102,0.00081534655,0.0025134664,0.006878342,6.824736e-05,0.9566103
pamap2,gnn_flatten_lstm,sequence,3,103,103,104,810,8797,8797,2,2,3,3,standing,standing,True,0.0010684831,0.026699103,0.95397216,0.0016385618,0.00026666108,8.063215e-05,0.0006237913,0.004879755,0.0009296737,0.0026546828,0.007107112,7.948107e-05,0.95397216
pamap2,gnn_flatten_lstm,sequence,3,103,103,104,811,8798,8798,2,2,3,3,standing,standing,True,0.0011303918,0.02798197,0.9520911,0.0017908276,0.0002936918,8.4770094e-05,0.00068030064,0.0050962516,0.00099649,0.002708689,0.0070584905,8.7034474e-05,0.9520911
pamap2,gnn_flatten_lstm,sequence,3,103,103,104,812,8799,8799,2,2,3,3,standing,standing,True,0.0011712624,0.029888442,0.9514681,0.001755861,0.00029398702,7.657139e-05,0.00068092934,0.0049085277,0.00097027986,0.0025160438,0.006184475,8.560881e-05,0.9514681
pamap2,gnn_flatten_lstm,sequence,3,103,103,104,813,8800,8800,2,2,3,3,standing,standing,True,0.0013237677,0.035198096,0.94370055,0.0014414347,0.00033937872,0.000106751046,0.0007180154,0.005001155,0.0010479328,0.0027832543,0.008241478,9.817678e-05,0.94370055
pamap2,gnn_flatten_lstm,sequence,3,103,103,104,814,8801,8801,2,2,3,3,standing,standing,True,0.0017203117,0.04496961,0.92521214,0.0014027953,0.0004967293,0.00020317167,0.00093332666,0.005700156,0.001373158,0.00380968,0.0140313115,0.00014775206,0.92521214
pamap2,gnn_flatten_lstm,sequence,3,103,103,104,815,8802,8802,2,2,3,3,standing,standing,True,0.0021140156,0.056641676,0.90403444,0.0014606888,0.00068844145,0.00032163298,0.0012145608,0.006342441,0.0016840443,0.004827258,0.020458827,0.00021191276,0.90403444
pamap2,gnn_flatten_lstm,sequence,3,103,103,104,816,8803,8803,2,2,3,3,standing,standing,True,0.0022081838,0.06600009,0.87836033,0.0014519126,0.0007954478,0.00050962233,0.0013459099,0.0067834877,0.0018360371,0.006315451,0.03414319,0.00025040653,0.87836033
pamap2,gnn_flatten_lstm,sequence,3,103,103,104,817,8804,8804,2,2,3,3,standing,standing,True,0.0020730905,0.06968398,0.85835207,0.001393991,0.00075278175,0.0006165347,0.0013174872,0.0068751774,0.0017775564,0.0074875006,0.049428843,0.00024094529,0.85835207
pamap2,gnn_flatten_lstm,sequence,3,103,103,104,818,8805,8805,2,2,3,3,standing,standing,True,0.0015319969,0.043118596,0.9228478,0.0016281984,0.00050379406,0.00022473595,0.0009534674,0.005791356,0.0014071598,0.0044791903,0.017359307,0.00015439175,0.9228478
pamap2,gnn_flatten_lstm,sequence,3,103,103,104,819,8806,8806,2,2,3,3,standing,standing,True,0.0013616575,0.036070425,0.9375432,0.0017759724,0.00040917782,0.00014538591,0.0008402684,0.005490492,0.0012197917,0.0036650451,0.011354686,0.00012400403,0.9375432
pamap2,gnn_flatten_lstm,sequence,3,103,103,104,820,8807,8807,2,2,3,3,standing,standing,True,0.0013283971,0.033299785,0.94218886,0.0019165858,0.00038610768,0.00012465651,0.00082431204,0.0055493983,0.0011804155,0.0034318161,0.009652973,0.00011667566,0.94218886
pamap2,gnn_flatten_lstm,sequence,3,103,103,104,821,8808,8808,2,2,3,3,standing,standing,True,0.0013659074,0.032019984,0.94213015,0.0021057257,0.00040676678,0.00013284059,0.00088115624,0.005986947,0.0012548713,0.0035723841,0.010018182,0.00012503985,0.94213015
pamap2,gnn_flatten_lstm,sequence,3,103,103,104,822,8809,8809,2,2,3,3,standing,standing,True,0.001404218,0.031610217,0.93924713,0.0022627716,0.00044276987,0.00016000247,0.00095620373,0.006592019,0.0013746241,0.00393991,0.0118694715,0.0001405887,0.93924713
pamap2,gnn_flatten_lstm,sequence,3,103,103,104,823,8810,8810,2,2,3,3,standing,standing,True,0.0012806668,0.031082487,0.9452935,0.0020445287,0.00036812498,0.0001139198,0.0008092022,0.0056646494,0.0011534947,0.0032581906,0.008819156,0.00011203893,0.9452935
pamap2,gnn_flatten_lstm,sequence,3,103,103,104,824,8811,8811,2,2,3,3,standing,standing,True,0.001106367,0.030694475,0.9512677,0.0016214844,0.0002765303,7.403381e-05,0.0006215349,0.0045118486,0.00088381063,0.0025334002,0.0063284775,8.019235e-05,0.9512677
pamap2,gnn_flatten_lstm,sequence,3,103,103,104,825,8812,8812,2,2,3,3,standing,standing,True,0.00097140955,0.02929258,0.9559568,0.0012476353,0.00021084034,5.453686e-05,0.00048481373,0.0038202202,0.0007023308,0.0020447248,0.0051538805,6.0320937e-05,0.9559568
pamap2,gnn_flatten_lstm,sequence,3,103,103,104,826,8813,8813,2,2,3,3,standing,standing,True,0.0011699181,0.033314046,0.9505529,0.0014769363,0.0002637714,6.4631015e-05,0.0005829256,0.0041396623,0.00084361364,0.0021864045,0.0053295176,7.5712866e-05,0.9505529
pamap2,gnn_flatten_lstm,sequence,3,103,103,104,827,8814,8814,2,2,3,3,standing,standing,True,0.0014207953,0.038391944,0.94304043,0.0018704422,0.0003506725,8.2372135e-05,0.0007287825,0.0046263463,0.0010644909,0.0024827817,0.005841243,9.970356e-05,0.94304043
pamap2,gnn_flatten_lstm,sequence,3,103,103,104,828,8815,8815,2,2,3,3,standing,standing,True,0.0014072792,0.038496487,0.9431714,0.0018454223,0.00034547015,8.087168e-05,0.0007186521,0.0045523006,0.0010493852,0.00245695,0.005777682,9.8050354e-05,0.9431714
pamap2,gnn_flatten_lstm,sequence,3,103,103,104,829,8816,8816,2,2,3,3,standing,standing,True,0.0013767296,0.03811392,0.94394296,0.0017984987,0.00033402833,7.800005e-05,0.0006994267,0.0044533443,0.0010183947,0.0024201213,0.005669802,9.474431e-05,0.94394296
pamap2,gnn_flatten_lstm,sequence,3,103,103,104,830,8817,8817,2,2,3,3,standing,standing,True,0.0013468124,0.03756721,0.9448283,0.0017509981,0.00032269835,7.5751144e-05,0.0006781514,0.0043693646,0.0009893507,0.0023844629,0.0055951946,9.156768e-05,0.9448283
pamap2,gnn_flatten_lstm,sequence,3,103,103,104,831,8818,8818,2,2,3,3,standing,standing,True,0.0013223689,0.037114505,0.94558,0.0017061685,0.0003126474,7.376259e-05,0.0006604162,0.004300376,0.00096395623,0.0023512107,0.0055257957,8.8873494e-05,0.94558
pamap2,gnn_flatten_lstm,sequence,3,103,103,104,832,8819,8819,2,2,3,3,standing,standing,True,0.0011821388,0.033843257,0.9497344,0.0014261329,0.0002644723,7.009222e-05,0.0005517988,0.0038989417,0.0008236611,0.0023393002,0.005790569,7.525738e-05,0.9497344
pamap2,gnn_flatten_lstm,sequence,3,103,103,104,833,8820,8820,2,2,3,3,standing,standing,True,0.0013034493,0.03885657,0.94092387,0.0009845183,0.0002853207,0.0001034073,0.0005632528,0.0036803433,0.00078474387,0.0029554644,0.009477674,8.133795e-05,0.94092387
pamap2,gnn_flatten_lstm,sequence,3,103,103,104,834,8821,8821,2,2,3,3,standing,standing,True,0.0014864496,0.046441905,0.9253138,0.0007898413,0.00031389247,0.00015519677,0.0006243006,0.0038417908,0.00077542465,0.0039563235,0.016210664,9.042099e-05,0.9253138
pamap2,gnn_flatten_lstm,sequence,3,103,103,104,835,8822,8822,2,2,3,3,standing,standing,True,0.0014958022,0.05302885,0.9197579,0.0007268213,0.00031456104,0.00014438227,0.0006751188,0.003604712,0.0007182933,0.0038722716,0.015567767,9.362076e-05,0.9197579
pamap2,gnn_flatten_lstm,sequence,3,103,103,104,836,8823,8823,2,2,3,3,standing,standing,True,0.0014415927,0.06058492,0.9182992,0.000762856,0.00030237055,9.97665e-05,0.00073148246,0.0033106091,0.0007253915,0.0031576378,0.010487385,9.681243e-05,0.9182992
pamap2,gnn_flatten_lstm,sequence,3,103,103,104,837,8824,8824,2,2,3,3,standing,standing,True,0.0018583068,0.08734128,0.89117444,0.00089742715,0.00037261317,0.00010451824,0.0010416912,0.0033709588,0.0008962811,0.0033310775,0.009473212,0.00013826782,0.89117444
pamap2,gnn_flatten_lstm,sequence,3,103,103,104,838,8825,8825,2,2,3,3,standing,standing,True,0.0028823602,0.14961202,0.8250941,0.0010886762,0.0005034186,0.00013560975,0.0016306113,0.003616386,0.0012399247,0.0039615147,0.009994694,0.0002406611,0.8250941
pamap2,gnn_flatten_lstm,sequence,3,103,103,104,839,8826,8826,2,2,3,3,standing,standing,True,0.0036367108,0.22091493,0.73968905,0.0010050975,0.0006796522,0.00027777214,0.0022015588,0.0040762397,0.001343468,0.00582697,0.019983003,0.0003654745,0.73968905
pamap2,gnn_flatten_lstm,sequence,3,103,103,104,840,8827,8827,2,2,3,3,standing,standing,True,0.0037082324,0.32383004,0.60954976,0.0009869664,0.0008714156,0.0005651999,0.0029530681,0.004690082,0.0014203603,0.008847845,0.04211411,0.00046292628,0.60954976
pamap2,gnn_flatten_lstm,sequence,3,103,103,104,841,8828,8828,2,2,3,3,standing,standing,True,0.0034688737,0.286513,0.5376813,0.0015408786,0.0016163307,0.0016207428,0.0043471926,0.008203271,0.0018102579,0.018286005,0.13433403,0.0005781285,0.5376813
pamap2,gnn_flatten_lstm,sequence,3,103,103,104,842,8829,8829,2,2,3,3,standing,standing,True,0.0035574625,0.29429844,0.5214252,0.0018285181,0.0018753645,0.0018815951,0.0050833942,0.009289422,0.002065919,0.019397028,0.13864623,0.0006514092,0.5214252
pamap2,gnn_flatten_lstm,sequence,3,103,103,104,843,8830,8830,2,2,3,3,standing,standing,True,0.00406772,0.34743276,0.5080492,0.002309238,0.0022100892,0.0018020626,0.0064347084,0.0095762545,0.0026096345,0.01760436,0.09707827,0.0008257638,0.5080492
pamap2,gnn_flatten_lstm,sequence,3,103,103,104,844,8831,8831,2,1,3,2,standing,sitting,False,0.0049066194,0.4455602,0.42501137,0.0026028336,0.0024658062,0.0019674161,0.007656674,0.009455921,0.0032405935,0.01677311,0.07930968,0.0010497425,0.4455602
pamap2,gnn_flatten_lstm,sequence,3,103,103,104,845,8832,8832,2,1,3,2,standing,sitting,False,0.005078162,0.53942895,0.34720713,0.0023471792,0.0022584486,0.001899968,0.007478473,0.008313529,0.0032608649,0.015003506,0.06665426,0.0010695263,0.53942895
pamap2,gnn_flatten_lstm,sequence,3,103,103,104,846,8833,8833,2,1,3,2,standing,sitting,False,0.004983165,0.52193946,0.36116886,0.002423439,0.0023335475,0.0019483254,0.007557537,0.008607809,0.0032650707,0.015313897,0.069397554,0.0010613343,0.52193946
pamap2,gnn_flatten_lstm,sequence,3,103,103,104,847,8834,8834,2,1,3,2,standing,sitting,False,0.0046933517,0.4726981,0.40266633,0.00253422,0.0024456794,0.0020137199,0.0075173406,0.009283917,0.0032193395,0.015950734,0.07596732,0.0010100547,0.4726981
pamap2,gnn_flatten_lstm,sequence,3,103,103,104,848,8835,8835,2,2,3,3,standing,standing,True,0.0038986802,0.35989127,0.48667043,0.0025034237,0.0025924682,0.00232398,0.0066633993,0.010598222,0.0029280048,0.017876716,0.10319903,0.0008544493,0.48667043
pamap2,gnn_flatten_lstm,sequence,3,103,103,104,849,8836,8836,2,2,3,3,standing,standing,True,0.0034620396,0.31426302,0.47152218,0.002400327,0.0028004823,0.0034180528,0.005889549,0.011181018,0.0028398293,0.021257762,0.16014165,0.00082410034,0.47152218
pamap2,gnn_flatten_lstm,sequence,3,103,103,104,850,8837,8837,2,2,3,3,standing,standing,True,0.0031678595,0.26297677,0.5200135,0.0024501416,0.0025534993,0.003146053,0.005083885,0.011474056,0.0026908207,0.020396274,0.16530782,0.0007393902,0.5200135
pamap2,gnn_flatten_lstm,sequence,3,103,103,104,851,8838,8838,2,2,3,3,standing,standing,True,0.0028897256,0.18194504,0.668904,0.00263349,0.0020508466,0.0017289167,0.0042147473,0.011568806,0.002503124,0.01536225,0.10558191,0.00061720866,0.668904
pamap2,gnn_flatten_lstm,sequence,3,103,103,104,852,8839,8839,2,2,3,3,standing,standing,True,0.0027165075,0.13035461,0.76364994,0.0027026515,0.0016802958,0.0010817914,0.003639721,0.010989429,0.0023831183,0.011739957,0.06852715,0.00053483446,0.76364994
pamap2,gnn_flatten_lstm,sequence,3,103,103,104,853,8840,8840,2,2,3,3,standing,standing,True,0.0026391358,0.10243655,0.815533,0.0027547542,0.0014534502,0.00078151916,0.0031655906,0.010701368,0.0024223002,0.009472567,0.048174128,0.00046576382,0.815533
pamap2,gnn_flatten_lstm,sequence,3,103,103,104,854,8841,8841,2,2,3,3,standing,standing,True,0.0025496539,0.087193444,0.8429263,0.0026123873,0.00128126,0.0006382012,0.0027739424,0.010349954,0.002420115,0.007984045,0.038859002,0.00041157097,0.8429263
pamap2,gnn_flatten_lstm,sequence,3,103,103,104,855,8842,8842,2,2,3,3,standing,standing,True,0.002525177,0.08616415,0.8291941,0.0020818491,0.0012426749,0.0007998429,0.0026129573,0.010028256,0.0023067782,0.009128881,0.05351717,0.00039816555,0.8291941
pamap2,gnn_flatten_lstm,sequence,3,103,103,104,856,8843,8843,2,2,3,3,standing,standing,True,0.0023517124,0.07685907,0.844542,0.0018155648,0.001043692,0.00067916955,0.0021713246,0.0089006135,0.002065788,0.008580498,0.050658025,0.0003325304,0.844542
pamap2,gnn_flatten_lstm,sequence,3,103,103,104,857,8844,8844,2,2,3,3,standing,standing,True,0.0015647175,0.053324535,0.9115986,0.0014154537,0.0005551048,0.00021744582,0.0011400216,0.005438692,0.0012811106,0.0045381906,0.018764468,0.00016154794,0.9115986
pamap2,gnn_flatten_lstm,sequence,3,103,103,104,858,8845,8845,2,2,3,3,standing,standing,True,0.0013422165,0.05292512,0.9241752,0.0010717466,0.0003777732,0.000116126095,0.0008297421,0.0039806585,0.0009413196,0.0031540873,0.010974632,0.00011151859,0.9241752
pamap2,gnn_flatten_lstm,sequence,3,103,103,104,859,8846,8846,2,2,3,3,standing,standing,True,0.0018180582,0.07081698,0.89986134,0.0011343674,0.0005197302,0.00017946346,0.0010765236,0.00433755,0.0011743177,0.003951645,0.0149627505,0.00016746686,0.89986134
pamap2,gnn_flatten_lstm,sequence,3,103,103,104,860,8847,8847,2,2,3,3,standing,standing,True,0.002497604,0.10565878,0.85168165,0.0013446804,0.00075634953,0.00032185778,0.001597923,0.0050830436,0.0015049756,0.0052307053,0.024046272,0.0002761012,0.85168165
pamap2,gnn_flatten_lstm,sequence,3,103,103,104,861,8848,8848,2,2,3,3,standing,standing,True,0.0029558376,0.14961907,0.7889611,0.0014543018,0.000985657,0.0005267991,0.002259921,0.005819407,0.0016972448,0.0068500643,0.03847925,0.00039119011,0.7889611
pamap2,gnn_flatten_lstm,sequence,3,103,103,104,862,8849,8849,2,2,3,3,standing,standing,True,0.0032004649,0.17579754,0.70371664,0.0018747556,0.0015408752,0.0012099589,0.0033056538,0.00847121,0.0020998912,0.011677605,0.086556524,0.00054888515,0.70371664
pamap2,gnn_flatten_lstm,sequence,3,103,103,104,863,8850,8850,2,2,3,3,standing,standing,True,0.003315257,0.18252891,0.6210004,0.0022047325,0.002033914,0.002182113,0.0041995673,0.010814947,0.0024903063,0.016747994,0.15180503,0.0006768314,0.6210004
pamap2,gnn_flatten_lstm,sequence,3,103,103,104,864,8851,8851,2,2,3,3,standing,standing,True,0.0032027704,0.19238015,0.59577125,0.0021723898,0.0020565751,0.002333552,0.004310041,0.011030617,0.002429671,0.017564679,0.16607986,0.0006684776,0.59577125
pamap2,gnn_flatten_lstm,sequence,3,103,103,104,865,8852,8852,2,2,3,3,standing,standing,True,0.0031400083,0.20775709,0.6031234,0.0023362227,0.0022210418,0.0022557222,0.0046211286,0.011287231,0.0025415495,0.016809246,0.14323764,0.00066974445,0.6031234
pamap2,gnn_flatten_lstm,sequence,3,103,103,104,866,8853,8853,2,2,3,3,standing,standing,True,0.0030591893,0.21658249,0.6054487,0.00242791,0.0022862721,0.0022290957,0.0047704475,0.011546812,0.0026515455,0.016464867,0.13187674,0.00065596687,0.6054487
pamap2,gnn_flatten_lstm,sequence,3,103,103,104,867,8854,8854,2,2,3,3,standing,standing,True,0.003035971,0.21023569,0.6127212,0.0024380826,0.0022959828,0.0022494153,0.0047780364,0.011912384,0.0027102688,0.0164485,0.13052213,0.0006522672,0.6127212
pamap2,gnn_flatten_lstm,sequence,3,103,103,104,868,8855,8855,2,2,3,3,standing,standing,True,0.0030621649,0.20837787,0.6076714,0.0023917677,0.0023279188,0.0023837683,0.0047898786,0.012193747,0.002723229,0.016904343,0.13651454,0.00065939734,0.6076714
pamap2,gnn_flatten_lstm,sequence,3,103,103,104,869,8856,8856,2,2,3,3,standing,standing,True,0.0032488804,0.22477853,0.5857015,0.0025104922,0.0025358459,0.0026479429,0.0051229373,0.012588054,0.0028729376,0.017700898,0.13957651,0.0007154424,0.5857015
pamap2,gnn_flatten_lstm,sequence,3,103,103,104,870,8857,8857,2,2,3,3,standing,standing,True,0.0033892982,0.25272667,0.57413584,0.0026780686,0.0026093086,0.002520344,0.005443829,0.0125581175,0.0030257686,0.017104175,0.123063356,0.00074524106,0.57413584
pamap2,gnn_flatten_lstm,sequence,3,103,103,104,871,8858,8858,2,2,3,3,standing,standing,True,0.0035831607,0.29208204,0.54821867,0.002797522,0.0027006678,0.0024592732,0.0058859736,0.0122979125,0.0032078994,0.016773773,0.1092001,0.000793078,0.54821867
pamap2,gnn_flatten_lstm,sequence,3,103,103,104,872,8859,8859,2,2,3,3,standing,standing,True,0.0035405217,0.2975008,0.5309289,0.0026930375,0.0027533304,0.002618685,0.0059682503,0.011814724,0.0030685111,0.018263541,0.12005008,0.0007995751,0.5309289
pamap2,gnn_flatten_lstm,sequence,3,103,103,104,873,8860,8860,2,2,3,3,standing,standing,True,0.0033961388,0.26904216,0.5319436,0.0025590495,0.0027703457,0.0028195865,0.0058153584,0.011400242,0.002819787,0.020440347,0.14620899,0.00078437064,0.5319436
pamap2,gnn_flatten_lstm,sequence,3,103,103,104,874,8861,8861,2,2,3,3,standing,standing,True,0.0033090857,0.23321024,0.4575407,0.002009108,0.002549927,0.0036877077,0.0050505283,0.010438345,0.0022908223,0.026420483,0.25277728,0.0007157809,0.4575407
pamap2,gnn_flatten_lstm,sequence,3,103,103,104,875,8862,8862,2,2,3,3,standing,standing,True,0.0032000113,0.20108055,0.37518525,0.0016031062,0.0022083216,0.004410593,0.0043375483,0.009367237,0.0019229992,0.030306846,0.3657243,0.0006532476,0.37518525
pamap2,gnn_flatten_lstm,sequence,3,103,103,104,876,8863,8863,2,2,3,3,standing,standing,True,0.0030687987,0.19162512,0.38565397,0.0015045713,0.001973571,0.0041085626,0.0040096045,0.009379025,0.001854269,0.028151939,0.3680737,0.00059686124,0.38565397
pamap2,gnn_flatten_lstm,sequence,3,103,103,104,877,8864,8864,2,2,3,3,standing,standing,True,0.00291526,0.19090427,0.41636935,0.0014694316,0.0018029195,0.0036597843,0.0037923658,0.009421737,0.0018124304,0.025532732,0.34176862,0.0005511236,0.41636935
pamap2,gnn_flatten_lstm,sequence,3,103,103,104,878,8865,8865,2,2,3,3,standing,standing,True,0.002805126,0.18853597,0.43458885,0.0014663801,0.0017469515,0.0034708385,0.0037067495,0.009556768,0.001805507,0.02452469,0.32726285,0.0005293689,0.43458885
pamap2,gnn_flatten_lstm,sequence,3,103,103,104,879,8866,8866,2,2,3,3,standing,standing,True,0.0027628304,0.19540171,0.48831198,0.0015766218,0.0017496564,0.0030482367,0.0037629572,0.0099730035,0.0018990973,0.021684175,0.26930225,0.0005275698,0.48831198
pamap2,gnn_flatten_lstm,sequence,3,103,103,104,880,8867,8867,2,2,3,3,standing,standing,True,0.0026053537,0.19142947,0.51726353,0.0015381689,0.0016430208,0.0027827127,0.003563824,0.009947965,0.0018771187,0.019932572,0.24692193,0.0004943062,0.51726353
pamap2,gnn_flatten_lstm,sequence,3,103,103,104,881,8868,8868,2,2,3,3,standing,standing,True,0.0023666022,0.17974193,0.4322427,0.0011636548,0.0014095823,0.0032048721,0.0030031542,0.008593499,0.0015362361,0.022714365,0.34360242,0.00042104835,0.4322427
pamap2,gnn_flatten_lstm,sequence,3,103,103,104,882,8869,8869,2,10,3,17,standing,ironing,False,0.0021001054,0.15478823,0.3159522,0.00081887795,0.0012100632,0.0036380503,0.0024362602,0.00688405,0.0011672003,0.026650414,0.48400712,0.00034747395,0.48400712
pamap2,gnn_flatten_lstm,sequence,3,103,103,104,883,8870,8870,2,2,3,3,standing,standing,True,0.0023736372,0.17501336,0.4741551,0.001211,0.0012859827,0.0024738633,0.003011237,0.00836302,0.0014616367,0.022196408,0.30805627,0.00039843665,0.4741551
pamap2,gnn_flatten_lstm,sequence,3,103,103,104,884,8871,8871,2,2,3,3,standing,standing,True,0.002614121,0.17005737,0.6196588,0.0018765053,0.0016355084,0.0017835795,0.003861503,0.009976533,0.0019344974,0.018387197,0.16771233,0.0005020186,0.6196588
pamap2,gnn_flatten_lstm,sequence,3,103,103,104,885,8872,8872,2,2,3,3,standing,standing,True,0.0029945292,0.17006396,0.64644283,0.002337633,0.0019861516,0.0017573963,0.0045067994,0.01060113,0.0022657742,0.018271716,0.13815615,0.0006159315,0.64644283
pamap2,gnn_flatten_lstm,sequence,3,103,103,104,886,8873,8873,2,2,3,3,standing,standing,True,0.0034911868,0.18502061,0.5711626,0.0022957574,0.002218852,0.0023333163,0.0049078506,0.010683383,0.0023270764,0.022849545,0.1919894,0.00072045403,0.5711626
pamap2,gnn_flatten_lstm,sequence,3,103,103,104,887,8874,8874,2,2,3,3,standing,standing,True,0.0036896,0.18958038,0.5075886,0.002142273,0.002259557,0.0028728659,0.004892771,0.010665002,0.0022912174,0.025739234,0.24753629,0.0007421325,0.5075886
pamap2,gnn_flatten_lstm,sequence,3,103,103,104,888,8875,8875,2,2,3,3,standing,standing,True,0.003701192,0.18349674,0.4853508,0.0020628136,0.0021731623,0.002930985,0.0048031905,0.010413308,0.00218764,0.02720039,0.27495846,0.0007213029,0.4853508
pamap2,gnn_flatten_lstm,sequence,3,103,103,104,889,8876,8876,2,2,3,3,standing,standing,True,0.0036377138,0.14718857,0.4492022,0.001796718,0.001834378,0.0028997473,0.0042752167,0.009910739,0.0018612994,0.031158233,0.34560663,0.0006285741,0.4492022
pamap2,gnn_flatten_lstm,sequence,3,103,103,104,890,8877,8877,2,2,3,3,standing,standing,True,0.003865417,0.11608987,0.4909251,0.0017833621,0.0015634625,0.0024217598,0.003914414,0.010633854,0.0017739225,0.031946737,0.334523,0.0005590701,0.4909251
pamap2,gnn_flatten_lstm,sequence,3,103,103,104,891,8878,8878,2,2,3,3,standing,standing,True,0.0030560284,0.07841842,0.78878427,0.0025783326,0.0011136893,0.00088756724,0.0025755651,0.010383388,0.001980536,0.016074276,0.09373328,0.00041459117,0.78878427
pamap2,gnn_flatten_lstm,sequence,3,103,103,104,892,8879,8879,2,2,3,3,standing,standing,True,0.0022309155,0.04550781,0.9045938,0.0029050293,0.0007864432,0.00032718174,0.0015901746,0.007918713,0.0018183845,0.0074076476,0.024640214,0.00027369094,0.9045938
pamap2,gnn_flatten_lstm,sequence,3,103,103,104,893,8880,8880,2,2,3,3,standing,standing,True,0.0017540253,0.034799185,0.93155676,0.002744423,0.00056256185,0.00018882625,0.0011514148,0.006628283,0.0015009836,0.005028413,0.013898095,0.0001871366,0.93155676
pamap2,gnn_flatten_lstm,sequence,3,103,103,104,894,8881,8881,2,2,3,3,standing,standing,True,0.0013303027,0.02911955,0.94557625,0.0022789496,0.0003857943,0.000120768374,0.0008230589,0.005595465,0.0011828222,0.0037315665,0.009735891,0.00011949965,0.94557625
pamap2,gnn_flatten_lstm,sequence,3,103,103,104,895,8882,8882,2,2,3,3,standing,standing,True,0.0010632911,0.026374176,0.95433193,0.0018402264,0.0002736493,7.7903365e-05,0.000608053,0.004639975,0.00091706327,0.0028159206,0.0069774077,8.036678e-05,0.95433193
pamap2,gnn_flatten_lstm,sequence,3,103,103,104,896,8883,8883,2,2,3,3,standing,standing,True,0.00088204996,0.024781434,0.96027684,0.0014214496,0.0001972035,5.167308e-05,0.0004586553,0.0037921015,0.0006977137,0.0021782739,0.005206617,5.590966e-05,0.96027684
pamap2,gnn_flatten_lstm,sequence,3,103,103,104,897,8884,8884,2,2,3,3,standing,standing,True,0.00081376487,0.024358748,0.9626353,0.0011940649,0.00016667016,4.1923475e-05,0.0003956689,0.0034045242,0.0006056466,0.0018649525,0.004472343,4.6482877e-05,0.9626353
pamap2,gnn_flatten_lstm,sequence,3,103,103,104,898,8885,8885,2,2,3,3,standing,standing,True,0.0008099567,0.024872202,0.9626913,0.0011227764,0.0001618596,3.961116e-05,0.00038646715,0.003305605,0.00058696856,0.0017587449,0.0042198147,4.465289e-05,0.9626913
pamap2,gnn_flatten_lstm,sequence,3,103,103,104,899,8886,8886,2,2,3,3,standing,standing,True,0.0008794845,0.02658057,0.9603435,0.0012009393,0.0001816432,4.3460706e-05,0.00042654035,0.003470708,0.00063918205,0.0018339115,0.0043500555,4.997547e-05,0.9603435
pamap2,gnn_flatten_lstm,sequence,3,103,103,104,900,8887,8887,2,2,3,3,standing,standing,True,0.0009947709,0.029118845,0.95653737,0.0013640057,0.00021803193,5.1021307e-05,0.0004975389,0.0037674739,0.00073501584,0.001997099,0.0046588774,6.0009468e-05,0.95653737
pamap2,gnn_flatten_lstm,sequence,3,103,103,104,901,8888,8888,2,2,3,3,standing,standing,True,0.0010627954,0.030524135,0.95436656,0.001460978,0.00024055727,5.569627e-05,0.00054192747,0.003950465,0.0007936586,0.0020914737,0.0048455126,6.629631e-05,0.95436656
pamap2,gnn_flatten_lstm,sequence,3,103,103,104,902,8889,8889,2,2,3,3,standing,standing,True,0.0010937403,0.031238483,0.953343,0.0015028493,0.0002512601,5.762378e-05,0.00056325196,0.004019266,0.0008197235,0.002128811,0.004912842,6.9130336e-05,0.953343
pamap2,gnn_flatten_lstm,sequence,3,103,103,104,903,8890,8890,2,2,3,3,standing,standing,True,0.0011499149,0.032369565,0.95155495,0.001601311,0.000272115,6.173136e-05,0.00060210965,0.004162772,0.0008739944,0.002213263,0.005063497,7.472131e-05,0.95155495
pamap2,gnn_flatten_lstm,sequence,3,103,103,104,904,8891,8891,2,2,3,3,standing,standing,True,0.0012114511,0.033550207,0.94962335,0.0017127534,0.00029582158,6.655963e-05,0.00064537866,0.0043272,0.00093534,0.0023094735,0.005241328,8.115117e-05,0.94962335
pamap2,gnn_flatten_lstm,sequence,3,103,103,104,905,8892,8892,2,2,3,3,standing,standing,True,0.0012526833,0.03426883,0.94838685,0.0017924063,0.0003121067,6.992659e-05,0.0006748922,0.0044491473,0.0009779782,0.0023718944,0.0053574713,8.566506e-05,0.94838685
pamap2,gnn_flatten_lstm,sequence,3,103,103,104,906,8893,8893,2,2,3,3,standing,standing,True,0.0012854927,0.03481185,0.9473822,0.0018734506,0.00032715322,7.279781e-05,0.00070139614,0.0045505883,0.0010165207,0.0024345885,0.005454424,8.9549416e-05,0.9473822
pamap2,gnn_flatten_lstm,sequence,3,103,103,104,907,8894,8894,2,2,3,3,standing,standing,True,0.0013069086,0.035072133,0.9468253,0.0019237646,0.00033578338,7.481294e-05,0.00071515894,0.0046113655,0.0010405433,0.002475491,0.0055267424,9.198692e-05,0.9468253
pamap2,gnn_flatten_lstm,sequence,3,103,103,104,908,8895,8895,2,2,3,3,standing,standing,True,0.0013091932,0.034983676,0.9468438,0.0019401438,0.00033708327,7.52288e-05,0.0007166805,0.004627683,0.001045967,0.0024873163,0.0055409144,9.2378614e-05,0.9468438
pamap2,gnn_flatten_lstm,sequence,3,103,103,104,909,8896,8896,2,2,3,3,standing,standing,True,0.0013065665,0.03483744,0.946997,0.0019384779,0.00033570416,7.5252596e-05,0.00071331795,0.004626185,0.0010441906,0.0024875645,0.00554626,9.213276e-05,0.946997
pamap2,gnn_flatten_lstm,sequence,3,103,103,104,910,8897,8897,2,2,3,3,standing,standing,True,0.0013046054,0.03473148,0.9470976,0.0019454921,0.00033515296,7.5372925e-05,0.00071037054,0.0046194093,0.0010451075,0.0024910884,0.005552327,9.198144e-05,0.9470976
pamap2,gnn_flatten_lstm,sequence,3,103,103,104,911,8898,8898,2,2,3,3,standing,standing,True,0.0012970068,0.03455731,0.9473495,0.0019346314,0.00033186356,7.500385e-05,0.0007029144,0.0045965263,0.0010389843,0.002481303,0.005543837,9.113785e-05,0.9473495
pamap2,gnn_flatten_lstm,sequence,3,103,103,104,912,8899,8899,2,2,3,3,standing,standing,True,0.0012767541,0.034142457,0.9479814,0.0019037038,0.0003240867,7.362558e-05,0.0006876735,0.0045431126,0.0010199538,0.0024576844,0.0055006146,8.901835e-05,0.9479814
pamap2,gnn_flatten_lstm,sequence,3,103,103,104,913,8900,8900,2,2,3,3,standing,standing,True,0.0012538608,0.033641793,0.9487209,0.0018731419,0.0003157063,7.199449e-05,0.0006718394,0.004488093,0.0009994715,0.0024324153,0.005444249,8.6686196e-05,0.9487209
pamap2,gnn_flatten_lstm,sequence,3,103,103,104,914,8901,8901,2,2,3,3,standing,standing,True,0.0012290112,0.033104774,0.9495279,0.001837859,0.00030655137,7.012738e-05,0.000655078,0.0044295765,0.0009769624,0.00240145,0.005376577,8.414693e-05,0.9495279
pamap2,gnn_flatten_lstm,sequence,3,103,103,104,915,8902,8902,2,2,3,3,standing,standing,True,0.0012101395,0.032662876,0.95014703,0.001819583,0.0003006114,6.874632e-05,0.0006447531,0.0043977574,0.0009624931,0.0023818654,0.00532172,8.2370425e-05,0.95014703
pamap2,gnn_flatten_lstm,sequence,3,103,103,104,916,8903,8903,2,2,3,3,standing,standing,True,0.0012078189,0.032551453,0.95026964,0.001821303,0.00029985045,6.86662e-05,0.0006429812,0.0043958104,0.0009627074,0.002379447,0.005318061,8.213512e-05,0.95026964
pamap2,gnn_flatten_lstm,sequence,3,103,103,104,917,8904,8904,2,2,3,3,standing,standing,True,0.0012103706,0.03264808,0.9501808,0.0018120523,0.00029995627,6.864224e-05,0.00064416265,0.0043958277,0.0009624374,0.002373963,0.005321499,8.2194674e-05,0.9501808
pamap2,gnn_flatten_lstm,sequence,3,103,103,104,918,8905,8905,2,2,3,3,standing,standing,True,0.0011390431,0.03118149,0.9522841,0.0016818979,0.0002741732,6.551278e-05,0.0005878123,0.0041780653,0.00089106854,0.0023295488,0.005311847,7.5370386e-05,0.9522841
pamap2,gnn_flatten_lstm,sequence,3,103,103,104,919,8906,8906,2,2,3,3,standing,standing,True,0.0013216299,0.03879294,0.9402322,0.001182132,0.0003223972,0.00011410079,0.0006215601,0.004166279,0.00094965415,0.0028673792,0.009337635,9.216842e-05,0.9402322
pamap2,gnn_flatten_lstm,sequence,3,103,103,104,920,8907,8907,2,2,3,3,standing,standing,True,0.0015454645,0.046945605,0.92268467,0.00096647325,0.00038663612,0.00019760206,0.00069047156,0.0045531075,0.001052339,0.0038373857,0.017024463,0.00011583327,0.92268467
pamap2,gnn_flatten_lstm,sequence,3,103,103,104,921,8908,8908,2,2,3,3,standing,standing,True,0.0016661581,0.056442905,0.9132149,0.00086386816,0.00039896963,0.00019398339,0.00075700047,0.004364258,0.000982867,0.0036968575,0.017294548,0.0001236467,0.9132149
pamap2,gnn_flatten_lstm,sequence,3,103,103,104,922,8909,8909,2,2,3,3,standing,standing,True,0.0019406289,0.07764664,0.893582,0.00082206435,0.00042638334,0.00017606892,0.0009425374,0.0041026087,0.0009770931,0.0036917143,0.015546203,0.0001460934,0.893582
pamap2,gnn_flatten_lstm,sequence,3,103,103,104,923,8910,8910,2,2,3,3,standing,standing,True,0.002487068,0.117294855,0.8516572,0.00085459056,0.0005049813,0.00020009353,0.0013559106,0.0040845913,0.0010993083,0.004109008,0.016150083,0.00020240198,0.8516572
pamap2,gnn_flatten_lstm,sequence,3,103,103,104,924,8911,8911,2,2,3,3,standing,standing,True,0.003747339,0.2067218,0.7545957,0.000971325,0.0006738456,0.0002806916,0.0021766203,0.0044244286,0.0014155518,0.0052523455,0.019388873,0.00035150774,0.7545957
pamap2,gnn_flatten_lstm,sequence,3,103,103,104,925,8912,8912,2,2,3,3,standing,standing,True,0.004978506,0.34511515,0.61108625,0.0010455255,0.00078831834,0.00035038273,0.0031485856,0.0045804153,0.0017340976,0.0063304896,0.020328235,0.0005140023,0.61108625
pamap2,gnn_flatten_lstm,sequence,3,103,103,104,926,8913,8913,2,1,3,2,standing,sitting,False,0.005036496,0.5216802,0.4302162,0.0010012209,0.0008527215,0.00044228017,0.0040622214,0.0042936928,0.001815812,0.00748487,0.022509959,0.0006043591,0.5216802
pamap2,gnn_flatten_lstm,sequence,3,103,103,104,927,8914,8914,2,1,3,2,standing,sitting,False,0.0048052417,0.48161653,0.43211102,0.001650993,0.0015320416,0.00096154603,0.00618537,0.006711954,0.002231846,0.013226027,0.048175424,0.0007920434,0.48161653
pamap2,gnn_flatten_lstm,sequence,3,103,103,104,928,8915,8915,2,2,3,3,standing,standing,True,0.005143282,0.4146192,0.46022856,0.00225386,0.002254317,0.0015485715,0.007882966,0.009144086,0.0026458434,0.018506447,0.07479087,0.0009819476,0.46022856
pamap2,gnn_flatten_lstm,sequence,3,103,103,104,929,8916,8916,2,1,3,2,standing,sitting,False,0.006183545,0.44454467,0.4272708,0.0028280728,0.002808375,0.001855943,0.0095700575,0.010309683,0.0034322275,0.019374277,0.070526704,0.0012955413,0.44454467
pamap2,gnn_flatten_lstm,sequence,3,103,103,104,930,8917,8917,2,1,3,2,standing,sitting,False,0.006778988,0.4887255,0.35490274,0.0029936535,0.0032926062,0.002789945,0.010031525,0.010650834,0.0038701727,0.022314228,0.09211571,0.0015340733,0.4887255
pamap2,gnn_flatten_lstm,sequence,3,103,103,104,931,8918,8918,2,1,3,2,standing,sitting,False,0.0055263187,0.4200156,0.3581724,0.0023877395,0.002840919,0.0032180625,0.007892708,0.009588669,0.002849886,0.02665186,0.15970849,0.0011473529,0.4200156
pamap2,gnn_flatten_lstm,sequence,3,103,103,104,932,8919,8919,2,2,3,3,standing,standing,True,0.0041753184,0.26245585,0.4986536,0.0025052151,0.0024439327,0.0024608036,0.005797549,0.010689462,0.0024123983,0.025177361,0.18240455,0.00082398806,0.4986536
pamap2,gnn_flatten_lstm,sequence,3,103,103,104,933,8920,8920,2,2,3,3,standing,standing,True,0.00345518,0.16675892,0.7094534,0.0031934995,0.0020140226,0.0011823517,0.004783543,0.010782147,0.0023856307,0.014965511,0.08032529,0.0007004257,0.7094534
pamap2,gnn_flatten_lstm,sequence,3,103,103,104,934,8921,8921,2,2,3,3,standing,standing,True,0.0031869088,0.10955767,0.81261796,0.0036624903,0.0016527167,0.0006411155,0.0037734297,0.010335816,0.0023601034,0.010521023,0.04112486,0.00056585576,0.81261796
pamap2,gnn_flatten_lstm,sequence,3,103,103,104,935,8922,8922,2,2,3,3,standing,standing,True,0.0029762245,0.07479459,0.8703271,0.0038054003,0.0013390807,0.0003875424,0.0029157714,0.009604123,0.00235144,0.007834531,0.023215817,0.0004482923,0.8703271
pamap2,gnn_flatten_lstm,sequence,3,103,103,104,936,8923,8923,2,2,3,3,standing,standing,True,0.0024127364,0.053999808,0.9059004,0.0034069002,0.00094462174,0.00024244306,0.0020434833,0.00824016,0.0020142978,0.0057448363,0.014748904,0.00030142584,0.9059004
pamap2,gnn_flatten_lstm,sequence,3,103,103,104,937,8924,8924,2,2,3,3,standing,standing,True,0.0017091867,0.040646113,0.9310779,0.0026966194,0.00057676167,0.00014364005,0.0012631462,0.006503111,0.001494111,0.0040364303,0.009682024,0.0001709616,0.9310779
pamap2,gnn_flatten_lstm,sequence,3,103,103,104,938,8925,8925,2,2,3,3,standing,standing,True,0.0013000737,0.03383443,0.9452057,0.0020625184,0.00037038777,9.0059955e-05,0.00083093776,0.0052032764,0.0011053672,0.0029584505,0.0069331178,0.000105759114,0.9452057
pamap2,gnn_flatten_lstm,sequence,3,103,103,104,939,8926,8926,2,2,3,3,standing,standing,True,0.0010708462,0.0292548,0.9535969,0.0016301802,0.00026416423,6.6046225e-05,0.00060985185,0.0044887755,0.00087774673,0.0023655233,0.005700316,7.48117e-05,0.9535969
pamap2,gnn_flatten_lstm,sequence,3,103,103,104,940,8927,8927,2,2,3,3,standing,standing,True,0.001029727,0.029091291,0.9552946,0.0014467175,0.00023759247,5.7674817e-05,0.0005542533,0.00418631,0.00080073066,0.0021249033,0.005109543,6.667396e-05,0.9552946
pamap2,gnn_flatten_lstm,sequence,3,103,103,104,941,8928,8928,2,2,3,3,standing,standing,True,0.0013181871,0.033993617,0.9474895,0.00191204,0.00033666365,7.668321e-05,0.00074200693,0.004904605,0.0010661762,0.0024576744,0.0056086374,9.416522e-05,0.9474895
pamap2,gnn_flatten_lstm,sequence,3,103,103,104,942,8929,8929,2,2,3,3,standing,standing,True,0.0015804985,0.03830083,0.9399961,0.0024447918,0.00044928945,9.939326e-05,0.0009366202,0.0055987784,0.0013530309,0.0028456233,0.0062701134,0.00012495871,0.9399961
pamap2,gnn_flatten_lstm,sequence,3,103,103,104,943,8930,8930,2,2,3,3,standing,standing,True,0.0016537176,0.039445724,0.9379167,0.002592515,0.0004829648,0.00010668669,0.0009930783,0.0058010356,0.0014358392,0.0029540383,0.006483213,0.00013446494,0.9379167
pamap2,gnn_flatten_lstm,sequence,3,103,103,104,944,8931,8931,2,2,3,3,standing,standing,True,0.0017038462,0.040170085,0.9365053,0.0027163466,0.0005085227,0.00011168135,0.001037916,0.0059560803,0.0015002544,0.0030323693,0.0066161314,0.00014142398,0.9365053
pamap2,gnn_flatten_lstm,sequence,3,103,103,104,945,8932,8932,2,2,3,3,standing,standing,True,0.001747497,0.040702444,0.9353914,0.00282188,0.00052957557,0.00011601234,0.001074126,0.0060947235,0.001555081,0.003095531,0.0067242472,0.00014739115,0.9353914
pamap2,gnn_flatten_lstm,sequence,3,103,103,104,946,8933,8933,2,2,3,3,standing,standing,True,0.0017840024,0.04122912,0.93445635,0.0028648502,0.00054325006,0.00011996687,0.0010954541,0.0061979364,0.0015925027,0.0031270408,0.006837606,0.0001518729,0.93445635
pamap2,gnn_flatten_lstm,sequence,3,103,103,104,947,8934,8934,2,2,3,3,standing,standing,True,0.0018183579,0.04178107,0.9335104,0.0029274246,0.0005588662,0.00012326144,0.001121445,0.006287083,0.001631993,0.0031649657,0.0069189453,0.0001562492,0.9335104
pamap2,gnn_flatten_lstm,sequence,3,103,103,104,948,8935,8935,2,2,3,3,standing,standing,True,0.0018311731,0.042051002,0.9330646,0.0029164762,0.000563638,0.0001254752,0.0011271125,0.0063074483,0.0016387141,0.003192333,0.0070241205,0.0001578956,0.9330646
pamap2,gnn_flatten_lstm,sequence,3,103,103,104,949,8936,8936,2,2,3,3,standing,standing,True,0.0017808557,0.04119471,0.9343609,0.0028518673,0.00054451555,0.00012112753,0.0010962655,0.00618223,0.001584488,0.0031783541,0.0069526113,0.00015215139,0.9343609
pamap2,gnn_flatten_lstm,sequence,3,103,103,104,950,8937,8937,2,2,3,3,standing,standing,True,0.0017885992,0.04149305,0.9341786,0.002871169,0.0005464875,0.00011837412,0.0011077507,0.0061663343,0.0015870671,0.0031489476,0.006841659,0.00015197234,0.9341786
pamap2,gnn_flatten_lstm,sequence,3,103,103,104,951,8938,8938,2,2,3,3,standing,standing,True,0.0017934841,0.041620445,0.9341825,0.0028746142,0.00054638216,0.00011598015,0.0011154043,0.0061652195,0.0015802126,0.0031286674,0.006725475,0.00015157972,0.9341825
pamap2,gnn_flatten_lstm,sequence,3,103,103,104,952,8939,8939,2,2,3,3,standing,standing,True,0.0017729306,0.04056,0.9352308,0.00287546,0.000536396,0.0001165951,0.001092928,0.0061756936,0.0015553813,0.0031833951,0.006750443,0.00015002378,0.9352308
pamap2,gnn_flatten_lstm,sequence,3,103,103,104,953,8940,8940,2,2,3,3,standing,standing,True,0.0017249791,0.03950735,0.9366737,0.002758681,0.00051024725,0.0001163347,0.001032217,0.0060659964,0.0015012583,0.0031563242,0.0068084854,0.0001444387,0.9366737
pamap2,gnn_flatten_lstm,sequence,3,103,103,104,954,8941,8941,2,2,3,3,standing,standing,True,0.0016149486,0.037729688,0.939577,0.0025732685,0.00046292937,0.00010907746,0.0009377279,0.0057752053,0.0013937682,0.0030383603,0.006656774,0.00013133409,0.939577
pamap2,gnn_flatten_lstm,sequence,3,103,103,104,955,8942,8942,2,2,3,3,standing,standing,True,0.0014911625,0.035805307,0.9429436,0.0024008774,0.00041416715,9.708996e-05,0.000851675,0.0054253186,0.0012774448,0.0028727383,0.0063040936,0.00011648773,0.9429436
pamap2,gnn_flatten_lstm,sequence,3,103,103,104,956,8943,8943,2,2,3,3,standing,standing,True,0.001388014,0.034063306,0.9459429,0.0022361367,0.00037227027,8.7356515e-05,0.0007763898,0.005128074,0.001174615,0.002726015,0.0060006767,0.00010426608,0.9459429
pamap2,gnn_flatten_lstm,sequence,3,103,103,104,957,8944,8944,2,2,3,3,standing,standing,True,0.0013092209,0.032654252,0.94840115,0.0020789355,0.0003374703,7.984707e-05,0.0007142632,0.00490464,0.0010896823,0.0025873748,0.0057484987,9.470327e-05,0.94840115
pamap2,gnn_flatten_lstm,sequence,3,103,103,104,958,8945,8945,2,2,3,3,standing,standing,True,0.0012296347,0.031399254,0.9506989,0.0019225543,0.00030584395,7.259942e-05,0.0006576729,0.0046658944,0.0010038811,0.0024594113,0.005498616,8.568918e-05,0.9506989
pamap2,gnn_flatten_lstm,sequence,3,103,103,104,959,8946,8946,2,2,3,3,standing,standing,True,0.0011936156,0.030908274,0.9516979,0.0018474489,0.00029142929,6.9402166e-05,0.00062874565,0.004530558,0.00096400396,0.0023980723,0.0053890133,8.149476e-05,0.9516979
pamap2,gnn_flatten_lstm,sequence,3,103,103,104,960,8947,8947,2,2,3,3,standing,standing,True,0.0011565187,0.030283377,0.95282054,0.0017738733,0.00027648316,6.6344255e-05,0.00059907464,0.004406473,0.0009263442,0.0023322739,0.005281526,7.725968e-05,0.95282054
pamap2,gnn_flatten_lstm,sequence,3,103,103,104,961,8948,8948,2,2,3,3,standing,standing,True,0.0011112138,0.029538235,0.95415246,0.0016954339,0.00026013542,6.261376e-05,0.00056796096,0.0042660334,0.00088278885,0.002257459,0.005133197,7.247824e-05,0.95415246
pamap2,gnn_flatten_lstm,sequence,3,103,103,104,962,8949,8949,2,2,3,3,standing,standing,True,0.0010795096,0.029177092,0.9549657,0.0016329499,0.00024922518,5.9811882e-05,0.0005470056,0.004145995,0.0008485386,0.002204534,0.0050204135,6.917197e-05,0.9549657
pamap2,gnn_flatten_lstm,sequence,3,103,103,104,963,8950,8950,2,2,3,3,standing,standing,True,0.001030633,0.028459338,0.9563216,0.0015403734,0.00023227191,5.5990393e-05,0.0005136681,0.0039743823,0.000796946,0.0021324502,0.004878044,6.435052e-05,0.9563216
pamap2,gnn_flatten_lstm,sequence,3,103,103,104,964,8951,8951,2,2,3,3,standing,standing,True,0.0009907417,0.027891519,0.95742834,0.0014591361,0.00021778904,5.3125008e-05,0.00048352356,0.0038209374,0.0007548218,0.0020663457,0.0047733034,6.0417304e-05,0.95742834
pamap2,gnn_flatten_lstm,sequence,3,103,103,104,965,8952,8952,2,2,3,3,standing,standing,True,0.0009511046,0.027198745,0.9586452,0.0013927742,0.00020420049,5.0120623e-05,0.00045624425,0.0036838856,0.0007159087,0.0020026667,0.004642465,5.6646386e-05,0.9586452
pamap2,gnn_flatten_lstm,sequence,3,103,103,104,966,8953,8953,2,2,3,3,standing,standing,True,0.0009180509,0.026589535,0.95966244,0.0013416231,0.00019367583,4.777087e-05,0.00043472715,0.0035726868,0.0006847771,0.001957177,0.0045438474,5.363857e-05,0.95966244
pamap2,gnn_flatten_lstm,sequence,3,103,103,104,967,8954,8954,2,2,3,3,standing,standing,True,0.00089176116,0.026075551,0.960515,0.001296791,0.00018471412,4.5947243e-05,0.0004158141,0.0034768973,0.0006591925,0.0019174828,0.0044697053,5.1186387e-05,0.960515
pamap2,gnn_flatten_lstm,sequence,3,103,103,104,968,8955,8955,2,2,3,3,standing,standing,True,0.00086533703,0.025490565,0.96140593,0.0012634387,0.00017653624,4.425173e-05,0.0003982772,0.0033941425,0.0006371638,0.001881703,0.00439375,4.889893e-05,0.96140593
pamap2,gnn_flatten_lstm,sequence,3,103,103,104,969,8956,8956,2,2,3,3,standing,standing,True,0.0008375035,0.024853842,0.9623583,0.0012249057,0.00016801954,4.245976e-05,0.00038039597,0.0033091637,0.00061256735,0.0018469032,0.0043194266,4.652045e-05,0.9623583
pamap2,gnn_flatten_lstm,sequence,3,103,103,104,970,8957,8957,2,2,3,3,standing,standing,True,0.00080484507,0.02410527,0.9634954,0.0011638987,0.00015697721,4.0505653e-05,0.00035652064,0.0031948907,0.0005804746,0.0018008953,0.004256794,4.363405e-05,0.9634954
pamap2,gnn_flatten_lstm,sequence,3,103,103,104,971,8958,8958,2,2,3,3,standing,standing,True,0.0007720207,0.02342656,0.9645931,0.0011022068,0.00014638207,3.834135e-05,0.00033458287,0.0030819455,0.00054884434,0.0017457131,0.0041695065,4.080458e-05,0.9645931
pamap2,gnn_flatten_lstm,sequence,3,103,103,104,972,8959,8959,2,2,3,3,standing,standing,True,0.00075324695,0.023104655,0.96520907,0.0010666826,0.00014029625,3.679648e-05,0.0003229971,0.0030186381,0.00053144136,0.0016977192,0.004079326,3.9155228e-05,0.96520907
pamap2,gnn_flatten_lstm,sequence,3,103,103,104,973,8960,8960,2,2,3,3,standing,standing,True,0.0007348056,0.022714164,0.96583587,0.0010256375,0.00013411054,3.5698322e-05,0.00030945055,0.0029467437,0.00051199726,0.0016675076,0.0040463884,3.7572663e-05,0.96583587
pamap2,gnn_flatten_lstm,sequence,3,103,103,104,974,8961,8961,2,2,3,3,standing,standing,True,0.0007147314,0.022278331,0.96651345,0.0009848395,0.00012797704,3.448392e-05,0.0002967903,0.0028795532,0.00049199164,0.0016383473,0.004003541,3.594457e-05,0.96651345
pamap2,gnn_flatten_lstm,sequence,3,103,103,104,975,8962,8962,2,2,3,3,standing,standing,True,0.0007006548,0.022082562,0.9668996,0.00096101366,0.00012448312,3.3437016e-05,0.00029084587,0.002839168,0.0004799591,0.0016099508,0.003943366,3.491527e-05,0.9668996
pamap2,gnn_flatten_lstm,sequence,3,103,103,104,976,8963,8963,2,2,3,3,standing,standing,True,0.0006916942,0.021903055,0.9672157,0.00094444084,0.000121598634,3.282304e-05,0.00028468284,0.0028087636,0.00047196378,0.001586105,0.0039050358,3.4165314e-05,0.9672157
pamap2,gnn_flatten_lstm,sequence,3,103,103,104,977,8964,8964,2,2,3,3,standing,standing,True,0.0006742017,0.02151535,0.9678216,0.00092427316,0.00011735751,3.16157e-05,0.0002763155,0.0027647447,0.0004595521,0.0015548123,0.003827235,3.2871427e-05,0.9678216
pamap2,gnn_flatten_lstm,sequence,3,103,103,104,978,8965,8965,2,2,3,3,standing,standing,True,0.00068079407,0.021782218,0.9675551,0.00092710543,0.000118484364,3.161001e-05,0.0002801711,0.00278512,0.0004643365,0.0015408677,0.0038009617,3.3221695e-05,0.9675551
pamap2,gnn_flatten_lstm,sequence,3,103,103,104,979,8966,8966,2,2,3,3,standing,standing,True,0.00068425614,0.02192385,0.96738887,0.00092859624,0.00011932334,3.1819785e-05,0.00028214723,0.002803813,0.00046733493,0.0015376805,0.003798794,3.3468426e-05,0.96738887
pamap2,gnn_flatten_lstm,sequence,3,103,103,104,980,8967,8967,2,2,3,3,standing,standing,True,0.0006787166,0.021754337,0.9675839,0.00092984515,0.00011861814,3.1647236e-05,0.00028032696,0.0028000115,0.00046501396,0.0015392215,0.003785286,3.318804e-05,0.9675839
pamap2,gnn_flatten_lstm,sequence,3,103,103,104,981,8968,8968,2,2,3,3,standing,standing,True,0.0006711744,0.021562967,0.96783453,0.0009347553,0.00011803525,3.116701e-05,0.000279316,0.002783485,0.0004625795,0.00153889,0.003750292,3.280447e-05,0.96783453
pamap2,gnn_flatten_lstm,sequence,3,103,103,104,982,8969,8969,2,2,3,3,standing,standing,True,0.000689318,0.022095233,0.9671332,0.0009504889,0.00012268643,3.207614e-05,0.00029049584,0.0028370444,0.00047729243,0.0015499215,0.0037881157,3.408881e-05,0.9671332
pamap2,gnn_flatten_lstm,sequence,3,103,103,104,983,8970,8970,2,2,3,3,standing,standing,True,0.00071475055,0.022782618,0.9661619,0.0009824582,0.00012999069,3.353294e-05,0.00030667364,0.0029116755,0.00049833,0.0015840308,0.0038579952,3.6022902e-05,0.9661619
pamap2,gnn_flatten_lstm,sequence,3,103,103,104,984,8971,8971,2,2,3,3,standing,standing,True,0.0007396294,0.023405239,0.96523005,0.0010153875,0.00013726589,3.521486e-05,0.00032162826,0.0029808742,0.0005187573,0.0016271473,0.0039508827,3.7989037e-05,0.96523005
pamap2,gnn_flatten_lstm,sequence,3,103,103,104,985,8972,8972,2,2,3,3,standing,standing,True,0.0007517231,0.023665909,0.9647959,0.0010344437,0.00014109878,3.614211e-05,0.00032950778,0.003022553,0.0005293117,0.001652707,0.004001655,3.9039827e-05,0.9647959
pamap2,gnn_flatten_lstm,sequence,3,103,103,104,986,8973,8973,2,2,3,3,standing,standing,True,0.00076506095,0.023930373,0.96434945,0.0010546689,0.00014501443,3.7141235e-05,0.00033742955,0.0030650278,0.0005410552,0.0016779549,0.004056672,4.0159215e-05,0.96434945
pamap2,gnn_flatten_lstm,sequence,3,103,103,104,987,8974,8974,2,2,3,3,standing,standing,True,0.00078863377,0.02437521,0.9636157,0.0010967259,0.00015200337,3.8605966e-05,0.00035188213,0.0031413261,0.00056248036,0.0017159042,0.0041195373,4.208601e-05,0.9636157
pamap2,gnn_flatten_lstm,sequence,3,103,103,104,988,8975,8975,2,2,3,3,standing,standing,True,0.0008030545,0.024660038,0.96313953,0.0011196111,0.00015664307,3.9512088e-05,0.00036250183,0.0031996963,0.000576131,0.0017382832,0.004161759,4.3321106e-05,0.96313953
pamap2,gnn_flatten_lstm,sequence,3,103,103,104,989,8976,8976,2,2,3,3,standing,standing,True,0.0008219046,0.025097037,0.96249104,0.0011421238,0.0001619249,4.070409e-05,0.00037337875,0.0032493304,0.00059121597,0.0017636936,0.004222928,4.481491e-05,0.96249104
pamap2,gnn_flatten_lstm,sequence,3,103,103,104,990,8977,8977,2,2,3,3,standing,standing,True,0.00083469634,0.025382124,0.96204025,0.0011666755,0.0001661749,4.1596257e-05,0.00038149417,0.003283247,0.0006027486,0.0017893723,0.004265715,4.5960554e-05,0.96204025
pamap2,gnn_flatten_lstm,sequence,3,103,103,104,991,8978,8978,2,2,3,3,standing,standing,True,0.0008544963,0.025802288,0.96136117,0.0012016452,0.00017239584,4.311845e-05,0.00039267115,0.0033342515,0.00062108657,0.0018264778,0.0043427674,4.7683094e-05,0.96136117
pamap2,gnn_flatten_lstm,sequence,3,103,103,104,992,8979,8979,2,2,3,3,standing,standing,True,0.0008572695,0.025878645,0.961264,0.0012016711,0.00017277835,4.3295757e-05,0.0003931455,0.0033352051,0.0006224424,0.0018286505,0.0043549193,4.78385e-05,0.961264
pamap2,gnn_flatten_lstm,sequence,3,103,103,104,993,8980,8980,2,2,3,3,standing,standing,True,0.0008480873,0.02565172,0.9615924,0.0011927263,0.00017023992,4.2605217e-05,0.00038841393,0.0033136387,0.00061452435,0.0018191424,0.0043195216,4.7100122e-05,0.9615924
pamap2,gnn_flatten_lstm,sequence,3,103,103,104,994,8981,8981,2,2,3,3,standing,standing,True,0.0008426935,0.025527686,0.9617967,0.0011800305,0.0001678648,4.226156e-05,0.00038297175,0.0032896344,0.0006079356,0.001808088,0.0043076067,4.655604e-05,0.9617967
pamap2,gnn_flatten_lstm,sequence,3,103,103,104,995,8982,8982,2,2,3,3,standing,standing,True,0.00083308795,0.025214424,0.96221876,0.0011675738,0.00016404832,4.179462e-05,0.00037321475,0.0032488406,0.0005979665,0.0017996604,0.0042949016,4.56817e-05,0.96221876
pamap2,gnn_flatten_lstm,sequence,3,103,103,104,996,8983,8983,2,2,3,3,standing,standing,True,0.0008059692,0.02444955,0.9632881,0.0011287214,0.0001549902,4.013859e-05,0.00035315275,0.0031617745,0.00057179277,0.0017703704,0.0042320616,4.332717e-05,0.9632881
pamap2,gnn_flatten_lstm,sequence,3,103,103,104,997,8984,8984,2,2,3,3,standing,standing,True,0.0007798988,0.023736658,0.9643244,0.0010896855,0.00014623946,3.8349466e-05,0.00033463564,0.0030787652,0.00054729346,0.0017316611,0.0041514253,4.1030984e-05,0.9643244
pamap2,gnn_flatten_lstm,sequence,3,103,103,104,998,8985,8985,2,2,3,3,standing,standing,True,0.00075589353,0.023188572,0.9651559,0.0010593275,0.00013965365,3.6752997e-05,0.00032133528,0.0030122458,0.00052845787,0.0016942647,0.0040684617,3.912709e-05,0.9651559
pamap2,gnn_flatten_lstm,sequence,3,103,103,104,999,8986,8986,2,2,3,3,standing,standing,True,0.0007322553,0.022790322,0.9658413,0.0010237723,0.00013376679,3.519098e-05,0.00031007058,0.0029438196,0.00050984893,0.00165334,0.003988874,3.735615e-05,0.9658413
pamap2,gnn_flatten_lstm,sequence,3,103,103,104,1000,8987,8987,2,2,3,3,standing,standing,True,0.00072632835,0.022749996,0.9659741,0.0010110561,0.00013220713,3.4778215e-05,0.00030708723,0.0029218947,0.00050545746,0.0016356226,0.0039645783,3.68887e-05,0.9659741
pamap2,gnn_flatten_lstm,sequence,3,103,103,104,1001,8988,8988,2,2,3,3,standing,standing,True,0.00071788026,0.022513945,0.9663217,0.0010053169,0.00013044004,3.3928067e-05,0.0003050921,0.0029113675,0.00049841695,0.0016242687,0.003901391,3.6276546e-05,0.9663217
pamap2,gnn_flatten_lstm,sequence,3,103,103,104,1002,8989,8989,2,2,3,3,standing,standing,True,0.0007156849,0.022367086,0.9664941,0.0009923852,0.0001290281,3.380653e-05,0.0003026099,0.0029101807,0.0004925292,0.0016249658,0.003901713,3.602295e-05,0.9664941
pamap2,gnn_flatten_lstm,sequence,3,103,103,104,1003,8990,8990,2,2,3,3,standing,standing,True,0.00072818703,0.022694914,0.9660482,0.0009971592,0.00013161817,3.4555396e-05,0.0003087356,0.0029441274,0.000500422,0.0016338623,0.0039414363,3.689343e-05,0.9660482
pamap2,gnn_flatten_lstm,sequence,3,103,103,104,1004,8991,8991,2,2,3,3,standing,standing,True,0.00072614156,0.022666618,0.966113,0.0009837477,0.00013011943,3.4583958e-05,0.0003048366,0.0029316824,0.0004971259,0.0016219582,0.003953654,3.6645102e-05,0.966113
pamap2,gnn_flatten_lstm,sequence,3,103,103,104,1005,8992,8992,2,2,3,3,standing,standing,True,0.0008318063,0.023587039,0.96392393,0.0010568243,0.00014292698,4.220862e-05,0.0003290038,0.003395529,0.0005746778,0.0016931924,0.004379828,4.298606e-05,0.96392393
pamap2,gnn_flatten_lstm,sequence,3,103,103,104,1006,8993,8993,2,2,3,3,standing,standing,True,0.000833469,0.023395328,0.9641271,0.0010420355,0.00013812748,4.2005307e-05,0.00031982522,0.003458511,0.0005749793,0.0016527036,0.0043735234,4.2321037e-05,0.9641271
pamap2,gnn_flatten_lstm,sequence,3,103,103,104,1007,8994,8994,2,2,3,3,standing,standing,True,0.00072805927,0.022579253,0.9662674,0.0009573146,0.00012341834,3.4426354e-05,0.00029007997,0.0029927287,0.0004975595,0.0015533611,0.003940871,3.5605142e-05,0.9662674
pamap2,gnn_flatten_lstm,sequence,3,103,103,104,1008,8995,8995,2,2,3,3,standing,standing,True,0.0007275024,0.023032125,0.96586865,0.0009849162,0.00012905609,3.3895736e-05,0.00030368284,0.00294683,0.00050168706,0.0015765101,0.0038591216,3.6122758e-05,0.96586865
pamap2,gnn_flatten_lstm,sequence,3,103,103,104,1009,8996,8996,2,2,3,3,standing,standing,True,0.00075881544,0.023830982,0.9646935,0.0010457821,0.00014050923,3.5663852e-05,0.00032854796,0.003034304,0.00053280353,0.001633511,0.0039268173,3.883566e-05,0.9646935
pamap2,gnn_flatten_lstm,sequence,3,103,103,104,1010,8997,8997,2,2,3,3,standing,standing,True,0.0007922997,0.024620026,0.96350247,0.001103338,0.0001518286,3.7640293e-05,0.00035261,0.0031247085,0.00056295487,0.0016940694,0.0040163165,4.1662614e-05,0.96350247
pamap2,gnn_flatten_lstm,sequence,3,103,103,104,1011,8998,8998,2,2,3,3,standing,standing,True,0.0008228757,0.025291327,0.9624219,0.0011634909,0.00016272286,3.9735543e-05,0.0003744509,0.0032108335,0.0005922914,0.0017589092,0.00411702,4.4406435e-05,0.9624219
pamap2,gnn_flatten_lstm,sequence,3,103,103,104,1012,8999,8999,2,2,3,3,standing,standing,True,0.00085314986,0.0259504,0.96135193,0.0012216804,0.0001735315,4.1836847e-05,0.000396266,0.003299818,0.0006209728,0.0018224246,0.004220799,4.7177436e-05,0.96135193
pamap2,gnn_flatten_lstm,sequence,3,103,103,104,1013,9000,9000,2,2,3,3,standing,standing,True,0.0008737703,0.026405195,0.9605807,0.0012592556,0.00018116797,4.3620155e-05,0.0004110143,0.0033648976,0.0006416714,0.0018701062,0.0043194895,4.9200255e-05,0.9605807
pamap2,gnn_flatten_lstm,sequence,3,103,103,104,1014,9001,9001,2,2,3,3,standing,standing,True,0.00088646164,0.026579838,0.96006846,0.0012906363,0.00018646535,4.5934466e-05,0.00041639924,0.0033990846,0.0006565001,0.0019342114,0.0044852323,5.0787832e-05,0.96006846
pamap2,gnn_flatten_lstm,sequence,3,103,103,104,1015,9002,9002,2,2,3,3,standing,standing,True,0.00116386,0.034724295,0.9459647,0.0008670904,0.0002413183,9.377728e-05,0.00048450407,0.0035776626,0.00071120507,0.0027979466,0.009305944,6.7715184e-05,0.9459647
pamap2,gnn_flatten_lstm,sequence,3,103,103,104,1016,9003,9003,2,2,3,3,standing,standing,True,0.0014440784,0.043719415,0.92273897,0.0006960862,0.00028870718,0.0001697667,0.0005774088,0.004284571,0.00079008617,0.0044663674,0.020746116,7.841855e-05,0.92273897
pamap2,gnn_flatten_lstm,sequence,3,103,103,104,1017,9004,9004,2,2,3,3,standing,standing,True,0.0012267639,0.040895175,0.92625785,0.0006292065,0.00023950356,0.00015327276,0.0004888417,0.0040388056,0.00073539856,0.0040116776,0.021256162,6.745529e-05,0.92625785
pamap2,gnn_flatten_lstm,sequence,3,103,103,104,1018,9005,9005,2,2,3,3,standing,standing,True,0.0008170531,0.028069032,0.954213,0.0006627974,0.00015261286,6.820961e-05,0.00034447756,0.003120668,0.0005238885,0.002508866,0.009476038,4.3411612e-05,0.954213
pamap2,gnn_flatten_lstm,sequence,3,103,103,104,1019,9006,9006,2,2,3,3,standing,standing,True,0.0006474243,0.022254683,0.9653585,0.0006934214,0.00011380095,3.9576837e-05,0.00027470355,0.0027008436,0.0004205803,0.0018723296,0.005591791,3.232574e-05,0.9653585
pamap2,gnn_flatten_lstm,sequence,3,103,103,104,1020,9007,9007,2,2,3,3,standing,standing,True,0.0005962552,0.02035817,0.9687019,0.00071139354,0.00010066375,3.192466e-05,0.00024858743,0.002624973,0.00039047786,0.0016564738,0.0045506787,2.8513292e-05,0.9687019
pamap2,gnn_flatten_lstm,sequence,3,103,103,104,1021,9008,9008,2,2,3,3,standing,standing,True,0.0005806153,0.019791514,0.9698352,0.0007137966,9.558642e-05,2.9206754e-05,0.00023750214,0.0026155687,0.00038153032,0.0015423808,0.0041497694,2.7241169e-05,0.9698352
pamap2,gnn_flatten_lstm,sequence,3,103,103,104,1022,9009,9009,2,2,3,3,standing,standing,True,0.00057945197,0.019890329,0.9698481,0.00072536676,9.5847216e-05,2.8680028e-05,0.00023780853,0.0026360988,0.0003846014,0.001506234,0.0040400317,2.7380927e-05,0.9698481
pamap2,gnn_flatten_lstm,sequence,3,103,103,104,1023,9010,9010,2,2,3,3,standing,standing,True,0.0005972022,0.02024595,0.96890354,0.00079148967,0.00010367314,3.106773e-05,0.00025613385,0.0027790703,0.0004116577,0.0015869691,0.0042633787,2.9726429e-05,0.96890354
pamap2,gnn_flatten_lstm,sequence,3,103,103,104,1024,9011,9011,2,2,3,3,standing,standing,True,0.0006445123,0.021153808,0.96669066,0.0009101424,0.00012087159,3.7397556e-05,0.00029429345,0.003064524,0.0004722193,0.0017681646,0.0048082746,3.507969e-05,0.96669066
pamap2,gnn_flatten_lstm,sequence,3,103,103,104,1025,9012,9012,2,2,3,3,standing,standing,True,0.00062110927,0.020820206,0.9687251,0.0008049726,0.000106172556,2.9762366e-05,0.00026288387,0.0027834247,0.0004199012,0.0014973995,0.003898969,3.0199702e-05,0.9687251
pamap2,gnn_flatten_lstm,sequence,3,103,103,104,1026,9013,9013,2,2,3,3,standing,standing,True,0.0006673319,0.021901296,0.96749973,0.00084252656,0.00011505767,3.1152485e-05,0.00028146274,0.0028277275,0.00044327354,0.0015160663,0.003841761,3.259622e-05,0.96749973
pamap2,gnn_flatten_lstm,sequence,3,103,103,104,1027,9014,9014,2,2,3,3,standing,standing,True,0.0007400443,0.023462387,0.9651869,0.00094671117,0.00013346036,3.5426667e-05,0.00031864305,0.0030003681,0.0005006695,0.0016141554,0.0040235603,3.7821268e-05,0.9651869
pamap2,gnn_flatten_lstm,sequence,3,103,103,104,1028,9015,9015,2,2,3,3,standing,standing,True,0.0007975794,0.024505602,0.9634082,0.0010445191,0.00014958458,3.9590937e-05,0.00034889617,0.0031685,0.0005522796,0.0017116208,0.004231249,4.2413594e-05,0.9634082
pamap2,gnn_flatten_lstm,sequence,3,103,103,104,1029,9016,9016,2,2,3,3,standing,standing,True,0.0008004028,0.024309624,0.9634508,0.0010711666,0.00015108225,4.068915e-05,0.0003460973,0.003169926,0.00055752404,0.00175084,0.0043090587,4.2812393e-05,0.9634508
pamap2,gnn_flatten_lstm,sequence,3,103,103,104,1030,9017,9017,2,2,3,3,standing,standing,True,0.0007813258,0.023648495,0.9642545,0.0010860009,0.00014749271,3.9479546e-05,0.0003370104,0.0031259293,0.00055010954,0.0017472609,0.0042408584,4.1502528e-05,0.9642545
pamap2,gnn_flatten_lstm,sequence,3,103,103,104,1031,9018,9018,2,2,3,3,standing,standing,True,0.0007909823,0.02391598,0.9639092,0.0011247492,0.0001518943,3.945909e-05,0.00034812847,0.0031629018,0.00056575576,0.0017508547,0.004197705,4.239981e-05,0.9639092
pamap2,gnn_flatten_lstm,sequence,3,103,103,104,1032,9019,9019,2,2,3,3,standing,standing,True,0.00080582633,0.024138715,0.9635322,0.0011558295,0.0001566627,3.9988154e-05,0.00035948557,0.003221466,0.00058025,0.0017712169,0.004194761,4.357334e-05,0.9635322
pamap2,gnn_flatten_lstm,sequence,3,103,103,104,1033,9020,9020,2,2,3,3,standing,standing,True,0.0008228839,0.024495998,0.9629818,0.0011739824,0.00016141158,4.104214e-05,0.00036987808,0.0032733371,0.00059399905,0.0017941806,0.0042465897,4.490983e-05,0.9629818
pamap2,gnn_flatten_lstm,sequence,3,103,103,104,1034,9021,9021,2,2,3,3,standing,standing,True,0.000837376,0.024918769,0.96241,0.0011932561,0.00016631806,4.1715153e-05,0.000382088,0.0033245473,0.0006081765,0.0018047484,0.004266986,4.6146113e-05,0.96241
pamap2,gnn_flatten_lstm,sequence,3,103,103,104,1035,9022,9022,2,2,3,3,standing,standing,True,0.00086144963,0.025568385,0.9615029,0.0012267523,0.00017451093,4.2921252e-05,0.00040143888,0.0034029202,0.00063016044,0.0018317102,0.00430869,4.820642e-05,0.9615029
pamap2,gnn_flatten_lstm,sequence,3,103,103,104,1036,9023,9023,2,2,3,3,standing,standing,True,0.00086640747,0.02576111,0.9611811,0.001226503,0.00017662966,4.395075e-05,0.00040361777,0.0034051584,0.00063383096,0.0018579224,0.0043949224,4.8818034e-05,0.9611811
pamap2,gnn_flatten_lstm,sequence,3,103,103,104,1037,9024,9024,2,2,3,3,standing,standing,True,0.00085074414,0.025674881,0.9613557,0.0011639218,0.00017122985,4.417959e-05,0.0003899897,0.0033288293,0.0006145436,0.0018537862,0.0045045502,4.7582114e-05,0.9613557
pamap2,gnn_flatten_lstm,sequence,3,103,103,104,1038,9025,9025,2,2,3,3,standing,standing,True,0.0008739967,0.026994295,0.95991457,0.0010966018,0.00017322067,4.619938e-05,0.00039399264,0.0033110243,0.00061492174,0.0018338014,0.004698576,4.886892e-05,0.95991457
pamap2,gnn_flatten_lstm,sequence,3,103,103,104,1039,9026,9026,2,2,3,3,standing,standing,True,0.00094762363,0.029829096,0.9564296,0.0010833504,0.00019034499,5.1809147e-05,0.0004272552,0.0034082502,0.00065401185,0.0018729847,0.005051328,5.430614e-05,0.9564296
pamap2,gnn_flatten_lstm,sequence,3,103,103,104,1040,9027,9027,2,2,3,3,standing,standing,True,0.0010406626,0.033374503,0.95215255,0.0011160229,0.0002134852,5.7121222e-05,0.00048245056,0.0035444177,0.00070785434,0.0019626678,0.005286418,6.186764e-05,0.95215255
pamap2,gnn_flatten_lstm,sequence,3,103,103,104,1041,9028,9028,2,2,3,3,standing,standing,True,0.0011237954,0.036526535,0.94843584,0.0011626858,0.00023487287,6.0692008e-05,0.000537785,0.0036659925,0.00075616577,0.0020437788,0.0053828456,6.887979e-05,0.94843584
pamap2,gnn_flatten_lstm,sequence,3,103,103,104,1042,9029,9029,2,2,3,3,standing,standing,True,0.0012197795,0.040053774,0.9442484,0.0012274912,0.00026089387,6.4774555e-05,0.00060293754,0.0037956724,0.0008126708,0.0021459134,0.0054905373,7.7295255e-05,0.9442484
pamap2,gnn_flatten_lstm,sequence,3,103,103,104,1043,9030,9030,2,2,3,3,standing,standing,True,0.0011220382,0.03788713,0.9471818,0.0011699463,0.00023962521,5.828688e-05,0.0005563918,0.0035388449,0.000732212,0.0021515302,0.0052924994,6.971337e-05,0.9471818
pamap2,gnn_flatten_lstm,sequence,3,103,103,104,1044,9031,9031,2,2,3,3,standing,standing,True,0.0010039504,0.034036063,0.9520399,0.0011070898,0.00020977668,5.0028266e-05,0.00049484265,0.0032942242,0.00064303144,0.0021071234,0.004953991,6.0009246e-05,0.9520399
pamap2,gnn_flatten_lstm,sequence,3,103,103,104,1045,9032,9032,2,2,3,3,standing,standing,True,0.0009289939,0.031316996,0.9555597,0.0010494243,0.00018694965,4.4389617e-05,0.00044844707,0.0031329845,0.00058472017,0.0020239125,0.0046699815,5.3375596e-05,0.9555597
pamap2,gnn_flatten_lstm,sequence,3,103,103,104,1046,9033,9033,2,2,3,3,standing,standing,True,0.0009410818,0.03136745,0.9555905,0.0010671703,0.00018707945,4.3456123e-05,0.00045612152,0.0031756908,0.00059286924,0.001991913,0.004532814,5.3933476e-05,0.9555905
pamap2,gnn_flatten_lstm,sequence,3,103,103,104,1047,9034,9034,2,2,3,3,standing,standing,True,0.0010169698,0.033493556,0.9529394,0.0011332104,0.0002043069,4.640129e-05,0.0005005994,0.0033396601,0.00064522243,0.00203123,0.0045896755,5.9812937e-05,0.9529394
pamap2,gnn_flatten_lstm,sequence,3,103,103,104,1048,9035,9035,2,2,3,3,standing,standing,True,0.0010227432,0.033097263,0.9531884,0.0011639257,0.00020786792,4.720177e-05,0.0005051704,0.0034042804,0.00065688725,0.002046701,0.0045990692,6.0477836e-05,0.9531884
pamap2,gnn_flatten_lstm,sequence,3,103,103,104,1049,9036,9036,2,2,3,3,standing,standing,True,0.0010038478,0.031886388,0.9544484,0.0011868671,0.00020526837,4.6935726e-05,0.0004944112,0.0034437065,0.0006595187,0.0020153355,0.0045501213,5.9210615e-05,0.9544484
pamap2,gnn_flatten_lstm,sequence,3,103,103,104,1050,9037,9037,2,2,3,3,standing,standing,True,0.0009953667,0.031095477,0.95524555,0.0012050797,0.00020412002,4.694532e-05,0.0004892893,0.0034929796,0.00066662877,0.0019853085,0.00451461,5.854722e-05,0.95524555
pamap2,gnn_flatten_lstm,sequence,3,103,103,104,1051,9038,9038,2,2,3,3,standing,standing,True,0.0009884633,0.03049772,0.9558357,0.0012200614,0.00020415752,4.671067e-05,0.00049073587,0.0035470426,0.0006737398,0.001964972,0.004472603,5.8104983e-05,0.9558357
pamap2,gnn_flatten_lstm,sequence,3,103,103,104,1052,9039,9039,2,2,3,3,standing,standing,True,0.0009837176,0.030017309,0.9562676,0.0012327275,0.00020502103,4.6776142e-05,0.0004936714,0.003603025,0.000680644,0.0019531023,0.004458427,5.7957754e-05,0.9562676
pamap2,gnn_flatten_lstm,sequence,3,103,103,104,1053,9040,9040,2,2,3,3,standing,standing,True,0.0010502377,0.031149687,0.95427144,0.0013475278,0.00022897651,5.172854e-05,0.00054160634,0.0038312194,0.000747032,0.0020527702,0.0046633673,6.4403364e-05,0.95427144
pamap2,gnn_flatten_lstm,sequence,3,103,103,104,1054,9041,9041,2,2,3,3,standing,standing,True,0.0011554222,0.03310088,0.95105743,0.0015206791,0.0002667973,5.944332e-05,0.00061468425,0.0041415202,0.00084773684,0.0022008624,0.0049597085,7.47483e-05,0.95105743
pamap2,gnn_flatten_lstm,sequence,3,103,103,104,1055,9042,9042,2,2,3,3,standing,standing,True,0.0012759918,0.03532396,0.9474023,0.0017150977,0.00031206768,6.885737e-05,0.00069784385,0.004480327,0.0009637535,0.0023630343,0.0053094705,8.7200744e-05,0.9474023
pamap2,gnn_flatten_lstm,sequence,3,103,103,104,1056,9043,9043,2,2,3,3,standing,standing,True,0.0013531236,0.036385275,0.9453265,0.0018713663,0.00034479992,7.558177e-05,0.0007546778,0.0047347057,0.00104931,0.002467818,0.0055410354,9.585571e-05,0.9453265
pamap2,gnn_flatten_lstm,sequence,3,103,103,104,1057,9044,9044,2,2,3,3,standing,standing,True,0.0014126131,0.037023436,0.94388926,0.0020068618,0.00037113542,8.086256e-05,0.0008001521,0.0049402965,0.0011210656,0.0025479868,0.0057036094,0.00010267417,0.94388926
pamap2,gnn_flatten_lstm,sequence,3,103,103,104,1058,9045,9045,2,2,3,3,standing,standing,True,0.0015107426,0.038763385,0.9410426,0.0021808106,0.00041204834,8.870763e-05,0.000872826,0.0051986305,0.0012219487,0.002665635,0.005928782,0.000113807524,0.9410426
pamap2,gnn_flatten_lstm,sequence,3,103,103,104,1059,9046,9046,2,2,3,3,standing,standing,True,0.0016116255,0.040599935,0.9380702,0.002361051,0.00045601663,9.704466e-05,0.0009496244,0.0054517654,0.0013268322,0.0027877018,0.0061624013,0.00012577065,0.9380702
pamap2,gnn_flatten_lstm,sequence,3,103,103,104,1060,9047,9047,2,2,3,3,standing,standing,True,0.00169046,0.042034682,0.93571645,0.0025199875,0.0004921708,0.00010376933,0.0010145433,0.0056654345,0.0014151868,0.002880945,0.0063305832,0.00013580499,0.93571645
pamap2,gnn_flatten_lstm,sequence,3,103,103,104,1061,9048,9048,2,2,3,3,standing,standing,True,0.0017558506,0.043219633,0.9337485,0.0026617653,0.0005230698,0.00010956677,0.0010715545,0.005844341,0.0014938493,0.0029608414,0.006466548,0.00014448035,0.9337485
pamap2,gnn_flatten_lstm,sequence,3,103,103,104,1062,9049,9049,2,2,3,3,standing,standing,True,0.0018107445,0.04416084,0.93213904,0.0027816892,0.0005494115,0.00011470427,0.0011185294,0.005996042,0.0015601572,0.003028799,0.006588115,0.00015196078,0.93213904
pamap2,gnn_flatten_lstm,sequence,3,103,103,104,1063,9050,9050,2,2,3,3,standing,standing,True,0.0018631069,0.045032486,0.93062466,0.002896245,0.0005746939,0.00011993182,0.0011614157,0.0061318246,0.0016252818,0.0030965,0.0067148004,0.0001591216,0.93062466
pamap2,gnn_flatten_lstm,sequence,3,103,103,104,1064,9051,9051,2,2,3,3,standing,standing,True,0.0018545619,0.04455004,0.93103635,0.0029319527,0.0005748108,0.000119855984,0.0011601534,0.006156586,0.0016274683,0.0031136628,0.00671543,0.00015903269,0.93103635
pamap2,gnn_flatten_lstm,sequence,3,103,103,104,1065,9052,9052,2,2,3,3,standing,standing,True,0.0018445704,0.04401211,0.93165016,0.0029096468,0.00056783156,0.00011953694,0.0011426202,0.006150568,0.0016136611,0.0031048947,0.0067268074,0.00015759311,0.93165016
pamap2,gnn_flatten_lstm,sequence,3,103,103,104,1066,9053,9053,2,2,3,3,standing,standing,True,0.0018303008,0.043579783,0.93215686,0.0029116124,0.0005634122,0.000118639065,0.0011310998,0.0061211353,0.0016033443,0.00311013,0.0067176176,0.00015602798,0.93215686
pamap2,gnn_flatten_lstm,sequence,3,103,103,104,1067,9054,9054,2,2,3,3,standing,standing,True,0.0017945002,0.042634875,0.9333832,0.0028779425,0.0005493383,0.00011602168,0.0011010717,0.006044906,0.0015684408,0.0031011032,0.006676886,0.00015172671,0.9333832
pamap2,gnn_flatten_lstm,sequence,3,103,103,104,1068,9055,9055,2,2,3,3,standing,standing,True,0.0017399433,0.04157082,0.9350121,0.002778741,0.00052260165,0.000112066904,0.0010504071,0.0059019392,0.0015103733,0.003053997,0.006602383,0.00014467159,0.9350121
pamap2,gnn_flatten_lstm,sequence,3,103,103,104,1069,9056,9056,2,2,3,3,standing,standing,True,0.0016517199,0.03989977,0.93765116,0.002618063,0.00048055462,0.00010498399,0.00097444747,0.0056831506,0.0014156941,0.0029583166,0.0064286613,0.00013350572,0.93765116
pamap2,gnn_flatten_lstm,sequence,3,103,103,104,1070,9057,9057,2,2,3,3,standing,standing,True,0.0015673785,0.038518105,0.9400116,0.002456942,0.0004426806,9.77119e-05,0.00090694963,0.005444093,0.0013236081,0.002862023,0.0062459535,0.0001228813,0.9400116
pamap2,gnn_flatten_lstm,sequence,3,103,103,104,1071,9058,9058,2,2,3,3,standing,standing,True,0.0014907938,0.037380602,0.942133,0.0022921234,0.0004075994,9.065226e-05,0.00084378105,0.005198744,0.0012350325,0.0027571153,0.0060574394,0.0001130278,0.942133
pamap2,gnn_flatten_lstm,sequence,3,103,103,104,1072,9059,9059,2,2,3,3,standing,standing,True,0.001398359,0.035852186,0.9447782,0.0021241326,0.00036925444,8.255092e-05,0.00077467546,0.0049216654,0.0011351991,0.002644537,0.0058171772,0.00010207159,0.9447782
pamap2,gnn_flatten_lstm,sequence,3,103,103,104,1073,9060,9060,2,2,3,3,standing,standing,True,0.0012667517,0.033378065,0.9488076,0.0019034592,0.00031695186,7.15785e-05,0.00067954976,0.0045515406,0.0009966757,0.002483788,0.005456437,8.7582375e-05,0.9488076
pamap2,gnn_flatten_lstm,sequence,3,103,103,104,1074,9061,9061,2,2,3,3,standing,standing,True,0.001145087,0.03084206,0.9526848,0.0017233421,0.0002722807,6.279758e-05,0.000592287,0.004205778,0.0008776213,0.0023573101,0.0051613334,7.524334e-05,0.9526848
pamap2,gnn_flatten_lstm,sequence,3,103,103,104,1075,9062,9062,2,2,3,3,standing,standing,True,0.0010427427,0.028552126,0.95616263,0.0015626247,0.00023484402,5.5276203e-05,0.0005201206,0.0039172503,0.0007772383,0.0022319574,0.004878136,6.506076e-05,0.95616263
pamap2,gnn_flatten_lstm,sequence,3,103,103,104,1076,9063,9063,2,2,3,3,standing,standing,True,0.0009850472,0.02747227,0.9580328,0.0014324114,0.00021097704,5.1451443e-05,0.00047129946,0.0037370604,0.0007210248,0.0020998844,0.0047265496,5.911895e-05,0.9580328
pamap2,gnn_flatten_lstm,sequence,3,103,103,104,1077,9064,9064,2,2,3,3,standing,standing,True,0.00091486756,0.02614843,0.96022564,0.0013118715,0.0001872008,4.6802477e-05,0.0004221869,0.003521952,0.00065775483,0.0019781974,0.0045324652,5.261281e-05,0.96022564
pamap2,gnn_flatten_lstm,sequence,3,103,103,104,1078,9065,9065,2,2,3,3,standing,standing,True,0.00084336393,0.024562843,0.9627006,0.0012020979,0.00016386209,4.1900817e-05,0.0003732624,0.0032938095,0.0005930005,0.0018648177,0.0043142857,4.6203124e-05,0.9627006
pamap2,gnn_flatten_lstm,sequence,3,103,103,104,1079,9066,9066,2,2,3,3,standing,standing,True,0.0007841086,0.0232643,0.96474385,0.0011192947,0.00014631492,3.7717375e-05,0.00033741738,0.0031067645,0.00054302125,0.001767687,0.0041082436,4.1195814e-05,0.96474385
pamap2,gnn_flatten_lstm,sequence,3,103,103,104,1080,9067,9067,2,2,3,3,standing,standing,True,0.0007346089,0.022030234,0.9665083,0.0010599447,0.00013360116,3.4695844e-05,0.00031088365,0.0029703805,0.0005054431,0.0017114131,0.0039632125,3.7309648e-05,0.9665083
pamap2,gnn_flatten_lstm,sequence,3,103,103,104,1081,9068,9068,2,2,3,3,standing,standing,True,0.000726833,0.022018699,0.9662466,0.000923682,0.00012966307,3.6771555e-05,0.00030057912,0.0028787665,0.00047672665,0.0018082919,0.004417509,3.578885e-05,0.9662466
pamap2,gnn_flatten_lstm,sequence,3,103,103,104,1082,9069,9069,2,2,3,3,standing,standing,True,0.0008045989,0.024314268,0.96212655,0.00079070736,0.00014280256,4.8691978e-05,0.00032306637,0.0029829429,0.0005026257,0.0020485704,0.005875009,4.0094317e-05,0.96212655
pamap2,gnn_flatten_lstm,sequence,3,103,103,104,1083,9070,9070,2,2,3,3,standing,standing,True,0.00089244335,0.028838618,0.95629716,0.0007368548,0.00016485176,5.8692105e-05,0.00036838694,0.003071303,0.0005511555,0.002093572,0.0068797204,4.7332825e-05,0.95629716
pamap2,gnn_flatten_lstm,sequence,3,103,103,104,1084,9071,9071,2,2,3,3,standing,standing,True,0.0009839782,0.033624027,0.9501988,0.0007509723,0.00019455819,6.9228576e-05,0.00042842393,0.00319341,0.0006143141,0.002205915,0.0076799844,5.640898e-05,0.9501988
pamap2,gnn_flatten_lstm,sequence,3,103,103,104,1085,9072,9072,2,2,3,3,standing,standing,True,0.001068529,0.038243935,0.9444869,0.0007569205,0.0002203491,7.542453e-05,0.0004996455,0.0031968432,0.00064111303,0.0024654442,0.008280554,6.426483e-05,0.9444869
pamap2,gnn_flatten_lstm,sequence,3,103,103,104,1086,9073,9073,2,2,3,3,standing,standing,True,0.0011611045,0.039905854,0.94093347,0.00080414326,0.00025243196,8.59453e-05,0.0005766868,0.0034273777,0.0006890209,0.0028187784,0.009271856,7.337633e-05,0.94093347
pamap2,gnn_flatten_lstm,sequence,3,103,103,104,1087,9074,9074,2,2,3,3,standing,standing,True,0.0016152221,0.049083587,0.9238156,0.000852919,0.00033473,0.00013602032,0.00075078924,0.003917763,0.0008055623,0.003981873,0.014600605,0.000105437466,0.9238156
pamap2,gnn_flatten_lstm,sequence,3,103,103,104,1088,9075,9075,2,2,3,3,standing,standing,True,0.0020598893,0.06630904,0.88936657,0.0007804546,0.00039186483,0.00023773708,0.00085001765,0.004151857,0.0008548131,0.0055503915,0.029310433,0.00013694719,0.88936657
pamap2,gnn_flatten_lstm,sequence,3,103,103,104,1089,9076,9076,2,2,3,3,standing,standing,True,0.0019725068,0.08352315,0.8572863,0.00077998795,0.0004283901,0.00033429638,0.0009088336,0.0043150494,0.0009002852,0.005870224,0.043523096,0.00015784967,0.8572863
pamap2,gnn_flatten_lstm,sequence,3,103,103,104,1090,9077,9077,2,2,3,3,standing,standing,True,0.0023817904,0.13428004,0.6317087,0.00088687846,0.0007292338,0.0012890894,0.0016922747,0.005982078,0.0011484599,0.013721636,0.2058911,0.0002887284,0.6317087
pamap2,gnn_flatten_lstm,sequence,3,103,103,104,1091,9078,9078,2,10,3,17,standing,ironing,False,0.0020380616,0.13224643,0.29554364,0.00061657187,0.00082610047,0.0029516146,0.0017470011,0.00560641,0.0009589918,0.023289854,0.5339027,0.00027262827,0.5339027
pamap2,gnn_flatten_lstm,sequence,3,103,103,104,1092,9079,9079,2,10,3,17,standing,ironing,False,0.001818009,0.1289111,0.23852976,0.00054744026,0.0008146232,0.0033101346,0.0016622734,0.005210447,0.0008710732,0.024084443,0.5939895,0.00025125744,0.5939895
pamap2,gnn_flatten_lstm,sequence,3,103,103,104,1093,9080,9080,2,10,3,17,standing,ironing,False,0.0014309833,0.11122525,0.1865558,0.00040397153,0.00067280413,0.0034493692,0.0013137356,0.0043959077,0.0007169538,0.023015376,0.6666268,0.00019296366,0.6666268
pamap2,gnn_flatten_lstm,sequence,3,103,103,104,1094,9081,9081,2,10,3,17,standing,ironing,False,0.0010325417,0.08546935,0.12391929,0.00025571758,0.0004911203,0.0035079475,0.00091327936,0.0033100662,0.0005286263,0.020870224,0.7595693,0.00013263378,0.7595693
pamap2,gnn_flatten_lstm,sequence,3,103,103,104,1095,9082,9082,2,10,3,17,standing,ironing,False,0.0008949863,0.08192039,0.11513801,0.00022021912,0.000422384,0.0033782937,0.00078835187,0.0031209802,0.000491323,0.019011492,0.7745015,0.00011205028,0.7745015
pamap2,gnn_flatten_lstm,sequence,3,103,103,104,1096,9083,9083,2,10,3,17,standing,ironing,False,0.0008918062,0.09314301,0.13145536,0.00022861404,0.00041767152,0.0032527596,0.0007940407,0.0033265767,0.0005119459,0.01819756,0.74767005,0.00011064365,0.74767005
pamap2,gnn_flatten_lstm,sequence,3,103,103,104,1097,9084,9084,2,10,3,17,standing,ironing,False,0.000982607,0.10360358,0.145339,0.00026083118,0.00048623467,0.003529076,0.0009011468,0.0036342856,0.00056031835,0.019311383,0.72126365,0.00012783684,0.72126365
pamap2,gnn_flatten_lstm,sequence,3,103,103,104,1098,9085,9085,2,10,3,17,standing,ironing,False,0.0015455323,0.15139738,0.262281,0.0005337001,0.0008526031,0.003703952,0.0016398472,0.0057991636,0.0009223639,0.022094842,0.5490006,0.00022902353,0.5490006
pamap2,gnn_flatten_lstm,sequence,3,103,103,104,1099,9086,9086,2,10,3,17,standing,ironing,False,0.0015624805,0.14833248,0.2560622,0.00054294715,0.00087956566,0.0037979502,0.0016758341,0.00585075,0.0009335479,0.022654535,0.55747354,0.00023412319,0.55747354
pamap2,gnn_flatten_lstm,sequence,3,103,103,104,1100,9087,9087,2,10,3,17,standing,ironing,False,0.0015405295,0.14118455,0.23966022,0.0005247117,0.0008788179,0.0039057813,0.0016495887,0.0057198405,0.0009108045,0.02324114,0.5805529,0.00023110176,0.5805529
pamap2,gnn_flatten_lstm,sequence,3,103,103,104,1101,9088,9088,10,10,17,17,ironing,ironing,True,0.0014772817,0.13223499,0.21886328,0.00048490177,0.00083699013,0.00395517,0.0015562619,0.005436272,0.0008643641,0.023306008,0.6107655,0.00021896334,0.6107655
pamap2,gnn_flatten_lstm,sequence,3,103,103,104,1102,9089,9089,10,10,17,17,ironing,ironing,True,0.001235949,0.1069989,0.15738058,0.00035361515,0.00069068326,0.0040417872,0.0012338845,0.0043647867,0.00068153895,0.023099,0.6997442,0.00017505145,0.6997442
pamap2,gnn_flatten_lstm,sequence,3,103,103,104,1103,9090,9090,10,10,17,17,ironing,ironing,True,0.0009589057,0.07515499,0.09213263,0.0002117199,0.0005035399,0.0037886486,0.0008842577,0.003002987,0.00044192752,0.02257358,0.8002279,0.00011894557,0.8002279
pamap2,gnn_flatten_lstm,sequence,3,103,103,104,1104,9091,9091,10,10,17,17,ironing,ironing,True,0.0013864125,0.112140246,0.17975861,0.000373412,0.000667245,0.0031973831,0.0013688107,0.0044279248,0.00064741645,0.024330221,0.6715327,0.0001695736,0.6715327
pamap2,gnn_flatten_lstm,sequence,3,103,103,104,1105,9092,9092,10,10,17,17,ironing,ironing,True,0.0011054756,0.08442564,0.120729595,0.00025030205,0.0005131081,0.003185156,0.0010300741,0.0033753384,0.00048520422,0.023607515,0.7611661,0.00012654821,0.7611661
pamap2,gnn_flatten_lstm,sequence,3,103,103,104,1106,9093,9093,10,10,17,17,ironing,ironing,True,0.00049392885,0.034320608,0.034778167,7.935767e-05,0.00022251104,0.0027952038,0.00039078688,0.0014996165,0.00020224089,0.017470414,0.907697,5.0110768e-05,0.907697
pamap2,gnn_flatten_lstm,sequence,3,103,103,104,1107,9094,9094,10,10,17,17,ironing,ironing,True,0.00038562296,0.024376225,0.021707643,5.5973953e-05,0.00016911862,0.002550552,0.00028155287,0.0011238671,0.0001447521,0.016061604,0.93310535,3.7706974e-05,0.93310535
pamap2,gnn_flatten_lstm,sequence,3,103,103,104,1108,9095,9095,10,10,17,17,ironing,ironing,True,0.0003750586,0.021524694,0.020016171,5.7279318e-05,0.00016011856,0.0023375857,0.00027014615,0.0011358316,0.00013532881,0.01690775,0.93704504,3.509424e-05,0.93704504
pamap2,gnn_flatten_lstm,sequence,3,103,103,104,1109,9096,9096,10,10,17,17,ironing,ironing,True,0.00034590194,0.019023186,0.018140541,5.6303525e-05,0.00015037057,0.0023178044,0.0002455937,0.0011588768,0.00013541829,0.016390897,0.94200253,3.2643024e-05,0.94200253
pamap2,gnn_flatten_lstm,sequence,3,103,103,104,1110,9097,9097,10,10,17,17,ironing,ironing,True,0.0009660298,0.031681538,0.035818335,0.00021258212,0.00032213356,0.0023807443,0.0006364282,0.0038947067,0.00032119855,0.033261288,0.8904396,6.538626e-05,0.8904396
pamap2,gnn_flatten_lstm,sequence,3,103,103,104,1111,9098,9098,10,10,17,17,ironing,ironing,True,0.0020638611,0.049968433,0.04241936,0.0004242155,0.0004954056,0.0025528264,0.0014031698,0.0069673727,0.00053969555,0.067610085,0.8254524,0.00010312763,0.8254524
pamap2,gnn_flatten_lstm,sequence,3,103,103,104,1112,9099,9099,10,10,17,17,ironing,ironing,True,0.0007597979,0.028818958,0.023031373,6.613757e-05,0.00016654626,0.0018038275,0.00037615324,0.0017999868,0.00015551291,0.028398745,0.91459095,3.205688e-05,0.91459095
pamap2,gnn_flatten_lstm,sequence,3,103,103,104,1113,9100,9100,10,10,17,17,ironing,ironing,True,0.0011426754,0.044426374,0.03374184,8.7417786e-05,0.00022276786,0.0019272453,0.00060636987,0.0024036062,0.00022408016,0.031167405,0.88400096,4.91962e-05,0.88400096
pamap2,gnn_flatten_lstm,sequence,3,103,103,104,1114,9101,9101,10,10,17,17,ironing,ironing,True,0.0005301846,0.022769319,0.012528352,3.6885678e-05,0.00012922513,0.0017741728,0.00027101362,0.0012135075,0.000103093305,0.026808718,0.9338145,2.0936766e-05,0.9338145
pamap2,gnn_flatten_lstm,sequence,3,103,103,104,1115,9102,9102,10,10,17,17,ironing,ironing,True,0.00020916511,0.011698237,0.005261473,1.3484837e-05,6.277958e-05,0.0014846451,0.00010089102,0.0005068348,4.2557498e-05,0.015844513,0.9647668,8.551155e-06,0.9647668
pamap2,gnn_flatten_lstm,sequence,3,103,103,104,1116,9103,9103,10,10,17,17,ironing,ironing,True,0.00017011106,0.011745383,0.004796021,9.409565e-06,4.746822e-05,0.0012878657,7.576753e-05,0.00039037675,3.3345517e-05,0.012289376,0.96914816,6.6544344e-06,0.96914816
pamap2,gnn_flatten_lstm,sequence,3,103,103,104,1117,9104,9104,10,10,17,17,ironing,ironing,True,0.00020335837,0.019273939,0.0067847567,8.557062e-06,4.4229262e-05,0.0010877805,8.428436e-05,0.00038814364,3.3840995e-05,0.011180766,0.9609031,7.257659e-06,0.9609031
pamap2,gnn_flatten_lstm,sequence,3,103,103,104,1118,9105,9105,10,10,17,17,ironing,ironing,True,0.00010335518,0.010284214,0.0035337796,6.4716855e-06,3.2626092e-05,0.0011222914,4.9312486e-05,0.0002655111,2.2105834e-05,0.008710528,0.9758651,4.547142e-06,0.9758651
pamap2,gnn_flatten_lstm,sequence,3,103,103,104,1119,9106,9106,10,10,17,17,ironing,ironing,True,5.889067e-05,0.0065010595,0.0020538748,4.558265e-06,2.304508e-05,0.0010866743,3.0406101e-05,0.00018850372,1.5665011e-05,0.007211127,0.9828232,2.9948505e-06,0.9828232
pamap2,gnn_flatten_lstm,sequence,3,103,103,104,1120,9107,9107,10,10,17,17,ironing,ironing,True,3.1559928e-05,0.0039396887,0.0012393687,2.8724885e-06,1.4975723e-05,0.0009926148,1.6173142e-05,0.00013450968,1.1452944e-05,0.0054422836,0.9881727,1.8397326e-06,0.9881727
pamap2,gnn_flatten_lstm,sequence,3,103,103,104,1121,9108,9108,10,10,17,17,ironing,ironing,True,2.6085758e-05,0.003252029,0.001013432,2.5939628e-06,1.3630217e-05,0.0009752138,1.355131e-05,0.00012497672,1.0229689e-05,0.005342893,0.9892237,1.5767321e-06,0.9892237
pamap2,gnn_flatten_lstm,sequence,3,103,103,104,1122,9109,9109,10,10,17,17,ironing,ironing,True,2.3252824e-05,0.002941961,0.0008840304,2.2935865e-06,1.23390155e-05,0.0009291773,1.20042e-05,0.00011367078,8.988793e-06,0.0052425396,0.98982835,1.3754229e-06,0.98982835
pamap2,gnn_flatten_lstm,sequence,3,103,103,104,1123,9110,9110,10,10,17,17,ironing,ironing,True,2.0241836e-05,0.0026282389,0.00077638973,2.0427472e-06,1.12037915e-05,0.0009120058,1.0430133e-05,0.000108111264,8.274278e-06,0.004985624,0.9905363,1.1987282e-06,0.9905363
pamap2,gnn_flatten_lstm,sequence,3,103,103,104,1124,9111,9111,10,10,17,17,ironing,ironing,True,2.0576173e-05,0.0027054492,0.00080152217,2.0805805e-06,1.1301123e-05,0.0009242569,1.0564227e-05,0.00010846775,8.415005e-06,0.004932359,0.9904739,1.2324117e-06,0.9904739
pamap2,gnn_flatten_lstm,sequence,3,103,103,104,1125,9112,9112,10,10,17,17,ironing,ironing,True,2.0926236e-05,0.0027562852,0.0008155329,2.1250762e-06,1.154849e-05,0.0009318712,1.0826509e-05,0.000110732,8.551937e-06,0.0050230804,0.9903072,1.2604186e-06,0.9903072
pamap2,gnn_flatten_lstm,sequence,3,103,103,104,1126,9113,9113,10,10,17,17,ironing,ironing,True,2.2885999e-05,0.002912595,0.0009112026,2.363058e-06,1.2497846e-05,0.00093212194,1.2070108e-05,0.000119822034,9.272972e-06,0.005300364,0.9897635,1.3832396e-06,0.9897635
pamap2,gnn_flatten_lstm,sequence,3,103,103,104,1127,9114,9114,10,10,17,17,ironing,ironing,True,2.8861894e-05,0.0034976322,0.0012534483,3.1443763e-06,1.5212153e-05,0.0010013385,1.5595695e-05,0.00014871238,1.2458162e-05,0.0054532196,0.98856854,1.832207e-06,0.98856854
pamap2,gnn_flatten_lstm,sequence,3,103,103,104,1128,9115,9115,10,10,17,17,ironing,ironing,True,3.8108505e-05,0.00427629,0.0017653842,4.3979544e-06,1.9652978e-05,0.0010951316,2.1355883e-05,0.00019228307,1.7261667e-05,0.0059190486,0.9866484,2.5488653e-06,0.9866484
pamap2,gnn_flatten_lstm,sequence,3,103,103,104,1129,9116,9116,10,10,17,17,ironing,ironing,True,5.0289727e-05,0.0050550713,0.0023417661,6.2877057e-06,2.6225172e-05,0.0012118479,2.9856265e-05,0.00025050822,2.315105e-05,0.006913117,0.9840882,3.562987e-06,0.9840882
pamap2,gnn_flatten_lstm,sequence,3,103,103,104,1130,9117,9117,10,10,17,17,ironing,ironing,True,5.7609832e-05,0.0054003065,0.0026678878,7.36563e-06,2.9672767e-05,0.0012466452,3.5004865e-05,0.00027749036,2.5681793e-05,0.0075616785,0.98268664,4.1186004e-06,0.98268664
pamap2,gnn_flatten_lstm,sequence,3,103,103,104,1131,9118,9118,10,10,17,17,ironing,ironing,True,5.9257593e-05,0.005401074,0.0027023638,7.588386e-06,3.080418e-05,0.001284312,3.5931844e-05,0.00027775712,2.6519483e-05,0.007631084,0.98253906,4.2942843e-06,0.98253906
pamap2,gnn_flatten_lstm,sequence,3,103,103,104,1132,9119,9119,10,10,17,17,ironing,ironing,True,6.725336e-05,0.005821816,0.0030796265,9.103618e-06,3.558976e-05,0.0014068946,4.1304775e-05,0.0003162868,3.172243e-05,0.007930604,0.9812547,5.142627e-06,0.9812547
pamap2,gnn_flatten_lstm,sequence,3,103,103,104,1133,9120,9120,10,10,17,17,ironing,ironing,True,7.6536475e-05,0.006298821,0.0034375852,1.0740784e-05,4.112007e-05,0.0015520619,4.7392507e-05,0.00035554616,3.7192418e-05,0.008346046,0.97979075,6.135067e-06,0.97979075
pamap2,gnn_flatten_lstm,sequence,3,103,103,104,1134,9121,9121,10,10,17,17,ironing,ironing,True,7.308711e-05,0.0059980056,0.0030778514,1.0025418e-05,3.997738e-05,0.001583774,4.444717e-05,0.00033396645,3.5007633e-05,0.008313211,0.9804848,5.852929e-06,0.9804848
pamap2,gnn_flatten_lstm,sequence,3,103,103,104,1135,9122,9122,10,10,17,17,ironing,ironing,True,8.681483e-05,0.0071648713,0.0037343956,1.0998421e-05,4.2457705e-05,0.0016006121,5.1410683e-05,0.0003462246,3.7364596e-05,0.008551019,0.9783669,6.8367704e-06,0.9783669
pamap2,gnn_flatten_lstm,sequence,3,103,103,104,1136,9123,9123,10,10,17,17,ironing,ironing,True,9.985234e-05,0.008595395,0.0045331237,1.1722154e-05,4.412476e-05,0.0016191413,5.7723562e-05,0.00035497634,3.934078e-05,0.008574154,0.9760627,7.792808e-06,0.9760627
pamap2,gnn_flatten_lstm,sequence,3,103,103,104,1137,9124,9124,10,10,17,17,ironing,ironing,True,9.248988e-05,0.008243337,0.0042717285,1.05919335e-05,4.12832e-05,0.0015737021,5.3148295e-05,0.00032830687,3.639452e-05,0.008272283,0.9770697,7.0972123e-06,0.9770697
pamap2,gnn_flatten_lstm,sequence,3,103,103,104,1138,9125,9125,10,10,17,17,ironing,ironing,True,8.439573e-05,0.007603737,0.0038401214,9.797338e-06,3.9234863e-05,0.0015487078,4.8694645e-05,0.00031322625,3.4480647e-05,0.00805519,0.97841597,6.4361057e-06,0.97841597
pamap2,gnn_flatten_lstm,sequence,3,103,103,104,1139,9126,9126,10,10,17,17,ironing,ironing,True,8.905582e-05,0.008229129,0.004448632,1.0657696e-05,4.0579584e-05,0.0015367243,5.2521893e-05,0.00034361708,3.8002803e-05,0.007944181,0.97726,6.894868e-06,0.97726
pamap2,gnn_flatten_lstm,sequence,3,103,103,104,1140,9127,9127,10,10,17,17,ironing,ironing,True,9.481653e-05,0.00858583,0.0048071584,1.1744182e-05,4.3987522e-05,0.0015859766,5.740229e-05,0.00037158447,4.1395346e-05,0.008224009,0.97616845,7.546809e-06,0.97616845
pamap2,gnn_flatten_lstm,sequence,3,103,103,104,1141,9128,9128,10,10,17,17,ironing,ironing,True,0.00016704228,0.014157375,0.010049858,2.3751722e-05,7.2863404e-05,0.0018523049,0.000110579866,0.00063638744,7.288926e-05,0.010220945,0.96262115,1.4814638e-05,0.96262115
pamap2,gnn_flatten_lstm,sequence,3,103,103,104,1142,9129,9129,10,10,17,17,ironing,ironing,True,0.0003075714,0.024240231,0.021929067,5.0743212e-05,0.00012892182,0.002171928,0.00022242047,0.0011177207,0.00013064206,0.01355052,0.93612033,2.995726e-05,0.93612033
pamap2,gnn_flatten_lstm,sequence,3,103,103,104,1143,9130,9130,10,10,17,17,ironing,ironing,True,0.00058255455,0.042383187,0.051648334,0.000117935684,0.00024411036,0.0025591035,0.00046915936,0.0020208673,0.000255207,0.018257342,0.8813984,6.380059e-05,0.8813984
pamap2,gnn_flatten_lstm,sequence,3,103,103,104,1144,9131,9131,10,10,17,17,ironing,ironing,True,0.0011703481,0.077351324,0.12624651,0.0002976663,0.0005004058,0.003092298,0.0010605034,0.003715062,0.00053001434,0.024132885,0.76175076,0.00015228367,0.76175076
pamap2,gnn_flatten_lstm,sequence,3,103,103,104,1145,9132,9132,10,10,17,17,ironing,ironing,True,0.0016994907,0.09936936,0.19547665,0.00053235405,0.00077272893,0.0034268375,0.0016837005,0.0052214777,0.0008222061,0.027791005,0.6629485,0.0002557041,0.6629485
pamap2,gnn_flatten_lstm,sequence,3,103,103,104,1146,9133,9133,10,10,17,17,ironing,ironing,True,0.0021642654,0.11315863,0.25467727,0.00078354863,0.0010279686,0.0036645855,0.0022443994,0.006455532,0.0011176552,0.02934586,0.58499515,0.00036512822,0.58499515
pamap2,gnn_flatten_lstm,sequence,3,103,103,104,1147,9134,9134,10,10,17,17,ironing,ironing,True,0.0028334833,0.13274264,0.34637207,0.0012152122,0.0014096842,0.0036420033,0.0031427876,0.008099341,0.0015239981,0.03034458,0.46815035,0.00052387186,0.46815035
pamap2,gnn_flatten_lstm,sequence,3,103,103,104,1148,9135,9135,10,2,17,3,ironing,standing,False,0.0035780226,0.14433108,0.42411146,0.0018404798,0.0019402129,0.0034814165,0.0043046842,0.010282433,0.0020772475,0.031270687,0.3720868,0.000695552,0.42411146
pamap2,gnn_flatten_lstm,sequence,3,103,103,104,1149,9136,9136,10,2,17,3,ironing,standing,False,0.0037961365,0.1423644,0.4099038,0.001851834,0.001999011,0.0036694757,0.004321273,0.010035345,0.002053325,0.032733373,0.38654724,0.00072477415,0.4099038
pamap2,gnn_flatten_lstm,sequence,3,103,103,104,1150,9137,9137,10,10,17,17,ironing,ironing,True,0.0037688673,0.13286324,0.35938016,0.0015786651,0.0018537805,0.00398007,0.0038608438,0.008959952,0.00179905,0.034742296,0.44654277,0.0006703045,0.44654277
pamap2,gnn_flatten_lstm,sequence,3,103,103,104,1151,9138,9138,10,10,17,17,ironing,ironing,True,0.00349951,0.13008828,0.38445243,0.0014600599,0.0015938303,0.003457979,0.0034872068,0.008665359,0.0017068225,0.031215928,0.42978403,0.00058856857,0.42978403
pamap2,gnn_flatten_lstm,sequence,3,103,103,104,1152,9139,9139,10,10,17,17,ironing,ironing,True,0.0034583195,0.13521177,0.4055601,0.0014395963,0.0015078338,0.0031255842,0.0034688166,0.008628645,0.0016625272,0.029781334,0.4055972,0.00055821793,0.4055972
pamap2,gnn_flatten_lstm,sequence,3,103,103,104,1153,9140,9140,10,2,17,3,ironing,standing,False,0.0034785918,0.14019525,0.4029308,0.0014347935,0.0015173412,0.0030827287,0.003545632,0.008540423,0.0016282825,0.03016692,0.40292463,0.00055462506,0.4029308
pamap2,gnn_flatten_lstm,sequence,3,103,103,104,1154,9141,9141,10,10,17,17,ironing,ironing,True,0.0032662102,0.13421284,0.34484613,0.0012041836,0.0014415298,0.0033324384,0.0032730482,0.0078808395,0.0014439005,0.032094765,0.46650058,0.00050352566,0.46650058
pamap2,gnn_flatten_lstm,sequence,3,103,103,104,1155,9142,9142,10,10,17,17,ironing,ironing,True,0.0028744843,0.120860934,0.26649526,0.00091292785,0.0012837173,0.003693846,0.002767692,0.0068338737,0.0012049418,0.033028763,0.5596155,0.00042802474,0.5596155
pamap2,gnn_flatten_lstm,sequence,3,103,103,104,1156,9143,9143,10,10,17,17,ironing,ironing,True,0.0024732207,0.10694531,0.2148322,0.00070663955,0.0010746822,0.0037623236,0.002288481,0.00583441,0.001003437,0.03236098,0.6283647,0.00035365895,0.6283647
pamap2,gnn_flatten_lstm,sequence,3,103,103,104,1157,9144,9144,10,10,17,17,ironing,ironing,True,0.0022765244,0.10666962,0.20537752,0.0006383749,0.0009660237,0.0037139752,0.0020759744,0.0054517263,0.0009419015,0.030595044,0.64096725,0.00032606642,0.64096725
pamap2,gnn_flatten_lstm,sequence,3,103,103,104,1158,9145,9145,10,10,17,17,ironing,ironing,True,0.0022434904,0.111199915,0.21295516,0.0006628003,0.0009965042,0.0037831422,0.0021108764,0.005616914,0.0009774268,0.030131487,0.6289889,0.00033339992,0.6289889
pamap2,gnn_flatten_lstm,sequence,3,103,103,104,1159,9146,9146,10,10,17,17,ironing,ironing,True,0.0021405413,0.105470546,0.20102447,0.000652367,0.0010130815,0.0039888197,0.0020572236,0.0055839545,0.0009755353,0.030260403,0.64650345,0.0003296128,0.64650345
pamap2,gnn_flatten_lstm,sequence,3,103,103,104,1160,9147,9147,10,10,17,17,ironing,ironing,True,0.0023514947,0.1122256,0.22841592,0.0007975746,0.0011862109,0.0040771007,0.0023859607,0.0063929036,0.0011348379,0.031095091,0.6095569,0.0003804321,0.6095569
pamap2,gnn_flatten_lstm,sequence,3,103,103,104,1161,9148,9148,10,10,17,17,ironing,ironing,True,0.0022259946,0.10470666,0.2080844,0.00074374094,0.0011354802,0.0041825417,0.0022436392,0.006113265,0.0010875772,0.030844912,0.63827014,0.00036152088,0.63827014
pamap2,gnn_flatten_lstm,sequence,3,103,103,104,1162,9149,9149,10,10,17,17,ironing,ironing,True,0.0023900573,0.11794614,0.25274616,0.0008661461,0.0011994141,0.0039304122,0.002460381,0.0067851515,0.0012265905,0.029515218,0.5805361,0.00039816642,0.5805361
pamap2,gnn_flatten_lstm,sequence,3,103,103,104,1163,9150,9150,10,10,17,17,ironing,ironing,True,0.0019932897,0.0965145,0.18367901,0.00062759104,0.0010026788,0.004172638,0.0019540794,0.005505464,0.00096862024,0.029691607,0.6735719,0.00031860475,0.6735719
pamap2,gnn_flatten_lstm,sequence,3,103,103,104,1164,9151,9151,10,10,17,17,ironing,ironing,True,0.0015845123,0.07526598,0.12476285,0.00042824593,0.00079705985,0.0042924955,0.0014701965,0.00427551,0.0007327043,0.028404139,0.75774604,0.00024019738,0.75774604
pamap2,gnn_flatten_lstm,sequence,3,103,103,104,1165,9152,9152,10,10,17,17,ironing,ironing,True,0.0013363294,0.06365165,0.09674519,0.0003231619,0.0006576824,0.0041758083,0.0011838838,0.0035650714,0.0005967026,0.026648903,0.8009249,0.00019072252,0.8009249
pamap2,gnn_flatten_lstm,sequence,3,103,103,104,1166,9153,9153,10,10,17,17,ironing,ironing,True,0.0010368499,0.050567295,0.06999444,0.00022251644,0.0004949377,0.0038844065,0.0008748421,0.002774942,0.0004509331,0.02393782,0.8456218,0.0001392548,0.8456218
pamap2,gnn_flatten_lstm,sequence,3,103,103,104,1167,9154,9154,10,10,17,17,ironing,ironing,True,0.00080084737,0.04093981,0.051864855,0.00015813037,0.00036845772,0.0035825747,0.0006457329,0.0022305506,0.00035336506,0.020990983,0.8779619,0.000102744125,0.8779619
pamap2,gnn_flatten_lstm,sequence,3,103,103,104,1168,9155,9155,10,10,17,17,ironing,ironing,True,0.0008367021,0.045525532,0.059672046,0.00016981718,0.0003712567,0.0034918422,0.0006747492,0.002371236,0.0003743416,0.020766944,0.86563826,0.00010710092,0.86563826
pamap2,gnn_flatten_lstm,sequence,3,103,103,104,1169,9156,9156,10,10,17,17,ironing,ironing,True,0.00076008245,0.04103441,0.049723756,0.0001468717,0.00034721306,0.0035560394,0.0006091217,0.002122563,0.00033270617,0.020422865,0.88084674,9.753663e-05,0.88084674
pamap2,gnn_flatten_lstm,sequence,3,103,103,104,1170,9157,9157,10,10,17,17,ironing,ironing,True,0.0005915535,0.032183662,0.0340684,0.00010246372,0.00027138187,0.0033807287,0.00044686862,0.0016333403,0.0002477191,0.018543025,0.9084581,7.270888e-05,0.9084581
pamap2,gnn_flatten_lstm,sequence,3,103,103,104,1171,9158,9158,10,10,17,17,ironing,ironing,True,0.0004190308,0.023362493,0.020613346,6.348315e-05,0.00019213796,0.0030283204,0.00029432046,0.0011463932,0.0001667449,0.016266543,0.9344003,4.6807403e-05,0.9344003
pamap2,gnn_flatten_lstm,sequence,3,103,103,104,1172,9159,9159,10,10,17,17,ironing,ironing,True,0.00025947837,0.016167691,0.011999235,3.6658766e-05,0.00012127445,0.0025529978,0.00017175991,0.0007799451,0.000106511034,0.013232488,0.95454586,2.6218759e-05,0.95454586
pamap2,gnn_flatten_lstm,sequence,3,103,103,104,1173,9160,9160,10,10,17,17,ironing,ironing,True,0.00025108282,0.016001951,0.011860365,3.5742003e-05,0.000117276715,0.0025027706,0.00016680802,0.00077189965,0.000104882216,0.012908777,0.95525324,2.525228e-05,0.95525324
pamap2,gnn_flatten_lstm,sequence,3,103,103,104,1174,9161,9161,10,10,17,17,ironing,ironing,True,0.00023599174,0.015138275,0.010887404,3.2998156e-05,0.00011101311,0.0024644847,0.00015541619,0.0007262552,9.802191e-05,0.012664471,0.9574622,2.3409753e-05,0.9574622
pamap2,gnn_flatten_lstm,sequence,3,103,103,104,1175,9162,9162,10,10,17,17,ironing,ironing,True,0.00018396662,0.012088674,0.0077342894,2.3873634e-05,8.794332e-05,0.0022023951,0.00011698047,0.000565689,7.206388e-05,0.011977915,0.9649294,1.6810163e-05,0.9649294
pamap2,gnn_flatten_lstm,sequence,3,103,103,104,1176,9163,9163,10,10,17,17,ironing,ironing,True,0.00014157873,0.0095273545,0.005584386,1.7213162e-05,6.7358465e-05,0.0018724707,8.684663e-05,0.00044521334,5.222496e-05,0.011264612,0.9709291,1.1677239e-05,0.9709291
pamap2,gnn_flatten_lstm,sequence,3,103,103,104,1177,9164,9164,10,10,17,17,ironing,ironing,True,9.099945e-05,0.0067165503,0.0033011043,1.0264333e-05,4.3792876e-05,0.001520367,5.2999792e-05,0.0003046895,3.1544143e-05,0.009890057,0.97803086,6.657957e-06,0.97803086
pamap2,gnn_flatten_lstm,sequence,3,103,103,104,1178,9165,9165,10,10,17,17,ironing,ironing,True,5.536793e-05,0.0049028555,0.002013243,5.8693704e-06,2.7226983e-05,0.0012679468,3.0454381e-05,0.00020840173,1.9760202e-05,0.007791806,0.9836732,3.7248583e-06,0.9836732
pamap2,gnn_flatten_lstm,sequence,3,103,103,104,1179,9166,9166,10,10,17,17,ironing,ironing,True,4.22318e-05,0.00424781,0.0015979431,4.331528e-06,2.094819e-05,0.0011620328,2.2403767e-05,0.0001715498,1.5784335e-05,0.006593722,0.98611844,2.738507e-06,0.98611844
pamap2,gnn_flatten_lstm,sequence,3,103,103,104,1180,9167,9167,10,10,17,17,ironing,ironing,True,3.6520712e-05,0.0038757105,0.0014265048,3.701644e-06,1.8144805e-05,0.0010653209,1.9238569e-05,0.00015585091,1.3805314e-05,0.006203834,0.98717916,2.2866539e-06,0.98717916
pamap2,gnn_flatten_lstm,sequence,3,103,103,104,1181,9168,9168,10,10,17,17,ironing,ironing,True,3.430659e-05,0.0037117454,0.0013715448,3.5210444e-06,1.7163924e-05,0.0010308505,1.8068033e-05,0.0001525995,1.3358574e-05,0.006004363,0.98764044,2.1318347e-06,0.98764044
pamap2,gnn_flatten_lstm,sequence,3,103,103,104,1182,9169,9169,10,10,17,17,ironing,ironing,True,3.1787746e-05,0.0035567265,0.0012728784,3.2538574e-06,1.609926e-05,0.0010268596,1.6556978e-05,0.00014577263,1.2709829e-05,0.0056992318,0.9882161,1.9713427e-06,0.9882161
pamap2,gnn_flatten_lstm,sequence,3,103,103,104,1183,9170,9170,10,10,17,17,ironing,ironing,True,2.842454e-05,0.0033466318,0.0011571184,2.870002e-06,1.4447738e-05,0.0009846283,1.4626034e-05,0.00013485337,1.153259e-05,0.00534814,0.98895514,1.7297923e-06,0.98895514
pamap2,gnn_flatten_lstm,sequence,3,103,103,104,1184,9171,9171,10,10,17,17,ironing,ironing,True,2.9521201e-05,0.003475069,0.0012808949,3.0247097e-06,1.4758946e-05,0.0009543635,1.5431617e-05,0.00014377233,1.2194557e-05,0.0053963084,0.9886729,1.7822468e-06,0.9886729
pamap2,gnn_flatten_lstm,sequence,3,103,103,104,1185,9172,9172,10,10,17,17,ironing,ironing,True,4.0129795e-05,0.0041704876,0.0019388215,4.578098e-06,1.9285286e-05,0.0010071856,2.1744656e-05,0.00020452177,1.7640625e-05,0.006236075,0.9863371,2.4482579e-06,0.9863371
pamap2,gnn_flatten_lstm,sequence,3,103,103,104,1186,9173,9173,10,10,17,17,ironing,ironing,True,6.2957835e-05,0.0055333227,0.0034832398,8.569564e-06,2.8460525e-05,0.0011164665,3.6359204e-05,0.00033340955,2.8269009e-05,0.007985508,0.98137945,3.9725933e-06,0.98137945
pamap2,gnn_flatten_lstm,sequence,3,103,103,104,1187,9174,9174,10,10,17,17,ironing,ironing,True,0.00010543572,0.0075837453,0.0062871603,1.6521997e-05,4.49579e-05,0.001259727,6.418799e-05,0.00053503533,4.408056e-05,0.010947231,0.97310525,6.818731e-06,0.97310525
pamap2,gnn_flatten_lstm,sequence,3,103,103,104,1188,9175,9175,10,10,17,17,ironing,ironing,True,0.00022003746,0.01187192,0.014674565,4.2002615e-05,8.628039e-05,0.0015077641,0.00013705318,0.0011003626,8.776859e-05,0.016601969,0.9536555,1.483419e-05,0.9536555
pamap2,gnn_flatten_lstm,sequence,3,103,103,104,1189,9176,9176,10,10,17,17,ironing,ironing,True,0.00051622826,0.019983938,0.040064465,0.00011879818,0.00017894404,0.0017857853,0.0003123856,0.0024513581,0.00019101411,0.026402071,0.9079598,3.5266967e-05,0.9079598
pamap2,gnn_flatten_lstm,sequence,3,103,103,104,1190,9177,9177,10,10,17,17,ironing,ironing,True,0.0010183903,0.030014232,0.091380075,0.00025148975,0.00030344917,0.0019738858,0.0005654438,0.0041999733,0.00034673294,0.03519986,0.83467716,6.93788e-05,0.83467716
pamap2,gnn_flatten_lstm,sequence,3,103,103,104,1191,9178,9178,10,10,17,17,ironing,ironing,True,0.0020178668,0.049009003,0.25677025,0.000584988,0.0004919778,0.0019505532,0.0009991995,0.007469765,0.0007143319,0.039943382,0.63991076,0.0001379072,0.63991076
pamap2,gnn_flatten_lstm,sequence,3,103,103,104,1192,9179,9179,10,2,17,3,ironing,standing,False,0.003147661,0.058232844,0.52174205,0.0010190444,0.0006231005,0.0015227125,0.0013428169,0.010208449,0.0011924544,0.034870915,0.36589298,0.00020497861,0.52174205
pamap2,gnn_flatten_lstm,sequence,3,103,103,104,1193,9180,9180,10,2,17,3,ironing,standing,False,0.0031563742,0.04733871,0.8153951,0.0014219217,0.00053990446,0.00062395004,0.0013000764,0.009764536,0.0014571785,0.01640113,0.10239994,0.000201147,0.8153951
pamap2,gnn_flatten_lstm,sequence,3,103,103,104,1194,9181,9181,10,2,17,3,ironing,standing,False,0.0017641239,0.03187917,0.9318138,0.0012928116,0.0003252686,0.00016630538,0.0007757531,0.005812808,0.0009874674,0.005453433,0.019615304,0.00011376063,0.9318138
pamap2,gnn_flatten_lstm,sequence,3,103,103,104,1195,9182,9182,10,2,17,3,ironing,standing,False,0.0017088882,0.030387422,0.9404208,0.0014528804,0.0003121776,0.00012811682,0.0007465619,0.005652731,0.0009442451,0.0047775675,0.0133591285,0.0001095394,0.9404208
pamap2,gnn_flatten_lstm,sequence,3,103,103,104,1196,9183,9183,10,2,17,3,ironing,standing,False,0.0018457201,0.032379482,0.93820685,0.0014354632,0.00031397844,0.00012713538,0.00075737864,0.0055006384,0.00090311473,0.004993489,0.013425883,0.00011080447,0.93820685
pamap2,gnn_flatten_lstm,sequence,3,103,103,104,1197,9184,9184,10,2,17,3,ironing,standing,False,0.0016175582,0.031979006,0.94381934,0.0011881839,0.0002651974,9.891518e-05,0.0006454492,0.004284163,0.0007320461,0.004153853,0.011126637,8.963333e-05,0.94381934
pamap2,gnn_flatten_lstm,sequence,3,103,103,104,1198,9185,9185,10,2,17,3,ironing,standing,False,0.0014918856,0.031092204,0.9479418,0.0011861313,0.00025114734,8.248453e-05,0.0006172482,0.0039052474,0.0006849554,0.00358911,0.009075562,8.229956e-05,0.9479418
pamap2,gnn_flatten_lstm,sequence,3,103,103,104,1199,9186,9186,10,2,17,3,ironing,standing,False,0.0013873146,0.030596413,0.95038635,0.0011973655,0.0002429703,7.2420335e-05,0.00059851544,0.0037339285,0.0006630724,0.0032063872,0.007837854,7.7465804e-05,0.95038635
pamap2,gnn_flatten_lstm,sequence,3,103,103,104,1200,9187,9187,10,2,17,3,ironing,standing,False,0.0013763468,0.030558616,0.950687,0.0011380202,0.00023527975,7.14727e-05,0.00057511596,0.003537968,0.0006282593,0.0032316418,0.0078857085,7.465672e-05,0.950687
pamap2,gnn_flatten_lstm,sequence,3,103,103,104,1201,9188,9188,10,2,17,3,ironing,standing,False,0.0020560604,0.045829993,0.91817594,0.0008585878,0.00031075312,0.00016326083,0.00071129616,0.004059195,0.0007271215,0.0055993814,0.021404486,0.0001038448,0.91817594
pamap2,gnn_flatten_lstm,sequence,3,103,103,104,1202,9189,9189,10,2,17,3,ironing,standing,False,0.002889256,0.068293765,0.84683406,0.0006777942,0.0003816432,0.0003514692,0.00090175663,0.0048613404,0.00078580715,0.009869323,0.06402368,0.00013003852,0.84683406
pamap2,gnn_flatten_lstm,sequence,3,103,103,104,1203,9190,9190,10,2,17,3,ironing,standing,False,0.0027921093,0.08481431,0.77765346,0.00053276244,0.00036165482,0.00049434404,0.0008897005,0.004698878,0.0007079369,0.011666293,0.11526164,0.00012699232,0.77765346
pamap2,gnn_flatten_lstm,sequence,3,103,103,104,1204,9191,9191,10,2,17,3,ironing,standing,False,0.0025914242,0.10049969,0.68265045,0.0004115705,0.00033724133,0.00066522154,0.0008383145,0.004385355,0.0006213555,0.013400988,0.19347858,0.00011984339,0.68265045
pamap2,gnn_flatten_lstm,sequence,3,103,103,104,1205,9192,9192,10,10,17,17,ironing,ironing,True,0.002223933,0.09823621,0.32767293,0.00020631817,0.0003120583,0.0012993879,0.00067176344,0.0033625541,0.00039579955,0.021630261,0.5438942,9.458464e-05,0.5438942
pamap2,gnn_flatten_lstm,sequence,3,103,103,104,1206,9193,9193,10,10,17,17,ironing,ironing,True,0.0010031696,0.058050286,0.094900124,6.796585e-05,0.00015846464,0.0013787512,0.00029770177,0.0015553851,0.00015561661,0.019835794,0.82255703,3.9692397e-05,0.82255703
pamap2,gnn_flatten_lstm,sequence,3,103,103,104,1207,9194,9194,10,10,17,17,ironing,ironing,True,0.0002164585,0.018345857,0.01413684,1.5227978e-05,5.332694e-05,0.0012767247,8.290215e-05,0.00046513876,4.6718156e-05,0.010687561,0.95466226,1.1049352e-05,0.95466226
pamap2,gnn_flatten_lstm,sequence,3,103,103,104,1208,9195,9195,10,10,17,17,ironing,ironing,True,5.671129e-05,0.005647859,0.0024781688,5.0314025e-06,2.3072762e-05,0.0011724229,2.7705273e-05,0.00019343085,1.918265e-05,0.00665087,0.98372227,3.403336e-06,0.98372227
pamap2,gnn_flatten_lstm,sequence,3,103,103,104,1209,9196,9196,10,10,17,17,ironing,ironing,True,3.554146e-05,0.0041357162,0.0015598915,3.5824708e-06,1.7041046e-05,0.0010624877,1.8324266e-05,0.0001582747,1.450501e-05,0.0055137435,0.9874786,2.2256163e-06,0.9874786
pamap2,gnn_flatten_lstm,sequence,3,103,103,104,1210,9197,9197,10,10,17,17,ironing,ironing,True,3.279864e-05,0.0039892257,0.0015075315,3.5217904e-06,1.6529038e-05,0.0010533826,1.7484303e-05,0.00016178274,1.4535791e-05,0.0053082295,0.9878929,2.1118744e-06,0.9878929
pamap2,gnn_flatten_lstm,sequence,3,103,103,104,1211,9198,9198,10,10,17,17,ironing,ironing,True,4.3400094e-05,0.0049283314,0.0021279166,4.9062455e-06,2.1250265e-05,0.0011424554,2.4084527e-05,0.00020774492,1.9744377e-05,0.005839748,0.9856376,2.9263804e-06,0.9856376
pamap2,gnn_flatten_lstm,sequence,3,103,103,104,1212,9199,9199,10,10,17,17,ironing,ironing,True,6.648944e-05,0.006858461,0.0036574202,8.211834e-06,3.0787436e-05,0.0012838372,3.93181e-05,0.00030201528,3.080782e-05,0.0067922208,0.98092574,4.8611673e-06,0.98092574
pamap2,gnn_flatten_lstm,sequence,3,103,103,104,1213,9200,9200,10,10,17,17,ironing,ironing,True,0.00010359756,0.009884357,0.006465191,1.4073077e-05,4.52456e-05,0.0014257582,6.589095e-05,0.00044323615,4.6893794e-05,0.0081178285,0.97337985,8.111431e-06,0.97337985
pamap2,gnn_flatten_lstm,sequence,3,103,103,104,1214,9201,9201,10,10,17,17,ironing,ironing,True,0.00016574105,0.014604503,0.011637453,2.475173e-05,6.912818e-05,0.0016296331,0.00011126477,0.0006791061,7.348726e-05,0.009920388,0.96107066,1.3967386e-05,0.96107066
pamap2,gnn_flatten_lstm,sequence,3,103,103,104,1215,9202,9202,10,10,17,17,ironing,ironing,True,0.00019350834,0.015279518,0.012608868,2.9757393e-05,8.4747975e-05,0.0018238656,0.0001341489,0.00075432967,8.4673724e-05,0.01125718,0.95773214,1.7227549e-05,0.95773214
pamap2,gnn_flatten_lstm,sequence,3,103,103,104,1216,9203,9203,10,10,17,17,ironing,ironing,True,0.00027634672,0.019662252,0.018650137,4.6391142e-05,0.00012007006,0.0021096447,0.00020024153,0.0010306857,0.00012407031,0.012957349,0.94479585,2.6973094e-05,0.94479585
pamap2,gnn_flatten_lstm,sequence,3,103,103,104,1217,9204,9204,10,10,17,17,ironing,ironing,True,0.0005292496,0.03404946,0.041974816,0.000105720086,0.00022550672,0.002636732,0.00041193914,0.0018090723,0.00024380763,0.017034933,0.9009192,5.9546714e-05,0.9009192
pamap2,gnn_flatten_lstm,sequence,3,103,103,104,1218,9205,9205,10,10,17,17,ironing,ironing,True,0.0011717665,0.06417569,0.10892872,0.00029216378,0.00050070306,0.0034038485,0.0010029367,0.0034760651,0.000552452,0.023552714,0.79278284,0.00016025102,0.79278284
pamap2,gnn_flatten_lstm,sequence,3,103,103,104,1219,9206,9206,10,10,17,17,ironing,ironing,True,0.0019803084,0.10179135,0.22134636,0.0006504532,0.0008872845,0.003731596,0.0018612591,0.005711945,0.0010193676,0.027312523,0.6333902,0.0003173728,0.6333902
pamap2,gnn_flatten_lstm,sequence,3,103,103,104,1220,9207,9207,10,10,17,17,ironing,ironing,True,0.0025389008,0.11888399,0.29975328,0.0009949204,0.001250325,0.003771165,0.0025944384,0.007326616,0.0013652303,0.029426469,0.53165275,0.00044191928,0.53165275
pamap2,gnn_flatten_lstm,sequence,3,103,103,104,1221,9208,9208,10,10,17,17,ironing,ironing,True,0.0025640524,0.10859689,0.2641841,0.0009440928,0.0012978341,0.0040393,0.0025912512,0.0071167015,0.0013171901,0.031598322,0.57531625,0.00043401332,0.57531625
pamap2,gnn_flatten_lstm,sequence,3,103,103,104,1222,9209,9209,10,10,17,17,ironing,ironing,True,0.002265535,0.09354388,0.20695046,0.0007340617,0.0011195549,0.004165248,0.0021810303,0.0061267237,0.0011038125,0.03149879,0.6499505,0.00036036992,0.6499505
pamap2,gnn_flatten_lstm,sequence,3,103,103,104,1223,9210,9210,10,10,17,17,ironing,ironing,True,0.0016757372,0.069073424,0.12863389,0.0004435847,0.00080497656,0.004174684,0.0014937882,0.004445814,0.000761288,0.029380277,0.7588688,0.00024379983,0.7588688
pamap2,gnn_flatten_lstm,sequence,3,103,103,104,1224,9211,9211,10,10,17,17,ironing,ironing,True,0.0011508369,0.04906592,0.07523719,0.0002475832,0.0005279219,0.0039051867,0.00094469835,0.0030048357,0.00049020397,0.025366226,0.83990645,0.00015296701,0.83990645
pamap2,gnn_flatten_lstm,sequence,3,103,103,104,1225,9212,9212,10,10,17,17,ironing,ironing,True,0.0010838127,0.048428692,0.07236825,0.00022860846,0.00049313967,0.0037616007,0.00088288175,0.0028746938,0.0004567297,0.024521105,0.8447608,0.00013966653,0.8447608
pamap2,gnn_flatten_lstm,sequence,3,103,103,104,1226,9213,9213,10,10,17,17,ironing,ironing,True,0.00074246357,0.033420395,0.04191458,0.00013622141,0.00033890363,0.0034357004,0.00057261076,0.0020253186,0.00030067464,0.021532917,0.8954919,8.8346766e-05,0.8954919
pamap2,gnn_flatten_lstm,sequence,3,103,103,104,1227,9214,9214,10,10,17,17,ironing,ironing,True,0.00041916038,0.021447083,0.021279505,6.770905e-05,0.00019239752,0.00294144,0.00029436778,0.0012342782,0.00017570298,0.016557258,0.9353451,4.59903e-05,0.9353451
pamap2,gnn_flatten_lstm,sequence,3,103,103,104,1228,9215,9215,10,10,17,17,ironing,ironing,True,0.00024512116,0.014933056,0.011873214,3.7600188e-05,0.00011729902,0.0025299923,0.00016371888,0.0008176567,0.00010965267,0.01305276,0.95609486,2.5128162e-05,0.95609486
pamap2,gnn_flatten_lstm,sequence,3,103,103,104,1229,9216,9216,10,10,17,17,ironing,ironing,True,0.0001496614,0.010577991,0.006871791,2.1795104e-05,7.4757554e-05,0.0020975983,9.6222575e-05,0.0005528309,6.7831585e-05,0.010757484,0.96871805,1.3976642e-05,0.96871805
pamap2,gnn_flatten_lstm,sequence,3,103,103,104,1230,9217,9217,10,10,17,17,ironing,ironing,True,0.00014002612,0.010151164,0.006778139,2.0348605e-05,6.8210364e-05,0.0019055972,9.010572e-05,0.00052840874,6.324355e-05,0.010353757,0.96988845,1.2633591e-05,0.96988845
pamap2,gnn_flatten_lstm,sequence,3,103,103,104,1231,9218,9218,10,10,17,17,ironing,ironing,True,0.00013204591,0.009442414,0.006263035,1.8761664e-05,6.410895e-05,0.0018078975,8.422568e-05,0.00049820915,5.7820533e-05,0.0103633795,0.97125655,1.1514563e-05,0.97125655
pamap2,gnn_flatten_lstm,sequence,3,103,103,104,1232,9219,9219,10,10,17,17,ironing,ironing,True,0.000106960695,0.0075655337,0.004533279,1.4487144e-05,5.352395e-05,0.0016537062,6.6473476e-05,0.00041352355,4.4804434e-05,0.010163491,0.97537553,8.651222e-06,0.97537553
pamap2,gnn_flatten_lstm,sequence,3,103,103,104,1233,9220,9220,10,10,17,17,ironing,ironing,True,0.00010671043,0.007531938,0.0044870465,1.37782245e-05,5.132499e-05,0.0015810219,6.5030894e-05,0.00039773883,4.2191416e-05,0.01016106,0.9755539,8.332675e-06,0.9755539
pamap2,gnn_flatten_lstm,sequence,3,103,103,104,1234,9221,9221,10,10,17,17,ironing,ironing,True,0.00011216104,0.0080126515,0.0049636196,1.4314122e-05,5.1658746e-05,0.0015224189,6.87266e-05,0.00041315748,4.300887e-05,0.010230145,0.97455955,8.590239e-06,0.97455955
pamap2,gnn_flatten_lstm,sequence,3,103,103,104,1235,9222,9222,10,10,17,17,ironing,ironing,True,0.00011798512,0.008477343,0.0053871814,1.5015813e-05,5.322705e-05,0.0015194567,7.277703e-05,0.0004310649,4.5272405e-05,0.010254168,0.97361743,9.009655e-06,0.97361743
pamap2,gnn_flatten_lstm,sequence,3,103,103,104,1236,9223,9223,10,10,17,17,ironing,ironing,True,0.00011382442,0.008203334,0.0051692133,1.42930385e-05,5.160126e-05,0.0015045995,6.9644986e-05,0.00041340635,4.390507e-05,0.0100521045,0.97435546,8.6352775e-06,0.97435546
pamap2,gnn_flatten_lstm,sequence,3,103,103,104,1237,9224,9224,10,10,17,17,ironing,ironing,True,0.00012073481,0.008480165,0.0055011036,1.5186599e-05,5.3973137e-05,0.001528332,7.3757976e-05,0.000431619,4.627031e-05,0.010308851,0.9734308,9.168999e-06,0.9734308
pamap2,gnn_flatten_lstm,sequence,3,103,103,104,1238,9225,9225,10,10,17,17,ironing,ironing,True,0.0001574516,0.011041781,0.008400844,2.0459705e-05,6.4050924e-05,0.0015695771,9.788046e-05,0.00055198366,5.9692236e-05,0.010895815,0.9671282,1.2205123e-05,0.9671282
pamap2,gnn_flatten_lstm,sequence,3,103,103,104,1239,9226,9226,10,10,17,17,ironing,ironing,True,0.00020803594,0.014345072,0.012317955,2.8093664e-05,8.04466e-05,0.0016636266,0.00013214392,0.0007108816,7.626729e-05,0.012237859,0.95818317,1.6474152e-05,0.95818317
pamap2,gnn_flatten_lstm,sequence,3,103,103,104,1240,9227,9227,10,10,17,17,ironing,ironing,True,0.0002157014,0.013472748,0.011863997,2.9855224e-05,8.406253e-05,0.0016704801,0.00013373741,0.00074636994,7.516584e-05,0.013951843,0.95774,1.6066122e-05,0.95774
pamap2,gnn_flatten_lstm,sequence,3,103,103,104,1241,9228,9228,10,10,17,17,ironing,ironing,True,0.00031015725,0.01613017,0.018185413,4.7101563e-05,0.00011081093,0.0017100885,0.00018638145,0.0010725271,0.00010001792,0.01814515,0.9439806,2.1644628e-05,0.9439806
pamap2,gnn_flatten_lstm,sequence,3,103,103,104,1242,9229,9229,10,10,17,17,ironing,ironing,True,0.0005194495,0.02156009,0.03376714,8.8888686e-05,0.00016811081,0.0018440124,0.00030419836,0.0017821516,0.00015857625,0.024403151,0.9153688,3.5461922e-05,0.9153688
pamap2,gnn_flatten_lstm,sequence,3,103,103,104,1243,9230,9230,10,10,17,17,ironing,ironing,True,0.0003124767,0.014175038,0.016132323,4.5743025e-05,0.000117736505,0.0019527916,0.00017979984,0.0010554839,0.00010683666,0.018119402,0.94777966,2.2769496e-05,0.94777966
pamap2,gnn_flatten_lstm,sequence,3,103,103,104,1244,9231,9231,10,10,17,17,ironing,ironing,True,0.00017726929,0.009675965,0.00786366,2.1984493e-05,7.296254e-05,0.0018304397,9.86307e-05,0.00059358584,6.4315995e-05,0.012761869,0.96682626,1.3027244e-05,0.96682626
pamap2,gnn_flatten_lstm,sequence,3,103,103,104,1245,9232,9232,10,10,17,17,ironing,ironing,True,0.00013366068,0.008856196,0.0063127507,1.508582e-05,5.3823223e-05,0.0016625024,7.1263465e-05,0.00043957587,4.9247843e-05,0.010002297,0.97239393,9.634799e-06,0.97239393
pamap2,gnn_flatten_lstm,sequence,3,103,103,104,1246,9233,9233,10,10,17,17,ironing,ironing,True,0.00012755496,0.009155311,0.006393546,1.3462746e-05,4.8444148e-05,0.0015909278,6.490121e-05,0.00039928555,4.5166365e-05,0.009372936,0.9727796,8.865974e-06,0.9727796
pamap2,gnn_flatten_lstm,sequence,3,103,103,104,1247,9234,9234,10,10,17,17,ironing,ironing,True,0.00013757903,0.010635544,0.0076701767,1.3989713e-05,4.797743e-05,0.0015067903,6.694467e-05,0.00041709899,4.5797635e-05,0.009443043,0.97000587,9.131094e-06,0.97000587
pamap2,gnn_flatten_lstm,sequence,3,103,103,104,1248,9235,9235,10,10,17,17,ironing,ironing,True,0.00014298821,0.010870722,0.00846036,1.5403513e-05,4.794697e-05,0.0013795486,6.834972e-05,0.0004530727,4.595177e-05,0.010358329,0.9681483,8.9670275e-06,0.9681483
pamap2,gnn_flatten_lstm,sequence,3,103,103,104,1249,9236,9236,10,10,17,17,ironing,ironing,True,0.00016952344,0.011823407,0.010795521,1.938286e-05,5.335828e-05,0.0013101186,7.926483e-05,0.00054829137,5.019679e-05,0.012402209,0.96273905,9.759224e-06,0.96273905
pamap2,gnn_flatten_lstm,sequence,3,103,103,104,1250,9237,9237,10,10,17,17,ironing,ironing,True,0.00010413057,0.0077952016,0.0054750745,1.1537283e-05,3.9057828e-05,0.0012458751,5.3715474e-05,0.00037160743,3.4426725e-05,0.0100163035,0.97484684,6.283369e-06,0.97484684
pamap2,gnn_flatten_lstm,sequence,3,103,103,104,1251,9238,9238,10,10,17,17,ironing,ironing,True,8.090152e-05,0.0069688587,0.0040797116,8.961445e-06,3.375769e-05,0.0012558681,4.5257817e-05,0.00030684727,3.0828378e-05,0.007894854,0.97928864,5.444932e-06,0.97928864
pamap2,gnn_flatten_lstm,sequence,3,103,103,104,1252,9239,9239,10,10,17,17,ironing,ironing,True,9.621069e-05,0.008811335,0.005352667,1.1553405e-05,4.0152736e-05,0.001359658,5.7279452e-05,0.00037676163,3.972667e-05,0.007895391,0.9759522,7.000141e-06,0.9759522
pamap2,gnn_flatten_lstm,sequence,3,103,103,104,1253,9240,9240,10,10,17,17,ironing,ironing,True,0.00015317075,0.013334805,0.009513202,2.0159518e-05,6.2249725e-05,0.0016185195,9.743093e-05,0.00057262543,6.4709966e-05,0.009283706,0.96526706,1.2351127e-05,0.96526706
pamap2,gnn_flatten_lstm,sequence,3,103,103,104,1254,9241,9241,10,10,17,17,ironing,ironing,True,0.00016573485,0.01329873,0.009425693,2.2038525e-05,7.149818e-05,0.0018094786,0.00010607748,0.0005884649,7.038044e-05,0.010025139,0.9644025,1.4220106e-05,0.9644025
pamap2,gnn_flatten_lstm,sequence,3,103,103,104,1255,9242,9242,10,10,17,17,ironing,ironing,True,0.00013433486,0.010067441,0.006192199,1.6774802e-05,6.186529e-05,0.0018140534,8.21355e-05,0.00046208117,5.5069435e-05,0.009923514,0.97117954,1.112091e-05,0.97117954
pamap2,gnn_flatten_lstm,sequence,3,103,103,104,1256,9243,9243,10,10,17,17,ironing,ironing,True,0.00013083198,0.009800359,0.0059595206,1.6167483e-05,5.9858823e-05,0.0018236699,7.833142e-05,0.0004447577,5.339935e-05,0.009765651,0.97185665,1.0764044e-05,0.97185665
pamap2,gnn_flatten_lstm,sequence,3,103,103,104,1257,9244,9244,10,10,17,17,ironing,ironing,True,0.0001585573,0.012401197,0.008693963,2.029839e-05,6.7028755e-05,0.001853058,9.6068565e-05,0.0005410007,6.602286e-05,0.009822398,0.9662669,1.3510157e-05,0.9662669
pamap2,gnn_flatten_lstm,sequence,3,103,103,104,1258,9245,9245,10,10,17,17,ironing,ironing,True,0.00017920611,0.014588994,0.011028877,2.3500608e-05,7.340779e-05,0.0018549107,0.000111340385,0.00060929934,7.397352e-05,0.0101003125,0.9613405,1.567278e-05,0.9613405
pamap2,gnn_flatten_lstm,sequence,3,103,103,104,1259,9246,9246,10,10,17,17,ironing,ironing,True,0.00023053723,0.01851434,0.015595532,3.2083735e-05,9.146966e-05,0.0019254347,0.0001491878,0.0007709565,9.261294e-05,0.011297953,0.95127916,2.0771355e-05,0.95127916
pamap2,gnn_flatten_lstm,sequence,3,103,103,104,1260,9247,9247,10,10,17,17,ironing,ironing,True,0.00032224765,0.024127191,0.022453293,4.775817e-05,0.00012879173,0.002194675,0.00021730484,0.0010076555,0.00012650776,0.013522123,0.93582153,3.0874362e-05,0.93582153
pamap2,gnn_flatten_lstm,sequence,3,103,103,104,1261,9248,9248,10,10,17,17,ironing,ironing,True,0.0003269545,0.023537857,0.021510199,4.915654e-05,0.00013507486,0.0023158705,0.00022363132,0.0010243994,0.00013035681,0.01382141,0.93689275,3.228256e-05,0.93689275
pamap2,gnn_flatten_lstm,sequence,3,103,103,104,1262,9249,9249,10,10,17,17,ironing,ironing,True,0.0002456113,0.018109862,0.015023973,3.5462035e-05,0.000104063154,0.0021021825,0.00016448915,0.00081440737,9.9016805e-05,0.012448918,0.9508289,2.3090293e-05,0.9508289
pamap2,gnn_flatten_lstm,sequence,3,103,103,104,1263,9250,9250,10,10,17,17,ironing,ironing,True,0.00022385344,0.017315367,0.0142969815,3.1935957e-05,9.2577175e-05,0.0019917884,0.00014691857,0.0007628606,9.317594e-05,0.011437602,0.9535863,2.0694659e-05,0.9535863
pamap2,gnn_flatten_lstm,sequence,3,103,103,104,1264,9251,9251,10,10,17,17,ironing,ironing,True,0.00029849797,0.02267376,0.020926673,4.526869e-05,0.00012046235,0.0022194134,0.0001992364,0.0009814815,0.00012760617,0.012525816,0.93985254,2.9303132e-05,0.93985254
pamap2,gnn_flatten_lstm,sequence,3,103,103,104,1265,9252,9252,10,10,17,17,ironing,ironing,True,0.0005002743,0.036567338,0.04050665,8.419772e-05,0.00019722743,0.0026652964,0.00034460146,0.001481892,0.00021396505,0.015461533,0.90192306,5.4043765e-05,0.90192306
pamap2,gnn_flatten_lstm,sequence,3,103,103,104,1266,9253,9253,10,10,17,17,ironing,ironing,True,0.00085322105,0.06297807,0.084044546,0.00016085057,0.00032401548,0.0029829927,0.00060562673,0.0022536863,0.00035047025,0.019041745,0.8263069,9.7986835e-05,0.8263069
pamap2,gnn_flatten_lstm,sequence,3,103,103,104,1267,9254,9254,10,10,17,17,ironing,ironing,True,0.0010685364,0.07874909,0.115853995,0.00022232215,0.0004060208,0.003012263,0.0007905779,0.002789296,0.00043822633,0.02100074,0.77554303,0.00012591714,0.77554303
pamap2,gnn_flatten_lstm,sequence,3,103,103,104,1268,9255,9255,10,10,17,17,ironing,ironing,True,0.0012417703,0.086556405,0.13763617,0.0002835454,0.0004933028,0.003129131,0.0009754454,0.0033024214,0.0005223631,0.0229177,0.7427885,0.00015331309,0.7427885
pamap2,gnn_flatten_lstm,sequence,3,103,103,104,1269,9256,9256,10,10,17,17,ironing,ironing,True,0.00090064487,0.05624715,0.07448334,0.0001771438,0.00038401718,0.0033276286,0.00069563463,0.002379742,0.00037036595,0.021638315,0.8392857,0.00011040019,0.8392857
pamap2,gnn_flatten_lstm,sequence,3,103,103,104,1270,9257,9257,10,10,17,17,ironing,ironing,True,0.0006347772,0.037651382,0.042111665,0.00011157682,0.00028428057,0.0032733756,0.00047795576,0.0017413101,0.00026272782,0.019097941,0.894277,7.597139e-05,0.894277
pamap2,gnn_flatten_lstm,sequence,3,103,103,104,1271,9258,9258,10,10,17,17,ironing,ironing,True,0.00046899298,0.029139051,0.02854265,7.524662e-05,0.00021186033,0.0030372057,0.00034018318,0.0013532185,0.00019527134,0.016543077,0.92004025,5.297771e-05,0.92004025
pamap2,gnn_flatten_lstm,sequence,3,103,103,104,1272,9259,9259,10,10,17,17,ironing,ironing,True,0.00037036228,0.025054919,0.022315128,5.5499484e-05,0.0001670874,0.002792492,0.00026185554,0.0011153857,0.00015404444,0.014676275,0.93299747,3.9539515e-05,0.93299747
pamap2,gnn_flatten_lstm,sequence,3,103,103,104,1273,9260,9260,10,10,17,17,ironing,ironing,True,0.00029133205,0.021068176,0.01812411,4.3271353e-05,0.00013266603,0.0025721772,0.00020264296,0.0009639596,0.00012898422,0.012960835,0.9434817,3.0012636e-05,0.9434817
pamap2,gnn_flatten_lstm,sequence,3,103,103,104,1274,9261,9261,10,10,17,17,ironing,ironing,True,0.00028289272,0.022777194,0.02117848,4.5606743e-05,0.00012709951,0.00247285,0.0002007782,0.0010421209,0.00013958309,0.012178599,0.9395257,2.9021496e-05,0.9395257
pamap2,gnn_flatten_lstm,sequence,3,103,103,104,1275,9262,9262,10,10,17,17,ironing,ironing,True,0.0002989699,0.026672702,0.027654145,5.509651e-05,0.00013579235,0.0024771641,0.00022185393,0.0012294666,0.00016675559,0.012039724,0.92901677,3.1584153e-05,0.92901677
pamap2,gnn_flatten_lstm,sequence,3,103,103,104,1276,9263,9263,10,10,17,17,ironing,ironing,True,0.00034548572,0.03308705,0.03873628,7.4712494e-05,0.00016168818,0.0025927026,0.00027126266,0.0015584889,0.00021628304,0.012576891,0.9103405,3.8663384e-05,0.9103405
pamap2,gnn_flatten_lstm,sequence,3,103,103,104,1277,9264,9264,10,10,17,17,ironing,ironing,True,0.00024663055,0.022551255,0.023041606,4.8506667e-05,0.00012024077,0.0023758558,0.00018691884,0.0011537694,0.00015094811,0.01138177,0.9387163,2.624611e-05,0.9387163
pamap2,gnn_flatten_lstm,sequence,3,103,103,104,1278,9265,9265,10,10,17,17,ironing,ironing,True,0.00016975983,0.014367917,0.0122541385,2.8219712e-05,8.298127e-05,0.0020725622,0.00011911459,0.0007701858,9.4894014e-05,0.010084495,0.9599393,1.6479258e-05,0.9599393
pamap2,gnn_flatten_lstm,sequence,3,103,103,104,1279,9266,9266,10,10,17,17,ironing,ironing,True,0.00018389004,0.014482452,0.01299198,3.0456906e-05,8.7047185e-05,0.00202921,0.00012892595,0.000798446,9.761437e-05,0.0106831,0.95846933,1.7510609e-05,0.95846933
pamap2,gnn_flatten_lstm,sequence,3,103,103,104,1280,9267,9267,10,10,17,17,ironing,ironing,True,0.00017009837,0.012392476,0.010243463,2.6655252e-05,8.327578e-05,0.0020990558,0.000115683804,0.0007029863,8.746808e-05,0.010826856,0.96323603,1.6029317e-05,0.96323603
pamap2,gnn_flatten_lstm,sequence,3,103,103,104,1281,9268,9268,10,10,17,17,ironing,ironing,True,0.00018226886,0.012422867,0.009496036,2.6764219e-05,8.8249144e-05,0.0022054827,0.000120250144,0.00066781335,8.43156e-05,0.011533714,0.9631551,1.717526e-05,0.9631551
pamap2,gnn_flatten_lstm,sequence,3,103,103,104,1282,9269,9269,10,10,17,17,ironing,ironing,True,0.00018448946,0.012098371,0.008399159,2.4974459e-05,8.786081e-05,0.0022340328,0.000117233416,0.00061617885,7.7063174e-05,0.011935683,0.96420807,1.6883936e-05,0.96420807
pamap2,gnn_flatten_lstm,sequence,3,103,103,104,1283,9270,9270,10,10,17,17,ironing,ironing,True,0.00016154246,0.010824286,0.0069006295,2.0812296e-05,7.689099e-05,0.0021064738,9.987292e-05,0.0005374318,6.499202e-05,0.011423749,0.9677691,1.4105114e-05,0.9677691
pamap2,gnn_flatten_lstm,sequence,3,103,103,104,1284,9271,9271,10,10,17,17,ironing,ironing,True,0.00011214634,0.008388938,0.0046276078,1.3616955e-05,5.359888e-05,0.0018002052,6.615505e-05,0.00038847106,4.4729888e-05,0.009655715,0.97483987,9.0560325e-06,0.97483987
pamap2,gnn_flatten_lstm,sequence,3,103,103,104,1285,9272,9272,10,10,17,17,ironing,ironing,True,7.6391974e-05,0.0064551756,0.0030899164,9.063707e-06,3.785227e-05,0.0015557412,4.361397e-05,0.00029009822,3.123708e-05,0.008212085,0.98019296,5.8341484e-06,0.98019296
pamap2,gnn_flatten_lstm,sequence,3,103,103,104,1286,9273,9273,10,10,17,17,ironing,ironing,True,5.6248024e-05,0.0053254263,0.0022994762,6.5388167e-06,2.8535656e-05,0.00137222,3.137456e-05,0.00023431046,2.3736984e-05,0.0071449545,0.98347294,4.093589e-06,0.98347294
pamap2,gnn_flatten_lstm,sequence,3,103,103,104,1287,9274,9274,10,10,17,17,ironing,ironing,True,5.922745e-05,0.005748534,0.002635652,6.891763e-06,2.8823399e-05,0.0013286249,3.3321987e-05,0.00024799016,2.532036e-05,0.007025058,0.98285633,4.2677652e-06,0.98285633
pamap2,gnn_flatten_lstm,sequence,3,103,103,104,1288,9275,9275,10,10,17,17,ironing,ironing,True,8.068813e-05,0.007454878,0.0040607573,9.818873e-06,3.6574656e-05,0.001391275,4.7480586e-05,0.00032268788,3.451273e-05,0.007671398,0.97888386,6.037469e-06,0.97888386
pamap2,gnn_flatten_lstm,sequence,3,103,103,104,1289,9276,9276,10,10,17,17,ironing,ironing,True,7.831e-05,0.0071323016,0.0038699054,9.664707e-06,3.6677684e-05,0.0013941148,4.6526304e-05,0.0003200005,3.3871078e-05,0.007758704,0.979314,5.8751825e-06,0.979314
pamap2,gnn_flatten_lstm,sequence,3,103,103,104,1290,9277,9277,10,10,17,17,ironing,ironing,True,7.473112e-05,0.0067367367,0.0034926606,9.273934e-06,3.6253623e-05,0.0014242623,4.417221e-05,0.00031238675,3.2854437e-05,0.0077696433,0.98006135,5.626588e-06,0.98006135
pamap2,gnn_flatten_lstm,sequence,3,103,103,104,1291,9278,9278,10,10,17,17,ironing,ironing,True,6.195862e-05,0.0056033544,0.002641412,7.4537666e-06,3.111274e-05,0.0013254852,3.598926e-05,0.00026383504,2.620865e-05,0.0076553905,0.9823433,4.462042e-06,0.9823433
pamap2,gnn_flatten_lstm,sequence,3,103,103,104,1292,9279,9279,10,10,17,17,ironing,ironing,True,7.46259e-05,0.0064147245,0.0034183327,8.942721e-06,3.4753055e-05,0.0013152015,4.377569e-05,0.00029901738,3.0395522e-05,0.008057189,0.9802977,5.3343797e-06,0.9802977
pamap2,gnn_flatten_lstm,sequence,3,103,103,104,1293,9280,9280,10,10,17,17,ironing,ironing,True,6.314121e-05,0.0052235,0.002468826,7.3985e-06,3.1750787e-05,0.0012949135,3.6538906e-05,0.00025739128,2.4482892e-05,0.00841453,0.98217314,4.376274e-06,0.98217314
pamap2,gnn_flatten_lstm,sequence,3,103,103,104,1294,9281,9281,10,10,17,17,ironing,ironing,True,5.1856165e-05,0.0045520524,0.0018857587,5.660271e-06,2.6182064e-05,0.001243708,2.8558381e-05,0.00020942825,1.945131e-05,0.007693312,0.9842806,3.4622526e-06,0.9842806
pamap2,gnn_flatten_lstm,sequence,3,103,103,104,1295,9282,9282,10,10,17,17,ironing,ironing,True,4.5976976e-05,0.004238883,0.0016731716,4.7803587e-06,2.278953e-05,0.0011652728,2.4651232e-05,0.00018410762,1.6758942e-05,0.0072433962,0.98537725,2.952633e-06,0.98537725
pamap2,gnn_flatten_lstm,sequence,3,103,103,104,1296,9283,9283,10,10,17,17,ironing,ironing,True,4.812818e-05,0.0044966578,0.0018909597,4.9420964e-06,2.2762235e-05,0.0011227716,2.5831592e-05,0.00019069968,1.7510212e-05,0.0071251965,0.9850515,3.0302822e-06,0.9850515
pamap2,gnn_flatten_lstm,sequence,3,103,103,104,1297,9284,9284,10,10,17,17,ironing,ironing,True,4.645722e-05,0.004441267,0.0018617754,4.9404875e-06,2.2606877e-05,0.0011277795,2.531121e-05,0.0001986731,1.7921551e-05,0.0070252423,0.9852249,2.961014e-06,0.9852249
pamap2,gnn_flatten_lstm,sequence,3,103,103,104,1298,9285,9285,10,10,17,17,ironing,ironing,True,4.9214323e-05,0.0046491427,0.002124181,5.448326e-06,2.314065e-05,0.0010867256,2.709997e-05,0.0002252226,1.9344585e-05,0.0073634977,0.98442405,3.004367e-06,0.98442405
pamap2,gnn_flatten_lstm,sequence,3,103,103,104,1299,9286,9286,10,10,17,17,ironing,ironing,True,6.526502e-05,0.0057153176,0.003178109,7.4207283e-06,2.7670474e-05,0.0010955555,3.65725e-05,0.00028238638,2.4213832e-05,0.008292332,0.9812712,3.8892904e-06,0.9812712
pamap2,gnn_flatten_lstm,sequence,3,103,103,104,1300,9287,9287,10,10,17,17,ironing,ironing,True,0.000105744024,0.0077974657,0.0056306743,1.3179127e-05,4.0915493e-05,0.0011597346,5.9706646e-05,0.00044105836,3.509015e-05,0.011368863,0.9733416,5.995213e-06,0.9733416
pamap2,gnn_flatten_lstm,sequence,3,103,103,104,1301,9288,9288,10,10,17,17,ironing,ironing,True,0.000115007795,0.0077453647,0.005700248,1.4071731e-05,4.512876e-05,0.0012161264,6.470953e-05,0.00046361514,3.677756e-05,0.01236145,0.9722311,6.500336e-06,0.9722311
pamap2,gnn_flatten_lstm,sequence,3,103,103,104,1302,9289,9289,10,10,17,17,ironing,ironing,True,8.603979e-05,0.00613729,0.0037662978,9.800433e-06,3.6900234e-05,0.0012302367,4.8771064e-05,0.0003487582,2.9403502e-05,0.010379667,0.9779218,5.074365e-06,0.9779218
pamap2,gnn_flatten_lstm,sequence,3,103,103,104,1303,9290,9290,10,10,17,17,ironing,ironing,True,7.6963304e-05,0.00603067,0.00329823,8.340034e-06,3.4350367e-05,0.0012914238,4.315484e-05,0.00030161045,2.7793565e-05,0.008819474,0.9800631,4.9340924e-06,0.9800631
pamap2,gnn_flatten_lstm,sequence,3,103,103,104,1304,9291,9291,10,10,17,17,ironing,ironing,True,8.1062564e-05,0.006492292,0.0037098657,8.703278e-06,3.4841014e-05,0.0013090842,4.4507928e-05,0.00030013113,2.975353e-05,0.00834067,0.9796438,5.368417e-06,0.9796438
pamap2,gnn_flatten_lstm,sequence,3,103,103,104,1305,9292,9292,10,10,17,17,ironing,ironing,True,0.00013615318,0.009483772,0.0070038107,1.5359403e-05,5.094372e-05,0.0014560114,7.195214e-05,0.00045335983,4.649338e-05,0.010490023,0.9707831,9.108792e-06,0.9707831
pamap2,gnn_flatten_lstm,sequence,3,103,103,104,1306,9293,9293,10,10,17,17,ironing,ironing,True,0.00022084948,0.013862776,0.013049789,2.6558679e-05,7.147942e-05,0.0015200436,0.00011111525,0.0006828581,6.768065e-05,0.01346693,0.95690566,1.4257109e-05,0.95690566
pamap2,gnn_flatten_lstm,sequence,3,103,103,104,1307,9294,9294,10,10,17,17,ironing,ironing,True,0.0007274245,0.041598223,0.08625225,0.00012144931,0.00017482863,0.0016368097,0.00035537579,0.0021613762,0.00021824859,0.0217883,0.8449188,4.6940193e-05,0.8449188
pamap2,gnn_flatten_lstm,sequence,3,103,103,104,1308,9295,9295,10,10,17,17,ironing,ironing,True,0.0013977455,0.066633664,0.24205002,0.00032076528,0.0003050896,0.0015548082,0.0007049058,0.004089865,0.00042027992,0.029540129,0.65289235,9.0382084e-05,0.65289235
pamap2,gnn_flatten_lstm,sequence,3,103,103,104,1309,9296,9296,10,10,17,17,ironing,ironing,True,0.0010437429,0.045574967,0.12174718,0.00018996219,0.00026085722,0.0018563438,0.00052885566,0.0030211569,0.00031015606,0.027539458,0.7978567,7.073298e-05,0.7978567
pamap2,gnn_flatten_lstm,sequence,3,103,103,104,1310,9297,9297,10,10,17,17,ironing,ironing,True,0.0005548554,0.025221651,0.04158578,8.185662e-05,0.00016584055,0.0019093401,0.00029838347,0.0016364536,0.0001679837,0.020796169,0.9075422,3.9557166e-05,0.9075422
pamap2,gnn_flatten_lstm,sequence,3,103,103,104,1311,9298,9298,10,10,17,17,ironing,ironing,True,0.00039263206,0.0197988,0.02432006,5.318912e-05,0.00013019342,0.0019460253,0.00021737147,0.0011216913,0.00012431746,0.017009195,0.93485683,2.970695e-05,0.93485683
pamap2,gnn_flatten_lstm,sequence,3,103,103,104,1312,9299,9299,10,10,17,17,ironing,ironing,True,0.0003626719,0.018772058,0.021509374,4.6472825e-05,0.000120911274,0.0019810658,0.00019456603,0.0009798666,0.00011450367,0.015952727,0.93993807,2.7783268e-05,0.93993807
pamap2,gnn_flatten_lstm,sequence,3,103,103,104,1313,9300,9300,10,10,17,17,ironing,ironing,True,0.00034831863,0.018819902,0.021886712,3.9955496e-05,0.00010689801,0.0018847489,0.00016872183,0.0008774146,0.00010396573,0.0149155855,0.94082284,2.4948396e-05,0.94082284
pamap2,gnn_flatten_lstm,sequence,3,103,103,104,1314,9301,9301,10,10,17,17,ironing,ironing,True,0.0003707204,0.022663597,0.02686404,3.778564e-05,9.9555335e-05,0.0017401881,0.0001624004,0.00085451244,0.000101280515,0.014090726,0.932991,2.4211935e-05,0.932991
pamap2,gnn_flatten_lstm,sequence,3,103,103,104,1315,9302,9302,10,10,17,17,ironing,ironing,True,0.0003655973,0.02689573,0.030082166,3.2357908e-05,8.802664e-05,0.0015358593,0.0001455275,0.0007799145,8.965339e-05,0.013268633,0.9266954,2.1132419e-05,0.9266954
pamap2,gnn_flatten_lstm,sequence,3,103,103,104,1316,9303,9303,10,10,17,17,ironing,ironing,True,0.00025441722,0.022342239,0.020935835,2.2630698e-05,6.668808e-05,0.0014487846,0.000106915606,0.00060173386,6.9010544e-05,0.010854425,0.94328225,1.51576105e-05,0.94328225
pamap2,gnn_flatten_lstm,sequence,3,103,103,104,1317,9304,9304,10,10,17,17,ironing,ironing,True,0.00010885476,0.01009769,0.006731771,1.2175498e-05,4.0952134e-05,0.0014110599,5.9230963e-05,0.00038504796,4.2909367e-05,0.007850391,0.9732521,7.778145e-06,0.9732521
pamap2,gnn_flatten_lstm,sequence,3,103,103,104,1318,9305,9305,10,10,17,17,ironing,ironing,True,9.107749e-05,0.008897508,0.0055621015,1.136806e-05,3.845872e-05,0.001387906,5.3739364e-05,0.0003795319,4.0935614e-05,0.0074117016,0.9761187,6.869984e-06,0.9761187
pamap2,gnn_flatten_lstm,sequence,3,103,103,104,1319,9306,9306,10,10,17,17,ironing,ironing,True,0.0001220926,0.011719706,0.0084340405,1.7083965e-05,5.1335177e-05,0.0015357626,7.732811e-05,0.0005201334,5.7732443e-05,0.008210403,0.9692443,1.0041239e-05,0.9692443
pamap2,gnn_flatten_lstm,sequence,3,103,103,104,1320,9307,9307,10,10,17,17,ironing,ironing,True,0.00019733877,0.019094588,0.016936822,3.2148255e-05,8.063815e-05,0.0017821084,0.00013260744,0.00083964324,9.7626435e-05,0.009857477,0.9509312,1.7816486e-05,0.9509312
pamap2,gnn_flatten_lstm,sequence,3,103,103,104,1321,9308,9308,10,10,17,17,ironing,ironing,True,0.00025482004,0.025064237,0.025627611,4.709195e-05,0.00010618267,0.0019671335,0.00017913517,0.0011062548,0.00013305126,0.011086612,0.9344031,2.4781564e-05,0.9344031
pamap2,gnn_flatten_lstm,sequence,3,103,103,104,1322,9309,9309,10,10,17,17,ironing,ironing,True,0.0003037782,0.029502116,0.03369722,6.238509e-05,0.00013135174,0.0021445581,0.00022447828,0.0013660232,0.00016908061,0.012162479,0.9202052,3.139439e-05,0.9202052
pamap2,gnn_flatten_lstm,sequence,3,103,103,104,1323,9310,9310,10,10,17,17,ironing,ironing,True,0.0003811433,0.03391506,0.04207625,8.2617924e-05,0.00016842871,0.00238284,0.00029145952,0.0016347035,0.00021215985,0.013809627,0.9050039,4.169921e-05,0.9050039
pamap2,gnn_flatten_lstm,sequence,3,103,103,104,1324,9311,9311,10,10,17,17,ironing,ironing,True,0.00035977684,0.027685158,0.031714123,7.2427036e-05,0.00016841012,0.0026262775,0.0002734327,0.0014386134,0.00019494859,0.014047151,0.92137885,4.089467e-05,0.92137885
pamap2,gnn_flatten_lstm,sequence,3,103,103,104,1325,9312,9312,10,10,17,17,ironing,ironing,True,0.00040581016,0.025644863,0.028578602,7.466586e-05,0.00019215989,0.002951642,0.00029786842,0.0014145098,0.00020211181,0.015465594,0.92472494,4.7182064e-05,0.92472494
pamap2,gnn_flatten_lstm,sequence,3,103,103,104,1326,9313,9313,10,10,17,17,ironing,ironing,True,0.0007831644,0.043283954,0.06222152,0.00015585149,0.00035514336,0.0033837897,0.0006048251,0.0023556123,0.0003594798,0.02057203,0.865831,9.356438e-05,0.865831
pamap2,gnn_flatten_lstm,sequence,3,103,103,104,1327,9314,9314,10,10,17,17,ironing,ironing,True,0.00064530346,0.037216857,0.048326045,0.00011689338,0.0002817575,0.003119216,0.0004794768,0.0019242233,0.0002851122,0.01863331,0.8888991,7.2678835e-05,0.8888991
pamap2,gnn_flatten_lstm,sequence,3,103,103,104,1328,9315,9315,10,10,17,17,ironing,ironing,True,0.00053736183,0.032393873,0.037877366,9.082196e-05,0.00023328759,0.0029558807,0.00039082443,0.0016146643,0.00023335656,0.017171845,0.9064424,5.8243022e-05,0.9064424
pamap2,gnn_flatten_lstm,sequence,3,103,103,104,1329,9316,9316,10,10,17,17,ironing,ironing,True,0.00037822293,0.023817703,0.023814337,5.760936e-05,0.00016426787,0.002673933,0.00026211806,0.001171647,0.00016196993,0.0147522995,0.9327072,3.875936e-05,0.9327072
pamap2,gnn_flatten_lstm,sequence,3,103,103,104,1330,9317,9317,10,10,17,17,ironing,ironing,True,0.00022149555,0.014959907,0.011819176,3.0001045e-05,9.8141565e-05,0.0022482562,0.00014160703,0.00071852317,9.341105e-05,0.011994795,0.9576542,2.055447e-05,0.9576542
pamap2,gnn_flatten_lstm,sequence,3,103,103,104,1331,9318,9318,10,10,17,17,ironing,ironing,True,0.00014926073,0.01098681,0.0073246686,1.9379197e-05,6.856613e-05,0.001943917,9.2357535e-05,0.00051606627,6.3350315e-05,0.010319144,0.96850365,1.2862803e-05,0.96850365
pamap2,gnn_flatten_lstm,sequence,3,103,103,104,1332,9319,9319,10,10,17,17,ironing,ironing,True,0.00011888861,0.00952848,0.0057166265,1.537696e-05,5.6033125e-05,0.0018047092,7.2998286e-05,0.00044002951,5.1908773e-05,0.009312943,0.9728721,9.924155e-06,0.9728721
pamap2,gnn_flatten_lstm,sequence,3,103,103,104,1333,9320,9320,10,10,17,17,ironing,ironing,True,8.7187764e-05,0.0076209335,0.003980062,1.1083919e-05,4.3404696e-05,0.0016501942,5.2399715e-05,0.00035194622,3.913009e-05,0.008316914,0.9778397,6.9952216e-06,0.9778397
pamap2,gnn_flatten_lstm,sequence,3,103,103,104,1334,9321,9321,10,10,17,17,ironing,ironing,True,8.004394e-05,0.0073345248,0.0038129713,1.0136481e-05,3.9607206e-05,0.0015832303,4.75578e-05,0.00033525153,3.706335e-05,0.0077547776,0.9789585,6.3390144e-06,0.9789585
pamap2,gnn_flatten_lstm,sequence,3,103,103,104,1335,9322,9322,10,10,17,17,ironing,ironing,True,9.005979e-05,0.008456617,0.0049496884,1.1955433e-05,4.3008848e-05,0.0016121366,5.4798453e-05,0.00039362413,4.4513796e-05,0.0076828375,0.9766534,7.331455e-06,0.9766534
pamap2,gnn_flatten_lstm,sequence,3,103,103,104,1336,9323,9323,10,10,17,17,ironing,ironing,True,9.757347e-05,0.009239894,0.0058572125,1.35276205e-05,4.6496258e-05,0.0016545252,6.0846698e-05,0.00044370152,5.0843104e-05,0.0077690203,0.97475827,8.153085e-06,0.97475827
pamap2,gnn_flatten_lstm,sequence,3,103,103,104,1337,9324,9324,10,10,17,17,ironing,ironing,True,9.638454e-05,0.009028669,0.005543208,1.32623645e-05,4.7133242e-05,0.0016864865,6.0333972e-05,0.00043222168,4.953952e-05,0.0079242345,0.97511035,8.105202e-06,0.97511035
pamap2,gnn_flatten_lstm,sequence,3,103,103,104,1338,9325,9325,10,10,17,17,ironing,ironing,True,9.758203e-05,0.008935441,0.0054379315,1.3432606e-05,4.80886e-05,0.0016977403,6.120159e-05,0.00043037848,4.9379643e-05,0.008105335,0.9751153,8.223561e-06,0.9751153
pamap2,gnn_flatten_lstm,sequence,3,103,103,104,1339,9326,9326,10,10,17,17,ironing,ironing,True,0.000108762186,0.009585674,0.0061350153,1.5292408e-05,5.295714e-05,0.0017535222,6.915382e-05,0.0004686499,5.4553464e-05,0.008516468,0.97323054,9.343889e-06,0.97323054
pamap2,gnn_flatten_lstm,sequence,3,103,103,104,1340,9327,9327,10,10,17,17,ironing,ironing,True,0.00012476947,0.0106171435,0.007279686,1.7994282e-05,5.950457e-05,0.0018279343,8.056421e-05,0.0005212648,6.181321e-05,0.009004855,0.9703935,1.1015872e-05,0.9703935
pamap2,gnn_flatten_lstm,sequence,3,103,103,104,1341,9328,9328,10,10,17,17,ironing,ironing,True,0.0001398023,0.011349547,0.008158894,2.0701746e-05,6.637104e-05,0.0018944008,9.140173e-05,0.00056863873,6.8545574e-05,0.009560566,0.9680684,1.2671799e-05,0.9680684
pamap2,gnn_flatten_lstm,sequence,3,103,103,104,1342,9329,9329,10,10,17,17,ironing,ironing,True,0.00013811929,0.010776806,0.0073909727,1.9093653e-05,6.40742e-05,0.0018214576,8.815102e-05,0.0005249743,6.239956e-05,0.00977342,0.9693285,1.197353e-05,0.9693285
pamap2,gnn_flatten_lstm,sequence,3,103,103,104,1343,9330,9330,10,10,17,17,ironing,ironing,True,0.00016109842,0.011748305,0.008337328,2.1709888e-05,7.212301e-05,0.0018289946,0.00010344296,0.00057421956,6.792643e-05,0.010674803,0.9663965,1.3611014e-05,0.9663965
pamap2,gnn_flatten_lstm,sequence,3,103,103,104,1344,9331,9331,10,10,17,17,ironing,ironing,True,0.00022321049,0.015071763,0.011783868,3.0595285e-05,9.554961e-05,0.0019860347,0.00014714769,0.00072210556,8.855496e-05,0.012209804,0.9576217,1.9691824e-05,0.9576217
pamap2,gnn_flatten_lstm,sequence,3,103,103,104,1345,9332,9332,10,10,17,17,ironing,ironing,True,0.00058086304,0.021074843,0.01547885,6.532628e-05,0.000208214,0.002178922,0.0003672069,0.0011060236,0.00011004278,0.027960297,0.9308303,3.9113933e-05,0.9308303
pamap2,gnn_flatten_lstm,sequence,3,103,103,104,1346,9333,9333,10,10,17,17,ironing,ironing,True,0.0010946814,0.028137412,0.012340197,8.537714e-05,0.00036353624,0.0028826264,0.0006599647,0.0011820712,0.00013698821,0.05283528,0.90022266,5.9114773e-05,0.90022266
pamap2,gnn_flatten_lstm,sequence,3,103,103,104,1347,9334,9334,10,10,17,17,ironing,ironing,True,0.0034522475,0.058861222,0.012554536,0.00026547932,0.0015856418,0.0082142,0.0032526029,0.0024995015,0.00041714113,0.18221428,0.7264682,0.0002149338,0.7264682
pamap2,gnn_flatten_lstm,sequence,3,103,103,104,1348,9335,9335,10,9,17,16,ironing,vacuum_cleaning,False,0.007288988,0.09609266,0.009988639,0.0007024182,0.003872033,0.012511175,0.011276053,0.0050643976,0.0009338246,0.495319,0.35645127,0.000499546,0.495319
pamap2,gnn_flatten_lstm,sequence,3,103,103,104,1349,9336,9336,10,9,17,16,ironing,vacuum_cleaning,False,0.0045198495,0.07405683,0.00962192,0.0003012035,0.00137518,0.0039149458,0.0042718435,0.002485545,0.00023950885,0.65116596,0.24790214,0.00014505419,0.65116596
pamap2,gnn_flatten_lstm,sequence,3,103,103,104,1350,9337,9337,10,10,17,17,ironing,ironing,True,0.004922035,0.10394907,0.015694153,0.00015527564,0.00072181685,0.0032445383,0.0028124002,0.0022212768,0.00018650651,0.41205263,0.45393196,0.00010829462,0.45393196
pamap2,gnn_flatten_lstm,sequence,3,103,103,104,1351,9338,9338,10,10,17,17,ironing,ironing,True,0.004730188,0.12251903,0.019113673,0.00011011296,0.0005501245,0.0033099183,0.002462383,0.0019888964,0.0001862472,0.22793294,0.6169908,0.00010564071,0.6169908
pamap2,gnn_flatten_lstm,sequence,3,103,103,104,1352,9339,9339,10,10,17,17,ironing,ironing,True,0.007048292,0.1859912,0.024995238,0.00015067935,0.000702515,0.003700185,0.004100152,0.0023120656,0.00027272876,0.20673753,0.5638166,0.00017275968,0.5638166
pamap2,gnn_flatten_lstm,sequence,3,103,103,104,1353,9340,9340,10,10,17,17,ironing,ironing,True,0.012201838,0.32746553,0.032960694,0.00031269505,0.0011281337,0.004666525,0.00907117,0.0032083183,0.0005044407,0.21937518,0.38873023,0.00037524497,0.38873023
pamap2,gnn_flatten_lstm,sequence,3,103,103,104,1354,9341,9341,10,9,17,16,ironing,vacuum_cleaning,False,0.008479189,0.22653756,0.014706224,0.00041228937,0.0017262661,0.008639139,0.012436351,0.0024976237,0.00044664898,0.42185628,0.30185753,0.0004048899,0.42185628
pamap2,gnn_flatten_lstm,sequence,3,103,103,104,1355,9342,9342,10,10,17,17,ironing,ironing,True,0.0013117585,0.05453107,0.0072941915,0.00013086468,0.0005585708,0.0061493055,0.0015239138,0.0015173338,0.00014154689,0.19762872,0.72914517,6.753722e-05,0.72914517
pamap2,gnn_flatten_lstm,sequence,3,103,103,104,1356,9343,9343,10,10,17,17,ironing,ironing,True,0.00020276938,0.011116423,0.0028849028,2.0892236e-05,0.0001082865,0.0025728494,0.0001432854,0.00054332154,3.7312486e-05,0.03772966,0.9446305,9.816903e-06,0.9446305
pamap2,gnn_flatten_lstm,sequence,3,103,103,104,1357,9344,9344,10,10,17,17,ironing,ironing,True,0.00014766109,0.010775275,0.006069442,1.5951473e-05,6.0214134e-05,0.0015124289,9.247597e-05,0.00050444424,4.466616e-05,0.0121872295,0.968581,9.192522e-06,0.968581
pamap2,gnn_flatten_lstm,sequence,3,103,103,104,1358,9345,9345,10,10,17,17,ironing,ironing,True,0.00018071716,0.01437411,0.010056603,2.1908598e-05,7.114447e-05,0.0015905735,0.000118194395,0.00061869633,6.449276e-05,0.011160713,0.96172965,1.3271544e-05,0.96172965
pamap2,gnn_flatten_lstm,sequence,3,103,103,104,1359,9346,9346,10,10,17,17,ironing,ironing,True,0.0002008364,0.014705042,0.010590559,2.672815e-05,8.653672e-05,0.0018391069,0.00013662364,0.00068384304,7.813386e-05,0.011895328,0.9597405,1.669491e-05,0.9597405
pamap2,gnn_flatten_lstm,sequence,3,103,103,104,1360,9347,9347,10,10,17,17,ironing,ironing,True,0.00019169849,0.013548627,0.009514835,2.5931302e-05,8.655621e-05,0.0019281978,0.00012902102,0.0006546357,7.760166e-05,0.011779101,0.9620472,1.657566e-05,0.9620472
pamap2,gnn_flatten_lstm,sequence,3,103,103,104,1361,9348,9348,10,10,17,17,ironing,ironing,True,0.00014109445,0.010102648,0.0061360924,1.7549284e-05,6.566785e-05,0.0017617769,8.9658235e-05,0.0004798346,5.502406e-05,0.010780209,0.970359,1.1434728e-05,0.970359
pamap2,gnn_flatten_lstm,sequence,3,103,103,104,1362,9349,9349,10,10,17,17,ironing,ironing,True,0.00010554973,0.00781989,0.004205668,1.2533557e-05,5.0210212e-05,0.0015535831,6.479442e-05,0.00037303736,3.9276052e-05,0.010135572,0.975632,7.856738e-06,0.975632
pamap2,gnn_flatten_lstm,sequence,3,103,103,104,1363,9350,9350,10,10,17,17,ironing,ironing,True,8.039935e-05,0.006643798,0.0032005976,9.256895e-06,3.846516e-05,0.0014193372,4.7604022e-05,0.00030563347,3.0492558e-05,0.008790073,0.9794287,5.7299994e-06,0.9794287
pamap2,gnn_flatten_lstm,sequence,3,103,103,104,1364,9351,9351,10,10,17,17,ironing,ironing,True,9.284171e-05,0.0073588025,0.00353175,9.854248e-06,4.1012834e-05,0.0014043951,5.4055894e-05,0.0003150181,3.0550756e-05,0.009508627,0.97764677,6.2206177e-06,0.97764677
pamap2,gnn_flatten_lstm,sequence,3,103,103,104,1365,9352,9352,10,10,17,17,ironing,ironing,True,0.00011453395,0.0083947405,0.0041261883,1.10373285e-05,4.6753205e-05,0.0014356701,6.4492415e-05,0.0003317389,3.279863e-05,0.010463761,0.9749708,7.3753536e-06,0.9749708
pamap2,gnn_flatten_lstm,sequence,3,103,103,104,1366,9353,9353,10,10,17,17,ironing,ironing,True,0.0001373524,0.010025665,0.0053159823,1.3255165e-05,5.4516127e-05,0.0015260102,7.8596335e-05,0.0003820605,3.9746217e-05,0.010815329,0.97160214,9.204765e-06,0.97160214
pamap2,gnn_flatten_lstm,sequence,3,103,103,104,1367,9354,9354,10,10,17,17,ironing,ironing,True,8.1500846e-05,0.0072724223,0.0032830592,7.867526e-06,3.420843e-05,0.001311008,4.5227192e-05,0.00026290986,2.6180984e-05,0.008280593,0.9793897,5.335379e-06,0.9793897
pamap2,gnn_flatten_lstm,sequence,3,103,103,104,1368,9355,9355,10,10,17,17,ironing,ironing,True,5.738627e-05,0.0054860557,0.00216626,5.351655e-06,2.4519413e-05,0.0011017428,3.1010848e-05,0.00019851116,1.7582997e-05,0.0076072984,0.9833007,3.4005345e-06,0.9833007
pamap2,gnn_flatten_lstm,sequence,3,103,103,104,1369,9356,9356,10,10,17,17,ironing,ironing,True,5.2537835e-05,0.005122628,0.0019490279,4.6700425e-06,2.1790109e-05,0.0010035133,2.8010158e-05,0.00018102309,1.5075902e-05,0.0075633274,0.9840554,2.8850677e-06,0.9840554
pamap2,gnn_flatten_lstm,sequence,3,103,103,104,1370,9357,9357,10,10,17,17,ironing,ironing,True,5.5005443e-05,0.0055803703,0.002225839,4.7726176e-06,2.185867e-05,0.0009787156,2.9256411e-05,0.00018663658,1.5932274e-05,0.0072868317,0.98361176,2.9977741e-06,0.98361176
pamap2,gnn_flatten_lstm,sequence,3,103,103,104,1371,9358,9358,10,10,17,17,ironing,ironing,True,0.00010725687,0.010191303,0.005422066,1.0815765e-05,4.0232146e-05,0.0012211079,6.274594e-05,0.00036404753,3.407513e-05,0.0088190595,0.9737207,6.594366e-06,0.9737207
pamap2,gnn_flatten_lstm,sequence,3,103,103,104,1372,9359,9359,10,10,17,17,ironing,ironing,True,8.430308e-05,0.007712168,0.0036635397,8.293907e-06,3.4837358e-05,0.0012186262,4.866986e-05,0.00028982517,2.7616292e-05,0.008472166,0.9784348,5.2177484e-06,0.9784348
pamap2,gnn_flatten_lstm,sequence,3,103,103,104,1373,9360,9360,10,10,17,17,ironing,ironing,True,7.4755306e-05,0.006747299,0.0030460395,7.228467e-06,3.1475065e-05,0.0011695297,4.2574226e-05,0.00025768537,2.3771656e-05,0.0084597,0.98013544,4.4982676e-06,0.98013544
pamap2,gnn_flatten_lstm,sequence,3,103,103,104,1374,9361,9361,10,10,17,17,ironing,ironing,True,6.8491034e-05,0.0063564978,0.002960804,6.937988e-06,2.960424e-05,0.0011916962,3.865203e-05,0.00025049658,2.403858e-05,0.0077531617,0.9813153,4.327317e-06,0.9813153
pamap2,gnn_flatten_lstm,sequence,3,103,103,104,1375,9362,9362,10,10,17,17,ironing,ironing,True,6.7376386e-05,0.006116215,0.002967967,7.2901516e-06,3.058644e-05,0.0012345712,3.8500926e-05,0.00026563156,2.564069e-05,0.00774441,0.9814975,4.4201324e-06,0.9814975
pamap2,gnn_flatten_lstm,sequence,3,103,103,104,1376,9363,9363,10,10,17,17,ironing,ironing,True,6.534133e-05,0.0058311787,0.002846559,7.2250737e-06,3.032991e-05,0.0012287084,3.7499976e-05,0.0002662929,2.530044e-05,0.007816758,0.98184055,4.291755e-06,0.98184055
pamap2,gnn_flatten_lstm,sequence,3,103,103,104,1377,9364,9364,10,10,17,17,ironing,ironing,True,8.199876e-05,0.0065445486,0.0030104693,9.039477e-06,3.6450154e-05,0.0013083419,4.706836e-05,0.0003317405,2.7635591e-05,0.009793769,0.97880405,4.9417827e-06,0.97880405
pamap2,gnn_flatten_lstm,sequence,3,103,103,104,1378,9365,9365,10,10,17,17,ironing,ironing,True,0.000113966176,0.008633383,0.0036898975,1.10069095e-05,4.4609667e-05,0.0014054778,6.0732244e-05,0.00038702888,2.945891e-05,0.012130214,0.9734881,6.2045915e-06,0.9734881
pamap2,gnn_flatten_lstm,sequence,3,103,103,104,1379,9366,9366,10,10,17,17,ironing,ironing,True,0.00017884487,0.0153589845,0.0077500376,1.4813425e-05,5.5513035e-05,0.0014134423,9.1912225e-05,0.00046553978,4.038443e-05,0.011613754,0.9630069,9.842182e-06,0.9630069
pamap2,gnn_flatten_lstm,sequence,3,103,103,104,1380,9367,9367,10,10,17,17,ironing,ironing,True,0.00025217893,0.022728944,0.012420954,2.0974037e-05,7.4528456e-05,0.0015733003,0.00013477083,0.00059077336,5.749142e-05,0.012269785,0.9498614,1.4968312e-05,0.9498614
pamap2,gnn_flatten_lstm,sequence,3,103,103,104,1381,9368,9368,10,10,17,17,ironing,ironing,True,0.0002817957,0.028020712,0.014927869,2.3338715e-05,8.231265e-05,0.0016272939,0.00015362959,0.00063095376,6.4596476e-05,0.012422097,0.9417485,1.6852315e-05,0.9417485
pamap2,gnn_flatten_lstm,sequence,3,103,103,104,1382,9369,9369,10,10,17,17,ironing,ironing,True,0.00044407128,0.043510236,0.022095477,3.5499095e-05,0.00012507319,0.0019739731,0.0002530512,0.0008241553,9.520839e-05,0.015177711,0.9154374,2.8061537e-05,0.9154374
pamap2,gnn_flatten_lstm,sequence,3,103,103,104,1383,9370,9370,10,10,17,17,ironing,ironing,True,0.00034701728,0.029526044,0.012644481,2.5319716e-05,0.000106605985,0.0020771732,0.0001953827,0.00061381597,6.715756e-05,0.014415945,0.9399588,2.2184497e-05,0.9399588
pamap2,gnn_flatten_lstm,sequence,3,103,103,104,1384,9371,9371,10,10,17,17,ironing,ironing,True,0.00033559502,0.030844225,0.011533022,2.238079e-05,9.687103e-05,0.0020294432,0.00018377317,0.0005703967,6.064301e-05,0.013887342,0.94041544,2.0859996e-05,0.94041544
pamap2,gnn_flatten_lstm,sequence,3,103,103,104,1385,9372,9372,10,10,17,17,ironing,ironing,True,0.0005772324,0.06470661,0.018604472,3.250295e-05,0.00012882143,0.002339426,0.00031797402,0.0007224284,8.96803e-05,0.01614629,0.89629954,3.5126377e-05,0.89629954
pamap2,gnn_flatten_lstm,sequence,3,103,103,104,1386,9373,9373,10,10,17,17,ironing,ironing,True,0.0007379334,0.08781954,0.018076293,3.808514e-05,0.00014630609,0.002762425,0.00040446132,0.0007733254,0.000108303015,0.016911423,0.8721768,4.514918e-05,0.8721768
pamap2,gnn_flatten_lstm,sequence,3,103,103,104,1387,9374,9374,10,10,17,17,ironing,ironing,True,0.0006622553,0.096604966,0.016017083,3.0372858e-05,0.000114402195,0.0026332461,0.00031562825,0.0006671065,0.00010107075,0.014166268,0.8686486,3.9082548e-05,0.8686486
pamap2,gnn_flatten_lstm,sequence,3,103,103,104,1388,9375,9375,10,10,17,17,ironing,ironing,True,0.00040941424,0.06436817,0.013099838,1.9137075e-05,7.821024e-05,0.0021615042,0.0001853553,0.0005037855,6.780866e-05,0.011083113,0.908,2.3701687e-05,0.908
pamap2,gnn_flatten_lstm,sequence,3,103,103,104,1389,9376,9376,10,10,17,17,ironing,ironing,True,0.00018212321,0.026077589,0.007875193,1.0471875e-05,4.803538e-05,0.0016596795,8.5671054e-05,0.0003358232,3.559682e-05,0.008231938,0.95544726,1.070613e-05,0.95544726
pamap2,gnn_flatten_lstm,sequence,3,103,103,104,1390,9377,9377,10,10,17,17,ironing,ironing,True,0.00011352111,0.015842631,0.005418882,7.170233e-06,3.3918903e-05,0.0013948358,5.2461877e-05,0.00025901097,2.4798424e-05,0.0068130568,0.9700332,6.5213417e-06,0.9700332
pamap2,gnn_flatten_lstm,sequence,3,103,103,104,1391,9378,9378,10,10,17,17,ironing,ironing,True,8.246892e-05,0.011853773,0.0040910197,5.4509383e-06,2.5976045e-05,0.0012261717,3.85131e-05,0.00021366712,1.9750134e-05,0.0061415127,0.9762972,4.6363934e-06,0.9762972
pamap2,gnn_flatten_lstm,sequence,3,103,103,104,1392,9379,9379,10,10,17,17,ironing,ironing,True,6.806019e-05,0.010165247,0.0034571511,4.5852144e-06,2.1968557e-05,0.0011323736,3.1734286e-05,0.00018896577,1.7227143e-05,0.0057166154,0.97919226,3.745749e-06,0.97919226
pamap2,gnn_flatten_lstm,sequence,3,103,103,104,1393,9380,9380,10,10,17,17,ironing,ironing,True,6.885881e-05,0.010362042,0.0033461729,4.2771167e-06,2.1615377e-05,0.0011467935,3.114829e-05,0.00018025057,1.6094435e-05,0.0056430977,0.9791759,3.7008163e-06,0.9791759
pamap2,gnn_flatten_lstm,sequence,3,103,103,104,1394,9381,9381,10,10,17,17,ironing,ironing,True,6.0308932e-05,0.0093731955,0.0028858525,3.682821e-06,1.9252137e-05,0.0011099881,2.6924406e-05,0.0001628922,1.4273625e-05,0.0052952725,0.98104525,3.2129797e-06,0.98104525
pamap2,gnn_flatten_lstm,sequence,3,103,103,104,1395,9382,9382,10,10,17,17,ironing,ironing,True,6.0703576e-05,0.009659398,0.003054119,3.7413138e-06,1.9012647e-05,0.0010736872,2.7091419e-05,0.00016416857,1.4402985e-05,0.0052462323,0.98067415,3.2073197e-06,0.98067415
pamap2,gnn_flatten_lstm,sequence,3,103,103,104,1396,9383,9383,10,10,17,17,ironing,ironing,True,8.1359234e-05,0.013461461,0.0040613804,4.5815555e-06,2.3319706e-05,0.0011758831,3.5421468e-05,0.00019227699,1.720273e-05,0.005632229,0.97531056,4.2588067e-06,0.97531056
pamap2,gnn_flatten_lstm,sequence,3,103,103,104,1397,9384,9384,10,10,17,17,ironing,ironing,True,0.00010794157,0.01914543,0.005186312,5.505983e-06,2.7467528e-05,0.0012948808,4.6262358e-05,0.00022071188,2.1219777e-05,0.0060648993,0.9678737,5.6286844e-06,0.9678737
pamap2,gnn_flatten_lstm,sequence,3,103,103,104,1398,9385,9385,10,10,17,17,ironing,ironing,True,0.00013932164,0.02631763,0.006818778,6.8799563e-06,3.2617863e-05,0.0014080546,5.993464e-05,0.0002578333,2.66551e-05,0.0066018268,0.95832306,7.325618e-06,0.95832306
pamap2,gnn_flatten_lstm,sequence,3,103,103,104,1399,9386,9386,10,10,17,17,ironing,ironing,True,0.00013347287,0.024948183,0.0067580603,6.69869e-06,3.192108e-05,0.0013615278,5.7471752e-05,0.00025194391,2.5502937e-05,0.00659103,0.95982736,6.972946e-06,0.95982736
pamap2,gnn_flatten_lstm,sequence,3,103,103,104,1400,9387,9387,10,10,17,17,ironing,ironing,True,9.000316e-05,0.01569573,0.0047600097,4.9639025e-06,2.453251e-05,0.0011708802,3.8643597e-05,0.00020373816,1.8727178e-05,0.005789328,0.97219884,4.6367823e-06,0.97219884
pamap2,gnn_flatten_lstm,sequence,3,103,103,104,1401,9388,9388,10,10,17,17,ironing,ironing,True,5.962787e-05,0.009859804,0.0030519355,3.540266e-06,1.8091836e-05,0.0010354249,2.610659e-05,0.00015745609,1.3715417e-05,0.0051027746,0.9806685,3.0706226e-06,0.9806685
pamap2,gnn_flatten_lstm,sequence,3,103,103,104,1402,9389,9389,10,10,17,17,ironing,ironing,True,5.349674e-05,0.008890316,0.0028364677,3.3102451e-06,1.65873e-05,0.0009869908,2.3637396e-05,0.00014955217,1.315268e-05,0.004941088,0.9820826,2.7587741e-06,0.9820826
pamap2,gnn_flatten_lstm,sequence,3,103,103,104,1403,9390,9390,10,10,17,17,ironing,ironing,True,6.2321946e-05,0.01058177,0.003412386,3.6822498e-06,1.8273182e-05,0.0010131202,2.7081864e-05,0.00016302,1.4490818e-05,0.005116366,0.97958434,3.168781e-06,0.97958434
pamap2,gnn_flatten_lstm,sequence,3,103,103,104,1404,9391,9391,10,10,17,17,ironing,ironing,True,7.8038225e-05,0.014154729,0.0044367667,4.282547e-06,2.1222933e-05,0.0010615211,3.294843e-05,0.00018331963,1.6867276e-05,0.0054637874,0.97454244,3.8925e-06,0.97454244
pamap2,gnn_flatten_lstm,sequence,3,103,103,104,1405,9392,9392,10,10,17,17,ironing,ironing,True,6.5349224e-05,0.011482045,0.0036519505,3.7441446e-06,1.8801453e-05,0.0010145163,2.7978094e-05,0.00016514547,1.4828503e-05,0.00516951,0.97838277,3.2813605e-06,0.97838277
pamap2,gnn_flatten_lstm,sequence,3,103,103,104,1406,9393,9393,10,10,17,17,ironing,ironing,True,6.364501e-05,0.0111654885,0.0033763705,3.5862595e-06,1.838824e-05,0.001016245,2.7325488e-05,0.0001599544,1.40988595e-05,0.005143936,0.97900784,3.1966283e-06,0.97900784
pamap2,gnn_flatten_lstm,sequence,3,103,103,104,1407,9394,9394,10,10,17,17,ironing,ironing,True,6.9639405e-05,0.012465629,0.0036571093,3.8111148e-06,1.927161e-05,0.0010176133,2.9847344e-05,0.00016537504,1.4772407e-05,0.005362742,0.97719073,3.4833351e-06,0.97719073
pamap2,gnn_flatten_lstm,sequence,3,103,103,104,1408,9395,9395,10,10,17,17,ironing,ironing,True,7.840225e-05,0.013752901,0.004586541,4.6424134e-06,2.2010412e-05,0.0010166767,3.422473e-05,0.00018639977,1.7129925e-05,0.005800099,0.97449696,3.9822057e-06,0.97449696
pamap2,gnn_flatten_lstm,sequence,3,103,103,104,1409,9396,9396,10,10,17,17,ironing,ironing,True,9.2601e-05,0.01577892,0.006196732,6.44714e-06,2.7751174e-05,0.0010924168,4.300839e-05,0.00023421831,2.2671546e-05,0.006577162,0.9699229,5.1087727e-06,0.9699229
pamap2,gnn_flatten_lstm,sequence,3,103,103,104,1410,9397,9397,10,10,17,17,ironing,ironing,True,9.877506e-05,0.0151878465,0.006756842,7.675429e-06,3.1357362e-05,0.0011345702,4.853334e-05,0.00026984513,2.6143898e-05,0.0071638934,0.96926874,5.734919e-06,0.96926874
pamap2,gnn_flatten_lstm,sequence,3,103,103,104,1411,9398,9398,10,10,17,17,ironing,ironing,True,0.00012037782,0.017507438,0.008587732,9.945141e-06,3.822712e-05,0.0012172207,6.0904753e-05,0.00032800378,3.275054e-05,0.007886485,0.9642035,7.305807e-06,0.9642035
pamap2,gnn_flatten_lstm,sequence,3,103,103,104,1412,9399,9399,10,10,17,17,ironing,ironing,True,7.9850695e-05,0.009915943,0.004387366,6.7730507e-06,2.9828978e-05,0.0012262891,4.191483e-05,0.00024500603,2.4622372e-05,0.007033315,0.977004,5.074469e-06,0.977004
pamap2,gnn_flatten_lstm,sequence,3,103,103,104,1413,9400,9400,10,10,17,17,ironing,ironing,True,6.64207e-05,0.0077955467,0.0033790325,5.9915833e-06,2.6656458e-05,0.0012311629,3.5161433e-05,0.00022044241,2.2554366e-05,0.0066188793,0.98059386,4.364094e-06,0.98059386
pamap2,gnn_flatten_lstm,sequence,3,103,103,104,1414,9401,9401,10,10,17,17,ironing,ironing,True,6.085091e-05,0.006860263,0.0029087919,5.69965e-06,2.5591999e-05,0.0012480719,3.222768e-05,0.00021363705,2.1744248e-05,0.006554301,0.9820648,4.0506325e-06,0.9820648
pamap2,gnn_flatten_lstm,sequence,3,103,103,104,1415,9402,9402,10,10,17,17,ironing,ironing,True,5.6142937e-05,0.0061528347,0.0025557938,5.5658525e-06,2.5193991e-05,0.0012691524,3.0057425e-05,0.00021141476,2.1290749e-05,0.0065652863,0.9831035,3.813251e-06,0.9831035
pamap2,gnn_flatten_lstm,sequence,3,103,103,104,1416,9403,9403,10,10,17,17,ironing,ironing,True,6.076342e-05,0.006577325,0.0028549312,6.0644375e-06,2.6754338e-05,0.00130825,3.2566655e-05,0.0002267388,2.3435283e-05,0.006612366,0.9822666,4.1826843e-06,0.9822666
pamap2,gnn_flatten_lstm,sequence,3,103,103,104,1417,9404,9404,10,10,17,17,ironing,ironing,True,6.4356296e-05,0.0069423383,0.003081295,6.390832e-06,2.79339e-05,0.0013432865,3.446782e-05,0.00023612933,2.4810357e-05,0.0066765477,0.9815579,4.46426e-06,0.9815579
pamap2,gnn_flatten_lstm,sequence,3,103,103,104,1418,9405,9405,10,10,17,17,ironing,ironing,True,5.1916664e-05,0.005712748,0.0023061426,5.2274345e-06,2.4001318e-05,0.0012919852,2.7444134e-05,0.00020298746,2.0477928e-05,0.006320159,0.98403335,3.554145e-06,0.98403335
pamap2,gnn_flatten_lstm,sequence,3,103,103,104,1419,9406,9406,10,10,17,17,ironing,ironing,True,4.2414304e-05,0.0049139136,0.0017915008,4.3009504e-06,2.0656162e-05,0.0012450973,2.225552e-05,0.00018132503,1.7307675e-05,0.0059460853,0.9858124,2.8564432e-06,0.9858124
pamap2,gnn_flatten_lstm,sequence,3,103,103,104,1420,9407,9407,10,10,17,17,ironing,ironing,True,3.76924e-05,0.004696958,0.0016830307,3.7989491e-06,1.8309398e-05,0.0011758505,1.9741034e-05,0.00016985091,1.5813126e-05,0.0055236686,0.9866528,2.4852725e-06,0.9866528
pamap2,gnn_flatten_lstm,sequence,3,103,103,104,1421,9408,9408,10,10,17,17,ironing,ironing,True,3.201472e-05,0.0042014825,0.001503862,3.2487274e-06,1.5800248e-05,0.0010835031,1.6733391e-05,0.0001541562,1.4005948e-05,0.005084483,0.98788863,2.049089e-06,0.98788863
pamap2,gnn_flatten_lstm,sequence,3,103,103,104,1422,9409,9409,10,10,17,17,ironing,ironing,True,3.0464955e-05,0.004032969,0.0014464312,3.1161558e-06,1.5185316e-05,0.0010586339,1.5944184e-05,0.00015090288,1.3646031e-05,0.0049690027,0.98826176,1.929676e-06,0.98826176
pamap2,gnn_flatten_lstm,sequence,3,103,103,104,1423,9410,9410,10,10,17,17,ironing,ironing,True,3.076537e-05,0.0040966524,0.0014956421,3.1865911e-06,1.5320908e-05,0.0010591549,1.6205673e-05,0.00015485911,1.4049096e-05,0.0049348613,0.98817736,1.957117e-06,0.98817736
pamap2,gnn_flatten_lstm,sequence,3,103,103,104,1424,9411,9411,10,10,17,17,ironing,ironing,True,2.7698581e-05,0.0036524301,0.0012949291,2.9527828e-06,1.4558341e-05,0.0010433969,1.4645737e-05,0.00014848517,1.3106287e-05,0.004895303,0.98889065,1.7602218e-06,0.98889065
pamap2,gnn_flatten_lstm,sequence,3,103,103,104,1425,9412,9412,10,10,17,17,ironing,ironing,True,2.7317712e-05,0.0035518617,0.0012770647,2.9533444e-06,1.4499348e-05,0.001035392,1.44851e-05,0.00014934114,1.3117859e-05,0.004897572,0.98901457,1.7337824e-06,0.98901457
pamap2,gnn_flatten_lstm,sequence,3,103,103,104,1426,9413,9413,10,10,17,17,ironing,ironing,True,2.774882e-05,0.0035801982,0.001287297,3.0146448e-06,1.4752361e-05,0.001047716,1.4758609e-05,0.00014995434,1.3263539e-05,0.0049273875,0.98893225,1.7778146e-06,0.98893225
pamap2,gnn_flatten_lstm,sequence,3,103,103,104,1427,9414,9414,10,10,17,17,ironing,ironing,True,2.7884775e-05,0.0035806247,0.0012955363,3.081535e-06,1.5002534e-05,0.0010587168,1.4957734e-05,0.00015268764,1.3547393e-05,0.004948206,0.98888785,1.8028461e-06,0.98888785
pamap2,gnn_flatten_lstm,sequence,3,103,103,104,1428,9415,9415,10,10,17,17,ironing,ironing,True,3.0656964e-05,0.0038064567,0.0013485083,3.3803108e-06,1.6487576e-05,0.0011240101,1.650315e-05,0.00015817488,1.42312065e-05,0.0052666795,0.9882129,2.0397076e-06,0.9882129
pamap2,gnn_flatten_lstm,sequence,3,103,103,104,1429,9416,9416,10,10,17,17,ironing,ironing,True,3.2512853e-05,0.0039795926,0.0013373372,3.4932482e-06,1.735685e-05,0.0011719663,1.7381713e-05,0.00015638232,1.4066531e-05,0.005541198,0.9877265,2.1969495e-06,0.9877265
pamap2,gnn_flatten_lstm,sequence,3,103,103,104,1430,9417,9417,10,10,17,17,ironing,ironing,True,3.412891e-05,0.0043095574,0.001441885,3.4844734e-06,1.7097775e-05,0.0011538051,1.7910867e-05,0.00015289683,1.38782725e-05,0.005458366,0.9873947,2.2734223e-06,0.9873947
pamap2,gnn_flatten_lstm,sequence,3,103,103,104,1431,9418,9418,10,10,17,17,ironing,ironing,True,3.4822115e-05,0.0044798506,0.0015336563,3.4229045e-06,1.6635428e-05,0.001112446,1.7990928e-05,0.00014971057,1.376097e-05,0.0053211516,0.9873143,2.265239e-06,0.9873143
pamap2,gnn_flatten_lstm,sequence,3,103,103,104,1432,9419,9419,10,10,17,17,ironing,ironing,True,3.232641e-05,0.0040845014,0.001379472,3.258764e-06,1.6141415e-05,0.001094322,1.6790596e-05,0.00014482041,1.3099234e-05,0.0053399666,0.9878732,2.1006238e-06,0.9878732
pamap2,gnn_flatten_lstm,sequence,3,103,103,104,1433,9420,9420,10,10,17,17,ironing,ironing,True,3.3339875e-05,0.004159508,0.0014737477,3.4411694e-06,1.6591926e-05,0.0010954172,1.7464137e-05,0.00015318947,1.3985093e-05,0.0053266226,0.9877045,2.176796e-06,0.9877045
pamap2,gnn_flatten_lstm,sequence,3,103,103,104,1434,9421,9421,10,10,17,17,ironing,ironing,True,3.9468137e-05,0.0047969893,0.0018500198,4.1223066e-06,1.8997236e-05,0.0011431824,2.1021948e-05,0.00017630256,1.6695853e-05,0.005554802,0.98637575,2.63111e-06,0.98637575
pamap2,gnn_flatten_lstm,sequence,3,103,103,104,1435,9422,9422,10,10,17,17,ironing,ironing,True,4.9940943e-05,0.0058206725,0.0025124005,5.342408e-06,2.3125152e-05,0.0012240494,2.724063e-05,0.00021614697,2.1424996e-05,0.005930778,0.98416543,3.4430211e-06,0.98416543
pamap2,gnn_flatten_lstm,sequence,3,103,103,104,1436,9423,9423,10,10,17,17,ironing,ironing,True,5.2903782e-05,0.0058878907,0.002581538,5.919862e-06,2.5581427e-05,0.0012934702,2.953088e-05,0.00023236855,2.3234672e-05,0.00629385,0.9835699,3.779455e-06,0.9835699
pamap2,gnn_flatten_lstm,sequence,3,103,103,104,1437,9424,9424,10,10,17,17,ironing,ironing,True,5.0109655e-05,0.005367626,0.0022784688,5.7691122e-06,2.5498786e-05,0.0013026487,2.8179453e-05,0.00022721618,2.2262548e-05,0.00647593,0.9842127,3.6086346e-06,0.9842127
pamap2,gnn_flatten_lstm,sequence,3,103,103,104,1438,9425,9425,10,10,17,17,ironing,ironing,True,5.0033428e-05,0.005310845,0.0022761638,5.7846905e-06,2.5445457e-05,0.0013043488,2.8075283e-05,0.00022770287,2.2425445e-05,0.006439466,0.9843062,3.6082274e-06,0.9843062
pamap2,gnn_flatten_lstm,sequence,3,103,103,104,1439,9426,9426,10,10,17,17,ironing,ironing,True,5.329161e-05,0.005585906,0.0023290731,6.279127e-06,2.7596849e-05,0.0013943068,3.0230054e-05,0.0002469067,2.4280316e-05,0.006714367,0.98358375,3.948456e-06,0.98358375
pamap2,gnn_flatten_lstm,sequence,3,103,103,104,1440,9427,9427,10,10,17,17,ironing,ironing,True,5.376795e-05,0.005657845,0.0023575579,6.5100403e-06,2.8250377e-05,0.0014271424,3.074599e-05,0.00025725045,2.525281e-05,0.006737632,0.983414,4.057207e-06,0.983414
pamap2,gnn_flatten_lstm,sequence,3,103,103,104,1441,9428,9428,10,10,17,17,ironing,ironing,True,5.2838666e-05,0.0055138813,0.002438783,6.4709006e-06,2.754108e-05,0.00137814,3.0185136e-05,0.00025269485,2.5204541e-05,0.006568608,0.9837017,3.9573633e-06,0.9837017
pamap2,gnn_flatten_lstm,sequence,3,103,103,104,1442,9429,9429,10,10,17,17,ironing,ironing,True,5.5175144e-05,0.0056482432,0.0025140832,6.7936617e-06,2.9012686e-05,0.0014276474,3.171066e-05,0.00026017064,2.6280637e-05,0.0067515764,0.98324513,4.188025e-06,0.98324513
pamap2,gnn_flatten_lstm,sequence,3,103,103,104,1443,9430,9430,10,10,17,17,ironing,ironing,True,5.9594604e-05,0.0062261783,0.002753763,6.9564035e-06,2.9484481e-05,0.0014361884,3.368997e-05,0.00025952593,2.6653652e-05,0.006757737,0.9824057,4.469787e-06,0.9824057
pamap2,gnn_flatten_lstm,sequence,3,103,103,104,1444,9431,9431,10,10,17,17,ironing,ironing,True,5.6977136e-05,0.0061456203,0.0026738136,6.2899608e-06,2.6988377e-05,0.0013606298,3.1374133e-05,0.00023742039,2.4348761e-05,0.006464224,0.9829683,4.1151434e-06,0.9829683
pamap2,gnn_flatten_lstm,sequence,3,103,103,104,1445,9432,9432,10,10,17,17,ironing,ironing,True,5.1453342e-05,0.0057664453,0.002412703,5.5068213e-06,2.4222252e-05,0.0012890253,2.7894932e-05,0.00021501978,2.1658068e-05,0.006156412,0.984026,3.6032257e-06,0.984026
pamap2,gnn_flatten_lstm,sequence,3,103,103,104,1446,9433,9433,10,10,17,17,ironing,ironing,True,4.6682926e-05,0.0053140507,0.0021455048,4.93518e-06,2.2305856e-05,0.0012420587,2.5036015e-05,0.00019889299,1.9638628e-05,0.0059781987,0.9849995,3.2083497e-06,0.9849995
pamap2,gnn_flatten_lstm,sequence,3,103,103,104,1447,9434,9434,10,10,17,17,ironing,ironing,True,4.63479e-05,0.0052334066,0.0021462378,5.073071e-06,2.281786e-05,0.0012619962,2.5204952e-05,0.00020651262,2.0349587e-05,0.0060117804,0.98501706,3.2380517e-06,0.98501706
pamap2,gnn_flatten_lstm,sequence,3,103,103,104,1448,9435,9435,10,10,17,17,ironing,ironing,True,4.8350572e-05,0.0052423226,0.0022020082,5.607671e-06,2.4835183e-05,0.0013235903,2.6929323e-05,0.00022376426,2.2238157e-05,0.0062572593,0.9846197,3.498768e-06,0.9846197
pamap2,gnn_flatten_lstm,sequence,3,103,103,104,1449,9436,9436,10,10,17,17,ironing,ironing,True,4.7054073e-05,0.005027821,0.002105137,5.5647693e-06,2.4719586e-05,0.0013178864,2.6422043e-05,0.0002230854,2.188702e-05,0.00632927,0.98486763,3.4230786e-06,0.98486763
pamap2,gnn_flatten_lstm,sequence,3,103,103,104,1450,9437,9437,10,10,17,17,ironing,ironing,True,5.830032e-05,0.0059766658,0.0027707827,6.976174e-06,2.9186223e-05,0.001366137,3.3567707e-05,0.00026213448,2.6650932e-05,0.0067831925,0.982682,4.325306e-06,0.982682
pamap2,gnn_flatten_lstm,sequence,3,103,103,104,1451,9438,9438,10,10,17,17,ironing,ironing,True,9.9689336e-05,0.009353009,0.005596955,1.2993938e-05,4.5109282e-05,0.0015335531,6.179164e-05,0.00040662172,4.4512326e-05,0.008109975,0.9747277,8.049236e-06,0.9747277
pamap2,gnn_flatten_lstm,sequence,3,103,103,104,1452,9439,9439,10,10,17,17,ironing,ironing,True,0.00016340891,0.014227418,0.010414954,2.3401632e-05,7.10039e-05,0.0017752221,0.00010930965,0.0006317643,7.177082e-05,0.009944561,0.9625528,1.4389799e-05,0.9625528
pamap2,gnn_flatten_lstm,sequence,3,103,103,104,1453,9440,9440,10,10,17,17,ironing,ironing,True,0.00021124081,0.01681392,0.013758438,3.249657e-05,9.2876006e-05,0.0019509642,0.00014835456,0.0007978607,9.320662e-05,0.011412635,0.9546684,1.9697387e-05,0.9546684
pamap2,gnn_flatten_lstm,sequence,3,103,103,104,1454,9441,9441,10,10,17,17,ironing,ironing,True,0.00023033272,0.016377231,0.013677872,3.6319747e-05,0.00010587491,0.0021092168,0.00016309874,0.0008335971,0.000101548365,0.01243935,0.95390314,2.2403516e-05,0.95390314
pamap2,gnn_flatten_lstm,sequence,3,103,103,104,1455,9442,9442,10,10,17,17,ironing,ironing,True,0.00025657256,0.016476937,0.014068661,4.124621e-05,0.00012074417,0.0022811387,0.00018215369,0.00088950334,0.000113347334,0.013387123,0.9521566,2.58622e-05,0.9521566
pamap2,gnn_flatten_lstm,sequence,3,103,103,104,1456,9443,9443,10,10,17,17,ironing,ironing,True,0.0003715174,0.021088094,0.020421108,6.316901e-05,0.0001701372,0.0025880637,0.00027301806,0.0011881869,0.00015961111,0.015788961,0.9378483,3.9835704e-05,0.9378483
pamap2,gnn_flatten_lstm,sequence,3,103,103,104,1457,9444,9444,10,10,17,17,ironing,ironing,True,0.00036972706,0.019233793,0.017675065,6.108508e-05,0.00017757497,0.0027694497,0.00026720992,0.0011132283,0.00015477184,0.016652735,0.94148505,4.0462728e-05,0.94148505
pamap2,gnn_flatten_lstm,sequence,3,103,103,104,1458,9445,9445,10,10,17,17,ironing,ironing,True,0.0003375154,0.01680981,0.0140205445,5.3717566e-05,0.00016770043,0.0028655627,0.00023639563,0.0009968419,0.00013879378,0.016717885,0.9476187,3.6473444e-05,0.9476187
pamap2,gnn_flatten_lstm,sequence,3,103,103,104,1459,9446,9446,10,10,17,17,ironing,ironing,True,0.00033275053,0.016225768,0.013083814,5.0813476e-05,0.00016384356,0.0028613047,0.00022778187,0.0009487587,0.00013228254,0.016730072,0.9492076,3.5113546e-05,0.9492076
pamap2,gnn_flatten_lstm,sequence,3,103,103,104,1460,9447,9447,10,10,17,17,ironing,ironing,True,0.00032005887,0.016088523,0.013245997,4.664921e-05,0.00014955418,0.002636915,0.00021505386,0.0008973414,0.00012375903,0.015876075,0.95036787,3.2212687e-05,0.95036787
pamap2,gnn_flatten_lstm,sequence,3,103,103,104,1461,9448,9448,10,10,17,17,ironing,ironing,True,0.00045675872,0.025097018,0.02528418,7.1223345e-05,0.00018610248,0.0025735311,0.00032505515,0.0012823009,0.00017755093,0.016257007,0.92824227,4.7043894e-05,0.92824227
pamap2,gnn_flatten_lstm,sequence,3,103,103,104,1462,9449,9449,10,10,17,17,ironing,ironing,True,0.0004981525,0.029224027,0.030562695,8.430501e-05,0.00020726703,0.0026709621,0.00037225714,0.0014868102,0.00020196813,0.016979625,0.9176585,5.3478172e-05,0.9176585
pamap2,gnn_flatten_lstm,sequence,3,103,103,104,1463,9450,9450,10,10,17,17,ironing,ironing,True,0.00037163502,0.021291155,0.018555108,5.7214973e-05,0.00016548423,0.0025018803,0.0002698208,0.0010999438,0.0001407019,0.016669286,0.9388407,3.7207774e-05,0.9388407
pamap2,gnn_flatten_lstm,sequence,3,103,103,104,1464,9451,9451,10,10,17,17,ironing,ironing,True,0.00029822308,0.016987486,0.013417072,4.2663745e-05,0.00013499214,0.0023496952,0.00020585627,0.0008625406,0.000110430876,0.015448022,0.9501144,2.85417e-05,0.9501144
pamap2,gnn_flatten_lstm,sequence,3,103,103,104,1465,9452,9452,10,10,17,17,ironing,ironing,True,0.00018377972,0.010502356,0.0063219396,2.2703582e-05,8.845987e-05,0.002082218,0.000116122166,0.0005414087,6.403598e-05,0.013723119,0.9663384,1.5356738e-05,0.9663384
pamap2,gnn_flatten_lstm,sequence,3,103,103,104,1466,9453,9453,10,10,17,17,ironing,ironing,True,0.000104527375,0.0070184525,0.0034789466,1.178305e-05,5.0637755e-05,0.0016333469,6.152247e-05,0.00033858922,3.5416215e-05,0.010962475,0.9762965,7.66571e-06,0.9762965
pamap2,gnn_flatten_lstm,sequence,3,103,103,104,1467,9454,9454,10,10,17,17,ironing,ironing,True,8.944128e-05,0.0064796982,0.003305888,9.8165665e-06,4.154747e-05,0.0014210414,5.1832118e-05,0.0003073851,3.0570103e-05,0.009921897,0.97833484,6.131468e-06,0.97833484
pamap2,gnn_flatten_lstm,sequence,3,103,103,104,1468,9455,9455,10,10,17,17,ironing,ironing,True,0.000116268704,0.008178165,0.004784002,1.2946828e-05,5.0306506e-05,0.0014666244,6.9510155e-05,0.00038640297,3.9763247e-05,0.010503923,0.9743842,8.0588725e-06,0.9743842
pamap2,gnn_flatten_lstm,sequence,3,103,103,104,1469,9456,9456,10,10,17,17,ironing,ironing,True,0.00013582435,0.00922448,0.005953139,1.5836666e-05,5.8250313e-05,0.0015376369,8.354753e-05,0.0004521845,4.774626e-05,0.011029396,0.9714523,9.779902e-06,0.9714523
pamap2,gnn_flatten_lstm,sequence,3,103,103,104,1470,9457,9457,10,10,17,17,ironing,ironing,True,0.00013167523,0.008959314,0.0058973255,1.6311915e-05,5.9123184e-05,0.0015947109,8.177173e-05,0.00045959416,4.985727e-05,0.010775423,0.9719649,9.998364e-06,0.9719649
pamap2,gnn_flatten_lstm,sequence,3,103,103,104,1471,9458,9458,10,10,17,17,ironing,ironing,True,9.376092e-05,0.007126118,0.004171023,1.1335949e-05,4.3389253e-05,0.0014261571,5.6162127e-05,0.0003520019,3.6737092e-05,0.009181954,0.97749454,6.8325903e-06,0.97749454
pamap2,gnn_flatten_lstm,sequence,3,103,103,104,1472,9459,9459,10,10,17,17,ironing,ironing,True,6.707025e-05,0.005596282,0.0028314297,7.6716915e-06,3.192682e-05,0.0012680985,3.8516562e-05,0.00026667828,2.6107806e-05,0.008073175,0.9817885,4.5600505e-06,0.9817885
pamap2,gnn_flatten_lstm,sequence,3,103,103,104,1473,9460,9460,10,10,17,17,ironing,ironing,True,5.008164e-05,0.0046065617,0.0019733845,5.397362e-06,2.461387e-05,0.0011772644,2.7527241e-05,0.00020821807,1.9186897e-05,0.0072509097,0.98465353,3.2613912e-06,0.98465353
pamap2,gnn_flatten_lstm,sequence,3,103,103,104,1474,9461,9461,10,10,17,17,ironing,ironing,True,4.4337336e-05,0.0044118552,0.001806198,4.700506e-06,2.1738799e-05,0.0011222193,2.4095356e-05,0.00019175395,1.7338376e-05,0.0067084823,0.98564446,2.8464099e-06,0.98564446
pamap2,gnn_flatten_lstm,sequence,3,103,103,104,1475,9462,9462,10,10,17,17,ironing,ironing,True,6.560377e-05,0.0060242093,0.0032156908,7.688016e-06,2.9826537e-05,0.0012224909,3.7607027e-05,0.000280206,2.7275859e-05,0.0073837475,0.9817012,4.5016905e-06,0.9817012
pamap2,gnn_flatten_lstm,sequence,3,103,103,104,1476,9463,9463,10,10,17,17,ironing,ironing,True,9.3485694e-05,0.0079593705,0.004980465,1.17160125e-05,4.0753683e-05,0.0013900445,5.5893444e-05,0.0003783846,3.9103354e-05,0.008416313,0.97662747,6.949125e-06,0.97662747
pamap2,gnn_flatten_lstm,sequence,3,103,103,104,1477,9464,9464,10,10,17,17,ironing,ironing,True,0.00010658927,0.008763924,0.005580984,1.323893e-05,4.5701214e-05,0.0014279288,6.446361e-05,0.0004103064,4.190489e-05,0.009181891,0.9743551,7.91773e-06,0.9743551
pamap2,gnn_flatten_lstm,sequence,3,103,103,104,1478,9465,9465,10,10,17,17,ironing,ironing,True,9.110809e-05,0.0075816545,0.0044723595,1.0576744e-05,3.965154e-05,0.0013550944,5.314587e-05,0.0003395308,3.4712833e-05,0.0086840205,0.9773317,6.509162e-06,0.9773317
pamap2,gnn_flatten_lstm,sequence,3,103,103,104,1479,9466,9466,10,10,17,17,ironing,ironing,True,7.036427e-05,0.0060198708,0.0029896777,7.595154e-06,3.1959597e-05,0.0012876077,3.9081053e-05,0.00025949773,2.6058857e-05,0.007974904,0.9812888,4.7609647e-06,0.9812888
pamap2,gnn_flatten_lstm,sequence,3,103,103,104,1480,9467,9467,10,10,17,17,ironing,ironing,True,5.4483506e-05,0.005018287,0.0021579855,5.6437557e-06,2.5625732e-05,0.0012177412,2.9159526e-05,0.00020812808,2.0136822e-05,0.0072122156,0.9840469,3.5718972e-06,0.9840469
pamap2,gnn_flatten_lstm,sequence,3,103,103,104,1481,9468,9468,10,10,17,17,ironing,ironing,True,4.9501454e-05,0.0048160497,0.0020269628,5.242318e-06,2.3730137e-05,0.0012114171,2.6317593e-05,0.00020246355,1.9620999e-05,0.0066787372,0.9849368,3.2676787e-06,0.9849368
pamap2,gnn_flatten_lstm,sequence,3,103,103,104,1482,9469,9469,10,10,17,17,ironing,ironing,True,5.2156476e-05,0.0051695122,0.0022943444,5.709362e-06,2.4876139e-05,0.0012362291,2.8225508e-05,0.0002202745,2.1743423e-05,0.0066129444,0.98433036,3.522975e-06,0.98433036
pamap2,gnn_flatten_lstm,sequence,3,103,103,104,1483,9470,9470,10,10,17,17,ironing,ironing,True,7.605517e-05,0.0074557574,0.003990433,8.489711e-06,3.2213706e-05,0.0013421848,4.218676e-05,0.00029515143,3.1674444e-05,0.0070211194,0.9796993,5.4114266e-06,0.9796993
pamap2,gnn_flatten_lstm,sequence,3,103,103,104,1484,9471,9471,10,10,17,17,ironing,ironing,True,9.308919e-05,0.009317128,0.0054054093,1.0421733e-05,3.732059e-05,0.0013994583,5.2457388e-05,0.000341233,3.786953e-05,0.007337747,0.9759611,6.821351e-06,0.9759611
pamap2,gnn_flatten_lstm,sequence,3,103,103,104,1485,9472,9472,10,10,17,17,ironing,ironing,True,7.201531e-05,0.007357599,0.0037095114,7.8796065e-06,3.151305e-05,0.0013398392,4.0328872e-05,0.00027798885,2.9679697e-05,0.0069736326,0.9801548,5.138215e-06,0.9801548
pamap2,gnn_flatten_lstm,sequence,3,103,103,104,1486,9473,9473,10,10,17,17,ironing,ironing,True,7.033678e-05,0.00729154,0.0037349206,7.902254e-06,3.1050633e-05,0.001326857,3.969585e-05,0.00028358158,3.0028192e-05,0.0068312343,0.9803478,5.0592466e-06,0.9803478
pamap2,gnn_flatten_lstm,sequence,3,103,103,104,1487,9474,9474,10,10,17,17,ironing,ironing,True,8.5520376e-05,0.008861807,0.005241752,1.0440984e-05,3.6554484e-05,0.0013659415,5.040383e-05,0.00035695956,3.801862e-05,0.007166518,0.97677964,6.4389724e-06,0.97677964
pamap2,gnn_flatten_lstm,sequence,3,103,103,104,1488,9475,9475,10,10,17,17,ironing,ironing,True,0.00010264944,0.010288746,0.006769323,1.32614905e-05,4.3264805e-05,0.0014242708,6.299003e-05,0.0004254612,4.579171e-05,0.0077821556,0.973034,8.010766e-06,0.973034
pamap2,gnn_flatten_lstm,sequence,3,103,103,104,1489,9476,9476,10,10,17,17,ironing,ironing,True,0.00011677435,0.010660277,0.007487016,1.5900701e-05,5.0783736e-05,0.0015314001,7.3484836e-05,0.00048129997,5.3013715e-05,0.008572785,0.97094774,9.488262e-06,0.97094774
pamap2,gnn_flatten_lstm,sequence,3,103,103,104,1490,9477,9477,10,10,17,17,ironing,ironing,True,0.00014178503,0.0114073865,0.008573538,2.0247888e-05,6.326184e-05,0.0017244412,9.063699e-05,0.0005616565,6.491311e-05,0.009673221,0.96766675,1.2216182e-05,0.96766675
pamap2,gnn_flatten_lstm,sequence,3,103,103,104,1491,9478,9478,10,10,17,17,ironing,ironing,True,0.00021806474,0.015633732,0.01350323,3.2848555e-05,9.442866e-05,0.002043746,0.00014364239,0.00077825005,9.570554e-05,0.01166897,0.9557666,2.060401e-05,0.9557666
pamap2,gnn_flatten_lstm,sequence,3,103,103,104,1492,9479,9479,10,10,17,17,ironing,ironing,True,0.00025628955,0.017675497,0.01612029,3.9234514e-05,0.00010956743,0.00217174,0.00017103984,0.00087967684,0.00011031899,0.012523529,0.9499179,2.4987923e-05,0.9499179
pamap2,gnn_flatten_lstm,sequence,3,103,103,104,1493,9480,9480,10,10,17,17,ironing,ironing,True,0.00022822418,0.015480913,0.013601752,3.498506e-05,0.00010060465,0.0021481153,0.00015035765,0.00080446614,0.000101201265,0.012081623,0.95524573,2.210794e-05,0.95524573
pamap2,gnn_flatten_lstm,sequence,3,103,103,104,1494,9481,9481,10,10,17,17,ironing,ironing,True,0.00024280761,0.01601337,0.014668128,3.8777147e-05,0.00010730224,0.0022404448,0.00016060959,0.0008693633,0.000111730646,0.012247152,0.9532763,2.4148107e-05,0.9532763
pamap2,gnn_flatten_lstm,sequence,3,103,103,104,1495,9482,9482,10,10,17,17,ironing,ironing,True,0.00023467488,0.014654179,0.012567006,3.501816e-05,0.0001055448,0.002306644,0.00015084549,0.0007913105,0.00010269037,0.01258253,0.9564468,2.2719769e-05,0.9564468
pamap2,gnn_flatten_lstm,sequence,3,103,103,104,1496,9483,9483,10,10,17,17,ironing,ironing,True,0.0001830109,0.011293538,0.008323295,2.5162666e-05,8.500674e-05,0.0021325583,0.00011249669,0.0006163217,7.589017e-05,0.012070642,0.96506584,1.626563e-05,0.96506584
pamap2,gnn_flatten_lstm,sequence,3,103,103,104,1497,9484,9484,10,10,17,17,ironing,ironing,True,0.00012896731,0.008826014,0.0056075393,1.6784685e-05,6.0641214e-05,0.0018308403,7.658343e-05,0.00045727135,5.3200645e-05,0.0103621,0.97256947,1.0588534e-05,0.97256947
pamap2,gnn_flatten_lstm,sequence,3,103,103,104,1498,9485,9485,10,10,17,17,ironing,ironing,True,9.759363e-05,0.00747551,0.004225679,1.2075807e-05,4.6031564e-05,0.0016122288,5.679918e-05,0.0003596849,3.9932052e-05,0.009075484,0.9769915,7.5470152e-06,0.9769915
pamap2,gnn_flatten_lstm,sequence,3,103,103,104,1499,9486,9486,10,10,17,17,ironing,ironing,True,8.406263e-05,0.0070519997,0.0036198117,9.705338e-06,3.8716684e-05,0.0015111907,4.739968e-05,0.00030607698,3.3354136e-05,0.008243334,0.9790481,6.2406534e-06,0.9790481
pamap2,gnn_flatten_lstm,sequence,3,103,103,104,1500,9487,9487,10,10,17,17,ironing,ironing,True,8.1483595e-05,0.0074254065,0.0037041411,8.7615645e-06,3.5145666e-05,0.00143256,4.4886794e-05,0.0002840024,3.0810166e-05,0.0077307685,0.97921616,5.8529763e-06,0.97921616
pamap2,gnn_flatten_lstm,sequence,3,103,103,104,1501,9488,9488,10,10,17,17,ironing,ironing,True,6.5231856e-05,0.0063882973,0.0028773972,6.8481577e-06,2.9365308e-05,0.0013432091,3.5483466e-05,0.00023898669,2.480682e-05,0.0071774577,0.98180836,4.5591382e-06,0.98180836
pamap2,gnn_flatten_lstm,sequence,3,103,103,104,1502,9489,9489,10,10,17,17,ironing,ironing,True,5.3055566e-05,0.0054465644,0.0023079554,5.7605525e-06,2.5547637e-05,0.0012875228,2.894554e-05,0.00021670184,2.1648013e-05,0.006675049,0.9839274,3.6983706e-06,0.9839274
pamap2,gnn_flatten_lstm,sequence,3,103,103,104,1503,9490,9490,10,10,17,17,ironing,ironing,True,4.8496655e-05,0.005071887,0.0020539125,5.361523e-06,2.4216815e-05,0.0012530936,2.685808e-05,0.0002080623,1.9970921e-05,0.006686436,0.9845983,3.3741385e-06,0.9845983
pamap2,gnn_flatten_lstm,sequence,3,103,103,104,1504,9491,9491,10,10,17,17,ironing,ironing,True,6.622924e-05,0.006484536,0.003127277,7.655099e-06,3.0688014e-05,0.0012889542,3.855896e-05,0.00027397563,2.6988537e-05,0.007463377,0.9811871,4.7087497e-06,0.9811871
pamap2,gnn_flatten_lstm,sequence,3,103,103,104,1505,9492,9492,10,10,17,17,ironing,ironing,True,8.3067156e-05,0.0077749873,0.0043899994,1.02469485e-05,3.7383932e-05,0.0013425284,5.070869e-05,0.00033863532,3.4416906e-05,0.008068164,0.9778636,6.162519e-06,0.9778636
pamap2,gnn_flatten_lstm,sequence,3,103,103,104,1506,9493,9493,10,10,17,17,ironing,ironing,True,0.00013084323,0.011338882,0.007980766,1.8234105e-05,5.6953584e-05,0.0015718035,8.519419e-05,0.00052764197,5.6953475e-05,0.009406097,0.9688159,1.0759662e-05,0.9688159
pamap2,gnn_flatten_lstm,sequence,3,103,103,104,1507,9494,9494,10,10,17,17,ironing,ironing,True,0.00020780043,0.016674517,0.01443256,3.278687e-05,8.8455774e-05,0.0018515601,0.00014445001,0.0008176263,9.30627e-05,0.011237597,0.9544004,1.9035942e-05,0.9544004
pamap2,gnn_flatten_lstm,sequence,3,103,103,104,1508,9495,9495,10,10,17,17,ironing,ironing,True,0.00019912477,0.014764802,0.012020103,3.117287e-05,9.239916e-05,0.0020189814,0.00013819487,0.00075336546,8.99264e-05,0.011694203,0.9581787,1.9064553e-05,0.9581787
pamap2,gnn_flatten_lstm,sequence,3,103,103,104,1509,9496,9496,10,10,17,17,ironing,ironing,True,0.00017799514,0.012274681,0.009106827,2.6756281e-05,8.6241605e-05,0.0020540105,0.00011963256,0.0006501029,7.8968296e-05,0.011708339,0.9636998,1.6788774e-05,0.9636998
pamap2,gnn_flatten_lstm,sequence,3,103,103,104,1510,9497,9497,10,10,17,17,ironing,ironing,True,0.00021326245,0.013850189,0.011200864,3.330045e-05,9.997001e-05,0.002146874,0.00014456519,0.00075491454,9.4313975e-05,0.01246709,0.9589739,2.0718033e-05,0.9589739
pamap2,gnn_flatten_lstm,sequence,3,103,103,104,1511,9498,9498,10,10,17,17,ironing,ironing,True,0.0002968019,0.017597888,0.016647564,5.0010436e-05,0.00013538974,0.0023852333,0.00020831921,0.0010077594,0.00013220779,0.01421435,0.9472935,3.0955176e-05,0.9472935
pamap2,gnn_flatten_lstm,sequence,3,103,103,104,1512,9499,9499,10,10,17,17,ironing,ironing,True,0.0004802612,0.026426751,0.030929692,8.854512e-05,0.00020581645,0.0027308995,0.0003536226,0.0015182534,0.00021260467,0.016767712,0.9202312,5.4551172e-05,0.9202312
pamap2,gnn_flatten_lstm,sequence,3,103,103,104,1513,9500,9500,10,10,17,17,ironing,ironing,True,0.00058358617,0.030820329,0.03808842,0.00010889664,0.0002523281,0.003017089,0.0004349487,0.0017262442,0.00025473698,0.018376958,0.90626734,6.9087604e-05,0.90626734
pamap2,gnn_flatten_lstm,sequence,3,103,103,104,1514,9501,9501,10,10,17,17,ironing,ironing,True,0.0004907929,0.026328,0.029743046,8.631696e-05,0.0002150845,0.002887988,0.0003575903,0.0014753402,0.00021154969,0.017160114,0.92098784,5.6310233e-05,0.92098784
pamap2,gnn_flatten_lstm,sequence,3,103,103,104,1515,9502,9502,10,10,17,17,ironing,ironing,True,0.0005559899,0.029232578,0.03400481,0.000100479854,0.00024406792,0.0030012096,0.00041548407,0.001640244,0.0002403115,0.018105358,0.9123946,6.4907465e-05,0.9123946
pamap2,gnn_flatten_lstm,sequence,3,103,103,104,1516,9503,9503,10,10,17,17,ironing,ironing,True,0.0006261807,0.034071214,0.04155496,0.00012127252,0.00027537387,0.0030940883,0.0004871601,0.0018885251,0.00028279572,0.018619254,0.8989034,7.575388e-05,0.8989034
pamap2,gnn_flatten_lstm,sequence,3,103,103,104,1517,9504,9504,10,10,17,17,ironing,ironing,True,0.00040363678,0.02227066,0.021804111,6.8391026e-05,0.00018744674,0.0028331482,0.00029378547,0.0012361542,0.00017509903,0.016261676,0.9344202,4.573856e-05,0.9344202
pamap2,gnn_flatten_lstm,sequence,3,103,103,104,1518,9505,9505,10,10,17,17,ironing,ironing,True,0.00033409955,0.018264031,0.015871545,5.244032e-05,0.00015820615,0.0027476095,0.0002319867,0.0009988501,0.00014000713,0.015479578,0.9456856,3.600031e-05,0.9456856
pamap2,gnn_flatten_lstm,sequence,3,103,103,104,1519,9506,9506,10,10,17,17,ironing,ironing,True,0.00034300468,0.018681774,0.01661834,5.4611504e-05,0.00016228622,0.0028088696,0.000238362,0.0010370091,0.00014641302,0.0154559,0.9444161,3.7334907e-05,0.9444161
pamap2,gnn_flatten_lstm,sequence,3,103,103,104,1520,9507,9507,10,10,17,17,ironing,ironing,True,0.00029850658,0.017407767,0.015165054,4.8368256e-05,0.000142363,0.0026898293,0.00020632468,0.00097265095,0.00013398392,0.014232467,0.94867057,3.216841e-05,0.94867057
pamap2,gnn_flatten_lstm,sequence,3,103,103,104,1521,9508,9508,10,10,17,17,ironing,ironing,True,0.00022862597,0.014302078,0.011255964,3.5916415e-05,0.00011184148,0.002495766,0.00015351447,0.0007946644,0.00010533834,0.012697811,0.9577949,2.3526587e-05,0.9577949
pamap2,gnn_flatten_lstm,sequence,3,103,103,104,1522,9509,9509,10,10,17,17,ironing,ironing,True,0.00013304398,0.009131928,0.0055186944,1.8426312e-05,6.809689e-05,0.0020203118,8.3481646e-05,0.00048116568,5.746256e-05,0.010748451,0.9717272,1.1809181e-05,0.9717272
pamap2,gnn_flatten_lstm,sequence,3,103,103,104,1523,9510,9510,10,10,17,17,ironing,ironing,True,0.00013022698,0.009474568,0.005945448,1.7845954e-05,6.306417e-05,0.0018745918,8.1351405e-05,0.00047420955,5.6480563e-05,0.010084749,0.9717862,1.1316599e-05,0.9717862
pamap2,gnn_flatten_lstm,sequence,3,103,103,104,1524,9511,9511,10,10,17,17,ironing,ironing,True,0.00012326123,0.00937014,0.005824292,1.6910777e-05,5.938282e-05,0.0018130871,7.717103e-05,0.0004608016,5.4221367e-05,0.009700625,0.9724894,1.0654361e-05,0.9724894
pamap2,gnn_flatten_lstm,sequence,3,103,103,104,1525,9512,9512,10,10,17,17,ironing,ironing,True,8.743428e-05,0.0071766335,0.0036756117,1.1297643e-05,4.4721928e-05,0.0016661563,5.2575288e-05,0.00034836866,3.8404207e-05,0.008687661,0.978204,7.0979077e-06,0.978204
pamap2,gnn_flatten_lstm,sequence,3,103,103,104,1526,9513,9513,10,10,17,17,ironing,ironing,True,6.35081e-05,0.005894639,0.002696141,7.889143e-06,3.2950644e-05,0.0014702836,3.68627e-05,0.00027616986,2.8592005e-05,0.007443123,0.98204505,4.871655e-06,0.98204505
pamap2,gnn_flatten_lstm,sequence,3,103,103,104,1527,9514,9514,10,10,17,17,ironing,ironing,True,6.278012e-05,0.005954963,0.0028429653,7.789694e-06,3.170592e-05,0.001415346,3.6142403e-05,0.0002775751,2.8994882e-05,0.007108335,0.9822286,4.736364e-06,0.9822286
pamap2,gnn_flatten_lstm,sequence,3,103,103,104,1528,9515,9515,10,10,17,17,ironing,ironing,True,6.453491e-05,0.0058628772,0.003011321,8.391863e-06,3.3075445e-05,0.0014025628,3.7781665e-05,0.00030279992,3.1084248e-05,0.0073344707,0.9819063,4.8596357e-06,0.9819063
pamap2,gnn_flatten_lstm,sequence,3,103,103,104,1529,9516,9516,10,10,17,17,ironing,ironing,True,6.738653e-05,0.0057744253,0.0030582706,9.52781e-06,3.6395835e-05,0.0014732291,4.046171e-05,0.00035290542,3.5136585e-05,0.0077835913,0.98136353,5.211368e-06,0.98136353
pamap2,gnn_flatten_lstm,sequence,3,103,103,104,1530,9517,9517,10,10,17,17,ironing,ironing,True,6.232393e-05,0.00541129,0.0027483641,8.497523e-06,3.3699216e-05,0.0014094543,3.724042e-05,0.00032287676,3.1036405e-05,0.0077780653,0.9821525,4.683398e-06,0.9821525
pamap2,gnn_flatten_lstm,sequence,3,103,103,104,1531,9518,9518,10,10,17,17,ironing,ironing,True,7.8428646e-05,0.006688654,0.004129913,1.1169161e-05,3.80205e-05,0.0013849105,4.7593658e-05,0.00038540515,3.843013e-05,0.008053478,0.97913796,5.977076e-06,0.97913796
pamap2,gnn_flatten_lstm,sequence,3,103,103,104,1532,9519,9519,10,10,17,17,ironing,ironing,True,9.346397e-05,0.007568105,0.0049292794,1.2980958e-05,4.39565e-05,0.0014505798,5.7769812e-05,0.00040978883,4.273497e-05,0.008595266,0.9767889,7.2999505e-06,0.9767889
pamap2,gnn_flatten_lstm,sequence,3,103,103,104,1533,9520,9520,10,10,17,17,ironing,ironing,True,9.696641e-05,0.0076714363,0.0050295517,1.3139957e-05,4.476732e-05,0.0014298081,5.982092e-05,0.00040368317,4.2066677e-05,0.0088635115,0.97633785,7.467897e-06,0.97633785
pamap2,gnn_flatten_lstm,sequence,3,103,103,104,1534,9521,9521,10,10,17,17,ironing,ironing,True,0.000119697586,0.009011309,0.0063359374,1.6218473e-05,5.2550262e-05,0.0014575784,7.510383e-05,0.0004726954,4.908258e-05,0.009720586,0.97268,9.186652e-06,0.97268
pamap2,gnn_flatten_lstm,sequence,3,103,103,104,1535,9522,9522,10,10,17,17,ironing,ironing,True,0.00018986638,0.012564815,0.010601235,2.7492708e-05,7.895057e-05,0.0016362091,0.00012428004,0.00069319416,7.3954456e-05,0.0119654825,0.9620291,1.5279758e-05,0.9620291
pamap2,gnn_flatten_lstm,sequence,3,103,103,104,1536,9523,9523,10,10,17,17,ironing,ironing,True,0.00041444472,0.024080504,0.028839946,6.8104826e-05,0.00015265317,0.001965771,0.00028678344,0.0013652393,0.00015684133,0.015707478,0.92692465,3.7519487e-05,0.92692465
pamap2,gnn_flatten_lstm,sequence,3,103,103,104,1537,9524,9524,9,10,16,17,vacuum_cleaning,ironing,False,0.0013712802,0.08169008,0.19399561,0.00036171085,0.00045515745,0.0023182775,0.0011007638,0.004234171,0.0005983186,0.022558691,0.6911581,0.00015788163,0.6911581
pamap2,gnn_flatten_lstm,sequence,3,103,103,104,1538,9525,9525,9,10,16,17,vacuum_cleaning,ironing,False,0.0021219612,0.12214305,0.37631446,0.0007647909,0.00076286064,0.0022119791,0.0019915218,0.0063710553,0.0010109972,0.023786495,0.46222493,0.00029583278,0.46222493
pamap2,gnn_flatten_lstm,sequence,3,103,103,104,1539,9526,9526,9,2,16,3,vacuum_cleaning,standing,False,0.0025988733,0.13968182,0.46853885,0.0011398498,0.0010355118,0.0022046152,0.0027062073,0.007824063,0.0013981423,0.023384413,0.34907788,0.0004097615,0.46853885
pamap2,gnn_flatten_lstm,sequence,3,103,103,104,1540,9527,9527,9,2,16,3,vacuum_cleaning,standing,False,0.0030968767,0.14910403,0.48033848,0.001418761,0.0013691904,0.0024831544,0.0033547676,0.008738162,0.0016971603,0.025143782,0.32273382,0.0005217728,0.48033848
pamap2,gnn_flatten_lstm,sequence,3,103,103,104,1541,9528,9528,9,2,16,3,vacuum_cleaning,standing,False,0.0034529376,0.15596497,0.4489937,0.0015685699,0.0016372299,0.00294414,0.003838546,0.009350223,0.0018796216,0.027289052,0.34247413,0.00060683413,0.4489937
pamap2,gnn_flatten_lstm,sequence,3,103,103,104,1542,9529,9529,9,2,16,3,vacuum_cleaning,standing,False,0.003926923,0.16642125,0.49852884,0.0020009703,0.0020365226,0.0028670286,0.004619669,0.010533383,0.00223881,0.026542446,0.2795585,0.0007257312,0.49852884
pamap2,gnn_flatten_lstm,sequence,3,103,103,104,1543,9530,9530,9,2,16,3,vacuum_cleaning,standing,False,0.00412849,0.16719183,0.40416712,0.0017883491,0.002141469,0.0036364337,0.0046363007,0.009818455,0.0020784917,0.031940114,0.36773217,0.0007407126,0.40416712
pamap2,gnn_flatten_lstm,sequence,3,103,103,104,1544,9531,9531,9,10,16,17,vacuum_cleaning,ironing,False,0.0033814874,0.11365864,0.19978793,0.0009040958,0.0016024313,0.0042778407,0.003321882,0.006660319,0.0011174334,0.04331823,0.6214978,0.00047190397,0.6214978
pamap2,gnn_flatten_lstm,sequence,3,103,103,104,1545,9532,9532,9,10,16,17,vacuum_cleaning,ironing,False,0.0033096333,0.07461055,0.11390727,0.00061995385,0.0013857342,0.0038470929,0.0029188467,0.005567359,0.00066957343,0.062265206,0.7305577,0.0003410779,0.7305577
pamap2,gnn_flatten_lstm,sequence,3,103,103,104,1546,9533,9533,9,10,16,17,vacuum_cleaning,ironing,False,0.0030453275,0.05864553,0.092846125,0.00048343287,0.0011390634,0.0031814813,0.002303875,0.0050362903,0.0004964813,0.07269095,0.75989467,0.00023673954,0.75989467
pamap2,gnn_flatten_lstm,sequence,3,103,103,104,1547,9534,9534,9,10,16,17,vacuum_cleaning,ironing,False,0.0014557724,0.033154763,0.041977,0.0001609798,0.00047052887,0.0025304228,0.00085161283,0.0024783749,0.00022688828,0.05111861,0.8654884,8.671018e-05,0.8654884
pamap2,gnn_flatten_lstm,sequence,3,103,103,104,1548,9535,9535,9,10,16,17,vacuum_cleaning,ironing,False,0.0007952344,0.021800334,0.020808157,7.5555865e-05,0.00023426226,0.0021312884,0.00038113975,0.0015244412,0.00012769017,0.04067556,0.91140735,3.8901726e-05,0.91140735
pamap2,gnn_flatten_lstm,sequence,3,103,103,104,1549,9536,9536,9,10,16,17,vacuum_cleaning,ironing,False,0.0006941786,0.020614386,0.014452088,6.319305e-05,0.00020373965,0.0019208224,0.00028689782,0.0013492807,8.9167675e-05,0.05749019,0.9028099,2.6126718e-05,0.9028099
pamap2,gnn_flatten_lstm,sequence,3,103,103,104,1550,9537,9537,9,10,16,17,vacuum_cleaning,ironing,False,0.0010391125,0.026013637,0.012223844,0.000113472524,0.00036602144,0.0020799232,0.00040822907,0.0018197406,8.419135e-05,0.20163615,0.75418717,2.8550574e-05,0.75418717
pamap2,gnn_flatten_lstm,sequence,3,103,103,104,1551,9538,9538,9,9,16,16,vacuum_cleaning,vacuum_cleaning,True,0.0012099284,0.026574744,0.0071942587,0.00013858522,0.00048151065,0.0016666985,0.000488404,0.0016930106,6.216385e-05,0.56084085,0.39962253,2.7247546e-05,0.56084085
pamap2,gnn_flatten_lstm,sequence,3,103,103,104,1552,9539,9539,9,9,16,16,vacuum_cleaning,vacuum_cleaning,True,0.00093531347,0.020125534,0.0040091947,9.2149356e-05,0.00038448276,0.0010505792,0.0003654403,0.0010624807,3.909373e-05,0.7550218,0.21689542,1.8602781e-05,0.7550218
pamap2,gnn_flatten_lstm,sequence,3,103,103,104,1553,9540,9540,9,9,16,16,vacuum_cleaning,vacuum_cleaning,True,0.0008906726,0.01553517,0.0024756733,9.013104e-05,0.00032575612,0.00048052537,0.00034932766,0.00078052847,3.1231262e-05,0.91242546,0.06659882,1.6694808e-05,0.91242546
pamap2,gnn_flatten_lstm,sequence,3,103,103,104,1554,9541,9541,9,9,16,16,vacuum_cleaning,vacuum_cleaning,True,0.00048970967,0.00605975,0.00048706733,7.196209e-05,0.000199436,0.0001735889,0.00028078243,0.00033552994,1.4865746e-05,0.9850181,0.0068587163,1.0540026e-05,0.9850181
pamap2,gnn_flatten_lstm,sequence,3,103,103,104,1555,9542,9542,9,9,16,16,vacuum_cleaning,vacuum_cleaning,True,0.00031584926,0.0035549991,0.00021321839,5.7971618e-05,0.00016913352,0.00015014985,0.00023267532,0.00020126041,1.00160005e-05,0.9916967,0.0033903476,7.726255e-06,0.9916967
pamap2,gnn_flatten_lstm,sequence,3,103,103,104,1556,9543,9543,9,9,16,16,vacuum_cleaning,vacuum_cleaning,True,0.000190483,0.0018568466,8.0608435e-05,4.806433e-05,0.00014519166,0.00013608937,0.00019826167,0.000105451945,6.2881486e-06,0.9957917,0.001435408,5.619822e-06,0.9957917
pamap2,gnn_flatten_lstm,sequence,3,103,103,104,1557,9544,9544,9,9,16,16,vacuum_cleaning,vacuum_cleaning,True,0.00015336824,0.0011480525,4.0569765e-05,5.5394154e-05,0.0001408526,0.00010594723,0.00020880609,7.142659e-05,4.8274997e-06,0.9975248,0.0005406249,5.3973467e-06,0.9975248
pamap2,gnn_flatten_lstm,sequence,3,103,103,104,1558,9545,9545,9,9,16,16,vacuum_cleaning,vacuum_cleaning,True,0.00014087991,0.0010128447,3.4989014e-05,5.7092748e-05,0.00013788548,9.664121e-05,0.00020002517,6.731316e-05,4.470775e-06,0.9977981,0.000444692,5.15476e-06,0.9977981
pamap2,gnn_flatten_lstm,sequence,3,103,103,104,1559,9546,9546,9,9,16,16,vacuum_cleaning,vacuum_cleaning,True,0.00013531337,0.0010611356,3.614061e-05,5.3430143e-05,0.00013339694,0.00010205499,0.0001915903,6.779978e-05,4.4154294e-06,0.9977126,0.000497203,4.8752804e-06,0.9977126
pamap2,gnn_flatten_lstm,sequence,3,103,103,104,1560,9547,9547,9,9,16,16,vacuum_cleaning,vacuum_cleaning,True,0.00012946076,0.0010237249,3.547282e-05,5.2366322e-05,0.00013186141,9.962033e-05,0.00018385999,6.634645e-05,4.2640745e-06,0.99778277,0.00048544985,4.740113e-06,0.99778277
pamap2,gnn_flatten_lstm,sequence,3,103,103,104,1561,9548,9548,9,9,16,16,vacuum_cleaning,vacuum_cleaning,True,0.00013774192,0.0010811746,4.032752e-05,5.6238056e-05,0.00013385464,9.709876e-05,0.00018150854,7.472561e-05,4.659056e-06,0.99765897,0.00052875926,4.9437904e-06,0.99765897
pamap2,gnn_flatten_lstm,sequence,3,103,103,104,1562,9549,9549,9,9,16,16,vacuum_cleaning,vacuum_cleaning,True,0.00025085622,0.001616497,6.835539e-05,0.0001446551,0.00019658558,9.37004e-05,0.00032937308,0.00015822357,9.939768e-06,0.99665594,0.0004653316,1.0367065e-05,0.99665594
pamap2,gnn_flatten_lstm,sequence,3,103,103,104,1563,9550,9550,9,9,16,16,vacuum_cleaning,vacuum_cleaning,True,0.00047684598,0.0027542647,0.00015164862,0.00041179027,0.00028229147,8.750373e-05,0.0005789716,0.00041418272,2.204782e-05,0.994371,0.00042781368,2.1660115e-05,0.994371
pamap2,gnn_flatten_lstm,sequence,3,103,103,104,1564,9551,9551,9,9,16,16,vacuum_cleaning,vacuum_cleaning,True,0.00076813786,0.0048279436,0.00031851852,0.0004470536,0.00030499377,0.00012448693,0.0007625968,0.00052272616,2.93057e-05,0.99110425,0.0007589257,3.106216e-05,0.99110425
pamap2,gnn_flatten_lstm,sequence,3,103,103,104,1565,9552,9552,9,9,16,16,vacuum_cleaning,vacuum_cleaning,True,0.0010297167,0.007106643,0.0005594829,0.00043005613,0.00035747964,0.00018554661,0.0008886075,0.00067894737,3.8110327e-05,0.9871973,0.0014903503,3.781447e-05,0.9871973
pamap2,gnn_flatten_lstm,sequence,3,103,103,104,1566,9553,9553,9,9,16,16,vacuum_cleaning,vacuum_cleaning,True,0.0006947932,0.0045794924,0.00031450295,0.00029238957,0.00031413068,0.00014954961,0.00059853256,0.0004568557,2.4286559e-05,0.99137044,0.0011797816,2.533479e-05,0.99137044
pamap2,gnn_flatten_lstm,sequence,3,103,103,104,1567,9554,9554,9,9,16,16,vacuum_cleaning,vacuum_cleaning,True,0.0005951209,0.0038119622,0.00026765632,0.00026609536,0.00029638808,0.00012947025,0.00046903032,0.0004336469,2.0599244e-05,0.992595,0.0010937377,2.1253825e-05,0.992595
pamap2,gnn_flatten_lstm,sequence,3,103,103,104,1568,9555,9555,9,9,16,16,vacuum_cleaning,vacuum_cleaning,True,0.00092972646,0.007247474,0.00067320967,0.00033087216,0.00033056908,0.00017161167,0.00059001334,0.0007915516,3.2515756e-05,0.9863668,0.0025062812,2.9269024e-05,0.9863668
pamap2,gnn_flatten_lstm,sequence,3,103,103,104,1569,9556,9556,9,9,16,16,vacuum_cleaning,vacuum_cleaning,True,0.0011414508,0.009470878,0.0011322856,0.0003844033,0.0003357615,0.0001537636,0.0005808719,0.0011190567,3.837376e-05,0.98234487,0.0032652987,3.3025775e-05,0.98234487
pamap2,gnn_flatten_lstm,sequence,3,103,103,104,1570,9557,9557,9,9,16,16,vacuum_cleaning,vacuum_cleaning,True,0.0018864396,0.01646115,0.0029953974,0.00046149705,0.00040305557,0.00018112826,0.00070389226,0.0018442927,5.8649606e-05,0.9679263,0.0070322836,4.5888995e-05,0.9679263
pamap2,gnn_flatten_lstm,sequence,3,103,103,104,1571,9558,9558,9,9,16,16,vacuum_cleaning,vacuum_cleaning,True,0.0030355905,0.019748446,0.004486387,0.0005389842,0.0005832001,0.00022183423,0.0009666431,0.002060731,7.4632626e-05,0.9593197,0.0088920565,7.177514e-05,0.9593197
pamap2,gnn_flatten_lstm,sequence,3,103,103,104,1572,9559,9559,9,9,16,16,vacuum_cleaning,vacuum_cleaning,True,0.0023114104,0.013261522,0.0021709437,0.00033901157,0.0005109056,0.00021977127,0.0008428182,0.0010130074,5.0428993e-05,0.97257936,0.006645182,5.5665743e-05,0.97257936
pamap2,gnn_flatten_lstm,sequence,3,103,103,104,1573,9560,9560,9,9,16,16,vacuum_cleaning,vacuum_cleaning,True,0.0013233639,0.011868459,0.0015817247,0.00015545308,0.00038061896,0.00028765047,0.0005331923,0.0006765911,3.2963206e-05,0.9700159,0.013114586,2.9537292e-05,0.9700159
pamap2,gnn_flatten_lstm,sequence,3,103,103,104,1574,9561,9561,9,9,16,16,vacuum_cleaning,vacuum_cleaning,True,0.00022368607,0.0020550748,8.911086e-05,5.7265675e-05,0.00016246804,0.00013248551,0.00022283183,0.000119797,7.069321e-06,0.9957203,0.0012029249,7.0009273e-06,0.9957203
pamap2,gnn_flatten_lstm,sequence,3,103,103,104,1575,9562,9562,9,9,16,16,vacuum_cleaning,vacuum_cleaning,True,0.00014336327,0.0012085312,4.290701e-05,5.5415978e-05,0.00014806399,0.00011026407,0.00019167739,8.092682e-05,5.1415273e-06,0.99744296,0.0005652726,5.468776e-06,0.99744296
pamap2,gnn_flatten_lstm,sequence,3,103,103,104,1576,9563,9563,9,9,16,16,vacuum_cleaning,vacuum_cleaning,True,0.00013246611,0.0012631238,4.1879663e-05,4.566922e-05,0.00014291577,0.00012956449,0.00018470827,7.476103e-05,4.845529e-06,0.9972907,0.000684261,4.972771e-06,0.9972907
pamap2,gnn_flatten_lstm,sequence,3,103,103,104,1577,9564,9564,9,9,16,16,vacuum_cleaning,vacuum_cleaning,True,0.00012894989,0.0012802811,4.250731e-05,4.418493e-05,0.00013754517,0.0001370152,0.00018379127,7.2943665e-05,4.751931e-06,0.99721104,0.0007522112,4.713661e-06,0.99721104
pamap2,gnn_flatten_lstm,sequence,3,103,103,104,1578,9565,9565,9,9,16,16,vacuum_cleaning,vacuum_cleaning,True,0.000117259464,0.0011462813,3.647706e-05,4.3832377e-05,0.0001311284,0.00012111027,0.00017592224,6.663794e-05,4.263411e-06,0.9975495,0.00060332,4.378832e-06,0.9975495
pamap2,gnn_flatten_lstm,sequence,3,103,103,104,1579,9566,9566,9,9,16,16,vacuum_cleaning,vacuum_cleaning,True,0.00011422093,0.0012083582,3.5567464e-05,4.011857e-05,0.00013908303,0.00014875086,0.0001938684,6.264517e-05,4.2323354e-06,0.99739254,0.00065603293,4.5582e-06,0.99739254
pamap2,gnn_flatten_lstm,sequence,3,103,103,104,1580,9567,9567,9,9,16,16,vacuum_cleaning,vacuum_cleaning,True,0.00010949208,0.0011766008,3.414378e-05,3.9851562e-05,0.00014672424,0.00015703443,0.00019928288,6.1012062e-05,4.1343365e-06,0.99744666,0.0006204279,4.5932925e-06,0.99744666
pamap2,gnn_flatten_lstm,sequence,3,103,103,104,1581,9568,9568,9,9,16,16,vacuum_cleaning,vacuum_cleaning,True,9.934261e-05,0.0011983205,3.3372882e-05,3.7433932e-05,0.0001498773,0.00017801682,0.00020634643,5.920686e-05,4.0832942e-06,0.99737996,0.0006496233,4.4381686e-06,0.99737996
pamap2,gnn_flatten_lstm,sequence,3,103,103,104,1582,9569,9569,9,9,16,16,vacuum_cleaning,vacuum_cleaning,True,9.365844e-05,0.0013742639,3.6878744e-05,3.416335e-05,0.00015696928,0.00024054704,0.00022394375,6.032315e-05,4.257896e-06,0.99687684,0.00089370494,4.5376837e-06,0.99687684
pamap2,gnn_flatten_lstm,sequence,3,103,103,104,1583,9570,9570,9,9,16,16,vacuum_cleaning,vacuum_cleaning,True,9.3642186e-05,0.0011545741,3.2264063e-05,3.653195e-05,0.0001380762,0.00016442193,0.00019089655,5.7550933e-05,3.81664e-06,0.9974759,0.00064805365,4.087139e-06,0.9974759
pamap2,gnn_flatten_lstm,sequence,3,103,103,104,1584,9571,9571,9,9,16,16,vacuum_cleaning,vacuum_cleaning,True,9.730553e-05,0.0011374498,3.3097447e-05,3.8640774e-05,0.00013554211,0.00015300601,0.00018401566,5.982398e-05,3.877468e-06,0.99750155,0.00065157324,4.054679e-06,0.99750155
pamap2,gnn_flatten_lstm,sequence,3,103,103,104,1585,9572,9572,9,9,16,16,vacuum_cleaning,vacuum_cleaning,True,0.00013351068,0.0012689001,3.7100323e-05,5.484678e-05,0.0001407856,0.00013523681,0.00024423224,6.521538e-05,4.587852e-06,0.99736977,0.00054040225,5.5381242e-06,0.99736977
pamap2,gnn_flatten_lstm,sequence,3,103,103,104,1586,9573,9573,9,9,16,16,vacuum_cleaning,vacuum_cleaning,True,0.00014075864,0.0011149412,3.2163713e-05,5.7040987e-05,0.0001352327,0.00010418847,0.00024065797,5.974909e-05,4.1827047e-06,0.997719,0.00038659706,5.528916e-06,0.997719
pamap2,gnn_flatten_lstm,sequence,3,103,103,104,1587,9574,9574,9,9,16,16,vacuum_cleaning,vacuum_cleaning,True,0.00012608318,0.0010461145,2.9278042e-05,4.9010927e-05,0.00013114314,0.000105825544,0.00021944361,5.490445e-05,3.767887e-06,0.9978416,0.000387874,4.896993e-06,0.9978416
pamap2,gnn_flatten_lstm,sequence,3,103,103,104,1588,9575,9575,9,9,16,16,vacuum_cleaning,vacuum_cleaning,True,0.00011809042,0.00095172855,2.8256149e-05,4.9718423e-05,0.00013181216,9.923218e-05,0.0001994884,5.500657e-05,3.6527504e-06,0.9979944,0.00036389142,4.743276e-06,0.9979944
pamap2,gnn_flatten_lstm,sequence,3,103,103,104,1589,9576,9576,9,9,16,16,vacuum_cleaning,vacuum_cleaning,True,0.00013267803,0.0008975647,2.874033e-05,5.5677036e-05,0.00013039564,8.071994e-05,0.0001989343,5.6735596e-05,3.6568197e-06,0.9981034,0.00030645533,5.0240055e-06,0.9981034
pamap2,gnn_flatten_lstm,sequence,3,103,103,104,1590,9577,9577,9,9,16,16,vacuum_cleaning,vacuum_cleaning,True,0.00015136949,0.00096634857,3.1331256e-05,6.1582185e-05,0.0001305011,7.683267e-05,0.00021657467,6.113431e-05,3.939898e-06,0.99798703,0.0003076961,5.4814636e-06,0.99798703
pamap2,gnn_flatten_lstm,sequence,3,103,103,104,1591,9578,9578,9,9,16,16,vacuum_cleaning,vacuum_cleaning,True,0.00021617085,0.0013029414,4.6267392e-05,8.6255975e-05,0.00013998777,7.4299736e-05,0.00027812587,8.493101e-05,5.485925e-06,0.997421,0.0003370621,7.4128347e-06,0.997421
pamap2,gnn_flatten_lstm,sequence,3,103,103,104,1592,9579,9579,9,9,16,16,vacuum_cleaning,vacuum_cleaning,True,0.0002812097,0.0017840056,6.9259906e-05,9.856067e-05,0.0001522063,8.099574e-05,0.0003248353,0.00011152411,6.912961e-06,0.99664485,0.0004367378,8.935224e-06,0.99664485
pamap2,gnn_flatten_lstm,sequence,3,103,103,104,1593,9580,9580,9,9,16,16,vacuum_cleaning,vacuum_cleaning,True,0.00030767324,0.0020159287,8.324526e-05,0.00010165735,0.00016391753,9.180658e-05,0.00034317703,0.00012512215,7.7562e-06,0.9962204,0.00052970025,9.65537e-06,0.9962204
pamap2,gnn_flatten_lstm,sequence,3,103,103,104,1594,9581,9581,9,9,16,16,vacuum_cleaning,vacuum_cleaning,True,0.00030017193,0.0020875311,8.689403e-05,9.2695576e-05,0.00017341763,0.000109558634,0.00033673923,0.00012666578,7.975019e-06,0.99600947,0.0006591799,9.51846e-06,0.99600947
pamap2,gnn_flatten_lstm,sequence,3,103,103,104,1595,9582,9582,9,9,16,16,vacuum_cleaning,vacuum_cleaning,True,0.00026821112,0.0019750968,8.582899e-05,8.870192e-05,0.00018846209,0.00013667918,0.0003083278,0.00013045638,8.4049825e-06,0.99596244,0.0008384369,9.070549e-06,0.99596244
pamap2,gnn_flatten_lstm,sequence,3,103,103,104,1596,9583,9583,9,9,16,16,vacuum_cleaning,vacuum_cleaning,True,0.00025986455,0.001882274,8.2401595e-05,9.0488546e-05,0.00019385248,0.00013375342,0.00029274006,0.0001368847,8.727343e-06,0.99609584,0.000814044,9.153348e-06,0.99609584
pamap2,gnn_flatten_lstm,sequence,3,103,103,104,1597,9584,9584,9,9,16,16,vacuum_cleaning,vacuum_cleaning,True,0.00027099505,0.0019373304,8.782697e-05,9.380704e-05,0.00019691426,0.00013037487,0.00028699997,0.00014920706,9.1767315e-06,0.99598867,0.0008394158,9.343993e-06,0.99598867
pamap2,gnn_flatten_lstm,sequence,3,103,103,104,1598,9585,9585,9,9,16,16,vacuum_cleaning,vacuum_cleaning,True,0.00026526206,0.002067291,9.990471e-05,8.364604e-05,0.00019592149,0.00015305688,0.00027316585,0.00014956694,9.156469e-06,0.99549687,0.0011975288,8.683137e-06,0.99549687
pamap2,gnn_flatten_lstm,sequence,3,103,103,104,1599,9586,9586,9,9,16,16,vacuum_cleaning,vacuum_cleaning,True,0.0003194989,0.003293014,0.00019921936,6.827533e-05,0.00020736882,0.00022101514,0.0002608343,0.00021103575,1.1328483e-05,0.9915244,0.003675206,8.7093895e-06,0.9915244
pamap2,gnn_flatten_lstm,sequence,3,103,103,104,1600,9587,9587,9,9,16,16,vacuum_cleaning,vacuum_cleaning,True,0.0007396988,0.012306013,0.0014553793,6.954472e-05,0.00030628964,0.00051931664,0.00035409286,0.0006230249,2.8050441e-05,0.94011855,0.043464582,1.5384201e-05,0.94011855
pamap2,gnn_flatten_lstm,sequence,3,103,103,104,1601,9588,9588,9,9,16,16,vacuum_cleaning,vacuum_cleaning,True,0.0009099293,0.019287435,0.0034736698,8.598362e-05,0.00037771667,0.0010231304,0.00038553492,0.0011124937,4.639694e-05,0.81669956,0.15657778,2.0355797e-05,0.81669956
pamap2,gnn_flatten_lstm,sequence,3,103,103,104,1602,9589,9589,9,9,16,16,vacuum_cleaning,vacuum_cleaning,True,0.0004508678,0.009651136,0.00095174846,5.8847472e-05,0.0002834374,0.0007164319,0.00029733006,0.00046776538,2.0843781e-05,0.93734825,0.049741127,1.213813e-05,0.93734825
pamap2,gnn_flatten_lstm,sequence,3,103,103,104,1603,9590,9590,9,9,16,16,vacuum_cleaning,vacuum_cleaning,True,0.00022610952,0.003928076,0.00024114725,5.0535837e-05,0.00023075084,0.0004019759,0.00022863764,0.00021692752,1.0620035e-05,0.9849135,0.009543711,7.859679e-06,0.9849135
pamap2,gnn_flatten_lstm,sequence,3,103,103,104,1604,9591,9591,9,9,16,16,vacuum_cleaning,vacuum_cleaning,True,0.00015763669,0.0021059678,9.867447e-05,4.6712063e-05,0.00018153392,0.0002265418,0.00018590958,0.0001282789,6.900433e-06,0.9941766,0.0026792295,5.835031e-06,0.9941766
pamap2,gnn_flatten_lstm,sequence,3,103,103,104,1605,9592,9592,9,9,16,16,vacuum_cleaning,vacuum_cleaning,True,0.00014653755,0.0017827905,7.967892e-05,4.9236816e-05,0.000165627,0.00018123417,0.00017366752,0.00011682926,6.3276066e-06,0.99547666,0.001816046,5.4123147e-06,0.99547666
pamap2,gnn_flatten_lstm,sequence,3,103,103,104,1606,9593,9593,9,9,16,16,vacuum_cleaning,vacuum_cleaning,True,0.00015600494,0.001854519,8.5259104e-05,5.2372456e-05,0.0001744685,0.00019105616,0.00018214335,0.000119903474,6.477698e-06,0.9952527,0.0019192679,5.8481633e-06,0.9952527
pamap2,gnn_flatten_lstm,sequence,3,103,103,104,1607,9594,9594,9,9,16,16,vacuum_cleaning,vacuum_cleaning,True,0.00016314517,0.0015953416,6.792158e-05,6.0618586e-05,0.00016922627,0.00015412577,0.0002041165,0.000103853985,6.0250613e-06,0.9963349,0.0011343035,6.3207767e-06,0.9963349
pamap2,gnn_flatten_lstm,sequence,3,103,103,104,1608,9595,9595,9,9,16,16,vacuum_cleaning,vacuum_cleaning,True,0.00013896923,0.0010674037,3.7296133e-05,5.8360754e-05,0.00014475314,0.00010424726,0.00019977076,6.992912e-05,4.3910377e-06,0.9977043,0.00046509062,5.409718e-06,0.9977043
pamap2,gnn_flatten_lstm,sequence,3,103,103,104,1609,9596,9596,9,9,16,16,vacuum_cleaning,vacuum_cleaning,True,0.00014434753,0.0009703344,3.3257955e-05,6.124038e-05,0.00014143052,8.870471e-05,0.00020597632,6.433121e-05,4.081035e-06,0.9979201,0.00036057318,5.472311e-06,0.9979201
pamap2,gnn_flatten_lstm,sequence,3,103,103,104,1610,9597,9597,9,9,16,16,vacuum_cleaning,vacuum_cleaning,True,0.00015794075,0.0009942502,3.42638e-05,6.459161e-05,0.000140394,8.132427e-05,0.00021766909,6.443214e-05,4.0781597e-06,0.997898,0.0003372772,5.7765437e-06,0.997898
pamap2,gnn_flatten_lstm,sequence,3,103,103,104,1611,9598,9598,9,9,16,16,vacuum_cleaning,vacuum_cleaning,True,0.00015153721,0.0010031121,3.434548e-05,6.10916e-05,0.00013824001,8.141078e-05,0.00020979691,6.369975e-05,3.9649867e-06,0.99789965,0.00034760978,5.5313517e-06,0.99789965
pamap2,gnn_flatten_lstm,sequence,3,103,103,104,1612,9599,9599,9,9,16,16,vacuum_cleaning,vacuum_cleaning,True,0.00015282918,0.0010319975,3.5939254e-05,6.257841e-05,0.00014152369,8.057066e-05,0.0002096939,6.697185e-05,4.087304e-06,0.9978568,0.00035127657,5.676982e-06,0.9978568
pamap2,gnn_flatten_lstm,sequence,3,103,103,104,1613,9600,9600,9,9,16,16,vacuum_cleaning,vacuum_cleaning,True,0.00016042599,0.0010587731,3.726192e-05,6.785476e-05,0.00015181194,8.379376e-05,0.00022377803,7.099991e-05,4.374968e-06,0.9977877,0.00034698242,6.2047193e-06,0.9977877
pamap2,gnn_flatten_lstm,sequence,3,103,103,104,1614,9601,9601,9,9,16,16,vacuum_cleaning,vacuum_cleaning,True,0.00016849136,0.0010964349,3.9541468e-05,7.309713e-05,0.00016547464,8.8748835e-05,0.00023280695,7.832543e-05,4.8351926e-06,0.997693,0.00035242224,6.7662127e-06,0.997693
pamap2,gnn_flatten_lstm,sequence,3,103,103,104,1615,9602,9602,9,9,16,16,vacuum_cleaning,vacuum_cleaning,True,0.00015490438,0.0010435256,3.7563084e-05,6.75023e-05,0.00015987096,9.082724e-05,0.00021693736,7.424984e-05,4.580412e-06,0.9977792,0.00036458208,6.1855008e-06,0.9977792
pamap2,gnn_flatten_lstm,sequence,3,103,103,104,1616,9603,9603,9,9,16,16,vacuum_cleaning,vacuum_cleaning,True,0.00015778266,0.0010620222,4.017781e-05,7.179353e-05,0.00015840172,8.933504e-05,0.0002143263,7.975085e-05,4.8430393e-06,0.9977314,0.00038406346,6.198455e-06,0.9977314
pamap2,gnn_flatten_lstm,sequence,3,103,103,104,1617,9604,9604,9,9,16,16,vacuum_cleaning,vacuum_cleaning,True,0.00022206125,0.001476398,7.020672e-05,0.000116829615,0.00019708203,0.00010054816,0.00026722805,0.00013929316,8.053497e-06,0.99689424,0.0004991661,8.810956e-06,0.99689424
pamap2,gnn_flatten_lstm,sequence,3,103,103,104,1618,9605,9605,9,9,16,16,vacuum_cleaning,vacuum_cleaning,True,0.00029849508,0.0019479619,0.00011047975,0.00015979912,0.00024242129,0.00012322204,0.0003283844,0.00020081988,1.1405367e-05,0.9958956,0.00066957006,1.1750412e-05,0.9958956
pamap2,gnn_flatten_lstm,sequence,3,103,103,104,1619,9606,9606,9,9,16,16,vacuum_cleaning,vacuum_cleaning,True,0.00025467193,0.0017684541,9.181621e-05,0.00012776957,0.0002412892,0.0001422107,0.00029665668,0.00016529707,9.938473e-06,0.99612916,0.0007620547,1.0537803e-05,0.99612916
pamap2,gnn_flatten_lstm,sequence,3,103,103,104,1620,9607,9607,9,9,16,16,vacuum_cleaning,vacuum_cleaning,True,0.00025920718,0.001717766,8.6279826e-05,0.00012592116,0.00025318985,0.00015771056,0.00031233777,0.00015360548,9.824981e-06,0.9961128,0.0008003896,1.0978625e-05,0.9961128
pamap2,gnn_flatten_lstm,sequence,3,103,103,104,1621,9608,9608,9,9,16,16,vacuum_cleaning,vacuum_cleaning,True,0.00028775036,0.0018962857,0.000100581725,0.00014086711,0.00027455078,0.00017954125,0.00033774672,0.00017613579,1.1503769e-05,0.9956221,0.0009606665,1.21958865e-05,0.9956221
pamap2,gnn_flatten_lstm,sequence,3,103,103,104,1622,9609,9609,9,9,16,16,vacuum_cleaning,vacuum_cleaning,True,0.00036426054,0.0024416181,0.0001424382,0.000172184,0.0003233349,0.00023341148,0.0004063858,0.00023323034,1.5682399e-05,0.99426913,0.0013831218,1.5271053e-05,0.99426913
pamap2,gnn_flatten_lstm,sequence,3,103,103,104,1623,9610,9610,9,9,16,16,vacuum_cleaning,vacuum_cleaning,True,0.00040433614,0.0028638702,0.00019363072,0.00019436446,0.00037202367,0.00028872443,0.00041823974,0.0003057642,1.9666035e-05,0.99285114,0.002071385,1.7023754e-05,0.99285114
pamap2,gnn_flatten_lstm,sequence,3,103,103,104,1624,9611,9611,9,9,16,16,vacuum_cleaning,vacuum_cleaning,True,0.0005105645,0.003689189,0.00035052485,0.00027631444,0.00042321737,0.00029895015,0.00040876569,0.00051851966,2.8035263e-05,0.99017674,0.0032985497,2.0609506e-05,0.99017674
pamap2,gnn_flatten_lstm,sequence,3,103,103,104,1625,9612,9612,9,9,16,16,vacuum_cleaning,vacuum_cleaning,True,0.0007994412,0.0061336863,0.0011776311,0.0003449649,0.000467382,0.0003409331,0.0003909721,0.00096522376,4.364303e-05,0.97945434,0.009855611,2.626777e-05,0.97945434
pamap2,gnn_flatten_lstm,sequence,3,103,103,104,1626,9613,9613,9,9,16,16,vacuum_cleaning,vacuum_cleaning,True,0.0015820517,0.012201371,0.0039461534,0.00043732394,0.0006580367,0.00050034496,0.00051203684,0.0018459968,7.8771205e-05,0.9469942,0.031201513,4.2335192e-05,0.9469942
pamap2,gnn_flatten_lstm,sequence,3,103,103,104,1627,9614,9614,9,9,16,16,vacuum_cleaning,vacuum_cleaning,True,0.0008378841,0.0074064606,0.0014909195,0.00025497566,0.00043254482,0.0003352826,0.00034515254,0.00096005545,3.9936287e-05,0.9731011,0.01477173,2.4072344e-05,0.9731011
pamap2,gnn_flatten_lstm,sequence,3,103,103,104,1628,9615,9615,9,9,16,16,vacuum_cleaning,vacuum_cleaning,True,0.0002905914,0.0028484545,0.00021788233,9.9862795e-05,0.0002489961,0.00022328041,0.00022219642,0.0002742695,1.3788802e-05,0.99204236,0.003508827,9.543739e-06,0.99204236
pamap2,gnn_flatten_lstm,sequence,3,103,103,104,1629,9616,9616,9,9,16,16,vacuum_cleaning,vacuum_cleaning,True,0.0002363213,0.0019782837,0.00012434163,8.9043904e-05,0.00021629944,0.00017100367,0.00021274183,0.00017987278,1.0112707e-05,0.9950169,0.0017568576,8.288332e-06,0.9950169
pamap2,gnn_flatten_lstm,sequence,3,103,103,104,1630,9617,9617,9,9,16,16,vacuum_cleaning,vacuum_cleaning,True,0.0002176565,0.0016267019,9.059491e-05,8.4166524e-05,0.00019503126,0.00014202161,0.00021127885,0.00013938374,8.317972e-06,0.996128,0.0011492089,7.701029e-06,0.996128
pamap2,gnn_flatten_lstm,sequence,3,103,103,104,1631,9618,9618,9,9,16,16,vacuum_cleaning,vacuum_cleaning,True,0.00020816992,0.0014780454,7.081051e-05,8.08575e-05,0.00018089375,0.0001243668,0.00022366387,0.000114940754,7.1270356e-06,0.9966893,0.0008142297,7.434836e-06,0.9966893
pamap2,gnn_flatten_lstm,sequence,3,103,103,104,1632,9619,9619,9,9,16,16,vacuum_cleaning,vacuum_cleaning,True,0.00021359517,0.0013832772,6.1018414e-05,9.353378e-05,0.00018447892,0.000106261126,0.0002514516,0.000110946006,6.961477e-06,0.9970341,0.00054637983,8.065988e-06,0.9970341
pamap2,gnn_flatten_lstm,sequence,3,103,103,104,1633,9620,9620,9,9,16,16,vacuum_cleaning,vacuum_cleaning,True,0.00028030475,0.0016488148,7.465151e-05,0.00012485927,0.00021075923,0.00010782509,0.00032953627,0.00013360157,8.603828e-06,0.99655366,0.00051647023,1.0828154e-05,0.99655366
pamap2,gnn_flatten_lstm,sequence,3,103,103,104,1634,9621,9621,9,9,16,16,vacuum_cleaning,vacuum_cleaning,True,0.0003541917,0.0024059769,0.00011223742,0.0001341927,0.00023177819,0.0001481106,0.0004073539,0.00017768102,1.1837061e-05,0.9951711,0.00083239103,1.3166704e-05,0.9951711
pamap2,gnn_flatten_lstm,sequence,3,103,103,104,1635,9622,9622,9,9,16,16,vacuum_cleaning,vacuum_cleaning,True,0.00039768362,0.0030061263,0.00015250448,0.00013374118,0.00027492567,0.00022397326,0.00045362528,0.00021853176,1.5204465e-05,0.99364895,0.001459898,1.4860343e-05,0.99364895
pamap2,gnn_flatten_lstm,sequence,3,103,103,104,1636,9623,9623,9,9,16,16,vacuum_cleaning,vacuum_cleaning,True,0.00042145062,0.0034589942,0.0001983489,0.0001427504,0.00033118593,0.00032003204,0.00048037324,0.00026913983,1.8792778e-05,0.99188316,0.0024592527,1.6376602e-05,0.99188316
pamap2,gnn_flatten_lstm,sequence,3,103,103,104,1637,9624,9624,9,9,16,16,vacuum_cleaning,vacuum_cleaning,True,0.0005473523,0.0053054118,0.00037029776,0.00016200611,0.0003991864,0.0004920755,0.00057452585,0.00041150552,2.7252836e-05,0.9859491,0.0057407925,2.0490226e-05,0.9859491
pamap2,gnn_flatten_lstm,sequence,3,103,103,104,1638,9625,9625,9,9,16,16,vacuum_cleaning,vacuum_cleaning,True,0.00097157713,0.0103515275,0.0010733216,0.00021856952,0.0005252158,0.00091814063,0.0009298861,0.0008211697,5.390549e-05,0.9660876,0.018015882,3.3224813e-05,0.9660876
pamap2,gnn_flatten_lstm,sequence,3,103,103,104,1639,9626,9626,9,9,16,16,vacuum_cleaning,vacuum_cleaning,True,0.0015324182,0.025437146,0.005140321,0.00028183346,0.00078784383,0.002846052,0.0012725072,0.0022343807,0.00013859072,0.7973167,0.16295347,5.879352e-05,0.7973167
pamap2,gnn_flatten_lstm,sequence,3,103,103,104,1640,9627,9627,9,9,16,16,vacuum_cleaning,vacuum_cleaning,True,0.0019439015,0.036528017,0.009226121,0.00046489568,0.0010122397,0.0037189242,0.0017623866,0.0045953975,0.00029720087,0.62631595,0.31404772,8.720931e-05,0.62631595
pamap2,gnn_flatten_lstm,sequence,3,103,103,104,1641,9628,9628,9,9,16,16,vacuum_cleaning,vacuum_cleaning,True,0.0020468847,0.034072243,0.009102989,0.000574904,0.0011444136,0.004487711,0.0019476918,0.0059731947,0.0004230787,0.55207056,0.38806164,9.471823e-05,0.55207056
pamap2,gnn_flatten_lstm,sequence,3,103,103,104,1642,9629,9629,9,10,16,17,vacuum_cleaning,ironing,False,0.0015916338,0.028381571,0.011303989,0.000581932,0.0011217954,0.0052926606,0.0012518315,0.0095246,0.0005105378,0.35856462,0.58179694,7.786238e-05,0.58179694
pamap2,gnn_flatten_lstm,sequence,3,103,103,104,1643,9630,9630,9,10,16,17,vacuum_cleaning,ironing,False,0.0018694132,0.03702462,0.016123477,0.000940669,0.0014183604,0.005070037,0.0015090925,0.01921753,0.0007217059,0.44254366,0.47346455,9.6921234e-05,0.47346455
pamap2,gnn_flatten_lstm,sequence,3,103,103,104,1644,9631,9631,9,9,16,16,vacuum_cleaning,vacuum_cleaning,True,0.0027038695,0.04617002,0.028239263,0.00090529805,0.0012661805,0.0034663402,0.0017304234,0.015614776,0.000534346,0.52462363,0.37463883,0.0001069885,0.52462363
pamap2,gnn_flatten_lstm,sequence,3,103,103,104,1645,9632,9632,9,9,16,16,vacuum_cleaning,vacuum_cleaning,True,0.0033206244,0.04365984,0.030843396,0.00097556564,0.0013843365,0.002942014,0.001919198,0.013188405,0.0004809095,0.6001542,0.30100942,0.000121969715,0.6001542
pamap2,gnn_flatten_lstm,sequence,3,103,103,104,1646,9633,9633,9,9,16,16,vacuum_cleaning,vacuum_cleaning,True,0.0027367221,0.025574582,0.012207071,0.0014267614,0.0019073521,0.0022255483,0.0017192793,0.013968861,0.00045234984,0.8338222,0.103828706,0.00013061562,0.8338222
pamap2,gnn_flatten_lstm,sequence,3,103,103,104,1647,9634,9634,9,9,16,16,vacuum_cleaning,vacuum_cleaning,True,0.001703165,0.013120937,0.0035919459,0.0011838056,0.0016363336,0.0012988301,0.0011434344,0.007795182,0.00024646887,0.94114417,0.027040752,9.4830124e-05,0.94114417
pamap2,gnn_flatten_lstm,sequence,3,103,103,104,1648,9635,9635,9,9,16,16,vacuum_cleaning,vacuum_cleaning,True,0.000958112,0.0070403144,0.001019318,0.00064483774,0.0010361519,0.0007750467,0.00070318364,0.0026315362,9.578179e-05,0.9767744,0.008269459,5.180396e-05,0.9767744
pamap2,gnn_flatten_lstm,sequence,3,103,103,104,1649,9636,9636,9,9,16,16,vacuum_cleaning,vacuum_cleaning,True,0.0008216057,0.006147577,0.0007320936,0.00046616496,0.00081196084,0.00059735664,0.0006128692,0.0017185786,6.64419e-05,0.9819927,0.0059933704,3.9275976e-05,0.9819927
pamap2,gnn_flatten_lstm,sequence,3,103,103,104,1650,9637,9637,9,9,16,16,vacuum_cleaning,vacuum_cleaning,True,0.0010475187,0.0079487795,0.001187864,0.00048931426,0.0007287807,0.0006274294,0.0006873348,0.0019566317,7.42461e-05,0.9759504,0.0092594,4.2344276e-05,0.9759504
pamap2,gnn_flatten_lstm,sequence,3,103,103,104,1651,9638,9638,9,9,16,16,vacuum_cleaning,vacuum_cleaning,True,0.002423802,0.015962448,0.004647803,0.0012072574,0.0010529716,0.0007413832,0.0012094112,0.004813801,0.00017190157,0.9505719,0.017103516,9.372458e-05,0.9505719
pamap2,gnn_flatten_lstm,sequence,3,103,103,104,1652,9639,9639,9,9,16,16,vacuum_cleaning,vacuum_cleaning,True,0.0042557307,0.026633661,0.013051674,0.0013909574,0.001391818,0.001208025,0.0016228963,0.00789528,0.00029460806,0.89058644,0.051523995,0.00014480617,0.89058644
pamap2,gnn_flatten_lstm,sequence,3,103,103,104,1653,9640,9640,9,9,16,16,vacuum_cleaning,vacuum_cleaning,True,0.004469172,0.03381865,0.025439557,0.0011604412,0.0014734027,0.0015782496,0.0015112427,0.007840904,0.00033906044,0.80112606,0.12110314,0.00014003245,0.80112606
pamap2,gnn_flatten_lstm,sequence,3,103,103,104,1654,9641,9641,9,9,16,16,vacuum_cleaning,vacuum_cleaning,True,0.0020864764,0.016978199,0.006615526,0.00096660544,0.0011079386,0.0011495298,0.0010261117,0.0046706293,0.00018528795,0.91952354,0.04560444,8.58353e-05,0.91952354
pamap2,gnn_flatten_lstm,sequence,3,103,103,104,1655,9642,9642,9,9,16,16,vacuum_cleaning,vacuum_cleaning,True,0.0010145303,0.00843387,0.0019356624,0.00065750466,0.0008927416,0.0008529989,0.0006645785,0.0022964734,9.670377e-05,0.96435046,0.01875509,4.9329836e-05,0.96435046
pamap2,gnn_flatten_lstm,sequence,3,103,103,104,1656,9643,9643,9,9,16,16,vacuum_cleaning,vacuum_cleaning,True,0.0019690958,0.01773655,0.00812805,0.00089797605,0.001146729,0.0012982251,0.0008491159,0.0046598143,0.00019084393,0.8938724,0.06916896,8.2341096e-05,0.8938724
pamap2,gnn_flatten_lstm,sequence,3,103,103,104,1657,9644,9644,9,9,16,16,vacuum_cleaning,vacuum_cleaning,True,0.006061262,0.049696576,0.07288361,0.0013473929,0.0020278497,0.0027904909,0.0016899053,0.010574137,0.0006162296,0.54026455,0.31183064,0.00021736053,0.54026455
pamap2,gnn_flatten_lstm,sequence,3,103,103,104,1658,9645,9645,9,10,16,17,vacuum_cleaning,ironing,False,0.008017932,0.06615914,0.14696668,0.0014493538,0.0019929677,0.003017961,0.0020626057,0.012923008,0.00089226075,0.36375672,0.39247423,0.00028708196,0.39247423
pamap2,gnn_flatten_lstm,sequence,3,103,103,104,1659,9646,9646,9,9,16,16,vacuum_cleaning,vacuum_cleaning,True,0.010683396,0.076488994,0.18214703,0.0021124699,0.0024844708,0.0027154894,0.0026080182,0.016048865,0.0011056555,0.40798432,0.29524532,0.0003760148,0.40798432
pamap2,gnn_flatten_lstm,sequence,3,103,103,104,1660,9647,9647,9,9,16,16,vacuum_cleaning,vacuum_cleaning,True,0.011986227,0.08552477,0.26568982,0.0027232217,0.002463266,0.002426217,0.0030686583,0.017746052,0.0013485837,0.35718292,0.24941495,0.00042530298,0.35718292
pamap2,gnn_flatten_lstm,sequence,3,103,103,104,1661,9648,9648,9,9,16,16,vacuum_cleaning,vacuum_cleaning,True,0.010497741,0.07585439,0.21409324,0.0031754093,0.0026906924,0.0025744706,0.0029323602,0.019732583,0.0013755995,0.43313265,0.23352663,0.0004142575,0.43313265
pamap2,gnn_flatten_lstm,sequence,3,103,103,104,1662,9649,9649,9,9,16,16,vacuum_cleaning,vacuum_cleaning,True,0.009966808,0.062516175,0.13814096,0.004703445,0.0029988394,0.0020782447,0.0028227977,0.022525426,0.0012792961,0.61081034,0.14175782,0.00039987976,0.61081034
pamap2,gnn_flatten_lstm,sequence,3,103,103,104,1663,9650,9650,9,9,16,16,vacuum_cleaning,vacuum_cleaning,True,0.009715654,0.05761676,0.1098026,0.008845521,0.0030503923,0.001358191,0.0030695412,0.02612201,0.0012505825,0.71594346,0.06279344,0.00043185765,0.71594346
pamap2,gnn_flatten_lstm,sequence,3,103,103,104,1664,9651,9651,9,9,16,16,vacuum_cleaning,vacuum_cleaning,True,0.008358287,0.05210914,0.07387632,0.0044520614,0.002325836,0.0012264053,0.0023432332,0.015672253,0.0007554482,0.7700209,0.06856185,0.0002983341,0.7700209
pamap2,gnn_flatten_lstm,sequence,3,103,103,104,1665,9652,9652,9,9,16,16,vacuum_cleaning,vacuum_cleaning,True,0.015724223,0.09077173,0.23614335,0.0038943866,0.0029292493,0.00202509,0.0035923868,0.01971862,0.0013755674,0.45712668,0.1662154,0.00048326538,0.45712668
pamap2,gnn_flatten_lstm,sequence,3,103,103,104,1666,9653,9653,9,2,16,3,vacuum_cleaning,standing,False,0.019223345,0.10480423,0.37132093,0.0049439557,0.0029885883,0.0018491055,0.0046707564,0.022299832,0.0017682415,0.32125035,0.14428355,0.00059712736,0.37132093
pamap2,gnn_flatten_lstm,sequence,3,103,103,104,1667,9654,9654,9,9,16,16,vacuum_cleaning,vacuum_cleaning,True,0.019389788,0.10207101,0.33178496,0.0047923094,0.0032913338,0.0019675384,0.00476118,0.022635475,0.00176754,0.35378507,0.15312691,0.00062696566,0.35378507
pamap2,gnn_flatten_lstm,sequence,3,103,103,104,1668,9655,9655,9,9,16,16,vacuum_cleaning,vacuum_cleaning,True,0.019430583,0.09180591,0.21828061,0.005408652,0.003733876,0.0017054359,0.0047760033,0.021839064,0.0015322628,0.5119774,0.11889467,0.0006155572,0.5119774
pamap2,gnn_flatten_lstm,sequence,3,103,103,104,1669,9656,9656,9,9,16,16,vacuum_cleaning,vacuum_cleaning,True,0.018934278,0.10268518,0.2548063,0.0042952825,0.0031930304,0.0014317451,0.004388759,0.019940471,0.0013607416,0.46503314,0.12337526,0.00055591686,0.46503314
pamap2,gnn_flatten_lstm,sequence,3,103,103,104,1670,9657,9657,9,9,16,16,vacuum_cleaning,vacuum_cleaning,True,0.010515017,0.06672615,0.08398653,0.0019526917,0.002207272,0.0014167884,0.0024338076,0.009945748,0.00061093736,0.69808775,0.12184332,0.00027397746,0.69808775
pamap2,gnn_flatten_lstm,sequence,3,103,103,104,1671,9658,9658,9,9,16,16,vacuum_cleaning,vacuum_cleaning,True,0.008362031,0.06363074,0.07799121,0.0014028475,0.0018300855,0.001431941,0.00200835,0.008427692,0.000493957,0.68432313,0.14989105,0.00020702778,0.68432313
pamap2,gnn_flatten_lstm,sequence,3,103,103,104,1672,9659,9659,9,9,16,16,vacuum_cleaning,vacuum_cleaning,True,0.011043145,0.08932095,0.21711735,0.0017423263,0.0020296958,0.0019838375,0.0026071505,0.012087933,0.0009070599,0.40553445,0.25531453,0.00031159716,0.40553445
pamap2,gnn_flatten_lstm,sequence,3,103,103,104,1673,9660,9660,9,10,16,17,vacuum_cleaning,ironing,False,0.005436991,0.061673556,0.1379343,0.0005716679,0.0011011482,0.002648698,0.0013282959,0.006736849,0.00050986646,0.2371138,0.5447743,0.00017055502,0.5447743
pamap2,gnn_flatten_lstm,sequence,3,103,103,104,1674,9661,9661,9,10,16,17,vacuum_cleaning,ironing,False,0.0032128717,0.04479253,0.08220021,0.00028235046,0.0007237456,0.002586614,0.00081747194,0.004309965,0.00031332762,0.17389323,0.68676376,0.00010393406,0.68676376
pamap2,gnn_flatten_lstm,sequence,3,103,103,104,1675,9662,9662,9,10,16,17,vacuum_cleaning,ironing,False,0.002527672,0.03850585,0.050933257,0.00021104621,0.00061982626,0.0025488578,0.00066377013,0.003337579,0.00022880486,0.2004975,0.69984955,7.636571e-05,0.69984955
pamap2,gnn_flatten_lstm,sequence,3,103,103,104,1676,9663,9663,9,10,16,17,vacuum_cleaning,ironing,False,0.0015645521,0.028899845,0.015643245,0.0001574849,0.0005337735,0.002351562,0.0005893281,0.002242228,0.00012552786,0.40383178,0.5440172,4.351796e-05,0.5440172
pamap2,gnn_flatten_lstm,sequence,3,103,103,104,1677,9664,9664,9,10,16,17,vacuum_cleaning,ironing,False,0.0007665345,0.018125413,0.012636469,7.1005816e-05,0.00029148746,0.0022785603,0.00026135246,0.0014119287,8.166735e-05,0.15247528,0.8115765,2.3811543e-05,0.8115765
pamap2,gnn_flatten_lstm,sequence,3,103,103,104,1678,9665,9665,9,10,16,17,vacuum_cleaning,ironing,False,0.0003916495,0.01400397,0.014992583,4.359104e-05,0.00012673206,0.00170038,0.000157243,0.001066223,7.731809e-05,0.03880443,0.9286191,1.6946085e-05,0.9286191
pamap2,gnn_flatten_lstm,sequence,3,103,103,104,1679,9666,9666,9,10,16,17,vacuum_cleaning,ironing,False,0.00021306828,0.010864229,0.011020108,2.7204835e-05,7.562811e-05,0.0015505218,0.000105887855,0.0007404194,6.393036e-05,0.017295193,0.95803136,1.23654145e-05,0.95803136
pamap2,gnn_flatten_lstm,sequence,3,103,103,104,1680,9667,9667,9,10,16,17,vacuum_cleaning,ironing,False,0.00018853968,0.010955118,0.009616037,2.5859672e-05,7.576741e-05,0.0016351556,0.00011077737,0.00069170987,6.621813e-05,0.014330921,0.9622909,1.3034222e-05,0.9622909
pamap2,gnn_flatten_lstm,sequence,3,103,103,104,1681,9668,9668,9,10,16,17,vacuum_cleaning,ironing,False,0.00019333197,0.011969237,0.0097396895,2.8428436e-05,8.5517546e-05,0.0017561745,0.00013146154,0.0007266268,7.543328e-05,0.013259803,0.96201897,1.5468084e-05,0.96201897
pamap2,gnn_flatten_lstm,sequence,3,103,103,104,1682,9669,9669,9,10,16,17,vacuum_cleaning,ironing,False,0.00015223886,0.009893517,0.0065007606,2.1922175e-05,7.3706266e-05,0.0017632116,0.00010369914,0.0005806012,5.953305e-05,0.012577111,0.9682615,1.2312716e-05,0.9682615
pamap2,gnn_flatten_lstm,sequence,3,103,103,104,1683,9670,9670,9,10,16,17,vacuum_cleaning,ironing,False,0.00014124981,0.00870532,0.0050390735,1.8809433e-05,6.99536e-05,0.0017611895,9.312043e-05,0.00051373994,5.0215207e-05,0.013355382,0.97024137,1.0672893e-05,0.97024137
pamap2,gnn_flatten_lstm,sequence,3,103,103,104,1684,9671,9671,9,10,16,17,vacuum_cleaning,ironing,False,0.00025823896,0.010701983,0.005480282,3.9170194e-05,0.00014790209,0.002179121,0.00016514435,0.00082193845,5.952237e-05,0.03917397,0.94095707,1.5602642e-05,0.94095707
pamap2,gnn_flatten_lstm,sequence,3,103,103,104,1685,9672,9672,9,10,16,17,vacuum_cleaning,ironing,False,0.0006770295,0.019408591,0.007590792,0.00012326449,0.0004725116,0.0032137777,0.000409489,0.0016987883,8.972841e-05,0.18596122,0.78032297,3.1868578e-05,0.78032297
pamap2,gnn_flatten_lstm,sequence,3,103,103,104,1686,9673,9673,9,9,16,16,vacuum_cleaning,vacuum_cleaning,True,0.0013230985,0.02526445,0.008123442,0.00024618386,0.00083013636,0.0030453259,0.0007049803,0.0022724392,0.00010092127,0.48527548,0.47276536,4.829306e-05,0.48527548
pamap2,gnn_flatten_lstm,sequence,3,103,103,104,1687,9674,9674,9,9,16,16,vacuum_cleaning,vacuum_cleaning,True,0.0014278096,0.018132024,0.0037874507,0.00028561245,0.00086322695,0.0016503131,0.00073891506,0.0017009419,7.938057e-05,0.8450405,0.12624477,4.9113587e-05,0.8450405
pamap2,gnn_flatten_lstm,sequence,3,103,103,104,1688,9675,9675,9,9,16,16,vacuum_cleaning,vacuum_cleaning,True,0.00090974546,0.009589195,0.0012863268,0.00020757648,0.00058116694,0.00074792665,0.0005434299,0.0008356809,4.2673302e-05,0.955861,0.029364198,3.1187665e-05,0.955861
pamap2,gnn_flatten_lstm,sequence,3,103,103,104,1689,9676,9676,9,9,16,16,vacuum_cleaning,vacuum_cleaning,True,0.00048615818,0.0033823443,0.00025784073,0.00015907967,0.0003726971,0.00030154988,0.00041412385,0.00031517097,1.9968871e-05,0.9907578,0.0035145767,1.8661078e-05,0.9907578
pamap2,gnn_flatten_lstm,sequence,3,103,103,104,1690,9677,9677,9,9,16,16,vacuum_cleaning,vacuum_cleaning,True,0.000305775,0.001754118,8.868349e-05,0.00012619513,0.00025847764,0.00016321676,0.00034489136,0.00015298296,1.0590439e-05,0.9959027,0.00088006654,1.2302301e-05,0.9959027
pamap2,gnn_flatten_lstm,sequence,3,103,103,104,1691,9678,9678,9,9,16,16,vacuum_cleaning,vacuum_cleaning,True,0.00025772312,0.0015353906,7.078253e-05,0.000112163165,0.00020923928,0.00012465112,0.00030266936,0.0001265132,8.301761e-06,0.9966073,0.00063551916,9.701578e-06,0.9966073
pamap2,gnn_flatten_lstm,sequence,3,103,103,104,1692,9679,9679,9,9,16,16,vacuum_cleaning,vacuum_cleaning,True,0.00026738676,0.0016138208,7.598424e-05,0.00011625262,0.00020164998,0.000109682565,0.00029924713,0.00013533673,8.453304e-06,0.996581,0.000581626,9.700544e-06,0.996581
pamap2,gnn_flatten_lstm,sequence,3,103,103,104,1693,9680,9680,9,9,16,16,vacuum_cleaning,vacuum_cleaning,True,0.0002546186,0.0017204976,7.985407e-05,0.00010256967,0.0001947704,0.00011349454,0.0002772066,0.00013741748,8.232423e-06,0.99644405,0.00065827044,9.069727e-06,0.99644405
pamap2,gnn_flatten_lstm,sequence,3,103,103,104,1694,9681,9681,9,9,16,16,vacuum_cleaning,vacuum_cleaning,True,0.0002502181,0.0017557829,8.130818e-05,9.849331e-05,0.00020340744,0.00012510673,0.00027109083,0.00013953204,8.349101e-06,0.99632275,0.0007348655,9.175504e-06,0.99632275
pamap2,gnn_flatten_lstm,sequence,3,103,103,104,1695,9682,9682,9,9,16,16,vacuum_cleaning,vacuum_cleaning,True,0.00024548004,0.0015946393,7.312556e-05,0.00010206892,0.00020322054,0.000114271556,0.0002667264,0.00013444027,8.10406e-06,0.9966221,0.00062659255,9.17819e-06,0.9966221
pamap2,gnn_flatten_lstm,sequence,3,103,103,104,1696,9683,9683,9,9,16,16,vacuum_cleaning,vacuum_cleaning,True,0.00022162985,0.0013954478,6.108285e-05,9.2379625e-05,0.00018999899,0.000108132386,0.0002495616,0.00011459176,7.013593e-06,0.9969892,0.0005627125,8.293711e-06,0.9969892
pamap2,gnn_flatten_lstm,sequence,3,103,103,104,1697,9684,9684,9,9,16,16,vacuum_cleaning,vacuum_cleaning,True,0.00021682805,0.0014678619,6.420137e-05,8.636231e-05,0.00018611665,0.00011813913,0.00024174411,0.00011740996,7.2472444e-06,0.9968172,0.00066902355,7.90619e-06,0.9968172
pamap2,gnn_flatten_lstm,sequence,3,103,103,104,1698,9685,9685,9,9,16,16,vacuum_cleaning,vacuum_cleaning,True,0.00021502112,0.0015806656,6.742043e-05,8.020482e-05,0.00018661167,0.00013431127,0.00024270464,0.0001197307,7.5623434e-06,0.9965597,0.0007982801,7.781992e-06,0.9965597
pamap2,gnn_flatten_lstm,sequence,3,103,103,104,1699,9686,9686,9,9,16,16,vacuum_cleaning,vacuum_cleaning,True,0.00019943126,0.001581981,7.0334674e-05,7.379676e-05,0.00018778662,0.00014708898,0.0002239943,0.00012106539,7.56386e-06,0.99641365,0.00096619327,7.2438274e-06,0.99641365
pamap2,gnn_flatten_lstm,sequence,3,103,103,104,1700,9687,9687,9,9,16,16,vacuum_cleaning,vacuum_cleaning,True,0.00024750724,0.0018888739,9.7746466e-05,8.701896e-05,0.00019428587,0.00014199923,0.00024146221,0.00015511936,9.140916e-06,0.9957146,0.0012138606,8.398694e-06,0.9957146
pamap2,gnn_flatten_lstm,sequence,3,103,103,104,1701,9688,9688,9,9,16,16,vacuum_cleaning,vacuum_cleaning,True,0.00022854091,0.0016616473,7.81888e-05,8.953266e-05,0.00018091494,0.0001271983,0.00024348364,0.00013510238,8.206452e-06,0.99633175,0.0009074268,8.078044e-06,0.99633175
pamap2,gnn_flatten_lstm,sequence,3,103,103,104,1702,9689,9689,9,9,16,16,vacuum_cleaning,vacuum_cleaning,True,0.0001926172,0.0014328997,6.2961204e-05,7.800026e-05,0.00017274625,0.00012692923,0.00022283316,0.00011171071,6.930804e-06,0.9967789,0.0008064167,7.017132e-06,0.9967789
pamap2,gnn_flatten_lstm,sequence,3,103,103,104,1703,9690,9690,9,9,16,16,vacuum_cleaning,vacuum_cleaning,True,0.00015865543,0.0011702719,4.360142e-05,6.303454e-05,0.00015609714,0.00011314008,0.00020630895,8.347161e-05,5.341044e-06,0.9974166,0.000577501,5.878293e-06,0.9974166
pamap2,gnn_flatten_lstm,sequence,3,103,103,104,1704,9691,9691,9,9,16,16,vacuum_cleaning,vacuum_cleaning,True,0.00014768612,0.0011306186,3.9014358e-05,5.5633485e-05,0.00015729296,0.00012298684,0.00020892016,7.356756e-05,4.9344526e-06,0.9974911,0.0005626539,5.635149e-06,0.9974911
pamap2,gnn_flatten_lstm,sequence,3,103,103,104,1705,9692,9692,9,9,16,16,vacuum_cleaning,vacuum_cleaning,True,0.00015925642,0.0014627647,5.1228126e-05,5.3651813e-05,0.0001611217,0.00016592597,0.00023168203,8.310327e-05,5.754734e-06,0.9967277,0.0008918579,5.9075533e-06,0.9967277
pamap2,gnn_flatten_lstm,sequence,3,103,103,104,1706,9693,9693,9,9,16,16,vacuum_cleaning,vacuum_cleaning,True,0.00016032178,0.0016303086,6.379994e-05,5.5337605e-05,0.00016664961,0.00018141457,0.00021822148,9.8696815e-05,6.5240415e-06,0.9962071,0.001205721,5.869423e-06,0.9962071
pamap2,gnn_flatten_lstm,sequence,3,103,103,104,1707,9694,9694,9,9,16,16,vacuum_cleaning,vacuum_cleaning,True,0.00016297911,0.0015090009,6.0818133e-05,6.58232e-05,0.00017511805,0.00015383825,0.00021862469,0.00010738412,6.9463877e-06,0.9966049,0.0009281276,6.3541333e-06,0.9966049
pamap2,gnn_flatten_lstm,sequence,3,103,103,104,1708,9695,9695,9,9,16,16,vacuum_cleaning,vacuum_cleaning,True,0.00017869838,0.0017070597,6.440005e-05,6.473354e-05,0.00017456566,0.00017029789,0.00024132668,0.000108388835,7.3299807e-06,0.99626297,0.0010133265,6.854665e-06,0.99626297
pamap2,gnn_flatten_lstm,sequence,3,103,103,104,1709,9696,9696,9,9,16,16,vacuum_cleaning,vacuum_cleaning,True,0.00024713168,0.0029437395,0.0001326884,7.245916e-05,0.00021531599,0.000323149,0.00033412108,0.00015816606,1.1242655e-05,0.992896,0.0026566978,9.253214e-06,0.992896
pamap2,gnn_flatten_lstm,sequence,3,103,103,104,1710,9697,9697,9,9,16,16,vacuum_cleaning,vacuum_cleaning,True,0.00022486472,0.0031031186,0.00016133425,7.6464064e-05,0.00024573898,0.0003797244,0.00031037873,0.00019170484,1.2166706e-05,0.9914239,0.0038616906,9.00615e-06,0.9914239
pamap2,gnn_flatten_lstm,sequence,3,103,103,104,1711,9698,9698,9,9,16,16,vacuum_cleaning,vacuum_cleaning,True,0.00019819649,0.0030579956,0.00016917982,8.045638e-05,0.00026212487,0.0003873204,0.00026680733,0.00022461024,1.2361919e-05,0.9906957,0.004636757,8.519143e-06,0.9906957
pamap2,gnn_flatten_lstm,sequence,3,103,103,104,1712,9699,9699,9,9,16,16,vacuum_cleaning,vacuum_cleaning,True,0.00023399545,0.004499374,0.00032612582,9.0515685e-05,0.0003006989,0.00058534165,0.00027342024,0.00036899207,1.707142e-05,0.980513,0.012781471,9.986924e-06,0.980513
pamap2,gnn_flatten_lstm,sequence,3,103,103,104,1713,9700,9700,9,9,16,16,vacuum_cleaning,vacuum_cleaning,True,0.00044726912,0.018513363,0.003515098,8.10451e-05,0.00034400588,0.0025419479,0.00032454575,0.0011222373,5.0458813e-05,0.5280853,0.44495797,1.6785401e-05,0.5280853
pamap2,gnn_flatten_lstm,sequence,3,103,103,104,1714,9701,9701,9,10,16,17,vacuum_cleaning,ironing,False,0.00023771118,0.010907942,0.004591533,2.6582495e-05,0.00012728303,0.0020885584,0.00011556715,0.00069996924,3.949766e-05,0.07190886,0.9092467,9.78686e-06,0.9092467
pamap2,gnn_flatten_lstm,sequence,3,103,103,104,1715,9702,9702,9,10,16,17,vacuum_cleaning,ironing,False,0.0006912905,0.019266568,0.006008832,8.903708e-05,0.00042140868,0.0026205217,0.00036997843,0.0013930765,6.605338e-05,0.37078038,0.59827036,2.2561513e-05,0.59827036
pamap2,gnn_flatten_lstm,sequence,3,103,103,104,1716,9703,9703,9,9,16,16,vacuum_cleaning,vacuum_cleaning,True,0.000686879,0.014356661,0.0023451783,0.00013251542,0.00053272373,0.001626407,0.00046691202,0.0010463605,4.599446e-05,0.82896936,0.14976785,2.3051807e-05,0.82896936
pamap2,gnn_flatten_lstm,sequence,3,103,103,104,1717,9704,9704,9,9,16,16,vacuum_cleaning,vacuum_cleaning,True,0.0009370986,0.011781581,0.0021570201,0.000513957,0.00080660393,0.0010255742,0.00080792,0.0023237104,9.224968e-05,0.93247414,0.04703909,4.1156007e-05,0.93247414
pamap2,gnn_flatten_lstm,sequence,3,103,103,104,1718,9705,9705,9,9,16,16,vacuum_cleaning,vacuum_cleaning,True,0.000601199,0.0042383648,0.00036917697,0.00034506922,0.00066396967,0.0004110044,0.0007468701,0.0007377543,4.5076402e-05,0.98747057,0.0043416377,2.9249259e-05,0.98747057
pamap2,gnn_flatten_lstm,sequence,3,103,103,104,1719,9706,9706,9,9,16,16,vacuum_cleaning,vacuum_cleaning,True,0.00029389403,0.0014699308,6.0397215e-05,0.00016312071,0.00028410633,0.00013070069,0.0004999883,0.00014563232,1.135407e-05,0.99646676,0.00046051244,1.365492e-05,0.99646676
pamap2,gnn_flatten_lstm,sequence,3,103,103,104,1720,9707,9707,9,9,16,16,vacuum_cleaning,vacuum_cleaning,True,0.00046024672,0.0017866939,8.414244e-05,0.00029322476,0.00030146306,0.0001060775,0.00070702523,0.00020413424,1.562353e-05,0.99563783,0.00038395304,1.9544375e-05,0.99563783
pamap2,gnn_flatten_lstm,sequence,3,103,103,104,1721,9708,9708,9,9,16,16,vacuum_cleaning,vacuum_cleaning,True,0.0004026394,0.0018397951,8.746571e-05,0.00019257778,0.00026797352,0.00012123717,0.0005277779,0.00017060958,1.2421234e-05,0.99583864,0.00052298274,1.588547e-05,0.99583864
pamap2,gnn_flatten_lstm,sequence,3,103,103,104,1722,9709,9709,9,9,16,16,vacuum_cleaning,vacuum_cleaning,True,0.0004878901,0.002722098,0.00014591652,0.00018860502,0.0002960517,0.00017350321,0.00057404395,0.00022235673,1.5921876e-05,0.99421716,0.0009379343,1.8566794e-05,0.99421716
pamap2,gnn_flatten_lstm,sequence,3,103,103,104,1723,9710,9710,9,9,16,16,vacuum_cleaning,vacuum_cleaning,True,0.00041060877,0.0023666816,0.00011579433,0.0001584701,0.0002562633,0.00013867137,0.0004788608,0.00018767943,1.2681494e-05,0.9951491,0.00070994924,1.5376456e-05,0.9951491
pamap2,gnn_flatten_lstm,sequence,3,103,103,104,1724,9711,9711,9,9,16,16,vacuum_cleaning,vacuum_cleaning,True,0.00037239748,0.0020759364,9.317469e-05,0.00014712791,0.00021880845,9.874045e-05,0.00043228842,0.00015862688,1.0036854e-05,0.9959009,0.00047837963,1.3519143e-05,0.9959009
pamap2,gnn_flatten_lstm,sequence,3,103,103,104,1725,9712,9712,9,9,16,16,vacuum_cleaning,vacuum_cleaning,True,0.0003384204,0.0018434769,7.985732e-05,0.00013429152,0.0001930671,8.450974e-05,0.0003873563,0.00014014727,8.553449e-06,0.9963534,0.00042523476,1.1574715e-05,0.9963534
pamap2,gnn_flatten_lstm,sequence,3,103,103,104,1726,9713,9713,9,9,16,16,vacuum_cleaning,vacuum_cleaning,True,0.00037036973,0.0020185972,8.801303e-05,0.00014113376,0.0001946092,8.017829e-05,0.00040101339,0.00015279143,8.919886e-06,0.9961093,0.00042268497,1.2486332e-05,0.9961093
pamap2,gnn_flatten_lstm,sequence,3,103,103,104,1727,9714,9714,9,9,16,16,vacuum_cleaning,vacuum_cleaning,True,0.00030190096,0.0016475446,7.01765e-05,0.00012072358,0.00019752,9.1068985e-05,0.0003512853,0.00012493884,7.877446e-06,0.9966562,0.00041974735,1.0959553e-05,0.9966562
pamap2,gnn_flatten_lstm,sequence,3,103,103,104,1728,9715,9715,9,9,16,16,vacuum_cleaning,vacuum_cleaning,True,0.00034529428,0.001873414,7.937895e-05,0.00012464884,0.00018896574,8.5258864e-05,0.00037537876,0.00013054891,8.093271e-06,0.9963372,0.00044021706,1.1531469e-05,0.9963372
pamap2,gnn_flatten_lstm,sequence,3,103,103,104,1729,9716,9716,9,9,16,16,vacuum_cleaning,vacuum_cleaning,True,0.00038705693,0.002305599,0.00010623935,0.00012870248,0.0001990296,9.50264e-05,0.00037712997,0.00016258705,9.6527765e-06,0.9956043,0.00061218324,1.2506068e-05,0.9956043
pamap2,gnn_flatten_lstm,sequence,3,103,103,104,1730,9717,9717,9,9,16,16,vacuum_cleaning,vacuum_cleaning,True,0.00034813012,0.0019889001,0.00010244382,0.0001322258,0.00023429372,0.00012671652,0.00034787427,0.00016449459,1.0558455e-05,0.99576545,0.00076635,1.2677954e-05,0.99576545
pamap2,gnn_flatten_lstm,sequence,3,103,103,104,1731,9718,9718,9,9,16,16,vacuum_cleaning,vacuum_cleaning,True,0.00031279036,0.001906042,8.9862064e-05,0.00011042244,0.00021498503,0.00012611818,0.00032309658,0.00014529547,9.311436e-06,0.9959943,0.0007568718,1.09861685e-05,0.9959943
pamap2,gnn_flatten_lstm,sequence,3,103,103,104,1732,9719,9719,9,9,16,16,vacuum_cleaning,vacuum_cleaning,True,0.00025370333,0.0016274365,6.9192734e-05,9.581527e-05,0.00018514552,0.00011326767,0.00028718536,0.0001195753,7.658093e-06,0.9965988,0.0006332018,9.002484e-06,0.9965988
pamap2,gnn_flatten_lstm,sequence,3,103,103,104,1733,9720,9720,9,9,16,16,vacuum_cleaning,vacuum_cleaning,True,0.0002130733,0.0013802483,5.6636334e-05,8.516176e-05,0.00017556391,0.000105965104,0.00025339497,0.000103187835,6.588983e-06,0.99706155,0.0005506777,7.831426e-06,0.99706155
pamap2,gnn_flatten_lstm,sequence,3,103,103,104,1734,9721,9721,9,9,16,16,vacuum_cleaning,vacuum_cleaning,True,0.00021738422,0.0014075246,5.9168327e-05,8.94143e-05,0.00017680765,0.00010477545,0.00025420586,0.00010879722,6.8427216e-06,0.997017,0.00055019296,7.934214e-06,0.997017
pamap2,gnn_flatten_lstm,sequence,3,103,103,104,1735,9722,9722,9,9,16,16,vacuum_cleaning,vacuum_cleaning,True,0.00023947856,0.0016255293,6.909043e-05,8.932945e-05,0.0001803278,0.00012074488,0.00027441327,0.00011716453,7.565211e-06,0.9965773,0.0006906655,8.381539e-06,0.9965773
pamap2,gnn_flatten_lstm,sequence,3,103,103,104,1736,9723,9723,9,9,16,16,vacuum_cleaning,vacuum_cleaning,True,0.0002525074,0.0016288434,7.218718e-05,9.8572054e-05,0.00019701902,0.00012534595,0.00029063507,0.00012379361,8.08733e-06,0.9965071,0.0006867203,9.1564825e-06,0.9965071
pamap2,gnn_flatten_lstm,sequence,3,103,103,104,1737,9724,9724,9,9,16,16,vacuum_cleaning,vacuum_cleaning,True,0.00025274677,0.0015784515,6.9074464e-05,0.00010452088,0.00020741606,0.00012497802,0.00029554756,0.00012720584,8.284261e-06,0.99658656,0.0006354314,9.766589e-06,0.99658656
pamap2,gnn_flatten_lstm,sequence,3,103,103,104,1738,9725,9725,9,9,16,16,vacuum_cleaning,vacuum_cleaning,True,0.00025132197,0.0017855584,7.292658e-05,9.360084e-05,0.00020807683,0.00015043488,0.00030717032,0.00012812103,8.51486e-06,0.99618196,0.0008025746,9.676946e-06,0.99618196
pamap2,gnn_flatten_lstm,sequence,3,103,103,104,1739,9726,9726,9,9,16,16,vacuum_cleaning,vacuum_cleaning,True,0.0002470945,0.0018334963,7.5340016e-05,8.734855e-05,0.0002073524,0.0001655783,0.00030425016,0.00012587034,8.460957e-06,0.99599093,0.0009451721,9.106806e-06,0.99599093
pamap2,gnn_flatten_lstm,sequence,3,103,103,104,1740,9727,9727,9,9,16,16,vacuum_cleaning,vacuum_cleaning,True,0.00023711745,0.0016638499,6.955402e-05,9.185948e-05,0.00020339123,0.00014217995,0.00029434223,0.00012105925,8.000945e-06,0.99640673,0.0007527145,9.061571e-06,0.99640673
pamap2,gnn_flatten_lstm,sequence,3,103,103,104,1741,9728,9728,9,9,16,16,vacuum_cleaning,vacuum_cleaning,True,0.00025573839,0.0017040253,7.140831e-05,9.5155665e-05,0.00020343132,0.00013876887,0.0003141888,0.00012025959,8.049533e-06,0.9963522,0.0007272355,9.527275e-06,0.9963522
pamap2,gnn_flatten_lstm,sequence,3,103,103,104,1742,9729,9729,9,9,16,16,vacuum_cleaning,vacuum_cleaning,True,0.00023643741,0.0016354498,6.774291e-05,8.8033885e-05,0.00019964024,0.00014202468,0.00029068184,0.000119119046,7.973153e-06,0.9964366,0.00076762086,8.7122135e-06,0.9964366
pamap2,gnn_flatten_lstm,sequence,3,103,103,104,1743,9730,9730,9,9,16,16,vacuum_cleaning,vacuum_cleaning,True,0.00021222007,0.0016423786,6.877225e-05,7.650472e-05,0.00020302294,0.00016529733,0.00025945815,0.000121196885,8.076615e-06,0.99625325,0.000981817,7.979368e-06,0.99625325
pamap2,gnn_flatten_lstm,sequence,3,103,103,104,1744,9731,9731,9,9,16,16,vacuum_cleaning,vacuum_cleaning,True,0.00021029542,0.001831829,7.584756e-05,6.856616e-05,0.000212413,0.00021795515,0.00027581822,0.00011927318,8.3418345e-06,0.99563205,0.0013396944,7.946447e-06,0.99563205
pamap2,gnn_flatten_lstm,sequence,3,103,103,104,1745,9732,9732,9,9,16,16,vacuum_cleaning,vacuum_cleaning,True,0.00018589938,0.0014148315,5.463665e-05,6.86965e-05,0.00019703673,0.00016711083,0.00026443257,9.485996e-05,6.668553e-06,0.99673647,0.0008021049,7.3154984e-06,0.99673647
pamap2,gnn_flatten_lstm,sequence,3,103,103,104,1746,9733,9733,9,9,16,16,vacuum_cleaning,vacuum_cleaning,True,0.00018628192,0.0013762348,5.2746967e-05,7.44694e-05,0.00019216069,0.00015104917,0.00026651376,9.493295e-05,6.572104e-06,0.9968919,0.00069974444,7.3979872e-06,0.9968919
pamap2,gnn_flatten_lstm,sequence,3,103,103,104,1747,9734,9734,9,9,16,16,vacuum_cleaning,vacuum_cleaning,True,0.00020077714,0.0018318857,7.212257e-05,7.5279655e-05,0.00020374627,0.00019688776,0.00028013912,0.00011767428,8.0037735e-06,0.9958831,0.0011224732,7.9901065e-06,0.9958831
pamap2,gnn_flatten_lstm,sequence,3,103,103,104,1748,9735,9735,9,9,16,16,vacuum_cleaning,vacuum_cleaning,True,0.00029096077,0.003096185,0.00015151658,9.197301e-05,0.00024964113,0.00031593436,0.0003719515,0.00018454561,1.2724833e-05,0.99270105,0.0025223026,1.1208837e-05,0.99270105
pamap2,gnn_flatten_lstm,sequence,3,103,103,104,1749,9736,9736,9,9,16,16,vacuum_cleaning,vacuum_cleaning,True,0.000306721,0.0029916365,0.0001591308,0.00011250688,0.0002799032,0.00029761632,0.0003852253,0.00021301245,1.4550942e-05,0.99298733,0.0022397265,1.2616881e-05,0.99298733
pamap2,gnn_flatten_lstm,sequence,3,103,103,104,1750,9737,9737,9,9,16,16,vacuum_cleaning,vacuum_cleaning,True,0.00032799423,0.0033900735,0.00019206137,0.00012114477,0.0002605022,0.00026512708,0.00037243185,0.0002510482,1.527783e-05,0.9919831,0.002808487,1.2700507e-05,0.9919831
pamap2,gnn_flatten_lstm,sequence,3,103,103,104,1751,9738,9738,9,9,16,16,vacuum_cleaning,vacuum_cleaning,True,0.00041429975,0.004101167,0.0002439099,0.00013580873,0.00024418617,0.000233507,0.00041688862,0.00029374665,1.7018992e-05,0.9909277,0.0029576635,1.4181791e-05,0.9909277
pamap2,gnn_flatten_lstm,sequence,3,103,103,104,1752,9739,9739,9,9,16,16,vacuum_cleaning,vacuum_cleaning,True,0.0003652832,0.0038727135,0.00027221008,0.00011561715,0.00025879644,0.00025091617,0.00032997312,0.00031283358,1.5968537e-05,0.9900489,0.004144848,1.2026104e-05,0.9900489
pamap2,gnn_flatten_lstm,sequence,3,103,103,104,1753,9740,9740,9,9,16,16,vacuum_cleaning,vacuum_cleaning,True,0.00032370305,0.0031134197,0.00021215605,0.00011950634,0.00027055043,0.00023793614,0.00030446405,0.00028693274,1.5129545e-05,0.9919933,0.0031113732,1.1517362e-05,0.9919933
pamap2,gnn_flatten_lstm,sequence,3,103,103,104,1754,9741,9741,9,9,16,16,vacuum_cleaning,vacuum_cleaning,True,0.00032707286,0.0028923291,0.00018843895,0.00012071392,0.00027595562,0.00023991402,0.00030475872,0.0002719705,1.4929389e-05,0.9926817,0.002670825,1.1601799e-05,0.9926817
pamap2,gnn_flatten_lstm,sequence,3,103,103,104,1755,9742,9742,9,9,16,16,vacuum_cleaning,vacuum_cleaning,True,0.0005366523,0.0056749033,0.00064571475,0.00013691826,0.0003764123,0.0004166091,0.0003311907,0.00058851286,2.7162025e-05,0.9778876,0.013362614,1.5768475e-05,0.9778876
pamap2,gnn_flatten_lstm,sequence,3,103,103,104,1756,9743,9743,9,9,16,16,vacuum_cleaning,vacuum_cleaning,True,0.0011419157,0.014946611,0.003692123,0.00017991001,0.00058695156,0.001048675,0.0004540923,0.0015617853,6.7188106e-05,0.86630213,0.10998885,2.9704424e-05,0.86630213
pamap2,gnn_flatten_lstm,sequence,3,103,103,104,1757,9744,9744,9,9,16,16,vacuum_cleaning,vacuum_cleaning,True,0.0017857036,0.02634487,0.0119204465,0.00018545079,0.00059620285,0.0014897569,0.0006050828,0.002350372,0.00010835204,0.67166346,0.28291038,3.990556e-05,0.67166346
pamap2,gnn_flatten_lstm,sequence,3,103,103,104,1758,9745,9745,9,9,16,16,vacuum_cleaning,vacuum_cleaning,True,0.00082572526,0.0108519,0.0019883323,0.00015997676,0.00039890947,0.00061066187,0.0004468064,0.0010423989,4.5691664e-05,0.9425507,0.041057922,2.0853395e-05,0.9425507
pamap2,gnn_flatten_lstm,sequence,3,103,103,104,1759,9746,9746,9,9,16,16,vacuum_cleaning,vacuum_cleaning,True,0.0007948011,0.010048397,0.0018297859,0.00019300338,0.00040518504,0.00050141534,0.00044237386,0.0011182324,4.6302168e-05,0.95312995,0.03146886,2.1791979e-05,0.95312995
pamap2,gnn_flatten_lstm,sequence,3,103,103,104,1760,9747,9747,9,9,16,16,vacuum_cleaning,vacuum_cleaning,True,0.0006000321,0.007279893,0.001081091,0.0001677939,0.00040261226,0.00046439044,0.00035341142,0.00080764515,3.418955e-05,0.9667516,0.02203836,1.9048197e-05,0.9667516
pamap2,gnn_flatten_lstm,sequence,3,103,103,104,1761,9748,9748,9,9,16,16,vacuum_cleaning,vacuum_cleaning,True,0.00030840072,0.003922117,0.00032499508,0.00010288483,0.00029841662,0.00034518793,0.0002483063,0.00035635123,1.6956168e-05,0.98599005,0.008075072,1.1148648e-05,0.98599005
pamap2,gnn_flatten_lstm,sequence,3,103,103,104,1762,9749,9749,9,9,16,16,vacuum_cleaning,vacuum_cleaning,True,0.00033996854,0.00491262,0.00044385527,9.966901e-05,0.00029583127,0.0004113702,0.00024841077,0.0004213039,1.8694775e-05,0.9794597,0.01333715,1.1436761e-05,0.9794597
pamap2,gnn_flatten_lstm,sequence,3,103,103,104,1763,9750,9750,9,9,16,16,vacuum_cleaning,vacuum_cleaning,True,0.00035382164,0.0052574095,0.00051077834,9.8071956e-05,0.0002887128,0.00041074806,0.00024477934,0.00044546332,1.8764724e-05,0.97660375,0.015756384,1.1275483e-05,0.97660375
pamap2,gnn_flatten_lstm,sequence,3,103,103,104,1764,9751,9751,9,9,16,16,vacuum_cleaning,vacuum_cleaning,True,0.0002462484,0.0026404446,0.00017954907,9.362406e-05,0.00023076995,0.0002193609,0.00021974092,0.000251714,1.2288794e-05,0.9925161,0.0033815822,8.568601e-06,0.9925161
pamap2,gnn_flatten_lstm,sequence,3,103,103,104,1765,9752,9752,9,9,16,16,vacuum_cleaning,vacuum_cleaning,True,0.000255372,0.0022850547,0.00014465016,9.871747e-05,0.00021896434,0.00017797093,0.00023144785,0.00022159467,1.1542456e-05,0.99425805,0.0020878778,8.7235785e-06,0.99425805
pamap2,gnn_flatten_lstm,sequence,3,103,103,104,1766,9753,9753,9,9,16,16,vacuum_cleaning,vacuum_cleaning,True,0.00025339064,0.0018259775,9.921689e-05,0.0001051773,0.00021048152,0.00014225385,0.00025898856,0.00016730855,9.929475e-06,0.9958728,0.001045373,9.126305e-06,0.9958728
pamap2,gnn_flatten_lstm,sequence,3,103,103,104,1767,9754,9754,9,9,16,16,vacuum_cleaning,vacuum_cleaning,True,0.0002554772,0.0016461975,8.151017e-05,0.00012195398,0.00020865607,0.000116461895,0.0002839062,0.0001555574,9.474548e-06,0.9964574,0.00065372925,9.772115e-06,0.9964574
pamap2,gnn_flatten_lstm,sequence,3,103,103,104,1768,9755,9755,9,9,16,16,vacuum_cleaning,vacuum_cleaning,True,0.00030778116,0.0018926844,0.00010089114,0.00015522222,0.00023661905,0.0001234596,0.0003321164,0.00019140716,1.1628395e-05,0.9959551,0.0006811169,1.2061214e-05,0.9959551
pamap2,gnn_flatten_lstm,sequence,3,103,103,104,1769,9756,9756,9,9,16,16,vacuum_cleaning,vacuum_cleaning,True,0.00030761157,0.0018390911,9.8123346e-05,0.00015514587,0.00024401795,0.00012637385,0.00033478858,0.00018434747,1.1245118e-05,0.9960102,0.00067696004,1.2219412e-05,0.9960102
pamap2,gnn_flatten_lstm,sequence,3,103,103,104,1770,9757,9757,9,9,16,16,vacuum_cleaning,vacuum_cleaning,True,0.0002978315,0.001650203,8.7118926e-05,0.00015152509,0.00024652435,0.00012182505,0.00032041117,0.00017185017,1.0468511e-05,0.9963081,0.00062218553,1.1972096e-05,0.9963081
pamap2,gnn_flatten_lstm,sequence,3,103,103,104,1771,9758,9758,9,9,16,16,vacuum_cleaning,vacuum_cleaning,True,0.00026847396,0.0014556067,7.3880845e-05,0.00013737073,0.00023967023,0.00011916211,0.00030034388,0.00014790514,9.297854e-06,0.9966628,0.00057435315,1.1162331e-05,0.9966628
pamap2,gnn_flatten_lstm,sequence,3,103,103,104,1772,9759,9759,9,9,16,16,vacuum_cleaning,vacuum_cleaning,True,0.0002460788,0.0013347517,6.363188e-05,0.00012601612,0.00022608438,0.00011065945,0.0002867177,0.00013089029,8.270052e-06,0.99695814,0.0004983459,1.0364325e-05,0.99695814
pamap2,gnn_flatten_lstm,sequence,3,103,103,104,1773,9760,9760,9,9,16,16,vacuum_cleaning,vacuum_cleaning,True,0.00022543127,0.0012819478,5.6081433e-05,0.00010779034,0.00020637513,0.000107810796,0.00027154753,0.000114277886,7.271343e-06,0.9971317,0.00048039976,9.227374e-06,0.9971317
pamap2,gnn_flatten_lstm,sequence,3,103,103,104,1774,9761,9761,9,9,16,16,vacuum_cleaning,vacuum_cleaning,True,0.00023107695,0.0014397156,6.386458e-05,0.00010523355,0.00020049201,0.00011390011,0.0002688881,0.00012479132,7.836991e-06,0.996855,0.0005803504,8.976983e-06,0.996855
pamap2,gnn_flatten_lstm,sequence,3,103,103,104,1775,9762,9762,9,9,16,16,vacuum_cleaning,vacuum_cleaning,True,0.00023350296,0.0014420561,6.677777e-05,0.00011190811,0.00020806861,0.00011372582,0.00026943468,0.00013421076,8.268827e-06,0.99682295,0.0005799074,9.256374e-06,0.99682295
pamap2,gnn_flatten_lstm,sequence,3,103,103,104,1776,9763,9763,9,9,16,16,vacuum_cleaning,vacuum_cleaning,True,0.00025670035,0.001701672,8.5142e-05,0.00012227414,0.00022265216,0.00013520528,0.00028989234,0.0001596187,9.879447e-06,0.99625325,0.0007534773,1.0229026e-05,0.99625325
pamap2,gnn_flatten_lstm,sequence,3,103,103,104,1777,9764,9764,9,9,16,16,vacuum_cleaning,vacuum_cleaning,True,0.00029513193,0.0020547155,0.00011263465,0.00013618905,0.00025415697,0.00016886482,0.0003246928,0.00019516966,1.2134763e-05,0.9954165,0.0010180997,1.1663079e-05,0.9954165
pamap2,gnn_flatten_lstm,sequence,3,103,103,104,1778,9765,9765,9,9,16,16,vacuum_cleaning,vacuum_cleaning,True,0.00033817848,0.002437192,0.00012694641,0.00013682475,0.00026175706,0.00019642671,0.00037485245,0.00020517607,1.3709113e-05,0.9946859,0.0012097316,1.3203366e-05,0.9946859
pamap2,gnn_flatten_lstm,sequence,3,103,103,104,1779,9766,9766,9,9,16,16,vacuum_cleaning,vacuum_cleaning,True,0.0004778077,0.003527899,0.0001853348,0.00016468574,0.00030244995,0.00026502047,0.0005462837,0.00025621956,1.8829227e-05,0.9925331,0.0017037343,1.8474953e-05,0.9925331
pamap2,gnn_flatten_lstm,sequence,3,103,103,104,1780,9767,9767,9,9,16,16,vacuum_cleaning,vacuum_cleaning,True,0.00037392817,0.0029177475,0.00016671502,0.0001599457,0.00032656846,0.00027949136,0.00044374357,0.00025601967,1.7545646e-05,0.9931739,0.0018683968,1.5935928e-05,0.9931739
pamap2,gnn_flatten_lstm,sequence,3,103,103,104,1781,9768,9768,9,9,16,16,vacuum_cleaning,vacuum_cleaning,True,0.00031908436,0.0025913075,0.00016568029,0.00015769796,0.00034471415,0.00028633187,0.0003649149,0.0002785456,1.6947304e-05,0.9933422,0.0021182762,1.4271335e-05,0.9933422
pamap2,gnn_flatten_lstm,sequence,3,103,103,104,1782,9769,9769,9,9,16,16,vacuum_cleaning,vacuum_cleaning,True,0.00044195258,0.004784377,0.0004926399,0.00017750145,0.00042488406,0.0004593319,0.00038080386,0.0005472088,2.6642452e-05,0.98349804,0.008749081,1.7461434e-05,0.98349804
pamap2,gnn_flatten_lstm,sequence,3,103,103,104,1783,9770,9770,9,9,16,16,vacuum_cleaning,vacuum_cleaning,True,0.00083266315,0.01026176,0.0019460942,0.00019998138,0.0005632679,0.0007651754,0.00044504387,0.0010515796,4.710601e-05,0.9389097,0.044950053,2.7656619e-05,0.9389097
pamap2,gnn_flatten_lstm,sequence,3,103,103,104,1784,9771,9771,9,9,16,16,vacuum_cleaning,vacuum_cleaning,True,0.00078249205,0.008810897,0.0014808883,0.00019805413,0.0005764941,0.00072008074,0.00041834876,0.0008652233,4.097725e-05,0.9521121,0.033967044,2.751838e-05,0.9521121
pamap2,gnn_flatten_lstm,sequence,3,103,103,104,1785,9772,9772,9,9,16,16,vacuum_cleaning,vacuum_cleaning,True,0.0013512188,0.015812483,0.003989497,0.0002371342,0.00072047615,0.0011979564,0.00050581386,0.001473739,6.406205e-05,0.863084,0.111525,3.862992e-05,0.863084
pamap2,gnn_flatten_lstm,sequence,3,103,103,104,1786,9773,9773,9,9,16,16,vacuum_cleaning,vacuum_cleaning,True,0.00083128206,0.009640641,0.0014556738,0.00017166503,0.00053941103,0.0007402226,0.00043235885,0.0007981133,3.8584927e-05,0.94760865,0.03771628,2.6983465e-05,0.94760865
pamap2,gnn_flatten_lstm,sequence,3,103,103,104,1787,9774,9774,9,9,16,16,vacuum_cleaning,vacuum_cleaning,True,0.00036058176,0.0025098405,0.00014660822,0.00016710373,0.00036788898,0.000274864,0.0004169297,0.00024034544,1.6607099e-05,0.99382013,0.001661934,1.7134296e-05,0.99382013
pamap2,gnn_flatten_lstm,sequence,3,103,103,104,1788,9775,9775,9,9,16,16,vacuum_cleaning,vacuum_cleaning,True,0.00031906986,0.0019041969,9.391673e-05,0.00016051308,0.00031385303,0.00019779029,0.0004094083,0.00017788558,1.261593e-05,0.9955409,0.00085462513,1.5150325e-05,0.9955409
pamap2,gnn_flatten_lstm,sequence,3,103,103,104,1789,9776,9776,9,9,16,16,vacuum_cleaning,vacuum_cleaning,True,0.00025769923,0.0014671342,6.5472625e-05,0.00012845473,0.0002491545,0.00014019205,0.00034035734,0.00012987127,8.925832e-06,0.9966394,0.0005618573,1.1446216e-05,0.9966394
pamap2,gnn_flatten_lstm,sequence,3,103,103,104,1790,9777,9777,9,9,16,16,vacuum_cleaning,vacuum_cleaning,True,0.00022362235,0.0012519236,5.2390722e-05,0.000109071436,0.00022944734,0.00012981416,0.00030688662,0.00010805165,7.466621e-06,0.9970812,0.00049019326,9.913386e-06,0.9970812
pamap2,gnn_flatten_lstm,sequence,3,103,103,104,1791,9778,9778,9,9,16,16,vacuum_cleaning,vacuum_cleaning,True,0.00020279942,0.0011324006,4.5444496e-05,9.707066e-05,0.00021304621,0.00012389457,0.00028483945,9.497813e-05,6.5820464e-06,0.9973341,0.0004559794,8.870384e-06,0.9973341
pamap2,gnn_flatten_lstm,sequence,3,103,103,104,1792,9779,9779,9,9,16,16,vacuum_cleaning,vacuum_cleaning,True,0.00017890404,0.001007933,3.7946058e-05,8.459883e-05,0.00018346409,0.000101815975,0.00025542933,8.0535385e-05,5.3913677e-06,0.9976883,0.00036815339,7.511947e-06,0.9976883
pamap2,gnn_flatten_lstm,sequence,3,103,103,104,1793,9780,9780,9,9,16,16,vacuum_cleaning,vacuum_cleaning,True,0.0001884914,0.0009877763,3.7917027e-05,9.0769325e-05,0.00018058246,9.3916104e-05,0.0002607067,8.1203696e-05,5.3833146e-06,0.997724,0.00034151858,7.699426e-06,0.997724
pamap2,gnn_flatten_lstm,sequence,3,103,103,104,1794,9781,9781,9,9,16,16,vacuum_cleaning,vacuum_cleaning,True,0.00018844713,0.0009925524,3.8498558e-05,8.947888e-05,0.00017410236,9.071936e-05,0.0002550779,7.987226e-05,5.217676e-06,0.99773043,0.0003482152,7.450748e-06,0.99773043
pamap2,gnn_flatten_lstm,sequence,3,103,103,104,1795,9782,9782,9,9,16,16,vacuum_cleaning,vacuum_cleaning,True,0.0002094839,0.0010776919,4.2132622e-05,9.7672564e-05,0.00017813324,8.821045e-05,0.00027922064,8.412035e-05,5.5658174e-06,0.99758697,0.00034256242,8.201884e-06,0.99758697
pamap2,gnn_flatten_lstm,sequence,3,103,103,104,1796,9783,9783,9,9,16,16,vacuum_cleaning,vacuum_cleaning,True,0.00025805953,0.0012111986,4.77834e-05,0.000117243704,0.00018755368,8.661009e-05,0.00033435316,9.343365e-05,6.2914078e-06,0.9973126,0.00033502455,9.8649425e-06,0.9973126
pamap2,gnn_flatten_lstm,sequence,3,103,103,104,1797,9784,9784,9,9,16,16,vacuum_cleaning,vacuum_cleaning,True,0.00021134183,0.0010410742,3.8950173e-05,9.608155e-05,0.00016782508,7.829603e-05,0.00027994666,7.950558e-05,5.1694005e-06,0.99769527,0.00029860705,8.0546515e-06,0.99769527
pamap2,gnn_flatten_lstm,sequence,3,103,103,104,1798,9785,9785,9,9,16,16,vacuum_cleaning,vacuum_cleaning,True,0.00018895713,0.0009644513,3.5020454e-05,8.4826104e-05,0.00015835275,7.5543685e-05,0.00025524703,7.167142e-05,4.628856e-06,0.9978702,0.00028391127,7.1808627e-06,0.9978702
pamap2,gnn_flatten_lstm,sequence,3,103,103,104,1799,9786,9786,9,9,16,16,vacuum_cleaning,vacuum_cleaning,True,0.00020564743,0.0011127483,3.8811297e-05,8.363301e-05,0.0001649539,8.544827e-05,0.00028299267,7.426403e-05,4.9863092e-06,0.9976169,0.000321836,7.715129e-06,0.9976169
pamap2,gnn_flatten_lstm,sequence,3,103,103,104,1800,9787,9787,9,9,16,16,vacuum_cleaning,vacuum_cleaning,True,0.0002160082,0.0011681358,4.1710126e-05,8.8215005e-05,0.00016900917,8.627734e-05,0.00029737153,7.7927165e-05,5.2636688e-06,0.9975101,0.00033185614,8.14197e-06,0.9975101
pamap2,gnn_flatten_lstm,sequence,3,103,103,104,1801,9788,9788,9,9,16,16,vacuum_cleaning,vacuum_cleaning,True,0.00019738241,0.0011055169,3.91689e-05,7.991202e-05,0.00016456035,8.755686e-05,0.0002746343,7.348506e-05,4.904569e-06,0.99762565,0.00033971193,7.4534546e-06,0.99762565
pamap2,gnn_flatten_lstm,sequence,3,103,103,104,1802,9789,9789,9,9,16,16,vacuum_cleaning,vacuum_cleaning,True,0.00019048512,0.0012084813,4.0373394e-05,7.09262e-05,0.00017634644,0.00011079737,0.00028068048,7.358045e-05,5.1202337e-06,0.9974233,0.00041244458,7.4882964e-06,0.9974233
pamap2,gnn_flatten_lstm,sequence,3,103,103,104,1803,9790,9790,9,9,16,16,vacuum_cleaning,vacuum_cleaning,True,0.00018253521,0.0012049048,4.1149127e-05,7.138726e-05,0.00018218112,0.000114657196,0.00027442578,7.566325e-05,5.2137825e-06,0.9974215,0.0004189085,7.478684e-06,0.9974215
pamap2,gnn_flatten_lstm,sequence,3,103,103,104,1804,9791,9791,9,9,16,16,vacuum_cleaning,vacuum_cleaning,True,0.00016344474,0.0011375274,3.6974583e-05,6.143615e-05,0.00017052973,0.00011529642,0.0002514816,6.829166e-05,4.661332e-06,0.99756396,0.00041976382,6.5537515e-06,0.99756396
pamap2,gnn_flatten_lstm,sequence,3,103,103,104,1805,9792,9792,9,9,16,16,vacuum_cleaning,vacuum_cleaning,True,0.00014941127,0.0010988396,3.486806e-05,5.644686e-05,0.00016406926,0.00011639324,0.00023733353,6.5150736e-05,4.447114e-06,0.99764377,0.00042312182,6.030037e-06,0.99764377
pamap2,gnn_flatten_lstm,sequence,3,103,103,104,1806,9793,9793,9,9,16,16,vacuum_cleaning,vacuum_cleaning,True,0.0001610819,0.0011771272,3.8613303e-05,6.269518e-05,0.00016378875,0.000112416616,0.0002486498,7.052257e-05,4.769464e-06,0.99752456,0.00042941736,6.3443795e-06,0.99752456
pamap2,gnn_flatten_lstm,sequence,3,103,103,104,1807,9794,9794,9,9,16,16,vacuum_cleaning,vacuum_cleaning,True,0.00016051394,0.0010740942,3.5933328e-05,6.641526e-05,0.00015912164,0.000100462,0.00024356373,6.900492e-05,4.611949e-06,0.9977018,0.00037803626,6.312196e-06,0.9977018
pamap2,gnn_flatten_lstm,sequence,3,103,103,104,1808,9795,9795,9,9,16,16,vacuum_cleaning,vacuum_cleaning,True,0.00019093037,0.0011124022,3.8675793e-05,8.2881146e-05,0.00016672535,9.566492e-05,0.00027952893,7.552117e-05,5.130299e-06,0.99759465,0.0003504078,7.4512755e-06,0.99759465
pamap2,gnn_flatten_lstm,sequence,3,103,103,104,1809,9796,9796,9,9,16,16,vacuum_cleaning,vacuum_cleaning,True,0.00017017989,0.0010231079,3.6094127e-05,7.467865e-05,0.00015749894,9.070299e-05,0.00024360552,7.12177e-05,4.636379e-06,0.99777204,0.0003495053,6.5792497e-06,0.99777204
pamap2,gnn_flatten_lstm,sequence,3,103,103,104,1810,9797,9797,9,9,16,16,vacuum_cleaning,vacuum_cleaning,True,0.00015693267,0.0009831986,3.5008565e-05,7.0807306e-05,0.00015519932,9.146044e-05,0.00022404612,7.0891634e-05,4.51176e-06,0.99784064,0.0003609988,6.1480478e-06,0.99784064
pamap2,gnn_flatten_lstm,sequence,3,103,103,104,1811,9798,9798,9,9,16,16,vacuum_cleaning,vacuum_cleaning,True,0.00018940355,0.0011978786,4.2173346e-05,7.845091e-05,0.0001745215,0.000111124806,0.00027381955,8.008211e-05,5.3948843e-06,0.9974025,0.00043722766,7.3760284e-06,0.9974025
pamap2,gnn_flatten_lstm,sequence,3,103,103,104,1812,9799,9799,9,9,16,16,vacuum_cleaning,vacuum_cleaning,True,0.00020522685,0.0012145411,4.3067597e-05,8.097832e-05,0.00017094558,0.000101196754,0.00028563692,7.997561e-05,5.445737e-06,0.99739647,0.00040890984,7.631599e-06,0.99739647
pamap2,gnn_flatten_lstm,sequence,3,103,103,104,1813,9800,9800,9,9,16,16,vacuum_cleaning,vacuum_cleaning,True,0.00021881433,0.0012093557,4.46269e-05,9.052323e-05,0.00017330219,9.3793766e-05,0.0002991562,8.3397405e-05,5.694837e-06,0.997398,0.00037511927,8.1906865e-06,0.997398
pamap2,gnn_flatten_lstm,sequence,3,103,103,104,1814,9801,9801,9,9,16,16,vacuum_cleaning,vacuum_cleaning,True,0.00021241167,0.0012649446,4.4513457e-05,7.8610305e-05,0.00017108677,0.00010851151,0.0002962323,7.8972786e-05,5.5370033e-06,0.9972801,0.00045120646,7.7655695e-06,0.9972801
pamap2,gnn_flatten_lstm,sequence,3,103,103,104,1815,9802,9802,9,9,16,16,vacuum_cleaning,vacuum_cleaning,True,0.00019999676,0.001328663,4.4981574e-05,6.8999274e-05,0.00017930639,0.00013305883,0.0002995006,7.7188546e-05,5.6538324e-06,0.9971132,0.00054192846,7.563658e-06,0.9971132
pamap2,gnn_flatten_lstm,sequence,3,103,103,104,1816,9803,9803,9,9,16,16,vacuum_cleaning,vacuum_cleaning,True,0.00016179208,0.0012263564,3.980259e-05,5.670609e-05,0.00017427672,0.00014202674,0.00026507632,6.996014e-05,5.0868907e-06,0.9973018,0.0005507408,6.4237147e-06,0.9973018
pamap2,gnn_flatten_lstm,sequence,3,103,103,104,1817,9804,9804,9,9,16,16,vacuum_cleaning,vacuum_cleaning,True,0.0001467355,0.0011397304,3.786369e-05,5.6707973e-05,0.00017580323,0.0001361484,0.0002409212,7.0017326e-05,4.913142e-06,0.9974738,0.00051128515,6.1488586e-06,0.9974738
pamap2,gnn_flatten_lstm,sequence,3,103,103,104,1818,9805,9805,9,9,16,16,vacuum_cleaning,vacuum_cleaning,True,0.00013744246,0.0012993179,4.117152e-05,5.0809016e-05,0.00018215983,0.0001721897,0.0002446271,7.269308e-05,5.0856065e-06,0.9971318,0.0006566043,6.002593e-06,0.9971318
pamap2,gnn_flatten_lstm,sequence,3,103,103,104,1819,9806,9806,9,9,16,16,vacuum_cleaning,vacuum_cleaning,True,0.0001286314,0.0013993568,4.4189517e-05,4.7294005e-05,0.00018846345,0.00021278416,0.00024704635,7.445728e-05,5.2192436e-06,0.9968125,0.00083415245,5.8125174e-06,0.9968125
pamap2,gnn_flatten_lstm,sequence,3,103,103,104,1820,9807,9807,9,9,16,16,vacuum_cleaning,vacuum_cleaning,True,0.00012777204,0.0013529515,4.4699293e-05,5.237646e-05,0.0001858847,0.00020187313,0.00024629006,7.6435346e-05,5.357644e-06,0.99690115,0.0007992084,5.9301906e-06,0.99690115
pamap2,gnn_flatten_lstm,sequence,3,103,103,104,1821,9808,9808,9,9,16,16,vacuum_cleaning,vacuum_cleaning,True,0.00012808733,0.0013997937,4.5816294e-05,5.344823e-05,0.00018594661,0.00020388069,0.00025662468,7.700642e-05,5.4162674e-06,0.9968528,0.0007851329,6.13891e-06,0.9968528
pamap2,gnn_flatten_lstm,sequence,3,103,103,104,1822,9809,9809,9,9,16,16,vacuum_cleaning,vacuum_cleaning,True,0.0001302002,0.0017317112,5.413115e-05,4.9768463e-05,0.00021570019,0.00031418994,0.00031117516,8.275532e-05,6.3010234e-06,0.9959662,0.0011309047,7.042733e-06,0.9959662
pamap2,gnn_flatten_lstm,sequence,3,103,103,104,1823,9810,9810,9,9,16,16,vacuum_cleaning,vacuum_cleaning,True,0.00010560473,0.0016835297,5.3134678e-05,4.2383464e-05,0.00022617096,0.00040104237,0.0002727573,8.238046e-05,5.9353247e-06,0.9956541,0.0014667899,6.1234755e-06,0.9956541
pamap2,gnn_flatten_lstm,sequence,3,103,103,104,1824,9811,9811,9,9,16,16,vacuum_cleaning,vacuum_cleaning,True,9.365991e-05,0.0013044379,4.0888353e-05,3.87081e-05,0.00018762563,0.00026542327,0.00021603404,6.8233516e-05,4.443129e-06,0.99678975,0.000985922,4.804732e-06,0.99678975
pamap2,gnn_flatten_lstm,sequence,3,103,103,104,1825,9812,9812,9,9,16,16,vacuum_cleaning,vacuum_cleaning,True,9.502693e-05,0.0011162249,3.5169458e-05,3.8996815e-05,0.00016385112,0.00018312658,0.00019207192,6.1364306e-05,3.86081e-06,0.9973889,0.00071706704,4.374675e-06,0.9973889
pamap2,gnn_flatten_lstm,sequence,3,103,103,104,1826,9813,9813,9,9,16,16,vacuum_cleaning,vacuum_cleaning,True,0.000103575636,0.0010698835,3.506538e-05,4.1960477e-05,0.00016489909,0.00016457688,0.00019442245,6.132792e-05,3.8747503e-06,0.9974975,0.0006584287,4.590908e-06,0.9974975
pamap2,gnn_flatten_lstm,sequence,3,103,103,104,1827,9814,9814,9,9,16,16,vacuum_cleaning,vacuum_cleaning,True,0.00010604711,0.0010956622,3.6584228e-05,4.1580955e-05,0.00017982195,0.00018374308,0.00019662509,6.438661e-05,4.1130143e-06,0.99736124,0.0007253823,4.8801585e-06,0.99736124
pamap2,gnn_flatten_lstm,sequence,3,103,103,104,1828,9815,9815,9,9,16,16,vacuum_cleaning,vacuum_cleaning,True,9.684694e-05,0.0009446847,2.9774836e-05,3.6500136e-05,0.00015328314,0.00013916624,0.00017288327,5.414368e-05,3.3552287e-06,0.9978198,0.0005455866,4.083498e-06,0.9978198
pamap2,gnn_flatten_lstm,sequence,3,103,103,104,1829,9816,9816,9,9,16,16,vacuum_cleaning,vacuum_cleaning,True,0.00010036621,0.0008876161,2.8692206e-05,3.8120954e-05,0.00013914828,0.000112869835,0.00016823428,5.131061e-05,3.167397e-06,0.9980013,0.00046521152,3.9185497e-06,0.9980013
pamap2,gnn_flatten_lstm,sequence,3,103,103,104,1830,9817,9817,9,9,16,16,vacuum_cleaning,vacuum_cleaning,True,0.000101167694,0.0009032307,2.9647044e-05,3.8623843e-05,0.00013881999,0.00011354885,0.00016846694,5.191135e-05,3.1950847e-06,0.9979644,0.0004831854,3.922061e-06,0.9979644
pamap2,gnn_flatten_lstm,sequence,3,103,103,104,1831,9818,9818,9,9,16,16,vacuum_cleaning,vacuum_cleaning,True,0.00010668039,0.0009448389,3.1977725e-05,4.0722498e-05,0.00014243835,0.00011575972,0.00017291974,5.4981432e-05,3.408538e-06,0.99787414,0.00050802325,4.147065e-06,0.99787414
pamap2,gnn_flatten_lstm,sequence,3,103,103,104,1832,9819,9819,9,9,16,16,vacuum_cleaning,vacuum_cleaning,True,0.000118151984,0.0009851418,3.4300672e-05,4.4558485e-05,0.0001490236,0.000114018054,0.00018068333,5.9632614e-05,3.7466314e-06,0.9978035,0.0005025431,4.6100663e-06,0.9978035
pamap2,gnn_flatten_lstm,sequence,3,103,103,104,1833,9820,9820,9,9,16,16,vacuum_cleaning,vacuum_cleaning,True,0.00010823315,0.00095218164,3.1123887e-05,3.914017e-05,0.00014987071,0.000121474266,0.00017260067,5.647758e-05,3.5871424e-06,0.99786216,0.00049869413,4.3651585e-06,0.99786216
pamap2,gnn_flatten_lstm,sequence,3,103,103,104,1834,9821,9821,9,9,16,16,vacuum_cleaning,vacuum_cleaning,True,0.000100374404,0.0009792056,3.0527102e-05,3.6532045e-05,0.00014609932,0.0001315153,0.00016520683,5.7087636e-05,3.5938494e-06,0.9977982,0.00054769154,4.0944024e-06,0.9977982
pamap2,gnn_flatten_lstm,sequence,3,103,103,104,1835,9822,9822,9,9,16,16,vacuum_cleaning,vacuum_cleaning,True,0.00010740232,0.0012515918,4.0127266e-05,3.8378577e-05,0.00014812122,0.00017101964,0.00017777768,6.855686e-05,4.3288956e-06,0.99713033,0.000858143,4.2626516e-06,0.99713033
pamap2,gnn_flatten_lstm,sequence,3,103,103,104,1836,9823,9823,9,9,16,16,vacuum_cleaning,vacuum_cleaning,True,0.00014667476,0.002014387,6.725702e-05,4.8907514e-05,0.00017422279,0.000268095,0.00026035332,9.553552e-05,6.6850585e-06,0.9953992,0.0015126833,6.068615e-06,0.9953992
pamap2,gnn_flatten_lstm,sequence,3,103,103,104,1837,9824,9824,9,9,16,16,vacuum_cleaning,vacuum_cleaning,True,0.00018330586,0.0026410876,9.0214904e-05,5.6639587e-05,0.000185984,0.0003239584,0.00033361762,0.00011377749,8.502378e-06,0.9940236,0.0020318846,7.4955406e-06,0.9940236
pamap2,gnn_flatten_lstm,sequence,3,103,103,104,1838,9825,9825,9,9,16,16,vacuum_cleaning,vacuum_cleaning,True,0.00024817474,0.0035403671,0.00012510466,7.045189e-05,0.00020424518,0.00036380827,0.0004408399,0.00014072283,1.0854598e-05,0.9922546,0.0025908279,9.903557e-06,0.9922546
pamap2,gnn_flatten_lstm,sequence,3,103,103,104,1839,9826,9826,9,9,16,16,vacuum_cleaning,vacuum_cleaning,True,0.00026988378,0.0045772404,0.00020456505,7.756799e-05,0.0002622482,0.0005403225,0.00046833535,0.00019599403,1.3393479e-05,0.9881146,0.005264396,1.13454325e-05,0.9881146
pamap2,gnn_flatten_lstm,sequence,3,103,103,104,1840,9827,9827,9,9,16,16,vacuum_cleaning,vacuum_cleaning,True,0.0002729519,0.0062027522,0.00035570914,7.851545e-05,0.00031778024,0.00088939926,0.000445995,0.0002824423,1.642916e-05,0.9766003,0.014525395,1.2275664e-05,0.9766003
pamap2,gnn_flatten_lstm,sequence,3,103,103,104,1841,9828,9828,9,9,16,16,vacuum_cleaning,vacuum_cleaning,True,0.00025295911,0.006627248,0.00043513815,7.65995e-05,0.0003285065,0.0010819321,0.0003942187,0.00033071378,1.7151815e-05,0.9669244,0.023519356,1.1826736e-05,0.9669244
pamap2,gnn_flatten_lstm,sequence,3,103,103,104,1842,9829,9829,9,9,16,16,vacuum_cleaning,vacuum_cleaning,True,0.00028130197,0.009143955,0.00077076745,7.581219e-05,0.00035553784,0.0015481114,0.0003658775,0.00046016838,2.1423024e-05,0.9246661,0.062298186,1.2745825e-05,0.9246661
pamap2,gnn_flatten_lstm,sequence,3,103,103,104,1843,9830,9830,9,9,16,16,vacuum_cleaning,vacuum_cleaning,True,0.00032010936,0.01457273,0.0020514175,6.2835155e-05,0.00034299126,0.0026800563,0.00027733902,0.0007545614,3.14072e-05,0.61212987,0.36676392,1.2822581e-05,0.61212987
pamap2,gnn_flatten_lstm,sequence,3,103,103,104,1844,9831,9831,9,10,16,17,vacuum_cleaning,ironing,False,0.00035369236,0.014904478,0.0027410528,5.8747777e-05,0.00033967922,0.0027161902,0.00025336878,0.0008267236,3.4182674e-05,0.46450174,0.51325685,1.3394441e-05,0.51325685
pamap2,gnn_flatten_lstm,sequence,3,103,103,104,1845,9832,9832,9,9,16,16,vacuum_cleaning,vacuum_cleaning,True,0.0004791423,0.015708365,0.00240439,8.093415e-05,0.00041352437,0.002172353,0.0003425512,0.00081762584,3.4392586e-05,0.7073746,0.2701552,1.6925063e-05,0.7073746
pamap2,gnn_flatten_lstm,sequence,3,103,103,104,1846,9833,9833,9,9,16,16,vacuum_cleaning,vacuum_cleaning,True,0.0004575423,0.010565462,0.00096676627,8.093071e-05,0.00033950264,0.0009996197,0.0004114456,0.00046329736,2.3249746e-05,0.9382739,0.047402866,1.546106e-05,0.9382739
pamap2,gnn_flatten_lstm,sequence,3,103,103,104,1847,9834,9834,9,9,16,16,vacuum_cleaning,vacuum_cleaning,True,0.0004429426,0.008470194,0.00060107594,8.425878e-05,0.00036873284,0.0011301949,0.0005507131,0.0003582872,2.3435605e-05,0.96358246,0.024370309,1.7319599e-05,0.96358246
pamap2,gnn_flatten_lstm,sequence,3,103,103,104,1848,9835,9835,9,9,16,16,vacuum_cleaning,vacuum_cleaning,True,0.00045653517,0.020253671,0.002404231,5.9058155e-05,0.00035050465,0.0028476443,0.00041250768,0.0007265541,4.076025e-05,0.63983893,0.3325915,1.820609e-05,0.63983893
pamap2,gnn_flatten_lstm,sequence,3,103,103,104,1849,9836,9836,9,10,16,17,vacuum_cleaning,ironing,False,0.00025584915,0.01680536,0.0024574865,2.8094883e-05,0.00016789835,0.002797368,0.00018103069,0.0005750028,3.0982308e-05,0.24463385,0.73205686,1.0245108e-05,0.73205686
pamap2,gnn_flatten_lstm,sequence,3,103,103,104,1850,9837,9837,9,10,16,17,vacuum_cleaning,ironing,False,0.00018159441,0.012894919,0.0024041834,2.1021458e-05,0.00011185561,0.0023438565,0.00011683561,0.00052292726,2.7929364e-05,0.12280007,0.8585671,7.642223e-06,0.8585671
pamap2,gnn_flatten_lstm,sequence,3,103,103,104,1851,9838,9838,9,10,16,17,vacuum_cleaning,ironing,False,7.913365e-05,0.0060087,0.0017848503,9.374516e-06,4.937213e-05,0.0016496056,4.481887e-05,0.00031007972,1.8447046e-05,0.031409726,0.9586321,3.805638e-06,0.9586321
pamap2,gnn_flatten_lstm,sequence,3,103,103,104,1852,9839,9839,9,10,16,17,vacuum_cleaning,ironing,False,6.981588e-05,0.005876503,0.0025898553,8.003525e-06,3.4301305e-05,0.0012954965,4.060934e-05,0.00029426342,2.308928e-05,0.011202514,0.9785615,4.111462e-06,0.9785615
pamap2,gnn_flatten_lstm,sequence,3,103,103,104,1853,9840,9840,8,10,13,17,descending_stairs,ironing,False,0.00035983723,0.02443992,0.031938147,7.896396e-05,0.00012902574,0.0016570803,0.0002442177,0.0018887877,0.00015166063,0.018062161,0.9210244,2.58553e-05,0.9210244
pamap2,gnn_flatten_lstm,sequence,3,103,103,104,1854,9841,9841,8,10,13,17,descending_stairs,ironing,False,0.0013232963,0.08355746,0.27485627,0.0006361361,0.00046707896,0.0019198062,0.0011093203,0.0076226485,0.0007501193,0.027930249,0.59969354,0.00013408902,0.59969354
pamap2,gnn_flatten_lstm,sequence,3,103,103,104,1855,9842,9842,8,2,13,3,descending_stairs,standing,False,0.0019783129,0.10157569,0.6316996,0.0016223247,0.00071402476,0.0012838396,0.001850588,0.010617749,0.0014017686,0.02082121,0.22617503,0.00025992506,0.6316996
pamap2,gnn_flatten_lstm,sequence,3,103,103,104,1856,9843,9843,8,2,13,3,descending_stairs,standing,False,0.002160433,0.07987957,0.7967825,0.002306413,0.00081471936,0.000799148,0.0019539087,0.010536548,0.0018154107,0.013834428,0.088813365,0.00030356846,0.7967825
pamap2,gnn_flatten_lstm,sequence,3,103,103,104,1857,9844,9844,8,2,13,3,descending_stairs,standing,False,0.0020928143,0.049289156,0.8949482,0.0029279757,0.0008084284,0.00039763845,0.0016691106,0.009085921,0.0020520969,0.0077220127,0.028725076,0.00028165855,0.8949482
pamap2,gnn_flatten_lstm,sequence,3,103,103,104,1858,9845,9845,8,2,13,3,descending_stairs,standing,False,0.0018091266,0.035962384,0.92923063,0.003365744,0.0006675222,0.00020823475,0.0013947122,0.007847707,0.0018945902,0.0047236867,0.012686041,0.00020965631,0.92923063
pamap2,gnn_flatten_lstm,sequence,3,103,103,104,1859,9846,9846,8,2,13,3,descending_stairs,standing,False,0.0015848875,0.035747632,0.9383833,0.0027710157,0.00050664524,0.00012858486,0.0010874153,0.006358842,0.0014879996,0.003502799,0.008292195,0.00014869575,0.9383833
pamap2,gnn_flatten_lstm,sequence,3,103,103,104,1860,9847,9847,8,2,13,3,descending_stairs,standing,False,0.001487884,0.03777853,0.94077843,0.0021628658,0.00041847338,9.774247e-05,0.00090786436,0.0054552755,0.0012280324,0.0028538613,0.0067106597,0.000120362965,0.94077843
pamap2,gnn_flatten_lstm,sequence,3,103,103,104,1861,9848,9848,8,2,13,3,descending_stairs,standing,False,0.0018737306,0.046241455,0.9295989,0.0026231247,0.00056355365,0.00012135754,0.0011536801,0.006094511,0.0015394678,0.0030540444,0.00697554,0.00016052808,0.9295989
pamap2,gnn_flatten_lstm,sequence,3,103,103,104,1862,9849,9849,8,2,13,3,descending_stairs,standing,False,0.002465144,0.059501972,0.91105676,0.0038289507,0.0008274916,0.00016954032,0.0016336645,0.0070909066,0.0022183629,0.0034879171,0.0074813226,0.00023792786,0.91105676
pamap2,gnn_flatten_lstm,sequence,3,103,103,104,1863,9850,9850,8,2,13,3,descending_stairs,standing,False,0.0023267085,0.05585323,0.9155269,0.00372786,0.0007861524,0.00015854876,0.0015428506,0.0069711674,0.0021028842,0.003461625,0.0073204967,0.00022140193,0.9155269
pamap2,gnn_flatten_lstm,sequence,3,103,103,104,1864,9851,9851,8,2,13,3,descending_stairs,standing,False,0.0020091725,0.04685325,0.9269112,0.003357679,0.00065395486,0.00013537027,0.0012703394,0.0065022893,0.0017726921,0.003374424,0.0069784834,0.00018115253,0.9269112
pamap2,gnn_flatten_lstm,sequence,3,103,103,104,1865,9852,9852,8,2,13,3,descending_stairs,standing,False,0.00266315,0.041572236,0.92336375,0.0060490905,0.0008360951,0.00017755272,0.0016351551,0.009773828,0.0025556074,0.0042391806,0.0068778745,0.00025655035,0.92336375
pamap2,gnn_flatten_lstm,sequence,3,103,103,104,1866,9853,9853,8,2,13,3,descending_stairs,standing,False,0.0038069654,0.03742095,0.90805024,0.013293085,0.0011023843,0.00020661714,0.0021405402,0.017362203,0.003958797,0.0056873285,0.0066229952,0.0003478778,0.90805024
pamap2,gnn_flatten_lstm,sequence,3,103,103,104,1867,9854,9854,8,2,13,3,descending_stairs,standing,False,0.0051580085,0.03773927,0.8719182,0.02304829,0.0016052697,0.00026220368,0.0029214458,0.032721996,0.0058771633,0.010192279,0.008094709,0.00046120092,0.8719182
pamap2,gnn_flatten_lstm,sequence,3,103,103,104,1868,9855,9855,8,2,13,3,descending_stairs,standing,False,0.007478713,0.045512654,0.8177595,0.023318384,0.0021569484,0.00037532204,0.004158216,0.056886427,0.008883287,0.018342912,0.01454531,0.000582387,0.8177595
pamap2,gnn_flatten_lstm,sequence,3,103,103,104,1869,9856,9856,8,2,13,3,descending_stairs,standing,False,0.0139441,0.059922177,0.73611337,0.03304962,0.00306569,0.0005074834,0.006616398,0.085393876,0.014440481,0.02745759,0.018552847,0.0009364152,0.73611337
pamap2,gnn_flatten_lstm,sequence,3,103,103,104,1870,9857,9857,8,7,13,12,descending_stairs,ascending_stairs,False,0.026835216,0.053240534,0.25158656,0.05681538,0.013338248,0.0018288833,0.011352887,0.42109212,0.12666091,0.020419389,0.011765675,0.005064158,0.42109212
pamap2,gnn_flatten_lstm,sequence,3,103,103,104,1871,9858,9858,8,7,13,12,descending_stairs,ascending_stairs,False,0.010735148,0.013117438,0.017235441,0.019797303,0.014681901,0.0024869335,0.0043749185,0.47542447,0.42709595,0.0035964246,0.0016133474,0.009840643,0.47542447
pamap2,gnn_flatten_lstm,sequence,3,103,103,104,1872,9859,9859,8,8,13,13,descending_stairs,descending_stairs,True,0.0015672535,0.0016220448,0.0005311105,0.0033916126,0.007418868,0.0021649878,0.0009125725,0.17796661,0.7946345,0.0003343914,0.00010891487,0.009347086,0.7946345
pamap2,gnn_flatten_lstm,sequence,3,103,103,104,1873,9860,9860,8,8,13,13,descending_stairs,descending_stairs,True,0.0001792629,0.00027296972,3.373432e-05,0.0005237848,0.0029154047,0.0014545812,0.00023116232,0.04471627,0.94425476,4.6921843e-05,1.1185355e-05,0.0053598797,0.94425476
pamap2,gnn_flatten_lstm,sequence,3,103,103,104,1874,9861,9861,8,8,13,13,descending_stairs,descending_stairs,True,3.1545864e-05,8.318396e-05,5.9885824e-06,0.00013867057,0.0010768517,0.0010259968,9.831311e-05,0.013570684,0.9816753,1.277959e-05,2.7805681e-06,0.0022778064,0.9816753
pamap2,gnn_flatten_lstm,sequence,3,103,103,104,1875,9862,9862,8,8,13,13,descending_stairs,descending_stairs,True,1.7649314e-05,5.6808025e-05,2.6735468e-06,6.61179e-05,0.0006972366,0.0011708798,8.424643e-05,0.006524775,0.9896249,8.210183e-06,1.6595191e-06,0.0017447604,0.9896249
pamap2,gnn_flatten_lstm,sequence,3,103,103,104,1876,9863,9863,8,8,13,13,descending_stairs,descending_stairs,True,8.9997475e-06,3.4777175e-05,1.1336712e-06,3.121904e-05,0.0004300951,0.0011944916,7.374752e-05,0.0030594314,0.9939594,5.1635093e-06,8.665871e-07,0.0012006378,0.9939594
pamap2,gnn_flatten_lstm,sequence,3,103,103,104,1877,9864,9864,8,8,13,13,descending_stairs,descending_stairs,True,5.8755645e-06,2.4990291e-05,7.055261e-07,2.0340422e-05,0.00033176146,0.001074482,6.50868e-05,0.0020755155,0.9954478,3.654447e-06,5.646055e-07,0.0009491865,0.9954478
pamap2,gnn_flatten_lstm,sequence,3,103,103,104,1878,9865,9865,8,8,13,13,descending_stairs,descending_stairs,True,5.324675e-06,2.2997367e-05,6.140613e-07,1.8037865e-05,0.00030274026,0.0009558114,6.394722e-05,0.0018003322,0.9958801,3.146533e-06,4.5253867e-07,0.00094645005,0.9958801
pamap2,gnn_flatten_lstm,sequence,3,103,103,104,1879,9866,9866,8,8,13,13,descending_stairs,descending_stairs,True,5.104205e-06,2.13596e-05,5.500526e-07,1.6245001e-05,0.00031208608,0.00091878104,6.715518e-05,0.0015919632,0.99604046,2.8975578e-06,3.8605484e-07,0.0010230831,0.99604046
pamap2,gnn_flatten_lstm,sequence,3,103,103,104,1880,9867,9867,8,8,13,13,descending_stairs,descending_stairs,True,5.22904e-06,2.1560261e-05,5.5173155e-07,1.6133126e-05,0.0003284913,0.0009329554,7.107016e-05,0.0015621769,0.9959747,2.9739497e-06,3.8559298e-07,0.0010838404,0.9959747
pamap2,gnn_flatten_lstm,sequence,3,103,103,104,1881,9868,9868,8,8,13,13,descending_stairs,descending_stairs,True,6.483972e-06,2.5537125e-05,6.2096086e-07,1.941734e-05,0.00032954416,0.00085915637,9.613394e-05,0.0013811891,0.9959125,3.2829728e-06,3.6043835e-07,0.0013656868,0.9959125
pamap2,gnn_flatten_lstm,sequence,3,103,103,104,1882,9869,9869,8,8,13,13,descending_stairs,descending_stairs,True,7.3561814e-06,2.8194741e-05,6.606365e-07,2.2305345e-05,0.00031400265,0.00082348683,0.00010972805,0.0013274956,0.9958919,3.489286e-06,3.5575272e-07,0.0014709893,0.9958919
pamap2,gnn_flatten_lstm,sequence,3,103,103,104,1883,9870,9870,8,8,13,13,descending_stairs,descending_stairs,True,5.824844e-06,2.4845354e-05,6.1738166e-07,1.9283118e-05,0.00029878374,0.0009034903,8.135175e-05,0.0015379408,0.99605644,3.317453e-06,4.065859e-07,0.0010676717,0.99605644
pamap2,gnn_flatten_lstm,sequence,3,103,103,104,1884,9871,9871,8,8,13,13,descending_stairs,descending_stairs,True,6.0395814e-06,2.540645e-05,6.0319684e-07,1.8454435e-05,0.00028339226,0.00085469155,7.492952e-05,0.0015334433,0.9960955,3.0612832e-06,3.853732e-07,0.0011041423,0.9960955
pamap2,gnn_flatten_lstm,sequence,3,103,103,104,1885,9872,9872,8,8,13,13,descending_stairs,descending_stairs,True,5.7203724e-06,2.3547474e-05,5.611755e-07,1.6587544e-05,0.00029095574,0.0008381415,6.904513e-05,0.0015369805,0.9961035,2.830356e-06,3.6615285e-07,0.0011118078,0.9961035
pamap2,gnn_flatten_lstm,sequence,3,103,103,104,1886,9873,9873,8,8,13,13,descending_stairs,descending_stairs,True,5.6869767e-06,2.301162e-05,5.710866e-07,1.6403668e-05,0.00030985297,0.0008530995,6.987917e-05,0.0015670091,0.99600995,2.8612283e-06,3.757563e-07,0.0011411357,0.99600995
pamap2,gnn_flatten_lstm,sequence,3,103,103,104,1887,9874,9874,8,8,13,13,descending_stairs,descending_stairs,True,6.5280483e-06,2.5449113e-05,5.9354807e-07,1.7698481e-05,0.00029876328,0.0008363404,7.895343e-05,0.0014375562,0.9959941,2.9644593e-06,3.6038986e-07,0.0013006747,0.9959941
pamap2,gnn_flatten_lstm,sequence,3,103,103,104,1888,9875,9875,8,8,13,13,descending_stairs,descending_stairs,True,7.1539034e-06,2.8471695e-05,6.573245e-07,1.984067e-05,0.00027884508,0.0008761544,7.6676624e-05,0.0015690557,0.99589074,3.25373e-06,4.1855705e-07,0.0012486867,0.99589074
pamap2,gnn_flatten_lstm,sequence,3,103,103,104,1889,9876,9876,8,8,13,13,descending_stairs,descending_stairs,True,6.733542e-06,2.7837665e-05,6.6750806e-07,1.9570036e-05,0.00027734015,0.00088943227,7.028633e-05,0.0016882434,0.9959046,3.215104e-06,4.500041e-07,0.001111697,0.9959046
pamap2,gnn_flatten_lstm,sequence,3,103,103,104,1890,9877,9877,8,8,13,13,descending_stairs,descending_stairs,True,6.456458e-06,2.666691e-05,6.4006593e-07,1.8528155e-05,0.00027936758,0.00088455714,6.566296e-05,0.0017344491,0.9959031,3.0966432e-06,4.4288316e-07,0.0010772054,0.9959031
pamap2,gnn_flatten_lstm,sequence,3,103,103,104,1891,9878,9878,8,8,13,13,descending_stairs,descending_stairs,True,5.7218244e-06,2.3035962e-05,5.6906447e-07,1.6588621e-05,0.0002931329,0.0008899715,6.1633495e-05,0.0016718506,0.99597734,2.8365039e-06,4.0208198e-07,0.0010570013,0.99597734
pamap2,gnn_flatten_lstm,sequence,3,103,103,104,1892,9879,9879,8,8,13,13,descending_stairs,descending_stairs,True,5.1498896e-06,2.0624426e-05,5.2669475e-07,1.5693498e-05,0.00031139297,0.00090613565,6.3077525e-05,0.001584224,0.9960438,2.757621e-06,3.729888e-07,0.0010461814,0.9960438
pamap2,gnn_flatten_lstm,sequence,3,103,103,104,1893,9880,9880,8,8,13,13,descending_stairs,descending_stairs,True,5.7758557e-06,2.2506269e-05,5.634759e-07,1.725543e-05,0.0003193898,0.00084736437,7.649537e-05,0.0014187414,0.9960526,2.8450463e-06,3.465229e-07,0.0012359734,0.9960526
pamap2,gnn_flatten_lstm,sequence,3,103,103,104,1894,9881,9881,8,8,13,13,descending_stairs,descending_stairs,True,5.8256924e-06,2.2523289e-05,5.449313e-07,1.7663766e-05,0.00031501576,0.0008191521,8.373302e-05,0.0013088235,0.99613875,2.8609109e-06,3.1830032e-07,0.0012847767,0.99613875
pamap2,gnn_flatten_lstm,sequence,3,103,103,104,1895,9882,9882,8,8,13,13,descending_stairs,descending_stairs,True,5.350625e-06,2.1939068e-05,5.587802e-07,1.6834267e-05,0.00031687203,0.0008923835,7.441729e-05,0.001473267,0.9960984,2.9241212e-06,3.7133682e-07,0.0010965653,0.9960984
pamap2,gnn_flatten_lstm,sequence,3,103,103,104,1896,9883,9883,8,8,13,13,descending_stairs,descending_stairs,True,5.1771985e-06,2.1464502e-05,5.300521e-07,1.5879636e-05,0.00030907127,0.0008889923,7.057175e-05,0.0014672264,0.9961404,2.8044728e-06,3.580524e-07,0.001077353,0.9961404
pamap2,gnn_flatten_lstm,sequence,3,103,103,104,1897,9884,9884,8,8,13,13,descending_stairs,descending_stairs,True,5.3190815e-06,2.1719814e-05,5.207997e-07,1.5471669e-05,0.00030065916,0.00086814695,6.99684e-05,0.0014041553,0.9961849,2.6777032e-06,3.408001e-07,0.001126084,0.9961849
pamap2,gnn_flatten_lstm,sequence,3,103,103,104,1898,9885,9885,8,8,13,13,descending_stairs,descending_stairs,True,4.9165146e-06,2.0063177e-05,4.9735036e-07,1.4769679e-05,0.00031946367,0.0009244918,7.1289454e-05,0.0013881443,0.99617285,2.7368492e-06,3.4465535e-07,0.0010806136,0.99617285
pamap2,gnn_flatten_lstm,sequence,3,103,103,104,1899,9886,9886,8,8,13,13,descending_stairs,descending_stairs,True,5.010665e-06,2.011535e-05,4.9461977e-07,1.4954847e-05,0.0003305811,0.0009601371,7.629253e-05,0.0013680115,0.99612266,2.8840338e-06,3.4726617e-07,0.0010984185,0.99612266
pamap2,gnn_flatten_lstm,sequence,3,103,103,104,1900,9887,9887,8,8,13,13,descending_stairs,descending_stairs,True,4.9319447e-06,2.0678597e-05,5.458595e-07,1.5839476e-05,0.00032237225,0.00096737273,6.9270405e-05,0.0015422782,0.9960443,2.935809e-06,3.9570844e-07,0.0010091326,0.9960443
pamap2,gnn_flatten_lstm,sequence,3,103,103,104,1901,9888,9888,8,8,13,13,descending_stairs,descending_stairs,True,4.878307e-06,2.0871146e-05,5.5135644e-07,1.6159318e-05,0.00031070661,0.00091457454,6.7091794e-05,0.0015944159,0.99608105,2.867839e-06,3.850752e-07,0.0009864249,0.99608105
pamap2,gnn_flatten_lstm,sequence,3,103,103,104,1902,9889,9889,8,8,13,13,descending_stairs,descending_stairs,True,5.461969e-06,2.3110622e-05,5.8028104e-07,1.6517031e-05,0.0003027666,0.0008597048,6.86741e-05,0.0015994153,0.9960304,2.8444513e-06,3.7945517e-07,0.0010901339,0.9960304
pamap2,gnn_flatten_lstm,sequence,3,103,103,104,1903,9890,9890,8,8,13,13,descending_stairs,descending_stairs,True,5.559323e-06,2.3324585e-05,5.9106065e-07,1.658913e-05,0.00031115467,0.00087448006,6.8110974e-05,0.0016561168,0.9959395,2.910696e-06,3.9393902e-07,0.0011012517,0.9959395
pamap2,gnn_flatten_lstm,sequence,3,103,103,104,1904,9891,9891,8,8,13,13,descending_stairs,descending_stairs,True,4.9164923e-06,2.104997e-05,5.649317e-07,1.6599826e-05,0.0003196713,0.0008866384,6.773953e-05,0.0016442231,0.9960239,2.9210985e-06,3.83793e-07,0.0010115781,0.9960239
pamap2,gnn_flatten_lstm,sequence,3,103,103,104,1905,9892,9892,8,8,13,13,descending_stairs,descending_stairs,True,5.3794083e-06,2.3100974e-05,6.316686e-07,1.9714325e-05,0.00031614324,0.0009281237,7.324082e-05,0.0017596021,0.9958578,3.4252641e-06,4.3426746e-07,0.0010124434,0.9958578
pamap2,gnn_flatten_lstm,sequence,3,103,103,104,1906,9893,9893,8,8,13,13,descending_stairs,descending_stairs,True,5.0836425e-06,2.210467e-05,6.4601744e-07,1.8989764e-05,0.0003201496,0.0009917134,6.3825675e-05,0.0020139043,0.9956856,3.4474824e-06,5.0439684e-07,0.0008741471,0.9956856
pamap2,gnn_flatten_lstm,sequence,3,103,103,104,1907,9894,9894,8,8,13,13,descending_stairs,descending_stairs,True,4.7733147e-06,2.0870566e-05,6.2302587e-07,1.8759029e-05,0.0003097332,0.00093592063,5.8797134e-05,0.002079953,0.995738,3.2472983e-06,4.7338585e-07,0.0008288646,0.995738
pamap2,gnn_flatten_lstm,sequence,3,103,103,104,1908,9895,9895,8,8,13,13,descending_stairs,descending_stairs,True,4.752589e-06,2.0358157e-05,6.0103145e-07,1.7817272e-05,0.00030887077,0.0009151657,5.496519e-05,0.002077001,0.9957468,3.0330712e-06,4.5210925e-07,0.00085019175,0.9957468
pamap2,gnn_flatten_lstm,sequence,3,103,103,104,1909,9896,9896,8,8,13,13,descending_stairs,descending_stairs,True,4.7496565e-06,2.0097883e-05,5.81073e-07,1.7150935e-05,0.00031107868,0.00091055105,5.558949e-05,0.0019599,0.99582726,2.912028e-06,4.2899362e-07,0.00088969734,0.99582726
pamap2,gnn_flatten_lstm,sequence,3,103,103,104,1910,9897,9897,8,8,13,13,descending_stairs,descending_stairs,True,4.5459774e-06,1.922372e-05,5.438698e-07,1.6607719e-05,0.0003175033,0.0009170198,5.8640362e-05,0.001787927,0.9959597,2.8732736e-06,3.97557e-07,0.0009150336,0.9959597
pamap2,gnn_flatten_lstm,sequence,3,103,103,104,1911,9898,9898,8,8,13,13,descending_stairs,descending_stairs,True,4.7099657e-06,1.9653588e-05,5.5839774e-07,1.8769937e-05,0.00034807992,0.00093552755,7.401853e-05,0.0017255642,0.9958877,3.3926678e-06,3.9267064e-07,0.0009816188,0.9958877
pamap2,gnn_flatten_lstm,sequence,3,103,103,104,1912,9899,9899,8,8,13,13,descending_stairs,descending_stairs,True,4.350433e-06,1.8901024e-05,5.381392e-07,1.789146e-05,0.00033245314,0.0009431087,6.9166155e-05,0.0017521549,0.9959842,3.29363e-06,3.9780303e-07,0.0008735724,0.9959842
pamap2,gnn_flatten_lstm,sequence,3,103,103,104,1913,9900,9900,8,8,13,13,descending_stairs,descending_stairs,True,4.1690128e-06,1.8382534e-05,5.1858206e-07,1.6807933e-05,0.00032965397,0.0009561208,6.5617845e-05,0.0017332812,0.9960277,3.139505e-06,3.9365128e-07,0.0008443633,0.9960277
pamap2,gnn_flatten_lstm,sequence,3,103,103,104,1914,9901,9901,8,8,13,13,descending_stairs,descending_stairs,True,4.1774856e-06,1.824066e-05,5.113159e-07,1.6020584e-05,0.00033448564,0.0009577797,6.436211e-05,0.0017184699,0.996018,3.0130705e-06,3.8877053e-07,0.0008645214,0.996018
pamap2,gnn_flatten_lstm,sequence,3,103,103,104,1915,9902,9902,8,8,13,13,descending_stairs,descending_stairs,True,4.3413615e-06,1.8888755e-05,5.377222e-07,1.6038954e-05,0.00032785386,0.00094068184,6.287168e-05,0.0017229248,0.9960139,2.8963118e-06,3.9745385e-07,0.00088875985,0.9960139
pamap2,gnn_flatten_lstm,sequence,3,103,103,104,1916,9903,9903,8,8,13,13,descending_stairs,descending_stairs,True,4.6316627e-06,2.0197462e-05,5.681024e-07,1.6606804e-05,0.00031854396,0.00090419914,6.54693e-05,0.0016684319,0.9960521,2.8415334e-06,3.8988583e-07,0.0009460683,0.9960521
pamap2,gnn_flatten_lstm,sequence,3,103,103,104,1917,9904,9904,8,8,13,13,descending_stairs,descending_stairs,True,4.573289e-06,1.9871904e-05,5.4624263e-07,1.618986e-05,0.00030996022,0.00088136655,6.4537184e-05,0.0016226758,0.99613047,2.742086e-06,3.6954916e-07,0.0009466266,0.99613047
pamap2,gnn_flatten_lstm,sequence,3,103,103,104,1918,9905,9905,8,8,13,13,descending_stairs,descending_stairs,True,4.545378e-06,1.9781372e-05,5.45391e-07,1.6396627e-05,0.00030847336,0.0008729074,6.464116e-05,0.0016229885,0.9961428,2.7508868e-06,3.6580568e-07,0.00094379025,0.9961428
pamap2,gnn_flatten_lstm,sequence,3,103,103,104,1919,9906,9906,8,8,13,13,descending_stairs,descending_stairs,True,4.9743203e-06,2.1304286e-05,5.912057e-07,1.8909755e-05,0.00029901467,0.0009081341,6.688356e-05,0.0017268119,0.9959959,3.0941126e-06,4.0126244e-07,0.0009540464,0.9959959
pamap2,gnn_flatten_lstm,sequence,3,103,103,104,1920,9907,9907,8,8,13,13,descending_stairs,descending_stairs,True,5.9347294e-06,2.5596806e-05,6.880577e-07,2.2344293e-05,0.00028584906,0.00093599554,7.101387e-05,0.001856502,0.9958097,3.5580017e-06,4.7089918e-07,0.0009823584,0.9958097
pamap2,gnn_flatten_lstm,sequence,3,103,103,104,1921,9908,9908,8,8,13,13,descending_stairs,descending_stairs,True,6.502757e-06,2.7727678e-05,7.170992e-07,2.2427335e-05,0.00029723422,0.0010386254,7.7512974e-05,0.0018273002,0.9956917,3.960593e-06,5.3322873e-07,0.0010057107,0.9956917
pamap2,gnn_flatten_lstm,sequence,3,103,103,104,1922,9909,9909,8,8,13,13,descending_stairs,descending_stairs,True,5.945885e-06,2.5563317e-05,6.619107e-07,2.0011177e-05,0.0002952561,0.0010403327,6.8306406e-05,0.001839569,0.9957632,3.6112244e-06,5.2016435e-07,0.0009371531,0.9957632
pamap2,gnn_flatten_lstm,sequence,3,103,103,104,1923,9910,9910,8,8,13,13,descending_stairs,descending_stairs,True,5.5715213e-06,2.3910232e-05,6.4691545e-07,1.947066e-05,0.0002942806,0.0010013677,6.200079e-05,0.001941774,0.99576205,3.4052373e-06,5.073206e-07,0.00088509975,0.99576205
pamap2,gnn_flatten_lstm,sequence,3,103,103,104,1924,9911,9911,8,8,13,13,descending_stairs,descending_stairs,True,5.3012154e-06,2.2696126e-05,6.2717004e-07,1.8806759e-05,0.00029646148,0.000982932,5.8127458e-05,0.0020110423,0.9957415,3.2990731e-06,4.961404e-07,0.0008586435,0.9957415
pamap2,gnn_flatten_lstm,sequence,3,103,103,104,1925,9912,9912,8,8,13,13,descending_stairs,descending_stairs,True,5.1258376e-06,2.1883352e-05,6.6075063e-07,1.9373178e-05,0.00032615726,0.001009233,5.8444326e-05,0.0022226132,0.9954941,3.4974046e-06,5.3368404e-07,0.0008383256,0.9954941
pamap2,gnn_flatten_lstm,sequence,3,103,103,104,1926,9913,9913,8,8,13,13,descending_stairs,descending_stairs,True,5.5901264e-06,2.3574914e-05,7.482503e-07,2.2089105e-05,0.00034348716,0.001031285,6.561534e-05,0.0023428001,0.99527955,3.9506713e-06,5.832394e-07,0.0008808522,0.99527955
pamap2,gnn_flatten_lstm,sequence,3,103,103,104,1927,9914,9914,8,8,13,13,descending_stairs,descending_stairs,True,6.2670238e-06,2.6980792e-05,8.619874e-07,2.8353394e-05,0.00029889503,0.0009811285,6.4752574e-05,0.0026341635,0.99511236,4.307784e-06,6.258271e-07,0.00084135134,0.99511236
pamap2,gnn_flatten_lstm,sequence,3,103,103,104,1928,9915,9915,8,8,13,13,descending_stairs,descending_stairs,True,6.08349e-06,2.6591111e-05,8.617327e-07,2.7626867e-05,0.00029549905,0.00097376836,5.6678327e-05,0.0028517437,0.9949692,4.0867635e-06,6.4672525e-07,0.0007872505,0.9949692
pamap2,gnn_flatten_lstm,sequence,3,103,103,104,1929,9916,9916,8,8,13,13,descending_stairs,descending_stairs,True,5.482599e-06,2.38074e-05,7.4798044e-07,2.30261e-05,0.0002916617,0.0009517772,5.466662e-05,0.0025063127,0.99535155,3.5985606e-06,5.702287e-07,0.0007868462,0.99535155
pamap2,gnn_flatten_lstm,sequence,3,103,103,104,1930,9917,9917,8,8,13,13,descending_stairs,descending_stairs,True,5.454222e-06,2.4012268e-05,7.203354e-07,2.139381e-05,0.00029132992,0.00088946504,5.945066e-05,0.0021784238,0.9956493,3.282277e-06,4.960069e-07,0.00087659794,0.9956493
pamap2,gnn_flatten_lstm,sequence,3,103,103,104,1931,9918,9918,8,8,13,13,descending_stairs,descending_stairs,True,5.9128574e-06,2.5667116e-05,7.4137495e-07,2.0903726e-05,0.00029124136,0.0008887715,6.0708044e-05,0.0020761834,0.99566275,3.1930006e-06,4.975724e-07,0.0009634104,0.99566275
pamap2,gnn_flatten_lstm,sequence,3,103,103,104,1932,9919,9919,8,8,13,13,descending_stairs,descending_stairs,True,6.739838e-06,2.9733306e-05,8.706246e-07,2.4453753e-05,0.00027766038,0.00088508386,5.947492e-05,0.0023602336,0.9953833,3.4871846e-06,5.723521e-07,0.0009683271,0.9953833
pamap2,gnn_flatten_lstm,sequence,3,103,103,104,1933,9920,9920,8,8,13,13,descending_stairs,descending_stairs,True,8.262631e-06,3.5571262e-05,1.26563e-06,3.303946e-05,0.0002971689,0.0009492217,5.241083e-05,0.0039357995,0.99379975,4.4262333e-06,8.937388e-07,0.0008821366,0.99379975
pamap2,gnn_flatten_lstm,sequence,3,103,103,104,1934,9921,9921,8,8,13,13,descending_stairs,descending_stairs,True,1.068939e-05,4.2885385e-05,2.010403e-06,5.086092e-05,0.00039325352,0.0010495245,5.3588385e-05,0.007635711,0.9898879,6.508546e-06,1.459502e-06,0.00086543045,0.9898879
pamap2,gnn_flatten_lstm,sequence,3,103,103,104,1935,9922,9922,8,8,13,13,descending_stairs,descending_stairs,True,1.9907078e-05,7.227762e-05,3.622034e-06,7.825112e-05,0.00050187844,0.0014740141,8.4208754e-05,0.008078314,0.9883421,9.64702e-06,2.3990463e-06,0.0013333281,0.9883421
pamap2,gnn_flatten_lstm,sequence,3,103,103,104,1936,9923,9923,8,8,13,13,descending_stairs,descending_stairs,True,4.9277445e-05,0.00017822864,8.351429e-06,0.00013752702,0.0007591592,0.0028455078,0.00016637058,0.009036044,0.9843472,1.8722276e-05,5.793467e-06,0.0024478317,0.9843472
pamap2,gnn_flatten_lstm,sequence,3,103,103,104,1937,9924,9924,8,8,13,13,descending_stairs,descending_stairs,True,0.0001700581,0.0006177052,3.037869e-05,0.00033858526,0.0018343064,0.0087839635,0.00050696864,0.014515417,0.9678445,5.8900456e-05,2.4349094e-05,0.005274944,0.9678445
pamap2,gnn_flatten_lstm,sequence,3,103,103,104,1938,9925,9925,8,8,13,13,descending_stairs,descending_stairs,True,0.0019914003,0.009769767,0.0008906899,0.0042180642,0.01687386,0.053080965,0.0059686475,0.083039664,0.79208726,0.0010037549,0.0006066579,0.030469269,0.79208726
pamap2,gnn_flatten_lstm,sequence,3,103,103,104,1939,9926,9926,8,8,13,13,descending_stairs,descending_stairs,True,0.009733465,0.042549722,0.015712058,0.035515465,0.09265127,0.096238784,0.032662217,0.24446397,0.33446252,0.0113724405,0.00590038,0.07873761,0.33446252
pamap2,gnn_flatten_lstm,sequence,3,103,103,104,1940,9927,9927,8,7,13,12,descending_stairs,ascending_stairs,False,0.018364098,0.042247172,0.037877813,0.061274607,0.1345664,0.07692862,0.05178065,0.23790364,0.2073339,0.020569531,0.010349419,0.1008042,0.23790364
pamap2,gnn_flatten_lstm,sequence,3,103,103,104,1941,9928,9928,8,7,13,12,descending_stairs,ascending_stairs,False,0.032384414,0.06796899,0.091437556,0.06497655,0.11498915,0.059035137,0.06862025,0.19457477,0.1638946,0.027661366,0.021466466,0.09299076,0.19457477
pamap2,gnn_flatten_lstm,sequence,3,103,103,104,1942,9929,9929,7,2,12,3,ascending_stairs,standing,False,0.031731293,0.1591168,0.39574927,0.034413107,0.03775749,0.0205858,0.04917311,0.087458305,0.04808349,0.035452988,0.078278586,0.022199713,0.39574927
pamap2,gnn_flatten_lstm,sequence,3,103,103,104,1943,9930,9930,7,2,12,3,ascending_stairs,standing,False,0.012265888,0.15034726,0.5923643,0.009614288,0.009558629,0.0062590847,0.016940773,0.032507457,0.011527503,0.029553771,0.12498451,0.004076532,0.5923643
pamap2,gnn_flatten_lstm,sequence,3,103,103,104,1944,9931,9931,7,2,12,3,ascending_stairs,standing,False,0.008297459,0.13893993,0.60154194,0.0064675203,0.0061027342,0.0047687823,0.011409323,0.023751916,0.0077866167,0.028607778,0.15988182,0.002444193,0.60154194
pamap2,gnn_flatten_lstm,sequence,3,103,103,104,1945,9932,9932,7,2,12,3,ascending_stairs,standing,False,0.007875318,0.14379618,0.5985806,0.006317365,0.005885565,0.0046086167,0.011189208,0.022778692,0.0072791795,0.028256636,0.16110396,0.0023287009,0.5985806
pamap2,gnn_flatten_lstm,sequence,3,103,103,104,1946,9933,9933,7,2,12,3,ascending_stairs,standing,False,0.0075788856,0.14766861,0.57976097,0.005912772,0.005662376,0.004818922,0.010849361,0.022085853,0.0068125557,0.029227512,0.17739756,0.0022246456,0.57976097
pamap2,gnn_flatten_lstm,sequence,3,103,103,104,1947,9934,9934,7,2,12,3,ascending_stairs,standing,False,0.007706993,0.14041947,0.44774452,0.004902193,0.0053716837,0.0067916876,0.010250306,0.020979518,0.0058676125,0.04048402,0.3073151,0.0021668593,0.44774452
pamap2,gnn_flatten_lstm,sequence,3,103,103,104,1948,9935,9935,7,2,12,3,ascending_stairs,standing,False,0.015665453,0.11075455,0.4593449,0.014125039,0.009418547,0.0068288385,0.019605158,0.06050552,0.012901476,0.05635479,0.23061273,0.003882961,0.4593449
pamap2,gnn_flatten_lstm,sequence,3,103,103,104,1949,9936,9936,7,2,12,3,ascending_stairs,standing,False,0.023073565,0.07034783,0.31608412,0.04967514,0.020421268,0.0064274413,0.025726609,0.26717785,0.03618688,0.07964572,0.098709516,0.006524108,0.31608412
pamap2,gnn_flatten_lstm,sequence,3,103,103,104,1950,9937,9937,7,7,12,12,ascending_stairs,ascending_stairs,True,0.013509574,0.018292168,0.051532596,0.060797766,0.029326463,0.0033309292,0.014475822,0.69673765,0.05221155,0.039606124,0.013020462,0.0071589043,0.69673765
pamap2,gnn_flatten_lstm,sequence,3,103,103,104,1951,9938,9938,7,7,12,12,ascending_stairs,ascending_stairs,True,0.0037065628,0.0031788005,0.0059457547,0.015596064,0.01973005,0.0013191793,0.0024254592,0.8982335,0.035978045,0.008262546,0.0015254561,0.004098517,0.8982335
pamap2,gnn_flatten_lstm,sequence,3,103,103,104,1952,9939,9939,7,7,12,12,ascending_stairs,ascending_stairs,True,0.0008149182,0.0005743877,0.0009929037,0.003712169,0.00925049,0.00047877015,0.00035539025,0.9619989,0.018294364,0.0019379118,0.00026612144,0.0013237775,0.9619989
pamap2,gnn_flatten_lstm,sequence,3,103,103,104,1953,9940,9940,7,7,12,12,ascending_stairs,ascending_stairs,True,0.00019759787,0.00013400432,0.00026977668,0.0010265037,0.004340128,0.00024918639,7.745014e-05,0.9809645,0.01163766,0.0006035874,9.1504764e-05,0.0004081357,0.9809645
pamap2,gnn_flatten_lstm,sequence,3,103,103,104,1954,9941,9941,7,7,12,12,ascending_stairs,ascending_stairs,True,6.531078e-05,4.5321416e-05,0.00012090737,0.0004273218,0.0017652409,0.00012688275,2.5586047e-05,0.988326,0.008681002,0.0002281188,4.0103067e-05,0.00014804375,0.988326
pamap2,gnn_flatten_lstm,sequence,3,103,103,104,1955,9942,9942,7,7,12,12,ascending_stairs,ascending_stairs,True,3.2939493e-05,2.4152427e-05,9.6360985e-05,0.0003234266,0.0007803942,5.6308752e-05,1.3811481e-05,0.99314636,0.0052921753,0.00015100263,2.3467228e-05,5.9593294e-05,0.99314636
pamap2,gnn_flatten_lstm,sequence,3,103,103,104,1956,9943,9943,7,7,12,12,ascending_stairs,ascending_stairs,True,2.706549e-05,1.8494766e-05,8.5760184e-05,0.0002514819,0.0005899945,4.6178462e-05,1.0748794e-05,0.99415284,0.0046283263,0.00012568322,2.1384136e-05,4.2066462e-05,0.99415284
pamap2,gnn_flatten_lstm,sequence,3,103,103,104,1957,9944,9944,7,7,12,12,ascending_stairs,ascending_stairs,True,2.2299875e-05,1.445586e-05,7.0357e-05,0.00021116511,0.0005183732,4.04313e-05,9.18315e-06,0.9944218,0.004541084,9.74275e-05,1.7933582e-05,3.5558987e-05,0.9944218
pamap2,gnn_flatten_lstm,sequence,3,103,103,104,1958,9945,9945,7,7,12,12,ascending_stairs,ascending_stairs,True,1.9647721e-05,1.2788112e-05,6.128461e-05,0.00018910541,0.0004899369,3.5794998e-05,8.246066e-06,0.99458635,0.004469036,7.939416e-05,1.4712669e-05,3.3641845e-05,0.99458635
pamap2,gnn_flatten_lstm,sequence,3,103,103,104,1959,9946,9946,7,7,12,12,ascending_stairs,ascending_stairs,True,1.8269819e-05,1.20629975e-05,5.4632466e-05,0.00016989383,0.0005076465,3.6558406e-05,7.72243e-06,0.9944043,0.004670593,7.045507e-05,1.35501095e-05,3.4201723e-05,0.9944043
pamap2,gnn_flatten_lstm,sequence,3,103,103,104,1960,9947,9947,7,7,12,12,ascending_stairs,ascending_stairs,True,1.7330976e-05,1.1113085e-05,5.0298237e-05,0.0001555655,0.00049523934,3.938154e-05,7.2803655e-06,0.9941354,0.0049742265,6.663878e-05,1.3168312e-05,3.4349512e-05,0.9941354
pamap2,gnn_flatten_lstm,sequence,3,103,103,104,1961,9948,9948,7,7,12,12,ascending_stairs,ascending_stairs,True,2.0612182e-05,1.3277522e-05,7.0485905e-05,0.00022599152,0.00042759016,3.2067823e-05,8.79189e-06,0.994756,0.0043141255,8.409037e-05,1.4120779e-05,3.2772736e-05,0.994756
pamap2,gnn_flatten_lstm,sequence,3,103,103,104,1962,9949,9949,7,7,12,12,ascending_stairs,ascending_stairs,True,2.5097046e-05,1.5633676e-05,8.513662e-05,0.00030283313,0.00044750355,3.264621e-05,1.071924e-05,0.99486023,0.004049819,0.00011917471,1.6546424e-05,3.452589e-05,0.99486023
pamap2,gnn_flatten_lstm,sequence,3,103,103,104,1963,9950,9950,7,7,12,12,ascending_stairs,ascending_stairs,True,2.7534357e-05,1.65509e-05,8.864743e-05,0.00035095858,0.00046066014,3.3041386e-05,1.1586643e-05,0.9948125,0.0040051616,0.00014033171,1.731916e-05,3.5676174e-05,0.9948125
pamap2,gnn_flatten_lstm,sequence,3,103,103,104,1964,9951,9951,7,7,12,12,ascending_stairs,ascending_stairs,True,2.4699868e-05,1.6169985e-05,8.5334614e-05,0.00034259172,0.00043354763,2.6954098e-05,1.01333835e-05,0.9956839,0.0031796664,0.00015064991,1.6796555e-05,2.9526876e-05,0.9956839
pamap2,gnn_flatten_lstm,sequence,3,103,103,104,1965,9952,9952,7,7,12,12,ascending_stairs,ascending_stairs,True,2.1317242e-05,1.4020043e-05,7.177266e-05,0.00027887785,0.00042963092,2.675401e-05,8.746969e-06,0.9957761,0.003205111,0.0001248566,1.5219571e-05,2.7572203e-05,0.9957761
pamap2,gnn_flatten_lstm,sequence,3,103,103,104,1966,9953,9953,7,7,12,12,ascending_stairs,ascending_stairs,True,2.2459837e-05,1.45122e-05,7.350194e-05,0.00024858653,0.00047229274,3.3597415e-05,9.018043e-06,0.9952669,0.0036888584,0.0001219153,1.747015e-05,3.0916166e-05,0.9952669
pamap2,gnn_flatten_lstm,sequence,3,103,103,104,1967,9954,9954,7,7,12,12,ascending_stairs,ascending_stairs,True,2.3052977e-05,1.4899643e-05,7.593461e-05,0.00023224537,0.00049583724,3.7882037e-05,9.165697e-06,0.99489343,0.0040476043,0.0001178002,1.8810626e-05,3.33913e-05,0.99489343
pamap2,gnn_flatten_lstm,sequence,3,103,103,104,1968,9955,9955,7,7,12,12,ascending_stairs,ascending_stairs,True,2.1217298e-05,1.4188057e-05,7.698734e-05,0.00024728643,0.00044153817,3.1650576e-05,8.576309e-06,0.99539375,0.003599079,0.00011889364,1.7056385e-05,2.9821082e-05,0.99539375
pamap2,gnn_flatten_lstm,sequence,3,103,103,104,1969,9956,9956,7,7,12,12,ascending_stairs,ascending_stairs,True,2.2442886e-05,1.4984156e-05,7.753359e-05,0.00026869084,0.00044916134,3.3534237e-05,9.283118e-06,0.99505275,0.0039066137,0.00011646287,1.7773891e-05,3.079911e-05,0.99505275
pamap2,gnn_flatten_lstm,sequence,3,103,103,104,1970,9957,9957,7,7,12,12,ascending_stairs,ascending_stairs,True,2.3070543e-05,1.565181e-05,7.86794e-05,0.00023551889,0.0004971262,4.11548e-05,9.486191e-06,0.9944824,0.004452415,0.00010995745,1.9907484e-05,3.4609908e-05,0.9944824
pamap2,gnn_flatten_lstm,sequence,3,103,103,104,1971,9958,9958,7,7,12,12,ascending_stairs,ascending_stairs,True,2.1747523e-05,1.4556133e-05,7.601519e-05,0.00020736843,0.000502847,4.2016185e-05,9.126699e-06,0.99444675,0.00452082,0.00010418651,1.9560912e-05,3.4967736e-05,0.99444675
pamap2,gnn_flatten_lstm,sequence,3,103,103,104,1972,9959,9959,7,7,12,12,ascending_stairs,ascending_stairs,True,2.1663998e-05,1.3855058e-05,7.709057e-05,0.00026664627,0.0004612835,3.276605e-05,9.4094385e-06,0.99531305,0.0036267866,0.00012853299,1.7228038e-05,3.1582407e-05,0.99531305
pamap2,gnn_flatten_lstm,sequence,3,103,103,104,1973,9960,9960,7,7,12,12,ascending_stairs,ascending_stairs,True,2.205194e-05,1.3976059e-05,7.629626e-05,0.00029823373,0.00046260463,3.0682142e-05,9.525338e-06,0.99559397,0.0032954388,0.00014971026,1.7102806e-05,3.0372934e-05,0.99559397
pamap2,gnn_flatten_lstm,sequence,3,103,103,104,1974,9961,9961,7,7,12,12,ascending_stairs,ascending_stairs,True,2.1468551e-05,1.2792664e-05,6.752311e-05,0.000249647,0.0004671252,3.383703e-05,8.960629e-06,0.99524397,0.0037237052,0.00012366498,1.6765678e-05,3.0571337e-05,0.99524397
pamap2,gnn_flatten_lstm,sequence,3,103,103,104,1975,9962,9962,7,7,12,12,ascending_stairs,ascending_stairs,True,2.1094604e-05,1.2473372e-05,6.729403e-05,0.00022834094,0.00044727753,3.4458648e-05,8.536112e-06,0.9951239,0.0038985207,0.000111369955,1.6839316e-05,2.9971328e-05,0.9951239
pamap2,gnn_flatten_lstm,sequence,3,103,103,104,1976,9963,9963,7,7,12,12,ascending_stairs,ascending_stairs,True,2.2065957e-05,1.3448471e-05,7.0918526e-05,0.000247433,0.0004657003,3.3594304e-05,9.198512e-06,0.9951434,0.0038295076,0.000116497366,1.7385466e-05,3.0706477e-05,0.9951434
pamap2,gnn_flatten_lstm,sequence,3,103,103,104,1977,9964,9964,7,7,12,12,ascending_stairs,ascending_stairs,True,2.1841395e-05,1.3824652e-05,7.327818e-05,0.00028192354,0.00045416696,2.9890878e-05,9.48655e-06,0.99545103,0.00349171,0.00012658039,1.7079994e-05,2.9187433e-05,0.99545103
pamap2,gnn_flatten_lstm,sequence,3,103,103,104,1978,9965,9965,7,7,12,12,ascending_stairs,ascending_stairs,True,1.9687302e-05,1.31714505e-05,7.429698e-05,0.00029428018,0.00038870776,2.4696425e-05,8.968924e-06,0.9956619,0.0033647923,0.00010826871,1.5014736e-05,2.6239688e-05,0.9956619
pamap2,gnn_flatten_lstm,sequence,3,103,103,104,1979,9966,9966,7,7,12,12,ascending_stairs,ascending_stairs,True,1.983855e-05,1.3795926e-05,8.0212536e-05,0.00032252303,0.00036379762,2.2560174e-05,9.261838e-06,0.995751,0.00326996,0.00010708143,1.473174e-05,2.528613e-05,0.995751
pamap2,gnn_flatten_lstm,sequence,3,103,103,104,1980,9967,9967,7,7,12,12,ascending_stairs,ascending_stairs,True,2.1589869e-05,1.456859e-05,8.23428e-05,0.0003238448,0.0003871369,2.4863297e-05,9.588691e-06,0.99579144,0.0031771846,0.00012522869,1.6274927e-05,2.5976124e-05,0.99579144
pamap2,gnn_flatten_lstm,sequence,3,103,103,104,1981,9968,9968,7,7,12,12,ascending_stairs,ascending_stairs,True,2.3700011e-05,1.5863345e-05,8.532951e-05,0.00033968015,0.00041457513,2.6986054e-05,1.0343405e-05,0.99570894,0.0031888827,0.00014074123,1.7739352e-05,2.7161292e-05,0.99570894
pamap2,gnn_flatten_lstm,sequence,3,103,103,104,1982,9969,9969,7,7,12,12,ascending_stairs,ascending_stairs,True,2.484491e-05,1.5926375e-05,8.0105034e-05,0.0003073687,0.0004769145,3.2188396e-05,1.0658123e-05,0.9952951,0.0035714116,0.00013565294,1.8605015e-05,3.1079486e-05,0.9952951
pamap2,gnn_flatten_lstm,sequence,3,103,103,104,1983,9970,9970,7,7,12,12,ascending_stairs,ascending_stairs,True,2.4084544e-05,1.50802625e-05,7.458031e-05,0.0002735021,0.0005030871,3.545297e-05,1.0200071e-05,0.99497104,0.003917477,0.00012364559,1.8264076e-05,3.347873e-05,0.99497104
pamap2,gnn_flatten_lstm,sequence,3,103,103,104,1984,9971,9971,7,7,12,12,ascending_stairs,ascending_stairs,True,2.244418e-05,1.4115947e-05,7.486532e-05,0.00026914745,0.00043794527,3.2000862e-05,9.543098e-06,0.9951499,0.0038314487,0.000111046626,1.6478743e-05,3.104977e-05,0.9951499
pamap2,gnn_flatten_lstm,sequence,3,103,103,104,1985,9972,9972,7,7,12,12,ascending_stairs,ascending_stairs,True,2.4029374e-05,1.5572816e-05,8.76197e-05,0.000311959,0.00040674498,2.9225332e-05,1.0417552e-05,0.9952532,0.0036984733,0.00011543805,1.6738228e-05,3.051782e-05,0.9952532
pamap2,gnn_flatten_lstm,sequence,3,103,103,104,1986,9973,9973,7,7,12,12,ascending_stairs,ascending_stairs,True,2.5939684e-05,1.6271046e-05,8.9268455e-05,0.00032337382,0.00043728825,3.3876768e-05,1.0980264e-05,0.99495983,0.0039269472,0.00012519321,1.8747354e-05,3.237026e-05,0.99495983
pamap2,gnn_flatten_lstm,sequence,3,103,103,104,1987,9974,9974,7,7,12,12,ascending_stairs,ascending_stairs,True,2.7494192e-05,1.6580556e-05,8.734579e-05,0.0003370204,0.0004604391,3.755445e-05,1.151197e-05,0.9946391,0.004198786,0.00013038932,1.9802756e-05,3.400335e-05,0.9946391
pamap2,gnn_flatten_lstm,sequence,3,103,103,104,1988,9975,9975,7,7,12,12,ascending_stairs,ascending_stairs,True,2.7089667e-05,1.5860474e-05,8.18859e-05,0.00029943648,0.00046558215,3.5871515e-05,1.0849716e-05,0.99494606,0.003934934,0.00013068193,1.8836074e-05,3.2935674e-05,0.99494606
pamap2,gnn_flatten_lstm,sequence,3,103,103,104,1989,9976,9976,7,7,12,12,ascending_stairs,ascending_stairs,True,2.6640437e-05,1.5085243e-05,7.397073e-05,0.00026713667,0.0004962252,3.7296653e-05,1.0449272e-05,0.99499595,0.0038938262,0.0001316767,1.8420498e-05,3.3318018e-05,0.99499595
pamap2,gnn_flatten_lstm,sequence,3,103,103,104,1990,9977,9977,7,7,12,12,ascending_stairs,ascending_stairs,True,2.5629939e-05,1.3815942e-05,6.458623e-05,0.00023590417,0.00050666044,3.937545e-05,9.924324e-06,0.9947973,0.004136297,0.00011963038,1.7326362e-05,3.3627133e-05,0.9947973
pamap2,gnn_flatten_lstm,sequence,3,103,103,104,1991,9978,9978,7,7,12,12,ascending_stairs,ascending_stairs,True,2.5669418e-05,1.4344525e-05,6.924566e-05,0.00027054726,0.00044416613,3.210554e-05,1.0473092e-05,0.99491394,0.004063559,0.00010872678,1.5234148e-05,3.195342e-05,0.99491394
pamap2,gnn_flatten_lstm,sequence,3,103,103,104,1992,9979,9979,7,7,12,12,ascending_stairs,ascending_stairs,True,3.232666e-05,1.8291666e-05,9.033827e-05,0.00037409586,0.0004411013,3.3847624e-05,1.3674321e-05,0.9942074,0.00461891,0.000117192285,1.7263226e-05,3.5537454e-05,0.9942074
pamap2,gnn_flatten_lstm,sequence,3,103,103,104,1993,9980,9980,7,7,12,12,ascending_stairs,ascending_stairs,True,3.878487e-05,2.3794428e-05,0.00011529175,0.0005182721,0.0005015755,3.9957078e-05,1.7513918e-05,0.9931892,0.0053543802,0.00013848237,2.1860498e-05,4.095733e-05,0.9931892
pamap2,gnn_flatten_lstm,sequence,3,103,103,104,1994,9981,9981,7,7,12,12,ascending_stairs,ascending_stairs,True,3.122259e-05,1.9439496e-05,0.00010495881,0.00042179972,0.00043970608,3.301221e-05,1.3662636e-05,0.9945076,0.0042443285,0.00013022384,1.981079e-05,3.420407e-05,0.9945076
pamap2,gnn_flatten_lstm,sequence,3,103,103,104,1995,9982,9982,7,7,12,12,ascending_stairs,ascending_stairs,True,2.6336498e-05,1.70824e-05,9.502063e-05,0.00037953374,0.00041798074,2.8876668e-05,1.1797218e-05,0.99510527,0.0037455496,0.00012388075,1.7856502e-05,3.0753214e-05,0.99510527
pamap2,gnn_flatten_lstm,sequence,3,103,103,104,1996,9983,9983,7,7,12,12,ascending_stairs,ascending_stairs,True,2.401618e-05,1.5866264e-05,8.566562e-05,0.00035949863,0.0004264127,2.8060333e-05,1.09552575e-05,0.9953074,0.003570872,0.00012428284,1.6999564e-05,2.9884657e-05,0.9953074
pamap2,gnn_flatten_lstm,sequence,3,103,103,104,1997,9984,9984,7,7,12,12,ascending_stairs,ascending_stairs,True,2.3660134e-05,1.486866e-05,8.084556e-05,0.00031388723,0.00042834016,3.326529e-05,1.0564102e-05,0.99483865,0.0040947977,0.000112084745,1.7607837e-05,3.1427222e-05,0.99483865
pamap2,gnn_flatten_lstm,sequence,3,103,103,104,1998,9985,9985,7,7,12,12,ascending_stairs,ascending_stairs,True,2.5723688e-05,1.6631315e-05,9.504599e-05,0.00035607204,0.00042713486,3.5622095e-05,1.1754406e-05,0.99441916,0.0044477717,0.000112211135,1.9109622e-05,3.3813598e-05,0.99441916
pamap2,gnn_flatten_lstm,sequence,3,103,103,104,1999,9986,9986,7,7,12,12,ascending_stairs,ascending_stairs,True,2.7301487e-05,1.842202e-05,0.000102749975,0.0004143607,0.00046103346,3.6643687e-05,1.3162359e-05,0.9943591,0.0043864474,0.00012454108,2.0193576e-05,3.6020097e-05,0.9943591
pamap2,gnn_flatten_lstm,sequence,3,103,103,104,2000,9987,9987,7,7,12,12,ascending_stairs,ascending_stairs,True,3.2391777e-05,2.2397451e-05,0.00011922231,0.00056390185,0.0005170503,3.6036115e-05,1.6176493e-05,0.99434596,0.0041218917,0.00016326792,2.181877e-05,3.997075e-05,0.99434596
pamap2,gnn_flatten_lstm,sequence,3,103,103,104,2001,9988,9988,7,7,12,12,ascending_stairs,ascending_stairs,True,3.0178737e-05,2.0013867e-05,0.00010445963,0.00046276714,0.0005073246,3.2573105e-05,1.4110727e-05,0.99502087,0.0035852566,0.00016576919,2.0344653e-05,3.633196e-05,0.99502087
pamap2,gnn_flatten_lstm,sequence,3,103,103,104,2002,9989,9989,7,7,12,12,ascending_stairs,ascending_stairs,True,2.7976015e-05,1.8428276e-05,9.299965e-05,0.00039678923,0.0005231727,3.2693493e-05,1.2643568e-05,0.9953401,0.003329512,0.00017101373,1.9796993e-05,3.488292e-05,0.9953401
pamap2,gnn_flatten_lstm,sequence,3,103,103,104,2003,9990,9990,7,7,12,12,ascending_stairs,ascending_stairs,True,2.7433269e-05,1.7647655e-05,8.593651e-05,0.00037841414,0.0005208323,3.1422445e-05,1.2456729e-05,0.9951599,0.0035634898,0.0001496961,1.8121167e-05,3.463144e-05,0.9951599
pamap2,gnn_flatten_lstm,sequence,3,103,103,104,2004,9991,9991,7,7,12,12,ascending_stairs,ascending_stairs,True,2.6266476e-05,1.6702741e-05,8.1256105e-05,0.00036145886,0.00049808685,2.983071e-05,1.1960955e-05,0.99507904,0.0037131507,0.0001318855,1.655971e-05,3.3746062e-05,0.99507904
pamap2,gnn_flatten_lstm,sequence,3,103,103,104,2005,9992,9992,7,7,12,12,ascending_stairs,ascending_stairs,True,2.6398735e-05,1.6382955e-05,8.1467755e-05,0.0003968379,0.000492265,3.1007607e-05,1.1739028e-05,0.99524766,0.0034827096,0.00016272625,1.758399e-05,3.3197342e-05,0.99524766
pamap2,gnn_flatten_lstm,sequence,3,103,103,104,2006,9993,9993,7,7,12,12,ascending_stairs,ascending_stairs,True,3.317564e-05,2.011713e-05,9.296355e-05,0.00050052453,0.00054288184,3.5585203e-05,1.4202764e-05,0.9947525,0.003740482,0.00020931526,2.120432e-05,3.701278e-05,0.9947525
pamap2,gnn_flatten_lstm,sequence,3,103,103,104,2007,9994,9994,7,7,12,12,ascending_stairs,ascending_stairs,True,3.493676e-05,2.2142125e-05,9.9763216e-05,0.0004656915,0.0005521491,3.3950007e-05,1.4486732e-05,0.9947214,0.0038122947,0.0001835665,2.1114587e-05,3.8494294e-05,0.9947214
pamap2,gnn_flatten_lstm,sequence,3,103,103,104,2008,9995,9995,7,7,12,12,ascending_stairs,ascending_stairs,True,3.1359275e-05,2.0074338e-05,9.09117e-05,0.00039323533,0.0005305671,3.1144653e-05,1.2915854e-05,0.99495476,0.0037278242,0.00015201661,1.837107e-05,3.6728215e-05,0.99495476
pamap2,gnn_flatten_lstm,sequence,3,103,103,104,2009,9996,9996,7,7,12,12,ascending_stairs,ascending_stairs,True,2.7993296e-05,1.838461e-05,8.427984e-05,0.00033424108,0.0004933756,2.912536e-05,1.1240794e-05,0.99515355,0.0036713842,0.00012538154,1.6455799e-05,3.4623128e-05,0.99515355
pamap2,gnn_flatten_lstm,sequence,3,103,103,104,2010,9997,9997,7,7,12,12,ascending_stairs,ascending_stairs,True,2.5480253e-05,1.7030761e-05,7.816993e-05,0.00028853462,0.00048880646,2.9275894e-05,1.0243772e-05,0.9951626,0.0037399617,0.000110200686,1.5656455e-05,3.402414e-05,0.9951626
pamap2,gnn_flatten_lstm,sequence,3,103,103,104,2011,9998,9998,7,7,12,12,ascending_stairs,ascending_stairs,True,2.2543622e-05,1.5012508e-05,7.306865e-05,0.0002672052,0.00044055993,2.9950672e-05,9.519098e-06,0.9950186,0.0039800834,9.695193e-05,1.458541e-05,3.197401e-05,0.9950186
pamap2,gnn_flatten_lstm,sequence,3,103,103,104,2012,9999,9999,7,7,12,12,ascending_stairs,ascending_stairs,True,2.3011622e-05,1.6231977e-05,7.602898e-05,0.00028546114,0.0004587345,2.939697e-05,9.975295e-06,0.99509203,0.0038630443,9.934951e-05,1.5006987e-05,3.1692565e-05,0.99509203
pamap2,gnn_flatten_lstm,sequence,3,103,103,104,2013,10000,10000,7,7,12,12,ascending_stairs,ascending_stairs,True,2.3983795e-05,1.6886106e-05,7.595672e-05,0.00028086026,0.0004951413,3.1259267e-05,1.0214336e-05,0.9950256,0.0038885707,0.00010246684,1.5516753e-05,3.3454075e-05,0.9950256
pamap2,gnn_flatten_lstm,sequence,3,103,103,104,2014,10001,10001,7,7,12,12,ascending_stairs,ascending_stairs,True,2.2681077e-05,1.6059304e-05,7.100281e-05,0.00026911066,0.00050481135,3.0168225e-05,9.703301e-06,0.9951467,0.0037844735,9.76245e-05,1.4394615e-05,3.3333745e-05,0.9951467
pamap2,gnn_flatten_lstm,sequence,3,103,103,104,2015,10002,10002,7,7,12,12,ascending_stairs,ascending_stairs,True,2.0129686e-05,1.4151825e-05,6.1894745e-05,0.00022533594,0.00051098457,3.1927902e-05,8.746444e-06,0.9949522,0.0040435805,8.4212574e-05,1.3776461e-05,3.3019754e-05,0.9949522
pamap2,gnn_flatten_lstm,sequence,3,103,103,104,2016,10003,10003,7,7,12,12,ascending_stairs,ascending_stairs,True,1.6125927e-05,1.09519215e-05,5.2890813e-05,0.00019906281,0.00044368912,3.0233374e-05,7.291192e-06,0.9952957,0.0038247372,7.881565e-05,1.24462085e-05,2.8196167e-05,0.9952957
pamap2,gnn_flatten_lstm,sequence,3,103,103,104,2017,10004,10004,7,7,12,12,ascending_stairs,ascending_stairs,True,1.9925343e-05,1.46898965e-05,7.065347e-05,0.00023474223,0.00049498706,3.9597002e-05,9.481363e-06,0.99455476,0.0044210716,8.8613975e-05,1.6037024e-05,3.542925e-05,0.99455476
pamap2,gnn_flatten_lstm,sequence,3,103,103,104,2018,10005,10005,7,7,12,12,ascending_stairs,ascending_stairs,True,5.6981407e-05,4.6337485e-05,0.0001925488,0.0004682566,0.000990435,0.000110669374,2.8440794e-05,0.99062914,0.0071276673,0.00021245187,4.4035176e-05,9.305806e-05,0.99062914
pamap2,gnn_flatten_lstm,sequence,3,103,103,104,2019,10006,10006,7,7,12,12,ascending_stairs,ascending_stairs,True,0.00021805993,0.00023094799,0.0007741461,0.0012615703,0.0025172303,0.00041791034,0.00013343382,0.9796531,0.013624809,0.00066013733,0.00016489503,0.00034376516,0.9796531
pamap2,gnn_flatten_lstm,sequence,3,103,103,104,2020,10007,10007,7,7,12,12,ascending_stairs,ascending_stairs,True,0.0010809307,0.0017049181,0.004065961,0.0049893507,0.01030148,0.0029595138,0.0010396086,0.9282161,0.040020864,0.0025689197,0.0009016574,0.0021508345,0.9282161
pamap2,gnn_flatten_lstm,sequence,3,103,103,104,2021,10008,10008,7,7,12,12,ascending_stairs,ascending_stairs,True,0.003740506,0.007110741,0.012464299,0.0173374,0.037346676,0.01477656,0.0058781276,0.78381985,0.09507313,0.007640849,0.0031116668,0.011700175,0.78381985
pamap2,gnn_flatten_lstm,sequence,3,103,103,104,2022,10009,10009,7,7,12,12,ascending_stairs,ascending_stairs,True,0.009663811,0.015737113,0.022167366,0.044606432,0.09409074,0.043929137,0.02109895,0.50993645,0.16989142,0.014581205,0.0058278963,0.048469447,0.50993645
pamap2,gnn_flatten_lstm,sequence,3,103,103,104,2023,10010,10010,7,7,12,12,ascending_stairs,ascending_stairs,True,0.015148155,0.018021824,0.018966295,0.05577874,0.15323956,0.0669245,0.036772363,0.2614992,0.24149294,0.01497513,0.0052359817,0.11194532,0.2614992
pamap2,gnn_flatten_lstm,sequence,3,103,103,104,2024,10011,10011,7,8,12,13,ascending_stairs,descending_stairs,False,0.018763619,0.018125841,0.016195456,0.056118254,0.17386153,0.076063275,0.04332124,0.15198384,0.26428115,0.014570305,0.004835995,0.1618795,0.26428115
pamap2,gnn_flatten_lstm,sequence,3,103,103,104,2025,10012,10012,8,8,13,13,descending_stairs,descending_stairs,True,0.024691114,0.01972213,0.014599734,0.051095985,0.15711996,0.070362546,0.042837076,0.09206702,0.30122522,0.012858245,0.004218019,0.20920296,0.30122522
pamap2,gnn_flatten_lstm,sequence,3,103,103,104,2026,10013,10013,8,8,13,13,descending_stairs,descending_stairs,True,0.026446706,0.024238832,0.015363316,0.04819609,0.16110201,0.08408361,0.050029144,0.08036903,0.2664986,0.0154076135,0.0054502054,0.22281481,0.2664986
pamap2,gnn_flatten_lstm,sequence,3,103,103,104,2027,10014,10014,8,8,13,13,descending_stairs,descending_stairs,True,0.029165387,0.028865509,0.017583046,0.049796887,0.1607264,0.08468675,0.056233212,0.08126074,0.24352394,0.016843177,0.0063245595,0.22499041,0.24352394
pamap2,gnn_flatten_lstm,sequence,3,103,103,104,2028,10015,10015,8,8,13,13,descending_stairs,descending_stairs,True,0.025145212,0.022522727,0.012212191,0.041418668,0.16739623,0.09593468,0.05057288,0.07043919,0.2525939,0.0152844535,0.0050535044,0.2414263,0.2525939
pamap2,gnn_flatten_lstm,sequence,3,103,103,104,2029,10016,10016,8,8,13,13,descending_stairs,descending_stairs,True,0.020250306,0.018101297,0.008435318,0.03149256,0.17403096,0.1258965,0.041682165,0.06732868,0.2646808,0.014297357,0.004815931,0.22898816,0.2646808
pamap2,gnn_flatten_lstm,sequence,3,103,103,104,2030,10017,10017,8,8,13,13,descending_stairs,descending_stairs,True,0.012757148,0.010540244,0.0045210365,0.02211806,0.1588549,0.13247319,0.027359173,0.069103874,0.35058218,0.009529064,0.0032222152,0.1989389,0.35058218
pamap2,gnn_flatten_lstm,sequence,3,103,103,104,2031,10018,10018,8,8,13,13,descending_stairs,descending_stairs,True,0.0053555365,0.004001829,0.0015454387,0.009364129,0.10716498,0.101108804,0.014132861,0.056344595,0.54896474,0.003348706,0.0010643465,0.14760396,0.54896474
pamap2,gnn_flatten_lstm,sequence,3,103,103,104,2032,10019,10019,8,8,13,13,descending_stairs,descending_stairs,True,0.0015862429,0.0012672063,0.00040826687,0.0030737766,0.050007254,0.054158274,0.005034442,0.04216685,0.7700651,0.0008904077,0.00031067955,0.07103139,0.7700651
pamap2,gnn_flatten_lstm,sequence,3,103,103,104,2033,10020,10020,8,8,13,13,descending_stairs,descending_stairs,True,0.00043013564,0.00046477473,0.000104840234,0.0010392758,0.017825814,0.023914507,0.0019077501,0.02343986,0.9018172,0.00022893077,7.99429e-05,0.02874696,0.9018172
pamap2,gnn_flatten_lstm,sequence,3,103,103,104,2034,10021,10021,8,8,13,13,descending_stairs,descending_stairs,True,0.00014587195,0.00022380186,3.6375284e-05,0.00045834752,0.0065114317,0.011398852,0.0007723297,0.014619591,0.95396054,7.953234e-05,2.9266464e-05,0.011763966,0.95396054
pamap2,gnn_flatten_lstm,sequence,3,103,103,104,2035,10022,10022,8,8,13,13,descending_stairs,descending_stairs,True,8.030017e-05,0.00015082165,2.029737e-05,0.00031557563,0.0029432955,0.0067333556,0.00037486237,0.0129842125,0.9708329,4.4187953e-05,1.7170865e-05,0.0055029155,0.9708329
pamap2,gnn_flatten_lstm,sequence,3,103,103,104,2036,10023,10023,8,8,13,13,descending_stairs,descending_stairs,True,2.8636965e-05,6.9699105e-05,5.947719e-06,0.00011168007,0.0012752399,0.0035959312,0.00016000574,0.0075744553,0.98470336,1.669892e-05,5.608078e-06,0.0024527023,0.98470336
pamap2,gnn_flatten_lstm,sequence,3,103,103,104,2037,10024,10024,8,8,13,13,descending_stairs,descending_stairs,True,1.1930281e-05,3.773454e-05,1.9419176e-06,4.5208348e-05,0.0005610849,0.0018963761,6.908548e-05,0.0048896987,0.9912965,7.010127e-06,1.8789715e-06,0.0011814759,0.9912965
pamap2,gnn_flatten_lstm,sequence,3,103,103,104,2038,10025,10025,8,8,13,13,descending_stairs,descending_stairs,True,7.2894163e-06,2.726056e-05,1.0466177e-06,2.8002893e-05,0.0003618548,0.0013150126,4.8710746e-05,0.0035641058,0.993793,4.4199983e-06,9.744531e-07,0.0008483302,0.993793
pamap2,gnn_flatten_lstm,sequence,3,103,103,104,2039,10026,10026,8,8,13,13,descending_stairs,descending_stairs,True,5.5967594e-06,2.2208013e-05,7.8028825e-07,2.2235352e-05,0.00031992304,0.0011260782,4.461243e-05,0.0029744017,0.99472296,3.585576e-06,7.0015994e-07,0.00075693545,0.99472296
pamap2,gnn_flatten_lstm,sequence,3,103,103,104,2040,10027,10027,8,8,13,13,descending_stairs,descending_stairs,True,4.8621228e-06,1.9593179e-05,6.69961e-07,1.9856283e-05,0.00031033953,0.0010717133,4.353911e-05,0.0026900368,0.9951025,3.2459839e-06,5.94366e-07,0.0007330375,0.9951025
pamap2,gnn_flatten_lstm,sequence,3,103,103,104,2041,10028,10028,8,8,13,13,descending_stairs,descending_stairs,True,5.412243e-06,2.1124715e-05,7.379335e-07,2.2912127e-05,0.00034225258,0.0013116385,4.7720783e-05,0.0029427623,0.9945345,4.0707905e-06,7.4589184e-07,0.0007660386,0.9945345
pamap2,gnn_flatten_lstm,sequence,3,103,103,104,2042,10029,10029,8,8,13,13,descending_stairs,descending_stairs,True,5.7883713e-06,2.2138853e-05,8.3317934e-07,2.5596184e-05,0.00035834583,0.0013734703,4.7857102e-05,0.0033868728,0.9940282,4.5284423e-06,8.6762446e-07,0.00074551185,0.9940282
pamap2,gnn_flatten_lstm,sequence,3,103,103,104,2043,10030,10030,8,8,13,13,descending_stairs,descending_stairs,True,5.174648e-06,1.9808645e-05,7.545008e-07,2.2894785e-05,0.0003460963,0.0012584744,4.3327298e-05,0.0033423572,0.9942624,3.96298e-06,7.631784e-07,0.00069395284,0.9942624
pamap2,gnn_flatten_lstm,sequence,3,103,103,104,2044,10031,10031,8,8,13,13,descending_stairs,descending_stairs,True,4.519661e-06,1.7625478e-05,6.299058e-07,1.9528688e-05,0.0003412604,0.0011490473,4.4045864e-05,0.0028373091,0.9948862,3.4384097e-06,5.9487127e-07,0.00069584325,0.9948862
pamap2,gnn_flatten_lstm,sequence,3,103,103,104,2045,10032,10032,8,8,13,13,descending_stairs,descending_stairs,True,4.1764474e-06,1.6785192e-05,5.728594e-07,1.7641687e-05,0.00034048222,0.0010889,4.635336e-05,0.0024623594,0.99529594,3.1397935e-06,5.120349e-07,0.000723077,0.99529594
pamap2,gnn_flatten_lstm,sequence,3,103,103,104,2046,10033,10033,8,8,13,13,descending_stairs,descending_stairs,True,4.1707062e-06,1.7023647e-05,5.655386e-07,1.757327e-05,0.00034672333,0.0010582131,5.094838e-05,0.0023015495,0.9954417,3.1899028e-06,4.83891e-07,0.00075786025,0.9954417
pamap2,gnn_flatten_lstm,sequence,3,103,103,104,2047,10034,10034,8,8,13,13,descending_stairs,descending_stairs,True,4.6242662e-06,1.8642477e-05,6.3748666e-07,2.0509231e-05,0.00034448568,0.0010962876,5.4128544e-05,0.0025197666,0.99518627,3.6935717e-06,5.5543956e-07,0.0007503703,0.99518627
pamap2,gnn_flatten_lstm,sequence,3,103,103,104,2048,10035,10035,8,8,13,13,descending_stairs,descending_stairs,True,5.2293867e-06,2.1808053e-05,7.133114e-07,2.3553404e-05,0.00034194067,0.0012651449,5.71009e-05,0.0028232243,0.99471563,4.442472e-06,6.9540476e-07,0.0007404809,0.99471563
pamap2,gnn_flatten_lstm,sequence,3,103,103,104,2049,10036,10036,8,8,13,13,descending_stairs,descending_stairs,True,4.893432e-06,2.069159e-05,6.758661e-07,2.179012e-05,0.0003423746,0.0012662227,5.2370076e-05,0.0029244313,0.99466854,4.1738867e-06,6.8565424e-07,0.0006932012,0.99466854
pamap2,gnn_flatten_lstm,sequence,3,103,103,104,2050,10037,10037,8,8,13,13,descending_stairs,descending_stairs,True,4.67482e-06,2.0018362e-05,6.378771e-07,2.0445314e-05,0.00032976866,0.0011536978,5.1569794e-05,0.0026877744,0.99502593,3.7915154e-06,5.968171e-07,0.0007011548,0.99502593
pamap2,gnn_flatten_lstm,sequence,3,103,103,104,2051,10038,10038,8,8,13,13,descending_stairs,descending_stairs,True,4.90679e-06,2.1436696e-05,6.346899e-07,1.9368566e-05,0.00030062074,0.0009919666,5.6359964e-05,0.0021248101,0.9956578,3.2714518e-06,4.9134735e-07,0.00081838924,0.9956578
pamap2,gnn_flatten_lstm,sequence,3,103,103,104,2052,10039,10039,8,8,13,13,descending_stairs,descending_stairs,True,4.558025e-06,1.9704336e-05,5.6024766e-07,1.7252243e-05,0.000313458,0.0009811091,5.897356e-05,0.0018649573,0.99587256,3.03678e-06,4.2891494e-07,0.00086355023,0.99587256
pamap2,gnn_flatten_lstm,sequence,3,103,103,104,2053,10040,10040,8,8,13,13,descending_stairs,descending_stairs,True,4.703141e-06,2.0007448e-05,5.696798e-07,1.772827e-05,0.00030890727,0.00096273766,5.9455055e-05,0.0018517829,0.99588156,3.0263939e-06,4.2382513e-07,0.00088911987,0.99588156
pamap2,gnn_flatten_lstm,sequence,3,103,103,104,2054,10041,10041,8,8,13,13,descending_stairs,descending_stairs,True,5.5316746e-06,2.2870765e-05,6.69612e-07,2.1535454e-05,0.00028982456,0.0009781271,5.942666e-05,0.0021370382,0.9955948,3.452613e-06,4.9701106e-07,0.0008861808,0.9955948
pamap2,gnn_flatten_lstm,sequence,3,103,103,104,2055,10042,10042,8,8,13,13,descending_stairs,descending_stairs,True,4.997918e-06,2.0865275e-05,6.415456e-07,2.0506634e-05,0.0002973025,0.0009917009,5.328226e-05,0.0023311863,0.9954817,3.4044672e-06,5.1061284e-07,0.00079392677,0.9954817
pamap2,gnn_flatten_lstm,sequence,3,103,103,104,2056,10043,10043,8,8,13,13,descending_stairs,descending_stairs,True,4.828508e-06,2.0255626e-05,5.940375e-07,1.8627785e-05,0.00030217847,0.0009870345,5.3053576e-05,0.0021817605,0.9956145,3.1889115e-06,4.7443348e-07,0.0008134757,0.9956145
pamap2,gnn_flatten_lstm,sequence,3,103,103,104,2057,10044,10044,8,8,13,13,descending_stairs,descending_stairs,True,4.4803337e-06,1.8965728e-05,5.242161e-07,1.6270835e-05,0.00032522154,0.001024328,5.9002246e-05,0.0018558217,0.99583167,3.0730778e-06,4.2652863e-07,0.00086010795,0.99583167
pamap2,gnn_flatten_lstm,sequence,3,103,103,104,2058,10045,10045,8,8,13,13,descending_stairs,descending_stairs,True,4.396649e-06,1.8272818e-05,4.817484e-07,1.5304262e-05,0.00035392746,0.0010557186,7.295185e-05,0.001552666,0.9959714,3.134024e-06,3.7840135e-07,0.00095133594,0.9959714
pamap2,gnn_flatten_lstm,sequence,3,103,103,104,2059,10046,10046,8,8,13,13,descending_stairs,descending_stairs,True,4.828397e-06,1.9455045e-05,4.9471976e-07,1.6534983e-05,0.00039059957,0.0011147042,9.6388256e-05,0.0013898341,0.9958747,3.6036258e-06,3.6861417e-07,0.0010884838,0.9958747
pamap2,gnn_flatten_lstm,sequence,3,103,103,104,2060,10047,10047,8,8,13,13,descending_stairs,descending_stairs,True,4.6802843e-06,1.9174018e-05,5.146843e-07,1.7170178e-05,0.00042475393,0.0011867287,0.00010224013,0.0014812344,0.99572265,3.9424167e-06,4.054454e-07,0.0010365549,0.99572265
pamap2,gnn_flatten_lstm,sequence,3,103,103,104,2061,10048,10048,8,8,13,13,descending_stairs,descending_stairs,True,4.388489e-06,1.8473744e-05,5.159389e-07,1.655521e-05,0.00039091823,0.0011004534,8.335457e-05,0.001604267,0.99584717,3.5474932e-06,4.0569026e-07,0.0009299176,0.99584717
pamap2,gnn_flatten_lstm,sequence,3,103,103,104,2062,10049,10049,8,8,13,13,descending_stairs,descending_stairs,True,4.3395444e-06,1.8378374e-05,5.040798e-07,1.5981424e-05,0.00036816354,0.001024163,7.729007e-05,0.0015800252,0.99597126,3.231433e-06,3.7755854e-07,0.000936184,0.99597126
pamap2,gnn_flatten_lstm,sequence,3,103,103,104,2063,10050,10050,8,8,13,13,descending_stairs,descending_stairs,True,4.360844e-06,1.837273e-05,4.847041e-07,1.5253652e-05,0.0003540878,0.0009848906,7.5415315e-05,0.001501827,0.9960663,3.016713e-06,3.5162196e-07,0.0009756427,0.9960663
pamap2,gnn_flatten_lstm,sequence,3,103,103,104,2064,10051,10051,8,8,13,13,descending_stairs,descending_stairs,True,4.4317067e-06,1.8535331e-05,4.964481e-07,1.5300322e-05,0.00035109915,0.0009863891,7.389574e-05,0.0014885351,0.9960616,2.950093e-06,3.5732313e-07,0.0009963176,0.9960616
pamap2,gnn_flatten_lstm,sequence,3,103,103,104,2065,10052,10052,8,8,13,13,descending_stairs,descending_stairs,True,5.5181567e-06,2.1294416e-05,5.2671214e-07,1.8967643e-05,0.00035960448,0.00086996,0.000109100576,0.0012573727,0.99603397,3.310779e-06,2.9728943e-07,0.0013200479,0.99603397
pamap2,gnn_flatten_lstm,sequence,3,103,103,104,2066,10053,10053,8,8,13,13,descending_stairs,descending_stairs,True,6.3586335e-06,2.3436865e-05,5.569315e-07,2.187454e-05,0.0003690591,0.0008101087,0.00013627434,0.0011772754,0.99594104,3.5325572e-06,2.7971396e-07,0.0015100508,0.99594104
pamap2,gnn_flatten_lstm,sequence,3,103,103,104,2067,10054,10054,8,8,13,13,descending_stairs,descending_stairs,True,5.08728e-06,2.059647e-05,5.165104e-07,1.8440842e-05,0.00035185265,0.000849172,0.00010284573,0.0013006561,0.9961689,3.2660746e-06,3.0191003e-07,0.0011783616,0.9961689
pamap2,gnn_flatten_lstm,sequence,3,103,103,104,2068,10055,10055,8,8,13,13,descending_stairs,descending_stairs,True,4.8337806e-06,1.9768286e-05,5.022448e-07,1.6828615e-05,0.00033711854,0.0008613276,8.376469e-05,0.0013906327,0.9961857,3.0090405e-06,3.168446e-07,0.0010961606,0.9961857
pamap2,gnn_flatten_lstm,sequence,3,103,103,104,2069,10056,10056,8,8,13,13,descending_stairs,descending_stairs,True,4.476903e-06,1.854689e-05,4.8567017e-07,1.5688132e-05,0.0003278276,0.0008889807,7.4038144e-05,0.0014208845,0.9962314,2.8296236e-06,3.2606354e-07,0.001014535,0.9962314
pamap2,gnn_flatten_lstm,sequence,3,103,103,104,2070,10057,10057,8,8,13,13,descending_stairs,descending_stairs,True,5.074523e-06,1.9468816e-05,4.9932936e-07,1.6387448e-05,0.00037877387,0.0010069105,9.397e-05,0.0013506481,0.99595356,3.3242454e-06,3.4429766e-07,0.0011710274,0.99595356
pamap2,gnn_flatten_lstm,sequence,3,103,103,104,2071,10058,10058,8,8,13,13,descending_stairs,descending_stairs,True,5.579075e-06,2.0748497e-05,5.089302e-07,1.731274e-05,0.00041619362,0.0011367016,0.00011835533,0.001286324,0.995682,3.87936e-06,3.5581886e-07,0.0013120949,0.995682
pamap2,gnn_flatten_lstm,sequence,3,103,103,104,2072,10059,10059,8,8,13,13,descending_stairs,descending_stairs,True,5.420595e-06,2.1336884e-05,5.173578e-07,1.6892616e-05,0.0003542165,0.000983922,9.904897e-05,0.0013269231,0.99600273,3.4211137e-06,3.4658652e-07,0.0011852717,0.99600273
pamap2,gnn_flatten_lstm,sequence,3,103,103,104,2073,10060,10060,8,8,13,13,descending_stairs,descending_stairs,True,5.409457e-06,2.1381724e-05,5.006259e-07,1.6427428e-05,0.00033558244,0.00090398005,9.18771e-05,0.0013206564,0.99608374,3.1483019e-06,3.184303e-07,0.001216889,0.99608374
pamap2,gnn_flatten_lstm,sequence,3,103,103,104,2074,10061,10061,8,8,13,13,descending_stairs,descending_stairs,True,5.6804756e-06,2.213727e-05,5.2223976e-07,1.67004e-05,0.00033918893,0.0008699097,8.968023e-05,0.0013569641,0.9960162,3.0449387e-06,3.194425e-07,0.001279603,0.9960162
pamap2,gnn_flatten_lstm,sequence,3,103,103,104,2075,10062,10062,8,8,13,13,descending_stairs,descending_stairs,True,5.3374215e-06,2.173447e-05,5.446678e-07,1.6501299e-05,0.0003193208,0.0008614503,7.77193e-05,0.001436721,0.9960939,2.8410109e-06,3.376331e-07,0.0011636103,0.9960939
pamap2,gnn_flatten_lstm,sequence,3,103,103,104,2076,10063,10063,8,8,13,13,descending_stairs,descending_stairs,True,4.947704e-06,2.0188045e-05,5.1674243e-07,1.5483996e-05,0.00031826974,0.00087611796,6.9329435e-05,0.0014955085,0.99611473,2.7105775e-06,3.402857e-07,0.0010817865,0.99611473
pamap2,gnn_flatten_lstm,sequence,3,103,103,104,2077,10064,10064,8,8,13,13,descending_stairs,descending_stairs,True,5.015771e-06,2.0230083e-05,5.51995e-07,1.632854e-05,0.00033435124,0.00089886796,6.752261e-05,0.0016499272,0.99594206,2.8796253e-06,3.752959e-07,0.0010619132,0.99594206
pamap2,gnn_flatten_lstm,sequence,3,103,103,104,2078,10065,10065,8,8,13,13,descending_stairs,descending_stairs,True,5.077758e-06,2.129189e-05,6.613414e-07,2.0743952e-05,0.00033686543,0.0008704199,6.917968e-05,0.0019869206,0.99568605,3.3335702e-06,4.3089338e-07,0.0009990445,0.99568605
pamap2,gnn_flatten_lstm,sequence,3,103,103,104,2079,10066,10066,8,8,13,13,descending_stairs,descending_stairs,True,5.5777136e-06,2.3012732e-05,6.9358754e-07,2.2268276e-05,0.00033777417,0.00097139995,7.056666e-05,0.0020645645,0.9954798,3.6614372e-06,4.783019e-07,0.001020105,0.9954798
pamap2,gnn_flatten_lstm,sequence,3,103,103,104,2080,10067,10067,8,8,13,13,descending_stairs,descending_stairs,True,6.7677315e-06,2.8415607e-05,9.0425516e-07,2.7714139e-05,0.0002981802,0.0009831814,6.138585e-05,0.0025762522,0.995067,3.938171e-06,6.321032e-07,0.0009456818,0.995067
pamap2,gnn_flatten_lstm,sequence,3,103,103,104,2081,10068,10068,8,8,13,13,descending_stairs,descending_stairs,True,7.46323e-06,3.136532e-05,1.0240486e-06,2.9880859e-05,0.00027846088,0.0010060066,5.443835e-05,0.002930779,0.9947634,3.997081e-06,7.442457e-07,0.0008924922,0.9947634
pamap2,gnn_flatten_lstm,sequence,3,103,103,104,2082,10069,10069,8,8,13,13,descending_stairs,descending_stairs,True,6.838828e-06,2.8650165e-05,8.9922094e-07,2.6100059e-05,0.000269679,0.0009928001,4.964374e-05,0.0027974427,0.9949911,3.6676195e-06,6.8945656e-07,0.0008323175,0.9949911
pamap2,gnn_flatten_lstm,sequence,3,103,103,104,2083,10070,10070,8,8,13,13,descending_stairs,descending_stairs,True,6.5374447e-06,2.7087035e-05,7.886585e-07,2.286585e-05,0.00026838656,0.0009839621,4.8322225e-05,0.0025657904,0.99522334,3.4103025e-06,6.181927e-07,0.0008490215,0.99522334
pamap2,gnn_flatten_lstm,sequence,3,103,103,104,2084,10071,10071,8,8,13,13,descending_stairs,descending_stairs,True,6.073164e-06,2.4765763e-05,7.046744e-07,2.0657611e-05,0.00027812744,0.0010111396,4.7038502e-05,0.0024538997,0.99531156,3.3011445e-06,5.83267e-07,0.0008422878,0.99531156
pamap2,gnn_flatten_lstm,sequence,3,103,103,104,2085,10072,10072,8,8,13,13,descending_stairs,descending_stairs,True,5.757763e-06,2.3306802e-05,7.042785e-07,2.1375328e-05,0.00029403035,0.0010619235,4.6657748e-05,0.0026354992,0.9951072,3.5243252e-06,6.122047e-07,0.0007993615,0.9951072
pamap2,gnn_flatten_lstm,sequence,3,103,103,104,2086,10073,10073,8,8,13,13,descending_stairs,descending_stairs,True,6.460968e-06,2.581557e-05,8.6152636e-07,2.8941638e-05,0.00033278426,0.0010381181,6.106994e-05,0.0030392136,0.99461526,4.5642773e-06,6.6035307e-07,0.0008462489,0.99461526
pamap2,gnn_flatten_lstm,sequence,3,103,103,104,2087,10074,10074,8,8,13,13,descending_stairs,descending_stairs,True,5.9536424e-06,2.4265402e-05,8.180081e-07,2.7253669e-05,0.00033770414,0.0010113701,6.0968898e-05,0.0029063525,0.9948047,4.3191285e-06,6.2132455e-07,0.00081565254,0.9948047
pamap2,gnn_flatten_lstm,sequence,3,103,103,104,2088,10075,10075,8,8,13,13,descending_stairs,descending_stairs,True,5.388346e-06,2.2844728e-05,6.504028e-07,2.092982e-05,0.00031268533,0.0009752621,6.230888e-05,0.0021053096,0.9956001,3.524592e-06,4.866955e-07,0.0008904361,0.9956001
pamap2,gnn_flatten_lstm,sequence,3,103,103,104,2089,10076,10076,8,8,13,13,descending_stairs,descending_stairs,True,5.0440754e-06,2.1508371e-05,6.1257566e-07,1.855567e-05,0.00031377323,0.0009695142,6.094954e-05,0.0019312976,0.9957728,3.195666e-06,4.6249733e-07,0.0009023144,0.9957728
pamap2,gnn_flatten_lstm,sequence,3,103,103,104,2090,10077,10077,8,8,13,13,descending_stairs,descending_stairs,True,4.644759e-06,1.98844e-05,5.9769854e-07,1.7563325e-05,0.00032768256,0.0010051893,5.875304e-05,0.0019663877,0.9957327,3.1308894e-06,4.716736e-07,0.0008629515,0.9957327
pamap2,gnn_flatten_lstm,sequence,3,103,103,104,2091,10078,10078,8,8,13,13,descending_stairs,descending_stairs,True,4.636593e-06,1.9622099e-05,6.207125e-07,1.9020568e-05,0.00032618313,0.0010456325,5.7313424e-05,0.0021123053,0.9955806,3.3127867e-06,5.0106877e-07,0.0008303593,0.9955806
pamap2,gnn_flatten_lstm,sequence,3,103,103,104,2092,10079,10079,8,8,13,13,descending_stairs,descending_stairs,True,6.1040355e-06,2.577145e-05,9.035735e-07,2.699151e-05,0.00032693587,0.0010818269,6.1934734e-05,0.002557514,0.9949951,3.9567585e-06,6.531463e-07,0.00091240037,0.9949951
pamap2,gnn_flatten_lstm,sequence,3,103,103,104,2093,10080,10080,8,8,13,13,descending_stairs,descending_stairs,True,1.1553131e-05,4.4037337e-05,1.7605344e-06,4.5649092e-05,0.00050016236,0.0016410715,0.00010511499,0.0030501797,0.9931391,6.9679177e-06,1.1962725e-06,0.0014530722,0.9931391
pamap2,gnn_flatten_lstm,sequence,3,103,103,104,2094,10081,10081,8,8,13,13,descending_stairs,descending_stairs,True,2.4508243e-05,9.316409e-05,4.2083566e-06,8.8797904e-05,0.00087468716,0.0030396897,0.00020516939,0.0038598378,0.9893113,1.4117266e-05,2.752942e-06,0.0024817106,0.9893113
pamap2,gnn_flatten_lstm,sequence,3,103,103,104,2095,10082,10082,8,8,13,13,descending_stairs,descending_stairs,True,6.0966664e-05,0.00021663343,1.2540047e-05,0.0002052778,0.0018689927,0.006192551,0.0005039415,0.005011025,0.9806953,3.3604192e-05,7.4072764e-06,0.005191849,0.9806953
pamap2,gnn_flatten_lstm,sequence,3,103,103,104,2096,10083,10083,8,8,13,13,descending_stairs,descending_stairs,True,0.00018223809,0.00054392545,4.9850016e-05,0.0006094875,0.004952075,0.0134025,0.0012444914,0.008228187,0.9576568,0.00010533179,2.6797903e-05,0.012998297,0.9576568
pamap2,gnn_flatten_lstm,sequence,3,103,103,104,2097,10084,10084,8,8,13,13,descending_stairs,descending_stairs,True,0.0009582094,0.0020141571,0.00036078098,0.0032235766,0.020101903,0.03372651,0.0049738847,0.017622096,0.8710297,0.00058345246,0.00013447994,0.04527127,0.8710297
pamap2,gnn_flatten_lstm,sequence,3,103,103,104,2098,10085,10085,8,8,13,13,descending_stairs,descending_stairs,True,0.0046655303,0.00596144,0.002419116,0.01569737,0.07639486,0.06480548,0.018466048,0.044420265,0.64127684,0.00324176,0.0007617075,0.1218896,0.64127684
pamap2,gnn_flatten_lstm,sequence,3,103,103,104,2099,10086,10086,8,8,13,13,descending_stairs,descending_stairs,True,0.011279532,0.009860754,0.006986509,0.0329876,0.1264294,0.07361421,0.029850526,0.07104115,0.45024875,0.007134558,0.0020378912,0.178529,0.45024875
pamap2,gnn_flatten_lstm,sequence,3,103,103,104,2100,10087,10087,7,8,12,13,ascending_stairs,descending_stairs,False,0.029673753,0.03167181,0.030348208,0.06952809,0.13058496,0.07228815,0.05125205,0.10634826,0.28985858,0.017561557,0.008524793,0.16235976,0.28985858
pamap2,gnn_flatten_lstm,sequence,3,103,103,104,2101,10088,10088,7,2,12,3,ascending_stairs,standing,False,0.037267767,0.115179226,0.21323642,0.08204099,0.07325582,0.042535216,0.07307782,0.09874492,0.11783581,0.038380515,0.055444155,0.0530014,0.21323642
pamap2,gnn_flatten_lstm,sequence,3,103,103,104,2102,10089,10089,7,2,12,3,ascending_stairs,standing,False,0.025147641,0.16604204,0.43572223,0.03814661,0.030530939,0.016153814,0.04323726,0.061130557,0.03948979,0.035899654,0.0933633,0.015136156,0.43572223
pamap2,gnn_flatten_lstm,sequence,3,103,103,104,2103,10090,10090,7,2,12,3,ascending_stairs,standing,False,0.01810951,0.1653393,0.53063625,0.021653313,0.017608022,0.009192649,0.028589299,0.043643247,0.021448376,0.032254104,0.10371727,0.007808705,0.53063625
pamap2,gnn_flatten_lstm,sequence,3,103,103,104,2104,10091,10091,7,2,12,3,ascending_stairs,standing,False,0.015294618,0.16624725,0.5554491,0.017037107,0.014245742,0.0076253666,0.023821393,0.037823975,0.016628811,0.03099049,0.108843856,0.0059922407,0.5554491
pamap2,gnn_flatten_lstm,sequence,3,103,103,104,2105,10092,10092,7,2,12,3,ascending_stairs,standing,False,0.012993137,0.15310079,0.51588976,0.01306391,0.012067395,0.009338991,0.019816514,0.034772962,0.013941197,0.03672723,0.17299818,0.005289962,0.51588976
pamap2,gnn_flatten_lstm,sequence,3,103,103,104,2106,10093,10093,7,2,12,3,ascending_stairs,standing,False,0.027176213,0.07571706,0.25318247,0.0498601,0.05079993,0.021528337,0.044118814,0.225294,0.09392749,0.039928317,0.096090466,0.02237681,0.25318247
pamap2,gnn_flatten_lstm,sequence,3,103,103,104,2107,10094,10094,7,7,12,12,ascending_stairs,ascending_stairs,True,0.007433678,0.0067458088,0.013321187,0.025128964,0.0848087,0.015141316,0.010934079,0.61760414,0.17491953,0.01184278,0.008907368,0.023212539,0.61760414
pamap2,gnn_flatten_lstm,sequence,3,103,103,104,2108,10095,10095,7,7,12,12,ascending_stairs,ascending_stairs,True,0.0014107521,0.0009467358,0.0012748522,0.0066792895,0.09371537,0.0070801955,0.0022799377,0.72266567,0.14667518,0.003608024,0.0010254066,0.0126385195,0.72266567
pamap2,gnn_flatten_lstm,sequence,3,103,103,104,2109,10096,10096,7,7,12,12,ascending_stairs,ascending_stairs,True,0.00041210142,0.00023658156,0.0002807544,0.001941277,0.063366935,0.0029217948,0.00054810435,0.82236564,0.10119865,0.0012675949,0.00024593296,0.005214711,0.82236564
pamap2,gnn_flatten_lstm,sequence,3,103,103,104,2110,10097,10097,7,7,12,12,ascending_stairs,ascending_stairs,True,0.00017024629,0.00010797792,0.00015175108,0.0013964169,0.025144646,0.00080174644,0.000239129,0.9130087,0.056431357,0.00075577793,8.257224e-05,0.0017097351,0.9130087
pamap2,gnn_flatten_lstm,sequence,3,103,103,104,2111,10098,10098,7,7,12,12,ascending_stairs,ascending_stairs,True,7.029818e-05,4.3719494e-05,6.6559136e-05,0.00044403473,0.009877842,0.0003870181,6.4481e-05,0.9549554,0.03318484,0.00027099843,4.3820095e-05,0.0005910452,0.9549554
pamap2,gnn_flatten_lstm,sequence,3,103,103,104,2112,10099,10099,7,7,12,12,ascending_stairs,ascending_stairs,True,3.9689367e-05,2.2863684e-05,4.3651482e-05,0.00020113373,0.0032623077,0.0001992956,2.12854e-05,0.97840035,0.01744411,0.00013498524,3.0788404e-05,0.00019947889,0.97840035
pamap2,gnn_flatten_lstm,sequence,3,103,103,104,2113,10100,10100,7,7,12,12,ascending_stairs,ascending_stairs,True,2.7922108e-05,1.5848434e-05,4.2699463e-05,0.00016308388,0.0013864324,9.301034e-05,1.172768e-05,0.9891199,0.008934236,9.995574e-05,2.1136719e-05,8.40761e-05,0.9891199
pamap2,gnn_flatten_lstm,sequence,3,103,103,104,2114,10101,10101,7,7,12,12,ascending_stairs,ascending_stairs,True,2.2331973e-05,1.3154721e-05,4.6850626e-05,0.0001665513,0.00077096326,5.0076735e-05,8.895711e-06,0.99329597,0.0054727257,9.018619e-05,1.6173859e-05,4.6150628e-05,0.99329597
pamap2,gnn_flatten_lstm,sequence,3,103,103,104,2115,10102,10102,7,7,12,12,ascending_stairs,ascending_stairs,True,1.8442783e-05,1.0771737e-05,4.0091654e-05,0.00013831099,0.00072051166,4.7753212e-05,7.4934032e-06,0.9934796,0.005405479,7.596726e-05,1.4334066e-05,4.125572e-05,0.9934796
pamap2,gnn_flatten_lstm,sequence,3,103,103,104,2116,10103,10103,7,7,12,12,ascending_stairs,ascending_stairs,True,1.7884811e-05,1.0805468e-05,3.895071e-05,0.00013212365,0.0007714963,5.0946852e-05,7.150136e-06,0.99333125,0.0055068564,7.470805e-05,1.4537684e-05,4.3414715e-05,0.99333125
pamap2,gnn_flatten_lstm,sequence,3,103,103,104,2117,10104,10104,7,7,12,12,ascending_stairs,ascending_stairs,True,1.5224152e-05,9.928592e-06,4.279531e-05,0.00014728992,0.00058653683,3.890182e-05,6.287585e-06,0.99436545,0.004666519,7.2863746e-05,1.2674953e-05,3.5446734e-05,0.99436545
pamap2,gnn_flatten_lstm,sequence,3,103,103,104,2118,10105,10105,7,7,12,12,ascending_stairs,ascending_stairs,True,1.8186005e-05,1.1608625e-05,4.8127615e-05,0.00014435001,0.0006442358,4.7325826e-05,7.173623e-06,0.99379915,0.005146823,7.8223944e-05,1.5641446e-05,3.916137e-05,0.99379915
pamap2,gnn_flatten_lstm,sequence,3,103,103,104,2119,10106,10106,7,7,12,12,ascending_stairs,ascending_stairs,True,1.8259156e-05,1.1612957e-05,4.676577e-05,0.00014432539,0.00066751044,4.7305577e-05,7.490013e-06,0.9937662,0.0051574986,7.806485e-05,1.579573e-05,3.918383e-05,0.9937662
pamap2,gnn_flatten_lstm,sequence,3,103,103,104,2120,10107,10107,7,7,12,12,ascending_stairs,ascending_stairs,True,1.8143264e-05,1.1122351e-05,4.254303e-05,0.00013858877,0.00072773837,5.0500097e-05,7.3020456e-06,0.99348325,0.005386371,7.711089e-05,1.5329826e-05,4.2044743e-05,0.99348325
pamap2,gnn_flatten_lstm,sequence,3,103,103,104,2121,10108,10108,7,7,12,12,ascending_stairs,ascending_stairs,True,1.8095103e-05,1.102434e-05,3.9794595e-05,0.00013655899,0.00079113536,5.3293934e-05,7.193041e-06,0.9932492,0.005556229,7.789226e-05,1.5292359e-05,4.441619e-05,0.9932492
pamap2,gnn_flatten_lstm,sequence,3,103,103,104,2122,10109,10109,7,7,12,12,ascending_stairs,ascending_stairs,True,1.7629274e-05,1.1090856e-05,4.511739e-05,0.00014665676,0.00064341194,4.5092827e-05,7.1386075e-06,0.993824,0.0051308945,7.521562e-05,1.4746087e-05,3.8931696e-05,0.993824
pamap2,gnn_flatten_lstm,sequence,3,103,103,104,2123,10110,10110,7,7,12,12,ascending_stairs,ascending_stairs,True,1.8826702e-05,1.2658044e-05,5.482199e-05,0.00018503676,0.0005774276,3.5516823e-05,7.8217e-06,0.994709,0.004262529,8.544837e-05,1.3905046e-05,3.698907e-05,0.994709
pamap2,gnn_flatten_lstm,sequence,3,103,103,104,2124,10111,10111,7,7,12,12,ascending_stairs,ascending_stairs,True,1.907502e-05,1.3190721e-05,5.739326e-05,0.00020062365,0.0005485072,3.104205e-05,8.021602e-06,0.9950866,0.0038995622,8.736201e-05,1.3040899e-05,3.5517973e-05,0.9950866
pamap2,gnn_flatten_lstm,sequence,3,103,103,104,2125,10112,10112,7,7,12,12,ascending_stairs,ascending_stairs,True,1.7712633e-05,1.2227285e-05,5.4457858e-05,0.0002130329,0.0004929681,2.6417989e-05,7.806395e-06,0.9953857,0.0036632617,8.353785e-05,1.1440401e-05,3.1405692e-05,0.9953857
pamap2,gnn_flatten_lstm,sequence,3,103,103,104,2126,10113,10113,7,7,12,12,ascending_stairs,ascending_stairs,True,1.8665214e-05,1.3038635e-05,5.7333902e-05,0.00022484559,0.0004858291,2.594059e-05,8.040712e-06,0.9955128,0.003523643,8.759351e-05,1.1901116e-05,3.0338933e-05,0.9955128
pamap2,gnn_flatten_lstm,sequence,3,103,103,104,2127,10114,10114,7,7,12,12,ascending_stairs,ascending_stairs,True,1.760074e-05,1.2090987e-05,4.903556e-05,0.00018629781,0.00055283296,3.2091244e-05,7.2708376e-06,0.99522144,0.0037913127,8.561363e-05,1.2898265e-05,3.149976e-05,0.99522144
pamap2,gnn_flatten_lstm,sequence,3,103,103,104,2128,10115,10115,7,7,12,12,ascending_stairs,ascending_stairs,True,1.7377712e-05,1.1829816e-05,4.8054397e-05,0.00017666856,0.0005688949,3.6188052e-05,7.359933e-06,0.9950088,0.0039919196,8.6946e-05,1.3750467e-05,3.2226955e-05,0.9950088
pamap2,gnn_flatten_lstm,sequence,3,103,103,104,2129,10116,10116,7,7,12,12,ascending_stairs,ascending_stairs,True,1.7056931e-05,1.1876603e-05,5.4166918e-05,0.00020716236,0.00049005676,2.9927565e-05,7.4413374e-06,0.9955793,0.003464703,9.60993e-05,1.3573315e-05,2.8645623e-05,0.9955793
pamap2,gnn_flatten_lstm,sequence,3,103,103,104,2130,10117,10117,7,7,12,12,ascending_stairs,ascending_stairs,True,1.725317e-05,1.1707282e-05,5.655031e-05,0.00023045797,0.00045539212,2.6711232e-05,7.5641406e-06,0.995928,0.0031195271,0.00010697696,1.3224984e-05,2.6628797e-05,0.995928
pamap2,gnn_flatten_lstm,sequence,3,103,103,104,2131,10118,10118,7,7,12,12,ascending_stairs,ascending_stairs,True,1.6896181e-05,1.1830765e-05,6.2218875e-05,0.00026067728,0.00040303645,2.2668444e-05,7.725476e-06,0.99608564,0.0029885448,0.00010307926,1.2209178e-05,2.5378109e-05,0.99608564
pamap2,gnn_flatten_lstm,sequence,3,103,103,104,2132,10119,10119,7,7,12,12,ascending_stairs,ascending_stairs,True,1.81944e-05,1.3178388e-05,6.203349e-05,0.00023778688,0.00047279242,2.8642651e-05,7.958754e-06,0.9956393,0.003375697,0.00010138744,1.4220863e-05,2.8717894e-05,0.9956393
pamap2,gnn_flatten_lstm,sequence,3,103,103,104,2133,10120,10120,7,7,12,12,ascending_stairs,ascending_stairs,True,1.8411778e-05,1.3306024e-05,6.155601e-05,0.00022919566,0.0004772859,2.984619e-05,7.944806e-06,0.99555933,0.0034603472,9.913356e-05,1.4631659e-05,2.8930652e-05,0.99555933
pamap2,gnn_flatten_lstm,sequence,3,103,103,104,2134,10121,10121,7,7,12,12,ascending_stairs,ascending_stairs,True,1.7104185e-05,1.1558787e-05,5.5668956e-05,0.00020563806,0.00045207018,3.0160996e-05,7.4334152e-06,0.9955195,0.0035685124,9.145791e-05,1.361745e-05,2.734722e-05,0.9955195
pamap2,gnn_flatten_lstm,sequence,3,103,103,104,2135,10122,10122,7,7,12,12,ascending_stairs,ascending_stairs,True,1.7159024e-05,1.1044161e-05,5.435733e-05,0.00020365587,0.00044698795,2.930535e-05,7.277918e-06,0.9956682,0.0034242123,9.776196e-05,1.3449879e-05,2.660921e-05,0.9956682
pamap2,gnn_flatten_lstm,sequence,3,103,103,104,2136,10123,10123,7,7,12,12,ascending_stairs,ascending_stairs,True,1.9329662e-05,1.2638486e-05,6.015803e-05,0.00028504676,0.00045775116,2.4707742e-05,8.432948e-06,0.9960812,0.0028724559,0.00013852936,1.3199308e-05,2.6642112e-05,0.9960812
pamap2,gnn_flatten_lstm,sequence,3,103,103,104,2137,10124,10124,7,7,12,12,ascending_stairs,ascending_stairs,True,2.0233088e-05,1.3724669e-05,7.385677e-05,0.00031788662,0.00039508112,2.3081673e-05,8.864948e-06,0.99605584,0.0029120427,0.00013944904,1.4449928e-05,2.550755e-05,0.99605584
pamap2,gnn_flatten_lstm,sequence,3,103,103,104,2138,10125,10125,7,7,12,12,ascending_stairs,ascending_stairs,True,2.4028197e-05,1.6811506e-05,8.385688e-05,0.00032455425,0.00045890227,2.787362e-05,9.812315e-06,0.9957664,0.003081716,0.0001587433,1.8167348e-05,2.9064195e-05,0.9957664
pamap2,gnn_flatten_lstm,sequence,3,103,103,104,2139,10126,10126,7,7,12,12,ascending_stairs,ascending_stairs,True,2.4257195e-05,1.6459246e-05,7.663006e-05,0.0003021341,0.00050408754,3.1084004e-05,9.922413e-06,0.99542844,0.0034132919,0.00014426216,1.7952132e-05,3.1542026e-05,0.99542844
pamap2,gnn_flatten_lstm,sequence,3,103,103,104,2140,10127,10127,7,7,12,12,ascending_stairs,ascending_stairs,True,2.2892302e-05,1.4998969e-05,6.760859e-05,0.0002859804,0.0005081435,2.8801578e-05,9.450562e-06,0.99556535,0.0033192174,0.00013105979,1.530913e-05,3.1277683e-05,0.99556535
pamap2,gnn_flatten_lstm,sequence,3,103,103,104,2141,10128,10128,7,7,12,12,ascending_stairs,ascending_stairs,True,2.1579042e-05,1.4081136e-05,6.159374e-05,0.000253565,0.00052121055,2.9440422e-05,8.839702e-06,0.995613,0.0033070673,0.0001239831,1.50820215e-05,3.053418e-05,0.995613
pamap2,gnn_flatten_lstm,sequence,3,103,103,104,2142,10129,10129,7,7,12,12,ascending_stairs,ascending_stairs,True,1.982584e-05,1.2534803e-05,5.6486373e-05,0.00023290733,0.00049778336,3.0906318e-05,8.221458e-06,0.9956371,0.003337553,0.00012290243,1.4680045e-05,2.9058314e-05,0.9956371
pamap2,gnn_flatten_lstm,sequence,3,103,103,104,2143,10130,10130,7,7,12,12,ascending_stairs,ascending_stairs,True,2.2091579e-05,1.4554829e-05,6.419204e-05,0.00024291388,0.00050143636,3.1061616e-05,8.733785e-06,0.99555427,0.0033901758,0.00012413775,1.612993e-05,3.0228653e-05,0.99555427
pamap2,gnn_flatten_lstm,sequence,3,103,103,104,2144,10131,10131,7,7,12,12,ascending_stairs,ascending_stairs,True,2.2148946e-05,1.4986869e-05,6.370036e-05,0.00024259335,0.00051717873,3.1048334e-05,8.79342e-06,0.99556327,0.0033689155,0.000120627075,1.5890728e-05,3.0880252e-05,0.99556327
pamap2,gnn_flatten_lstm,sequence,3,103,103,104,2145,10132,10132,7,7,12,12,ascending_stairs,ascending_stairs,True,2.2328408e-05,1.5372074e-05,6.2995925e-05,0.00027038474,0.0005334012,2.7695447e-05,9.152582e-06,0.9958365,0.0030463282,0.00013085429,1.4542859e-05,3.0439494e-05,0.9958365
pamap2,gnn_flatten_lstm,sequence,3,103,103,104,2146,10133,10133,7,7,12,12,ascending_stairs,ascending_stairs,True,2.2892777e-05,1.5471189e-05,6.4245534e-05,0.0002722337,0.0005358394,2.6177651e-05,9.225609e-06,0.9959013,0.0029720962,0.00013557913,1.4055732e-05,3.0866973e-05,0.9959013
pamap2,gnn_flatten_lstm,sequence,3,103,103,104,2147,10134,10134,7,7,12,12,ascending_stairs,ascending_stairs,True,2.0256994e-05,1.4162297e-05,6.004479e-05,0.00030994826,0.0005056423,2.1831815e-05,8.799694e-06,0.99628484,0.0025828183,0.00015226178,1.2412812e-05,2.6967075e-05,0.99628484
pamap2,gnn_flatten_lstm,sequence,3,103,103,104,2148,10135,10135,7,7,12,12,ascending_stairs,ascending_stairs,True,1.9871586e-05,1.4531377e-05,6.4979446e-05,0.00034769982,0.0004725095,2.0096471e-05,8.849884e-06,0.99642426,0.0024195323,0.00016969655,1.2769844e-05,2.5182067e-05,0.99642426
pamap2,gnn_flatten_lstm,sequence,3,103,103,104,2149,10136,10136,7,7,12,12,ascending_stairs,ascending_stairs,True,1.8851832e-05,1.3182016e-05,5.9741888e-05,0.0002819738,0.0004531007,2.2508872e-05,8.127495e-06,0.99629325,0.0026741626,0.00013720512,1.3153446e-05,2.4657777e-05,0.99629325
pamap2,gnn_flatten_lstm,sequence,3,103,103,104,2150,10137,10137,7,7,12,12,ascending_stairs,ascending_stairs,True,1.7795348e-05,1.1786959e-05,5.4636716e-05,0.00024374526,0.0004388279,2.3943292e-05,7.5374037e-06,0.996139,0.0029110112,0.000114601105,1.2668084e-05,2.4387558e-05,0.996139
pamap2,gnn_flatten_lstm,sequence,3,103,103,104,2151,10138,10138,7,7,12,12,ascending_stairs,ascending_stairs,True,1.8956267e-05,1.2238677e-05,5.6147946e-05,0.00023704272,0.00045636794,2.5948375e-05,7.789726e-06,0.9958591,0.003178546,0.00010844124,1.3085719e-05,2.6417572e-05,0.9958591
pamap2,gnn_flatten_lstm,sequence,3,103,103,104,2152,10139,10139,7,7,12,12,ascending_stairs,ascending_stairs,True,1.8746616e-05,1.2072921e-05,5.425502e-05,0.0002285677,0.00046653813,2.658117e-05,7.701583e-06,0.995719,0.003325609,0.00010108804,1.2817288e-05,2.7061424e-05,0.995719
pamap2,gnn_flatten_lstm,sequence,3,103,103,104,2153,10140,10140,7,7,12,12,ascending_stairs,ascending_stairs,True,1.9299849e-05,1.2174189e-05,5.706034e-05,0.00027967113,0.0004437888,2.4056095e-05,8.259415e-06,0.9960198,0.0029745598,0.0001228313,1.2439784e-05,2.6062637e-05,0.9960198
pamap2,gnn_flatten_lstm,sequence,3,103,103,104,2154,10141,10141,7,7,12,12,ascending_stairs,ascending_stairs,True,1.981892e-05,1.26546975e-05,6.553732e-05,0.00028569263,0.00040211756,2.549434e-05,8.357514e-06,0.99584204,0.003179586,0.00011916974,1.43152065e-05,2.5265952e-05,0.99584204
pamap2,gnn_flatten_lstm,sequence,3,103,103,104,2155,10142,10142,7,7,12,12,ascending_stairs,ascending_stairs,True,2.0024614e-05,1.25367e-05,6.897034e-05,0.00026393234,0.0003838807,2.8685849e-05,8.04554e-06,0.99550855,0.0035525023,0.00011148486,1.6022885e-05,2.5407178e-05,0.99550855
pamap2,gnn_flatten_lstm,sequence,3,103,103,104,2156,10143,10143,7,7,12,12,ascending_stairs,ascending_stairs,True,2.3141276e-05,1.5403053e-05,7.794012e-05,0.000297176,0.0004369969,2.9242548e-05,9.498464e-06,0.9952964,0.0036523498,0.00011520572,1.6283599e-05,3.0354302e-05,0.9952964
pamap2,gnn_flatten_lstm,sequence,3,103,103,104,2157,10144,10144,7,7,12,12,ascending_stairs,ascending_stairs,True,2.3183211e-05,1.5796584e-05,7.466793e-05,0.0002907428,0.00048496362,2.768136e-05,9.747412e-06,0.9955113,0.003396364,0.000118205775,1.5018235e-05,3.2357388e-05,0.9955113
pamap2,gnn_flatten_lstm,sequence,3,103,103,104,2158,10145,10145,7,7,12,12,ascending_stairs,ascending_stairs,True,2.2460401e-05,1.5444819e-05,7.114251e-05,0.00023925363,0.00049809203,2.8885614e-05,9.003549e-06,0.9954144,0.0035500377,0.00010337708,1.4840338e-05,3.3122255e-05,0.9954144
pamap2,gnn_flatten_lstm,sequence,3,103,103,104,2159,10146,10146,7,7,12,12,ascending_stairs,ascending_stairs,True,2.3942775e-05,1.6839422e-05,7.251326e-05,0.00023391277,0.0005156132,2.7834723e-05,9.441619e-06,0.99548316,0.0034674553,0.00010057546,1.4016708e-05,3.471909e-05,0.99548316
pamap2,gnn_flatten_lstm,sequence,3,103,103,104,2160,10147,10147,7,7,12,12,ascending_stairs,ascending_stairs,True,2.6326188e-05,1.808979e-05,7.607049e-05,0.00025145157,0.0006074205,4.0629046e-05,1.0186382e-05,0.9952414,0.0035152456,0.00015600704,1.9048244e-05,3.810628e-05,0.9952414
pamap2,gnn_flatten_lstm,sequence,3,103,103,104,2161,10148,10148,7,7,12,12,ascending_stairs,ascending_stairs,True,2.4499914e-05,1.6952525e-05,8.0005586e-05,0.00027428957,0.00050765875,3.2249496e-05,9.83887e-06,0.9956781,0.0031775262,0.00014916922,1.7515395e-05,3.2187887e-05,0.9956781
pamap2,gnn_flatten_lstm,sequence,3,103,103,104,2162,10149,10149,7,7,12,12,ascending_stairs,ascending_stairs,True,2.2576447e-05,1.5314788e-05,7.479398e-05,0.00025669308,0.00048671386,3.2614265e-05,9.1268075e-06,0.99562764,0.003289175,0.0001377323,1.712617e-05,3.055572e-05,0.99562764
pamap2,gnn_flatten_lstm,sequence,3,103,103,104,2163,10150,10150,7,7,12,12,ascending_stairs,ascending_stairs,True,2.3807592e-05,1.5527674e-05,7.270935e-05,0.00024846935,0.000534372,3.6541594e-05,9.664716e-06,0.9952266,0.0036478366,0.00013252646,1.8370238e-05,3.35228e-05,0.9952266
pamap2,gnn_flatten_lstm,sequence,3,103,103,104,2164,10151,10151,7,7,12,12,ascending_stairs,ascending_stairs,True,2.2047798e-05,1.4161643e-05,6.498942e-05,0.00022755231,0.00053788896,3.6545152e-05,9.1244465e-06,0.9951422,0.0037777494,0.00011740029,1.7209302e-05,3.3058423e-05,0.9951422
pamap2,gnn_flatten_lstm,sequence,3,103,103,104,2165,10152,10152,7,7,12,12,ascending_stairs,ascending_stairs,True,2.0575575e-05,1.393568e-05,6.5497385e-05,0.0002333924,0.00049071753,3.0054283e-05,8.671902e-06,0.99550384,0.003482105,0.00010517313,1.4875963e-05,3.1165764e-05,0.99550384
pamap2,gnn_flatten_lstm,sequence,3,103,103,104,2166,10153,10153,7,7,12,12,ascending_stairs,ascending_stairs,True,2.1127433e-05,1.4849958e-05,6.902043e-05,0.0002543726,0.0004945315,2.7996828e-05,9.032365e-06,0.9956228,0.0033317618,0.00010816311,1.41982e-05,3.2192518e-05,0.9956228
pamap2,gnn_flatten_lstm,sequence,3,103,103,104,2167,10154,10154,7,7,12,12,ascending_stairs,ascending_stairs,True,1.9508147e-05,1.4195484e-05,7.4839874e-05,0.00025293173,0.00043482965,2.8111672e-05,8.753027e-06,0.9955264,0.0035000527,9.5393865e-05,1.3989578e-05,3.1030402e-05,0.9955264
pamap2,gnn_flatten_lstm,sequence,3,103,103,104,2168,10155,10155,7,7,12,12,ascending_stairs,ascending_stairs,True,3.3527525e-05,2.6150386e-05,0.00013540707,0.00035839377,0.0005869196,5.106032e-05,1.5366364e-05,0.994001,0.004564446,0.00015320192,2.5941168e-05,4.846171e-05,0.994001
pamap2,gnn_flatten_lstm,sequence,3,103,103,104,2169,10156,10156,7,7,12,12,ascending_stairs,ascending_stairs,True,0.00012019899,0.0001105374,0.00047239667,0.0008416114,0.001282734,0.00016284136,6.0031183e-05,0.9885895,0.007670746,0.00046034728,8.7884546e-05,0.0001411152,0.9885895
pamap2,gnn_flatten_lstm,sequence,3,103,103,104,2170,10157,10157,7,7,12,12,ascending_stairs,ascending_stairs,True,0.00041341168,0.00044921893,0.0015184104,0.002018176,0.0033636906,0.00060091756,0.00026442416,0.97394675,0.0154374475,0.0011728543,0.00027834307,0.0005363324,0.97394675
pamap2,gnn_flatten_lstm,sequence,3,103,103,104,2171,10158,10158,7,7,12,12,ascending_stairs,ascending_stairs,True,0.0016308603,0.0023623048,0.005899612,0.0068092532,0.012930347,0.0036032286,0.0016002099,0.9154944,0.04183007,0.00369376,0.0011912845,0.0029547233,0.9154944
pamap2,gnn_flatten_lstm,sequence,3,103,103,104,2172,10159,10159,7,7,12,12,ascending_stairs,ascending_stairs,True,0.004718928,0.008212735,0.016313072,0.021712434,0.04238015,0.015888656,0.0071073743,0.75960606,0.09767297,0.0087539,0.0035499798,0.014083685,0.75960606
pamap2,gnn_flatten_lstm,sequence,3,103,103,104,2173,10160,10160,7,7,12,12,ascending_stairs,ascending_stairs,True,0.010297023,0.014705772,0.018161083,0.043573048,0.11406128,0.048986915,0.021662826,0.43224892,0.2126125,0.011777375,0.004653919,0.06725939,0.43224892
pamap2,gnn_flatten_lstm,sequence,3,103,103,104,2174,10161,10161,7,8,12,13,ascending_stairs,descending_stairs,False,0.013357433,0.013318874,0.011294967,0.042037074,0.17361778,0.07351766,0.028301029,0.19739296,0.29177988,0.010721903,0.0033655153,0.14129496,0.29177988
pamap2,gnn_flatten_lstm,sequence,3,103,103,104,2175,10162,10162,7,8,12,13,ascending_stairs,descending_stairs,False,0.018445462,0.014686403,0.010509052,0.038240127,0.17430502,0.08047544,0.031025544,0.12780347,0.30081692,0.010565285,0.003510047,0.18961726,0.30081692
pamap2,gnn_flatten_lstm,sequence,3,103,103,104,2176,10163,10163,8,8,13,13,descending_stairs,descending_stairs,True,0.02599785,0.01745079,0.012224818,0.043187015,0.1477133,0.065256,0.035574794,0.08771005,0.32795307,0.010102084,0.0034619395,0.22336832,0.32795307
pamap2,gnn_flatten_lstm,sequence,3,103,103,104,2177,10164,10164,8,8,13,13,descending_stairs,descending_stairs,True,0.025887737,0.017581513,0.010433743,0.03619027,0.15389006,0.07570044,0.035748046,0.07691735,0.30658594,0.010314139,0.0036040654,0.24714664,0.30658594
pamap2,gnn_flatten_lstm,sequence,3,103,103,104,2178,10165,10165,8,8,13,13,descending_stairs,descending_stairs,True,0.023318572,0.0139463665,0.0071414793,0.0287878,0.15073287,0.07796581,0.030878635,0.063845545,0.31248242,0.008468856,0.0027206494,0.279711,0.31248242
pamap2,gnn_flatten_lstm,sequence,3,103,103,104,2179,10166,10166,8,8,13,13,descending_stairs,descending_stairs,True,0.023399325,0.012441554,0.0064807334,0.029224718,0.14857547,0.0663075,0.030152248,0.058367655,0.31553355,0.0072929286,0.002047917,0.30017638,0.31553355
pamap2,gnn_flatten_lstm,sequence,3,103,103,104,2180,10167,10167,8,8,13,13,descending_stairs,descending_stairs,True,0.024910718,0.013521788,0.006950328,0.03042705,0.14779325,0.06589435,0.03256567,0.056812264,0.30903533,0.007665902,0.002136771,0.30228662,0.30903533
pamap2,gnn_flatten_lstm,sequence,3,103,103,104,2181,10168,10168,8,8,13,13,descending_stairs,descending_stairs,True,0.022542922,0.013162713,0.0067083286,0.028933555,0.1469867,0.07546769,0.031179,0.057549275,0.3188479,0.008049992,0.0023857362,0.28818622,0.3188479
pamap2,gnn_flatten_lstm,sequence,3,103,103,104,2182,10169,10169,8,8,13,13,descending_stairs,descending_stairs,True,0.019381892,0.011547122,0.0054199845,0.025051372,0.14460026,0.093691476,0.028870823,0.05196683,0.31573063,0.008307509,0.002586296,0.29284573,0.31573063
pamap2,gnn_flatten_lstm,sequence,3,103,103,104,2183,10170,10170,8,8,13,13,descending_stairs,descending_stairs,True,0.013575286,0.008194955,0.0038794067,0.020264102,0.13672774,0.10611708,0.020524813,0.059402183,0.37336546,0.0069391383,0.002399691,0.24861024,0.37336546
pamap2,gnn_flatten_lstm,sequence,3,103,103,104,2184,10171,10171,8,8,13,13,descending_stairs,descending_stairs,True,0.0074651632,0.0037261955,0.0017420687,0.011533687,0.10001715,0.07605534,0.011051663,0.0563348,0.5226884,0.0029476213,0.0010240122,0.20541391,0.5226884
pamap2,gnn_flatten_lstm,sequence,3,103,103,104,2185,10172,10172,8,8,13,13,descending_stairs,descending_stairs,True,0.0028794946,0.0014042145,0.0004865973,0.004177286,0.05202801,0.042148013,0.0046656113,0.037090465,0.71451384,0.0008277833,0.00029343448,0.1394853,0.71451384
pamap2,gnn_flatten_lstm,sequence,3,103,103,104,2186,10173,10173,8,8,13,13,descending_stairs,descending_stairs,True,0.000727663,0.00047235898,9.7718264e-05,0.0011451775,0.02225704,0.020214636,0.0019678199,0.019149316,0.87173253,0.00022415811,6.7084606e-05,0.06194451,0.87173253
pamap2,gnn_flatten_lstm,sequence,3,103,103,104,2187,10174,10174,8,8,13,13,descending_stairs,descending_stairs,True,0.0001601359,0.00017223942,1.9642044e-05,0.00028561175,0.007373255,0.009660079,0.0008138363,0.007906178,0.9530634,6.069396e-05,1.4927111e-05,0.02047008,0.9530634
pamap2,gnn_flatten_lstm,sequence,3,103,103,104,2188,10175,10175,8,8,13,13,descending_stairs,descending_stairs,True,4.6328656e-05,8.554789e-05,6.186611e-06,0.00010337119,0.0027684483,0.005281628,0.00039583354,0.0043858644,0.9795131,2.3062239e-05,5.1316442e-06,0.007385479,0.9795131
pamap2,gnn_flatten_lstm,sequence,3,103,103,104,2189,10176,10176,8,8,13,13,descending_stairs,descending_stairs,True,1.7838716e-05,4.611808e-05,2.1300027e-06,4.5490764e-05,0.0011117955,0.0026182549,0.00017408699,0.0027857411,0.99012125,9.363409e-06,1.7480918e-06,0.0030663062,0.99012125
pamap2,gnn_flatten_lstm,sequence,3,103,103,104,2190,10177,10177,8,8,13,13,descending_stairs,descending_stairs,True,8.270419e-06,2.7713546e-05,8.8242865e-07,2.354159e-05,0.0005341249,0.0014452046,9.064695e-05,0.002001853,0.99427927,4.505155e-06,6.8939056e-07,0.0015833228,0.99427927
pamap2,gnn_flatten_lstm,sequence,3,103,103,104,2191,10178,10178,8,8,13,13,descending_stairs,descending_stairs,True,5.3992844e-06,2.1050957e-05,5.78588e-07,1.708075e-05,0.0003799599,0.001087974,6.750055e-05,0.0017623692,0.9955331,3.2017444e-06,4.4114577e-07,0.0011213995,0.9955331
pamap2,gnn_flatten_lstm,sequence,3,103,103,104,2192,10179,10179,8,8,13,13,descending_stairs,descending_stairs,True,4.5814954e-06,1.9090896e-05,5.09952e-07,1.5369924e-05,0.0003451925,0.0010052647,6.630174e-05,0.0016068796,0.9959319,2.9223108e-06,3.824744e-07,0.0010014295,0.9959319
pamap2,gnn_flatten_lstm,sequence,3,103,103,104,2193,10180,10180,8,8,13,13,descending_stairs,descending_stairs,True,5.059145e-06,2.0442307e-05,5.253532e-07,1.712553e-05,0.00033656872,0.00092004734,8.377349e-05,0.0013963275,0.9960587,3.0332894e-06,3.335662e-07,0.0011579462,0.9960587
pamap2,gnn_flatten_lstm,sequence,3,103,103,104,2194,10181,10181,8,8,13,13,descending_stairs,descending_stairs,True,5.0345025e-06,2.05158e-05,5.419444e-07,1.6791619e-05,0.00034412867,0.0009349451,8.468754e-05,0.0014197984,0.99605775,3.0859323e-06,3.5835643e-07,0.0011123902,0.99605775
pamap2,gnn_flatten_lstm,sequence,3,103,103,104,2195,10182,10182,8,8,13,13,descending_stairs,descending_stairs,True,4.7638796e-06,1.968046e-05,5.0397153e-07,1.5483385e-05,0.00034052765,0.00094508514,7.904661e-05,0.0014148778,0.9961068,2.9420814e-06,3.4700608e-07,0.0010698949,0.9961068
pamap2,gnn_flatten_lstm,sequence,3,103,103,104,2196,10183,10183,8,8,13,13,descending_stairs,descending_stairs,True,5.028417e-06,2.0320353e-05,4.999833e-07,1.5252878e-05,0.00033142752,0.0009136558,7.734682e-05,0.0013814223,0.9961106,2.8201537e-06,3.3311468e-07,0.0011414044,0.9961106
pamap2,gnn_flatten_lstm,sequence,3,103,103,104,2197,10184,10184,8,8,13,13,descending_stairs,descending_stairs,True,4.9885616e-06,1.9983516e-05,5.067388e-07,1.5355394e-05,0.0003379063,0.0009270543,7.625063e-05,0.001407412,0.99607444,2.844566e-06,3.4228594e-07,0.0011329248,0.99607444
pamap2,gnn_flatten_lstm,sequence,3,103,103,104,2198,10185,10185,8,8,13,13,descending_stairs,descending_stairs,True,5.6056424e-06,2.0216035e-05,4.853373e-07,1.591769e-05,0.00038990015,0.0010249959,0.000100722515,0.0012439438,0.9958534,3.2788855e-06,3.2917077e-07,0.0013412536,0.9958534
pamap2,gnn_flatten_lstm,sequence,3,103,103,104,2199,10186,10186,8,8,13,13,descending_stairs,descending_stairs,True,4.9938562e-06,1.925888e-05,4.9365207e-07,1.5656628e-05,0.00037734772,0.0010012685,8.958932e-05,0.0013849919,0.99595875,3.2111357e-06,3.483307e-07,0.0011440822,0.99595875
pamap2,gnn_flatten_lstm,sequence,3,103,103,104,2200,10187,10187,8,8,13,13,descending_stairs,descending_stairs,True,4.8298675e-06,1.9708725e-05,5.0891333e-07,1.6065404e-05,0.0003424566,0.00093074574,8.235513e-05,0.0014267747,0.9960906,3.0603107e-06,3.4201776e-07,0.001082431,0.9960906
pamap2,gnn_flatten_lstm,sequence,3,103,103,104,2201,10188,10188,8,8,13,13,descending_stairs,descending_stairs,True,4.9242612e-06,2.0093792e-05,4.9577386e-07,1.5676216e-05,0.00032576727,0.00088402064,7.969091e-05,0.0013791933,0.9961622,2.8786196e-06,3.1990152e-07,0.0011248526,0.9961622
pamap2,gnn_flatten_lstm,sequence,3,103,103,104,2202,10189,10189,8,8,13,13,descending_stairs,descending_stairs,True,4.949171e-06,1.9920693e-05,5.038313e-07,1.580358e-05,0.00033302442,0.0008910203,7.757903e-05,0.001409069,0.9961118,2.8583952e-06,3.271846e-07,0.0011331072,0.9961118
pamap2,gnn_flatten_lstm,sequence,3,103,103,104,2203,10190,10190,8,8,13,13,descending_stairs,descending_stairs,True,4.5505644e-06,1.8781366e-05,5.04267e-07,1.5631926e-05,0.00033230975,0.0009170284,6.9903734e-05,0.0014991114,0.9961063,2.8081129e-06,3.4474115e-07,0.0010326058,0.9961063
pamap2,gnn_flatten_lstm,sequence,3,103,103,104,2204,10191,10191,8,8,13,13,descending_stairs,descending_stairs,True,4.3647988e-06,1.7880027e-05,4.7500487e-07,1.5357176e-05,0.00033275192,0.0009294111,7.0217306e-05,0.0014721738,0.9961389,2.8140087e-06,3.3025418e-07,0.0010153515,0.9961389
pamap2,gnn_flatten_lstm,sequence,3,103,103,104,2205,10192,10192,8,8,13,13,descending_stairs,descending_stairs,True,4.364875e-06,1.8068455e-05,4.877361e-07,1.5224845e-05,0.00033497263,0.0009371316,6.96677e-05,0.0015104645,0.9961164,2.8284012e-06,3.458013e-07,0.0009899181,0.9961164
pamap2,gnn_flatten_lstm,sequence,3,103,103,104,2206,10193,10193,8,8,13,13,descending_stairs,descending_stairs,True,4.175623e-06,1.7493432e-05,4.7535661e-07,1.5101768e-05,0.00033855272,0.00092797214,6.865481e-05,0.0015392241,0.9961325,2.8270986e-06,3.3982252e-07,0.00095275557,0.9961325
pamap2,gnn_flatten_lstm,sequence,3,103,103,104,2207,10194,10194,8,8,13,13,descending_stairs,descending_stairs,True,4.287151e-06,1.8322897e-05,5.331217e-07,1.6608228e-05,0.0003420086,0.0009127311,6.8891335e-05,0.0016528805,0.9960453,2.9509874e-06,3.7138045e-07,0.0009350735,0.9960453
pamap2,gnn_flatten_lstm,sequence,3,103,103,104,2208,10195,10195,8,8,13,13,descending_stairs,descending_stairs,True,4.345412e-06,1.874135e-05,5.950317e-07,1.8746445e-05,0.00035351003,0.00089995767,7.076326e-05,0.0018172624,0.9958931,3.1972472e-06,4.0706897e-07,0.0009193318,0.9958931
pamap2,gnn_flatten_lstm,sequence,3,103,103,104,2209,10196,10196,8,8,13,13,descending_stairs,descending_stairs,True,4.3560703e-06,1.7909691e-05,5.206803e-07,1.754089e-05,0.00036856666,0.0009944555,7.8287136e-05,0.0016223058,0.9959233,3.3467538e-06,3.774903e-07,0.0009690913,0.9959233
pamap2,gnn_flatten_lstm,sequence,3,103,103,104,2210,10197,10197,8,8,13,13,descending_stairs,descending_stairs,True,4.2009983e-06,1.7765455e-05,5.1902447e-07,1.674541e-05,0.00034299196,0.00095575955,6.9369155e-05,0.0016618973,0.99602795,3.082781e-06,3.8064593e-07,0.0008993708,0.99602795
pamap2,gnn_flatten_lstm,sequence,3,103,103,104,2211,10198,10198,8,8,13,13,descending_stairs,descending_stairs,True,4.2785696e-06,1.8411669e-05,5.2594066e-07,1.6683538e-05,0.0003234751,0.0009138765,6.62773e-05,0.0016708585,0.9960776,2.9615203e-06,3.725013e-07,0.0009046463,0.9960776
pamap2,gnn_flatten_lstm,sequence,3,103,103,104,2212,10199,10199,8,8,13,13,descending_stairs,descending_stairs,True,4.484094e-06,1.9310282e-05,5.24366e-07,1.636534e-05,0.00031372736,0.0008880972,6.6704546e-05,0.0016035856,0.99611926,2.8520801e-06,3.5554962e-07,0.00096475385,0.99611926
pamap2,gnn_flatten_lstm,sequence,3,103,103,104,2213,10200,10200,8,8,13,13,descending_stairs,descending_stairs,True,4.5194683e-06,1.9163599e-05,5.21941e-07,1.6212245e-05,0.00032097843,0.00089970423,6.7039975e-05,0.0015826937,0.9960989,2.8351787e-06,3.5568854e-07,0.0009870523,0.9960989
pamap2,gnn_flatten_lstm,sequence,3,103,103,104,2214,10201,10201,8,8,13,13,descending_stairs,descending_stairs,True,4.888785e-06,2.0307483e-05,5.928694e-07,1.8821893e-05,0.00031661964,0.00093228644,6.493203e-05,0.0018257721,0.99584913,3.1347902e-06,4.1546787e-07,0.00096310937,0.99584913
pamap2,gnn_flatten_lstm,sequence,3,103,103,104,2215,10202,10202,8,8,13,13,descending_stairs,descending_stairs,True,4.684513e-06,1.9640607e-05,5.946633e-07,1.8172423e-05,0.00031907458,0.000946559,6.033991e-05,0.0019282209,0.99580437,3.0791834e-06,4.3845625e-07,0.00089494785,0.99580437
pamap2,gnn_flatten_lstm,sequence,3,103,103,104,2216,10203,10203,8,8,13,13,descending_stairs,descending_stairs,True,4.6574373e-06,1.9488058e-05,5.708112e-07,1.7133878e-05,0.0003205932,0.0009280914,5.9667753e-05,0.0018731332,0.99585634,2.925558e-06,4.1397507e-07,0.00091695477,0.99585634
pamap2,gnn_flatten_lstm,sequence,3,103,103,104,2217,10204,10204,8,8,13,13,descending_stairs,descending_stairs,True,4.7713706e-06,1.9596526e-05,5.542823e-07,1.6252832e-05,0.00032544657,0.0009352993,5.8965412e-05,0.0018269022,0.99584985,2.824847e-06,4.0408312e-07,0.0009591202,0.99584985
pamap2,gnn_flatten_lstm,sequence,3,103,103,104,2218,10205,10205,8,8,13,13,descending_stairs,descending_stairs,True,4.6620635e-06,1.8795374e-05,5.0656416e-07,1.5327338e-05,0.00033047257,0.0009239773,6.556616e-05,0.0015459401,0.9960549,2.696999e-06,3.531548e-07,0.0010369637,0.9960549
pamap2,gnn_flatten_lstm,sequence,3,103,103,104,2219,10206,10206,8,8,13,13,descending_stairs,descending_stairs,True,4.828369e-06,1.9014684e-05,5.4099235e-07,1.7085827e-05,0.00032939872,0.0009437419,6.617766e-05,0.0016449947,0.995943,2.8902316e-06,3.795985e-07,0.0010279428,0.995943
pamap2,gnn_flatten_lstm,sequence,3,103,103,104,2220,10207,10207,8,8,13,13,descending_stairs,descending_stairs,True,4.2830197e-06,1.7425418e-05,4.956079e-07,1.57086e-05,0.00032556162,0.0009424163,6.167439e-05,0.0016495524,0.99604625,2.7639728e-06,3.649006e-07,0.00093345233,0.99604625
pamap2,gnn_flatten_lstm,sequence,3,103,103,104,2221,10208,10208,8,8,13,13,descending_stairs,descending_stairs,True,4.4911826e-06,1.856859e-05,5.0502445e-07,1.5434412e-05,0.0003150304,0.0009223758,6.13775e-05,0.0016247026,0.9960729,2.709076e-06,3.6398652e-07,0.0009616415,0.9960729
pamap2,gnn_flatten_lstm,sequence,3,103,103,104,2222,10209,10209,8,8,13,13,descending_stairs,descending_stairs,True,4.770974e-06,1.9723964e-05,5.247083e-07,1.5718688e-05,0.0003121731,0.0009057164,6.236672e-05,0.0016204366,0.9960473,2.7082574e-06,3.6678432e-07,0.001008115,0.9960473
pamap2,gnn_flatten_lstm,sequence,3,103,103,104,2223,10210,10210,8,8,13,13,descending_stairs,descending_stairs,True,4.696664e-06,1.9695006e-05,5.527126e-07,1.6253347e-05,0.0003221195,0.00092355005,6.280615e-05,0.0016926052,0.99598026,2.7828219e-06,3.8907922e-07,0.0009742769,0.99598026
pamap2,gnn_flatten_lstm,sequence,3,103,103,104,2224,10211,10211,8,8,13,13,descending_stairs,descending_stairs,True,4.5649003e-06,1.9269675e-05,5.404128e-07,1.5895157e-05,0.00031850976,0.00091400725,6.334253e-05,0.0016280164,0.99606484,2.7119984e-06,3.7599636e-07,0.0009681135,0.99606484
pamap2,gnn_flatten_lstm,sequence,3,103,103,104,2225,10212,10212,8,8,13,13,descending_stairs,descending_stairs,True,4.6570913e-06,1.9306826e-05,5.185686e-07,1.5244609e-05,0.00031812533,0.0009069386,6.425104e-05,0.0015517097,0.99609864,2.6393718e-06,3.568801e-07,0.0010176263,0.99609864
pamap2,gnn_flatten_lstm,sequence,3,103,103,104,2226,10213,10213,8,8,13,13,descending_stairs,descending_stairs,True,4.7536723e-06,1.9812373e-05,5.508861e-07,1.6038948e-05,0.00032055363,0.0009174876,6.236883e-05,0.0016768328,0.9959766,2.7588735e-06,3.8694932e-07,0.0010018486,0.9959766
pamap2,gnn_flatten_lstm,sequence,3,103,103,104,2227,10214,10214,8,8,13,13,descending_stairs,descending_stairs,True,5.030719e-06,2.0734657e-05,6.3386653e-07,1.9284109e-05,0.0003196549,0.00093468634,6.105534e-05,0.002008368,0.9956785,3.1259362e-06,4.5003242e-07,0.0009485199,0.9956785
pamap2,gnn_flatten_lstm,sequence,3,103,103,104,2228,10215,10215,8,8,13,13,descending_stairs,descending_stairs,True,6.1871083e-06,2.573457e-05,8.2297623e-07,2.4814866e-05,0.00029988575,0.0009538328,6.0146926e-05,0.0023990127,0.995265,3.5207083e-06,5.5897857e-07,0.0009603998,0.995265
pamap2,gnn_flatten_lstm,sequence,3,103,103,104,2229,10216,10216,8,8,13,13,descending_stairs,descending_stairs,True,6.403418e-06,2.5672487e-05,8.4926813e-07,2.6092886e-05,0.0003132367,0.0010753437,5.8993894e-05,0.0026617157,0.99493414,4.0460486e-06,6.693094e-07,0.0008928497,0.99493414
pamap2,gnn_flatten_lstm,sequence,3,103,103,104,2230,10217,10217,8,8,13,13,descending_stairs,descending_stairs,True,5.7416673e-06,2.2815666e-05,7.555946e-07,2.2725892e-05,0.00031736906,0.0010999684,5.2027928e-05,0.0026893467,0.9949635,3.761375e-06,6.482351e-07,0.00082138204,0.9949635
pamap2,gnn_flatten_lstm,sequence,3,103,103,104,2231,10218,10218,8,8,13,13,descending_stairs,descending_stairs,True,5.2695245e-06,2.119008e-05,7.106535e-07,2.1167116e-05,0.0003197644,0.0010682192,4.9256058e-05,0.0026737312,0.9950511,3.5241537e-06,6.069812e-07,0.0007855247,0.9950511
pamap2,gnn_flatten_lstm,sequence,3,103,103,104,2232,10219,10219,8,8,13,13,descending_stairs,descending_stairs,True,4.752703e-06,1.9300594e-05,6.363911e-07,1.928137e-05,0.0003264302,0.0010429858,4.9113973e-05,0.0025145048,0.9952484,3.3129918e-06,5.390915e-07,0.00077087135,0.9952484
pamap2,gnn_flatten_lstm,sequence,3,103,103,104,2233,10220,10220,8,8,13,13,descending_stairs,descending_stairs,True,4.631014e-06,1.8630886e-05,5.627414e-07,1.7885854e-05,0.0003274914,0.0010166519,5.1987725e-05,0.0022524076,0.99548125,3.1997554e-06,4.6444345e-07,0.00082477735,0.99548125
pamap2,gnn_flatten_lstm,sequence,3,103,103,104,2234,10221,10221,8,8,13,13,descending_stairs,descending_stairs,True,4.7061912e-06,1.87434e-05,6.0291023e-07,1.9420067e-05,0.00033123593,0.001011637,5.2312713e-05,0.0023619945,0.9953715,3.3265317e-06,4.85922e-07,0.00082394714,0.9953715
pamap2,gnn_flatten_lstm,sequence,3,103,103,104,2235,10222,10222,8,8,13,13,descending_stairs,descending_stairs,True,5.5739047e-06,2.0722508e-05,8.839498e-07,2.7510574e-05,0.00035982873,0.00112624,4.9521346e-05,0.0037273648,0.9939418,4.379629e-06,7.6698325e-07,0.0007354005,0.9939418
pamap2,gnn_flatten_lstm,sequence,3,103,103,104,2236,10223,10223,8,8,13,13,descending_stairs,descending_stairs,True,6.904766e-06,2.5511763e-05,1.062622e-06,3.3226046e-05,0.0004169102,0.0013573859,6.250546e-05,0.003993271,0.99325484,5.6654776e-06,9.635983e-07,0.00084188057,0.99325484
pamap2,gnn_flatten_lstm,sequence,3,103,103,104,2237,10224,10224,8,8,13,13,descending_stairs,descending_stairs,True,5.4772254e-06,2.1567057e-05,7.841473e-07,2.4346768e-05,0.0003645595,0.001179703,5.6564757e-05,0.0029552535,0.99459225,4.2267366e-06,6.8812614e-07,0.0007946174,0.99459225
pamap2,gnn_flatten_lstm,sequence,3,103,103,104,2238,10225,10225,8,8,13,13,descending_stairs,descending_stairs,True,4.6097844e-06,1.8815752e-05,6.2518336e-07,1.9598974e-05,0.00034857992,0.0010681392,5.561971e-05,0.002376456,0.99530494,3.4934003e-06,5.186334e-07,0.00079864205,0.99530494
pamap2,gnn_flatten_lstm,sequence,3,103,103,104,2239,10226,10226,8,8,13,13,descending_stairs,descending_stairs,True,4.1077546e-06,1.6975486e-05,5.293128e-07,1.6581396e-05,0.0003519518,0.0010317276,5.7327252e-05,0.001974573,0.99570775,3.0491208e-06,4.2549127e-07,0.0008349367,0.99570775
pamap2,gnn_flatten_lstm,sequence,3,103,103,104,2240,10227,10227,8,8,13,13,descending_stairs,descending_stairs,True,4.247942e-06,1.7633396e-05,5.4244947e-07,1.6553513e-05,0.00036179586,0.0010775368,6.041791e-05,0.0019248405,0.9956691,3.1503187e-06,4.4219846e-07,0.0008637684,0.9956691
pamap2,gnn_flatten_lstm,sequence,3,103,103,104,2241,10228,10228,8,8,13,13,descending_stairs,descending_stairs,True,4.6621976e-06,1.9432884e-05,6.1337016e-07,1.8645516e-05,0.00034851744,0.0011222756,5.721979e-05,0.0022220202,0.9953656,3.4415038e-06,5.168475e-07,0.0008370998,0.9953656
pamap2,gnn_flatten_lstm,sequence,3,103,103,104,2242,10229,10229,8,8,13,13,descending_stairs,descending_stairs,True,5.9701188e-06,2.5277446e-05,8.38327e-07,2.4783243e-05,0.00032025273,0.001161981,5.3969154e-05,0.0028650642,0.99470204,4.0066802e-06,7.033817e-07,0.0008350647,0.99470204
pamap2,gnn_flatten_lstm,sequence,3,103,103,104,2243,10230,10230,8,8,13,13,descending_stairs,descending_stairs,True,1.2045528e-05,4.5343615e-05,1.6284836e-06,4.1950825e-05,0.0005055783,0.0018102332,0.00010948021,0.003132419,0.99287814,7.2621633e-06,1.2481266e-06,0.0014546632,0.99287814
pamap2,gnn_flatten_lstm,sequence,3,103,103,104,2244,10231,10231,8,8,13,13,descending_stairs,descending_stairs,True,2.9690304e-05,0.00010497617,4.4630888e-06,8.953042e-05,0.00096164073,0.003536687,0.00025699585,0.0040913704,0.9881237,1.6591039e-05,3.18802e-06,0.0027810838,0.9881237
pamap2,gnn_flatten_lstm,sequence,3,103,103,104,2245,10232,10232,8,8,13,13,descending_stairs,descending_stairs,True,6.2297084e-05,0.00019901956,1.1863964e-05,0.00019458178,0.002079814,0.006021996,0.0006207128,0.004842727,0.9801381,3.517359e-05,6.6646576e-06,0.005787148,0.9801381
pamap2,gnn_flatten_lstm,sequence,3,103,103,104,2246,10233,10233,8,8,13,13,descending_stairs,descending_stairs,True,0.00014224055,0.00037385756,3.8263668e-05,0.0005110807,0.0048250533,0.009499168,0.0013064626,0.007148895,0.9637006,8.423183e-05,1.6150669e-05,0.012354015,0.9637006
pamap2,gnn_flatten_lstm,sequence,3,103,103,104,2247,10234,10234,3,8,4,13,walking,descending_stairs,False,0.00064611505,0.0012790492,0.00023445523,0.0021508615,0.015611899,0.023190804,0.0038938231,0.015221263,0.902332,0.00036400286,7.823948e-05,0.034997523,0.902332
pamap2,gnn_flatten_lstm,sequence,3,103,103,104,2248,10235,10235,3,8,4,13,walking,descending_stairs,False,0.00394372,0.0055125174,0.0018275033,0.010921851,0.059475876,0.0577796,0.015284878,0.037685037,0.6983434,0.0022924924,0.0005539738,0.10637911,0.6983434
pamap2,gnn_flatten_lstm,sequence,3,103,103,104,2249,10236,10236,3,8,4,13,walking,descending_stairs,False,0.011708386,0.012167662,0.007491434,0.031925596,0.13416141,0.089358486,0.029310254,0.07984168,0.41910073,0.00793166,0.0025830378,0.17441967,0.41910073
pamap2,gnn_flatten_lstm,sequence,3,103,103,104,2250,10237,10237,3,8,4,13,walking,descending_stairs,False,0.0175981,0.013498927,0.011681458,0.05967921,0.1341635,0.05594113,0.037073173,0.099580206,0.3499,0.010022301,0.0030582158,0.20780371,0.3499
pamap2,gnn_flatten_lstm,sequence,3,103,103,104,2251,10238,10238,3,8,4,13,walking,descending_stairs,False,0.025966948,0.018411428,0.0302709,0.2061076,0.09243844,0.026789466,0.061464377,0.1516743,0.23979263,0.016915666,0.0046533635,0.12551495,0.23979263
pamap2,gnn_flatten_lstm,sequence,3,103,103,104,2252,10239,10239,3,3,4,4,walking,walking,True,0.022912819,0.015711607,0.03610132,0.4003694,0.05596518,0.011226159,0.06557723,0.13873915,0.16666205,0.016274916,0.0032439495,0.06721622,0.4003694
pamap2,gnn_flatten_lstm,sequence,3,103,103,104,2253,10240,10240,3,3,4,4,walking,walking,True,0.01630317,0.011821094,0.029976869,0.508862,0.038359653,0.006663391,0.053739097,0.12401777,0.15285124,0.0126843285,0.0019507138,0.04277061,0.508862
pamap2,gnn_flatten_lstm,sequence,3,103,103,104,2254,10241,10241,3,3,4,4,walking,walking,True,0.01173646,0.009738904,0.02725303,0.57269925,0.028683737,0.0045932704,0.042933136,0.113031626,0.14871469,0.009928918,0.0013803374,0.029306656,0.57269925
pamap2,gnn_flatten_lstm,sequence,3,103,103,104,2255,10242,10242,3,3,4,4,walking,walking,True,0.010542021,0.009834856,0.025620801,0.55395037,0.025989512,0.004167667,0.037301354,0.12270871,0.17458673,0.008137109,0.00114483,0.026015997,0.55395037
pamap2,gnn_flatten_lstm,sequence,3,103,103,104,2256,10243,10243,3,3,4,4,walking,walking,True,0.0126859,0.015165763,0.0288984,0.4224802,0.03086759,0.006327311,0.03902154,0.14475508,0.25572038,0.008066679,0.0015332879,0.034478016,0.4224802
pamap2,gnn_flatten_lstm,sequence,3,103,103,104,2257,10244,10244,3,3,4,4,walking,walking,True,0.0069892574,0.007802261,0.017435417,0.60383993,0.020665167,0.00295926,0.030755967,0.11084604,0.17267784,0.0069676954,0.00067196344,0.018389216,0.60383993
pamap2,gnn_flatten_lstm,sequence,3,103,103,104,2258,10245,10245,3,3,4,4,walking,walking,True,0.0019344123,0.0022686303,0.008219743,0.84028363,0.0071006217,0.0005867616,0.012391235,0.053844362,0.06471778,0.0037887068,0.00017541397,0.004688784,0.84028363
pamap2,gnn_flatten_lstm,sequence,3,103,103,104,2259,10246,10246,3,3,4,4,walking,walking,True,0.00023066944,0.00034042198,0.0024822878,0.9793817,0.0006171754,1.9817977e-05,0.002447162,0.008499883,0.0046480624,0.0010737719,1.5729292e-05,0.0002433661,0.9793817
pamap2,gnn_flatten_lstm,sequence,3,103,103,104,2260,10247,10247,3,3,4,4,walking,walking,True,7.5198e-05,0.00011672124,0.0010348712,0.9937295,0.00016562133,2.844538e-06,0.0011164795,0.0023454148,0.0008972526,0.00046085272,3.315465e-06,5.1944917e-05,0.9937295
pamap2,gnn_flatten_lstm,sequence,3,103,103,104,2261,10248,10248,3,3,4,4,walking,walking,True,3.596135e-05,5.8729118e-05,0.0005563173,0.9968196,7.955376e-05,8.8946985e-07,0.00065479125,0.0011441662,0.00035892555,0.00026786176,1.1354012e-06,2.1993263e-05,0.9968196
pamap2,gnn_flatten_lstm,sequence,3,103,103,104,2262,10249,10249,3,3,4,4,walking,walking,True,2.1019787e-05,3.6933296e-05,0.00036026264,0.9979925,4.6594072e-05,3.9050758e-07,0.00044502394,0.0007037569,0.00019616443,0.00018504885,5.41889e-07,1.1836379e-05,0.9979925
pamap2,gnn_flatten_lstm,sequence,3,103,103,104,2263,10250,10250,3,3,4,4,walking,walking,True,1.4669477e-05,2.6033695e-05,0.000267742,0.99848586,3.2727487e-05,2.2866628e-07,0.00032792054,0.0005537225,0.0001366482,0.0001464473,3.2811207e-07,7.770754e-06,0.99848586
pamap2,gnn_flatten_lstm,sequence,3,103,103,104,2264,10251,10251,3,3,4,4,walking,walking,True,1.0849991e-05,1.9221146e-05,0.00020467625,0.99880624,2.4297762e-05,1.4584239e-07,0.0002545251,0.0004528763,0.00010042637,0.00012102636,2.1357329e-07,5.4606885e-06,0.99880624
pamap2,gnn_flatten_lstm,sequence,3,103,103,104,2265,10252,10252,3,3,4,4,walking,walking,True,8.959197e-06,1.6011894e-05,0.00017414038,0.9989681,2.0080888e-05,1.1064534e-07,0.00021657803,0.00040125064,8.348298e-05,0.000106949105,1.6433819e-07,4.3393893e-06,0.9989681
pamap2,gnn_flatten_lstm,sequence,3,103,103,104,2266,10253,10253,3,3,4,4,walking,walking,True,8.359627e-06,1.49652105e-05,0.00016778272,0.9990067,1.8731687e-05,9.9826025e-08,0.00019893933,0.00039798665,7.848003e-05,0.00010396388,1.5118412e-07,3.9462325e-06,0.9990067
pamap2,gnn_flatten_lstm,sequence,3,103,103,104,2267,10254,10254,3,3,4,4,walking,walking,True,8.2548195e-06,1.4383583e-05,0.000162713,0.9990225,1.8463074e-05,9.486164e-08,0.00019157454,0.00039877786,7.4820535e-05,0.00010443259,1.4539188e-07,3.882469e-06,0.9990225
pamap2,gnn_flatten_lstm,sequence,3,103,103,104,2268,10255,10255,3,3,4,4,walking,walking,True,9.580216e-06,1.6931559e-05,0.00017448803,0.9989159,2.1661348e-05,1.2199136e-07,0.00022759264,0.0004265391,8.714751e-05,0.00011530612,1.8249975e-07,4.5503443e-06,0.9989159
pamap2,gnn_flatten_lstm,sequence,3,103,103,104,2269,10256,10256,3,3,4,4,walking,walking,True,1.13860015e-05,2.031639e-05,0.00019495006,0.99871564,2.677509e-05,1.6298405e-07,0.0002665251,0.00051652704,0.00010599675,0.00013595722,2.4524783e-07,5.527623e-06,0.99871564
pamap2,gnn_flatten_lstm,sequence,3,103,103,104,2270,10257,10257,3,3,4,4,walking,walking,True,9.363917e-06,1.7236862e-05,0.00017452084,0.9989027,2.1607977e-05,1.2478013e-07,0.00023498145,0.00042999114,9.1338436e-05,0.00011334885,1.8656624e-07,4.4815847e-06,0.9989027
pamap2,gnn_flatten_lstm,sequence,3,103,103,104,2271,10258,10258,3,3,4,4,walking,walking,True,9.1082065e-06,1.6707036e-05,0.00016783315,0.99894387,2.0749498e-05,1.1969452e-07,0.00023554376,0.0004035203,8.895939e-05,0.000109043875,1.769431e-07,4.333337e-06,0.99894387
pamap2,gnn_flatten_lstm,sequence,3,103,103,104,2272,10259,10259,3,3,4,4,walking,walking,True,8.664332e-06,1.5821073e-05,0.00016464568,0.99897826,1.9658142e-05,1.0998262e-07,0.00022163425,0.0003965179,8.416845e-05,0.00010616638,1.6311836e-07,4.1320536e-06,0.99897826
pamap2,gnn_flatten_lstm,sequence,3,103,103,104,2273,10260,10260,3,3,4,4,walking,walking,True,8.210293e-06,1.5206681e-05,0.00016161955,0.99901545,1.8621224e-05,1.026637e-07,0.00021161039,0.00038297192,8.10282e-05,0.00010106372,1.5299136e-07,3.894747e-06,0.99901545
pamap2,gnn_flatten_lstm,sequence,3,103,103,104,2274,10261,10261,3,3,4,4,walking,walking,True,8.079861e-06,1.4952778e-05,0.00016078113,0.9990243,1.833638e-05,1.0058082e-07,0.00020841397,0.00038096905,8.0297046e-05,9.986641e-05,1.5001784e-07,3.8295557e-06,0.9990243
pamap2,gnn_flatten_lstm,sequence,3,103,103,104,2275,10262,10262,3,3,4,4,walking,walking,True,7.873371e-06,1.4406479e-05,0.00015793862,0.99904615,1.776374e-05,9.508235e-08,0.00020090684,0.00037528703,7.69967e-05,9.878194e-05,1.4193179e-07,3.725297e-06,0.99904615
pamap2,gnn_flatten_lstm,sequence,3,103,103,104,2276,10263,10263,3,3,4,4,walking,walking,True,7.758216e-06,1.41891815e-05,0.00015495818,0.99906,1.7510827e-05,9.268285e-08,0.0001991016,0.00036947895,7.527805e-05,9.794009e-05,1.3841611e-07,3.6599022e-06,0.99906
pamap2,gnn_flatten_lstm,sequence,3,103,103,104,2277,10264,10264,3,3,4,4,walking,walking,True,8.139302e-06,1.52557795e-05,0.0001618966,0.9990079,1.85166e-05,1.0210753e-07,0.00021359227,0.00038817295,8.138484e-05,0.000101254256,1.528693e-07,3.8440817e-06,0.9990079
pamap2,gnn_flatten_lstm,sequence,3,103,103,104,2278,10265,10265,3,3,4,4,walking,walking,True,7.6289875e-06,1.4657374e-05,0.00015341918,0.9990683,1.75473e-05,9.748349e-08,0.00021196838,0.00034957513,7.936618e-05,9.3741146e-05,1.4376629e-07,3.6076053e-06,0.9990683
pamap2,gnn_flatten_lstm,sequence,3,103,103,104,2279,10266,10266,3,3,4,4,walking,walking,True,7.832913e-06,1.5380625e-05,0.0001574105,0.9990613,1.8076751e-05,1.0393948e-07,0.00022148405,0.00033871923,8.2893355e-05,9.2870156e-05,1.5118908e-07,3.7617147e-06,0.9990613
pamap2,gnn_flatten_lstm,sequence,3,103,103,104,2280,10267,10267,3,3,4,4,walking,walking,True,8.055299e-06,1.549333e-05,0.00016049885,0.9990381,1.8423418e-05,1.0568827e-07,0.00021917267,0.00035560547,8.3807914e-05,9.679029e-05,1.5461342e-07,3.8408048e-06,0.9990381
pamap2,gnn_flatten_lstm,sequence,3,103,103,104,2281,10268,10268,3,3,4,4,walking,walking,True,7.789824e-06,1.452534e-05,0.00015148733,0.9990822,1.7563414e-05,9.657838e-08,0.00020986494,0.0003401818,7.753245e-05,9.494267e-05,1.3986597e-07,3.7018765e-06,0.9990822
pamap2,gnn_flatten_lstm,sequence,3,103,103,104,2282,10269,10269,3,3,4,4,walking,walking,True,7.581091e-06,1.3968116e-05,0.00014677677,0.99911016,1.6951946e-05,9.1476714e-08,0.00020491416,0.00032877395,7.445241e-05,9.260671e-05,1.3186094e-07,3.583824e-06,0.99911016
pamap2,gnn_flatten_lstm,sequence,3,103,103,104,2283,10270,10270,3,3,4,4,walking,walking,True,7.445645e-06,1.3618214e-05,0.00014566422,0.99911934,1.6662567e-05,8.8349765e-08,0.00019921486,0.0003293714,7.262234e-05,9.224626e-05,1.2786724e-07,3.517198e-06,0.99911934
pamap2,gnn_flatten_lstm,sequence,3,103,103,104,2284,10271,10271,3,3,4,4,walking,walking,True,7.4381355e-06,1.3539955e-05,0.00014540507,0.9991211,1.659428e-05,8.722007e-08,0.0001966811,0.00033132933,7.1730814e-05,9.2464055e-05,1.271368e-07,3.498951e-06,0.9991211
pamap2,gnn_flatten_lstm,sequence,3,103,103,104,2285,10272,10272,3,3,4,4,walking,walking,True,7.428761e-06,1.3630669e-05,0.00014928354,0.99910456,1.6700022e-05,8.782477e-08,0.00019407435,0.00034439418,7.282566e-05,9.3348535e-05,1.2955508e-07,3.4993402e-06,0.99910456
pamap2,gnn_flatten_lstm,sequence,3,103,103,104,2286,10273,10273,3,3,4,4,walking,walking,True,7.3555375e-06,1.34862e-05,0.00014836554,0.99910945,1.657185e-05,8.642221e-08,0.0001922272,0.00034377698,7.20099e-05,9.3102724e-05,1.2738934e-07,3.4769894e-06,0.99910945
pamap2,gnn_flatten_lstm,sequence,3,103,103,104,2287,10274,10274,3,3,4,4,walking,walking,True,7.4946533e-06,1.3620829e-05,0.00014709035,0.9991062,1.6827757e-05,8.7454e-08,0.00019520326,0.00034365294,7.1713264e-05,9.442312e-05,1.2864801e-07,3.540548e-06,0.9991062
pamap2,gnn_flatten_lstm,sequence,3,103,103,104,2288,10275,10275,3,3,4,4,walking,walking,True,7.861145e-06,1.37146435e-05,0.0001486267,0.99907327,1.7834802e-05,8.992404e-08,0.00019463767,0.00036691842,7.2176284e-05,0.000101010795,1.3415955e-07,3.7165162e-06,0.99907327
pamap2,gnn_flatten_lstm,sequence,3,103,103,104,2289,10276,10276,3,3,4,4,walking,walking,True,1.0194166e-05,1.6119557e-05,0.00017280893,0.99884605,2.3324e-05,1.148383e-07,0.00020608785,0.00050383416,8.1311766e-05,0.00013523811,1.8360666e-07,4.789159e-06,0.99884605
pamap2,gnn_flatten_lstm,sequence,3,103,103,104,2290,10277,10277,3,3,4,4,walking,walking,True,9.138186e-06,1.4819139e-05,0.00016082857,0.9989636,2.0458936e-05,9.855438e-08,0.0001942197,0.00044000844,7.350379e-05,0.00011881746,1.5566177e-07,4.2730962e-06,0.9989636
pamap2,gnn_flatten_lstm,sequence,3,103,103,104,2291,10278,10278,3,3,4,4,walking,walking,True,8.734324e-06,1.4248952e-05,0.00015593598,0.9990102,1.9461304e-05,9.323531e-08,0.00019074707,0.00041290207,7.108371e-05,0.00011233319,1.4551732e-07,4.0933637e-06,0.9990102
pamap2,gnn_flatten_lstm,sequence,3,103,103,104,2292,10279,10279,3,3,4,4,walking,walking,True,8.540336e-06,1.3994139e-05,0.00015442158,0.9990281,1.9053512e-05,9.1321716e-08,0.00018911125,0.00040255222,7.032406e-05,0.000109677814,1.4169446e-07,4.0124487e-06,0.9990281
pamap2,gnn_flatten_lstm,sequence,3,103,103,104,2293,10280,10280,3,3,4,4,walking,walking,True,8.292368e-06,1.3718808e-05,0.00015243296,0.9990489,1.8509929e-05,8.881068e-08,0.00018689982,0.00039137198,6.950766e-05,0.000106184016,1.3715393e-07,3.898437e-06,0.9990489
pamap2,gnn_flatten_lstm,sequence,3,103,103,104,2294,10281,10281,3,3,4,4,walking,walking,True,8.238134e-06,1.3590276e-05,0.00015224096,0.9990503,1.8408415e-05,8.807615e-08,0.00018571729,0.00039208194,6.935163e-05,0.00010586142,1.3609534e-07,3.87219e-06,0.9990503
pamap2,gnn_flatten_lstm,sequence,3,103,103,104,2295,10282,10282,3,3,4,4,walking,walking,True,8.101211e-06,1.3496412e-05,0.00015124286,0.9990625,1.8078841e-05,8.681961e-08,0.00018472064,0.00038508946,6.889458e-05,0.00010396821,1.3391089e-07,3.7974394e-06,0.9990625
pamap2,gnn_flatten_lstm,sequence,3,103,103,104,2296,10283,10283,3,3,4,4,walking,walking,True,8.036182e-06,1.3482929e-05,0.00015197619,0.99906343,1.794147e-05,8.6534676e-08,0.00018389874,0.00038509758,6.9103895e-05,0.00010297492,1.3341426e-07,3.7716086e-06,0.99906343
pamap2,gnn_flatten_lstm,sequence,3,103,103,104,2297,10284,10284,3,3,4,4,walking,walking,True,8.085555e-06,1.3487799e-05,0.00015197092,0.9990621,1.8019036e-05,8.644614e-08,0.00018342768,0.00038649756,6.876026e-05,0.00010364179,1.3343228e-07,3.7958882e-06,0.9990621
pamap2,gnn_flatten_lstm,sequence,3,103,103,104,2298,10285,10285,3,3,4,4,walking,walking,True,8.353074e-06,1.392974e-05,0.00015479732,0.9990427,1.8516666e-05,9.065508e-08,0.00018840871,0.00039285596,7.073862e-05,0.00010541039,1.4020006e-07,3.9123047e-06,0.9990427
pamap2,gnn_flatten_lstm,sequence,3,103,103,104,2299,10286,10286,3,3,4,4,walking,walking,True,8.190144e-06,1.3865366e-05,0.00015227639,0.99905986,1.8314418e-05,9.105243e-08,0.00019279285,0.00037622047,7.141612e-05,0.00010283167,1.3812324e-07,3.883392e-06,0.99905986
pamap2,gnn_flatten_lstm,sequence,3,103,103,104,2300,10287,10287,3,3,4,4,walking,walking,True,7.983588e-06,1.3428749e-05,0.00014750728,0.9990814,1.798649e-05,8.762296e-08,0.0001903318,0.0003661234,6.964555e-05,0.000101588055,1.3171953e-07,3.7928062e-06,0.9990814
pamap2,gnn_flatten_lstm,sequence,3,103,103,104,2301,10288,10288,3,3,4,4,walking,walking,True,7.901653e-06,1.3312612e-05,0.00014535229,0.9990928,1.7771075e-05,8.663962e-08,0.0001908418,0.0003586123,6.928213e-05,0.00010018836,1.2968248e-07,3.736241e-06,0.9990928
pamap2,gnn_flatten_lstm,sequence,3,103,103,104,2302,10289,10289,3,3,4,4,walking,walking,True,7.830336e-06,1.32469195e-05,0.00014570048,0.9990908,1.7711753e-05,8.672393e-08,0.00019033432,0.0003607797,6.9942274e-05,9.98601e-05,1.2992757e-07,3.7027555e-06,0.9990908
pamap2,gnn_flatten_lstm,sequence,3,103,103,104,2303,10290,10290,3,3,4,4,walking,walking,True,7.829177e-06,1.3295177e-05,0.00014799634,0.99908316,1.7687582e-05,8.690956e-08,0.00018852777,0.00036705908,7.0230744e-05,0.00010028413,1.3102205e-07,3.7024834e-06,0.99908316
pamap2,gnn_flatten_lstm,sequence,3,103,103,104,2304,10291,10291,3,3,4,4,walking,walking,True,7.894762e-06,1.33797275e-05,0.00014727256,0.9990891,1.7674889e-05,8.694506e-08,0.00018970789,0.0003614005,6.969453e-05,0.00010003589,1.3096886e-07,3.7207315e-06,0.9990891
pamap2,gnn_flatten_lstm,sequence,3,103,103,104,2305,10292,10292,3,3,4,4,walking,walking,True,7.777685e-06,1.3186049e-05,0.00014603401,0.99909997,1.741417e-05,8.515704e-08,0.00018747349,0.0003567762,6.880006e-05,9.865497e-05,1.2829067e-07,3.6677848e-06,0.99909997
pamap2,gnn_flatten_lstm,sequence,3,103,103,104,2306,10293,10293,3,3,4,4,walking,walking,True,7.790303e-06,1.3193216e-05,0.00014829537,0.9990902,1.7434188e-05,8.510214e-08,0.00018541711,0.00036550057,6.8995585e-05,9.931101e-05,1.2936763e-07,3.6669621e-06,0.9990902
pamap2,gnn_flatten_lstm,sequence,3,103,103,104,2307,10294,10294,3,3,4,4,walking,walking,True,8.244901e-06,1.3951651e-05,0.0001537768,0.9990515,1.8382212e-05,9.142164e-08,0.00019236,0.00038217157,7.159215e-05,0.000103851424,1.3983113e-07,3.8916346e-06,0.9990515
pamap2,gnn_flatten_lstm,sequence,3,103,103,104,2308,10295,10295,3,3,4,4,walking,walking,True,8.572739e-06,1.4350078e-05,0.0001581247,0.9990164,1.9170086e-05,9.6107485e-08,0.00019595114,0.00040045974,7.4071846e-05,0.00010856802,1.4763003e-07,4.0364657e-06,0.9990164
pamap2,gnn_flatten_lstm,sequence,3,103,103,104,2309,10296,10296,3,3,4,4,walking,walking,True,8.579961e-06,1.44376845e-05,0.0001609319,0.9990042,1.9226185e-05,9.663606e-08,0.00019372036,0.00041053566,7.442328e-05,0.00010970992,1.4958438e-07,4.0368086e-06,0.9990042
pamap2,gnn_flatten_lstm,sequence,3,103,103,104,2310,10297,10297,3,3,4,4,walking,walking,True,9.185647e-06,1.5128276e-05,0.00016323976,0.99895406,2.0818727e-05,1.0425035e-07,0.0002020024,0.00043516824,7.724053e-05,0.00011856571,1.6119485e-07,4.3329933e-06,0.99895406
pamap2,gnn_flatten_lstm,sequence,3,103,103,104,2311,10298,10298,3,3,4,4,walking,walking,True,8.934418e-06,1.4736814e-05,0.00015793725,0.9989851,2.0251991e-05,1.0065709e-07,0.0002014834,0.0004165978,7.5448355e-05,0.000115124785,1.5385524e-07,4.2225906e-06,0.9989851
pamap2,gnn_flatten_lstm,sequence,3,103,103,104,2312,10299,10299,3,3,4,4,walking,walking,True,8.691914e-06,1.4464209e-05,0.00015686106,0.99900573,1.9584562e-05,9.7564815e-08,0.00019805568,0.00040656104,7.437358e-05,0.000111422894,1.4939243e-07,4.095532e-06,0.99900573
pamap2,gnn_flatten_lstm,sequence,3,103,103,104,2313,10300,10300,3,3,4,4,walking,walking,True,8.379367e-06,1.4215027e-05,0.00015755362,0.999025,1.8779141e-05,9.396545e-08,0.0001928317,0.00039908075,7.3517986e-05,0.00010650052,1.4427084e-07,3.944853e-06,0.999025
pamap2,gnn_flatten_lstm,sequence,3,103,103,104,2314,10301,10301,3,3,4,4,walking,walking,True,8.0757845e-06,1.3721556e-05,0.00015350225,0.9990565,1.807546e-05,8.9164224e-08,0.00018783954,0.00038407856,7.1080496e-05,0.00010297176,1.364649e-07,3.802737e-06,0.9990565
pamap2,gnn_flatten_lstm,sequence,3,103,103,104,2315,10302,10302,3,3,4,4,walking,walking,True,7.963748e-06,1.3520733e-05,0.00015138814,0.9990709,1.777684e-05,8.719307e-08,0.00018618024,0.0003769285,6.996776e-05,0.00010141016,1.332408e-07,3.741686e-06,0.9990709
pamap2,gnn_flatten_lstm,sequence,3,103,103,104,2316,10303,10303,3,3,4,4,walking,walking,True,7.820766e-06,1.329008e-05,0.00015005321,0.99908113,1.747198e-05,8.5136435e-08,0.00018360076,0.00037357488,6.91551e-05,9.986762e-05,1.3016059e-07,3.674718e-06,0.99908113
pamap2,gnn_flatten_lstm,sequence,3,103,103,104,2317,10304,10304,3,3,4,4,walking,walking,True,7.880881e-06,1.3346817e-05,0.00014996623,0.9990783,1.7605204e-05,8.5967415e-08,0.00018484621,0.00037404938,6.938725e-05,0.000100720026,1.3127068e-07,3.698347e-06,0.9990783
pamap2,gnn_flatten_lstm,sequence,3,103,103,104,2318,10305,10305,3,3,4,4,walking,walking,True,8.801445e-06,1.5343214e-05,0.00015303286,0.99901986,1.9871488e-05,1.06133996e-07,0.00022380642,0.00037009286,7.904284e-05,0.00010569861,1.5515712e-07,4.1798985e-06,0.99901986
pamap2,gnn_flatten_lstm,sequence,3,103,103,104,2319,10306,10306,3,3,4,4,walking,walking,True,8.751326e-06,1.5456122e-05,0.00014534085,0.9990332,1.9889785e-05,1.0881244e-07,0.0002454107,0.00034381318,8.142649e-05,0.00010216239,1.5367905e-07,4.2049433e-06,0.9990332
pamap2,gnn_flatten_lstm,sequence,3,103,103,104,2320,10307,10307,3,3,4,4,walking,walking,True,8.190612e-06,1.4563823e-05,0.00014246907,0.9990721,1.8584864e-05,1.0001095e-07,0.00023111343,0.0003332626,7.792936e-05,9.7671065e-05,1.414779e-07,3.9406546e-06,0.9990721
pamap2,gnn_flatten_lstm,sequence,3,103,103,104,2321,10308,10308,3,3,4,4,walking,walking,True,7.9929005e-06,1.4305241e-05,0.00014578647,0.9990828,1.7915623e-05,9.5022386e-08,0.00021610069,0.00033965101,7.571978e-05,9.5634816e-05,1.3782862e-07,3.831457e-06,0.9990828
pamap2,gnn_flatten_lstm,sequence,3,103,103,104,2322,10309,10309,3,3,4,4,walking,walking,True,7.725283e-06,1.3701952e-05,0.00014328958,0.99910504,1.7293823e-05,8.958826e-08,0.0002061574,0.0003360578,7.267424e-05,9.4122726e-05,1.3046296e-07,3.6974025e-06,0.99910504
pamap2,gnn_flatten_lstm,sequence,3,103,103,104,2323,10310,10310,3,3,4,4,walking,walking,True,8.1396465e-06,1.40870825e-05,0.00014764677,0.9990625,1.8330455e-05,9.452245e-08,0.00020837066,0.00036089987,7.4744436e-05,0.0001012316,1.3901693e-07,3.87564e-06,0.9990625
pamap2,gnn_flatten_lstm,sequence,3,103,103,104,2324,10311,10311,3,3,4,4,walking,walking,True,8.05127e-06,1.3955995e-05,0.0001437843,0.9990823,1.8009661e-05,9.254202e-08,0.0002095274,0.00034777308,7.312189e-05,9.948503e-05,1.3520926e-07,3.8207204e-06,0.9990823
pamap2,gnn_flatten_lstm,sequence,3,103,103,104,2325,10312,10312,3,3,4,4,walking,walking,True,7.899251e-06,1.370099e-05,0.00014092975,0.9990977,1.7663735e-05,9.036381e-08,0.00020934903,0.00033918524,7.211137e-05,9.755543e-05,1.315409e-07,3.7454279e-06,0.9990977
pamap2,gnn_flatten_lstm,sequence,3,103,103,104,2326,10313,10313,3,3,4,4,walking,walking,True,7.945453e-06,1.3818646e-05,0.0001424832,0.99908257,1.7843713e-05,9.159744e-08,0.00021170554,0.00034766324,7.3197116e-05,9.871312e-05,1.3405938e-07,3.7736522e-06,0.99908257
pamap2,gnn_flatten_lstm,sequence,3,103,103,104,2327,10314,10314,3,3,4,4,walking,walking,True,7.905562e-06,1.4034696e-05,0.0001432003,0.9990761,1.7808628e-05,9.22452e-08,0.00021558073,0.0003495277,7.421267e-05,9.74806e-05,1.351936e-07,3.7759573e-06,0.9990761
pamap2,gnn_flatten_lstm,sequence,3,103,103,104,2328,10315,10315,3,3,4,4,walking,walking,True,7.684288e-06,1.3424739e-05,0.00014383021,0.9990945,1.7298655e-05,8.71509e-08,0.00019709117,0.00035414888,7.125532e-05,9.6942356e-05,1.2998804e-07,3.6321728e-06,0.9990945
pamap2,gnn_flatten_lstm,sequence,3,103,103,104,2329,10316,10316,3,3,4,4,walking,walking,True,8.087005e-06,1.3691566e-05,0.00014910387,0.999062,1.82309e-05,9.0267214e-08,0.00019458184,0.0003753717,7.171125e-05,0.00010315642,1.3657282e-07,3.8197572e-06,0.999062
pamap2,gnn_flatten_lstm,sequence,3,103,103,104,2330,10317,10317,3,3,4,4,walking,walking,True,8.223297e-06,1.389711e-05,0.00015109898,0.99905115,1.8485061e-05,9.19741e-08,0.00019603143,0.00038030755,7.241752e-05,0.000104275256,1.3946871e-07,3.885566e-06,0.99905115
pamap2,gnn_flatten_lstm,sequence,3,103,103,104,2331,10318,10318,3,3,4,4,walking,walking,True,8.217656e-06,1.3853922e-05,0.0001512425,0.9990496,1.8509554e-05,9.184739e-08,0.00019473034,0.00038236115,7.231464e-05,0.00010485297,1.395201e-07,3.8787775e-06,0.9990496
pamap2,gnn_flatten_lstm,sequence,3,103,103,104,2332,10319,10319,3,3,4,4,walking,walking,True,8.350749e-06,1.3985674e-05,0.00015321335,0.9990362,1.8766606e-05,9.313127e-08,0.00019442933,0.00039139442,7.2808725e-05,0.000106788626,1.4255983e-07,3.9311144e-06,0.9990362
pamap2,gnn_flatten_lstm,sequence,3,103,103,104,2333,10320,10320,3,3,4,4,walking,walking,True,8.438473e-06,1.4103078e-05,0.00015626109,0.99901867,1.9041088e-05,9.441867e-08,0.00019336105,0.0004039007,7.377402e-05,0.00010837441,1.4570767e-07,3.9802744e-06,0.99901867
pamap2,gnn_flatten_lstm,sequence,3,103,103,104,2334,10321,10321,3,3,4,4,walking,walking,True,8.19564e-06,1.3826456e-05,0.00015496058,0.9990393,1.8405262e-05,9.054469e-08,0.00018832703,0.00039590843,7.1941686e-05,0.00010521137,1.3972412e-07,3.859977e-06,0.9990393
pamap2,gnn_flatten_lstm,sequence,3,103,103,104,2335,10322,10322,3,3,4,4,walking,walking,True,8.3842915e-06,1.42493145e-05,0.00015980902,0.99901843,1.8689938e-05,9.390607e-08,0.00019060225,0.00040580364,7.3863055e-05,0.0001061084,1.4606144e-07,3.930977e-06,0.99901843
pamap2,gnn_flatten_lstm,sequence,3,103,103,104,2336,10323,10323,3,3,4,4,walking,walking,True,8.390461e-06,1.4315242e-05,0.00016146214,0.99901295,1.8764113e-05,9.4857114e-08,0.00019102593,0.00040826615,7.480805e-05,0.00010590371,1.4750286e-07,3.9465813e-06,0.99901295
pamap2,gnn_flatten_lstm,sequence,3,103,103,104,2337,10324,10324,3,3,4,4,walking,walking,True,8.275643e-06,1.40593775e-05,0.00015863177,0.9990299,1.8475997e-05,9.255993e-08,0.00018910637,0.0003994347,7.320177e-05,0.00010479821,1.4318391e-07,3.894171e-06,0.9990299
pamap2,gnn_flatten_lstm,sequence,3,103,103,104,2338,10325,10325,3,3,4,4,walking,walking,True,8.229815e-06,1.3995302e-05,0.00015585507,0.9990452,1.833435e-05,9.186556e-08,0.0001903939,0.0003879443,7.237318e-05,0.00010362955,1.4111149e-07,3.8728685e-06,0.9990452
pamap2,gnn_flatten_lstm,sequence,3,103,103,104,2339,10326,10326,3,3,4,4,walking,walking,True,8.237012e-06,1.38678815e-05,0.00015270544,0.9990534,1.8430219e-05,9.1415004e-08,0.00019217904,0.00038131457,7.1754555e-05,0.000103980754,1.3896928e-07,3.8956e-06,0.9990534
pamap2,gnn_flatten_lstm,sequence,3,103,103,104,2340,10327,10327,3,3,4,4,walking,walking,True,8.313074e-06,1.3847191e-05,0.00015224933,0.99904615,1.8718389e-05,9.2104955e-08,0.00019281925,0.0003856878,7.197505e-05,0.00010612784,1.3969124e-07,3.9352794e-06,0.99904615
pamap2,gnn_flatten_lstm,sequence,3,103,103,104,2341,10328,10328,3,3,4,4,walking,walking,True,8.383954e-06,1.3931723e-05,0.00015285346,0.999042,1.8794333e-05,9.226845e-08,0.00019271477,0.00038878323,7.178323e-05,0.00010656381,1.4082254e-07,3.9653864e-06,0.999042
pamap2,gnn_flatten_lstm,sequence,3,103,103,104,2342,10329,10329,3,3,4,4,walking,walking,True,8.158824e-06,1.3638699e-05,0.00015124411,0.9990594,1.8284953e-05,8.9444335e-08,0.00018980287,0.00038099228,7.0850394e-05,0.00010355208,1.3638906e-07,3.861553e-06,0.9990594
pamap2,gnn_flatten_lstm,sequence,3,103,103,104,2343,10330,10330,3,3,4,4,walking,walking,True,8.201643e-06,1.3722848e-05,0.0001537947,0.9990496,1.8349754e-05,9.0461036e-08,0.00018971054,0.00038661956,7.162602e-05,0.00010419507,1.3846935e-07,3.874127e-06,0.9990496
pamap2,gnn_flatten_lstm,sequence,3,103,103,104,2344,10331,10331,3,3,4,4,walking,walking,True,8.753629e-06,1.4645639e-05,0.00016164876,0.99899596,1.9513396e-05,9.893029e-08,0.00019730437,0.0004120626,7.571334e-05,0.00010989793,1.5333558e-07,4.126122e-06,0.99899596
pamap2,gnn_flatten_lstm,sequence,3,103,103,104,2345,10332,10332,3,3,4,4,walking,walking,True,9.004971e-06,1.4872237e-05,0.00016441851,0.9989717,2.003423e-05,1.01872544e-07,0.00019917707,0.00042537288,7.757305e-05,0.000113375056,1.5862668e-07,4.2166025e-06,0.9989717
pamap2,gnn_flatten_lstm,sequence,3,103,103,104,2346,10333,10333,3,3,4,4,walking,walking,True,8.275105e-06,1.3918086e-05,0.00015510384,0.9990393,1.850262e-05,9.176904e-08,0.00018950966,0.00039310553,7.2412164e-05,0.00010567243,1.4144369e-07,3.881505e-06,0.9990393
pamap2,gnn_flatten_lstm,sequence,3,103,103,104,2347,10334,10334,3,3,4,4,walking,walking,True,8.332763e-06,1.39601425e-05,0.00015443681,0.9990428,1.8508192e-05,9.16742e-08,0.00019009499,0.0003903097,7.188605e-05,0.00010548714,1.414136e-07,3.8963617e-06,0.9990428
pamap2,gnn_flatten_lstm,sequence,3,103,103,104,2348,10335,10335,3,3,4,4,walking,walking,True,8.54517e-06,1.4132541e-05,0.00015520517,0.9990246,1.9103156e-05,9.465147e-08,0.00019382653,0.0003982432,7.3125266e-05,0.00010893835,1.4552329e-07,4.0069203e-06,0.9990246
pamap2,gnn_flatten_lstm,sequence,3,103,103,104,2349,10336,10336,3,3,4,4,walking,walking,True,8.592874e-06,1.4227151e-05,0.00015477804,0.9990221,1.9321766e-05,9.618909e-08,0.0001970057,0.0003960495,7.3686875e-05,0.000109857945,1.4649612e-07,4.0507184e-06,0.9990221
pamap2,gnn_flatten_lstm,sequence,3,103,103,104,2350,10337,10337,3,3,4,4,walking,walking,True,8.778216e-06,1.4546073e-05,0.00015693242,0.9990085,1.9661495e-05,9.890512e-08,0.00020059754,0.00040084322,7.489716e-05,0.00011090893,1.5116147e-07,4.149158e-06,0.9990085
pamap2,gnn_flatten_lstm,sequence,3,103,103,104,2351,10338,10338,3,3,4,4,walking,walking,True,8.645795e-06,1.4342431e-05,0.000154929,0.99902034,1.9424955e-05,9.7297146e-08,0.00019984739,0.00039440824,7.439624e-05,0.00010924469,1.480588e-07,4.096553e-06,0.99902034
pamap2,gnn_flatten_lstm,sequence,3,103,103,104,2352,10339,10339,3,3,4,4,walking,walking,True,8.248589e-06,1.3736765e-05,0.00014828845,0.9990657,1.8454242e-05,9.0518064e-08,0.0001948323,0.00037127102,7.0886934e-05,0.000104411505,1.3610288e-07,3.9011284e-06,0.9990657
pamap2,gnn_flatten_lstm,sequence,3,103,103,104,2353,10340,10340,3,3,4,4,walking,walking,True,8.243468e-06,1.367809e-05,0.00014596073,0.9990777,1.827446e-05,8.973357e-08,0.00019675134,0.00036186675,7.023438e-05,0.00010319307,1.342829e-07,3.8829353e-06,0.9990777
pamap2,gnn_flatten_lstm,sequence,3,103,103,104,2354,10341,10341,3,3,4,4,walking,walking,True,8.155889e-06,1.3616328e-05,0.00014759615,0.99907136,1.8272201e-05,9.031405e-08,0.00019559635,0.0003669431,7.124015e-05,0.00010318583,1.356306e-07,3.8453527e-06,0.99907136
pamap2,gnn_flatten_lstm,sequence,3,103,103,104,2355,10342,10342,3,3,4,4,walking,walking,True,8.083813e-06,1.3549398e-05,0.00014832483,0.9990706,1.8201818e-05,8.972676e-08,0.00019316391,0.00036994793,7.104152e-05,0.00010313261,1.3532518e-07,3.8187773e-06,0.9990706
pamap2,gnn_flatten_lstm,sequence,3,103,103,104,2356,10343,10343,3,3,4,4,walking,walking,True,8.114427e-06,1.3740785e-05,0.00015077223,0.9990626,1.8197592e-05,9.064719e-08,0.0001929902,0.00037501738,7.184786e-05,0.00010261819,1.3768185e-07,3.8224234e-06,0.9990626
pamap2,gnn_flatten_lstm,sequence,3,103,103,104,2357,10344,10344,3,3,4,4,walking,walking,True,8.386304e-06,1.3984861e-05,0.0001551059,0.9990324,1.8747609e-05,9.290949e-08,0.00019269287,0.00039468936,7.302812e-05,0.00010684343,1.4256852e-07,3.9386564e-06,0.9990324
pamap2,gnn_flatten_lstm,sequence,3,103,103,104,2358,10345,10345,3,3,4,4,walking,walking,True,8.656367e-06,1.4261813e-05,0.0001573897,0.99900836,1.9348456e-05,9.5181086e-08,0.00019385073,0.00040930262,7.338144e-05,0.00011114365,1.4703743e-07,4.0680015e-06,0.99900836
pamap2,gnn_flatten_lstm,sequence,3,103,103,104,2359,10346,10346,3,3,4,4,walking,walking,True,8.442131e-06,1.402402e-05,0.00015481329,0.9990305,1.8855964e-05,9.202484e-08,0.00019047172,0.00039898857,7.159494e-05,0.00010819136,1.423525e-07,3.96646e-06,0.9990305
pamap2,gnn_flatten_lstm,sequence,3,103,103,104,2360,10347,10347,3,3,4,4,walking,walking,True,8.3259765e-06,1.3905646e-05,0.00015301837,0.9990434,1.8637274e-05,9.1491536e-08,0.00019121585,0.00038916775,7.146625e-05,0.0001066094,1.4019695e-07,3.9041565e-06,0.9990434
pamap2,gnn_flatten_lstm,sequence,3,103,103,104,2361,10348,10348,3,3,4,4,walking,walking,True,8.602997e-06,1.4254878e-05,0.00015789573,0.9990159,1.9109659e-05,9.475469e-08,0.00019311025,0.000404019,7.3398856e-05,0.00010940831,1.4637817e-07,4.0095347e-06,0.9990159
pamap2,gnn_flatten_lstm,sequence,3,103,103,104,2362,10349,10349,3,3,4,4,walking,walking,True,8.756443e-06,1.4641602e-05,0.00016229924,0.998995,1.9431409e-05,9.807312e-08,0.00019479216,0.00041507056,7.5383716e-05,0.00011037731,1.5257211e-07,4.082572e-06,0.998995
pamap2,gnn_flatten_lstm,sequence,3,103,103,104,2363,10350,10350,3,3,4,4,walking,walking,True,8.754157e-06,1.4537266e-05,0.00015978394,0.9990037,1.9439047e-05,9.753727e-08,0.0001955663,0.00040842785,7.466125e-05,0.00011075556,1.5040611e-07,4.0930945e-06,0.9990037
pamap2,gnn_flatten_lstm,sequence,3,103,103,104,2364,10351,10351,3,3,4,4,walking,walking,True,8.62131e-06,1.4253177e-05,0.00015644018,0.9990225,1.9166471e-05,9.452498e-08,0.00019337045,0.0003992303,7.25723e-05,0.0001095736,1.4501343e-07,4.0472755e-06,0.9990225
pamap2,gnn_flatten_lstm,sequence,3,103,103,104,2365,10352,10352,3,3,4,4,walking,walking,True,8.645666e-06,1.4197285e-05,0.00015434652,0.9990264,1.9282195e-05,9.4465875e-08,0.0001953057,0.00039552635,7.223246e-05,0.00010980689,1.4411249e-07,4.0713785e-06,0.9990264
pamap2,gnn_flatten_lstm,sequence,3,103,103,104,2366,10353,10353,3,3,4,4,walking,walking,True,9.607679e-06,1.5229585e-05,0.00016236403,0.9989365,2.1622436e-05,1.0610247e-07,0.00020450412,0.00044379057,7.7105804e-05,0.00012445546,1.6349526e-07,4.5027755e-06,0.9989365
pamap2,gnn_flatten_lstm,sequence,3,103,103,104,2367,10354,10354,3,3,4,4,walking,walking,True,9.280776e-06,1.4883757e-05,0.00015665166,0.9989716,2.0907573e-05,1.0227085e-07,0.00020413504,0.00042223767,7.505678e-05,0.00012058977,1.5568425e-07,4.3514474e-06,0.9989716
pamap2,gnn_flatten_lstm,sequence,3,103,103,104,2368,10355,10355,3,3,4,4,walking,walking,True,9.0363155e-06,1.47276305e-05,0.00015412323,0.99899596,2.0331361e-05,1.00510455e-07,0.00020605842,0.0004048842,7.4753574e-05,0.000115535295,1.516057e-07,4.251686e-06,0.99899596
pamap2,gnn_flatten_lstm,sequence,3,103,103,104,2369,10356,10356,3,3,4,4,walking,walking,True,8.754646e-06,1.4341122e-05,0.00015407165,0.99901104,1.9665822e-05,9.631176e-08,0.0001990535,0.0004028324,7.3284136e-05,0.000112542904,1.4652606e-07,4.123497e-06,0.99901104
pamap2,gnn_flatten_lstm,sequence,3,103,103,104,2370,10357,10357,3,3,4,4,walking,walking,True,8.754768e-06,1.4256556e-05,0.0001535176,0.9990115,1.9670426e-05,9.6042875e-08,0.00019833412,0.0004036142,7.313177e-05,0.00011286478,1.4649413e-07,4.113107e-06,0.9990115
pamap2,gnn_flatten_lstm,sequence,3,103,103,104,2371,10358,10358,3,3,4,4,walking,walking,True,9.287328e-06,1.4851599e-05,0.00016108098,0.99896395,2.060759e-05,1.0183601e-07,0.00020150181,0.0004295441,7.625569e-05,0.00011845579,1.5786665e-07,4.3161135e-06,0.99896395
pamap2,gnn_flatten_lstm,sequence,3,103,103,104,2372,10359,10359,3,3,4,4,walking,walking,True,1.1686259e-05,1.70564e-05,0.00017307093,0.9987876,2.5830579e-05,1.2642982e-07,0.00022297431,0.00052103173,8.400926e-05,0.00015107785,1.9974242e-07,5.3711724e-06,0.9987876
pamap2,gnn_flatten_lstm,sequence,3,103,103,104,2373,10360,10360,3,3,4,4,walking,walking,True,1.1910868e-05,1.7591425e-05,0.00017331608,0.99877733,2.6413803e-05,1.3008875e-07,0.00022822023,0.0005202315,8.383272e-05,0.00015542102,2.0417544e-07,5.497169e-06,0.99877733
pamap2,gnn_flatten_lstm,sequence,3,103,103,104,2374,10361,10361,3,3,4,4,walking,walking,True,1.0763193e-05,1.6356533e-05,0.0001664684,0.9988538,2.4136325e-05,1.173582e-07,0.00021750698,0.00048476818,7.9931306e-05,0.00014094761,1.8412747e-07,4.9984565e-06,0.9988538
pamap2,gnn_flatten_lstm,sequence,3,103,103,104,2375,10362,10362,3,3,4,4,walking,walking,True,1.1133162e-05,1.6566248e-05,0.00017024415,0.9988116,2.4929312e-05,1.1954829e-07,0.0002155625,0.0005159608,8.109816e-05,0.00014754116,1.906743e-07,5.1247257e-06,0.9988116
pamap2,gnn_flatten_lstm,sequence,3,103,103,104,2376,10363,10363,3,3,4,4,walking,walking,True,1.0736873e-05,1.632122e-05,0.00017194044,0.99883264,2.3749888e-05,1.1409304e-07,0.00020757863,0.0005121643,7.9040234e-05,0.0001407394,1.8532292e-07,4.9390815e-06,0.99883264
pamap2,gnn_flatten_lstm,sequence,3,103,103,104,2377,10364,10364,3,3,4,4,walking,walking,True,1.0994569e-05,1.6660128e-05,0.00017883642,0.99881124,2.3676559e-05,1.1355642e-07,0.00020411065,0.00052999327,7.864365e-05,0.00014058735,1.8825021e-07,5.02109e-06,0.99881124
pamap2,gnn_flatten_lstm,sequence,3,103,103,104,2378,10365,10365,3,3,4,4,walking,walking,True,1.05588415e-05,1.6101738e-05,0.00017286203,0.9988568,2.292588e-05,1.09629774e-07,0.00020154055,0.0005017997,7.6594566e-05,0.0001357853,1.7881649e-07,4.840048e-06,0.9988568
pamap2,gnn_flatten_lstm,sequence,3,103,103,104,2379,10366,10366,3,3,4,4,walking,walking,True,1.0316837e-05,1.5918662e-05,0.00017007407,0.99887913,2.2526996e-05,1.08706054e-07,0.00020245163,0.0004857484,7.658036e-05,0.00013224028,1.7556813e-07,4.740966e-06,0.99887913
pamap2,gnn_flatten_lstm,sequence,3,103,103,104,2380,10367,10367,3,3,4,4,walking,walking,True,1.0276328e-05,1.5787864e-05,0.00016898917,0.9988788,2.2565779e-05,1.07964205e-07,0.00020178924,0.00048771006,7.643973e-05,0.00013256475,1.7371171e-07,4.7347194e-06,0.9988788
pamap2,gnn_flatten_lstm,sequence,3,103,103,104,2381,10368,10368,3,3,4,4,walking,walking,True,9.536807e-06,1.488815e-05,0.00015994992,0.99894625,2.1174155e-05,1.0002582e-07,0.00019669448,0.00044930313,7.3182804e-05,0.00012428695,1.5767847e-07,4.4186636e-06,0.99894625
pamap2,gnn_flatten_lstm,sequence,3,103,103,104,2382,10369,10369,3,3,4,4,walking,walking,True,9.279768e-06,1.4806022e-05,0.00015922938,0.99896693,2.065182e-05,9.973413e-08,0.00019776225,0.00043349338,7.383262e-05,0.00011955747,1.5581794e-07,4.3227137e-06,0.99896693
pamap2,gnn_flatten_lstm,sequence,3,103,103,104,2383,10370,10370,3,3,4,4,walking,walking,True,9.478578e-06,1.4990504e-05,0.00016353659,0.99894255,2.0965526e-05,1.0238713e-07,0.00019868503,0.00044835507,7.609314e-05,0.00012060582,1.6126539e-07,4.4115313e-06,0.99894255
pamap2,gnn_flatten_lstm,sequence,3,103,103,104,2384,10371,10371,3,3,4,4,walking,walking,True,9.173729e-06,1.4659074e-05,0.00015982713,0.99897075,2.0376423e-05,9.9484105e-08,0.00019689825,0.0004321506,7.459253e-05,0.00011711819,1.5535781e-07,4.2933057e-06,0.99897075
pamap2,gnn_flatten_lstm,sequence,3,103,103,104,2385,10372,10372,3,3,4,4,walking,walking,True,8.5282645e-06,1.4009988e-05,0.0001480027,0.9990565,1.8783334e-05,9.295233e-08,0.00020096719,0.000371795,7.206276e-05,0.000104934625,1.3919586e-07,3.994e-06,0.9990565
pamap2,gnn_flatten_lstm,sequence,3,103,103,104,2386,10373,10373,3,3,4,4,walking,walking,True,8.045488e-06,1.3334973e-05,0.00014076797,0.99910873,1.7682065e-05,8.655198e-08,0.0001979998,0.0003416803,6.907166e-05,9.866977e-05,1.2746813e-07,3.77813e-06,0.99910873
pamap2,gnn_flatten_lstm,sequence,3,103,103,104,2387,10374,10374,3,3,4,4,walking,walking,True,7.900844e-06,1.3203669e-05,0.0001427244,0.9991078,1.7516126e-05,8.5878504e-08,0.00019383896,0.0003458939,6.907245e-05,9.816069e-05,1.2786637e-07,3.7260563e-06,0.9991078
pamap2,gnn_flatten_lstm,sequence,3,103,103,104,2388,10375,10375,3,3,4,4,walking,walking,True,7.805602e-06,1.3073469e-05,0.00014326382,0.9991123,1.7249327e-05,8.365718e-08,0.000188738,0.00034861488,6.785794e-05,9.715669e-05,1.2591134e-07,3.681385e-06,0.9991123
pamap2,gnn_flatten_lstm,sequence,3,103,103,104,2389,10376,10376,3,3,4,4,walking,walking,True,7.729029e-06,1.2950689e-05,0.00014293056,0.9991159,1.7150856e-05,8.2716916e-08,0.00018650905,0.00034877905,6.728498e-05,9.6950076e-05,1.2472087e-07,3.6439951e-06,0.9991159
pamap2,gnn_flatten_lstm,sequence,3,103,103,104,2390,10377,10377,3,3,4,4,walking,walking,True,7.736356e-06,1.2997576e-05,0.00014485368,0.99910396,1.7289287e-05,8.3932335e-08,0.0001863957,0.00035648447,6.840263e-05,9.788811e-05,1.2681542e-07,3.644866e-06,0.99910396
pamap2,gnn_flatten_lstm,sequence,3,103,103,104,2391,10378,10378,3,3,4,4,walking,walking,True,7.653643e-06,1.29847995e-05,0.0001460052,0.99910563,1.7051098e-05,8.284522e-08,0.0001835074,0.00035864685,6.813775e-05,9.666382e-05,1.2596419e-07,3.6010238e-06,0.99910563
pamap2,gnn_flatten_lstm,sequence,3,103,103,104,2392,10379,10379,3,3,4,4,walking,walking,True,7.5241023e-06,1.27789035e-05,0.00014426684,0.9991159,1.6829204e-05,8.114023e-08,0.00018129371,0.00035449426,6.724662e-05,9.583465e-05,1.2308375e-07,3.5401094e-06,0.9991159
pamap2,gnn_flatten_lstm,sequence,3,103,103,104,2393,10380,10380,3,3,4,4,walking,walking,True,7.496051e-06,1.2734575e-05,0.0001434647,0.99912006,1.6804623e-05,8.0952596e-08,0.00018154066,0.00035134444,6.7023066e-05,9.573073e-05,1.2236902e-07,3.5268672e-06,0.99912006
pamap2,gnn_flatten_lstm,sequence,3,103,103,104,2394,10381,10381,3,3,4,4,walking,walking,True,7.836316e-06,1.3345669e-05,0.00014946092,0.99907994,1.7640896e-05,8.6897344e-08,0.00018712768,0.00037088402,7.0311275e-05,9.9561956e-05,1.3217183e-07,3.6994893e-06,0.99907994
pamap2,gnn_flatten_lstm,sequence,3,103,103,104,2395,10382,10382,3,3,4,4,walking,walking,True,7.877563e-06,1.3298606e-05,0.00014876635,0.99907684,1.7815368e-05,8.6652115e-08,0.00018603173,0.00037460733,6.9834525e-05,0.00010110116,1.3198336e-07,3.722787e-06,0.99907684
pamap2,gnn_flatten_lstm,sequence,3,103,103,104,2396,10383,10383,3,3,4,4,walking,walking,True,8.063435e-06,1.3513478e-05,0.0001511402,0.9990596,1.820627e-05,8.88689e-08,0.00018753762,0.00038352434,7.078153e-05,0.000103604565,1.358128e-07,3.803699e-06,0.9990596
pamap2,gnn_flatten_lstm,sequence,3,103,103,104,2397,10384,10384,3,3,4,4,walking,walking,True,8.706895e-06,1.4334844e-05,0.00015336533,0.99900717,1.9932408e-05,9.8455345e-08,0.00020104142,0.00040367324,7.5083e-05,0.00011227907,1.4850768e-07,4.1165576e-06,0.99900717
pamap2,gnn_flatten_lstm,sequence,3,103,103,104,2398,10385,10385,3,3,4,4,walking,walking,True,1.00592915e-05,1.5557895e-05,0.0001582302,0.9988901,2.3530061e-05,1.14035096e-07,0.00021649379,0.00046613632,8.0499856e-05,0.00013442419,1.7285896e-07,4.7820586e-06,0.9988901
pamap2,gnn_flatten_lstm,sequence,3,103,103,104,2399,10386,10386,3,3,4,4,walking,walking,True,1.3425983e-05,1.8386267e-05,0.00016474359,0.99867463,3.136609e-05,1.4816574e-07,0.00026043548,0.000562436,8.896544e-05,0.00017879473,2.2463564e-07,6.3808675e-06,0.99867463
pamap2,gnn_flatten_lstm,sequence,3,103,103,104,2400,10387,10387,3,3,4,4,walking,walking,True,1.6457598e-05,2.0328427e-05,0.00016890035,0.9984919,3.8212183e-05,1.7393995e-07,0.00029553965,0.0006484768,9.512078e-05,0.00021686801,2.6659413e-07,7.7636305e-06,0.9984919
pamap2,gnn_flatten_lstm,sequence,3,103,103,104,2401,10388,10388,3,3,4,4,walking,walking,True,1.1796213e-05,1.645418e-05,0.00015946775,0.9987978,2.6549586e-05,1.1920032e-07,0.00023074236,0.00051767647,7.862984e-05,0.00015509402,1.8865745e-07,5.483866e-06,0.9987978
pamap2,gnn_flatten_lstm,sequence,3,103,103,104,2402,10389,10389,3,3,4,4,walking,walking,True,1.061276e-05,1.5732356e-05,0.00015859626,0.9988815,2.3585553e-05,1.0966136e-07,0.00021750557,0.00047429063,7.6332704e-05,0.00013666585,1.7405381e-07,4.8874526e-06,0.9988815
pamap2,gnn_flatten_lstm,sequence,3,103,103,104,2403,10390,10390,3,3,4,4,walking,walking,True,9.504231e-06,1.4609869e-05,0.00015325016,0.9989636,2.107669e-05,9.754731e-08,0.0002024112,0.0004359652,7.2094e-05,0.00012282516,1.53677e-07,4.372678e-06,0.9989636
pamap2,gnn_flatten_lstm,sequence,3,103,103,104,2404,10391,10391,3,3,4,4,walking,walking,True,9.035593e-06,1.4110833e-05,0.0001518085,0.9990019,1.9947136e-05,9.209333e-08,0.00019468281,0.00041738446,6.9607806e-05,0.00011703531,1.4451138e-07,4.158615e-06,0.9990019
pamap2,gnn_flatten_lstm,sequence,3,103,103,104,2405,10392,10392,3,3,4,4,walking,walking,True,8.859177e-06,1.3879305e-05,0.00014962842,0.99902236,1.9490219e-05,8.9189406e-08,0.00019158018,0.00040741102,6.7871886e-05,0.00011460249,1.3992151e-07,4.0691916e-06,0.99902236
pamap2,gnn_flatten_lstm,sequence,3,103,103,104,2406,10393,10393,3,3,4,4,walking,walking,True,8.7481485e-06,1.3626617e-05,0.00014646277,0.9990343,1.9411169e-05,8.751827e-08,0.00019184868,0.00040046268,6.6785135e-05,0.000114077935,1.363859e-07,4.040952e-06,0.9990343
pamap2,gnn_flatten_lstm,sequence,3,103,103,104,2407,10394,10394,3,3,4,4,walking,walking,True,9.189282e-06,1.4014774e-05,0.00015123765,0.99899477,2.0378586e-05,9.1506635e-08,0.00019277292,0.00042479121,6.808466e-05,0.000120263074,1.4415274e-07,4.248657e-06,0.99899477
pamap2,gnn_flatten_lstm,sequence,3,103,103,104,2408,10395,10395,3,3,4,4,walking,walking,True,9.349412e-06,1.4304689e-05,0.00015673882,0.998968,2.0628968e-05,9.354701e-08,0.0001901346,0.00044549673,6.939534e-05,0.00012135412,1.4978708e-07,4.3251925e-06,0.998968
pamap2,gnn_flatten_lstm,sequence,3,103,103,104,2409,10396,10396,3,3,4,4,walking,walking,True,8.867852e-06,1.41771125e-05,0.00015894575,0.998995,1.9533338e-05,9.3134716e-08,0.00018825963,0.0004258189,7.156769e-05,0.0001133763,1.467364e-07,4.1118465e-06,0.998995
pamap2,gnn_flatten_lstm,sequence,3,103,103,104,2410,10397,10397,3,3,4,4,walking,walking,True,8.459585e-06,1.3911842e-05,0.00015703824,0.9990264,1.8786333e-05,9.11253e-08,0.0001864845,0.000405497,7.1280585e-05,0.000107957574,1.4162032e-07,3.9662623e-06,0.9990264
pamap2,gnn_flatten_lstm,sequence,3,103,103,104,2411,10398,10398,3,3,4,4,walking,walking,True,8.515251e-06,1.3920883e-05,0.00015424738,0.9990305,1.8997456e-05,9.2102105e-08,0.0001906809,0.00039901654,7.1472554e-05,0.000108378066,1.4166305e-07,4.0061113e-06,0.9990305
pamap2,gnn_flatten_lstm,sequence,3,103,103,104,2412,10399,10399,3,3,4,4,walking,walking,True,8.497678e-06,1.3851383e-05,0.00015136223,0.999038,1.9099403e-05,9.222515e-08,0.00019300476,0.00039198363,7.1266244e-05,0.00010867312,1.4026867e-07,4.0152286e-06,0.999038
pamap2,gnn_flatten_lstm,sequence,3,103,103,104,2413,10400,10400,3,3,4,4,walking,walking,True,8.623901e-06,1.3981922e-05,0.00014883331,0.9990387,1.9432184e-05,9.389328e-08,0.00019884063,0.00038568248,7.1608636e-05,0.00011013125,1.4067682e-07,4.0833697e-06,0.9990387
pamap2,gnn_flatten_lstm,sequence,3,103,103,104,2414,10401,10401,3,3,4,4,walking,walking,True,8.460954e-06,1.3812728e-05,0.00014631862,0.9990528,1.9118255e-05,9.2632e-08,0.00020010011,0.00037610927,7.136014e-05,0.00010760734,1.3788589e-07,4.0143773e-06,0.9990528
pamap2,gnn_flatten_lstm,sequence,3,103,103,104,2415,10402,10402,3,3,4,4,walking,walking,True,8.1058915e-06,1.3303381e-05,0.00014570892,0.99907815,1.8135837e-05,8.677992e-08,0.0001903548,0.0003696122,6.9252244e-05,0.00010336569,1.3055167e-07,3.8144933e-06,0.99907815
pamap2,gnn_flatten_lstm,sequence,3,103,103,104,2416,10403,10403,3,3,4,4,walking,walking,True,8.279285e-06,1.3549509e-05,0.0001488549,0.9990578,1.851684e-05,8.929436e-08,0.00019116409,0.00038149377,7.0205795e-05,0.00010592846,1.3582279e-07,3.891971e-06,0.9990578
pamap2,gnn_flatten_lstm,sequence,3,103,103,104,2417,10404,10404,3,3,4,4,walking,walking,True,8.422396e-06,1.3785271e-05,0.00015245717,0.99903524,1.8907971e-05,9.1854126e-08,0.00019179196,0.00039551719,7.1721166e-05,0.00010810451,1.4092191e-07,3.962955e-06,0.99903524
pamap2,gnn_flatten_lstm,sequence,3,103,103,104,2418,10405,10405,3,3,4,4,walking,walking,True,8.270025e-06,1.3561346e-05,0.00014890965,0.9990527,1.8670164e-05,9.024555e-08,0.00019157851,0.00038458878,7.087222e-05,0.000106789776,1.3713917e-07,3.8925305e-06,0.9990527
pamap2,gnn_flatten_lstm,sequence,3,103,103,104,2419,10406,10406,3,3,4,4,walking,walking,True,8.447507e-06,1.3793221e-05,0.0001480434,0.9990482,1.901601e-05,9.253303e-08,0.00019638281,0.00038174918,7.1356204e-05,0.00010888868,1.3960017e-07,3.9588854e-06,0.9990482
pamap2,gnn_flatten_lstm,sequence,3,103,103,104,2420,10407,10407,3,3,4,4,walking,walking,True,8.384946e-06,1.3645461e-05,0.00014746898,0.9990496,1.8926825e-05,9.133936e-08,0.0001947649,0.00038333397,7.1057846e-05,0.00010860704,1.3811787e-07,3.9291735e-06,0.9990496
pamap2,gnn_flatten_lstm,sequence,3,103,103,104,2421,10408,10408,3,3,4,4,walking,walking,True,8.633351e-06,1.3946398e-05,0.00015240777,0.9990201,1.9430563e-05,9.356402e-08,0.00019368985,0.00040304108,7.2012524e-05,0.000112443195,1.4330737e-07,4.0360956e-06,0.9990201
pamap2,gnn_flatten_lstm,sequence,3,103,103,104,2422,10409,10409,3,3,4,4,walking,walking,True,8.678764e-06,1.4123115e-05,0.0001540585,0.9990126,1.9514746e-05,9.460918e-08,0.0001939971,0.00040750921,7.2481744e-05,0.00011272108,1.4577212e-07,4.051429e-06,0.9990126
pamap2,gnn_flatten_lstm,sequence,3,103,103,104,2423,10410,10410,3,3,4,4,walking,walking,True,8.714612e-06,1.406917e-05,0.00015497128,0.99900997,1.947125e-05,9.412763e-08,0.00019245147,0.00041091465,7.26766e-05,0.00011258069,1.4556517e-07,4.050422e-06,0.99900997
pamap2,gnn_flatten_lstm,sequence,3,103,103,104,2424,10411,10411,3,3,4,4,walking,walking,True,9.199496e-06,1.4667535e-05,0.00016296687,0.99896693,2.02373e-05,9.8992345e-08,0.00019384177,0.00043518277,7.473857e-05,0.00011774736,1.5539324e-07,4.242923e-06,0.99896693
pamap2,gnn_flatten_lstm,sequence,3,103,103,104,2425,10412,10412,3,3,4,4,walking,walking,True,9.170214e-06,1.47980345e-05,0.00016427042,0.99896705,2.0113735e-05,9.964934e-08,0.00019358794,0.00043493384,7.51365e-05,0.000116618,1.5708424e-07,4.2158267e-06,0.99896705
pamap2,gnn_flatten_lstm,sequence,3,103,103,104,2426,10413,10413,3,3,4,4,walking,walking,True,9.211059e-06,1.4823219e-05,0.00016522603,0.99896336,2.01585e-05,1.00099676e-07,0.00019398586,0.00043637646,7.5821925e-05,0.00011651852,1.5762946e-07,4.230766e-06,0.99896336
pamap2,gnn_flatten_lstm,sequence,3,103,103,104,2427,10414,10414,3,3,4,4,walking,walking,True,8.94806e-06,1.4483759e-05,0.00016084473,0.99898595,1.9786608e-05,9.717288e-08,0.00019211677,0.00042463862,7.406556e-05,0.00011474399,1.5150705e-07,4.1388844e-06,0.99898595
pamap2,gnn_flatten_lstm,sequence,3,103,103,104,2428,10415,10415,3,3,4,4,walking,walking,True,9.003751e-06,1.4657747e-05,0.00016020177,0.99898595,1.9989855e-05,9.9144266e-08,0.00019584279,0.00042025358,7.4591175e-05,0.000115088544,1.535515e-07,4.1814146e-06,0.99898595
pamap2,gnn_flatten_lstm,sequence,3,103,103,104,2429,10416,10416,3,3,4,4,walking,walking,True,8.956231e-06,1.4570738e-05,0.00015940977,0.998988,1.998048e-05,9.9095324e-08,0.00019657706,0.00041864233,7.4732736e-05,0.00011472474,1.528422e-07,4.17723e-06,0.998988
pamap2,gnn_flatten_lstm,sequence,3,103,103,104,2430,10417,10417,3,3,4,4,walking,walking,True,8.370772e-06,1.38257965e-05,0.00015374439,0.9990382,1.869701e-05,9.114063e-08,0.0001890093,0.0003951389,7.144462e-05,0.000107492524,1.396624e-07,3.9145116e-06,0.9990382
pamap2,gnn_flatten_lstm,sequence,3,103,103,104,2431,10418,10418,3,3,4,4,walking,walking,True,8.188776e-06,1.3581021e-05,0.00015140738,0.9990577,1.8259007e-05,8.845678e-08,0.00018694853,0.0003850298,7.010396e-05,0.0001047305,1.3524604e-07,3.838346e-06,0.9990577
pamap2,gnn_flatten_lstm,sequence,3,103,103,104,2432,10419,10419,3,3,4,4,walking,walking,True,8.630425e-06,1.412052e-05,0.00015901486,0.99901485,1.9035806e-05,9.317494e-08,0.00018946618,0.00040858827,7.251932e-05,0.0001094178,1.44268e-07,4.0284526e-06,0.99901485
pamap2,gnn_flatten_lstm,sequence,3,103,103,104,2433,10420,10420,3,3,4,4,walking,walking,True,8.634283e-06,1.41315895e-05,0.0001582591,0.99901354,1.9171199e-05,9.3863704e-08,0.0001901926,0.00040901618,7.258356e-05,0.000110279296,1.4513901e-07,4.039789e-06,0.99901354
pamap2,gnn_flatten_lstm,sequence,3,103,103,104,2434,10421,10421,3,3,4,4,walking,walking,True,9.887989e-06,1.5458516e-05,0.00016396833,0.9989698,2.0756032e-05,1.0276147e-07,0.00020892198,0.00041613914,7.585235e-05,0.00011438333,1.5877274e-07,4.623459e-06,0.9989698
pamap2,gnn_flatten_lstm,sequence,3,103,103,104,2435,10422,10422,3,3,4,4,walking,walking,True,1.0655419e-05,1.6094007e-05,0.0001651634,0.9989467,2.193953e-05,1.0740854e-07,0.0002194109,0.00041980983,7.693978e-05,0.00011800431,1.6571173e-07,5.0449557e-06,0.9989467
pamap2,gnn_flatten_lstm,sequence,3,103,103,104,2436,10423,10423,3,3,4,4,walking,walking,True,9.032405e-06,1.41365435e-05,0.00015305897,0.99903417,1.9456258e-05,9.222567e-08,0.000197336,0.0003894296,7.101386e-05,0.00010778918,1.416968e-07,4.297306e-06,0.99903417
pamap2,gnn_flatten_lstm,sequence,3,103,103,104,2437,10424,10424,3,3,4,4,walking,walking,True,9.148287e-06,1.4287384e-05,0.00015897748,0.99900585,1.9776136e-05,9.45061e-08,0.00019479071,0.00040898187,7.3246454e-05,0.00011044894,1.473203e-07,4.3121267e-06,0.99900585
pamap2,gnn_flatten_lstm,sequence,3,103,103,104,2438,10425,10425,3,3,4,4,walking,walking,True,8.713161e-06,1.3909696e-05,0.00015494681,0.9990276,1.9240888e-05,9.221029e-08,0.00019137867,0.0003996516,7.2141534e-05,0.00010800466,1.4266931e-07,4.135794e-06,0.9990276
pamap2,gnn_flatten_lstm,sequence,3,103,103,104,2439,10426,10426,3,3,4,4,walking,walking,True,8.551011e-06,1.3848575e-05,0.00015389141,0.9990355,1.9016585e-05,9.189568e-08,0.00019155383,0.000394503,7.2206945e-05,0.000106535364,1.4146515e-07,4.0674995e-06,0.9990355
pamap2,gnn_flatten_lstm,sequence,3,103,103,104,2440,10427,10427,3,3,4,4,walking,walking,True,9.26452e-06,1.4770968e-05,0.00016575097,0.9989636,2.0400117e-05,1.00459864e-07,0.00019695883,0.0004331167,7.709386e-05,0.000114371716,1.5734143e-07,4.3773425e-06,0.9989636
pamap2,gnn_flatten_lstm,sequence,3,103,103,104,2441,10428,10428,3,3,4,4,walking,walking,True,9.040178e-06,1.4573997e-05,0.00016437251,0.99897325,2.0051844e-05,9.857696e-08,0.00019419286,0.0004310484,7.6021926e-05,0.00011286303,1.5462683e-07,4.301652e-06,0.99897325
pamap2,gnn_flatten_lstm,sequence,3,103,103,104,2442,10429,10429,3,3,4,4,walking,walking,True,8.621282e-06,1.40976135e-05,0.00015801872,0.99901545,1.918133e-05,9.363054e-08,0.00019212482,0.00040716972,7.3678646e-05,0.00010725518,1.4536438e-07,4.1182334e-06,0.99901545
pamap2,gnn_flatten_lstm,sequence,3,103,103,104,2443,10430,10430,3,3,4,4,walking,walking,True,8.648349e-06,1.4325149e-05,0.0001612888,0.99899536,1.9516214e-05,9.6623786e-08,0.0001962017,0.00041680297,7.6507866e-05,0.000106904496,1.5002394e-07,4.2048237e-06,0.99899536
pamap2,gnn_flatten_lstm,sequence,3,103,103,104,2444,10431,10431,3,3,4,4,walking,walking,True,8.532353e-06,1.4063193e-05,0.00015625055,0.9990189,1.9122146e-05,9.3954476e-08,0.00019287063,0.0004048041,7.3401876e-05,0.00010784521,1.450757e-07,4.0572777e-06,0.9990189
pamap2,gnn_flatten_lstm,sequence,3,103,103,104,2445,10432,10432,3,3,4,4,walking,walking,True,8.570931e-06,1.408079e-05,0.00015510252,0.9990268,1.9090083e-05,9.3293956e-08,0.00019220599,0.00039901392,7.1996525e-05,0.000108943364,1.4353031e-07,4.0269333e-06,0.9990268
pamap2,gnn_flatten_lstm,sequence,3,103,103,104,2446,10433,10433,3,3,4,4,walking,walking,True,8.514617e-06,1.3939973e-05,0.00015488842,0.99902654,1.9020023e-05,9.268646e-08,0.00019084117,0.00040098507,7.204246e-05,0.0001089503,1.4261079e-07,3.995915e-06,0.99902654
pamap2,gnn_flatten_lstm,sequence,3,103,103,104,2447,10434,10434,3,3,4,4,walking,walking,True,8.235133e-06,1.3618768e-05,0.00015155751,0.9990532,1.844314e-05,8.953664e-08,0.00018836148,0.0003862686,7.0554226e-05,0.00010577705,1.3682923e-07,3.8655785e-06,0.9990532
pamap2,gnn_flatten_lstm,sequence,3,103,103,104,2448,10435,10435,3,3,4,4,walking,walking,True,8.4148705e-06,1.4323326e-05,0.00015458427,0.99903107,1.8982744e-05,9.686989e-08,0.00020058524,0.00038705432,7.532427e-05,0.00010546538,1.4618034e-07,3.946754e-06,0.99903107
pamap2,gnn_flatten_lstm,sequence,3,103,103,104,2449,10436,10436,3,3,4,4,walking,walking,True,1.0318472e-05,1.601502e-05,0.0001607032,0.99889356,2.2951883e-05,1.1690419e-07,0.00022825594,0.00045211255,8.371896e-05,0.00012738592,1.8124496e-07,4.751816e-06,0.99889356
pamap2,gnn_flatten_lstm,sequence,3,103,103,104,2450,10437,10437,3,3,4,4,walking,walking,True,9.739282e-06,1.5493815e-05,0.00015136629,0.9989761,2.0916083e-05,1.07634634e-07,0.00022874356,0.0003973591,7.912889e-05,0.00011640937,1.6370177e-07,4.414314e-06,0.9989761
pamap2,gnn_flatten_lstm,sequence,3,103,103,104,2451,10438,10438,3,3,4,4,walking,walking,True,9.045289e-06,1.5026743e-05,0.00015089868,0.9990139,1.9714982e-05,1.03553845e-07,0.00022131119,0.00037840172,7.8235564e-05,0.000109089495,1.5492643e-07,4.1508033e-06,0.9990139
pamap2,gnn_flatten_lstm,sequence,3,103,103,104,2452,10439,10439,3,3,4,4,walking,walking,True,8.715296e-06,1.4675209e-05,0.0001554229,0.99902177,1.89832e-05,9.847688e-08,0.00020808355,0.00038465465,7.682063e-05,0.00010662834,1.4835499e-07,4.0151713e-06,0.99902177
pamap2,gnn_flatten_lstm,sequence,3,103,103,104,2453,10440,10440,3,3,4,4,walking,walking,True,8.525658e-06,1.4830278e-05,0.00015990924,0.99901974,1.87436e-05,9.914593e-08,0.00020443965,0.00038716162,7.783059e-05,0.000104652834,1.5001285e-07,3.9322117e-06,0.99901974
pamap2,gnn_flatten_lstm,sequence,3,103,103,104,2454,10441,10441,3,3,4,4,walking,walking,True,8.554875e-06,1.4891822e-05,0.00016451196,0.99900776,1.8786717e-05,9.9494244e-08,0.00020077405,0.00039661262,7.870595e-05,0.000105252715,1.5177731e-07,3.936021e-06,0.99900776
pamap2,gnn_flatten_lstm,sequence,3,103,103,104,2455,10442,10442,3,3,4,4,walking,walking,True,9.0502845e-06,1.5667252e-05,0.00017489766,0.9989518,1.9870762e-05,1.06175364e-07,0.0002027703,0.0004277052,8.173182e-05,0.000111993424,1.644142e-07,4.164995e-06,0.9989518
pamap2,gnn_flatten_lstm,sequence,3,103,103,104,2456,10443,10443,3,3,4,4,walking,walking,True,9.516978e-06,1.6450249e-05,0.00018304287,0.9989029,2.0878959e-05,1.12809715e-07,0.00020654859,0.00045363445,8.470571e-05,0.000117559626,1.7672302e-07,4.377169e-06,0.9989029
pamap2,gnn_flatten_lstm,sequence,3,103,103,104,2457,10444,10444,3,3,4,4,walking,walking,True,8.894641e-06,1.5454349e-05,0.00017160155,0.9989557,1.9774692e-05,1.0415095e-07,0.00020169203,0.00043034507,8.077123e-05,0.000111307614,1.6108739e-07,4.1378753e-06,0.9989557
pamap2,gnn_flatten_lstm,sequence,3,103,103,104,2458,10445,10445,3,3,4,4,walking,walking,True,8.519636e-06,1.4580822e-05,0.00016203694,0.9990056,1.8980902e-05,9.719722e-08,0.00019574973,0.0004068462,7.616119e-05,0.00010739137,1.4872755e-07,3.987205e-06,0.9990056
pamap2,gnn_flatten_lstm,sequence,3,103,103,104,2459,10446,10446,3,3,4,4,walking,walking,True,8.416543e-06,1.43937705e-05,0.00016115027,0.99901533,1.8861181e-05,9.667106e-08,0.0001945748,0.00040098478,7.566334e-05,0.00010639503,1.4731526e-07,3.9643737e-06,0.99901533
pamap2,gnn_flatten_lstm,sequence,3,103,103,104,2460,10447,10447,3,3,4,4,walking,walking,True,8.599564e-06,1.442695e-05,0.00016177299,0.9990023,1.9291036e-05,9.727572e-08,0.00019392441,0.0004111451,7.527019e-05,0.00010903486,1.492165e-07,4.066918e-06,0.9990023
pamap2,gnn_flatten_lstm,sequence,3,103,103,104,2461,10448,10448,3,3,4,4,walking,walking,True,8.663678e-06,1.4423105e-05,0.00015985726,0.9990095,1.9332192e-05,9.691604e-08,0.00019510472,0.00040530457,7.439075e-05,0.00010907549,1.4834609e-07,4.097329e-06,0.9990095
pamap2,gnn_flatten_lstm,sequence,3,103,103,104,2462,10449,10449,3,3,4,4,walking,walking,True,8.4817775e-06,1.4076436e-05,0.00015690204,0.9990275,1.893126e-05,9.3568104e-08,0.00019199452,0.00039820926,7.275825e-05,0.00010685921,1.4324462e-07,4.0223686e-06,0.9990275
pamap2,gnn_flatten_lstm,sequence,3,103,103,104,2463,10450,10450,3,3,4,4,walking,walking,True,8.576462e-06,1.4059179e-05,0.00015879511,0.9990196,1.8969044e-05,9.298897e-08,0.00018974971,0.00040538868,7.242359e-05,0.00010811716,1.4359213e-07,4.037156e-06,0.9990196
pamap2,gnn_flatten_lstm,sequence,3,103,103,104,2464,10451,10451,3,3,4,4,walking,walking,True,8.552644e-06,1.4173975e-05,0.00015996001,0.9990158,1.8949464e-05,9.324935e-08,0.00018883157,0.00040892683,7.233344e-05,0.000108204425,1.4488182e-07,4.021313e-06,0.9990158
pamap2,gnn_flatten_lstm,sequence,3,103,103,104,2465,10452,10452,3,3,4,4,walking,walking,True,9.0306685e-06,1.4673592e-05,0.00016515271,0.9989679,2.0050857e-05,9.872017e-08,0.00019202591,0.00043653307,7.476588e-05,0.000115368544,1.5506119e-07,4.2232186e-06,0.9989679
pamap2,gnn_flatten_lstm,sequence,3,103,103,104,2466,10453,10453,3,3,4,4,walking,walking,True,1.0281876e-05,1.606661e-05,0.00017697232,0.9988606,2.2646083e-05,1.1190424e-07,0.00020046669,0.0004956429,7.987013e-05,0.00013240313,1.7940599e-07,4.7288395e-06,0.9988606
pamap2,gnn_flatten_lstm,sequence,3,103,103,104,2467,10454,10454,3,3,4,4,walking,walking,True,1.10147e-05,1.726811e-05,0.00018861481,0.99879056,2.3950837e-05,1.2119683e-07,0.00020568704,0.00053416524,8.329257e-05,0.00014017263,1.9770968e-07,5.0359e-06,0.99879056
pamap2,gnn_flatten_lstm,sequence,3,103,103,104,2468,10455,10455,3,3,4,4,walking,walking,True,1.0812047e-05,1.694955e-05,0.00018694867,0.9988079,2.342279e-05,1.1814313e-07,0.00020367342,0.0005256881,8.236162e-05,0.00013704668,1.9263183e-07,4.934299e-06,0.9988079
pamap2,gnn_flatten_lstm,sequence,3,103,103,104,2469,10456,10456,3,3,4,4,walking,walking,True,1.0972624e-05,1.7173954e-05,0.0001885964,0.9988084,2.3505418e-05,1.2057161e-07,0.00020685745,0.00051860674,8.358673e-05,0.00013706269,1.9557702e-07,4.97119e-06,0.9988084
pamap2,gnn_flatten_lstm,sequence,3,103,103,104,2470,10457,10457,3,3,4,4,walking,walking,True,1.1193199e-05,1.7597285e-05,0.00019517292,0.998789,2.3808876e-05,1.2409642e-07,0.00020849686,0.0005258712,8.5781016e-05,0.00013773299,2.0222504e-07,5.0516405e-06,0.998789
pamap2,gnn_flatten_lstm,sequence,3,103,103,104,2471,10458,10458,3,3,4,4,walking,walking,True,1.0630879e-05,1.6923253e-05,0.00018977193,0.9988288,2.281218e-05,1.1772495e-07,0.00020327796,0.00050791097,8.266394e-05,0.0001319084,1.9086536e-07,4.8617385e-06,0.9988288
pamap2,gnn_flatten_lstm,sequence,3,103,103,104,2472,10459,10459,3,3,4,4,walking,walking,True,1.063662e-05,1.7168444e-05,0.00019118958,0.9988261,2.2936132e-05,1.2006967e-07,0.00020645866,0.0005058243,8.3775754e-05,0.00013075364,1.9329305e-07,4.9026703e-06,0.9988261
pamap2,gnn_flatten_lstm,sequence,3,103,103,104,2473,10460,10460,3,3,4,4,walking,walking,True,1.1536876e-05,1.8233224e-05,0.00020330344,0.99875116,2.4578881e-05,1.3112236e-07,0.00021462393,0.000542083,8.9297326e-05,0.00013968152,2.132605e-07,5.273597e-06,0.99875116
pamap2,gnn_flatten_lstm,sequence,3,103,103,104,2474,10461,10461,3,3,4,4,walking,walking,True,1.180568e-05,1.8543598e-05,0.0002067807,0.99872166,2.5109568e-05,1.3403996e-07,0.00021604999,0.0005608773,8.98286e-05,0.00014346071,2.19435e-07,5.419218e-06,0.99872166
pamap2,gnn_flatten_lstm,sequence,3,103,103,104,2475,10462,10462,3,3,4,4,walking,walking,True,1.1434478e-05,1.8111765e-05,0.00020078808,0.9987556,2.4524576e-05,1.3054512e-07,0.00021524556,0.0005413229,8.830755e-05,0.00013887468,2.1122138e-07,5.3046156e-06,0.9987556
pamap2,gnn_flatten_lstm,sequence,3,103,103,104,2476,10463,10463,3,3,4,4,walking,walking,True,1.0776038e-05,1.717992e-05,0.00019183279,0.9988135,2.3337034e-05,1.2249141e-07,0.00021052301,0.0005102352,8.578467e-05,0.00013150169,1.9583968e-07,5.0358044e-06,0.9988135
pamap2,gnn_flatten_lstm,sequence,3,103,103,104,2477,10464,10464,3,3,4,4,walking,walking,True,1.1103169e-05,1.7632192e-05,0.00019533509,0.99877745,2.416373e-05,1.2745441e-07,0.00021341334,0.000531151,8.741059e-05,0.00013678109,2.0518678e-07,5.198236e-06,0.99877745
pamap2,gnn_flatten_lstm,sequence,3,103,103,104,2478,10465,10465,3,3,4,4,walking,walking,True,1.10178025e-05,1.7702028e-05,0.0001970262,0.9987727,2.41158e-05,1.2718728e-07,0.00021209389,0.000536344,8.738643e-05,0.0001360035,2.0567853e-07,5.185377e-06,0.9987727
pamap2,gnn_flatten_lstm,sequence,3,103,103,104,2479,10466,10466,3,3,4,4,walking,walking,True,9.948188e-06,1.6051557e-05,0.00017833157,0.99888057,2.1955137e-05,1.11955586e-07,0.00020343257,0.00047938988,8.065347e-05,0.00012469453,1.7696884e-07,4.691274e-06,0.99888057
pamap2,gnn_flatten_lstm,sequence,3,103,103,104,2480,10467,10467,3,3,4,4,walking,walking,True,9.682754e-06,1.5637183e-05,0.0001700361,0.99891806,2.1578735e-05,1.0902716e-07,0.00020457838,0.00045404755,7.884943e-05,0.00012273269,1.6927622e-07,4.568482e-06,0.99891806
pamap2,gnn_flatten_lstm,sequence,3,103,103,104,2481,10468,10468,3,3,4,4,walking,walking,True,9.715249e-06,1.5648016e-05,0.00016932267,0.99891627,2.170617e-05,1.097631e-07,0.00020669756,0.00045355273,7.9272344e-05,0.00012281489,1.7016045e-07,4.600201e-06,0.99891627
pamap2,gnn_flatten_lstm,sequence,3,103,103,104,2482,10469,10469,3,3,4,4,walking,walking,True,9.839192e-06,1.5733933e-05,0.00017125973,0.9989035,2.186629e-05,1.1052851e-07,0.00020651898,0.00046225623,7.97168e-05,0.00012429018,1.7250541e-07,4.6403884e-06,0.9989035
pamap2,gnn_flatten_lstm,sequence,3,103,103,104,2483,10470,10470,3,3,4,4,walking,walking,True,9.556696e-06,1.5410498e-05,0.00016818469,0.99892384,2.13747e-05,1.07310456e-07,0.00020297841,0.0004534152,7.837009e-05,0.0001220671,1.6755895e-07,4.4999197e-06,0.99892384
pamap2,gnn_flatten_lstm,sequence,3,103,103,104,2484,10471,10471,3,3,4,4,walking,walking,True,9.304779e-06,1.5018892e-05,0.00016514852,0.9989434,2.0872714e-05,1.0362397e-07,0.0001995237,0.00044551355,7.7045916e-05,0.00011960826,1.6156478e-07,4.374959e-06,0.9989434
pamap2,gnn_flatten_lstm,sequence,3,103,103,104,2485,10472,10472,3,3,4,4,walking,walking,True,9.919505e-06,1.5711537e-05,0.00016947082,0.99889624,2.2203736e-05,1.109366e-07,0.0002060585,0.0004678322,7.959255e-05,0.00012807256,1.7330821e-07,4.6395494e-06,0.99889624
pamap2,gnn_flatten_lstm,sequence,3,103,103,104,2486,10473,10473,3,3,4,4,walking,walking,True,9.848337e-06,1.5842857e-05,0.00016865847,0.99890554,2.202384e-05,1.1154232e-07,0.00020835642,0.00045905565,7.97064e-05,0.00012596785,1.7434871e-07,4.6103055e-06,0.99890554
pamap2,gnn_flatten_lstm,sequence,3,103,103,104,2487,10474,10474,3,3,4,4,walking,walking,True,9.291709e-06,1.5131925e-05,0.00016266834,0.99895394,2.0854593e-05,1.0469169e-07,0.00020367291,0.00043365333,7.735324e-05,0.00011868494,1.6228923e-07,4.3631135e-06,0.99895394
pamap2,gnn_flatten_lstm,sequence,3,103,103,104,2488,10475,10475,3,3,4,4,walking,walking,True,9.212108e-06,1.4883839e-05,0.00016292268,0.99896085,2.0504685e-05,1.0216039e-07,0.00019983435,0.00043310956,7.6542376e-05,0.00011758719,1.5909916e-07,4.2992533e-06,0.99896085
pamap2,gnn_flatten_lstm,sequence,3,103,103,104,2489,10476,10476,3,3,4,4,walking,walking,True,9.074767e-06,1.487472e-05,0.0001616308,0.9989717,2.026074e-05,1.018873e-07,0.00020015276,0.00042559256,7.655664e-05,0.00011554361,1.5824214e-07,4.2394204e-06,0.9989717
pamap2,gnn_flatten_lstm,sequence,3,103,103,104,2490,10477,10477,3,3,4,4,walking,walking,True,8.936711e-06,1.462495e-05,0.00015987793,0.9989843,1.9955003e-05,9.931861e-08,0.00019746057,0.000421006,7.53686e-05,0.00011409007,1.5391748e-07,4.1849266e-06,0.9989843
pamap2,gnn_flatten_lstm,sequence,3,103,103,104,2491,10478,10478,3,3,4,4,walking,walking,True,9.3351555e-06,1.5066629e-05,0.0001658777,0.9989497,2.0606667e-05,1.0264343e-07,0.00019824885,0.00044105345,7.662887e-05,0.000118916134,1.604835e-07,4.3432588e-06,0.9989497
pamap2,gnn_flatten_lstm,sequence,3,103,103,104,2492,10479,10479,3,3,4,4,walking,walking,True,9.0171825e-06,1.4642489e-05,0.00015939453,0.99899167,1.9930198e-05,9.8016685e-08,0.00019579181,0.00041640052,7.357059e-05,0.000115117524,1.516817e-07,4.2026195e-06,0.99899167
pamap2,gnn_flatten_lstm,sequence,3,103,103,104,2493,10480,10480,3,3,4,4,walking,walking,True,8.864708e-06,1.4337162e-05,0.00015500045,0.99901426,1.964813e-05,9.56304e-08,0.00019573593,0.00040213132,7.216218e-05,0.00011337589,1.4643085e-07,4.13482e-06,0.99901426
pamap2,gnn_flatten_lstm,sequence,3,103,103,104,2494,10481,10481,3,3,4,4,walking,walking,True,8.581501e-06,1.3974734e-05,0.00015361841,0.99902904,1.9099924e-05,9.24815e-08,0.00019176699,0.00039790577,7.1333125e-05,0.00011039065,1.4178015e-07,4.0026603e-06,0.99902904
pamap2,gnn_flatten_lstm,sequence,3,103,103,104,2495,10482,10482,3,3,4,4,walking,walking,True,8.482907e-06,1.3962895e-05,0.00015382221,0.999032,1.8976029e-05,9.238868e-08,0.00019167176,0.00039638515,7.169207e-05,0.00010882161,1.4154158e-07,3.9800093e-06,0.999032
pamap2,gnn_flatten_lstm,sequence,3,103,103,104,2496,10483,10483,3,3,4,4,walking,walking,True,8.351377e-06,1.3759484e-05,0.00015138097,0.9990464,1.8738845e-05,9.086227e-08,0.00019116008,0.00038765298,7.099449e-05,0.0001073461,1.382135e-07,3.9244755e-06,0.9990464
pamap2,gnn_flatten_lstm,sequence,3,103,103,104,2497,10484,10484,3,3,4,4,walking,walking,True,8.19075e-06,1.359268e-05,0.00015064368,0.9990594,1.8337758e-05,8.885617e-08,0.00018872225,0.00038172162,7.013624e-05,0.000105248924,1.3511192e-07,3.8436565e-06,0.9990594
pamap2,gnn_flatten_lstm,sequence,3,103,103,104,2498,10485,10485,3,3,4,4,walking,walking,True,8.496756e-06,1.4110268e-05,0.00015847704,0.9990258,1.877819e-05,9.299735e-08,0.00019076369,0.00039904471,7.2900235e-05,0.00010735463,1.4316366e-07,3.954597e-06,0.9990258
pamap2,gnn_flatten_lstm,sequence,3,103,103,104,2499,10486,10486,3,3,4,4,walking,walking,True,7.999762e-06,1.3526203e-05,0.00014777383,0.999091,1.7697947e-05,8.7256716e-08,0.00019051488,0.00035743281,6.949309e-05,0.00010063998,1.3040254e-07,3.729275e-06,0.999091
pamap2,gnn_flatten_lstm,sequence,3,103,103,104,2500,10487,10487,3,3,4,4,walking,walking,True,7.758846e-06,1.3165845e-05,0.00014121355,0.9991258,1.7102808e-05,8.4653e-08,0.00019342732,0.00033326712,6.839382e-05,9.60781e-05,1.2435343e-07,3.6054294e-06,0.9991258
pamap2,gnn_flatten_lstm,sequence,3,103,103,104,2501,10488,10488,3,3,4,4,walking,walking,True,7.831877e-06,1.341122e-05,0.00014563039,0.99909985,1.7523687e-05,8.824514e-08,0.00019486535,0.00034805373,7.103757e-05,9.793186e-05,1.3084566e-07,3.67002e-06,0.99909985
pamap2,gnn_flatten_lstm,sequence,3,103,103,104,2502,10489,10489,3,3,4,4,walking,walking,True,7.693326e-06,1.3241947e-05,0.000145644,0.9991026,1.731464e-05,8.661288e-08,0.00019133408,0.00035068454,7.05458e-05,9.722377e-05,1.2880136e-07,3.6259692e-06,0.9991026
pamap2,gnn_flatten_lstm,sequence,3,103,103,104,2503,10490,10490,3,3,4,4,walking,walking,True,7.64705e-06,1.32552095e-05,0.00014591601,0.99910504,1.716638e-05,8.623231e-08,0.00019047613,0.00034988316,7.049601e-05,9.621934e-05,1.2843248e-07,3.5973385e-06,0.99910504
pamap2,gnn_flatten_lstm,sequence,3,103,103,104,2504,10491,10491,3,3,4,4,walking,walking,True,7.589957e-06,1.3160914e-05,0.00014602962,0.999106,1.7072518e-05,8.564738e-08,0.000188934,0.0003509604,7.044238e-05,9.596192e-05,1.2779678e-07,3.5710698e-06,0.999106
pamap2,gnn_flatten_lstm,sequence,3,103,103,104,2505,10492,10492,3,3,4,4,walking,walking,True,7.86434e-06,1.3441803e-05,0.00015006839,0.9990773,1.7685945e-05,8.8499526e-08,0.0001896429,0.0003683328,7.156744e-05,0.000100104095,1.3332314e-07,3.702688e-06,0.9990773
pamap2,gnn_flatten_lstm,sequence,3,103,103,104,2506,10493,10493,3,3,4,4,walking,walking,True,7.9721e-06,1.3574392e-05,0.0001498575,0.9990701,1.7967719e-05,8.965214e-08,0.00019128207,0.000371949,7.182394e-05,0.00010151379,1.352241e-07,3.7548232e-06,0.9990701
pamap2,gnn_flatten_lstm,sequence,3,103,103,104,2507,10494,10494,3,3,4,4,walking,walking,True,7.882287e-06,1.3417752e-05,0.00014868035,0.9990765,1.7789387e-05,8.813896e-08,0.00018939169,0.00037062445,7.1124705e-05,0.0001007478,1.330205e-07,3.7148413e-06,0.9990765
pamap2,gnn_flatten_lstm,sequence,3,103,103,104,2508,10495,10495,3,3,4,4,walking,walking,True,7.928463e-06,1.3381687e-05,0.00014822118,0.9990734,1.7934415e-05,8.853024e-08,0.00018983016,0.00037228878,7.111886e-05,0.000101993704,1.3361462e-07,3.729213e-06,0.9990734
pamap2,gnn_flatten_lstm,sequence,3,103,103,104,2509,10496,10496,3,3,4,4,walking,walking,True,7.963587e-06,1.3429387e-05,0.00014928631,0.9990688,1.7993589e-05,8.8655554e-08,0.00018897651,0.00037615132,7.115401e-05,0.00010236352,1.3449804e-07,3.7428629e-06,0.9990688
pamap2,gnn_flatten_lstm,sequence,3,103,103,104,2510,10497,10497,3,3,4,4,walking,walking,True,8.194478e-06,1.3656923e-05,0.00015148016,0.999052,1.8476581e-05,9.081947e-08,0.00019043496,0.0003846723,7.176807e-05,0.00010524664,1.3810292e-07,3.8574203e-06,0.999052
pamap2,gnn_flatten_lstm,sequence,3,103,103,104,2511,10498,10498,3,3,4,4,walking,walking,True,8.234237e-06,1.3685467e-05,0.000151162,0.9990513,1.8563378e-05,9.091767e-08,0.00019087519,0.00038465078,7.1463e-05,0.000105892206,1.3815907e-07,3.8780145e-06,0.9990513
pamap2,gnn_flatten_lstm,sequence,3,103,103,104,2512,10499,10499,3,3,4,4,walking,walking,True,8.147989e-06,1.351289e-05,0.00015023418,0.99905616,1.8414808e-05,8.942853e-08,0.00018897108,0.00038428162,7.090215e-05,0.00010521085,1.360227e-07,3.8379085e-06,0.99905616
pamap2,gnn_flatten_lstm,sequence,3,103,103,104,2513,10500,10500,3,3,4,4,walking,walking,True,8.249992e-06,1.3615485e-05,0.0001514424,0.9990477,1.860892e-05,9.020999e-08,0.00018913895,0.00038935893,7.1004535e-05,0.000106693755,1.375924e-07,3.883952e-06,0.9990477
pamap2,gnn_flatten_lstm,sequence,3,103,103,104,2514,10501,10501,3,3,4,4,walking,walking,True,8.431326e-06,1.3963528e-05,0.00015367845,0.9990326,1.8944469e-05,9.313679e-08,0.00019242609,0.00039507338,7.22939e-05,0.000108485954,1.4238118e-07,3.952015e-06,0.9990326
pamap2,gnn_flatten_lstm,sequence,3,103,103,104,2515,10502,10502,3,3,4,4,walking,walking,True,8.3123405e-06,1.3785084e-05,0.00015238783,0.99904174,1.871265e-05,9.1637745e-08,0.00019118309,0.0003907961,7.1905175e-05,0.000107045766,1.3978324e-07,3.898848e-06,0.99904174
pamap2,gnn_flatten_lstm,sequence,3,103,103,104,2516,10503,10503,3,3,4,4,walking,walking,True,8.4521225e-06,1.39273025e-05,0.00015472331,0.99902797,1.8982993e-05,9.292893e-08,0.0001912543,0.0003990804,7.236254e-05,0.00010909019,1.4228115e-07,3.9626466e-06,0.99902797
pamap2,gnn_flatten_lstm,sequence,3,103,103,104,2517,10504,10504,3,3,4,4,walking,walking,True,8.709274e-06,1.4331763e-05,0.00015815394,0.99900585,1.9460122e-05,9.646091e-08,0.00019403944,0.0004096843,7.396793e-05,0.000111597736,1.4872775e-07,4.0637806e-06,0.99900585
pamap2,gnn_flatten_lstm,sequence,3,103,103,104,2518,10505,10505,3,3,4,4,walking,walking,True,8.926913e-06,1.4527002e-05,0.0001614561,0.99898595,1.981297e-05,9.843842e-08,0.00019464776,0.00042121613,7.528518e-05,0.00011371876,1.528919e-07,4.1447697e-06,0.99898595
pamap2,gnn_flatten_lstm,sequence,3,103,103,104,2519,10506,10506,3,3,4,4,walking,walking,True,8.919865e-06,1.4503094e-05,0.0001603887,0.9989849,1.9933655e-05,9.8544454e-08,0.00019474745,0.0004224507,7.4914824e-05,0.000114849834,1.5269794e-07,4.1585645e-06,0.9989849
pamap2,gnn_flatten_lstm,sequence,3,103,103,104,2520,10507,10507,3,3,4,4,walking,walking,True,8.639402e-06,1.4234757e-05,0.00015785039,0.99900913,1.9324461e-05,9.5343964e-08,0.00019225998,0.00040972163,7.353442e-05,0.00011106788,1.4708202e-07,4.033681e-06,0.99900913
pamap2,gnn_flatten_lstm,sequence,3,103,103,104,2521,10508,10508,3,3,4,4,walking,walking,True,8.768091e-06,1.44123505e-05,0.0001600502,0.998995,1.9616224e-05,9.748229e-08,0.00019384333,0.00041690297,7.460707e-05,0.00011246053,1.5074887e-07,4.0997706e-06,0.998995
pamap2,gnn_flatten_lstm,sequence,3,103,103,104,2522,10509,10509,3,3,4,4,walking,walking,True,8.669781e-06,1.4290563e-05,0.00015824828,0.9990061,1.942549e-05,9.604309e-08,0.0001928858,0.0004108958,7.370389e-05,0.00011152021,1.4813212e-07,4.060454e-06,0.9990061
pamap2,gnn_flatten_lstm,sequence,3,103,103,104,2523,10510,10510,3,3,4,4,walking,walking,True,8.605165e-06,1.41760775e-05,0.00015705478,0.9990134,1.9265146e-05,9.482568e-08,0.00019201801,0.00040770022,7.314349e-05,0.0001103524,1.4641091e-07,4.032883e-06,0.9990134
pamap2,gnn_flatten_lstm,sequence,3,103,103,104,2524,10511,10511,3,3,4,4,walking,walking,True,9.302304e-06,1.4961708e-05,0.00016607514,0.99895287,2.0527765e-05,1.02026966e-07,0.00019682209,0.0004402667,7.644291e-05,0.00011816304,1.5992636e-07,4.325564e-06,0.99895287
pamap2,gnn_flatten_lstm,sequence,3,103,103,104,2525,10512,10512,3,3,4,4,walking,walking,True,9.109561e-06,1.478254e-05,0.00016287791,0.9989685,2.0251964e-05,1.00393116e-07,0.00019606193,0.00043165145,7.538595e-05,0.00011680349,1.5648622e-07,4.2506404e-06,0.9989685
pamap2,gnn_flatten_lstm,sequence,3,103,103,104,2526,10513,10513,3,3,4,4,walking,walking,True,8.869463e-06,1.4424734e-05,0.0001600053,0.998987,1.9795198e-05,9.695712e-08,0.00019286889,0.00042444372,7.402504e-05,0.00011405612,1.5086057e-07,4.1456046e-06,0.998987
pamap2,gnn_flatten_lstm,sequence,3,103,103,104,2527,10514,10514,3,3,4,4,walking,walking,True,8.8664065e-06,1.4361902e-05,0.00016012596,0.99899036,1.9699257e-05,9.616806e-08,0.0001917786,0.0004228912,7.3537034e-05,0.00011389498,1.4966108e-07,4.1352964e-06,0.99899036
pamap2,gnn_flatten_lstm,sequence,3,103,103,104,2528,10515,10515,3,3,4,4,walking,walking,True,8.804911e-06,1.4353999e-05,0.00015804397,0.9990017,1.959799e-05,9.637426e-08,0.00019361258,0.00041318254,7.3495874e-05,0.00011294366,1.4900681e-07,4.1003336e-06,0.9990017
pamap2,gnn_flatten_lstm,sequence,3,103,103,104,2529,10516,10516,3,3,4,4,walking,walking,True,8.6700775e-06,1.4157583e-05,0.00015620695,0.99901354,1.9373556e-05,9.4909836e-08,0.0001926492,0.00040675365,7.3037336e-05,0.000111437796,1.4599067e-07,4.0480304e-06,0.99901354
pamap2,gnn_flatten_lstm,sequence,3,103,103,104,2530,10517,10517,3,3,4,4,walking,walking,True,8.457958e-06,1.3859169e-05,0.00015341735,0.9990344,1.891156e-05,9.1840036e-08,0.00019010916,0.00039627933,7.1543895e-05,0.00010895978,1.4068158e-07,3.953017e-06,0.9990344
pamap2,gnn_flatten_lstm,sequence,3,103,103,104,2531,10518,10518,3,3,4,4,walking,walking,True,8.665765e-06,1.4203607e-05,0.00015477896,0.9990214,1.9355168e-05,9.5286595e-08,0.00019513737,0.0003984564,7.27651e-05,0.00011087905,1.4559431e-07,4.0542245e-06,0.9990214
pamap2,gnn_flatten_lstm,sequence,3,103,103,104,2532,10519,10519,3,3,4,4,walking,walking,True,9.071281e-06,1.4727555e-05,0.00016025039,0.9989794,2.0290696e-05,1.01076694e-07,0.00019978662,0.0004202985,7.551868e-05,0.00011620002,1.5547937e-07,4.2502897e-06,0.9989794
pamap2,gnn_flatten_lstm,sequence,3,103,103,104,2533,10520,10520,3,3,4,4,walking,walking,True,8.92392e-06,1.4505731e-05,0.00015878046,0.99899024,1.9948768e-05,9.829062e-08,0.00019653235,0.00041741141,7.426095e-05,0.00011497856,1.5133989e-07,4.174086e-06,0.99899024
pamap2,gnn_flatten_lstm,sequence,3,103,103,104,2534,10521,10521,3,3,4,4,walking,walking,True,8.4969415e-06,1.4020623e-05,0.00015517691,0.9990257,1.9022891e-05,9.2870955e-08,0.00019117545,0.00040056545,7.207133e-05,0.00010960153,1.4248873e-07,3.9753404e-06,0.9990257
pamap2,gnn_flatten_lstm,sequence,3,103,103,104,2535,10522,10522,3,3,4,4,walking,walking,True,8.317492e-06,1.3740283e-05,0.00015115373,0.99904996,1.8654273e-05,9.032693e-08,0.00019013224,0.00038608376,7.054222e-05,0.000107162574,1.3744739e-07,3.903229e-06,0.99904996
pamap2,gnn_flatten_lstm,sequence,3,103,103,104,2536,10523,10523,3,3,4,4,walking,walking,True,8.39797e-06,1.3825777e-05,0.00014950006,0.99905294,1.88213e-05,9.167985e-08,0.00019451143,0.00037935268,7.083372e-05,0.00010764974,1.3816181e-07,3.9405486e-06,0.99905294
pamap2,gnn_flatten_lstm,sequence,3,103,103,104,2537,10524,10524,3,3,4,4,walking,walking,True,8.481792e-06,1.38685e-05,0.00015100595,0.999038,1.9081468e-05,9.2841105e-08,0.00019468593,0.00038981065,7.180067e-05,0.00010914487,1.4086118e-07,3.980549e-06,0.999038
pamap2,gnn_flatten_lstm,sequence,3,103,103,104,2538,10525,10525,3,3,4,4,walking,walking,True,8.739446e-06,1.4145937e-05,0.00015443967,0.9990165,1.9536592e-05,9.516662e-08,0.00019551996,0.0004018152,7.263848e-05,0.00011234729,1.4531935e-07,4.0963964e-06,0.9990165
pamap2,gnn_flatten_lstm,sequence,3,103,103,104,2539,10526,10526,3,3,4,4,walking,walking,True,8.9815985e-06,1.4515866e-05,0.00015592965,0.9989973,2.0104277e-05,9.8341204e-08,0.00019936688,0.00041021817,7.362063e-05,0.00011555539,1.5057205e-07,4.21004e-06,0.9989973
pamap2,gnn_flatten_lstm,sequence,3,103,103,104,2540,10527,10527,3,3,4,4,walking,walking,True,8.566492e-06,1.3977394e-05,0.00015244496,0.9990238,1.9314703e-05,9.327766e-08,0.00019361224,0.00040087214,7.190786e-05,0.00011116985,1.4275574e-07,4.0214145e-06,0.9990238
pamap2,gnn_flatten_lstm,sequence,3,103,103,104,2541,10528,10528,3,3,4,4,walking,walking,True,8.436272e-06,1.3822329e-05,0.00015300064,0.99903154,1.89479e-05,9.15264e-08,0.00019037587,0.0003990752,7.1332965e-05,0.000109353176,1.4055057e-07,3.9522934e-06,0.99903154
pamap2,gnn_flatten_lstm,sequence,3,103,103,104,2542,10529,10529,3,3,4,4,walking,walking,True,8.389154e-06,1.3865621e-05,0.00015309581,0.99903643,1.8815837e-05,9.1518125e-08,0.00019054516,0.00039513613,7.136469e-05,0.000108205415,1.4046441e-07,3.926237e-06,0.99903643
pamap2,gnn_flatten_lstm,sequence,3,103,103,104,2543,10530,10530,3,3,4,4,walking,walking,True,8.886657e-06,1.4406088e-05,0.00015901357,0.9989905,1.9843237e-05,9.722968e-08,0.0001944223,0.0004196491,7.436656e-05,0.00011450249,1.5046508e-07,4.12837e-06,0.9989905
pamap2,gnn_flatten_lstm,sequence,3,103,103,104,2544,10531,10531,3,3,4,4,walking,walking,True,9.037195e-06,1.4626014e-05,0.00016058977,0.99897313,2.026678e-05,9.961194e-08,0.00019578163,0.00042959373,7.505545e-05,0.000117542215,1.5449857e-07,4.204975e-06,0.99897313
pamap2,gnn_flatten_lstm,sequence,3,103,103,104,2545,10532,10532,3,3,4,4,walking,walking,True,9.086893e-06,1.4721407e-05,0.00016119858,0.9989691,2.0378682e-05,1.0045563e-07,0.00019688385,0.00043085427,7.547017e-05,0.00011793383,1.5568475e-07,4.2273014e-06,0.9989691
pamap2,gnn_flatten_lstm,sequence,3,103,103,104,2546,10533,10533,3,3,4,4,walking,walking,True,9.106963e-06,1.4718422e-05,0.00016179345,0.99896944,2.0315509e-05,1.0014002e-07,0.00019611056,0.0004310572,7.533184e-05,0.000117642485,1.5544846e-07,4.2324905e-06,0.99896944
pamap2,gnn_flatten_lstm,sequence,3,103,103,104,2547,10534,10534,3,3,4,4,walking,walking,True,9.135694e-06,1.4815846e-05,0.00016303534,0.9989655,2.035144e-05,1.0064801e-07,0.00019613428,0.0004333417,7.529341e-05,0.00011786032,1.5676568e-07,4.2529964e-06,0.9989655
pamap2,gnn_flatten_lstm,sequence,3,103,103,104,2548,10535,10535,3,3,4,4,walking,walking,True,9.183253e-06,1.4789793e-05,0.0001631849,0.99896216,2.0417487e-05,1.002312e-07,0.00019550447,0.00043706252,7.5065014e-05,0.0001181042,1.5672033e-07,4.2793135e-06,0.99896216
pamap2,gnn_flatten_lstm,sequence,3,103,103,104,2549,10536,10536,3,3,4,4,walking,walking,True,8.672898e-06,1.4143007e-05,0.00015575843,0.99901927,1.929729e-05,9.3446594e-08,0.00019091241,0.00040489208,7.15839e-05,0.00011119236,1.4409595e-07,4.061236e-06,0.99901927
pamap2,gnn_flatten_lstm,sequence,3,103,103,104,2550,10537,10537,3,3,4,4,walking,walking,True,8.443652e-06,1.3794583e-05,0.00014999868,0.9990544,1.8711175e-05,9.036369e-08,0.00019156659,0.00038166714,6.994366e-05,0.000107346445,1.3728044e-07,3.939555e-06,0.9990544
pamap2,gnn_flatten_lstm,sequence,3,103,103,104,2551,10538,10538,3,3,4,4,walking,walking,True,8.4102e-06,1.380438e-05,0.00015089767,0.9990472,1.8805584e-05,9.153518e-08,0.0001927928,0.00038540785,7.1143586e-05,0.00010735141,1.3892563e-07,3.941379e-06,0.9990472
pamap2,gnn_flatten_lstm,sequence,3,103,103,104,2552,10539,10539,3,3,4,4,walking,walking,True,8.367793e-06,1.3756351e-05,0.0001504976,0.99905044,1.8729022e-05,9.10639e-08,0.00019227708,0.00038370592,7.081706e-05,0.00010722867,1.3799199e-07,3.9305746e-06,0.99905044
pamap2,gnn_flatten_lstm,sequence,3,103,103,104,2553,10540,10540,3,3,4,4,walking,walking,True,8.302424e-06,1.3700581e-05,0.0001490122,0.9990602,1.8580868e-05,9.0530875e-08,0.00019303907,0.0003764973,7.049264e-05,0.00010596136,1.3663015e-07,3.900147e-06,0.9990602
pamap2,gnn_flatten_lstm,sequence,3,103,103,104,2554,10541,10541,3,3,4,4,walking,walking,True,8.342911e-06,1.3675205e-05,0.00015045863,0.99904794,1.8756593e-05,9.0834e-08,0.00019147001,0.00038656231,7.099527e-05,0.000107538384,1.379348e-07,3.9193164e-06,0.99904794
pamap2,gnn_flatten_lstm,sequence,3,103,103,104,2555,10542,10542,3,3,4,4,walking,walking,True,9.815729e-06,1.5411382e-05,0.0001663187,0.9989116,2.2010787e-05,1.0798176e-07,0.00020303788,0.00046110505,7.820965e-05,0.00012774518,1.6864108e-07,4.566488e-06,0.9989116
pamap2,gnn_flatten_lstm,sequence,3,103,103,104,2556,10543,10543,3,3,4,4,walking,walking,True,1.1024809e-05,1.6830285e-05,0.00017743609,0.99879515,2.476219e-05,1.2202793e-07,0.00021171126,0.0005284921,8.350388e-05,0.00014551396,1.9537794e-07,5.08937e-06,0.99879515
pamap2,gnn_flatten_lstm,sequence,3,103,103,104,2557,10544,10544,3,3,4,4,walking,walking,True,1.0724155e-05,1.6474289e-05,0.00017279574,0.9988232,2.4177885e-05,1.1831e-07,0.00020986736,0.00051317574,8.1523816e-05,0.00014268074,1.8822338e-07,4.9550335e-06,0.9988232
pamap2,gnn_flatten_lstm,sequence,3,103,103,104,2558,10545,10545,3,3,4,4,walking,walking,True,1.0690329e-05,1.6497215e-05,0.00017171964,0.9988312,2.4089974e-05,1.1842067e-07,0.00021157236,0.0005058174,8.1335296e-05,0.00014185182,1.8763882e-07,4.9343666e-06,0.9988312
pamap2,gnn_flatten_lstm,sequence,3,103,103,104,2559,10546,10546,3,3,4,4,walking,walking,True,1.0479492e-05,1.6233804e-05,0.00017111088,0.9988475,2.3441373e-05,1.1499562e-07,0.00020862583,0.0004991025,8.0338374e-05,0.00013796863,1.8260076e-07,4.8224765e-06,0.9988475
pamap2,gnn_flatten_lstm,sequence,3,103,103,104,2560,10547,10547,3,3,4,4,walking,walking,True,1.0654809e-05,1.6445616e-05,0.00017215745,0.99883515,2.3887145e-05,1.1751997e-07,0.00021112412,0.000503711,8.087293e-05,0.00014086893,1.8587117e-07,4.919031e-06,0.99883515
pamap2,gnn_flatten_lstm,sequence,3,103,103,104,2561,10548,10548,3,3,4,4,walking,walking,True,1.0170109e-05,1.593476e-05,0.00016679121,0.9988876,2.2710541e-05,1.11960645e-07,0.0002089534,0.0004711697,7.856158e-05,0.00013311586,1.7516723e-07,4.6911996e-06,0.9988876
pamap2,gnn_flatten_lstm,sequence,3,103,103,104,2562,10549,10549,3,3,4,4,walking,walking,True,9.828305e-06,1.543774e-05,0.00016360744,0.9989219,2.1830643e-05,1.0683623e-07,0.00020499378,0.0004532046,7.669216e-05,0.00012771493,1.6631697e-07,4.532951e-06,0.9989219
pamap2,gnn_flatten_lstm,sequence,3,103,103,104,2563,10550,10550,3,3,4,4,walking,walking,True,1.0714362e-05,1.6415242e-05,0.0001733315,0.99885476,2.3333501e-05,1.1552054e-07,0.00021051244,0.00048799955,7.985748e-05,0.00013788941,1.8235376e-07,4.881015e-06,0.99885476
pamap2,gnn_flatten_lstm,sequence,3,103,103,104,2564,10551,10551,3,3,4,4,walking,walking,True,1.0647037e-05,1.6441554e-05,0.00017579956,0.9988532,2.3043749e-05,1.1437243e-07,0.00020694012,0.0004931084,7.9093734e-05,0.00013658733,1.82745e-07,4.8343986e-06,0.9988532
pamap2,gnn_flatten_lstm,sequence,3,103,103,104,2565,10552,10552,3,3,4,4,walking,walking,True,9.512191e-06,1.5028406e-05,0.00016312502,0.99894816,2.0894404e-05,1.01519454e-07,0.00019711023,0.00044391106,7.440391e-05,0.00012310929,1.5927232e-07,4.352549e-06,0.99894816
pamap2,gnn_flatten_lstm,sequence,3,103,103,104,2566,10553,10553,3,3,4,4,walking,walking,True,9.023479e-06,1.450553e-05,0.00015748512,0.9989926,2.0001125e-05,9.734345e-08,0.00019540232,0.00041687198,7.3022995e-05,0.00011664089,1.503779e-07,4.1620083e-06,0.9989926
pamap2,gnn_flatten_lstm,sequence,3,103,103,104,2567,10554,10554,3,3,4,4,walking,walking,True,8.882266e-06,1.436149e-05,0.00015675875,0.9989998,1.980185e-05,9.665038e-08,0.00019514673,0.00041305114,7.330513e-05,0.00011454155,1.488111e-07,4.122263e-06,0.9989998
pamap2,gnn_flatten_lstm,sequence,3,103,103,104,2568,10555,10555,3,3,4,4,walking,walking,True,8.520425e-06,1.390654e-05,0.00015194001,0.99903715,1.9021803e-05,9.1759745e-08,0.00019142283,0.00039335332,7.0835784e-05,0.00010976461,1.4007846e-07,3.978568e-06,0.99903715
pamap2,gnn_flatten_lstm,sequence,3,103,103,104,2569,10556,10556,3,3,4,4,walking,walking,True,8.434816e-06,1.37972675e-05,0.00015008457,0.99905163,1.8770546e-05,9.067404e-08,0.00019183352,0.00038322073,7.012038e-05,0.000107908316,1.3779017e-07,3.939702e-06,0.99905163
pamap2,gnn_flatten_lstm,sequence,3,103,103,104,2570,10557,10557,3,3,4,4,walking,walking,True,8.787809e-06,1.4291592e-05,0.00015912535,0.9990067,1.941515e-05,9.517004e-08,0.00019230791,0.00041064454,7.302437e-05,0.00011144054,1.473931e-07,4.095528e-06,0.9990067
pamap2,gnn_flatten_lstm,sequence,3,103,103,104,2571,10558,10558,3,3,4,4,walking,walking,True,8.6672535e-06,1.4208231e-05,0.00015948857,0.99900925,1.9226522e-05,9.4322196e-08,0.00019001322,0.00041154225,7.2608455e-05,0.000110627174,1.466919e-07,4.0508908e-06,0.99900925
pamap2,gnn_flatten_lstm,sequence,3,103,103,104,2572,10559,10559,3,3,4,4,walking,walking,True,9.442458e-06,1.6490869e-05,0.00017115742,0.998923,2.1567426e-05,1.1798514e-07,0.00021950173,0.00043276098,8.524512e-05,0.0001160961,1.7990962e-07,4.4688886e-06,0.998923
pamap2,gnn_flatten_lstm,sequence,3,103,103,104,2573,10560,10560,3,3,4,4,walking,walking,True,9.806207e-06,1.7940205e-05,0.00017539778,0.9988815,2.2693126e-05,1.3240708e-07,0.00024184403,0.0004348931,9.409844e-05,0.00011688859,1.9854907e-07,4.68434e-06,0.9988815
pamap2,gnn_flatten_lstm,sequence,3,103,103,104,2574,10561,10561,3,3,4,4,walking,walking,True,8.767491e-06,1.6123468e-05,0.00016192973,0.99898356,1.9988189e-05,1.1290224e-07,0.00022720142,0.0003868134,8.568194e-05,0.00010544779,1.676305e-07,4.152919e-06,0.99898356
pamap2,gnn_flatten_lstm,sequence,3,103,103,104,2575,10562,10562,3,3,4,4,walking,walking,True,8.377314e-06,1.5514193e-05,0.00015816104,0.9990202,1.8984003e-05,1.06854905e-07,0.00022211205,0.0003687695,8.315852e-05,0.0001005586,1.5738532e-07,3.965194e-06,0.9990202
pamap2,gnn_flatten_lstm,sequence,3,103,103,104,2576,10563,10563,3,3,4,4,walking,walking,True,7.942059e-06,1.4747348e-05,0.00015757367,0.9990464,1.7997252e-05,9.865227e-08,0.00020784276,0.0003664129,7.967318e-05,9.7340024e-05,1.4592311e-07,3.767518e-06,0.9990464
pamap2,gnn_flatten_lstm,sequence,3,103,103,104,2577,10564,10564,3,3,4,4,walking,walking,True,7.974077e-06,1.4492105e-05,0.00015857701,0.99903935,1.8065462e-05,9.727599e-08,0.00020272138,0.00037644623,7.864113e-05,9.966915e-05,1.4461524e-07,3.7733669e-06,0.99903935
pamap2,gnn_flatten_lstm,sequence,3,103,103,104,2578,10565,10565,3,3,4,4,walking,walking,True,8.099375e-06,1.4569633e-05,0.00016069702,0.9990246,1.8331912e-05,9.777531e-08,0.0002005784,0.0003886334,7.847726e-05,0.00010196587,1.4678511e-07,3.8315043e-06,0.9990246
pamap2,gnn_flatten_lstm,sequence,3,103,103,104,2579,10566,10566,3,3,4,4,walking,walking,True,8.131811e-06,1.44512605e-05,0.00015919197,0.99902177,1.8424153e-05,9.7457765e-08,0.0002004673,0.00039235517,7.811749e-05,0.000103031925,1.4638837e-07,3.8476705e-06,0.99902177
pamap2,gnn_flatten_lstm,sequence,3,103,103,104,2580,10567,10567,3,3,4,4,walking,walking,True,8.09212e-06,1.4359658e-05,0.00015690463,0.99902964,1.8304994e-05,9.67824e-08,0.00020135581,0.0003867877,7.764676e-05,0.000102840226,1.4464707e-07,3.8121987e-06,0.99902964
pamap2,gnn_flatten_lstm,sequence,3,103,103,104,2581,10568,10568,3,3,4,4,walking,walking,True,8.685814e-06,1.5511094e-05,0.00017183706,0.99895775,1.944318e-05,1.0555286e-07,0.0002076601,0.00042265104,8.3819e-05,0.00010832699,1.6129032e-07,4.0672608e-06,0.99895775
pamap2,gnn_flatten_lstm,sequence,3,103,103,104,2582,10569,10569,3,3,4,4,walking,walking,True,8.056454e-06,1.40876045e-05,0.00015741232,0.9990433,1.7959203e-05,9.247736e-08,0.0001923577,0.00038604438,7.4700176e-05,0.0001020711,1.4066043e-07,3.7551952e-06,0.9990433
pamap2,gnn_flatten_lstm,sequence,3,103,103,104,2583,10570,10570,3,3,4,4,walking,walking,True,7.986839e-06,1.3736612e-05,0.00015436148,0.99906415,1.7741104e-05,8.951969e-08,0.00018803508,0.00037691894,7.2110604e-05,0.00010097115,1.361689e-07,3.7204893e-06,0.99906415
pamap2,gnn_flatten_lstm,sequence,3,103,103,104,2584,10571,10571,3,3,4,4,walking,walking,True,8.863937e-06,1.4624731e-05,0.00016662774,0.99899024,1.9310151e-05,9.7340255e-08,0.00019145038,0.00041866343,7.5666925e-05,0.00011014944,1.5221691e-07,4.0922123e-06,0.99899024
pamap2,gnn_flatten_lstm,sequence,3,103,103,104,2585,10572,10572,3,3,4,4,walking,walking,True,9.928691e-06,1.5974012e-05,0.00018179043,0.9988978,2.1319584e-05,1.093415e-07,0.00019841728,0.00046717245,8.049603e-05,0.00012233033,1.7499804e-07,4.5443385e-06,0.9988978
pamap2,gnn_flatten_lstm,sequence,3,103,103,104,2586,10573,10573,3,3,4,4,walking,walking,True,9.409288e-06,1.5369964e-05,0.00017207874,0.998946,2.047126e-05,1.0446188e-07,0.00019630558,0.00044125144,7.7821365e-05,0.00011684487,1.6477601e-07,4.3362816e-06,0.998946
pamap2,gnn_flatten_lstm,sequence,3,103,103,104,2587,10574,10574,3,3,4,4,walking,walking,True,8.990085e-06,1.4735648e-05,0.00016486004,0.99898416,1.973919e-05,9.908851e-08,0.00019354347,0.00042161948,7.555311e-05,0.00011234343,1.5431563e-07,4.173177e-06,0.99898416
pamap2,gnn_flatten_lstm,sequence,3,103,103,104,2588,10575,10575,3,3,4,4,walking,walking,True,9.625921e-06,1.5518499e-05,0.00017348492,0.99892586,2.098202e-05,1.0604914e-07,0.00019818892,0.00045307894,7.8383855e-05,0.000120030214,1.6697115e-07,4.466588e-06,0.99892586
pamap2,gnn_flatten_lstm,sequence,3,103,103,104,2589,10576,10576,3,3,4,4,walking,walking,True,1.0055677e-05,1.6340431e-05,0.00018241616,0.99887973,2.1886612e-05,1.1247967e-07,0.00020187911,0.0004771054,8.094421e-05,0.00012460313,1.791017e-07,4.6829473e-06,0.99887973
pamap2,gnn_flatten_lstm,sequence,3,103,103,104,2590,10577,10577,3,3,4,4,walking,walking,True,1.0382822e-05,1.6632832e-05,0.00018757388,0.99885166,2.2412509e-05,1.1571403e-07,0.0002038341,0.00049217907,8.29946e-05,0.00012737696,1.861185e-07,4.8068896e-06,0.99885166
pamap2,gnn_flatten_lstm,sequence,3,103,103,104,2591,10578,10578,3,3,4,4,walking,walking,True,1.0108765e-05,1.6285347e-05,0.00018326382,0.9988733,2.1962138e-05,1.13254146e-07,0.00020208259,0.00048105646,8.179316e-05,0.00012513046,1.8123801e-07,4.690095e-06,0.9988733
pamap2,gnn_flatten_lstm,sequence,3,103,103,104,2592,10579,10579,3,3,4,4,walking,walking,True,9.971636e-06,1.632594e-05,0.00018322437,0.9988765,2.1897918e-05,1.136581e-07,0.00020296531,0.00047842614,8.229802e-05,0.00012330161,1.805964e-07,4.6726404e-06,0.9988765
pamap2,gnn_flatten_lstm,sequence,3,103,103,104,2593,10580,10580,3,3,4,4,walking,walking,True,1.0587283e-05,1.69436e-05,0.00018731612,0.9988193,2.3342624e-05,1.2155814e-07,0.00021006056,0.00051007466,8.5158994e-05,0.00013192526,1.9367592e-07,4.979092e-06,0.9988193
pamap2,gnn_flatten_lstm,sequence,3,103,103,104,2594,10581,10581,3,3,4,4,walking,walking,True,9.692131e-06,1.5762713e-05,0.00017236477,0.9989104,2.1515218e-05,1.09657826e-07,0.00020365801,0.00045971398,7.97607e-05,0.00012220454,1.7170156e-07,4.545033e-06,0.9989104
pamap2,gnn_flatten_lstm,sequence,3,103,103,104,2595,10582,10582,3,3,4,4,walking,walking,True,8.971024e-06,1.4847276e-05,0.00016303256,0.9989723,2.0141291e-05,1.0160733e-07,0.00019864338,0.00042665045,7.690485e-05,0.000113997026,1.5690375e-07,4.215423e-06,0.9989723
pamap2,gnn_flatten_lstm,sequence,3,103,103,104,2596,10583,10583,3,3,4,4,walking,walking,True,8.821806e-06,1.46456105e-05,0.00015949026,0.9989969,1.9742323e-05,9.959417e-08,0.00019919936,0.00040942637,7.571479e-05,0.000111630805,1.5196179e-07,4.1520434e-06,0.9989969
pamap2,gnn_flatten_lstm,sequence,3,103,103,104,2597,10584,10584,3,3,4,4,walking,walking,True,8.843354e-06,1.4784106e-05,0.0001595586,0.9990038,1.9603547e-05,1.0057876e-07,0.00020200263,0.00040074962,7.62271e-05,0.00011002348,1.5269005e-07,4.142323e-06,0.9990038
pamap2,gnn_flatten_lstm,sequence,3,103,103,104,2598,10585,10585,3,3,4,4,walking,walking,True,9.600391e-06,1.5792408e-05,0.00017384504,0.9989243,2.0985988e-05,1.1043682e-07,0.00020678915,0.00044412026,8.199573e-05,0.00011780367,1.7182941e-07,4.457738e-06,0.9989243
pamap2,gnn_flatten_lstm,sequence,3,103,103,104,2599,10586,10586,3,3,4,4,walking,walking,True,9.670315e-06,1.5866462e-05,0.00017596866,0.9989133,2.1073618e-05,1.1086613e-07,0.00020451809,0.00045327202,8.1982376e-05,0.00011982317,1.7437635e-07,4.462738e-06,0.9989133
pamap2,gnn_flatten_lstm,sequence,3,103,103,104,2600,10587,10587,3,3,4,4,walking,walking,True,9.5475125e-06,1.60388e-05,0.000175094,0.9989095,2.120856e-05,1.12763665e-07,0.00020653695,0.000455239,8.277301e-05,0.00011940441,1.7670496e-07,4.4428434e-06,0.9989095
pamap2,gnn_flatten_lstm,sequence,3,103,103,104,2601,10588,10588,3,3,4,4,walking,walking,True,1.0113263e-05,1.6884727e-05,0.00018179558,0.99883753,2.283484e-05,1.2058375e-07,0.00021098997,0.0004995359,8.580973e-05,0.0001295042,1.9061271e-07,4.7338963e-06,0.99883753
pamap2,gnn_flatten_lstm,sequence,3,103,103,104,2602,10589,10589,3,3,4,4,walking,walking,True,9.417614e-06,1.585493e-05,0.00017203564,0.99891007,2.1157242e-05,1.0993129e-07,0.00020435464,0.00046075444,8.112031e-05,0.000120621226,1.7184007e-07,4.3896243e-06,0.99891007
pamap2,gnn_flatten_lstm,sequence,3,103,103,104,2603,10590,10590,3,3,4,4,walking,walking,True,9.096345e-06,1.5565967e-05,0.00017057639,0.9989396,2.0395366e-05,1.0723419e-07,0.00020275854,0.00044174987,8.0805214e-05,0.00011484813,1.6624318e-07,4.246389e-06,0.9989396
pamap2,gnn_flatten_lstm,sequence,3,103,103,104,2604,10591,10591,3,3,4,4,walking,walking,True,9.616302e-06,1.6216953e-05,0.0001810971,0.99889034,2.1242202e-05,1.1234899e-07,0.00020409857,0.00046914793,8.3353574e-05,0.00012009086,1.7734597e-07,4.4672597e-06,0.99889034
pamap2,gnn_flatten_lstm,sequence,3,103,103,104,2605,10592,10592,3,3,4,4,walking,walking,True,1.0530821e-05,1.7598626e-05,0.00019336744,0.998806,2.318172e-05,1.2630683e-07,0.00021393456,0.0005107659,8.894584e-05,0.00013043144,2.020837e-07,4.8868033e-06,0.998806
pamap2,gnn_flatten_lstm,sequence,3,103,103,104,2606,10593,10593,3,3,4,4,walking,walking,True,1.4424106e-05,2.2016591e-05,0.00023240797,0.9983949,3.241542e-05,1.8064728e-07,0.00023965462,0.00076215557,0.00011024066,0.0001845724,3.091977e-07,6.624906e-06,0.9983949
pamap2,gnn_flatten_lstm,sequence,3,103,103,104,2607,10594,10594,3,3,4,4,walking,walking,True,1.43862635e-05,2.1680804e-05,0.00023038645,0.9984219,3.1322408e-05,1.7122832e-07,0.00023705856,0.0007491528,0.00010520795,0.000181932,2.9432903e-07,6.516646e-06,0.9984219
pamap2,gnn_flatten_lstm,sequence,3,103,103,104,2608,10595,10595,3,3,4,4,walking,walking,True,1.2464205e-05,1.9427387e-05,0.00020701806,0.9986292,2.7125589e-05,1.4532772e-07,0.00022517765,0.000621961,9.394628e-05,0.00015752693,2.4225065e-07,5.7012794e-06,0.9986292
pamap2,gnn_flatten_lstm,sequence,3,103,103,104,2609,10596,10596,3,3,4,4,walking,walking,True,1.1402789e-05,1.8086339e-05,0.00019787243,0.9987317,2.4664483e-05,1.3005302e-07,0.00021458311,0.0005647518,8.8865876e-05,0.00014264534,2.1397157e-07,5.1992915e-06,0.9987317
pamap2,gnn_flatten_lstm,sequence,3,103,103,104,2610,10597,10597,3,3,4,4,walking,walking,True,1.1256808e-05,1.7714749e-05,0.00019450214,0.9987509,2.4343104e-05,1.2652507e-07,0.00021165282,0.0005561914,8.6357635e-05,0.00014153855,2.0712456e-07,5.164202e-06,0.9987509
pamap2,gnn_flatten_lstm,sequence,3,103,103,104,2611,10598,10598,3,3,4,4,walking,walking,True,1.0920852e-05,1.7448709e-05,0.0001924638,0.99877864,2.3778608e-05,1.236064e-07,0.00020977994,0.0005396949,8.5302716e-05,0.00013655108,2.0091403e-07,5.0684826e-06,0.99877864
pamap2,gnn_flatten_lstm,sequence,3,103,103,104,2612,10599,10599,3,3,4,4,walking,walking,True,1.0445479e-05,1.6536193e-05,0.00018041038,0.99884963,2.2633658e-05,1.15301695e-07,0.00020743217,0.0004967815,8.079686e-05,0.00013012256,1.8376183e-07,4.858234e-06,0.99884963
pamap2,gnn_flatten_lstm,sequence,3,103,103,104,2613,10600,10600,3,3,4,4,walking,walking,True,1.0185411e-05,1.6035918e-05,0.00017173153,0.9988985,2.2012262e-05,1.1078249e-07,0.00020795316,0.000463556,7.8039724e-05,0.00012690446,1.7316337e-07,4.71936e-06,0.9988985
pamap2,gnn_flatten_lstm,sequence,3,103,103,104,2614,10601,10601,3,3,4,4,walking,walking,True,9.549715e-06,1.5210695e-05,0.00016524372,0.9989466,2.0854319e-05,1.03441245e-07,0.00020145047,0.00044082498,7.566664e-05,0.000120021825,1.6062356e-07,4.435824e-06,0.9989466
pamap2,gnn_flatten_lstm,sequence,3,103,103,104,2615,10602,10602,3,3,4,4,walking,walking,True,9.516714e-06,1.51600825e-05,0.00016767638,0.99894005,2.0761116e-05,1.030369e-07,0.00019847165,0.00044777303,7.589438e-05,0.000120007535,1.6162188e-07,4.413704e-06,0.99894005
pamap2,gnn_flatten_lstm,sequence,3,103,103,104,2616,10603,10603,3,3,4,4,walking,walking,True,9.2002e-06,1.5039947e-05,0.00016552188,0.9989586,2.0448884e-05,1.02680964e-07,0.00019864862,0.00043453858,7.6441975e-05,0.00011703671,1.597698e-07,4.304413e-06,0.9989586
pamap2,gnn_flatten_lstm,sequence,3,103,103,104,2617,10604,10604,3,3,4,4,walking,walking,True,9.121785e-06,1.48327745e-05,0.00016277982,0.99896586,2.041982e-05,1.01535e-07,0.00019865348,0.0004306298,7.634868e-05,0.00011680062,1.5693193e-07,4.2727147e-06,0.99896586
pamap2,gnn_flatten_lstm,sequence,3,103,103,104,2618,10605,10605,3,3,4,4,walking,walking,True,9.8189175e-06,1.5615036e-05,0.00016720223,0.9989027,2.2200045e-05,1.1007693e-07,0.00020543076,0.00046477237,7.9145495e-05,0.00012828353,1.7089224e-07,4.6056075e-06,0.9989027
pamap2,gnn_flatten_lstm,sequence,3,103,103,104,2619,10606,10606,3,3,4,4,walking,walking,True,9.271237e-06,1.4934327e-05,0.00015943871,0.9989579,2.0953094e-05,1.0259965e-07,0.00020101863,0.00043495995,7.572916e-05,0.00012122368,1.5805897e-07,4.3338073e-06,0.9989579
pamap2,gnn_flatten_lstm,sequence,3,103,103,104,2620,10607,10607,3,3,4,4,walking,walking,True,8.886851e-06,1.4396829e-05,0.00015487486,0.9989932,2.0121017e-05,9.781888e-08,0.00019759776,0.0004163692,7.391234e-05,0.00011623709,1.4973116e-07,4.157758e-06,0.9989932
pamap2,gnn_flatten_lstm,sequence,3,103,103,104,2621,10608,10608,3,3,4,4,walking,walking,True,8.748717e-06,1.4176753e-05,0.00015414828,0.99900776,1.9704241e-05,9.523932e-08,0.00019439266,0.00040985137,7.262593e-05,0.00011431232,1.4591286e-07,4.0877126e-06,0.99900776
pamap2,gnn_flatten_lstm,sequence,3,103,103,104,2622,10609,10609,3,3,4,4,walking,walking,True,8.7523285e-06,1.4234965e-05,0.00015473107,0.99901235,1.9563284e-05,9.5002456e-08,0.00019424735,0.00040605414,7.225439e-05,0.00011341287,1.4583173e-07,4.0779933e-06,0.99901235
pamap2,gnn_flatten_lstm,sequence,3,103,103,104,2623,10610,10610,3,3,4,4,walking,walking,True,1.1429672e-05,1.7215581e-05,0.0001818152,0.99876714,2.5398278e-05,1.268121e-07,0.00021549987,0.00054141256,8.557527e-05,0.00014895089,2.0513008e-07,5.2325904e-06,0.99876714
pamap2,gnn_flatten_lstm,sequence,3,103,103,104,2624,10611,10611,3,3,4,4,walking,walking,True,1.0389309e-05,1.6121305e-05,0.00017418218,0.99885345,2.2926612e-05,1.13211186e-07,0.00020412414,0.0004985387,7.986324e-05,0.00013530618,1.8205827e-07,4.7602794e-06,0.99885345
pamap2,gnn_flatten_lstm,sequence,3,103,103,104,2625,10612,10612,3,3,4,4,walking,walking,True,9.787367e-06,1.5484511e-05,0.00016896665,0.99891245,2.149875e-05,1.0567538e-07,0.00019861158,0.00046556033,7.670373e-05,0.00012610093,1.6840674e-07,4.4876415e-06,0.99891245
pamap2,gnn_flatten_lstm,sequence,3,103,103,104,2626,10613,10613,3,3,4,4,walking,walking,True,9.45408e-06,1.502506e-05,0.00016528928,0.99894387,2.0775613e-05,1.0126702e-07,0.00019510268,0.0004493485,7.4879455e-05,0.0001218108,1.602932e-07,4.339015e-06,0.99894387
pamap2,gnn_flatten_lstm,sequence,3,103,103,104,2627,10614,10614,3,3,4,4,walking,walking,True,8.9586065e-06,1.4493904e-05,0.00015963204,0.99899,1.97888e-05,9.643878e-08,0.00019225721,0.00042215647,7.293156e-05,0.00011534502,1.5050449e-07,4.1304e-06,0.99899
pamap2,gnn_flatten_lstm,sequence,3,103,103,104,2628,10615,10615,3,3,4,4,walking,walking,True,8.665774e-06,1.4154213e-05,0.0001571455,0.999015,1.9187413e-05,9.342659e-08,0.00018986143,0.00040872104,7.207983e-05,0.00011090298,1.4478736e-07,4.0167106e-06,0.999015
pamap2,gnn_flatten_lstm,sequence,3,103,103,104,2629,10616,10616,3,3,4,4,walking,walking,True,8.75726e-06,1.4191164e-05,0.00015837525,0.99900717,1.9349613e-05,9.396914e-08,0.00018985738,0.00041354966,7.224623e-05,0.000112135676,1.4593628e-07,4.063038e-06,0.99900717
pamap2,gnn_flatten_lstm,sequence,3,103,103,104,2630,10617,10617,3,3,4,4,walking,walking,True,8.99575e-06,1.4621148e-05,0.00016138045,0.9989856,1.98984e-05,9.824968e-08,0.00019423955,0.00042206806,7.409669e-05,0.00011470052,1.5275324e-07,4.179014e-06,0.9989856
pamap2,gnn_flatten_lstm,sequence,3,103,103,104,2631,10618,10618,3,3,4,4,walking,walking,True,9.453992e-06,1.5216721e-05,0.0001692281,0.99893934,2.0715514e-05,1.0380436e-07,0.0001976084,0.00044722194,7.729532e-05,0.00011919773,1.6316801e-07,4.3694126e-06,0.99893934
pamap2,gnn_flatten_lstm,sequence,3,103,103,104,2632,10619,10619,3,3,4,4,walking,walking,True,9.848283e-06,1.5674286e-05,0.00017480589,0.99889344,2.1585676e-05,1.0802676e-07,0.00019840941,0.00047746586,7.857313e-05,0.00012529503,1.7232789e-07,4.5604947e-06,0.99889344
pamap2,gnn_flatten_lstm,sequence,3,103,103,104,2633,10620,10620,3,3,4,4,walking,walking,True,9.4806555e-06,1.5412621e-05,0.00017123795,0.99892515,2.099876e-05,1.0516901e-07,0.00019716399,0.00045749193,7.748685e-05,0.00012081715,1.6621794e-07,4.427213e-06,0.99892515
pamap2,gnn_flatten_lstm,sequence,3,103,103,104,2634,10621,10621,3,3,4,4,walking,walking,True,1.00432035e-05,1.6065442e-05,0.00017923192,0.99887735,2.18928e-05,1.1036636e-07,0.00019999476,0.0004840132,7.99958e-05,0.00012645802,1.7682503e-07,4.6393643e-06,0.99887735
pamap2,gnn_flatten_lstm,sequence,3,103,103,104,2635,10622,10622,3,3,4,4,walking,walking,True,9.7869515e-06,1.5721256e-05,0.00017620806,0.9989015,2.1329362e-05,1.0702516e-07,0.00019697064,0.0004719381,7.8176345e-05,0.00012360774,1.7103095e-07,4.525313e-06,0.9989015
pamap2,gnn_flatten_lstm,sequence,3,103,103,104,2636,10623,10623,3,3,4,4,walking,walking,True,9.700013e-06,1.5705822e-05,0.0001758597,0.998909,2.1183425e-05,1.0624535e-07,0.00019658066,0.0004673608,7.764885e-05,0.0001220505,1.69458e-07,4.507064e-06,0.998909
pamap2,gnn_flatten_lstm,sequence,3,103,103,104,2637,10624,10624,3,3,4,4,walking,walking,True,9.067434e-06,1.4782494e-05,0.0001645312,0.9989759,2.0016132e-05,9.8405515e-08,0.00019267554,0.00042963855,7.389428e-05,0.000114872564,1.5383547e-07,4.245345e-06,0.9989759
pamap2,gnn_flatten_lstm,sequence,3,103,103,104,2638,10625,10625,3,3,4,4,walking,walking,True,8.753836e-06,1.4338672e-05,0.00015870517,0.9990119,1.9375226e-05,9.467355e-08,0.00019170337,0.00040785497,7.214645e-05,0.00011081668,1.4603876e-07,4.1067115e-06,0.9990119
pamap2,gnn_flatten_lstm,sequence,3,103,103,104,2639,10626,10626,3,3,4,4,walking,walking,True,8.782463e-06,1.4340458e-05,0.00015813252,0.99901056,1.9519564e-05,9.558773e-08,0.00019385613,0.000406793,7.263639e-05,0.00011101815,1.4686329e-07,4.1431335e-06,0.99901056
pamap2,gnn_flatten_lstm,sequence,3,103,103,104,2640,10627,10627,3,3,4,4,walking,walking,True,9.064929e-06,1.463588e-05,0.00016200096,0.9989818,2.0125162e-05,9.908507e-08,0.00019647689,0.00042229152,7.43867e-05,0.00011465786,1.5303978e-07,4.2744864e-06,0.9989818
pamap2,gnn_flatten_lstm,sequence,3,103,103,104,2641,10628,10628,3,3,4,4,walking,walking,True,9.091158e-06,1.4730633e-05,0.00015992628,0.9989843,2.0313952e-05,1.0058177e-07,0.00019997134,0.00041668667,7.482252e-05,0.00011552403,1.542693e-07,4.2868583e-06,0.9989843
pamap2,gnn_flatten_lstm,sequence,3,103,103,104,2642,10629,10629,3,3,4,4,walking,walking,True,8.8046645e-06,1.4327873e-05,0.00015582045,0.9990062,1.9840654e-05,9.722009e-08,0.00019795117,0.00040634646,7.381596e-05,0.000112576934,1.4814994e-07,4.166048e-06,0.9990062
pamap2,gnn_flatten_lstm,sequence,3,103,103,104,2643,10630,10630,3,3,4,4,walking,walking,True,8.897364e-06,1.4397568e-05,0.00015720367,0.998992,2.009702e-05,9.80184e-08,0.00019730584,0.0004165377,7.425521e-05,0.00011488221,1.4998668e-07,4.203595e-06,0.998992
pamap2,gnn_flatten_lstm,sequence,3,103,103,104,2644,10631,10631,3,3,4,4,walking,walking,True,8.47322e-06,1.3951404e-05,0.00015177803,0.9990338,1.9130457e-05,9.332986e-08,0.00019465096,0.00039265826,7.221543e-05,0.00010904474,1.4183357e-07,3.992839e-06,0.9990338
pamap2,gnn_flatten_lstm,sequence,3,103,103,104,2645,10632,10632,3,3,4,4,walking,walking,True,8.177309e-06,1.3587948e-05,0.00014944728,0.9990583,1.8443357e-05,8.9569205e-08,0.00019046577,0.00038165262,7.070816e-05,0.00010518449,1.3603429e-07,3.85257e-06,0.9990583
pamap2,gnn_flatten_lstm,sequence,3,103,103,104,2646,10633,10633,3,3,4,4,walking,walking,True,8.194149e-06,1.3554661e-05,0.00015016447,0.99905556,1.8440194e-05,8.937255e-08,0.00018928535,0.00038427828,7.0636466e-05,0.00010577126,1.3615268e-07,3.845277e-06,0.99905556
pamap2,gnn_flatten_lstm,sequence,3,103,103,104,2647,10634,10634,3,3,4,4,walking,walking,True,8.258719e-06,1.3687947e-05,0.00015134086,0.9990503,1.8554796e-05,9.0376595e-08,0.00018993298,0.00038659805,7.1056274e-05,0.00010628883,1.3804264e-07,3.8661938e-06,0.9990503
pamap2,gnn_flatten_lstm,sequence,3,103,103,104,2648,10635,10635,3,3,4,4,walking,walking,True,8.505396e-06,1.3924214e-05,0.0001545905,0.99902844,1.8964545e-05,9.247104e-08,0.00019101688,0.0003990397,7.216802e-05,0.000109121356,1.4208541e-07,3.9628603e-06,0.99902844
pamap2,gnn_flatten_lstm,sequence,3,103,103,104,2649,10636,10636,3,3,4,4,walking,walking,True,9.337692e-06,1.4938205e-05,0.0001631696,0.99895334,2.0789765e-05,1.02657125e-07,0.00019844573,0.00043858308,7.6177035e-05,0.00012065176,1.5990918e-07,4.328975e-06,0.99895334
pamap2,gnn_flatten_lstm,sequence,3,103,103,104,2650,10637,10637,3,3,4,4,walking,walking,True,9.932614e-06,1.5609754e-05,0.00016667816,0.99890184,2.2222843e-05,1.0957305e-07,0.0002044327,0.00046620853,7.8765785e-05,0.00012945403,1.716742e-07,4.5897928e-06,0.99890184
pamap2,gnn_flatten_lstm,sequence,3,103,103,104,2651,10638,10638,3,3,4,4,walking,walking,True,9.24551e-06,1.4822633e-05,0.00015827222,0.99896765,2.0766283e-05,1.013591e-07,0.00020004185,0.00042930816,7.496341e-05,0.00012033633,1.5618194e-07,4.3074247e-06,0.99896765
pamap2,gnn_flatten_lstm,sequence,3,103,103,104,2652,10639,10639,3,3,4,4,walking,walking,True,8.735431e-06,1.4215004e-05,0.00015358486,0.9990138,1.958995e-05,9.516437e-08,0.00019521554,0.00040494642,7.247436e-05,0.000113279544,1.4551908e-07,4.071296e-06,0.9990138
pamap2,gnn_flatten_lstm,sequence,3,103,103,104,2653,10640,10640,3,3,4,4,walking,walking,True,9.085033e-06,1.4565563e-05,0.00015620765,0.99898845,2.0319772e-05,9.901677e-08,0.00019976519,0.00041601455,7.404004e-05,0.000117074596,1.5141008e-07,4.2434435e-06,0.99898845
pamap2,gnn_flatten_lstm,sequence,3,103,103,104,2654,10641,10641,3,3,4,4,walking,walking,True,1.13261085e-05,1.70172e-05,0.00017631307,0.99879164,2.528097e-05,1.2528757e-07,0.00021821499,0.0005220532,8.441605e-05,0.00014814686,1.9799121e-07,5.211931e-06,0.99879164
pamap2,gnn_flatten_lstm,sequence,3,103,103,104,2655,10642,10642,3,3,4,4,walking,walking,True,1.0493531e-05,1.6292923e-05,0.00017079487,0.9988587,2.3272347e-05,1.15553846e-07,0.00021026368,0.00048797007,8.033927e-05,0.00013682665,1.8279377e-07,4.818517e-06,0.9988587
pamap2,gnn_flatten_lstm,sequence,3,103,103,104,2656,10643,10643,3,3,4,4,walking,walking,True,9.835207e-06,1.5485602e-05,0.00016547271,0.99891615,2.1744745e-05,1.068236e-07,0.0002033855,0.00045866973,7.725424e-05,0.0001271776,1.6775942e-07,4.520699e-06,0.99891615
pamap2,gnn_flatten_lstm,sequence,3,103,103,104,2657,10644,10644,3,3,4,4,walking,walking,True,1.1242927e-05,1.7231141e-05,0.0001811337,0.9987902,2.4668516e-05,1.2360992e-07,0.00021446844,0.000526295,8.388954e-05,0.00014552863,1.9791108e-07,5.1174075e-06,0.9987902
pamap2,gnn_flatten_lstm,sequence,3,103,103,104,2658,10645,10645,3,3,4,4,walking,walking,True,1.11678755e-05,1.728692e-05,0.00017984427,0.9987948,2.4600358e-05,1.237288e-07,0.0002149906,0.0005232027,8.348649e-05,0.00014524811,1.9778918e-07,5.0864664e-06,0.9987948
pamap2,gnn_flatten_lstm,sequence,3,103,103,104,2659,10646,10646,3,3,4,4,walking,walking,True,1.0822264e-05,1.6803915e-05,0.00017834452,0.9988225,2.3639983e-05,1.1851816e-07,0.00021005643,0.00051081117,8.2204235e-05,0.00013960293,1.8981532e-07,4.905543e-06,0.9988225
pamap2,gnn_flatten_lstm,sequence,3,103,103,104,2660,10647,10647,3,3,4,4,walking,walking,True,9.903105e-06,1.5692263e-05,0.0001707682,0.99890184,2.1656562e-05,1.0705746e-07,0.00019972882,0.0004706409,7.7342636e-05,0.00012766306,1.6991105e-07,4.527132e-06,0.99890184
pamap2,gnn_flatten_lstm,sequence,3,103,103,104,2661,10648,10648,3,3,4,4,walking,walking,True,9.710922e-06,1.5427997e-05,0.00016918915,0.99892277,2.1172124e-05,1.04079795e-07,0.00019714978,0.0004599297,7.582535e-05,0.00012415751,1.6486759e-07,4.4508665e-06,0.99892277
pamap2,gnn_flatten_lstm,sequence,3,103,103,104,2662,10649,10649,3,3,4,4,walking,walking,True,9.755186e-06,1.5419973e-05,0.00016993456,0.99892336,2.1101041e-05,1.040743e-07,0.00019722589,0.0004586182,7.612646e-05,0.00012374917,1.6479522e-07,4.4468266e-06,0.99892336
pamap2,gnn_flatten_lstm,sequence,3,103,103,104,2663,10650,10650,3,3,4,4,walking,walking,True,1.0012261e-05,1.5816027e-05,0.00016983281,0.9989034,2.1917478e-05,1.0928081e-07,0.00020441684,0.000464043,7.783697e-05,0.00012774864,1.7126011e-07,4.6052683e-06,0.9989034
pamap2,gnn_flatten_lstm,sequence,3,103,103,104,2664,10651,10651,3,3,4,4,walking,walking,True,9.458959e-06,1.524555e-05,0.00016406071,0.99894565,2.1059554e-05,1.0502943e-07,0.00020336706,0.00043911496,7.706057e-05,0.000120462966,1.6223896e-07,4.4166977e-06,0.99894565
pamap2,gnn_flatten_lstm,sequence,3,103,103,104,2665,10652,10652,3,3,4,4,walking,walking,True,8.921605e-06,1.4550953e-05,0.00015984746,0.998992,1.9772995e-05,9.712048e-08,0.00019501479,0.00041825915,7.364531e-05,0.00011362048,1.497897e-07,4.1730345e-06,0.998992
pamap2,gnn_flatten_lstm,sequence,3,103,103,104,2666,10653,10653,3,3,4,4,walking,walking,True,8.629904e-06,1.4190445e-05,0.0001548439,0.9990289,1.9084771e-05,9.342325e-08,0.00019353515,0.00039551186,7.1622286e-05,0.000109363944,1.4249503e-07,4.0298423e-06,0.9990289
pamap2,gnn_flatten_lstm,sequence,3,103,103,104,2667,10654,10654,3,3,4,4,walking,walking,True,8.149459e-06,1.3679936e-05,0.00015074883,0.99906856,1.8145834e-05,8.9011685e-08,0.0001902241,0.00037341897,7.030122e-05,0.00010277256,1.345184e-07,3.831256e-06,0.99906856
pamap2,gnn_flatten_lstm,sequence,3,103,103,104,2668,10655,10655,3,3,4,4,walking,walking,True,8.058709e-06,1.3513466e-05,0.00015175706,0.9990683,1.7959617e-05,8.760192e-08,0.00018711551,0.00037718788,6.9959104e-05,0.00010218761,1.3313426e-07,3.7983018e-06,0.9990683
pamap2,gnn_flatten_lstm,sequence,3,103,103,104,2669,10656,10656,3,3,4,4,walking,walking,True,8.1699e-06,1.3666097e-05,0.00015236471,0.99905974,1.8252638e-05,8.918322e-08,0.0001887711,0.00038086236,7.0432056e-05,0.000103709164,1.3587034e-07,3.8529465e-06,0.99905974
pamap2,gnn_flatten_lstm,sequence,3,103,103,104,2670,10657,10657,3,3,4,4,walking,walking,True,8.224277e-06,1.3612297e-05,0.00015211075,0.9990558,1.8372002e-05,8.936933e-08,0.00018878709,0.00038356218,7.079368e-05,0.00010469394,1.3618217e-07,3.862427e-06,0.9990558
pamap2,gnn_flatten_lstm,sequence,3,103,103,104,2671,10658,10658,3,3,4,4,walking,walking,True,8.568078e-06,1.4044672e-05,0.00015810432,0.99902,1.899608e-05,9.299575e-08,0.00018976227,0.00040463507,7.25024e-05,0.00010908453,1.4360519e-07,3.9990987e-06,0.99902
pamap2,gnn_flatten_lstm,sequence,3,103,103,104,2672,10659,10659,3,3,4,4,walking,walking,True,8.71648e-06,1.4251924e-05,0.00015627878,0.9990175,1.9423545e-05,9.552861e-08,0.00019444518,0.00040081228,7.278056e-05,0.00011137301,1.4635424e-07,4.0783216e-06,0.9990175
pamap2,gnn_flatten_lstm,sequence,3,103,103,104,2673,10660,10660,3,3,4,4,walking,walking,True,8.773637e-06,1.4248816e-05,0.00015538908,0.999014,1.9682599e-05,9.657584e-08,0.00019653741,0.00040108906,7.3279254e-05,0.000112461275,1.471964e-07,4.121253e-06,0.999014
pamap2,gnn_flatten_lstm,sequence,3,103,103,104,2674,10661,10661,3,3,4,4,walking,walking,True,9.314933e-06,1.4814525e-05,0.00015934302,0.9989593,2.1169364e-05,1.03287405e-07,0.00020156777,0.00043202887,7.6113945e-05,0.0001217025,1.5834283e-07,4.378079e-06,0.9989593
pamap2,gnn_flatten_lstm,sequence,3,103,103,104,2675,10662,10662,3,3,4,4,walking,walking,True,9.570307e-06,1.5115465e-05,0.0001611557,0.9989318,2.1807971e-05,1.05765956e-07,0.00020281305,0.00044994522,7.696719e-05,0.00012602932,1.6358214e-07,4.490075e-06,0.9989318
pamap2,gnn_flatten_lstm,sequence,3,103,103,104,2676,10663,10663,3,3,4,4,walking,walking,True,8.910723e-06,1.43017905e-05,0.00015596322,0.99899036,2.0125795e-05,9.6142934e-08,0.00019353544,0.00042301745,7.274362e-05,0.00011657302,1.4884137e-07,4.182295e-06,0.99899036
pamap2,gnn_flatten_lstm,sequence,3,103,103,104,2677,10664,10664,3,3,4,4,walking,walking,True,8.596669e-06,1.3924487e-05,0.00015312416,0.9990213,1.932138e-05,9.218315e-08,0.00019037662,0.00040605178,7.1051356e-05,0.000111913345,1.4204973e-07,4.0257555e-06,0.9990213
pamap2,gnn_flatten_lstm,sequence,3,103,103,104,2678,10665,10665,3,3,4,4,walking,walking,True,9.019386e-06,1.4427597e-05,0.0001605585,0.9989862,1.9852276e-05,9.562844e-08,0.00019152263,0.00042569375,7.285426e-05,0.000115396084,1.4940277e-07,4.179255e-06,0.9989862
pamap2,gnn_flatten_lstm,sequence,3,103,103,104,2679,10666,10666,3,3,4,4,walking,walking,True,1.0183723e-05,1.5663567e-05,0.00017176106,0.9988883,2.2220253e-05,1.0797306e-07,0.00019957949,0.0004790735,7.772267e-05,0.00013053241,1.7219378e-07,4.6575997e-06,0.9988883
pamap2,gnn_flatten_lstm,sequence,3,103,103,104,2680,10667,10667,3,3,4,4,walking,walking,True,1.0680306e-05,1.6485335e-05,0.00017912088,0.9988412,2.31615e-05,1.1542284e-07,0.00020419776,0.00050337263,8.070722e-05,0.0001358767,1.8623905e-07,4.8590177e-06,0.9988412
pamap2,gnn_flatten_lstm,sequence,3,103,103,104,2681,10668,10668,3,3,4,4,walking,walking,True,1.0305918e-05,1.6197057e-05,0.00017867902,0.9988673,2.2251845e-05,1.11398144e-07,0.00020010606,0.0004903822,7.9662685e-05,0.0001302321,1.795441e-07,4.6784426e-06,0.9988673
pamap2,gnn_flatten_lstm,sequence,3,103,103,104,2682,10669,10669,3,3,4,4,walking,walking,True,1.0684799e-05,1.6789027e-05,0.00018693066,0.9988269,2.2894477e-05,1.15430446e-07,0.00020075514,0.0005141427,8.123348e-05,0.00013448569,1.8814941e-07,4.8332613e-06,0.9988269
pamap2,gnn_flatten_lstm,sequence,3,103,103,104,2683,10670,10670,3,3,4,4,walking,walking,True,1.12908965e-05,1.7873987e-05,0.0001979224,0.9987668,2.4109171e-05,1.2471735e-07,0.0002074292,0.0005440341,8.51166e-05,0.00014013803,2.0448292e-07,5.1061234e-06,0.9987668
pamap2,gnn_flatten_lstm,sequence,3,103,103,104,2684,10671,10671,3,3,4,4,walking,walking,True,1.0206284e-05,1.6445762e-05,0.00018412083,0.998862,2.2128777e-05,1.1307123e-07,0.0002006085,0.0004911741,8.107605e-05,0.00012728696,1.8112468e-07,4.684901e-06,0.998862
pamap2,gnn_flatten_lstm,sequence,3,103,103,104,2685,10672,10672,3,3,4,4,walking,walking,True,9.753701e-06,1.6026417e-05,0.0001792531,0.9988991,2.1407972e-05,1.1010656e-07,0.00020044862,0.00046747967,8.017314e-05,0.00012154809,1.7350035e-07,4.5434513e-06,0.9988991
pamap2,gnn_flatten_lstm,sequence,3,103,103,104,2686,10673,10673,3,3,4,4,walking,walking,True,9.876677e-06,1.6468219e-05,0.0001851078,0.99887806,2.1761156e-05,1.1369318e-07,0.0002039307,0.00047569847,8.2507424e-05,0.00012170582,1.7875297e-07,4.6428727e-06,0.99887806
pamap2,gnn_flatten_lstm,sequence,3,103,103,104,2687,10674,10674,3,3,4,4,walking,walking,True,1.0981542e-05,1.7894497e-05,0.00020253034,0.99877304,2.3873225e-05,1.2646586e-07,0.00021114202,0.0005331292,8.810308e-05,0.0001338331,2.0363514e-07,5.1327647e-06,0.99877304
pamap2,gnn_flatten_lstm,sequence,3,103,103,104,2688,10675,10675,3,3,4,4,walking,walking,True,1.2383023e-05,2.1182297e-05,0.00023145643,0.9985978,2.7573284e-05,1.6110033e-07,0.00023537662,0.0006159247,0.000104112696,0.00014794814,2.6241045e-07,5.883043e-06,0.9985978
pamap2,gnn_flatten_lstm,sequence,3,103,103,104,2689,10676,10676,3,3,4,4,walking,walking,True,1.5833579e-05,2.8687455e-05,0.00030646386,0.9981358,3.6533776e-05,2.4476864e-07,0.00027540833,0.0008682182,0.00014365288,0.00018105266,4.0658037e-07,7.648824e-06,0.9981358
pamap2,gnn_flatten_lstm,sequence,3,103,103,104,2690,10677,10677,3,3,4,4,walking,walking,True,1.5722742e-05,3.078522e-05,0.00032878682,0.9980769,3.6950507e-05,2.690951e-07,0.00028756305,0.00088089256,0.00015904946,0.00017486534,4.36777e-07,7.732228e-06,0.9980769
pamap2,gnn_flatten_lstm,sequence,3,103,103,104,2691,10678,10678,3,3,4,4,walking,walking,True,1.7160768e-05,3.5845504e-05,0.0003827913,0.9978465,4.0499373e-05,3.327707e-07,0.00031427614,0.0009817623,0.00019391798,0.00017801364,5.2589075e-07,8.4806825e-06,0.9978465
pamap2,gnn_flatten_lstm,sequence,3,103,103,104,2692,10679,10679,3,3,4,4,walking,walking,True,2.1900449e-05,4.764812e-05,0.0005096933,0.99725765,5.0545008e-05,4.9690243e-07,0.00038355615,0.001236805,0.000270931,0.00020930792,7.86185e-07,1.0636165e-05,0.99725765
pamap2,gnn_flatten_lstm,sequence,3,103,103,104,2693,10680,10680,3,3,4,4,walking,walking,True,2.8004895e-05,5.9783037e-05,0.00066484703,0.99632,6.5072854e-05,7.5074666e-07,0.00045546648,0.0017434448,0.00039311903,0.00025495718,1.2117171e-06,1.3431284e-05,0.99632
pamap2,gnn_flatten_lstm,sequence,3,103,103,104,2694,10681,10681,3,3,4,4,walking,walking,True,5.5521967e-05,0.00011718933,0.0013518279,0.9920249,0.00013239686,2.2642473e-06,0.00068421185,0.004249353,0.0008874551,0.00046353482,3.6108527e-06,2.7613421e-05,0.9920249
pamap2,gnn_flatten_lstm,sequence,3,103,103,104,2695,10682,10682,3,3,4,4,walking,walking,True,0.00037496045,0.0008220474,0.0073779337,0.9258823,0.0009948359,4.5100835e-05,0.0021567796,0.05177936,0.007830548,0.0024752738,6.865614e-05,0.00019225842,0.9258823
pamap2,gnn_flatten_lstm,sequence,3,103,103,104,2696,10683,10683,3,7,4,12,walking,ascending_stairs,False,0.0019853532,0.005047402,0.019213334,0.23789759,0.008398005,0.0013456548,0.0043900413,0.6402397,0.07090085,0.00787702,0.0012207371,0.0014843554,0.6402397
pamap2,gnn_flatten_lstm,sequence,3,103,103,104,2697,10684,10684,3,7,4,12,walking,ascending_stairs,False,0.005108655,0.016768735,0.024418864,0.061742734,0.026401086,0.014209615,0.012538236,0.6388228,0.17662048,0.009909938,0.004066646,0.009392098,0.6388228
pamap2,gnn_flatten_lstm,sequence,3,103,103,104,2698,10685,10685,3,7,4,12,walking,ascending_stairs,False,0.010708382,0.03172017,0.043459997,0.09973306,0.06544407,0.039389897,0.03674481,0.38189307,0.23062664,0.017728245,0.008372408,0.03417928,0.38189307
